{
    "tags": [],
    "chapcount": "1",
    "wordcount": "10.399",
    "chapters": {
        "1": {
            "text": "DISCLAIMER:Dies ist der zweite Teil eines Oneshot der einen Fokus auf die Charaktere Pax und Okult ausDie Chroniken der St\u00e4mme legt und von ihre gemeinsame Vergangenheit \u0001 \u0002 Text wurde von zwei Autoren geschrieben, und beschreibt das Geschehen abwechselnd aus den Augenpaaren der Protagonisten. Unten findet sich der Anhang zum ersten Teil und meiner Mitaurotin Lumina Pax.-------------------------------------------------------------------------------------------------------------------------------------------------------------------\u201eDu redest von diesen kleinen Lichtkugeln? Die f\u00fchle ich Nichtmal an mir zehren\u201e demonstrativ hob sie die Hand und lies eine weitere Sph\u00e4re sich zu den anderen gesellen, w\u00e4hrend sie vorsichtig versuchte ein freundliches L\u00e4cheln \u00fcber ihre Z\u00fcge springen zu lassen. Jedoch folgte kaum einen Augenblick darauf ein absacken des Lichts, der ihr Gesicht gleichlang einfrieren lie\u00df. \u201eWir k\u00f6nnen beide in der Dunkelheit seh-n\u201c, legte er ihr tiefer sein Herz dar. Der Junge kam vorsichtig noch n\u00e4her, steckte den Kohlestift weg und hob schlie\u00dflich die kleinen zierlichen bleichen Finger: \u201eIch bew-weis es, halt deine Hand hin.\u201cVorsichtig erloschen die Sph\u00e4ren, woraufdie Finsternis sie holte und pl\u00f6tzlich \u00fcber all lag und den Gang verschlang. Die Dunkelheit hatte jegliches Bild von der physischen Welt in pechschwarze Tinte getaucht. Trotzdem sah er die in Montur gekleidete direkt vor sich, oder wohl eher ihr Licht, ihre W\u00e4rme, ihren Herzschlag, ihre erahnbare von Leben gef\u00fcllte Hand, die sie in der falschen Nacht erhoben hatte. Ihr strahlen wirkte verzaubernd, vor allem jetzt wo es nicht von dem Fleisch \u00fcberlappt wurde. So rein und klar. Ganz sanft lenkte er seine kleinen Finger in ihre und f\u00fchlte ihre Reaktion auf diese, durch seinen ganzen K\u00f6rper schie\u00dfen. \u201eManchmal, muss man sich in die Dunkelheit begeben, um die Sterne in ihrer vollen Pracht zu erkennen\u201e, fl\u00fcsterte er zu sich selbst und stellte sich mit all seiner Kraft aufrecht auf, um dann vorsichtig die ersten Schritte im finsteren weiter voran zu machen, sie hinter sich herf\u00fchrend. Dabei achtete er konzentriert auf die Str\u00f6mungen des Naus, die sich durch den Stein und die Luft schl\u00e4ngelten, wie ein Rubbelbild diese zwei Elemente unterschiedlich ausmalten und ihm den Weg erkenntlich machten. Entschlossen versuchte er seine Schritte m\u00f6glichst sicher auf dem Grund zu setzen, ihr zu zeigen, dass er auch so gut vorankam. Mit gespielter Gelassenheit wanderte er voran, sie f\u00fchrend \u00fcber die unebene Fl\u00e4che. Einfach immer weiter nicht erschrecken lassen. Pl\u00f6tzlich traf seine Sohle auf Nichts. Er hatte die H\u00f6he des n\u00e4chsten Abschnitts verkalkuliert, und seinen Fu\u00df falsch hinab gesetzt, nun stolperte er mit der Nase dem Gestein entgegen. Er fiel, doch er wurde oben gehalten. Pax lie\u00df ihn nicht st\u00fcrzen. Erstart schaute er an die Stelle, wo ihre blauen Augen sein sollten. Schaute was sie wohl als N\u00e4chstes tun w\u00fcrde, doch sie schien nur zur\u00fcckzustarren, zu warten, auf ihn. Mit einem etwas w\u00e4rmeren Herzen verst\u00e4rkte er den Griff um ihre Hand, richtete sich auf, und setzte nach einem weiteren Blick zur\u00fcck den Weg mit ihr durch den Gang \u0001 \u0002 wenn sie ihn st\u00e4ndig sch\u00fctzte, w\u00fcrde er alles geben, um auch f\u00fcr sie dar zu \u0001 \u0002 Untergrundareal wollt einfach kein Ende nehmen und einen Ausgang bereithalten. Dabei verzweigte es sich nur umso mehr. Zahlreiche Wege wagten sie sich entlang, ihre Zeichen zur\u00fccklassend. Meistens beschritten sie jene die einen anstieg vermuten lie\u00dfen, doch an einigen Stellen waren sie gezwungen einige G\u00e4nge zur\u00fcck in die Tiefe zu nehmen. Hoffentlich rafften sich die Reptilien nicht zu einem erneuten Angriff zusammen. Pax warf gerade einige argw\u00f6hnische Blicke auf die Tiere, als Okult ihre Finger kurz dr\u00fcckte und dann mit einem Nicken nach vorne wies. Auch sie erblickte durch die Finsternis die Kreatur die sich ihnen entgegen schleppte. Doch statt panischer Angst f\u00fcllte sie nur Unglauben und entsetzen, denn was ihnen da durch den Korridor aus Fels auf sie zu robbte, war eines der Geweihtr\u00e4ger die oft in kleinen Herden durch die W\u00e4lder des Stammeslandes streiften. Schon bald war das Tier nah genug, als dass das Blut zu erkennen war, welches aus zahlreichen klaffenden Wunden floss und das sonst braune gl\u00e4nzende Fell des Wesens in einen blutiges verfilztes Gewand verwandelte. Nur mit seinen zwei Vorderhufen schleifte sich das Tier, die braunen Augen vor versteinerndem Schreck weit aufgerissen, voran. Die Beine die kaum mehr waren als blutbefleckte, von einigen wenigen Fetzten und Muskelstr\u00e4ngen zusammengehaltene Knochen, hinter sich herziehend. Ein leises Atmen, das mehr wie ein erstickter Schmerzensruf klang, drang an die Ohren der beiden, zudem sich schnell ein schwer merkbares rei\u00dfendes Ger\u00e4usch gesellte. Pax erblickte nun die Schlangen, die sich ins r\u00fcckw\u00e4rtige Fleisch des Geweihtr\u00e4gers gebissen hatten, an ihm hingen und zerrten, w\u00e4hrend sie sich wanden, im Versuchen ihren \u00fcbergro\u00dfen Bissen herauszurei\u00dfen. Der Huftr\u00e4ger schien sich nicht weiter wehren zu k\u00f6nnen, keine Kraft zu haben irgendwelche gr\u00f6\u00dferen Geb\u00e4rden der Pein von sich zu geben. Selbst als eine weitere Schlange sich von den Steinen am Rande l\u00f6ste und sich blitzschnell in eine offene Wunde bohrte, regte sich das Tier nicht zus\u00e4tzlich vor Qual. Es robbte einfach weiter voran, mit den toten Augen einfach durch sie hindurch \u0001 \u0002 lie\u00df Okults hand los, schoss vor und gab dem Tier mit einem Schwung ihres Naginatas den Gnadensto\u00df, ehe sie weitere Hiebe auf die Schlangen niederlie\u00df. Einige wenige kluge oder genug ges\u00e4ttigte Schuppengekleidete, verzogen sich rechtzeitig zwischen die Felsen, ehe die Blau\u00e4ugige auch ihnen den Kopf abtrennen konnte. Dann schaute die K\u00e4mpferin nieder auf das zu Boden gesunkene \u0001 \u0002 drehte das Gesicht des Tieres zur Wand, schob den gesamten Sch\u00e4del in den noch der seelenlose Ausdruck gebrannt war weg. Wie viel der Junge wohl genau im Gegensatz zu ihr sehen konnte? Hoffentlich hatte er diese leeren Iren erblicken m\u00fcssen. Das Kind n\u00e4hert sich vorsichtig den Untergrund vor sich stets \u00fcberpr\u00fcfend, doch es schien nicht sonderlich durch das Geschehene erschreckt zu sein. Stattdessen setzte er sich neben Pax und begann die Z\u00e4hne der abgeschlagenen Schlangenk\u00f6pfe zu untersuchen. \u201eDie sind nicht giftig\u201c, merkte Pax an, als Okult zum n\u00e4chsten Kopf griff. \u201eSicher? Diese scheinen n\u00e4mlich nicht alle zu derselben Art zu geh\u00f6ren\u201c Pax lie\u00df ihre Schwertlanze durch die Luft und begann den Geweihtr\u00e4ger vorsichtig zu zerlegen. Alles Fleisch das nur Ansatzweise von Zahnmustern in der N\u00e4he gepr\u00e4gt war, musste gehen, gemeinsam mit dem was vom schmutzigen Fell noch \u00fcbrig war. Ihr wurde das Herz schwer, so viel Nahrung musste gehen. Doch besser als ihr Leben. Gemeinsam konservierten sie so viel des Guts, wie sie konnten und bef\u00fcllten ihre Taschen. Der kleine blickte dabei immer wieder \u00e4ngstlich zur\u00fcck und vor, die beiden Richtungen des Ganges im Auge behaltend. Die Gefahr hinter ihnen untersuchend... genau wie die, welche wahrscheinlich vor ihnen lag. Immer wenn sich ihnen einer der Kreaturen n\u00e4herte, die bereits anwesend waren, stie\u00df sie ihr Naginata angespannt in die Richtung, meistens einen Treffer landend, doch selten tropfte Blut. Als sie schlie\u00dflich daf\u00fcr gesorgt hatten, dass sie die n\u00e4chsten Tage nicht unbedingt rohes Schlangenfleisch verzehren mussten, standen sie auf und wanden sich dem Weg ins Unbekannte zu. Die Schleifspur des Warmbl\u00fcters war immer noch im Staub zu erahnen. Sie atmete ein und vergewisserte sich, wie es dem Kind ging. Er stand direkt neben ihr, einen h\u00f6flichen Abstand wahrend. Zitternd, sich in der Aura aus Respekt versteckend, die sie sich gegen\u00fcber den Schlangen aufgebaut hatte. Offensichtlich sich sehr gewahr der Reptilien, doch halbblind den Boden unter ihm wahrnehmend. \u201eSoll ich dich wieder St\u00fctzten?\u201c, fragte sie Vorsicht und streckte ihm die Hand hin. Augenblicklich verlief sein Blick wieder gegen die Wand. Irgendetwas schien er Still zu grummeln, ehe er langsam seinen gesunden Arm hob und seine kleine zierliche Hand in ihre legte. Kaum war sie vom dem Fleisch-, Geweih-, Fellhaufen weggetreten, fielen die d\u00fcnnen Biester \u00fcber die \u00dcberreste des Lebewesens her und w\u00fcrden nicht aufh\u00f6ren, bis nichts mehr \u00dcbrig \u0001 \u0002 eine geraume Weile bevor sich der nat\u00fcrliche Korridor zu einer gro\u00dfen H\u00f6hle \u00f6ffnete, wusste Okult das irgendetwas nicht stimmte. Zwar sah er dort neue und viele Lichter, doch obwohl diese ihn beunruhigten, waren sie nicht das was ihn so aufw\u00fchlte. Es war mehr dieses seltsame Ger\u00e4usch, dass ihn ganz wuschig machte. Kaum zu h\u00f6ren waren diese Kl\u00e4nge, fast so wie ein Schemen, den man gerade so aus dem Augenwinkel erkennen konnte, doch wenn man ihn anblickte nicht mehr da war. Pax schien nichts zu h\u00f6ren, auch wenn sie sich \u00e4hnlich f\u00fchlte. Das hatte er auf jeden Fall ihren Worten entnommen. Trotzdem schritten sie voran, schlie\u00dflich f\u00fchrte der einzige wirkliche Weg vorw\u00e4rts, weg von ihren m\u00f6glichen verfolgern. Vor allem bei dem stetigen Aufstieg, versprach dieser Gang \u0001 \u0002 die Zwei schlie\u00dflich den gro\u00dfen mit Tropfsteinen gespickten Saal betraten, funkelten ihre Augen weit im Schein des Mondes, dessen Licht durch das Loch in der H\u00f6hlendecke \u0001 \u0002 Weg, nach drau\u00dfen! Doch irgendwie... war es nicht das wor\u00fcber er sich Freute... Okult wurde schummerig vor Augen und sein Blick glitt von dem Loch in der H\u00f6hlendecke ab, auf den kleinen Berg der Sicht vom H\u00f6hlenboden diesem wiederum entgegenstreckte. Schlangen und abermals Schlangen rankten sich mit erhobenen H\u00e4uptern um den steinern Pfahl, in einem Rhythmus gleichm\u00e4\u00dfig sich umher schl\u00e4ngelnd, ja beinah richtig hin und her wiegend, tanzend. Anders konnte der Junge es nicht beschreiben. Wie eine einzige geordnete Masse glitten die Reptilien dicht an dicht nach links und nach rechts, ihre bizarre Choreografie auff\u00fchrend, w\u00e4hrend sie ihre grauen Schuppen dem silbernen Mondlicht entgegen reckten. Perfekt fingen die geschliffenen Panzerungen an den richtigen Stellen das Licht ein und lie\u00dfen es je nach ihren Bewegungen \u00fcber ihre K\u00f6rper wandern und letztendlich verschwinden. Insgesamt bei der Masse der Wesen entstand der Eindruck, als w\u00fcrden Kringel aus Silber \u00fcber die von ihnen gebildete im Dunkeln schwarze Fl\u00e4che von Innen nach Au\u00dfen wandern. Okults Kopf war erf\u00fcllt von dem unh\u00f6rbaren Ger\u00e4usch, das wie er nun erkannte, von den Schlangen kam. Er wankte hin und her, mit ihnen gleichm\u00e4\u00dfig im Takt, w\u00e4hrend er immer weniger die Last seines Fleisches f\u00fchlte. Waren das Mondlicht \u00fcberhaupt noch silbern oder nicht bunt? Alles um ihn herum glitt und t\u00e4nzelte. War frei in diesen Wogen des Gef\u00fchls, dieses sch\u00f6nen Gef\u00fchls, in das man einfach eintauchen und sich treiben lassen konnte. Ruhe, \u0001 \u0002, das durfte es nicht sein. Was war hier los? Panik versuchte in ihm hochzukommen, doch diese unnat\u00fcrliche Ruhe, der Wille einfach nur n\u00e4herzukommen, in diesen Rhythmus einzutauchen, lie\u00df dieser keinen Platzt. Er blickte auf seine Finger und zwang sich dazu diese zu Analysieren. Er konnte die Linien seiner Fingern\u00e4gel ausmachen ausmachen, die hin und her waberten, sich zu verzehren und drehen schienen, w\u00e4hrend bunte Farben durch sein Blickfeld tanzten. Was war hier los. Tr\u00e4umte er, nein... Er versuchte sich zu erinnern und sich auf seine Gedanken zu fokusieren, doch ihm fiel es schwer einen festzuhalten. Alles war glitschig und wand sich wie ein Aal. Alles wollte einfach in diesem Ton mitschwimmen. Lag es etwa daran? L\u00f6sten diese Ger\u00e4usche und die T\u00e4nze der Schlangen etwa dieses... diese Halluzinationen aus? Irgendetwas musste er dagegen tun! Sie, sei beide mussten ganz schnell von hier Weg! Eisern versuchte er sich zu beherrschen, riss die Augen weit auf, w\u00e4hrend er sich weiter seiner Aufmerksamkeit b\u00fcndelte. Blo\u00df nicht mit gleiten, sagte er sich, bevor er die Blau\u00e4ugige suchte. Die Blondhaarige, schien st\u00e4rker von diesem Bann gefasst worden zu sein. Sie war einigen Schritte vorgetreten, neben ihr lag ihre Schwertlanze, die sie scheinbar einfach so in diesem schlangenverseuchten Ort fallen gelassen hatte. Ein weiteres unfehlbares Indiz, dass hier irgendetwas \u00fcberhaupt nicht mit rechten Dingen zu ging. Fokussier dich, mahnte er sich, als er schon wieder weggetrieben wurde. Okkult trat vor und zwang sich gegen dieses Gef\u00fchl anzuk\u00e4mpfen. Er musste schneller sein, als sie, sonst kam sie noch den Schlangen zu nah! Eine Eule st\u00fcrzte durch das Loch in der Decke und verschwand irgendwo in den wogenden Schlangen, der Aufschlag ihres K\u00f6rpers, ging unter in den hypnotischen Bewegungen ihrer J\u00e4ger, die sich nun ohne ihren Tanz zu unterbrechen, gleich um den Vogel wanden. Bleib stehen! Der Schwarzhaarige holte Luft und erinnerte sich an die Techniken, die er heute ge\u00fcbt hatte, wand sich selbst aus den Fesseln seines Geistes raus, in dem er sprang, schrie und einen Kick gegen die Lichtkriegerin \u0001 \u0002 \u00fcberrumpelt von seiner Attacke, purzelte sie zu Boden, erst liegend bleibend, ehe sie sich langsam wieder aufrappelte, bereits erneut zu den Reptielien starrend... Doch auch wenn ihr Blick nicht ihnen galt, wurde er erwiedert. Die Schlangen schauten sie beide an, da war Okkult sich sicher. Auch wenn er nicht zu tief in ihre Iren schauen konnte ohne gleich wieder sein Bewustsein zu verlieren. Ihre Zungen schnellten aus ihren M\u00e4ulern, leckten die Luft, stehts ihre Position genauesten im Sinn behaltend. Doch sie griffen nicht an, sondern tanzten blo\u00df, ihre hypnotische reigen. \u201eKonzentriere dich auf mich meine Stimme\u201c, er kniete sich hin und hob ihre Schwertlanze auf, die ganz sch\u00f6n schwer war. Doch das Gewicht hielt ihn davon ab, sich auf die Regenbogenschlangen und -lichter zu konzentrieren, ehe er die Waffe Pax in die Hand dr\u00fcckte. \u201eWir m\u00fcssen weg hier, diese Schlangen... Hypnotisieren einen oder so\u201c, er zog sie los, doch Pax blieb stehen und sah noch f\u00fcr einen Moment in Richtung des Lochs, durch das immer noch strahlendes Mondlicht fiel. \u201eAlles nur eine..... Illusion\u201c, fl\u00fcsterte sie und biss sich auf die Unterlippe. bunte Lichter tanzten vor den Augen der beiden, w\u00e4hrend Okult sie nun langsam mitgezerrt bekam. Er h\u00f6rte die Wesen hinter sich Fauchen, vielleicht bildete er sich, dass aber auch einfach nur ein. Schlie\u00dflich liefen sie einfach nur von dem Turm aus Schlangen weg, durch eine immer noch in den Farben des Regenbogens schimmernde wabernde Umgebung. Verfolgten die Reptilien sie? Dann war da pl\u00f6tzlich nichts mehr unter ihren F\u00fc\u00dfen, und sie \u0001 \u0002 schlug immer und immer wieder gegen den steilen Hang, w\u00e4hrend er diesen Herabrollte. Zu seinem Leidwesen war er nicht wirklich glatt und so bohrten sich bei jeder Wende, mehrere harte zerkl\u00fcftete Steine in alle erdenklichen Stellen seines K\u00f6rpers, von denen er einiger zuvor Nichtmal wirklich gekannt hatte. Bis er schlie\u00dflich mit dem Gesicht voran in etwas sch\u00e4big kratzigem, modrigen landete. Sein erster Instinkt war es, gegen all die uns\u00e4glichen Schmerzen, aufzustehen und die Umgebung aufzufassen. Bei dem versucht erwies sich das jedoch als deutlich behinderter als gedacht. Jedoch war salziges Wasser nicht das einzige, das an seinem Gesicht hinab lief. Die Platinblonde lag neben ihm in diesem seltsamen weich-rauen etwas und st\u00f6hnte. Das war ein gutes Zeichen, sie war also noch bei Bewusstsein. Die Luft war zu seinem erstaunen ziemlich warm. Er trat einen Schritt von der Schneide der Schwertlanze Weg, die knapp neben der Stelle, wo zuvor noch sein Kopf gelegen hatte, aufgeschlagen war und versuchte die Umgebung zu mustern. Soweit er mit seiner Sehkraft erkennen konnte, befanden sie sich in einer weiteren Natur-geformten Kammer des H\u00f6hlensystems, dessen Boden jedoch einigerma\u00dfen in der Waagerechten lag und von einer seltsamen Schicht aus.... etwas bedeckt war. Wie eine dicke Schicht von Bl\u00e4tter im Herbst. Zwar konnte Okult nicht die Farbe dieser einzelnen rauen Fetzten bestimmen, war ihre physische Gestalt doch in der Finsternis verborgen. Jedoch sah er die Farben der Energie, die sich unter dieser r\u00fchrte. Vorsichtig kniete er sich hin, um die unter dem Mantel verborgenen Wesen genauer betrachten zu k\u00f6nnen. Waren das... Schlangeneier? Das Muster dieser Wesen lie\u00dfen, als er es etwas l\u00e4nger ansah, keinen Zweifel. Diese winzigen Kreaturen, die dort fast regungslos zusammengekauert verharrten, geh\u00f6rten zu dieser Spezies. Der sie schon oft genug in diesen Tunneln \u00fcber den Weg gelaufen waren. Doch diese waren so jung, so hilflos, so schwach... aber viele die versteckt hinter dem k\u00fcnstlichen Boden darauf warteten endlich zu schl\u00fcpfen. Okult grub seine H\u00e4nde in jenen groben Untergrund, tiefer und tiefer bis er schlie\u00dflich zu der H\u00f6he kam, auf der die Eier ungef\u00e4hr ruhen m\u00fcssten. Eine seltene feuchte W\u00e4rme strich \u00fcber seine Fingerkuppen, wahrscheinlich eine W\u00e4rme, die die Schlangen dieser Untergrundwelt zum Ausbr\u00fcten ihrer Eier verwendeten. Wie diese Ungeborenen so reglos zusammenkauert da lagen, leuchtend, strahlend, lebend in den Augen des Kindes. So unschuldig, so weltfremd, so sch\u00f6n, klein und beruhigend, wie winzige Flammen in der Nacht. Nur ein falscher Windsto\u00df gen\u00fcgte sie auszublasen. Diese Zerbrechlichkeit, dieses Leben\u2026 Schlummernd, bis zu dem Moment an dem es f\u00fcr sie Zeit war, aus ihrem vorzeitlichenSchlaf zu erwachen. Ihr warmes gem\u00fctliches, ruhiges Versteck zu verlassen und in die rasche, kalte Welt zu kommen, in der sie sofort um ihr \u00dcberleben k\u00e4mpfen mussten. \u00c4hnliches wie es die Schlangen oben Taten. Wenn man permanent um sein eigenes Leben rang, konnte man schnell vergessen, dass es letztendlich den schlimmsten Bestien blo\u00df genauso ging. Sie alle, ob schwach oder stark... versuchten doch nur ihr eigenes Sein und Wohlbefinden zu bewahren. Den K\u00f6rper zu sch\u00fctzen, welcher der Sitz der Seele war. W\u00e4hrend sie gleichzeitig andere verschlingen mussten, um die eigene Flamme am Brennen zu halten. Schlie\u00dflich brauchte jedes Leben etwas um weiterzuflie\u00dfen, in diesem stetigen Fluss der Welt. Das Fleisch des einen wurde zum K\u00f6rper des Neuen. Doch floss dann nicht auch die Seele weiter? Und wenn ja wohin genau und wie kehrte sie bei der Geburt in ein neues Gesch\u00f6pf ein?... Und war es \u00dcberhaupt Gerecht das er lebte... und nicht das Gesch\u00f6pf das er a\u00df beziehungsweise, dass get\u00f6tet wurde, damit er nicht gefressen wurde. Die Schlangenbabys, die dort in ihren Eiern verharrten... War es Inordnung, dass er ihre Leben nahm oder sich blo\u00df nicht fressen lie\u00df, wodurch sie starben, damit er Leben konnte, in diesem Zustand verweilen durfte? Eilig richtete er den Blick, als ein fast verschwundendes Ger\u00e4usch noch zu ihm fand. Die vielen Laternen gleichen Lichter, erschwerten es ihm die kommende Gefahr zu sehen. Doch als er sie schlie\u00dflich erkannte, hatte Pax neben ihm, bereits wieder auf die F\u00fc\u00dfe gefunden und wirbelte ihre Schwertlanze drohend durch die Luft. Jedoch lie\u00df sich das l\u00e4ngliche, st\u00fcrmisch auf sie zukommende Wesen davon nicht im gew\u00fcnschten Sinne beeindrucken. Viel mehr schienen diese Geb\u00e4rden, die schl\u00e4ngelden Bewegungen nur \u0001 \u0002 Blau\u00e4ugige ignorierte den Schmerz, der sich durch ihren K\u00f6rper zog, sich vor allem in ihrer Seite ansammelte und versuchte ihre Sinne auf die Situation vor ihr zu fokussieren. Pax konnte den Leib des Reptils nicht wirklich sehen, blo\u00df diesen seltsamen, flockenartigen, grau, braun, gr\u00fcnen Boden. Welchen es leicht bei seinem unterirdischen voranschreiten aufwarf. Jedoch war dies gen\u00fcgend, um die Position des Wesens zu bestimmen. Ihr Blick, glitt an den paar abgew\u00e4tzen Steinen vorbei, die hier und da herumstanden. Zu dem Jungen hin\u00fcber, dessen schwarze Haare die einzige wirkliche Dunkelheit f\u00fcr sie waren. Kurz wollte sie noch einige Lichtsph\u00e4ren f\u00fcr ihn erzeugen, jedoch hatte die Schlange sie da schon fast erreicht, trotz der riesigen Haken die jene auf dem Untergrundweg beschl\u00e4ngelte. Pax lie\u00df den Angreifer nur noch eine weitere K\u00f6rperl\u00e4nge an sie herankommen, dann sprang sie trotz dem Aufschreien ihrer Gelenke vor. Ihre Naginataklinge voran, ihrem Sinn folgend an die Stelle, an der sich nun das Haupt des Etwas befinden sollte. Obwohl ihr K\u00f6rper und ihre Atmung im kurzen Flug zitterten, durfte sie nicht die Spannung verlieren, durfte sie nicht daneben treffen. Dieser Kampf, der sie eventuell viele weitere Ressourcen und sogar ihr Leben kosten konnte, w\u00fcrde einfach beendet werden, sofern sie jetzt nicht verfehlte. Mit all ihrer Kraft weitete sie den Angriff zur Ewigkeit aus. Die Spitze ihres Naginatas und der verborgene Schlangenleib kamen sich immer n\u00e4her und n\u00e4her und n\u00e4her und... Ein klirrendes Aufprallen schallte durch den Stahl ihrer Waffe, w\u00e4hrend diese Zerschnitt und aufspie\u00dfte, getrieben von ihrem gesamten K\u00f6rpergewicht und dem Schwung des Sturzes. Dann Stille, w\u00e4hrend sie sich noch mit dem Armen an dem Stiehl der Schwertlanze festklammerte. Vorsichtig den Boden unter ihr Inspizierte, von dem kein Laut drang. Sie traute der Ruhe nicht. Schlie\u00dflich kam die Ruhe doch immer vor dem Sturm(, und nicht der Sturm vor der Ruhe. Auch wenn Ruhe nach einem Sturm, doch wohl immer sch\u00f6n war.)Eisern behielt sie die Stelle im Auge, in die das silbrige Metall gefahren war, bis schlie\u00dflich dann doch der Kopf einer gro\u00dfen braunen Natter knapp an jener hervorschoss. Blitzschnell ringelte sich das \u00fcberm\u00e4\u00dfig gro\u00dfe Tier, um ihre Waffe, sodass der Platinblonden gerade noch Zeit blieb, von dieser abzuspringen. Fauchend und ihre Giftz\u00e4hne zeigend, wickelte sich die Schlange h\u00f6her um das Naginata und wippte auf der Spitze des Griffs ein wenig mit dem Kopf auf und ab. Kell Neiiehl, der Pfleger der Feuerbrut I-------------------------------------IPax wich noch zwei Schritte zur\u00fcck, w\u00e4hrend ihre Augen jede Bewegung des um ihre Klinge gewickelten Reptils auffingen und analysierten. Den Rhythmus versuchten aufzufangen, indem das Tier agierte. Sie musste an ihre Schwertlanze herankommen. Ohne ihre Klinge hatte sie kaum eine Chance gegen den Schuppenpanzer dieser ungew\u00f6hnlichen \u0001 \u0002 begann sie das Wesen zu umrunden. Schritt um Schritt, vorsichtig, denn richtig Moment abwartend. Wie in einem Duell in dem jeder nur darauf wartete, dass der Feind angriff und ihm einen Fehler darbot. Einen Fehler den man mit einem Konter Hieb ausnutzen konnte. Nur dass statt dem Sand eines Kampfplatzes, dies eine modrige H\u00f6hle war. Der Geruch der leichten F\u00e4ulnis stieg er vom Boden in die Nase, doch sie lie\u00df sich nicht \u0001 \u0002 schoss der Kopf der Schlange vor. Ein Teleport brachte Pax aus der Gefahrenzone, unter die Schlange n\u00e4her an ihr Naginata heran, bis sie das schwarze Material ber\u00fchren \u0001 \u0002 umklammerte sie den Griff und versuchte die Waffe herauszuziehen, w\u00e4hrend die riesige Natter \u00fcber ihr gerade erst bemerkte, wo sie eigentlich steckte. Das fauchend der Schlange regte sie nochmals an ihre letzten Kr\u00e4fte zusammen zu schaben, um sich wieder fort zu \u0001 \u0002 kam sie auf dem leicht Feuchten Untergrund, etwas von dem im Boden steckenden Naginata zu liegen, worauf sie sich schnell auf die Beine hievte. Sie ahnte Ungutes als sie hinter sich ein W\u00fcrge h\u00f6rte. Die Schlange, derem t\u00f6dlichen Biss sie entflohen war, ringelte sich weiter in die H\u00f6he. Komische Ger\u00e4usche absto\u00dfend. Hin und herschwankend, bis pl\u00f6tzlich eine gr\u00fcn durchsichtig schimmernde Fl\u00fcssigkeit aus ihrem Maul auf den Boden tropfte. Fast h\u00e4tte sie zu sp\u00e4t reagiert, als der Schwall schnell von einem Tr\u00f6pfeln zu einem Spritzen Anstieg. Neben ihr klatschte die Fl\u00fcssigkeit auf den Boden, einen widerlichen Gestank zu ihr \u0001 \u0002 f\u00fchlte wie ihre Reserven langsam ersch\u00f6pft waren und sie so aus ihrem gewohntem Kampfstil zwangen. Dies und die Schlange, die sich immer noch um ihr Naginata ringelte. Sollte sie vielleicht einfach wegrennen und ihre Waffe hier lassen? Eins der wenigen Relikte von Jenseits des gesplitterten nichts? Es dauerte keinen Moment, ehe sie vorschoss. Diesen Gedanken im Kopf tragend und erst dann, dass Gurgeln bemerkend, welches die Natter von sich \u0001 \u0002 wich dem n\u00e4chsten Kot-angriff der Schlange aus, indem sie sich rechts unter dieser wegduckte und knallte, w\u00e4hrend hinter ihr noch die Fl\u00fcssigkeit zischend zu Boden tropfte, gegen ihre Schwertlanze. Diese kippte leicht nach hinten, mit ihr und dem vom brechen immer noch verwirrten Wirbeltier, bis sie in einem 45\u00b0 Winkel zum Boden stehen blieb. Gehalten von den Schichten des erdgleichen \u0001 \u0002 Gegensatz zu der noch gerade die Situation begreifenden Schlange, lie\u00df sie sich schleunigst von der Stange zum Grund hinab und begann jene aus dem Boden zu ziehen. Dabei hatte sie jedoch das Gewicht des Reptils falsch eingesch\u00e4tzt. Die Schlange war viel zu schwer, und so kippte das Ende, um das sich die Natter geringelt hatte, nach hinten zu Boden. Anstatt sich jedoch von dem Misserfolg abschrecken zu lassen, ging sie sofort in den n\u00e4chsten Angriff \u00fcber. Schnell verst\u00e4rkte sie ihren Griff um ihre metallene Gef\u00e4hrtin, kurz unterhalb der Klinge und begann loszulaufen. Dass andere Ende mit der Schlange dabei \u00fcber den Boden schleifend, in der Hoffnung diese \u0001 \u0002 Schuppentr\u00e4gerin gab ein Zischen von sich, was Pax nur zum schneller laufen bewegte. M\u00f6ge dieses Wesen doch einfach ihre Schwertlanze loslassen, damit sie wieder wie gewohnt K\u00e4mpfen konnte. Hastig warf sie ein Blick durch den Raum. Der schwarzhaarige Junge kniete mehre K\u00f6rperl\u00e4ngen von ihr entfernt auf dem Boden, doch weitere Wesen schienen sich nicht in dieser H\u00f6hle aufzuhalten. Auch keine weitere Schlangen, die riesige Natter schien seltsam \u0001 \u0002 verhielt sich wenigstens dieses Tier in dieser Hinsicht wie \"normal\". Als Pax ihren Blick wieder zum Naginata ende, richtete, schaute sie pl\u00f6tzlich in die geschlitzten gelben Augen der Schlange, die auf sie zu gesaust kamen. Schreckschaft l\u00f6ste die Blondhaarige den Klammergriff, taumelte einen Schritt zur\u00fcck und teleportierte sich einige Meter nach \u0001 \u0002 jeden Fall hatte sie dies geplant, h\u00e4tte der Versuch ihr nicht so entsetzlich viel Zeit und Kraft gekostet, in der die Schlange heran gerauscht war. Ehe sie es sich versah, wickelte sich schon der massige K\u00f6rper um sie, die Waffe hinter ihr zur\u00fccklassend. Pax f\u00fchlte die Schuppen die durch ihre Kleidung hindurch an ihrer Haut rieb, der Leib welcher ihr Arme und Beine fesselte, sie zu einem hilflosen B\u00fcndel zusammenschn\u00fcrte. Hart fiel sie nieder, w\u00e4hrend sich \u00fcber ihr das Unget\u00fcm mit langer gespaltener Zunge \u0001 \u0002 noch modrige Luft fand in ihre Lunge, trotzdem verging nicht dieser bei\u00dfende Geruch nach Schlange. Sie r\u00f6chelte, gegen ihre Feindin ank\u00e4mpfend, doch jeder ihrer verzweifelten Versuche waren in dieser Position vergebens. Trotzdem wand sie sich so gut es ging, w\u00e4hrend ihr die Wahrnehmung schwand und ihre Kr\u00e4fte versiegten. Den Schmerzhafte wachsenden Druck ertragend.\u201eLauf\u201c, keuchte sie hervor als die Welt langsam zu einem einzigen Brei aus Farben, Ger\u00e4uschen und Ger\u00fcchen verschwamm. W\u00fcrde sie hier sterben? Nur weil sie einem Kind hatte helfen wollen? Irgendwie konnte sie das nicht glauben, konnte nicht zulassen, dass dies nun Geschah, sie war doch noch nie gestorben. Da konnte sie doch nun nicht einfach hier in den Staub \u0001 \u0002 jedoch dachte gar nicht daran in die grauen G\u00e4nge des H\u00f6hlensystems zu fliehen. Sofern er es \u00fcberhaupt ordentlich ohne Licht hier so einfach herausrennen konnte. Stadessen er noch einen kurzen Blick auf das leuchtende Leben, dass er nun in seiner einen Dreck beschmierten Hand hielt. So klein, so unschuldig und ungeboren. Dann schleuderte er das Ei auf die Schlange, die dabei war Pax zu \u0001 \u0002 traf er, das w\u00e4re auch zu sch\u00f6n gewesen. Doch immerhin erregte er die Aufmerksamkeit der riesigen Natter. Gegen die nun diesmal das zweite Wurfgeschoss mit einem brechenden und patschenden Ger\u00e4usch klatsche. Schnell b\u00fcckte sich der Schwarzhaarige erneut und hob die n\u00e4chste Ladung an Faustgro\u00dfen Eiern auf, um sie in die Finsternis zur Natter schleudern. Beim dritten Mal br\u00fcllte das Reptil auf, w\u00fctend, bestialisch und schaurig verst\u00e4rkt durch den von den W\u00e4nden abprallenden Schall, dass es Okkult kalt durch die Adern schoss. Das vierte Schlangenleben zerschellte hinter ihm auf dem Boden, arglos fallengelassen, als er angefangen hatte loszulaufen. Er hatte keine Zeit dem Licht hinter der zerbrochenen Schale, beim Verblassen \u0001 \u0002 Schaben der Schuppen der Schlange sauste ganz dicht hinter ihm \u00fcber den fauligen Boden. Ausgerechnet da trat er in irgendetwas hinein und verlor das Gleichgewicht, st\u00fcrzte im n\u00e4chsten Moment \u00fcber sich selbst, w\u00e4hrend \u00fcber ihm die Energiesignatur der Natter \u0001 \u0002 trat er in die Richtung des Leuchtens. Hatte er da den Kopf erwischt? Doch der zweite Kick ging ins Leere und er f\u00fchlte schon, als das Fauchen der Natter in seine Ohren drang, wie sie ihre Z\u00e4hne in sein Fleisch schlagen \u0001 \u0002 blieb der eigentliche Schmerz aus. Hoffnungsvoll und dennoch verwundert blickte er auf, und direkt in den sanften Schein von Pax, die mit ihrem Naginata wieder vereint, sich sch\u00fctzend vor ihn teleportiert hatte. Ihre Schwertlanze tief im Rachen der Natter versenkend. Okkult brauchte kein Wort heraus. Er starrte einfach Pax an, w\u00e4hrend Blut dumpf zum w\u00fcsten Boden tropfte und das Licht des Monsters langsam erlosch. Erst dann, drehte sich Pax zu ihm. Das Gift entbl\u00f6\u00dfend, dass an ihrer Kleidung hinab lief. Ein letztes Geschenk der speienden Schlange, in ihrem letzten Angriff vor ihrem \u0001 \u0002... meine Okkult Sorge, aber auch Freude... oder Erleichterung in ihren Augen zu sehen. Die Spuren eines L\u00e4chelns, dann kippte sie \u0001 \u0002 folgten die Zwei den wirren G\u00e4ngen, die sie wahrlos voranbrachten. Allein die nicht wiederauftauchenden Markierungen von Okult lie\u00dfen sie nicht den glauben daran verlieren, dass sie irgendwie in diesem Irrgarten voran kamen. Das Kind hielt die Hand der sich wacker schlagenden Blonden fest, wissend das ihre Ressourcen sich immer mehr dem Ende neigten. Ob sich Pax wohl noch hier raus teleportieren konnte? Vielleicht sollte sie es einfach tun, sodass sie nicht beide hier zu Grunde gingen. Mit einem mulmigen Gef\u00fchl schaute er die sich um sich selbst rankenden Energiesignaturen der Schlangen an, die leise sich in der Finsternis zu zischten. Sein Arm brannte, bei dem Gedanken, trotzdem musste er sich fragen, wie es sich wohl anf\u00fchlen w\u00fcrde ganz von diesen Biestern verschlungen zu werden. Wenn so blo\u00df die Platinblonde es schaffen konnte, die so viel f\u00fcr ihn getan hatte.... Doch so einfach w\u00fcrde er sie nicht abwimmeln k\u00f6nnen, das hatte sie Leider schon in diesen Kavernen oft genug bewiesen, fast h\u00e4tte es ihr sogar das Leben \u0001 \u0002 Monotonen rein von der Natur geschaffenen H\u00f6hlen hatten sich schon seid einziger Zeit ver\u00e4ndert, hier und da durchbrach einige zu glatte W\u00e4nde die G\u00e4nge durch das groben Felsgestein und f\u00fchrten manchmal durch ganze aus Beton geschaffene R\u00e4ume. Pax hatte sofort gewusst, dass sie anscheinend auf Ruinen der Alten gesto\u00dfen waren, die sich die Erde vor lange Zeit einverleibt hatte. Doch wie sowas genau Geschehen konnte, wusste sie auch nicht. Vielleicht die F\u00e4higkeit eines besonders starken Mutanten, oder eine der Waffen die, die damaligen Menschen gef\u00fchrt \u0001 \u0002 hier quetschten sie sich auch, verletz und halb gefroren durch die Risse im Mauerwerk und Schritten durch das was von dieser fortgeschrittenen Zivilisation \u00fcbrig war. Okult kahm trotz ihrer missliechen lage nicht aus dem Staunen raus, als er die ganzen Artefakte sah, die manchmal noch die Zeit \u00fcberdauert hatten, doch vieles war auch zerst\u00f6rt und zerissen, durch die Katastophe die diesen Ort getroffen hatten. Trotzdem hielt das Okult nicht ab st\u00e4ndig Pax mit Fragen zu nerven, \u00fcber die paar die Dinge die sie zu einigen der Funde sagen konnte, und das trotz dem Kreis aus Schlangen, der den beiden folgte und sie niemals aus den Augen lies. Beinah schien es als w\u00fcrde er nicht mehr die Reptilien bemerken, die sich um sie wanden. Er strahlte in seiner Verletztheit und M\u00fcdigkeit, eine seltene wohlige W\u00e4rme aus, wie das sanfte, friedliche Licht eines einladenden Lagerfeuers in der kalten Nacht. Eine Gem\u00fctlichkeit die sich in ihrer Brust \u0001 \u0002 sie lange genug f\u00fcr eine weitere Pause gewandert waren, entschieden die Beiden sich vorerst f\u00fcr eine Rast in einem Zimmer der Ruinen Alten, das betretbar durch einen Riss in der Wand war. Die Seiten wo fr\u00fcher wohl mal eine T\u00fcr gelegen haben mochte, war von Erde und Stein versch\u00fcttet. Ein wenig beunruhigend wenn man an die Einsturz Gefahr dachte, wie Okult fand. Doch wenn dies schon seit vielen Jahren schon hier stand, musste die Konstruktion wohl wenigstens eine gewisse Stabilit\u00e4t \u0001 \u0002 breiteten ihre Schlafsachen auf dem eher weicheren erdigen Teil des Bodens aus. Angst davor noch dreckiger zu werden, hatten sie nicht, waren sie doch schon vollkommen verschmutzt und mit Staub bedeckt und so wollten sie es wenigstens gem\u00fctlich haben. Das Zischen der Schlangen war zwar all gegen w\u00e4rtigs zu vernehmen, doch der Junge gew\u00f6hnte sich allm\u00e4hlich an das permanente Zeichen der Gefahr. Hier neben Pax, f\u00fchlte er sich wenigstens etwas sicherer. Auch wenn sich immer noch der Gedanke, dass er vielleicht im Magen einer Schlange aufwachen w\u00fcrde, hin und wieder an die R\u00e4nder seines Bewusstseins stahl. Klamm legte er sich hin und starrte an die Decke. Eine ungewohnt glatte und gerade Decke, ein typisches Zeichen der Bauten der Alten, wie im Pax erkl\u00e4rt hatte. Ganz anders als normale H\u00f6hlen oder Zelte. Wie viel im Pax doch heute \u00fcber diese Fremde Zivilisation erkl\u00e4rt hatte. Erstaunlich wozu Menschen fr\u00fcher f\u00e4hig gewesen waren und was f\u00fcr Technologien sie imstande waren herzustellen. Seine Gruppe w\u00fcrde sicherlich nur Lachen und ihm zum Training ermahnen, w\u00fcrde er ihnen von seinen Entdeckungen und Vermutungen erz\u00e4hlen. Sollte er jemals wieder zu ihnen an die Oberfl\u00e4che kommen. Wie sehr sich wohl Yne ohne ihn f\u00fcrchtete. Er erschauderte, wenn er an ihr Tr\u00e4nen verschmiertes Gesicht denken musste. Ob sie ihn wohl f\u00fcr Tod hielt? Oder f\u00fchlte sie vielleicht, dass er noch lebte? Er blickte r\u00fcber zu Pax, starrte in ihr wohliges Licht, das der Sonne gleichte. Nur ein Grund mehr hier m\u00f6glichst schnell aus dieser H\u00f6hle mit Pax herauszukommen. Doch deswegen brachte es ihm jetzt nichts, sich mit diesen Sorgen den Kopf zu zerbrechen und am Schlafen zu hindern. Der Kleine dr\u00fcckte sich in den Stoff seiner Unterlage, und dennoch war ihm Kalt und er f\u00fchlte sich allein. \"Magst du eigentlich die Sterne?\", begann er schlie\u00dflich z\u00f6gernd einem willk\u00fcrlichen Gedanken folgend Pax zu fragen. \u201eSie erinnern mich an zu Hause\u201c, antworte die blondhaarige Streunerin nach einer langen Pause und f\u00fcr einen kurzen Moment erf\u00fcllten sich ihre eisblauen Augen mit einer tiefen Trauer, die die Weite des Horizontes streitig machte, dann versank der Ausdruck wieder hinter einer gut trainierten Wand aus entschlossener Ausdrucklosigkeit.\"Na Ja, ich finde sie eigentlich ganz sch\u00f6n\" Nicht einmal die Schlangen schienen einen kurzen Moment was zu sagen, der darauffolgte. Okults Mund war trocken, als er weiter sprach, doch mit jedem Wort fiel ihm das n\u00e4chste einfacher. \"Sie haben so ein mysteri\u00f6ses und verzauberndes Strahlen, ein Leuchten, wie es jedes Lebewesen besitzt nur viel heller und intensiver und auf der materiellen Ebene, doch daf\u00fcr sind sie umso weiter entfernt. Was Wohl Sterne, Sonne und Mond sind? Also ich meine, aus was sie bestehen, wenn man ganz nah an sie herangehen w\u00fcrde. Sie sind riesige Feuerb\u00e4lle oder vielleicht gigantische Lebewesen die wie Gl\u00fchw\u00fcrmchen in der Nacht ihr Licht abgeben. Du musst Wissen in meiner Gruppe herrscht die Ansicht, dass die Sterne die Fenster jener Alten sind, die bei der Apokalypse sich selbst in den Himmel erhoben haben und von dort Oben an unserem Leid erfreuen, w\u00e4hrend sie D\u00e4monen schicken um uns fortlaufend mit Leid und Mutation zu plagen. Aber- diese Geschichte st\u00fctzt sich auf keinerlei Indizien und klingt f\u00fcr mich mit meinem Wissen nicht logisch.\u201c \u201eIch bleib da lieber bei der Theorie, das es sich bei den Sternen um gigantische fliegende Lebewesen handelt. Ich wei\u00df, du kannst nicht ihr ganzes Licht sehen, aber du musst wissen es ist wundersch\u00f6n. Ist dir eigentlich schon mal aufgefallen, dass die Sterne nie am selbe Fleck sind, wie in der vorigen Nacht? Sie bewegen sich fort, kontinuierlich. Um ehrlich zu sein, ist mir so \u00dcberhaupt erst der Gedanke gekommen, dass es sich bei ihnen um riesige Kreaturen handeln k\u00f6nnte, aber nat\u00fcrlich m\u00fcssen sie das nicht sein. Vielleicht sind sie auch einfach irgendwelche riesigen Kosmischen Ballungen an uns Unbekannter im wahrsten Sinne des Wortes \u00fcbernat\u00fcrliche Energie, die durch irgendwelche uns Unbekannten Kr\u00e4ften \u00fcber den Himmel gezogen wird. Wie sch\u00f6n es wohl w\u00e4re Fliegen zu k\u00f6nnen. Schwerelos zu sein, um dann einfach immer h\u00f6her Fliegen zu k\u00f6nnen. Ich w\u00fcrde einfach nur Aufsteigen, hoch zum Nachthimmel, soweit es geht. Bis zu den Sternen hinauf und Ergr\u00fcnden, was diese magischen Lichter eigentlich sind. Aber ich h\u00e4tte auch ein wenig Angst, Angst davor mich in der Leere zwischen den Sternen zu verirren. Es ist be\u00e4ngstigend, aber auch irgendwie wundersch\u00f6n. Einfach nur da oben herum zu gleiten. Als eigener kleiner Stern, zwischen den vielen gro\u00dfen\" Okult war in seinem Gedankengang unmerklich leiser geworden, bis er nun schlie\u00dflich ganz in einem Leisen ein und Ausatmen endete. Pax lauschte etwas verwirrt und Schlaftrunken den Lauten seines sich hebenden und senkenden \u0001 \u0002 Pax Okult zum Schichtwechsel weckte, hatte er sich gerade erst aufger\u00fcttelt, als die Platinblonde schon fest eingeschlafen war. Er schaute ein wenig m\u00fcde auf die Gestalt der kleinen Frau herab, ehe er sich hinsetzte, gegen die k\u00fchle Wand lehnte und wartete. Sein Blick galt dem Riss in der Wand, durch den sie den halb eingest\u00fcrzten Raum betreten hatten und vor dem schon die Schlangen warteten. Ihre Lichter waren Zahlreich wie sonst und ihr leises Zischen gleich einem schaurigen Chor. Unruhig \u00e4nderte Okult seine Position. Ihm kribbelte die Angst und die M\u00fcdigkeit in den Beinen, w\u00e4hrend er irgendwie probierte die Zeit Tod zu schlagen, w\u00e4hrend er gleichzeitig Wachsame Stellung hielt. W\u00e4hrend er so zitternd in der Dunkelheit dasa\u00df, sprang sein Blick immer wieder bei jedem Verdacht eines Ger\u00e4usches einmal quer durch den Raum. Doch im Vergleich zu den malen, wo sie einfach im Gang \u00fcbernachtet hatten, f\u00fchlte sich diese gesch\u00fctzte Stelle deutlich sicherer an. Auch wenn das Gef\u00fchlt r\u00fcgte. Es mussten nur blo\u00df einmal wieder so viele Schlangen kommen wie damals als sie die Welle verfolgt hatte und sie s\u00e4\u00dfen in der Falle. Doch bis jetzt hielten sich die Energiesignaturen der Schlangen noch in Ma\u00dfen. In ihrem Zimmer waren zum Gl\u00fcck fast keine. Vermutlich Boten die Vier W\u00e4nde hier, die bis auf einige Steine und Knochen von Schlangen relativ unm\u00f6bliert waren, keinen wirklichen Ecken f\u00fcr die Reptilien. Wof\u00fcr wohl fr\u00fcher mal dieser Raum verwendet worden war? Okult strengte seine Augen in der Finsternis an, um etwas mehr zu erkennen, doch es war wohl nichts mehr \u00fcbrig geblieben von den Gegenst\u00e4nden, die vielleicht darauf Hinweis geben konnten. Als er gerade schon wieder zum Ausgang schauen wollte, fiel ihm etwas am Rande seiner Wahrnehmung auf. Die W\u00e4nde, wenn er ganz genau hinschaute, schienen hier und dort kleine feine Risse- nein wohl eher Kratzer durch sie zu laufen. Hatten die Schlangen die verursacht? Oder Schatten? Okult kam keiner dieser Optionen schl\u00fcssig vor, doch dann traf es ihn wie ein Schlag ins \u0001 \u0002 Risse liefen zusammen in Buchstaben. Hier bei ihm waren sie so schlampig, dass er sie kaum entziffern konnte, doch links von ihm an der Wand waren sie klar genug gewesen als dass er ihr Wesen erkannt hatte. Zwar war ihm der Gebrauch dieser Schriftsprache noch nicht zur zweiten Natur geworden, jedoch gelang es ihm das Word zu entziffern, falls es ein Wort war. \"R. e. s. h. n. u. n. N. a. i. v. i. a\", fl\u00fcsterte das Kind, jeden Buchstaben einzelne aussprechend. \"Reshnun Naivia\", wiederholte er. War das ein Name? Er trat einen Schritt von der Wand zur\u00fcck, schaute ihre komplette H\u00f6he empor und dann links. \u201aReshnun Naivia. Reshnun Naivia\u2018 Reihte sich der Name dicht an dicht, an die hohe steinerne Wand, wie eine unheimliche Verzierung die jemand bis in die kleinsten Winkel angebrachte hatte. Doch mit jedem weiteren Symbol nach oben und dann von unten anfangend rechts schien sich irgendetwas zu ver\u00e4ndern. Die Kratzer wurden grober, hastiger und undeutlicher. Auch die Ordnung mit der die einzelnen W\u00f6rter eingemei\u00dfelt worden waren, Namen ab, bis aus dem Blocktext, ein Haufen durcheinander springender Buchstaben und schlie\u00dflich nur noch eine unleserliche chaotische Ansammlung an Kratzern wie von Klauen \u0001 \u0002 Neugier von Okult war schlagartig verschwunden und stattdessen hatte sich ein Flaues Gef\u00fchl in seinem Magen ausgebreitet. Was auch immer diese Schrift bedeutete, es verhie\u00df f\u00fcr sie wahrscheinlich nichts \u0001 \u0002 wenn es ihm immer noch schwerfiel Pax Miene zur n\u00e4chsten Wanderphase zu deuten, so war er sich sicher, dass sie deutlich mehr beunruhigt war als sie sich gab. Die Enth\u00fcllung seiner Entdeckung hatte sie schnell zur Seite geschoben und vergessen \"Stammen wohl von irgendeinem armen Schlucker\", waren ihre einzigen wirklichen Worte dazu gewesen. Doch trotzdem war er sich sicher, dass mehr als das hinter ihrer Stirn vorging. Ob sie wohl die Kratzer schon vorhergesehen hatte? Schon viel fr\u00fcher? Schlie\u00dflich konnte sie ja deutlich besser im Dunkeln sehen als er. Beim weiteren aufmerksamen Beobachten, musste er sich wohl gestehen, dass dies der Fall war. An vielen W\u00e4nden auf ihrem Weg durch den mit Ruinen gef\u00fcllten Untergrund, liefen Kratzer zu Buchstaben und Bilder zusammen, auch wenn er das meiste davon im raschen Vor\u00fcbergehen nicht entziffern konnte. Doch er meinte das unz\u00e4hlige abstrakte Darstellungen von riesigen Schlangen waren, die sie wie die lebenden kleinen Exemplare, an den W\u00e4nden verfolgten. \"Wir kommen der Oberfl\u00e4che immer n\u00e4her\", versicherte ihm Pax in der Finsternis, durch die sie im Schatten ihrer Beobachter liefen. \"Ich wei\u00df\", erwiderte Okult. Doch eine dumpfe Vorahnung gab ihm das Gef\u00fchl, das das schwerste St\u00fcck ihrer Reise noch vor ihnen lag.\"Wir sollten vielleicht einen anderen Weg nehmen\", Okult wies mit der Hand des gesunden Armes nach vorn. Pax konnte zwar nicht die Anomalie der Signatur sehen die er wahrnahm, doch trotzdem wollte er ihr die m\u00f6gliche Gefahr erkl\u00e4ren. \"Dort ist irgendein, gro\u00dfes, m\u00e4chtiges Gesch\u00f6pf\", fing er an. \"Also eine gro\u00dfe konzentrierte Menge von Lebensenergie und\", weitere kleine Flecken erregten seine Aufmerksamkeit, die jedoch von dem Licht des anderen Gesch\u00f6pfes verdeckt wurden \"und- Schatten\". Okult kannte den Gesichtsausdruck, der auf Pax Z\u00fcge gefallen war, nur zu gut. Bestimmt hatte sie gerade einen innerlich geflucht, ehe sie sich zur Seite drehte um einen anderen Pfad zwischen den eingesackten Geb\u00e4udetr\u00fcmmern und H\u00f6hlengestein zu w\u00e4hlen. \"Warn mich, wenn wir uns wieder sowas oder Schatten n\u00e4hern\", sie starrte noch etwas in die Richtung, in die er gezeigt hatte, als k\u00f6nnte sie ebenfalls das ferne Funkeln sehen. Er nickte nur, um dann sich dicht bei ihr halten, \u0001 \u0002 waren gef\u00fchlt endlos gelaufen, ehe sie sich wieder entschieden eine Pause einzulegen. Doch das gro\u00dfe Licht war immer noch in der Ferne blass zu sehen, trotz ihrer Bem\u00fchungen m\u00f6glichst weit von ihm fernzukommen. Sie hatten mehr Seiteng\u00e4nge und Abzweigungen genommen als sonst, auch auf die Gefahr hinaus, \u00f6fters im Kreis zu laufen, was sich auch ein paarmal best\u00e4tigt hatte, dennoch war das Licht nie mehr f\u00fcr l\u00e4ngere Zeit verschwunden. Okult hatte sich permanent den Kopf dar\u00fcber zerbrochen, was es wohl sein k\u00f6nnte. Vielleicht eine Schlange, wie die gro\u00dfe silberne der sie begegnet waren? Er hoffte es nicht, sie hatten ihre Nahrungsmittel bereits rationiert und wurden gef\u00fchlt mit jeder Schlafpause schw\u00e4cher. Pax w\u00fcrde bestimmt nicht nochmal das Reptil unbeschadet zur\u00fcckschlagen k\u00f6nnen. Zum Gl\u00fcck war Okult wenigstens eine etwas sichere Idee f\u00fcr einen Schlafplatz gekommen. Zu zweit waren sie mit gegenseitiger Hilfe auf eines der noch weitgehend Intakten rechteckigen Steinmassive geklettert, und hatten dort oben, mehrere Meter \u00fcber dem Boden ihr Lager aufgeschlagen. Dort konnten sie immerhin so einfach nicht die Schlangen erreichen, na ja, nicht alle, schlie\u00dflich waren sie ja schon den Exemplaren begegnet die wie Schnecken die W\u00e4nde hoch gerobbt \u0001 \u0002 weckte Okult ein Schrei aus dem Schlummer. Blitzschnell richtete er sich auf, verwundert den ein seltsames Schreien und einem Kreisch gleichendes Zischen f\u00fcllte die H\u00f6hle und er sah Pax an die ihr Naginata gegen etwas Stie\u00df, das versuchte auf ihre Plattform zu klettern. Ein Schatten, wie der Junge zu seinem Entsetzen an der Signatur sah, die gerade von Pax in zwei Gespalten wurde und so Sicht auf dutzende weitere kl\u00e4rte. Eilig packte der Schwarzhaarige ihre Sachen zusammen. \"Es sind bestimmt mehr als 50...\", deutete er furchtsam anhand der Flecken. Panik stieg in ihm auf, w\u00e4hrend er sich zu konzentrieren versuchte: \"Doch aus dem Weg kommen weniger, nur 5 oder so\". Pax sprang mit funkelnder Schwertlanze von der Plattform, direkt auf einen weiteren der Finsteren, der Augenblicklich von ihr zersto\u00dfen wurde und vernichtete dann mit schnellen Hieben diejenigen weiteren die das Ungl\u00fcck hatten ihr am n\u00e4chsten zu Sein. \"Spring\", wies sie Okult sofort danach an und fing den kleinen auf, der mit flatternder Kleidung zur ihr herab gesegelt kam, w\u00e4hrend die umliegende Schlange w\u00fctend die Schatten anfauchten. \"Folg' mir\", eilig setzte sie ihn ab und st\u00fcrmte voran um die Schatten zu bestrafen, die ihren Fluchtweg versperrten. Den ersten s\u00e4belte sie mit einem Drehhieb den Kopf ab, dem zweiten Zerriss sie f\u00f6rmlich den unf\u00f6rmigen Sch\u00e4del in Dunkelheitspampe, doch ein \"Achtung rechts\", lies sie zur\u00fcckspringen und den Schatten zerfetzten, der sie von der Seite mit unglaublicher \u00fcbermenschlicher Geschwindigkeit \u00fcberrennen \u0001 \u0002 st\u00fcrmten sie weiter voran, Pax, sich wie ein tierisch eleganter Berserker vorauswerfend, ihren n\u00e4chsten Gegnern entgegen, die kleinen Wunden ignorierend die sie in ihren Unbarmherzigen, ihre Feinde zerschmetternden Attacken Zuzug. \"VON VORNE KOMMT ES\", h\u00f6rte sie pl\u00f6tzlich Okults Schreie, sah auf und in das Gesicht einer besonders gro\u00dfen finsteren Anomalit\u00e4t. Sie sprintete vor, sprang und bohrte ihr Naginata in den Hals des Monsters, doch sie schaffte es nicht mehr den monstr\u00f6sen Strang aus Finsternis durchzuschneiden. Die massive Faust schlug sie und ihre Waffe zur\u00fcck, doch w\u00e4hrend sie \u00fcber den Boden rollte, konnte sie in der Finsternis nur die lilanen Augen des Jungen sehen, der den H\u00fcnen-Schatten todes\u00e4ngstlich anstarrte. Spuckend, hievte sie sich auf, sprang vorw\u00e4rts ihrer Waffe entgegen. Einen Zentimeter zu wenig. Mit einem unglaublichen Kraftakt, teleportierte sie sich den letzten Zentimeter, um den sie sich versch\u00e4tzt hatte, rollte sich in die stehende Position empor und zerschnitt die Schatten, die sich heimlich dem zur\u00fcckweichenden Okult von hinten gen\u00e4hert hatten, nur um sich dann wieder dem gro\u00dfen Schatten gegen\u00fcberzusehen. Mit gl\u00fchender Ungeduld, wartete sie den Schlag des Finsteren ab, sprang auf die Faust und Enthauptete dann die Gestalt mit einem machtvollen guillotinenartigen Fallschlag. Sie packte Okult an der Hand und lief durch die noch herabrieselnde entsetzlich stinkende Wolke aus Finsternis, nur um sich dann direkt Auge in Auge mit der auf sie zu schnellenden Silbernen Schlange zu \u0001 \u0002 riss Pax gerade noch rechtzeitig zur Seite, um zu verhindern, dass sie beide von den Schuppen der Schlangen in kleine St\u00fccke zerteilt wurden. Doch anstatt, dass das Unget\u00fcm kehrtmachte, um sie zu t\u00f6ten, stob das silberne Reptil an ihnen vorbei in den gro\u00dfen H\u00f6hlensaal und zerbiss zwei Schatten auf einmal mit ihren Z\u00e4hnen, w\u00e4hrend sie herumwirbelte und 5 weitere dabei zermalmte und zerteilte. \"Weiter weg hier!\", br\u00fcllte Okult und zog Pax mit sich, die sich ebenfalls schnell von der Szenerie l\u00f6ste, in der die Klingen gefiederte Schlange umgeben von hunderten ihrer Artgenossen, Schatten in St\u00fccke gerissen \u0001 \u0002 nachdem sie soweit gerannt waren, dass ihre Lungen brannten und das Kreischen der aufeinanderprallenden Bestien nicht mehr als Echo zu ihnen schwappte, lie\u00dfen sie sich nebeneinander auf den Boden fallen und versuchten unter heftigem Sch\u00fctteln ihre negative Sauerstoffbilanz wieder auszugleichen. Okult lag auf allen dreien, den verletzen Arm abgespreizt, seine Brust hob und senke sich heftig in einem leicht unregelm\u00e4\u00dfigen Takt, w\u00e4hrend er probierte sich zu beruhigen. \"Das war knapp\", sagte er kaum verst\u00e4ndlich unter den Wellen seines heftigen Atmens. Pax keuchte nur, ihr Naginata heftig umklammernd, den Schmerz unterdr\u00fcckend der langsam in ihr aufgeflammt war. Schwei\u00df lie\u00df ihre Sicht verschwimmen, doch sie war noch zu m\u00fcde um ihn sofort wegzuwischen. \"Wenigstens scheinen die Schlangen auch etwas gegen die Schatten zu haben\", murmelte er, wobei ihm etwas aus dem Mund in den Staub des H\u00f6hlenbodens lief. \"Schade, dass sie sich nicht mehr um sie k\u00fcmmern als uns\", Pax wischte die salzige Fl\u00fcssigkeit aus ihren Augen und bemerkte erst jetzt, das immer mehr Wasser aus Okults Gesichts zu Boden tropfte. Ehe sie es sich versah, hatte sie das kleine Kind in den Arm geschlossen und hielt es fest, w\u00e4hrend immer mehr Tr\u00e4nen in ihre blutige Kleidung lief. Ihre Hand fuhr durch das schwei\u00df nasse Haar des kleinen. Sie ignorierte das Zischen der Schlangen und konzentrierte sich darauf den lila \u00c4ugigen zu tr\u00f6sten. \"Sie- greifen vermutlich alles an da-das sich in diese R-ruine wagt\", heulte er kaum verst\u00e4ndlich, \"Doch-doch da-ist n-noch etwas, noch-etwas M\u00e4chtigeres mehr-Schlangen und noch mehr sie warten auf UNS.\" Pax verstand nicht ganz, wie und worauf Okult gerade mit seinen Gedanken kam, doch sie merkte das er sich gerade nur verlor. \"Wir werden hier rauskommen\", sagte sie ihm deshalb nur und sah ihn Entschlossen an. \"Ich und du, wir werden uns hier rausbringen\" \"Werden wir auch dann gemeinsam die Sonne sehen und die Sterne?\" \"Gerne, k\u00f6nnen wir das mache.\" Sie verharrten noch so eine Weile im Kreis, der wispernden Schlangen. Denen es verboten worden war, die zwei allein zu \u0001 \u0002 konnte nicht anders als schlucken, als sie den ersten Schritt an den beiden W\u00e4nden rechts und links von ihr vorbeitrat. Wo andere W\u00e4nde aus Holz und Stein geschaffen waren, so waren es diese hier aus abertausenden von Schlangen, die mit aufbegehrenden K\u00f6pfen, dicht an dicht gepresst, riesige W\u00e4lle links und rechts von ihr bildeten und mit ihrem kollektiv lauten Zischen eine G\u00e4nsehaut auf ihrem R\u00fccken hinabfahren lie\u00df. Sie nickte dem Jungen zu, wie als wolle sie best\u00e4tigen, dass die Schlangen sie nicht im ersten Moment angegriffen hatten, obwohl dieser es selbst sehen konnte. Trotzdem wusste sie was das f\u00fcr eine dumme Idee war. Jedoch mussten sie diesen Pfad gehen, falls sie irgendwann an die Oberfl\u00e4che kommen wollten, dieser Teil der H\u00f6hle war fast vollkommen von Einer intakten Ruinenstruktur eingenommen gewesen, die vermutlich auch einen Ausgang an der Oberfl\u00e4che \u0001 \u0002 auch immer f\u00fcr dieses Schauwerk verantwortlich war, vielleicht lie\u00df er ja mit sich verhandeln. Sie verfluchte, die vermaledeite Dunkelheit dieser H\u00f6hle und w\u00fcnschte sich so sehr die Macht zur\u00fcck, die ihr das Sonnenlicht gab. \"Wir gehen geradewegs auf es zu\", fl\u00fcsterte Okult leise zu Pax, als sie die ersten Schritte im Korridor aus Schlangen gegangen waren. 10 Arml\u00e4ngen. 20 Arml\u00e4ngen. 50 Arml\u00e4ngen. Okult war dankbar, als die W\u00e4nde aus lebendigen Reptilien, langsam von geraden dichten Steinw\u00e4nden abgel\u00f6st wurden, nur noch einige Kreuzungen, andere Wege wurden von den Leibern der Schuppigen versperrt, und lie\u00dfen nur einen Pfad zu. Dann, nach einem letzten Knick im Flur, \u00f6ffnete sich der Gang zu einem gro\u00dfen Raum, der auf der R\u00fcckseite einen Treppenaufgang \u0001 \u0002 Braunes, zu mehreren dicken Str\u00e4ngen verfilztes, gr\u00fcnlich beflecktes Haar, fiel zuseiten des wei\u00dfgrauen leicht geschuppten Gesichtes, das sie geziert von einem widerlich, hingerissenen, \u00fcbertriebenen L\u00e4cheln, anstarrte. Das Wesen breitete die nackten Arme aus und kam ein Lachen von sich gebend, um den Steinblock der vor ihm in der Mitte des Raumes stand, auf sie zu, wobei es den Schlangenschwanz offenbarte, der anstelle von Beinen ab seinem Bauchnabel unten aus ihm herauswuchs. \"Willkommen meine Familie\", kr\u00e4chzte es mit m\u00e4nnlicher br\u00f6ckelnder Stimme. W\u00e4hrend zeitgleich, die dutzenden von weiteren Schlangen, die sich in den Ecken des Raumes dr\u00e4ngten, die Umgebung mit einem seltsamen Gesangartigen Klang flutetenIn dieser gespenstischen Musik ging Pax einen Schritt vor und hielt ihre Klinge kampfbereit. \"Wir wollen hier m\u00f6glichst schnell hier raus\". Sagte sie k\u00fchl und begutachtete, dass was auch immer das war. Auch wenn sie zuerst auf einen Mutanten tippen w\u00fcrde, doch ganz sicher war sie sich da nicht unbedingt. So starke Mutationen hatte sie selten gesehen. Dieser Mann, auch wenn er die Grundz\u00fcge eines Menschen hatte, wirkte alles verformt, glatter, weniger ausgepr\u00e4gt, mehr Schlangen\u00e4hnlicher als humanoid, dass es einem schwer fiel ihn, als einen Menschen zu erkennen.\" Kommt her! Ich musste so lange warten bis ihr endlich hier seid! Seit ich von meinen Freunden \u00fcber eure Ankunft erfahren habe! Es ist Zeit zum Mittagessen\" Er wies mit seinen Stummelfingern auf den Steinblock hinter sich. Pax gefiel gar nicht, das er ihre Worte ignorierte. Sie hob pr\u00fcfend eine Augenbraue und dachte nicht daran ihre Waffe zu senken. Die Kaninchen die dort noch mit Fell, vollkommen Ungeh\u00e4utet lagen, hatte Pax schon vorhin entdeckt. \"Kommt Minva und Shirnag bevor meine Lieben noch zugreifen\", sprach der \u0001 \u0002 hatte keine Ahnung wie er reagieren sollte. Er stand still und zittert hinter Pax und konnte nur das Licht des Mutanten betrachten, das bedrohlich durch den ganzen Raum wallte und die Schlangen in der ganzen Umgebung durchrang. \"Ich kenn keine Minva und Shirnag, sch\u00f6nen Tag noch, oder Nacht\", durchbrach Pax die Stille. Die Einsamkeit hatte wohl einige abnormale Verhaltensweisen angew\u00f6hnt, dachte die blondhaarige Streunerin und sie machte Anstalten in einem weiten Halbkreis um den Mann in Richtung der Treppe zu gehen. Der Schwarzhaarige hielt sich dich an ihr. \"Los komm zu mir! Ich habe schon so lang auf euch gewartet! Solang bis wir uns wiedersehen! Wir wollen Essen und danach unsere Verm\u00e4hlung feiern\" Die geschlitzten gelben Augen des Muntanten durchbohrten die Beiden. Wenn ich nicht hier unter gefangen w\u00e4re, w\u00e4re das jetzt eine \u00fcberaus am\u00fcsante Situation, durchfuhr es Pax, der hat sie ja nicht mehr alle. Der pervers lachende Ausdruck, wandelte sich mehr und mehr in einem w\u00fctenden gereizten Blick, mit dem er sie schier aufzuspie\u00dfen versuchte. \"Kommt her\", befahl er in einem Ton, der es nicht gewohnt war Widerrede zu erfahren. Sein Fokus lag auf den Beiden, als versuche er die Worte direkt in ihren Kopf zu sch\u00fctten, doch was auch immer er versuchte zu bezwecken es klappte nicht. Schlie\u00dflich begann er sich sch\u00fctteln und zu kreischen und die H\u00e4nde vor die Brust zu schlagen. Pax und Okult nutzen die Gelegenheit, um einfach Richtung Treppen zu rennen, doch gerade als sie fast die erste Stufe erreicht hatten, warf sich der Schlangenmutant an Pax Fu\u00df und brachte sie ins Straucheln. Die Streunerin wurde unfreiwillig vom Boden gek\u00fcsst und sie unterdr\u00fcckte mehre Fl\u00fcche. W\u00e4re Okult nicht anwesend, w\u00e4re es keine Gedanken geblieben. Sie brauchte nicht lange um wieder auf den Beinen zu stehen, aber ihr Fu\u00df wollte sich nicht so einfach l\u00f6sen. \"Ihr m\u00fcsst hierbleiben! Wir- wir sind eine Familie. Bleibt bei mir ihr d\u00fcrft nicht Weggehen !- Ich- ich will-\". Na super, dachte Pax, das h\u00e4tte so einfach sein k\u00f6nnen, aber nein, wir begegnen einen verr\u00fcckten Schlangendingstabums. Die Platinblonde versuchte ihren Fu\u00df freizubekommen, doch trotz der unf\u00f6rmigen H\u00e4nde, war der Griff des Schlangenmenschen unglaublich stark und unl\u00f6slich. \"Pax, die Schlangen kommen auf uns zu\", h\u00f6rte sie Okult panisch kreischen. Die ganzen Reptilien die sich in dem Raum befunden hatten, kamen mit gespaltene Zunge \u00fcber den steinernen Boden auf sie zu gekrochen. Fauchend griff Pax nach ihrem Naginata und hieb mit dem stumpfen Ende der Waffe mit voller Wucht auf die Arme des Mutanten ein, bis dieser mit einem Schmerzensgeheul endlich \u0001 \u0002 sprang sie die ersten Stufen hoch, w\u00e4hrend hinter ihr einige Bisse ins Leere gingen. Sie scheuchte den dunkelhaarigen Jungen, der auf sie gewartete hatte, vor sich her. Einige Schlangen kamen Okult und Pax von oberhalb der Treppe entgegen, doch diese fegte die Blau\u00e4ugige eilig mit ihrer Schwertlanze zur Seite. Doch das Schreien, des Schlangenmutanten hinter ihnen wollte einfach nicht leiser werden. Pax presste ihre Lippen zusammen und rannte weiter vorw\u00e4rts. Sie meinte sogar, dass es nur in St\u00e4rke und Intensit\u00e4t dieser verfluchten Schreie mit jedem Schritt den sie sich entfernten zunahm. Steine, Metallstriemen und Schlangen, lagen in dem Gang, voller halb eingest\u00fcrzter Flure und G\u00e4nge, w\u00e4hrend sie eilig versuchten einen Weg nach drau\u00dfen zu finden. Das Schreien wurde immer lauter und unmenschlicher. Hastig liefen sie an einigen Schlangen vorbei, doch anstatt sie anzugreifen, kr\u00fcmmten sich die Schuppentr\u00e4ger, wie unter den gr\u00f6\u00dften Todesqualen am Boden, w\u00e4hrend das Gebr\u00fcll immer unmenschlicher wurde. Schwarze Partikel stiegen von den sich windenden K\u00f6rpern auf, w\u00e4hrend der Geruch nach Schatten sich im Untergrund ausbreite. \"ER VERWANDELT SICH\", quiekte Okult. Der Kleine hatte einen Blick nach hinten gewagt. \"Verdammt\", fl\u00fcsterte Pax, so brachte sie doch einen Fluch aus ihrem Mund, obwohl sie das vermeiden wollte. W\u00e4hrend das Br\u00fcllen einem, auf sie zurasenden, Klirren und bersten wich, dem Ger\u00e4usch unz\u00e4hliger auf sie zu wallender K\u00f6rper. Als Pax einen kurzen Blick nach hinten warf, sah sie ein Meer aus Schatten, das w\u00fctend auf sie zu brauste. Es spornte die Streunerin an noch schneller zu Laufen. ??? Mutantenschatten I-------------------------------------I\"Dort lang\", rief Okult mit rasselnder Stimme und zeigte vorn rechts, im Gang, auf eine Treppe die weiter nach Oben f\u00fchrte. Gerade rechtzeitig hatten sie angefangen die neuen Stufen zu erklimmen, als sich schon die Welle aus Schlangen hinter ihnen an der Abbiegung brach. Ein schwacher Schein drang Pax von Oben entgegen und gab ihr wortw\u00f6rtlich Kraft. Kaum ber\u00fchrte einer der Lichtstrahlen ihre Haut, durchfuhr sie eine Welle von Energie und Erleichterung. An Anhalten war nicht zu denken. Doch diese Illusion konnte nicht lange \u0001 \u0002 der Schwarzhaarige und die Platinblonde aus dem Eingang der Ruinen traten, schien f\u00f6rmlich hinter ihnen der Bau in tausenden von schwarzen Schlangen zu explodieren, die nun weiter w\u00fctend auf die zwei zu jagten. Fast schon bei ihnen waren. Befreit durch den Verlust der W\u00e4nde. Und Pax erkannte, dass sie nicht mehr lange weglaufen konnten. \"Renn\", schrie sie also Okult zu und lies seine Hand los, um ihn leicht von sich fort in den Wald zu schieben, der den kleinen Berg umgab, an dem das \u00dcberbleibsel der Zivilisation der Alten lag. \"Los\", wiederholte sie als der Schwarzhaarige z\u00f6gerte. Seine violetten Augen trafen unsicher, weinerlich ihre blauen ein letztes Mal. Dann verschwand er, w\u00e4hrend Pax ihr Naginata sch\u00fctzend vor sich Schwang, um den Strom an Schlangen zur\u00fcckzuschlagen, der sie fast \u00fcberrollte. Guter Junge, dachte die Streunerin, als sie h\u00f6rte wie er verschwand. Sie sprang r\u00fcckw\u00e4rts, w\u00e4hrend sie die unz\u00e4hligen M\u00e4uler abwehrte, verlegte ihre Route jedoch mehr und mehr nach rechts, um die Schlangen nicht in Richtung des Kindes zu treben. Doch die Schattenschlangen w\u00e4lzten sich durch Busch und Gestr\u00fcpp wie eine Flut aus Finsternis, verschlangen jedes Kraut sowie die Giftgr\u00fcnen Pilze die hier und da wuchsen. Pax fluchte und rannte, nur um nach einigen Metern in die Augen einer riesigen Schattenschlange zu starren, die sie von hinten eingekreist hatte. St\u00f6hnend wich sie dem ersten Bissen des massigen Kopfs der Schlange mit einem Hechtsprung aus und lief weiter um \u00fcber den K\u00f6rper des Unget\u00fcms, zu klettern. Jedoch waren die Schuppen des Reptils so scharf, das sie keinen Halt fand und sich nur in die H\u00e4nde schnitt. Ein lautes Zischen k\u00fcndigte die n\u00e4chste Attacke des Monsters an, sie Sprang mit Unterst\u00fctzung eines Sto\u00dfes ihrer Waffe, so hoch sie konnte und landete wacklig auf dem Kopf der schwarzen Schlange. Sie konnte f\u00fchlen wie die Schuppen vereint mit den wilden Bewegungen der Kreatur ihre Schuhe aufschnitten, trotzdem versuchte sie das Gleichgewicht zu halten und auf dem Leib Richtung Schwanzspitze zu rennen. Doch sie sah kein St\u00fcck Gr\u00fcn mehr, links und rechts. \u00dcberall umgaben kleine Schlangen die gro\u00dfe, w\u00fctend, zischend, willig sie zu zerfressen, ungeachtet ob sie von der gr\u00f6\u00dferen dabei zerquetscht wurden. Pax sprang abermals in die Luft, als der Kopf der riesigen Schuppentr\u00e4gerin, sich umgedreht und sie erneut angegriffen hatte. Das Adrenalin in ihren Adern hielt sie am Leben. Diesmal hatte aber anscheinend das Gesch\u00f6pf ihr Ausweichman\u00f6ver vorausgesehen, und den Kopf ebenfalls nach Oben gerissen. Aufschreiend knallte die Frau auf die Spitze der Schnauze der Schlange, rutschte an die Stelle zwischen den Augen der Bestie, und schaffte es sich an der Oberlippe des Wesens festzuhalten. Auf jeden Fall f\u00fcr einen Augenblick. Die Schattenschlange b\u00e4umte sich auf, mehr als zweimal so hoch wie die Kronenschicht des Waldes und warf sie ab, mitten in Richtung der Ansammlung des Meers aus Finsternis und M\u00e4ulern. Sie fiel, verletzt, aufgeschlitzt. Einige ihrer eigenen Blutstropfen fielen neben ihr, in ihr Verderben. Sie meinte aus verkehrter Perspektive irgendwo am Ruineneingang eine halbwegs humanoide Gestalt zu sehen, die sie anstarrte und Zorn verzehrt br\u00fcllte. Doch sie l\u00e4chelte, als sie nirgendwo bei der Dunkelheit Okult sehen konnte. Das Wolkendach kl\u00e4rte in dem Moment etwas auf und einige konzentrierte, dicke Sonnenstrahlen, trafen auf ihre Augenlider, die sie schloss, w\u00e4hrend sie sich konzentrierte. Sie strahlte angeleuchtet, w\u00e4hrend der dunkle Ozean sich hob, mehrere K\u00f6pfe sich ihr entgegenstreckten um sie zu \u0001 \u0002 wurde immer deutlicher bewusst, wie sehr ihr s\u00e4mtliche Glieder schmerzte und dass an Stellen, von denen sich nicht einmal wusste, dass sie existierten. Ihre Taktik war inzwischen immer mehr ein Ich-will-nicht-sterben. Der Streunerin war bewusst das sie nicht gewinnen konnte, aber durch die Sonne am Himmel hatte sie einen Vorteil erlangt. Die Streunerin unternahm immer gr\u00f6\u00dfer Spr\u00fcnge, k\u00fcrzer Distanz. Sie konnte keinen langen Sprung vollf\u00fchren, dazu hingen ihr viel zu viele Reptilen an ihrem Hintern. Langsam aber sicher wurde die Distanz gr\u00f6\u00dfer. Sie brauchte nur noch etwas weiter zu kommen-Die Steunerin meinte der Boden unter ihren F\u00fc\u00dfen w\u00fcrde zusammenbrechen. Pax fiel ins Leere. Sie schnappte panisch nach Luft, ihre H\u00e4nde sprangen in die H\u00f6he und suchten nach etwas zu greifen, doch da war nichts, dann hatte Pax die Realit\u00e4t wieder. Der Brustkorb der Blondhaarigen bebte. In einer Sekunde erinnerte ihr K\u00f6rper sich wieder daran wo sie war. In einer Ein\u00f6de, in einem Gef\u00e4ngnis. Ihre eisblauen Augen suchten die W\u00e4nde ab. Neben ihr regte sie Alaine. Pax war voll geschwitzt. Die Kleidung klebte an ihrem K\u00f6rper aber zumindest war sie nicht mehr ersch\u00f6pft. Er hatte sich etwas erholt. Fast automatisch fand Pax Hand ihren Weg zur Brust, noch immer klopfte ihr Herz wie verr\u00fcckt. Die Verst\u00e4ndigung auf diese Tatsache war non verbal geschehen. Es war einfach passiert. Pax sch\u00fcttelte den Kopf. Es war ein wirklich seltsamer Traum gewesen oder mehr eine Erinnerung in einem Traum. Es war schon komisch, das sie sich grade jetzt an den Jungen erinnerte. Ob er tats\u00e4chlich so aussah wie sie sich ihn ertr\u00e4umt hatte. Die Streunerin bezweifelte es. Pax stand auf und reckte sich. Sie dehnte ihre Gliedma\u00dfen und begann langsam ihren K\u00f6rper in eine Verteidigende Position zu bringen. Kurz verschloss sie ihre eisblauen Augen vor dem fahlen Licht, das die Kristalle reflektierten. Es war kein Ersatz f\u00fcr Sonnenlicht, das die Blondhaarige zu vollen Kr\u00e4ften aufladen konnte. Sie war zwar wieder in der Lage auf kurze Distanzen zu teleportieren, aber mit Alaine hier- Pax entfuhr ein Seufzten. Sie hatte Okult nicht zur\u00fccklassen k\u00f6nnen und sie konnte Alaine eben so wenig zur\u00fccklassen. Alaine und sie w\u00e4ren beide nicht in dieser Situation, wenn Pax ihr geglaubt \u0001 \u0002 \u00f6ffnete wieder ihre Augen. Vor ihr stand ein vertrauter dunkelhaariger Mann mit blutroten Augen im schwarzen Gewand. Er hatte eine \u00e4hnliche Position wie sie selbst eingenommen. Auf seinem Gesicht lag ein spielerischer Gesichtsausdruck, seine Augen blitzen herausfordernd auf, dann griff er an und die Streunerin verteidigte sich. Manchmal hatten ihre Halluzinationen des Mannes auch etwas Gutes. Pax traute sich aber immer noch nicht der Gestalt einen Namen zu geben.-------------------------------------------------------------------------------------------------------------------------------------------------------------------- Link zum ersten Teil: Licht und Schatten Teil 1Link zu meiner Mitautorin: Lumina",
            "wordcount": "10.399",
            "chapter_release": "28.05.2021",
            "chapter_number": "1"
        }
    },
    "title": "Chroniken der St\u00e4mme Spotlight: Licht und Schatten (Teil 2)",
    "topic": "unspecified",
    "release": "\n28.05.2021\n\t\t\t\t\t\t",
    "author": "LifeBeast"
}