{
    "tags": [],
    "chapcount": "2",
    "wordcount": "11.339",
    "chapters": {
        "1": {
            "text": "G\u00fcldenes Sonnenlicht breitete sich \u00fcber dem Lande Keradun aus und weckte dessen Bewohner mit seiner W\u00e4rme. In einem kleinen W\u00e4ldchen lag auf einer Lichtung am Wegesrand ein Mann in eine Decke geh\u00fcllt und schlief noch fest. Als ihn die Sonnenstrahlen an der Nase kitzelten erwachte er und streckte sich g\u00e4hnend. Einen Moment blieb er noch liegen, ehe er die Decke zur\u00fcckschlug, sich von seinem Lager erhob und ein Feuer sch\u00fcrte. Er schien schon viele Winter gesehen zu haben, denn sein Haar war Silbergrau und sein Gesicht zierte schon die ein oder andere Falte. Seine dunklen Augen jedoch strahlten von jugendlicher Energie und auch ein gewisser Schalk war darin zu erkennen. Seine Kleidung war einfach und schon sehr verschlie\u00dfen, Stellenweise wurden Hose und Hemd nur noch von Flicken zusammen gehalten. Doch weder das Eine noch das Andere schien den alten Mann zu st\u00f6ren. Nur wenig sp\u00e4ter hatte er ein Fr\u00fchst\u00fcck bereitete und auch wenn es mehr als \u00e4rmlich war, schien es ihm zu \u0001 \u0002 hatte er sein Mahl beendet, als sich auf dem nahen Weg zwei Reiter \u0001 \u0002 ihren R\u00fcstungen und den Schwertern an ihren G\u00fcrteln erkannte man sofort, dass es sich um zwei Ritter handeln musste. Der eine ward von schlanker Gestalt und l\u00e4chelte freundlich als er n\u00e4her kam, w\u00e4hrend seine Augen voller Freude strahlten. Er brachte sein Pferd zum Stehen und deutete mit einem Kopfnicken eine Begr\u00fc\u00dfung an. Mit ruhiger Hand nahm er seinen Helm vom Kopfe und fuhr sich mit den Fingern durch die langen, dunkelbraunen Haare, welche in leichten Locken \u00fcber seine Schultern fielen. Mit einem vergn\u00fcgten Lachen blickte er den Weg entlang in Richtung des nahen Dorfes, ehe er mit klarer Stimme sprach: \u201eNicht mehr lange, dann kannst du dir im Dorf den Bauch voll schlagen. Ich denke doch, dass dies deine Laune bessern wird, oder etwa nicht, Uilleam?\u201cEr wandte sich seinem Begleiter zu, welcher nun ebenfalls sein Pferd z\u00fcgelte. Doch diesem schien die Rast nur wenig zu gefallen, er gr\u00fc\u00dfte nicht einmal, w\u00e4hrend sein Blick \u00fcber die kleine Waldeslichtung und das sp\u00e4rliche Lager des Wanderers glitt. Hoch erhobenen Hauptes sa\u00df er im Sattel, in einer Hand die Z\u00fcgel haltend, die andere auf dem Griff seines Schwertes ruhend. Seine imposante Gestalt lie\u00df keinen Zweifel daran, dass seine R\u00fcstung von enormen Muskeln getragen wurde und sein grimmiger Blick lie\u00df wohl ein jeden \u0001 \u0002 doch\u2026 Eine seltsame Melancholie schien von dem Manne auszugehen, welcher inzwischen sein Pferd Richtung Dorf gelenkt hatte und so unmissverst\u00e4ndlich klar machte, dass er nicht l\u00e4nger an diesem Ort zu verweilen \u0001 \u0002 Wanderer l\u00f6schte derweil das Feuer und kramte \u00e4u\u00dferst gesch\u00e4ftig seine wenigen Habseligkeiten zusammen, dann wandte er sich an den ersten Reiter.\u201eErlaubt mir eine Frage, edle Herren! Gestattet ihr es mir, euch ins Dorf zu begleiten? Ich wollte wegen des Festes eh dorthin, aber es reist sich in Gesellschaft doch um L\u00e4ngen angenehmer.\u201cDer Angesprochenen l\u00e4chelte und meinte wohlwollend: \u201eGewiss habt ihr Recht, guter Mann. So verratet mir euren Namen, dann steht eurer Anwesenheit an unserer Seite nichts im Wege.\u201c\u201eOh, verzeiht mein Herr. Ich bin Conan, der Wanderer. Reisender auf tausend Wegen und Niederschreiber allerlei Geschichten und Verse, welche mir auf meinen Reisen zugetragen werden.\u201c\u201eNun denn Wanderer, mein Name ist Sir Lyall und dieser brummige Geselle dort, \u201c er deutete mit einem breiten Grinsen zu seinem Gef\u00e4hrten, \u201eist Sir Uilleam, auch \u2019der Freudestahlende\u2019 genannt.\u201cUilleam brummte etwas Unverst\u00e4ndliches vor sich hin, und meinte dann lautstark: \u201eWollt ihr hier nun Wurzeln schlagen, oder schaffen wir es noch bis Sonnenuntergang ins Dorf?\u201cEr trieb sein Pferd an, drehte sich aber im Sattel noch einmal herum und meinte, an Conan gewandt: \u201eEs reicht ja schon, dass ich noch so eine Quasselstrippe bis dorthin ertragen muss\u2026\u201cSchon lie\u00df er sein Pferd wieder antraben und k\u00fcmmerte sich nicht mehr weiter darum, was hinter ihm geschah. Conan schien von diesem Verhalten ein wenig irritiert.\u201eSagt mir, Sir Lyall\u2026 Ist Euer Begleiter immer so\u2026 liebenswert?\u201cLyall sch\u00fcttelte den Kopf.\u201eAber nein.\u201cDann lachte er, w\u00e4hrend er sich zu Conan herunterbeugte und ihm freundschaftlich auf die Schulter klopfte.\u201eNur wenn er gute Laune hat.\u201c Der Wanderer stutzte, dann stimmte er in das Lachen des Ritters mit ein.\"Darf ich Euch noch eine Frage stellen, Conan?\"\"Aber gewiss doch.\"\"Ihr spracht eben von einem Fest. Wird im Dorf heute etwas Besonderes gefeiert?\"\u201eNun, soweit mir bekannt ist, findet in diesem Dorf jedes Jahr um diese Zeit ein Fest statt um einfach einmal die Sorgen des Alltags hinter sich zu lassen und noch einmal die Freuden eines Festes zu genie\u00dfen, bevor der graue Winter Einzug h\u00e4lt.\"\"Nun, dann lasst uns aufbrechen! Sonst ist Sir Uilleam noch vor uns da.\"So trieb der Ritter sein Pferd an und Conan, sein Hab und Gut in einem groben Rucksack auf dem R\u00fccken, ging neben ihm her, immer dem Weg \u0001 \u0002 kleine, beschauliche Dorf, zu welchem man sich nun Aufmachte, hie\u00df Bel. Es lag in einer Bucht am Ufer eines gro\u00dfen Sees, welcher das Dorf sch\u00fctzte und Ern\u00e4hrte. Zu den \u00fcbrigen Seiten war es von einem dichten Laubwald umgeben, denn man den \u2019Wald von Belaminon\u2019 nannte. Das Dorf selbst war klein und friedlich, keine Mauer oder Palisade sch\u00fctzen es, denn es drohte von keiner Seite eine wirkliche Gefahr. Die Bauernh\u00e4user bildeten zwei Reihen, welche fast Kreisf\u00f6rmig um einen gro\u00dfen Platz in der Mitte verliefen. Es gab ein kleines Gasthaus, das Haus des Dorf\u00e4ltesten, welches auch als eine Art Rathaus diente, sowie eine Schmiede. Um das Dorf herum lagen ein paar kleine Felder, mehr gab es nicht. Und mehr brauchte es auch nicht um die Bewohner von Bel zufrieden zu stellen und das zeigten sie nicht zuletzt durch ihre Dorffeste, zu denen jeder willkommen war, der sich in ihrer Mitte einfand. Oft kamen H\u00e4ndler und Fahrendes Volk dazu und so wurden die Feste ein abwechslungsreicher H\u00f6hepunkt im sonst so beschaulichen \u0001 \u0002 Weg zum Dorf war nicht lang und schlie\u00dflich betrat die kleine Gruppe den Dorfplatz, auf dem ein buntes Treiben herrschte. Der Duft von Gebraten- und Gebackenem lag in der Luft, Musik erklang, das Geschrei der Marktleute schallte \u00fcber den Platz und alle waren ausgelassen und guter Dinge. Die Gruppe wandt sich den Gasthof am Rande des Platzes zu und die beiden Ritter stiegen von ihren R\u00f6ssern. Uilleam schien es recht eilig zu haben, denn ohne viele Worte dr\u00fcckte er einem Stallburschen die Z\u00fcgel in die Hand und entschwand daraufhin auch schon in der Menschenmenge. Lyall suchte noch etwas in seiner Satteltasche, als Conan ihn ansprach.\"Sagt mir, Sir Lyall, was f\u00fchrt zwei edle Herren wie Euch eigentlich in diese einfache Gegend?\u201cSir Lyall, der seinerseits sein Pferd an einen Burschen \u00fcbergab und sich daraufhin nach seinem Begleiter umsah, schwieg einen kurzen Moment, ehe er antwortete.\u201eIch finde, wir sollten uns unsere Reiseberichte f\u00fcr den heutigen Abend aufheben und uns diese in gem\u00fctlicher Runde erz\u00e4hlen. Lasst uns nun erst einmal dem Fest beiwohnen.\u201cEr l\u00e4chelte und schlie\u00dflich bahnten sich die beiden einen Weg durch die Menschenmenge ohne jedoch zu bemerken, dass ihnen jemand dicht auf den Fersen war\u2026***Der Abend graute bereits und doch war das Fest noch in vollem Gange. Eine Gruppe junger Spielleute spielte zum Tanze auf und viele der Anwesenden kamen ihrem Aufruf nur zu gerne nach. Lyall und Conan schauten der Menge zu, w\u00e4hrend Uilleam ein wenig Abseits sa\u00df und einen Krug Bier genoss, dabei einer Gruppe junger Damen \u00fcberschw\u00e4nglich von seinen Abenteuern \u0001 \u0002 Frauen hingen f\u00f6rmlich an seinen Lippen und bedr\u00e4ngten ihn mit Fragen, wenn er nur kurz innehielt. Conan beobachtete dies interessiert und meinte dann lachend: \u201eEuer Freund Uilleam wei\u00df die Frauen f\u00fcr sich zu begeistern, habe ich Recht?\u201cLyall nickte, doch etwas in seinem Blick lie\u00df den Wanderer stutzen. Lyall bemerkte dies und meinte leise: \u201eEr bem\u00fcht sich jeden Tag aufs Neue um die Frauen, doch es ist zwecklos\u2026\u201c\u201eWas meint ihr damit?\u201cConan war verwirrt, doch sein Gegen\u00fcber h\u00fcllte sich in Schweigen, den Blick zu seinem Kameraden gewandt, der gerade zu einer weiteren Geschichte ansetzte. Conan gr\u00fcbelte derweil noch \u00fcber die Worte des Ritters nach, als dieser ihm zufl\u00fcsterte: \u201eWartet, bis die Sonne untergegangen ist\u2026\u201cNun war der Wanderer vollends verwirrt, doch sein Gegen\u00fcber gebot ihm nur mit einer Handbewegung zu schweigen. So sa\u00dfen die beiden still inmitten des Get\u00fcmmels, w\u00e4hrend die Sonne langsam hinter den Bergen verschwand. Schlie\u00dflich wurden \u00fcberall auf dem Markt Fackeln entz\u00fcndet, und auf dem Platz brannte bald ein gewaltiges Feuer, welches die anbrechende Nacht erhellte. Es wurde immer noch getanzt und gelacht, Bier floss in Str\u00f6men und die Stimmung war ausgelassen und fr\u00f6hlich. Bald schon standen die ersten Sterne am Himmel und Uilleam berichtete soeben lautstark vom Kampfe mit einem Ungeheuer, noch immer von schw\u00e4rmenden Damen umringt. Conan beschlich das Gef\u00fchl, dass der Ritter ihn verulken wollte, als pl\u00f6tzlich etwas Merkw\u00fcrdiges \u0001 \u0002 einem Mal war es, als ob die Frauen jegliches Interesse an Sir Uilleams Geschichten verloren h\u00e4tten, denn wie auf ein geheimes Zeichen hin wandten sie sich von ihm ab und gingen ihrer Wege. Nicht eine von ihnen wand sich auch nur noch einmal nach dem Ritter um, welcher nur schweigend da sa\u00df, das Haupt gesenkt, kopfsch\u00fcttelnd. Dann strich er mit einer Hand seine langen Haare zur\u00fcck und schaute sich um, trauer und Verzweiflung war in den dunklen Augen zu lesen. Doch pl\u00f6tzlich schlug seine Stimmung um, sein Bierkrug landete mit einem solch lauten Knall auf dem Tisch, dass die Umstehenden vor Schreck zusammen fuhren. Uilleam sprang auf und ging ein paar Schritte, ehe er zur\u00fcck an den Tisch trat, diesen mit einem Aufschrei packte und Richtung Feuer schleuderte. Alle Umstehenden sahen dem Ritter voller Angst nach, als dieser mit eiligen Schritten an ihnen vorbei in Richtung der Stallungen \u0001 \u0002 sa\u00df wie vom Donner ger\u00fchrt auf seinem Platze, brachte nicht mehr als ein gestottertes: \u201eWas\u2026 Was war denn das?\u201c \u00fcber seine Lippen. Sir Lyall schwieg nur und starrte in seinen Krug, ehe er sich an seinen Begleiter wendete.\u201eDas, mein lieber Freund, ist der Fluch des Sir Uilleam\u2026\u201c\u201eIch\u2026 Ich verstehe nicht\u2026\u201c\u201eDas tut niemand\u2026 Dennoch passiert es, jeden Tag aufs Neue. Sir Uilleam bem\u00fcht sich redlich um die Damen und viele zeigen Interesse an ihm. Doch kaum das die Nacht herein bricht\u2026 Nun, ihr habt ja gesehen was passiert ist.\u201cConan nickte, doch so recht begreifen konnte er das Ganze wohl noch nicht.\u201eEs schien mir als\u2026 Als w\u00fcrden sie alle auf einmal das Interesse verlieren. Ich m\u00f6chte sogar behaupten, es sah so aus als\u2026 W\u00e4hre Sir Uilleam auf einmal gar nicht mehr anwesend\u2026\u201cSir Lyall nickte, ehe er einen Schluck aus seinem Krug nahm.\u201eIch wei\u00df nicht wie viele Jahre ich nun schon mit Sir Uilleam reise und wie viele Male ich dies beobachtet habe. Doch ganz egal was er auch versucht, oder wohin wir reisen. Es ist jedes Mal dasselbe. Und das hat ihn ver\u00e4ndert im Laufe der Jahre\u2026\u201c\u201eWie\u2026 Wie meint ihr das?\u201cGerade will Lyall antworten, als ein Aufschrei und das Geklapper von Hufen ihn und seinen Begleiter herumwirbeln lie\u00df. Aus dem nahen Stall preschte mit gro\u00dfen Spr\u00fcngen ein Pferd hervor und jagte durch die auseinander getriebene Menge Richtung Wald davon. Auf seinem R\u00fccken niemand anderes als Sir Uilleam.***Die Nacht war bereits weit vorangeschritten und das Fest lange vorbei, doch Lyall und Conan sa\u00dfen noch immer im Gasthof am Tisch und unterhielten sich. Es waren nur wenige andere G\u00e4ste anwesend, die meisten lagen wohl schon in den Betten. Der alte Wirt stand an seinem Tresen und putzte schon seit schier endloser Zeit an ein und demselben Krug herum, w\u00e4hrend er den Ritter und den Wanderer beobachtete und sichtlich bem\u00fcht war, etwas von ihrem Gespr\u00e4ch zu erhaschen. Doch die beiden fl\u00fcsterten mehr als dass sie sprachen, so dass ihm der Inhalt ihrer Unterhaltung verborgen blieb.\u201eUnd ihr sagt, ihr habt keinen Schimmer, was der Grund f\u00fcr diesen\u2026 Fluch ist?\u201cLyall sch\u00fcttelte den Kopf und grinste dabei den Wirt an, welcher immer noch versuchte zu lauschen. Erst als sich dieser sichtlich besch\u00e4mt wegdrehte, antwortete der Ritter.\u201eNein und wir konnten auch in all den Jahren unserer Reise keine Antwort finden. Ich kenne Uilleam schon seit wir Knaben waren, wir sind zusammen bei einem Edelmann in die Lehre gegangen. Er war ein lustiger Bursche, immer zu Sp\u00e4\u00dfen und Albernheiten aufgelegt und stets auf der Suche nach dem n\u00e4chsten Abenteuer. Sehr zum Leidwesen unseres Mentors.\u201cDer Ritter lachte ob dieser Erinnerung, w\u00e4hrend sein Gegen\u00fcber mit fragendem Gesichtsausdruck der Erz\u00e4hlung lauschte.\u201eIch wei\u00df schon, was ihr denkt.\u201c, meinte Lyall nun lachend, \u201eIhr fragt euch, ob ich von jenem Uilleam rede, den ihr doch als so unglaublich liebenswert kennen gelernt habt. Doch ich kann euch diese Frage mit einem klaren \u201aJa\u2019 beantworten. Denn wie ich vorhin bereits erw\u00e4hnte: Er hat sich ver\u00e4ndert\u2026\u201cPl\u00f6tzlich wurde die T\u00fcr zur Gaststube aufgesto\u00dfen und ein kalter Windhauch durchstreifte den Raum. Die Person in der T\u00fcr blieb einen Moment unbeweglich stehen, ehe sie eintrat und die T\u00fcr mit einem Poltern ins Schloss fallen lie\u00df.\u201eAh, willkommen edler Herr, willkommen in meinem Bescheidenen\u2026\u201cDer Wirt, welcher sofort hinter der Theke hervorgesprungen war um den neuen Gast zu begr\u00fc\u00dfen, wurde von diesem in seinem Redeschwall unterbrochen.\u201eWas zu Essen und \u2019nen Bier.\u201c, knurrte der Neuank\u00f6mmling nur barsch, ehe er den verdutzten Wirt im Raume stehen lie\u00df und auf den Tisch zuging, an dem Conan und Lyall sa\u00dfen. Der Wanderer sah den Ritter erneut fragend an, doch Lyall sagte nichts, r\u00fcckte nur auf der Bank ein St\u00fcck zur Seite, um Platz zu machen. Sir Uilleam, welcher sich ohne ein Wort zu sagen am Tisch niederlie\u00df, sah nicht gerade aus, als h\u00e4tte er gro\u00dfe Lust auf ein ausladendes Gespr\u00e4ch. Er wirkte m\u00fcde, die Haare waren zerzaust, sein Umhang zerrissen und seine Stiefel und Hosenbeine trieften vor Dreck. Die \u00fcbrigen G\u00e4ste beobachteten den Ritter, welcher so gar nicht dem Bild eines Edelmannes entsprechen wollte, mit einer Mischung aus Neugierde und Unverstand und so bemerkte niemand, dass eine weitere Person den Raum \u0001 \u0002 schloss die T\u00fcr fast lautlos hinter sich und schaute sich kurz um, ehe sie auf einen Tisch in der Ecke zusteuerte, welcher fast v\u00f6llig im Dunkeln lag. Die Schritte klangen seltsam hart auf dem h\u00f6lzernen Boden, doch dies war nicht das einzig Seltsame an der recht kleinen Gestalt. Sie war in einen dunkelgr\u00fcnen Umhang geh\u00fcllt, welcher knapp bis zum Boden reichte und die gro\u00dfe Kapuze war weit ins Gesicht gezogen, sodass nicht zu erkennen war, wer sich darunter verbarg. Den gro\u00dfen Lederrucksack, welcher mit seltsamen Mustern geschm\u00fcckt war, legte der fremde Gast neben sich auf einen Stuhl, ehe er sich setzte und schweigend die anderen G\u00e4ste \u0001 \u0002 Wirt hatte den Neuank\u00f6mmling noch gar nicht bemerkt, als er die Bestellung von Sir Uilleam brachte.\u201eMit bester Empfehlung des Hauses!\u201c, s\u00e4uselte er geradezu, als er den voll beladenen Teller und einen Krug Bier vor dem Ritter auf den Tisch stellte. Doch dieser deutete dem Wirt nur mit einer Handbewegung an zu gehen, ehe er sich stillschweigend seiner Mahlzeit zu wand. Auch Lyall und Conan schwiegen, wobei Letzterer den Eindruck erweckte, als w\u00fcrden ihm tausend Fragen auf der Zunge liegen. Lyall l\u00e4chelte und wand sich schlie\u00dflich an den Wanderer.\u201eSagt mein Freund, werdet ihr heute Nacht auch im Dorfe bleiben? Es scheint dort drau\u00dfen doch recht st\u00fcrmisch zu sein.\u201cEr deutete auf Uilleams Haare, welche hie und da von Bl\u00e4ttern und Gestr\u00fcpp geziert wurden. Conan l\u00e4chelte, erwiderte dann aber mit leichtem bedauern in der Stimme: \u201eGerne w\u00fcrde ich die Nacht in einer warmen Stube verbringen, nur f\u00fcrchte ich, dass mein Erspartes schon f\u00fcr mein Mittagsmahl reichen musste. Aber sorgt euch nicht, ich habe bis jetzt noch immer einen trockenen Platz zum Schlafen gefunden und sei es in einem hohlen Baum.\u201c\u201eIhr wollt im Wald n\u00e4chtigen? Bei meiner Ehre, das kommt nicht in Frage! Herr Wirt!\u201cSofort lie\u00df der grobschl\u00e4chtige Kerl von seiner Arbeit ab und trat erneut an den Tisch.\u201eIhr habt gerufen, edler Herr?\u201c\u201eWir werden heute Nacht hier bleiben, seit so gut und richtet einen Raum f\u00fcr uns her.\u201cEr deutete dabei in die Runde, woraufhin der Wirt nur ergeben nickte.\u201eUnd dann seid so gut und bringt uns auch noch etwas zu trinken.\u201cDer Wirt grinste daraufhin breit, ehe er mit einem ges\u00e4useltem: \u201eJawohl der Herr, ich werde dies mit Freuden erledigen.\u201c und einer angedeutet Verbeugung verschwand.\u201eAber Sir Lyall, ich kann doch unm\u00f6glich auf eure Kosten\u2026\u201c\u201eMacht euch dar\u00fcber mal keine Gedanken, ich lade euch gerne ein. Und Sir Uilleam hat sicher kein Problem damit heute Abend das Quartier mit euch zu teilen, nicht war mein alter Freund?\u201cEr klopfte dem angesprochenen auf die Schulter, welcher dies nur mit einem tiefen Brummen erwiderte.\u201eIch\u2026 Ich danke euch vielmals, edle Herren. Ich hoffe, ich kann mich eines Tages erkenntlich zeigen.\u201c\u201eDaf\u00fcr wird sich sicher eine M\u00f6glichkeit ergeben!\u201cLyall ergriff den Krug, den der Schankwirt soeben gebracht hatte und hob diesen den anderen entgegen.\u201eZum Wohl meine Freunde!\u201c\u201eZum Wohl!\u201cEs wurde angesto\u00dfen und w\u00e4hrend Uilleam schweigend a\u00df und die \u00fcbrigen zwei bald in ein Gespr\u00e4ch vertieft waren, beobachtete sie die seltsame Person in der Ecke mit \u0001 \u0002 entschied man sich zu Bett zu gehen und die drei M\u00e4nner begaben sich in die obere Etage des Hauses, wo sich die Zimmer der G\u00e4ste befanden.***Es war still geworden in dem kleinen Gasthaus, alles lag friedlich in den Betten und schlief, nur Uilleam konnte keinen Schlaf finden. Unruhig w\u00e4lzte er sich hin und her, doch kaum dachte er endlich schlafen zu k\u00f6nnen, schreckte er auf. Er hatte das ungute Gef\u00fchl, dass irgendetwas nicht in Ordnung war. Brummend drehte er sich auf den R\u00fccken, legte die Arme unter seinen Kopf und schaute zum Fenster hinaus, wo sich der Mond soeben durch die Wolkendecke \u0001 \u0002 war er nur zu sehen, der Rest seiner silbernen Pracht lag im dunklen verborgen. Und doch war er voller Sch\u00f6nheit, fast umgab ihn etwas Magisches. Der Ritter betrachtete die dunklen Schatten, die dem Mond fast ein Gesicht zu geben schienen. Verwundert richtete Uilleam sich auf und betrachtete den Mond genauer. Und auf einen Schlag wurde ihm bewusst, dass dort oben tats\u00e4chlich der Umriss einer Frau zu sehen war. Oder t\u00e4uschten ihn seine Sinne? Doch gerade als er einen weiteren Blick auf diese Erscheinung erhaschen wollte, schob sich eine dunkle Wolke vor den Mond und lie\u00df das Land in Finsternis \u0001 \u0002 sank auf sein Kissen zur\u00fcck und schloss die Augen, doch er fand keine Ruhe. Schon oft hatte er des Nachts den Mond betrachtet, doch nie war ihm die Dame im Mond \u0001 \u0002 drehte sich der Ritter herum und starrte an die Decke, doch die Unruhe die ihn wach hielt wollte nicht weichen. In seinem Kopf kreisten die Gedanken immer noch um das, was an diesem Abend geschehen war. Das, was ihm in den letzten Jahren so oft widerfahren war, das er nicht mehr daran glaubte, jemals sein Gl\u00fcck zu finden. Lyall sprach von einem Fluch und Uilleam war sich inzwischen sicher, dass es wirklich einer \u0001 \u0002 woher kam er? Und wie konnte er ihn brechen? Doch was dem Ritter wohl am schwersten auf der Seele lag, war eine weitere Frage auf die er einfach keine Antwort fand: Warum? Was hatte er verbrochen, dass er so gestraft wurde? Warum musste er sich das Gl\u00fcck der anderen ansehen, wenn er selbst dazu verdammt war, einsam zu bleiben?Uilliam seufzte und warf noch einmal einen Blick Richtung Mond, doch dieser hatte sein Angesicht hinter den Wolken verborgen. So drehte er sich schlie\u00dflich erneut herum und nach einer gef\u00fchlten Ewigkeit fiel er endlich in tiefen Schlaf.***Der n\u00e4chste Morgen begann tr\u00fcb und regnerisch, graue Wolken hingen am Himmel und ebenso grau schien auch die Laune von Sir Uilleam zu sein. M\u00fcrrisch sa\u00df er mit den anderen Zweien beim Fr\u00fchst\u00fcck, aber er bekam keinen Bissen herunter. Lyall kannte seinen Freund seit den letzten Jahren als still und wortkarg, doch er merkte genau, dass dieses Schweigen kein gew\u00f6hnliches war. Schon will er sein Gegen\u00fcber darauf ansprechen, als dieser ihn ansah und mit unterdr\u00fcckter Stimme knurrte: \u201eIch will nicht dar\u00fcber sprechen!\u201cLyall hob nur beschwichtigend die H\u00e4nde und meinte kurz: \u201eSchon gut, schon gut. Dann will ich dich auch zu nichts dr\u00e4ngen.\u201c, ehe er sich an Conan wandte, welcher der ganzen Sache nur schweigend zugeschaut hatte.\u201eSagt mir, Wanderer, wohin f\u00fchrt Euch euer Weg?\u201c\u201eOh, das kann ich nie mit Gewissheit sagen. Ich lande dort, wohin der Wind mich treibt und wohin meine F\u00fc\u00dfe mich tragen.\u201c\u201eNun, ich hoffe doch, dass Euch Eure F\u00fc\u00dfe noch eine Weile in dieselbe Richtung tragen wie uns, denn Eure Gesellschaft scheint mir eine sehr angenehme zu sein. Und da mein werter Freund hier von jeher nicht so gespr\u00e4chig ist, w\u00e4re ich froh jemanden an meiner Seite zu wissen, mit dem man sich gefahrlos unterhalten kann.\u201cBei seinen letzten Worten r\u00fcckte Lyall ein wenig von dem neben ihm sitzenden Uilleam weg, denn dieser sah ihn gerade mit einem Blick an, der nichts Gutes verhie\u00df. Lyall l\u00e4chelte jedoch nur beschwichtigend und Sir Uilleam schien zum Gl\u00fcck keine wirkliche Lust auf eine Reiberei zu haben.\u201eWerter Sir Lyall, es w\u00e4re mir eine Ehre, wenn ich die edlen Herren noch eine Weile begleiten d\u00fcrfte. Doch sagt mir, habt Ihr ein Ziel f\u00fcr Eure Reise?\u201c\u201eDas haben wir in der Tat. Unsere Heimat liegt nur noch wenige Tagesreisen von diesem Ort entfernt und wir wollen unseren Familien einen Besuch abstatten, ehe wir weiter reisen. Ihr d\u00fcrft uns gerne dorthin begleiten, wenn es Euch beliebt.\u201c\u201eSehr gern, habt Dank, Sir Lyall. Und auch Euch danke ich, Sir Uilleam.\u201cUilleam brummte nur etwas Unverst\u00e4ndliches, w\u00e4hrend er lustlos an seinem Brot herumkaute, und so vertieften sich die beiden anderen Weggef\u00e4hrten bald in belanglose \u0001 \u0002 der Ecke der Gaststube jedoch sa\u00df erneut die geheimnisvolle Person, ein bescheidenes Mahl vor sich, wieder die Kapuze des Mantels tief ins Gesicht gezogen. Sie schien ganz in ihr Essen vertieft, nur hin und wieder hob sie den Kopf und schaute zu den drei Reisenden hin\u00fcber, anscheinend doch sehr an deren Gespr\u00e4chen interessiert. Ob sie von diesen auch nur ein Wort verstand war ungewiss, doch es hatte fasst den Anschein, denn bald umspielte ein wissendes L\u00e4cheln den Mund des fremden Gastes. Als sich die Freunde schlie\u00dflich erhoben, blieb der Blick des Unbekannten fest auf diese gerichtet, als ob er f\u00fcrchtete etwas Wichtiges zu verpassen.***Der Tag war schon weit vorangeschritten, als man sich zum Aufbruch bereit machte und w\u00e4hrend Lyall die Zeche bezahlte, k\u00fcmmerte sich Uilleam um ihre Pferde. Kurz darauf trafen sich die drei Gef\u00e4hrten vor dem Gasthof, wo Uilleam seinem Kameraden dessen Pferd \u00fcbergab und sich dann seinerseits in den Sattel schwang. Conan hatte sein B\u00fcndel geschultert und war augenscheinlich auch bereit zum Aufbruch, doch Lyall z\u00f6gerte noch.\u201eIch f\u00fcrchte, ihr werdet den Weg zu Fu\u00df zur\u00fccklegen m\u00fcssen, mein Pferd ist nicht mehr das j\u00fcngste, und ich f\u00fcrchte, dass zwei Reiter zu viel f\u00fcr das alte M\u00e4dchen w\u00e4ren.\u201cConan l\u00e4chelte ob dieser Besorgnis und meinte abwinkend: \u201eMacht Euch um mich keine Sorgen, ich bin schon so viele Meilen gereist, da werden mich die folgenden schon nicht ins Grab bringen.\u201c\u201eTrotzdem f\u00e4nde ich es unfair Euch gegen\u00fcber, wenn wir zwei reiten und ihr lauft. Daher werde auch ich zumindest eine Teil des Weges zu Fu\u00df zur\u00fccklegen.\u201c\u201eTut was Ihr wollt, ich reite!\u201c, ert\u00f6nte nun Sir Uilleams kr\u00e4ftige Stimme, welcher sein Pferd ohne ein weiteres Wort Richtung Dorftor lenkte. Lyall sch\u00fcttelte nur mit saurer Miene den Kopf ehe er, sein Pferd f\u00fchrend, dem anderen \u0001 \u0002 bereits im n\u00e4chsten Wald hatte Sir Uilleam ein Einsehen und folgte den anderen ebenfalls auf Schusters Rappen. Und so begann die Reise der drei ungleichen Gef\u00e4hrten und keiner von ihnen wusste wohin sie der Weg wirklich f\u00fchren w\u00fcrde, noch, dass ihnen jemand wie ein Schatten folgte.",
            "wordcount": "3.949",
            "chapter_release": "24.01.2022",
            "chapter_number": "1"
        },
        "2": {
            "text": "Der Tag neigte sich langsam seinem Ende zu und immer noch fiel der Regen und dichte Wolken tauchten das Land in graues Zwielicht. In dem Wald den die Gef\u00e4hrten durchschritten war es noch d\u00fcsterer, doch das dichte Blattwerk hielt wenigstens das meiste Regennass von den Wanderern fern. Trotzdem waren die Gef\u00e4hrten bald durchn\u00e4sst und dies steigerte nicht unbedingt die Laune Sir Uilleams. Vor allem, da sich Lyall und Conan von dem schlechten Wetter nicht davon abhalten lie\u00dfen, freudige und mitunter lautstarke Gespr\u00e4che zu f\u00fchren. Uilleam, der sich inzwischen wieder in den Sattel seines Pferdes geschwungen hatte sah aus, als w\u00fcrde er jeden Augenblick aus der Haut fahren. Schon drehte er sich im Sattel herum und wollte seinem Unmut freien Lauf lassen, als er inne hielt und verwundert an den beiden anderen vorbei starrte. Dann ergriff er die Z\u00fcgel, riss sein Pferd herum und preschte den Weg entlang. V\u00f6llig verwundert schauten Conan und Lyall ihm nach, als Uilleam sein Pferd in vollem Lauf erneut herumriss und es unter kr\u00e4ftigem Schenkeldruck in das Gestr\u00fcpp \u0001 \u0002 Weile war nichts zu h\u00f6ren, au\u00dfer dem Schnauben des Pferdes, dem Rascheln von Bl\u00e4ttern und dem Knacken zahlreicher \u00c4ste. Dann trat f\u00fcr einen Moment Stille ein, doch diese wurde alsbald von einem Schreckensschrei zerrissen, gefolgt von etlichen gefl\u00fcgelten Worten, die ein Rittersmann eigentlich nicht in den Mund nehmen sollte. Erschrocken dr\u00fcckte Lyall die Z\u00fcgel seiner Stute dem nicht minder \u00fcberraschten Conan in die Hand und lief los, als Uilleam aus dem Unterholz schritt. Er sah ziemlich zerknirscht aus, w\u00e4hrend er auf den Weg trat, in einer Hand die Z\u00fcgel seines Pferdes haltend, in der anderen\u2026 Lyall blieb vor Staunen der Mund offen stehen, als er erkannte, dass Uilleam eine Gestalt am ausgestreckten Arm einige Handbreit \u00fcber dem Boden \u0001 \u0002 Verfolger trug einen langen Mantel, dessen gro\u00dfe Kapuze er tief ins Gesicht gezogen hatte und versuchte mit aller Kraft, sich zu befreien. Doch Uilleam hatte den Fremden an Mantel und Hemdkragen gepackt und lie\u00df nicht locker, dabei versuchte er jedoch stetig, den wild durch die Luft schlagenden Beinen der Gestalt nicht zu nahe zu kommen. Lyall stand noch immer wie angewurzelt da, denn ihm wurde soeben gewahr, dass die Beine des Fremden wie die eines Tieres geformt und mit Fell bewachsen waren. Auch endeten sie in gespaltenen Hufen, welche eher zu einer Ziege, oder einem Reh zu passen schienen. Auch Conan war an das Geschehen herangetreten und stand neben Lyall, w\u00e4hrend Uilleam die strampelnde Gestalt auf dem Boden abgesetzt hatte, nicht aber, ohne vorher die Handgelenke des Verfolgers zu ergreifen und festzuhalten. Diese waren so schmal, dass der Ritter nur eine Hand dazu ben\u00f6tigte. Mit der anderen klopfte er sich sichtlich genervt seine Hosenbeine ab, wobei seinen Begleitern auffiel, dass das Rechte einen breiten Riss am Knie aufwies und aus der Wunde darunter Blut sickerte. Lyall musste grinsen und meinte, w\u00e4hrend er Conan mit dem Ellenbogen anstie\u00df: \u201eSeht euch das an, der Kampf mit unserem Verfolger muss ein gar schwerer gewesen sein. Sir Uilleam ist schwer verwundet.\u201cConan kicherte, verstummte aber sofort, als er Uilleams b\u00f6sen Blick \u0001 \u0002 knurrte nur, dann meinte er, wobei er die Gestalt an sich heranzog und mit einem Arm umschlingend festhielt: \u201eWie w\u00e4re es, wenn Ihr Euren Spott wieder in Eurer Satteltasche verstaut und mir hier zur Hand gehen w\u00fcrdet, Sir Lyall?\u201cLyall folgte der Aufforderung und trat auf den Gefangenen zu, wobei er sich ein Grinsen nicht verkneifen konnte.\u201eNun gut, dann wollen wir doch einmal sehen, wer sich unter der Kapuze verbirgt...\u201c\u201eOder was...\u201c, knurrte Uilleam, wobei er den Druck seines Armes \u0001 \u0002 Gestalt reichte ihm gerade mal bis zur Brust, doch dass sie sich zu wehren wusste, hatte er ja schon schmerzlich erfahren. Conan ergriff derweil die Z\u00fcgel von Uilleams Pferd und betrachtet sichtlich neugierig den Fremden. Dieser wand sich wie ein Aal und versuchte nach Sir Lyall zu treten, doch dieser packte blitzschnell zu und hielt die Hufe dicht \u00fcber den Kn\u00f6chel fest.\u201eNa, na, na, wir wollen doch nicht unh\u00f6flich werden. Ein Verletzter reicht doch wohl!\u201cNun erhob der Fremde die Stimme, welche eindeutig weiblich war, doch keiner der Anwesenden konnte auch nur ein Wort verstehen, denn die Sprache war ihnen vollkommen unbekannt. Allerdings war sofort klar, dass die Worte keinesfalls freundlich gemeint waren.\u201eJetzt langt es aber!\u201cSir Uilleam lie\u00df die Handgelenke des Fremden f\u00fcr einen kurzen Augenblick los und riss ihm mit einer schnellen Bewegung die Kapuze vom Kopf. Er wollte danach erneut zupacken, doch blieb er wie versteinert stehen, genau wie die zwei \u00fcbrigen M\u00e4nner. Denn was sie dort vor sich sahen war ihnen nur aus M\u00e4rchen und Sagen \u0001 \u0002 war eine Frau, den Z\u00fcgen ihres Gesichtes nach nicht \u00e4lter als 20 Sommer, ihr feuerrotes Haar fiel ihr bis auf die Schultern. Die Ohren, welche aus der wirren Haarpracht hervorstanden, waren lang und wie ihre Beine von dichtem, haselnussbraunem Fell bewachsen. Und als wenn all dies nicht schon merkw\u00fcrdig genug erschienen w\u00e4re, prangten auf ihrem Kopf zwei gebogene H\u00f6rner, welche ihr bis fast zum Hinterkopf \u0001 \u0002 der M\u00e4nner wusste was er sagen oder tun sollte, am wenigsten Sir Uilleam der diese Unachtsamkeit aber bereits im n\u00e4chsten Augenblick bitter bereute. Denn schon drehte sich die Fremde zu ihm herum und trat ihm mit voller Wucht erneut gegen sein bereits l\u00e4diertes Knie. Uilleam konnte einen Schmerzensschrei nicht unterdr\u00fccken und w\u00e4hrend er wie von Sinnen auf und nieder sprang, verschwand das Wesen wieder im dichten Unterholz. \u201eDieses verfluchte, kleine\u2026\u201cLautstark vor sich hin fluchend humpelte Uilleam zu seinem Pferd und st\u00fctzte sich an ihm ab, w\u00e4hrend er mit schmerzverzerrter Miene sein Knie betrachtete. Eine Platzwunde war zu erkennen, aus der best\u00e4ndig Blut rann und bereits den Stoff um den Riss dunkel f\u00e4rbte. Und auch das Knie selbst bekam bereits eine bl\u00e4uliche F\u00e4rbung, was der Ritter mit einen weiteren Fluch zur Kenntnis nahm.\"Was, bei allem was mir Heilig ist, war das \u00fcberhaupt?\u201c, schrie Uilleam aufgebracht, den Blick seinen Begleitern zugewandt. Lyall zuckte nur mit den Schultern, er war ob dieser seltsamen Begegnung ebenso verwirrt wie sein Freund.\u201eIch kann es dir beim besten Willen nicht sagen, denn ich habe noch nie \u2026\u201c\u201eEs war ein Faun.\u201cFast schon erschrocken durch Conans pl\u00f6tzliche Rede, der doch bis zu jenem Zeitpunkt geschwiegen hatte, sahen die beiden Ritter zuerst sich, und dann den Wanderer verdattert an.\u201eWoher\u2026\u201c\u201eOh, ich wei\u00df nichts genaues und bin dem geh\u00f6rnten Volk auch bisher noch nie leibhaftig begegnet\u201c, ergriff Conan das Wort, bevor Lyall seine Frage auch nur g\u00e4nzlich aussprechen konnte.\u201eAber ich habe auf meinen bisherigen Wanderungen Unmengen an Geschichten geh\u00f6rt, auch zahlreiche von V\u00f6lkern und Wesen, die wir uns wohl nur in unseren Tr\u00e4umen vorstellen k\u00f6nnen.\u201c\u201eSo. Und auch von diesen\u2026 Diesen\u2026 Faunen?\u201cUilleams Stimme war mehr ein w\u00fctendes Brummen, als er nun, sein Pferd erneut am Z\u00fcgel f\u00fchrend, ein paar Schritte nach vorne humpelte.\u201eJa, ja, auch von diesen. Auch wenn die meisten Geschichten nicht unterschiedlicher sein k\u00f6nnten und sich in vielem widersprechen. Aber vielleicht\u2026\u201cConan kratzte sich nachdenklich am Kopf, ehe er eine Str\u00e4hne seines silbergrauen Haares zur\u00fcck strich, welche ihm ins Gesicht gefallen war. \u201eNun, vielleicht w\u00e4re es besser, unseren Weg fortzusetzen, w\u00e4hrend ich euch mein Wissen verk\u00fcnde. Es wird doch merklich ungem\u00fctlich hier und wir sollten Euch zu einem Heilkundigen bringen, werter Sir Uilleam.\u201c\u201eSo ein Bl\u00f6dsinn!\u201c, wehrte dieser donnernd ab, \u201eDoch nicht wegen so einer l\u00e4cherlichen Fleischwunde! Ich versichere Euch, das mir bei meinen bisherigen K\u00e4mpfen weitaus schlimmere Blessuren zugef\u00fcgt wurden!\u201cMit diesen Worten nahm er eine geradezu stolze Haltung an und schritt an den zwei M\u00e4nner vorbei, sichtlich darum bem\u00fcht nicht zu humpeln. Lyall verdrehte nur die Augen, dann schloss er zu Uilleam auf, Conan direkt neben ihm. Doch schon nach wenigen Schritten blieb Uilleam stehen, drehte sich herum und musterte die Stelle, an der die Geh\u00f6rnte im Wald verschwunden war.\u201eIch w\u00fcrde allerdings zu gerne wissen, was dieses\u2026 Faun von uns wollte. Denn es hat uns verfolgt, daran besteht kein Zweifel\u2026\u201c\u201eSeid Ihr Euch sicher? Vielleicht war es auch reiner Zufall, dass es\u2026 Dass sie\u2026\u201c\u201eNein.\u201cDieses eine Wort sprach Sir Uilleam mit solcher Bestimmtheit aus, das Conan nichts mehr zu erwidern wagte.\u201eWir werden es wohl nicht mehr herausfinden, denn sie wird sich nach deinem gar so h\u00f6fflichen Betragen sicher aus dem Staub gemacht haben.\u201cLyall versuchte sein Gegen\u00fcber ernst anzusehen, doch um seine Mundwinkel zuckte es verr\u00e4terisch.\u201eBei meinem\u2026\"Uilleam zog h\u00f6rbar Luft in seine Lungen und baute sich vor Lyall auf, was diesen aber nur wenig zu beeindrucken schien.\u201eDieses\u2026 Diese\u2026 Dieser\u2026 Faun hat uns verfolgt und ist, als ich ihn\u2026 Sie bemerkte, sofort geflohen! Au\u00dferdem hat sie mich angegriffen, als ich sie\u2026\u201c\u201eWas? Sie freundlich nach Ihrem Begehr gefragt hast?\u201cSir Lyall grinste \u00fcber das ganze Gesicht, was seinen alten Freund nur noch mehr in Rage brachte.\u201eZum Kuckuck, dann glaubt doch was Ihr wollt!\"Wutschnaubend und sichtbar humpelnd st\u00fcrmte Uilleam, sein Pferd f\u00fchrend, voran und lie\u00df so einige Fu\u00df Entfernung zwischen sich und den \u0001 \u0002 seufzte nur und sah seinen Begleiter l\u00e4chelnd an, der aussah, als w\u00fcsste er mit der ganzen Situation nichts anzufangen.\u201eWundert euch nicht, mein Freund. Ich ziehe Uilleam des \u00d6fteren mit seinem unwirschen Betragen auf, woraufhin er nur umso unfreundlicher reagiert. Was mich wiederum umso mehr erheitert.\u201cEr lachte leise, woraufhin Conan den Kopf sch\u00fcttelte und mit leiser Stimme fragte:\u201eJa aber\u2026 Verzeiht mir, wenn es anma\u00dfend klingt, aber\u2026 Habt Ihr keine Angst, dass er einmal\u2026 Ich meine\u2026 Bei seiner Statur\u2026\u201cLyall ahnte worauf der Wanderer hinaus wollte und lachte laut auf, ehe er zu einer Erkl\u00e4rung ansetzte.\u201eIch versichere Euch, so sehr ich Sir Uilleam auch necke und so sehr er auch toben mag\u2026 Er w\u00fcrde niemals seine Hand wegen solcher Belanglosigkeiten gegen mich erheben, mag es auch manches Mal anders erscheinen. Wir kennen uns bereits seit Kindesbeinen, waren stets wie Br\u00fcder. Nachdem meine Mutter an einer Krankheit verstarb und unserer V\u00e4ter gemeinsam in die Schlacht zogen, wuchs ich quasi in seiner Familie auf. Ich wei\u00df noch wie Heute, wie wir dem Kinderm\u00e4dchen Streiche spielten und auf den L\u00e4ndereien seines Vaters umherzogen, bis der Abend hereinbrach. Oft stritten wir, jedoch\u2026\u201cLyall hielt kurz in seiner Erz\u00e4hlung inne und sah mit einem freundlichen L\u00e4cheln zu Uilleam.\u201eWar ich einmal in Not, oder hatten wir es einmal zu bunt getrieben, konnte ich mich jedes Mal blind auf ihn verlassen. Einmal hatten wir uns bis aufs Blut zerstritten, auch wenn ich nicht mehr zu sagen vermag, worum es damals ging. Wir schworen nie wieder ein Wort miteinander zu wechseln und gingen unserer Wege, doch begegneten wir uns im Hof, oder in der Burg, starrten wir uns Minuten lang voller Hass an. Die Hand gegen mich erhoben hat er aber nicht ein einziges Mal.\u201cEr schwieg und schaute den Mann neben sich an, welcher den Worten des Ritters schweigend lauschte.\u201eIhr seht also Conan, ich habe keinen Grund Uilleam zu f\u00fcrchten.\u201cConan nickte, dann huschte ein L\u00e4cheln \u00fcber sein Gesicht.\u201eUnd wie habt ihr euren Streit beigelegt?\u201c\u201eOh, seine Mutter hat uns dazu gebracht. Eine liebenswerte und f\u00fcrsorgliche Frau, die aber mitunter auch sehr streng sein kann, wenn es n\u00f6tig ist. Nachdem Uilleam und ich drei Tage nicht miteinander gesprochen hatten, zitierte sie uns zu sich, packte uns bei den Ohren und drohte uns selbige abzurei\u00dfen, wenn wir nicht Frieden schlie\u00dfen w\u00fcrden.\u201cDer Grauhaarige grinste und selbst Uilleam l\u00e4chelte bei dieser Erinnerung, auch wenn keiner der anderen dies mitbekam. Lyall fuhr indes fort: \u201eNachdem sie uns entlassen hatte, st\u00fcrzten wir nach drau\u00dfen und kamen schnell \u00fcberein, dass wir uns nie wieder zerstreiten wollten. Unserer Ohren zuliebe.\u201cDie M\u00e4nner lachten und der Wanderer wischte sich die Lachtr\u00e4nen aus den Augenwinkeln.\u201eUnd das ist wirklich wahr?\u201c\u201eSo wahr wie ich hier stehe! Und wenn ihr mir nicht glaubt, k\u00f6nnt ihr gerne Sir Uilleam fragen.\u201c\u201eLieber nicht. Wobei mir einf\u00e4llt ... Wolltet ihr nicht h\u00f6ren, was ich \u00fcber das Faunenvolk zu berichten wei\u00df?\u201cLyall nickte.\u201eAllerdings! Jedoch f\u00fcrchte ich, dass dieses Vorhaben bis zu unserer n\u00e4chsten Rast warten muss. Mein brummiger Freund scheint gerade nicht in der Stimmung f\u00fcr Geschichten zu sein.\u201cDie beiden M\u00e4nner grinsten sich an, ehe sie schweigend dem Weg weiter folgten.***\u00dcber den Baumwipfeln war die Abendd\u00e4mmerung bereits dabei, ihr dunkles Kleid \u00fcber das Land zu legen, was auch den Reisenden nicht verborgen blieb. Der Regen hatte aufgeh\u00f6rt und so entschied man sich schlie\u00dflich, bei der n\u00e4chsten sich bietenden Gelegenheit das Nachtlager aufzuschlagen, da das n\u00e4chste Dorf noch eine ganze Tagesreise entfernt war. Zu ihrem Gl\u00fcck fanden sie am Rande einer kleinen Lichtung einen gro\u00dfen Weidenbaum, dessen dichte und tief h\u00e4ngende \u00c4ste ihnen Schutz vor weiterem Regen boten. Auch war der Platz unter den \u00c4sten gro\u00df genug, dass sie es sogar wagen konnten ein kleines Feuer zu machen, auch wenn das Beschaffen von trockenem Feuerholz mehr als schwierig schien. Und so entschieden sich die drei, die Umgebung nach geeignetem Holz abzusuchen. Die Pferde wurden in der N\u00e4he festgebunden, und ihre Taschen bargen nichts, was es ich zu stehlen gelohnt h\u00e4tte. So gingen sie vom Pfade ab in den Wald hinein und waren eine ganze Weile unterwegs, so dass keiner bemerkte, wie sich jemand ihrem Lager n\u00e4herte.\u201eEine magere Ausbeute\u2026\u201c\u201eBesser als nichts!\u201c\u201eSingt ihr jetzt Lobeshymnen auf das Feuerholz, oder was habt ihr vor?\u201cLyall und Conan lachten ob Uilleams \u00c4u\u00dferung, was dieser nur kopfsch\u00fcttelnd quittierte. Viel hatten sie wirklich nicht gefunden, das meiste Holz war v\u00f6llig durchn\u00e4sst und es hatte bereits wieder zu regnen begonnen.\u201eF\u00fcr ein kleines Feuer wird es schon reichen.\u201c, meinte Conan nun beschwichtigend, w\u00e4hrend er auf die Lichtung schritt. Im selben Augenblick blieb er wie angewurzelt stehen, so dass Uilleam, der direkt hinter ihm ging, fast in ihn hinein gelaufen w\u00e4re.\u201eWas zum\u2026 Zum Kuckuck, hat euch ein Regenwurm erschreckt oder warum\u2026\u201cSein Blick ging an Conan vorbei zum Weidenbaum und er verstummte augenblicklich. Denn dort glomm der Schein eines Feuers durch die Zweige und jemand schien sich an selbigem aufzuhalten. Uilleam deutete Lyall an ihm zu folgen, w\u00e4hrend er sein Schwert aus der Scheide zog und langsam auf den Baum zu schritt. Lyall tat es ihm gleich, Conan blieb den Rittern dicht auf den Fersen, wenn auch mit einigen Schritten \u0001 \u0002 hatten sie das Lager erreicht und Uilleam und Lyall traten nebeneinander. Ein kurzer Blick, ein Nicken, dann st\u00fcrmten die zwei nach vorn, die Schwerter erhoben. Uilleam ergriff einen Arm des Fremden und drehte diesen zu sich herum. Doch weiter kamen sie nicht, denn die Person die dort vollkommen verschreckt stand, war niemand anderes als die Fauna, welche ihnen zuvor begegnet war.\u201eBitte, ich\u2026\u201c sprach sie stotternd, w\u00e4hrend sie ein paar Schritte nach hinten stolperte.\u201eWas habt ihr hier zu suchen!\u201cUilleams donnernde Stimme zerschnitt die Stille, welche f\u00fcr einen Moment geherrscht hatte, doch die Fauna schwieg, schaute den Ritter nur ver\u00e4ngstigt an.\u201eSprecht!\u201cEr sch\u00fcttelte sie unsanft, wollte sie wohl zu einer Antwort zwingen, wurde jedoch von Lyall aufgehalten.\u201eHalt, halt, mein Freund! Ich glaube, so kommen wir nicht weiter!\u201cEr zog Uilleam ein St\u00fcck zur\u00fcck und sah dann die Fauna mit einem L\u00e4cheln an.\u201eVerzeiht meinem aufbrausenden Freund, er hatte einen schlechten Tag. W\u00fcrdet ihr uns verraten was euch zu uns f\u00fchrt?\u201cDie Fremde sah z\u00f6gernd von Lyall zu Uilleam, dann zu Conan, der sie ebenfalls anl\u00e4chelte. \u201eIch\u2026 Ich wollte Euch helfen\u2026\u201cDamit deutet sie auf das Feuer und erst jetzt bemerkten die M\u00e4nner, dass \u00fcber diesem ein Topf hing, dessen Inhalt leise vor sich hin blubberte.\u201eIch dachte mir\u2026 Ihr k\u00f6nntet eine Mahlzeit vertragen, ebenso wie ein w\u00e4rmendes Feuer.\u201cSie drehte den M\u00e4nner den R\u00fccken zu, ergriff einen Holzl\u00f6ffel, der auf einem Tuch am Boden lag und r\u00fchrte in dem Topf herum, ehe sie einen scheuen Blick \u00fcber ihre Schulter zu Uilleam warf.\u201eUnd das mit Eurem Knie, das\u2026 Tut mir Leid\u2026 Ich wollte euch nicht so arg verletzten, Sir Uilleam\u2026\u201c\u201ePah! Und deshalb habt ihr auch mit voller Absicht noch einmal nach mir getreten? Ist das ihn Eurem Volk eine Form von\u2026\u201cPl\u00f6tzlich hielt der Ritter in seinem w\u00fctenden Wortschwall inne und sah sein Gegen\u00fcber verwirrt an.\u201eWoher\u2026 Woher kennt ihr meinen Namen?\u201cSie seufzte, blieb einen Moment unbeweglich stehen, ehe sie sich zu Uilleam umwandte und ihn mit einem seltsam traurigen Blick ansah.\u201eIhr erinnert euch nicht mehr an mich, nicht wahr?\u201cDer Ritter wusste nicht was er erwidern sollte und sch\u00fcttelte nur den Kopf, woraufhin sich die Fauna erneut dem Topf auf dem Feuer zuwandte. Stille trat ein und Lyall merkte, wie eine unbehagliche Stimmung aufkam. Er schritt an Uilleam vorbei zum Stamm des Baumes wo ihre Taschen lagen und kramte eine Weile eifrig darin herum, wobei er lachend meinte: \u201eWie w\u00e4r\u2019s, wenn wir erst einmal probieren, was die wehrte Fauna dort gekocht hat? Mein Magen knurrt wie ein B\u00e4r und f\u00fcr Geschichten vergangener Tage haben wir auch beim essen Zeit.\u201c Er ging zu den Decken, welche die Fauna auf dem Boden ausgebreitet hatte und lie\u00df sich darauf nieder. Er stellte eine h\u00f6lzerne Schale neben sich ab und reichte eine weitere zu Uilleam, der aussah, als w\u00fcrde er verzweifelt versuchen, sich an die Fremde zu erinnern. Schlie\u00dflich nahm er seinem Freund das Gef\u00e4\u00df ab und lie\u00df sich resigniert neben Lyall nieder. Auch Conan hatte sein Essgeschirr hervorgeholt und nahm gegen\u00fcber der beiden Ritter auf einer weiteren Decke \u0001 \u0002 f\u00fcllte die Fauna die ihr gereichten Schalen und nachdem auch sie ihre Portion genommen hatte, setzte sie sich neben Conan. Es war ein einfaches Mahl, doch nicht von schlechter Art, eine dicke Suppe von Feldfr\u00fcchten, Samen und Kr\u00e4utern, dazu ein wenig Brot. Eine Weile a\u00dfen sie schweigend, ehe Uilleam das Wort ergriff: \u201eHabt Dank f\u00fcr das Mahl, wehrte\u2026 Fauna.\u201c\u201eIlisa.\u201cSie l\u00e4chelte den Ritter und auch die anderen an.\u201eMein Name ist Ilisa.\u201cLyall nickte und erwiderte erfreut: \u201eNun denn Ilisa, mein Name ist Sir Lyall, der wehrte Herr dort neben Euch ist Conan der Wanderer und er\u2026\u201cLyall hielt inne und schien ein wenig ratlos.\u201eNun... Sir Uilleam scheint ihr ja schon zu kennen\u2026\u201cEr sah zu seinem Kameraden, der wiederum Ilisa ansah. Er bemerkte wie ihr Blick erneut traurig wurde und so sagte er z\u00f6gernd: \u201eVerzeiht mir, aber\u2026 Ich kann mich nicht an Euch erinnern\u2026\u201cSie sch\u00fcttelte den Kopf und sah den Ritter an, nun aber umspielte ein L\u00e4cheln ihre Lippen.\u201eWie k\u00f6nntet Ihr auch. Ihr wart damals nicht \u00e4lter als zehn Sommer. Doch ich erinnere mich noch genau\u2026\u201cEinen Moment starrte sie gedankenverloren in ihre leere Schale, ehe sie zu erz\u00e4hlen begann.\u201eIhr wart tief im Walde unterwegs, wohl auf der Suche nach Beeren oder \u00e4hnlichen, denn es war ein warmer Tag des Sp\u00e4tsommers. Ich hatte euch schon eine ganze Weile beobachtet, lie\u00df Euch aber gew\u00e4hren, da ein Knabe keine Gefahr f\u00fcr den Wald und seine Bewohner darzustellen vermag. Doch die Nacht brach schneller herein als ihr ahntet und als ihr der nahenden Dunkelheit gewahr wurdet, nahmt ihr Eure Beine in die Hand und lieft davon. Ich hatte Eure Angst gesp\u00fcrt und folgte Euch und es war gut, dass ich so handelte. Denn bald schon h\u00f6rte ich ein Platschen, gefolgt von Euren verzweifelten Hilfeschreien. Den Wald durchzog ein Flusslauf, welcher der Regen der vorherigen Tage in einen rei\u00dfenden Strom verwandelt hatte. Ihr hatten wohl beim \u00dcberqueren des Steges den Halt verloren und drohtet nun davon gesp\u00fclt zu werden und in den Fluten zu ertrinken. Eine Wurzel gab Euch halt, doch Ihr hatte nicht die Kraft Euch dran \u0001 \u0002 begab mich schnellstens an das Ufer und ergriff Eure Arme, doch ich schaffte es nicht Euch aus dem Strom zu befreien. So hielt ich Euch einfach nur fest und sprach beruhigende Worte, in der Hoffnung dass sich jemand aufgemacht hatte Euch zu suchen. Dem war auch so, denn bald schon h\u00f6rte ich Stimmen, die Euren Namen riefen. Als ich den Schein von Fackeln n\u00e4her kommen sah, zog ich Euch mit aller Kraft ein St\u00fcck weiter auf die Wurzel hinauf, ehe ich mich davon machte. Doch ich blieb in der N\u00e4he, um sicherzugehen, dass man Euch rettete. Und als die Gefahr vor\u00fcber war, zogt ihr mit Euresgleichen davon, ohne Euch noch einmal umzusehen. Der Zauber des Vergessens legte sich bald \u00fcber Euren jungen Geist, doch ich blieb in Eurer N\u00e4he und beobachtete Euch, sah Euch vom Knaben zum J\u00fcngling heranwachsen und schlie\u00dflich zum stolzen Ritter werden, der Ihr heute seid.\u201cSie beendete ihre Erz\u00e4hlung und alles schwieg.\u201eDann\u2026 Habt Ihr mir das Leben gerettet.\u201cUilleams Stimme war leise und ruhig, er sprach die Worte fast schon ehrf\u00fcrchtig aus. Sie nickte und l\u00e4chelte den Ritter an, doch sein Gesicht blieb eine Maske, hart und unlesbar. \u201eDanke.\u201cSie l\u00e4chelte nur erneut.\u201eGern geschehen.\u201c \u201eUnd weswegen seid Ihr uns nun gefolgt, wenn ihr die Frage erlaubt?\u201c\u201eNun, Sir Lyall, wie ich bereits sagte, ich beobachte Sir Uilleam von jenem Tage an, denn ich wollte mehr \u00fcber ihn\u2026 \u00dcber das Menschenvolk wissen. Doch er begab sich mit Euch auf Wanderschaft und ich verlor ihn aus den Augen. Den ein Faun verl\u00e4sst nur selten seinen Heimatwald\u2026\u201cSie hielt kurz inne, ehe sie weiter sprach.\u201eDoch schlie\u00dflich erreichte mich die Nachricht, dass ihr auf dem Weg zur\u00fcck in eure Heimat wart und ich machte mich auf, euch entgegen zu gehen.\u201cW\u00e4hrend sie sprach hatte sie sich von ihrem Platz erhoben und den Topf vom Feuer genommen. Im Schein der Flammen war deutlich zu erkennen, dass ihre Wangen von einem Rot-Ton geziert waren. Lyall ahnte, dass dieser nicht von der W\u00e4rme des Feuers herr\u00fchrte, sondern eher von der Tatsache, dass sie nicht ganz die Wahrheit sprach, was den Grund f\u00fcr ihr Erscheinen betraf. Er entschloss sich jedoch, nicht n\u00e4her darauf einzugehen, sondern lieber das Thema zu wechseln. Aber Uilleam kam ihm zuvor.\u201eUnd deshalb seid Ihr uns hinterher geschlichen und habt mich auch noch angegriffen?\u201c\u201eNun, ich\u2026 Ich getraute mich nicht Euch anzusprechen. Und das mit dem Angriff... Ihr habt mich ge\u00e4ngstigt\u2026\u201cDas Rot auf ihren Wangen wurde deutlich st\u00e4rker und irgendwie tat sie Lyall schon fast leid.\u201eNa ja, er kann ja auch wirklich \u00e4u\u00dferst be\u00e4ngstigend sein, unser guter Uilleam, nicht wahr?\u201cEr klopfte seinem Freund lachend auf den R\u00fccken, woraufhin dieser Lyall einfach mit einer Handbewegung umschubste.\u201eLass die Albernheiten\u2026\u201c, brummte er dabei, dann besah er sich sein l\u00e4diertes Knie.\u201eEs w\u00e4re trotzdem nicht n\u00f6tig gewesen, ein weiteres Mal zuzutreten\u2026\u201c\u201eVerzeiht\u2026\u201cSie lie\u00df die Ohren h\u00e4ngen und sah den Ritter scheu an. Conan, der dem ganzen nur schweigend zugesehen hatte, l\u00e4chelte wissend, ehe er das Wort ergriff.\u201eEs war ein langer und \u00e4u\u00dferst ereignisreicher Tag. Was haltet ihr davon, wenn wir uns zur Ruhe begeben?\u201c\u201eEin guter Gedanke, mein Freund.\u201c, antwortet Lyall, Ilisa nickte und Uilleams Antwort war ein tiefes \u0001 \u0002 wenig sp\u00e4ter kehrte Stille in das kleine Lager ein, nur das Rauschen der Bl\u00e4tter und das Prasseln des Regens waren zu h\u00f6ren, je unterbrochen vom rauen Schrei eines Raben. Dieser sa\u00df am Rande der Lichtung auf einem Baum und be\u00e4ugte das Geschehen, dann breitete er die Schwingen aus und erhob sich in die L\u00fcfte. Der Vogel kreiste noch einen Augenblick \u00fcber dem Weidenbaum, ehe er gen Norden davon zog, der Gestalt eines dunklen Gebirges entgegen. Das helle Mondlicht, welches hie und da durch die Wolkendecke brach, lies sein schneewei\u00dfes Gefieder erstrahlen. Doch spiegelte es sich auch in den tiefroten Augen des Tieres, welche bedrohlich gl\u00fchten.***Dunkelheit umgab ihn, was in Anbetracht seines Aufenthaltsortes nur wenig verwunderlich war. Es war eine Ansammlung von H\u00f6hlen, tief im Innersten eines Berges verborgen, deren zahlreiche G\u00e4nge diesen durchzogen wie Eingeweide. Er selbst stand in einer der kleineren H\u00f6hlen dieses geheimen Reiches, still und bewegungslos. Die H\u00e4nde hatte er gefaltet und das Haupt gesenkt, als w\u00fcrde er beten. Doch nichts Freundliches ging von ihm aus, seine Anwesenheit schien die K\u00e4lte, welche im Bauch des Berges herrschte noch zu verst\u00e4rken. Hin und wieder erklang das Ger\u00e4usch tropfenden Wassers, welches unnat\u00fcrlich Laut in der Stille klang, doch er blieb unbeweglich, fast als w\u00e4re er selbst wie der Fels der ihn \u0001 \u0002 drang ein dumpfer Rabenschrei an sein Ohr, vielfach verst\u00e4rkt durch den Hall der H\u00f6hleng\u00e4nge. Fl\u00fcgelschlag und Federrascheln gesellte sich dazu, stetig n\u00e4her kommend. Wie von selbst fand der Vogel seinen Weg durch das Dunkel, erst als er sich der Haupth\u00f6hle n\u00e4herte, erhellten Fackeln seinen Weg, welche ohne jedes fremde zutun aufflammten. Doch kaum war der Vogel vor\u00fcber geflogen erloschen sie wieder, nur die Erinnerung des Lichtes zur\u00fccklassend. Als er schlie\u00dflich in der H\u00f6hle ankam, lie\u00df er sich mit einem erneuten Kr\u00e4chzen auf der ihm dargebotenen Hand nieder. Nur zwei Fackeln am Eingang brachten ein wenig Licht in die Kammer, doch das schien dessen Bewohner nicht zu st\u00f6ren. Dieser strich mit geradezu sanften Bewegungen \u00fcber das schneewei\u00dfe Gefieder des Vogels. Eine Weile tat er dies schweigende, wie in Gedanken und mit geschlossenen Augen, ehe er seine Stimme erhob. Diese h\u00e4tte wohl jedem einen kalten Schauer \u00fcber den R\u00fccken gejagt dem sie zu Ohren gekommen w\u00e4re, doch sein einziger Zuh\u00f6rer war der Rabe, welcher ihn mit schiefgelegtem Kopf ansah.\u201eHast du ihn gefunden?\u201c Wie zur Antwort begann der Rabe aufgeregt mit den Fl\u00fcgeln zu schlagen und laut zu Kr\u00e4chzen, was sein Herr mit einem fragenden Gesichtsausdruck quittierte.\u201eDu bist dir nicht sicher?\u201cDer Vogel sch\u00fcttelte sich, schrie jedoch im n\u00e4chsten Moment entsetzt auf, als er gepackt und unsanft festgehalten wurde. Er wand sich und versuchte panisch sich zu befreien, doch die langen, knochigen Finger des Mannes hielten ihn eisern fest.\u201eGeh und beobachte ihn! Ich muss mir sicher sein das ER es ist! Also bringe mir einen Eindeutigen Beweis, sonst\u2026\u201cEr sprach nicht weiter, verst\u00e4rkte nur den Druck seiner Hand, so dass sich seine langen, krallenartigen Fingern\u00e4gel in das Fleisch des Tieres bohrten. Dann lies er pl\u00f6tzlich los und das Tier verschwand flatternd und kr\u00e4chzend in der Richtung, aus der es gekommen war. Der Mann verharrte erneut in seiner betenden Haltung, seine roten Augen gl\u00fchten jedoch bedrohlich.\u201eIch finde dich, Auserw\u00e4hlter. Und dieser Augenblick wird dein Letzter sein!\u201cDamit schloss er die Augen erneut und die Fackeln am Eingang flackerten auf, ehe sie erloschen.***M\u00fcde und langsam trottete ein Pferd den schmalen Weg entlang, den Kopf gesenkt, gleichg\u00fcltig einen Huf vor den anderen setzend. Die zottelige M\u00e4hne hing fast bis auf den morastigen Boden herab, das Fell war ebenso schmutzig und grau wie der Wagen den es zog. Ein alter, schiefer Holzkarren, dessen morsche W\u00e4nde es nicht erlaubten in das Innere zu sehen. Nur in der T\u00fcr auf der R\u00fcckseite war ein kleines, vergittertes Fensterchen, doch durch dieses schien nur so wenig Licht, das es fast unm\u00f6glich war zu erkennen, was sich im Wagen befand. Auf dem Kutschbock des windschiefen Gef\u00e4hrtes sa\u00df ein grobschl\u00e4chtiger Kerl, dessen Augen so dunkel waren, das sie fast schwarz erschienen. Schwarz war auch das kurz geschorene Haar auf seinem Haupt und der lange, ungepflegte Bart der sein Gesicht zierte. Er war von kr\u00e4ftiger Statur und schien nicht zu z\u00f6gern seine m\u00e4chtigen Muskeln einzusetzen um seinen Willen zu bekommen. W\u00fctend knurrend, ob der Langsamkeit seines Zugtieres ergriff er eine Peitsche welche neben ihm auf der Bank lag und lies diese erbarmungslos auf das Tier hernieder sausen.\u201eBeweg dich, du nutzloses Vieh! Los, beweg dich!\u201cImmer wieder schlug er auf das Pferd ein, doch es schien keine Kraft mehr zu haben und die R\u00e4der des Karrens hatten sich inzwischen tief in den regennassen Boden gegraben. Wutschnaubend schlug der Mann noch einmal mit aller Kraft zu, ehe er m\u00fchsam vom Wagen stieg. W\u00e4hrend er lauthals Fluchend um diesen herum ging, schlug er mit der Faust gegen dessen W\u00e4nde und schrie: \u201eHeda, Lumpenpack! Aufwachen! Es gibt Arbeit f\u00fcr euch!\u201cGrimmig lachend fingerte er einen Ring mit Schl\u00fcsseln von seinem G\u00fcrtel und es brauchte eine ganze Weile bis es ihm gelungen war den passenden Schl\u00fcssel f\u00fcr das dicke Schloss an der T\u00fcr zu finden. W\u00e4hrend er dieses \u00f6ffnete, waren im Inneren des Wagens Ger\u00e4usche zu h\u00f6ren. Das Rasseln von Ketten, ein leises Schaben, wie das Ger\u00e4usch von Hufen auf Holz. Und eine tiefe M\u00e4nnerstimme, die etwas fl\u00fcsterte: \u201eBleibt ruhig, Herr. Was immer er will, ich werde es tun.\u201c\u201eIhr\u2026 Ihr k\u00f6nnt nicht\u2026\u201c Die zweite Stimme klang hell, deutlich j\u00fcnger als die erste, doch gebrochen, wie nach einer langen Zeit des Elends.\u201eSorgt euch nicht um mich Herr, ich werde\u2026\u201cPl\u00f6tzlich wurde die T\u00fcr aufgerissen und der Mann st\u00fcrmte hinein. Mit wutverzerrtem Gesicht baute er sich vor den beiden Gestalten auf, die auf dem Boden kauerten. Dicke Eisenringe lagen um ihre Hand- und Fu\u00dfgelenke, an denen schwere Ketten befestigt waren. Mit diesen waren sie an die W\u00e4nde des Karrens gefesselt, unf\u00e4hig sich viel zu bewegen, oder gar hinzulegen.\u201eWer hat euch niederen Kreaturen erlaubt zu sprechen, h\u00e4? Los, hoch mit euch!\u201cDamit griff der Unhold nach dem Arm des j\u00fcngeren, doch noch ehe er diesen auf die Beine ziehen konnte, dr\u00e4ngte sich der andere Gefangene dazwischen.\u201eLasst ihn! Wenn ihr etwas verlangt, dann verlangt es von mir!\u201cDer schwarzb\u00e4rtige stutze f\u00fcr einen Moment, dann lachte er polternd los.\u201eNein wie edelm\u00fctig! Der Diener opfert sich f\u00fcr seinen Herrn!\u201c Er nahm einen weiteren, Kettenbehangenen Eisenring von einem Haken an der Wand und legte dem Mann diesen um den Hals. Er l\u00f6ste die Kette von der Wand, dann packte er die, welche am Halsring befestigt war, schritt auf die T\u00fcr zu und zog den Mann mit einem pl\u00f6tzlichen Ruck zu sich, so dass dieser ins Stolpern geriet und b\u00e4uchlings auf dem Boden landete. Im Licht, welches zur T\u00fcr hereinkam war zu erkennen, dass der Gefangene kein Mensch war, zumindest nicht \u0001 \u0002 B\u00fcschel roter Haare lugte unter einer einfachen, festen Lederkappe hervor, aus der zwei gewundene H\u00f6rner ragten. Die mit langem, kupferfarbenem Fell bewachsenen Ohren hingen herab und verst\u00e4rken noch das Bild einer gebrochenen Kreatur. Der Gefangene erhob sich m\u00fchsam, brauchte einen Moment, ehe er sich wieder gefangen hatte. Seine Arme und Beine waren stark und zeugten deutlich davon, dass sein dickliches \u00c4u\u00dferes nicht nur von Fett, sondern auch von Muskeln herr\u00fchrte. Doch diesen Umstand schien er vergessen zu haben, als er nun an der Kette gef\u00fchrt, wie ein braver Hund hinter dem Grobian die zwei Stufen des Wagens herunter trat. Er hielt den Kopf gesenkt, wohl um seine Augen vor dem Tageslicht zu sch\u00fctzen, welches ihn nach der langen Zeit in Dunkelheit blendete. Vor dem Wagen angekommen, gab der Unhold dem Gefangenen einen Schubs, so dass dieser grob gegen das Pferd stie\u00df.\u201eLos, du j\u00e4mmerliches Etwas! Sie zu das du den Wagen aus dem Dreck bekommst!\u201cWieder lachte der Mann h\u00e4misch, angelte die Peitsche vom Kutschbock und baute sich breitbeinig am Wegesrand auf.\u201eNa los, worauf wartest du?\u201cOhne ein Wort zu sagen, nahm der Gefangene dem Pferd das Zuggeschirr ab und h\u00e4ngte sich das Kummet selbst \u00fcber. Dann legte er sich mit aller Kraft die er aufbringen konnte in das Geschirr, doch all seine M\u00fchen blieben erfolglos. Bald war das dichte Fell, welches seine Beine bedeckte von Dreck durchdrungen und er stand bis zu den Kn\u00f6cheln im Schlamm, so dass seine Hufe nicht mehr zu sehen waren.\u201eDu bist ebenso nutzlos, wie die alte M\u00e4hre! Los, strengt dich an, sonst wird dein Gef\u00e4hrte mein neues Zugtier sein!\u201cWie vom Donner ger\u00fchrt erstarrte der Faun, den ein solcher war er ohne Zweifel, mitten in der Bewegung und blickte den Mann finster an.\u201eDas w\u00fcrdet ihr nicht wagen\u2026\u201cEin Peitschenknall, auf den ein unterdr\u00fcckter Schmerzensschrei folgte.\u201eDu wagst es mir zu drohen? Du wiederwertige Missgeburt! Ich werde dir zeigen, was der gro\u00dfe Ulysses alles wagt!\u201cDamit riss er dem Faun das Kummet von den Schultern, zerrte ihn an der Kette zu einem Baum am Wegesrand und befestigte diese dort.\u201eNun soll dein kleiner Freund meine Liebensw\u00fcrdigkeit zu sp\u00fcren bekommen\u2026\u201c\u201eNein\u2026 Nein! Wagt es nicht den Prinzen anzur\u00fchren!\u201cWie von Sinnen begann der Faun an seinen Ketten zu zerren, doch sosehr er sich auch bem\u00fchte, er kam nicht frei. So musste er hilflos mit ansehen, wie der andere Gefangene vor den Wagen gespannt wurde. Dieser war deutlich j\u00fcnger als sein Gef\u00e4hrte, doch seine H\u00f6rner waren gro\u00df und glichen dem Geh\u00f6rn eines Widders. Seine Haare fielen in dichten Locken bis weit \u00fcber seine Schultern und waren von rotblonder Farbe. Das Fell an Ohren und Beinen schien von heller Farbe zu sein, doch war dies unter all dem Schmutz der daran klebte nur zu erahnen. Er sah zu dem anderen und eine tiefe Angst war in den hellblauen Augen zu sehen. Schon erhob der Besitzer des Gespanns die Peitsche um sein Opfer anzutreiben, als sich der \u00e4ltere Faun erneut mit aller Kraft gegen seine Fesseln stemmte. Ein Krachen war zu h\u00f6ren, Holz splitterte und im n\u00e4chsten Augenblick st\u00fcrzte sich der Rothaarige auf seinen Peiniger. Mit vollem K\u00f6rpereinsatz riss er diesen zu Boden und schaffte es ihn dort zu halten.\u201eLauft mein Prinz, rettet euch!\u201cNur z\u00f6gerlich, fast als h\u00e4tte er das Geschehene noch nicht begriffen, befreite sich der Angesprochene und stolperte ein paar Schritte Richtung Wald, blieb aber schlie\u00dflich stehen und wandte sich um.\u201eLauft!\u201c\u201eDu elender\u2026\u201cDie Unachtsamkeit seines Gegners ausnutzend, griff der Mensch an seinen G\u00fcrtel, zog ein Messer daraus hervor und rammte es dem Faun in die Seite. Dieser schrie auf und rollte sich zur Seite, so dass der Schwarzhaarige wieder auf die Beine springen konnte. Schon wollte er sich auf den Prinzen st\u00fcrzen, als er an den Kn\u00f6cheln gepackt und unsanft zu Fall gebracht wurde. M\u00fchsam hielt der Faun den anderen Mann fest, welcher sich mit Tritten zu befreien suchte, doch der Griff um seine Beine war eisern.\u201eLauft! So lauft doch!\u201cAls h\u00e4tte er die Peitsche zu sp\u00fcren bekommen drehte sich der Prinz pl\u00f6tzlich um und rannte in den Wald, so schnell es die Ketten an seinen Beinen zulie\u00dfen. Der andere hatte den Menschen inzwischen losgelassen und lag keuchend am Boden, w\u00e4hrend sein Peiniger erneut auf die Beine kam und sich drohend vor dem Verletzten Aufbaute.\u201eDas wirst du mir b\u00fc\u00dfen\u2026\u201cOhne jegliche Gnade trat er auf den Faun ein, der nur noch sch\u00fctzend die Arme vor sein Gesicht hielt. Kein Laut drang \u00fcber seine Lippen, kein Schmerzensschrei, kein Flehen um Gnade. Und genau dies machte sein Gegen\u00fcber umso rasender.\u201eWenn ich dich nicht noch brauchen w\u00fcrde, dann w\u00e4rst du jetzt tot!\u201cMit einem letzten, gnadenlosen Tritt in die Rippen wandte sich Regardi dem Wald zu.\u201eH\u00f6rst du mich, Faunenprinz? Du magst mir entkommen sein, doch dein Freund wird f\u00fcr deine Freiheit mit dem Leben bezahlen, fr\u00fcher oder sp\u00e4ter!\u201cEr ging wutschnaubend zur\u00fcck zum Wagen, griff das Halsband des Verletzten und schleifte diesen zur T\u00fcr des Wagens, wo er ihn unter Schl\u00e4gen die Stufen hinauf buxierte und schlie\u00dflich in das Dunkel stie\u00df. Die Ketten klirrten als der Faun auf dem Boden aufschlug, wo er liegen blieb. Ein letztes Mal noch wand er sein Gesicht dem Tageslicht zu, ehe sich die T\u00fcr schloss und die Dunkelheit ihn verschluckte.***Die Ger\u00e4usche des erwachenden Waldes umgaben sie, w\u00e4hrend sie seelenruhig durch das Unterholz schritt. Doch obwohl das Laub dicht unter ihren Hufen lag war keiner ihrer Schritte zu h\u00f6ren. Auch knackte kein Ast, kein Zweig, ja fast war es, als wollte der Wald daselbst ihre Anwesenheit geheim halten. Am Rande des Waldes blieb sie stehen und betrachtete einen Augenblick den Weidenbaum, unter dem die anderen immer noch friedlich schliefen. Sie l\u00e4chelte, ehe sie das B\u00fcndel, welches sie bei sich trug zusammenraffte und ihren Weg Richtung Baum fortsetzte. Nur wenig sp\u00e4ter sa\u00df sie am Feuer, und r\u00fchrte in einer Schale einen einfachen Teig zusammen. Hin und wieder griff sie in ihr B\u00fcndel, in dem sich verschiedene Beeren und Kr\u00e4uter befanden, welche sie unter den Teig mischte. Als sie mit ihrem Werk zufrieden schien, formte sie mehrere, kleine Leibe und legte diese am Rand des Feuers auf einige Flache Steine. W\u00e4hrend das Brot buk, sah sie sich \u0001 \u0002 hatte sich ganz in seine Decke eingerollt und schnarchte leise. Ilisa l\u00e4chelte still, dann glitt ihr Blick auf die andere Seite des Feuers, wo Lyall und Uilleam schliefen. Uilleam lag auf dem R\u00fccken und schien friedlich zu schlafen, doch als die Fauna genau hinsah entdeckte sie, dass sein Schwert direkt neben ihm lag und eine Hand auf dessen Griff ruhte. Ilisa legte den Kopf schief, als sie sich fragte, was den Ritter dazu veranlasste. War seine Reise bis hierher so gef\u00e4hrlich gewesen, dass er bef\u00fcrchten musste, im Schlaf angegriffen zu werden? Ihr Blick ging zu Lyall, der augenscheinlich nichts dergleichen dachte, denn seine Waffe lehnte am Fu\u00dfe des Baumes, au\u00dferhalb seiner Reichweite.\u201eWas f\u00fcrchtest du, Sir Uilleam?\u201c\u201eDas Unbekannte.\u201c Erschrocken fuhr die Fauna herum, als sie die Stimme hinter sich vernahm, doch Conan l\u00e4chelte beschwichtigend, ehe er leise weiter sprach.\u201eVerzeiht, ich wollte euch nicht erschrecken.\u201c\u201eWas\u2026 Was meint ihr mit\u2026 Er f\u00fcrchtet das Unbekannte?\u201cAuch sie sprach fl\u00fcsternd, aus Angst die anderen zu wecken.\u201eNun\u2026 Er ist auf der Suche nach der Wahrheit, nach seiner Bestimmung. Doch er wei\u00df nicht, was ihn erwartet. Und diese Ungewissheit\u2026 Das Unbekannte\u2026 Das ist es, was ihn \u00e4ngstigt.\u201c\u201eMich \u00e4ngstigt gar nichts!\u201cIlisa und Conan fuhren erschrocken zusammen, als Uilleams tiefe Stimme erklang. Er hatte sich nicht ger\u00fchrt, auch jetzt bewegte er keinen Muskel. Nach einem kurzen Moment der Stille sprach er weiter, seine Stimme fest und bestimmt.\u201eAber man sollte Vorsicht walten lassen, wenn man reist. Besonders\u2026\u201cEr wandte den Kopf und \u00f6ffnete die Augen, sah Conan und Ilisa eindringlich an.\u201e\u2026wenn man unter Fremden ist.\u201cIlisa schluckte und wand sich ab, doch Conan erwiderte den Blick des Ritters \u0001 \u0002 wusste, dass dieser Satz zu allererst ihm galt.\u201eIhr traut mir nicht, nichtwahr?\u201c \u201eUilleam traut niemanden.\u201cLyall streckte sich, w\u00e4hrend er sich aus seiner Decke wandt.\u201eIch traue dir, das reicht doch wohl!\u201cLyall grinste, dann schn\u00fcffelte er und sah zum Feuer, wo Ilisa gerade die Brote auseinanderbrach und in den Sch\u00fcsseln verteilte.\u201eDas duftet gar k\u00f6stlich! Habt Ihr die etwa frisch gebacken?\u201cIlisa nickte und schenkte dem Ritter ein L\u00e4cheln.\u201eIch habe extra frische Beeren und Kr\u00e4uter aus dem Wald geholt. Ich hoffe es mundet Euch, auch wenn es nicht viel ist.\u201cNur wenig sp\u00e4ter sa\u00dfen alle beim Essen und es schmeckte ihnen ausgezeichnet. Selbst Sir Uilleam schien ein wenig von seiner schlechten Laune verloren zu haben und langte ordentlich zu, was Ilisa sichtlich freute. Nach dem Mahl beschloss man weiter zu ziehen um das n\u00e4chste Dorf bald zu erreichen, denn dieses sollte ja das vorl\u00e4ufige Ziel ihrer Reise sein. Bald schon waren die wenigen Habseligkeiten gepackt, die Pferde \u00fcbernahmen das Tragen des Gep\u00e4ckes und unter dem strahlenden Angesicht der Sonne zog die kleine Gruppe erneut durch den Wald, welcher sich nun in seiner ganzen Sch\u00f6nheit \u0001 \u0002 schwatze fr\u00f6hlich mit Ilisa, w\u00e4hrend Uilleam einfach zuh\u00f6rte. Nur Conan hielt sich im Hintergrund, er ging schweigend hinter den anderen her und beobachtete die Gruppe, besonders Sir Uilleam. Von Anfang an hatte dieser ihm nicht getraut, dass hatte Conan sofort bemerkt. Doch woher kam diese Missgunst?\u201eVielleicht\u2026\u201c, so dachte er \u201eIst es besser wenn ich ihn darauf anspreche. Vielleicht l\u00e4sst sich das alles friedlich kl\u00e4ren\u2026\u201cEr holte tief Luft, straffte die Schultern und holte zu den anderen auf. Doch kaum neben Uilleam angekommen, z\u00f6gerte er erneut. Sollte er es wagen? Wenn er nun erst recht den Zorn Sir Uilleams auf sich Zog\u2026 Conans Blick ging zu Lyall und insgeheim hoffe der Wanderer, dass der Ritter ihm zur Seite stehen w\u00fcrde, wenn es zum \u00c4u\u00dfersten k\u00e4me. Doch es half nichts, er musste es \u0001 \u0002 wollte Conan Uilleam ansprechen, als ein Aufschrei erklang. Ilisa war gut gelaunt vor den anderen ein St\u00fcck den Weg entlang gelaufen und hatte auf ihrem Weg hie und da einen Abstecher in das Waldesdickicht gemacht. Genau von dort erklang nun ihr Schrei, welcher die beiden Ritter sofort zu ihren Waffen greifen lies. Conan ergriff nur die Z\u00fcgel der Pferde und blieb auf dem Weg zur\u00fcck, w\u00e4hrend Uilleam und Lyall in den Wald st\u00fcrmten. Nicht weit vom Weg entfernt sahen sie Ilisa, die mit schreckensgeweiteten Augen dastand und auf etwas starrte, das sich wohl vor ihr auf dem Boden befand. Die Ritter st\u00fcrmten heran, blieben aber alsbald stehen, als sie erkannten was sich dort \u0001 \u0002 der Fauna auf dem Boden lag eine Gestalt, die eindeutig schon bessere Tage gesehen hatte. Der K\u00f6rper war von Dreck und Augenscheinlich auch Blut bedeckt, der magere K\u00f6rper lag ausgestreckt im Laub und die Person Atmete schwer. Nun hob sie denn Kopf, versuchte Ilisa anzusehen, doch schien alle Kraft durch die Flucht aufgebraucht. Denn das diese Gestallt geflohen war, war eindeutig, nichts zuletzt zeugten die Fessel und Ketten an Armen und Beinen von einer Gefangenschaft.\u201eBitte\u2026\u201c, hauchte der Fremde, eindeutig ein junger Mann.\u201eBitte\u2026 Helft mir\u2026\u201cDer Fremde streckte die Hand nach Ilisa aus, die immer noch wie zu Stein erstarrt da stand und nicht zu wissen schien, was sie tun sollte. Die Ritter waren immer noch vollkommen perplex, denn sie h\u00e4tten nicht damit gerechnet, so bald auf einen weiteren Vertreter von Ilisas Art zu treffen.\u201eNoch ein Faun?\u201c, brummte Uilleam verdutzt und kratzte sich am Kopfe, w\u00e4hrend er sein Schwert sinken lie\u00df. Der Fremde zuckte erschrocken zusammen, als er die tiefe Stimme vernahm. Entsetzten zeichnete das fein geschnittene Gesicht und f\u00fcr einen Augenblick schien er wie Gel\u00e4hmt. Dann jedoch stemmte er sich mit aller ihm verbliebenen Kraft auf, stolperte ein paar Schritte auf Ilisa zu und baute sich dann zwischen ihr und den Rittern auf, fast so, als wolle er sie besch\u00fctzten.\u201eBleibt weg ihr\u2026 Ihr Monster\u2026\u201cSeine Stimme war br\u00fcchig, doch klang deutlich daraus, dass er alles daran setzen w\u00fcrde, Ilisa vor der vermeintlichen Gefahr zu wahren.\u201eIch werde nicht\u2026 Nicht zulassen das ihr\u2026 Erneut jemanden meines Volkes\u2026 Ins Verderben\u2026\u201cSeine Worte verstummten und wie von einer unsichtbaren Macht getroffen, sank der Fremde zu \u0001 \u0002 st\u00fcrzte auf ihn zu und wollte ihn Auffangen, doch als sie nach seinem Handgelenk griff und den eisernen Ring der Fessel ber\u00fchrte, prang sie mit einem spitzen Schrei zur\u00fcck und hielt sich ihre Hand, als h\u00e4tte sie sich an gl\u00fchenden Kohlen verbrannt.\u201eIlisa, ist alles in Ordnung?\u201cSofort war Lyall an ihrer Seite und ergriff vorsichtig ihre Hand, betrachtete diese von allen Seiten. Doch er konnte keinerlei Verletzung erkennen.\u201eDie Fesseln\u2026\u201cSie schaute den Ritter an, entsetzten war ihn ihren Augen zu sehen.\u201eWas ist damit?\u201c, fragte Lyall, dessen Blick zu dem am Boden liegenden Faun wanderte. Dieser lag still da, anscheinend hatten ihn all seine Kr\u00e4fte verlassen. Uilleam stand direkt neben ihm, den Fremden im Blick behaltend. Erst nach einer Weile schaffte die Fauna es, Stimme und K\u00f6rper wieder unter Kontrolle zu bringen und langsam schritt sie auf den Fremden Faun zu. Sie kniete sich neben ihm ins Laub und betrachtete ihn, ehe sie sich wieder den beiden Rittern zu wandt.\u201eDie Fesseln, sie\u2026 Als ich sie ber\u00fchrte war es, als w\u00fcrde sie all meine Kraft aus meinem K\u00f6rper ziehen. Sie sind magisch, doch es liegt nichts Gutes in ihnen\u2026\u201cWieder ging ihr Blick zu dem Fremden und nach einem kurzen Augenblick stand sie auf und sah die beiden M\u00e4nner vor sich mit flehendem Blick an.\u201eWir m\u00fcssen ihm helfen!\u201c\u201eHelfen? Pfff\u2026 Als h\u00e4tte ich nicht schon genug dahergelaufenes Gesindel um mich herum\u2026\u201c\u201eUilleam!\u201cLyalls Aufruf klang tadelnd, doch Uilleam schien dies nicht zu interessieren. Er wandte sich um und stapfte durch das Unterholz in Richtung des Weges.\u201eUnd ich dachte, es w\u00e4re die Pflicht eines edlen Ritters, denen zu helfen, die Schutz und Hilfe n\u00f6tig haben\u2026\u201cDie Stimme der Fauna war nicht mehr als ein fl\u00fcstern, doch erreichten ihre Worte den Ritter sehr wohl. Dieser hielt in seiner Bewegung inne und schnaufte deutlich h\u00f6rbar.\u201eBei allem was mir Heilig ist\u2026\u201cEr strich sich durch die langen Haare, ehe er sich brummend umdrehte und zu den anderen zur\u00fcckstapfte. Er warf Lyall einen b\u00f6sen Blick zu, der ihn nur Schulter zuckend anl\u00e4chelte, dann beugte er sich zu der Gestalt am Boden herab.\u201eWomit habe ich das blo\u00df verdient\u2026\u201c knurrte er, ehe er den Bewusstlosen packte und ihn wie einen Sack Kartoffeln \u00fcber seine Schulter warf.\u201eVorsichtig!\u201c, rief Ilisa erschrocken, doch Uilleam reagierte gar nicht, sondern stapfte nur grummelnd und brummend in Richtung Weg davon. Ilisa blieb vollkommen verdutzt stehen, dann legte sie den Kopf schief und fragte: \u201eSagt mir, Sir Lyall\u2026 Ist Sir Uilleam eigentlich immer so\u2026 Liebenswert?\u201cLyall lachte laut auf, denn irgendwie kam ihm diese Frage bekannt vor. Noch w\u00e4hrend er sich mit einer Hand die Lachtr\u00e4nen fortwischte, legte er die andere der Frau auf die Schulter und deutet ihr zu gehen.\u201eKommt, lasst uns zu den anderen zur\u00fcckkehren.\u201cDamit verlie\u00dfen sie das Waldesdickicht, beobachtet nur von ein paar Eichh\u00f6rnchen und einem wei\u00dfen Raben.",
            "wordcount": "7.390",
            "chapter_release": "24.01.2022",
            "chapter_number": "2"
        }
    },
    "title": "Der Weg des Herzens",
    "topic": "unspecified",
    "release": "\n24.01.2022\n\t\t\t\t\t\t",
    "author": "Dan Delion"
}