{
    "tags": [],
    "chapcount": "14",
    "wordcount": "12.188",
    "chapters": {
        "1": {
            "text": "Es dr\u00f6hnt schmerzhaft durch meinen Kopf und nur langsam scheint die Welt um mich herum wieder greifbar. Ich rei\u00dfe meine Augen auf und setze mich ruckartig auf. Sofort wird wieder alles schwarz und ich klammere mich an der d\u00fcnnen Matratze fest, um nicht zu weit weg zu driften. Es dauert einige Zeit bis nicht mehr alles verschwommen ist und ich meinen Blick vorsichtig durch den Raum schweifen lassen kann. Alles wirkt so unwirklich. Die steril wei\u00dfen W\u00e4nde. Die grellen Neonr\u00f6hren an der Decke. Das metallene Bett, in dem ich aufgewacht bin. Ich erblicke eine T\u00fcr an der gegen\u00fcber liegenden Wand. Ebenfalls wei\u00df. In der T\u00fcr ist ungef\u00e4hr auf Kopfh\u00f6he ein kleines Fenster aus Sicherheitsglas eingelassen. Als ich versuche aufzustehen, gibt das Bett unter mir ein abscheuliches \u00c4chzen und Quietschen von sich. Vorsichtig schwanke ich auf die T\u00fcr zu. Als ich durch das Sichtfenster in der T\u00fcr blicke, hinaus auf den Korridor, erblickte ich unz\u00e4hlige weitere T\u00fcren. Mein Blick ging zu der T\u00fcr direkt gegen\u00fcber von meiner. Oder eher zu der Gestalt, die dahinter stand und mich durch das Fenster \u0001 \u0002 das war der erste Teil :)Und ich w\u00fcrde mich wirklich \u00fcber Feedback freuen *-*da es meine erste Geschichte ist und ich keine Ahnung hab was ich von ihr halten sollDanke f\u00fcrs reinschauen lG Leah",
            "wordcount": "216",
            "chapter_release": "16.09.2015",
            "chapter_number": "1"
        },
        "10": {
            "text": "Kurz vorab vielen Dank f\u00fcr 200 Zugriffe ^_^Ich wei\u00df das Kapitel kommt ein wenig sp\u00e4t und ist auch ein wenig \u0001 \u0002 hoffe es gef\u00e4llt euch und lasst ruhig ein paar Reviews f\u00fcr mich da falls ihr euch entscheidet euer Ghostreader Dasein hinter euch zu lassenIch w\u00fcrde mich auf jeden Fall wahnsinnig \u0001 \u0002 Leah :*_____________________________________________________________________Ich riss die Zeltplane die den Eingang verdeckte zurseite und st\u00fcrtzte hinein. Mein Blick raste durchs Zelt \u00fcber unsere Schlafs\u00e4cke. Er war nicht da. Ich machte auf dem Absatz kehrt und rauschte aus dem Zelt direkt in Cater hinein. \u201e Wow, alles okey? Wohin so eilig?\u201c \u201eWo ist er? Wo ist Parker?\u201c Panik stieg in mir auf. Tr\u00e4nen rollten meine Wangen hinunter. \u201eWas ist los?\u201c \u201eIch hab sie gesehen. Sie haben uns gefunden. Die AOS\u201c Ich fuhr mir durch die Haare und ging mit den Nerven am ende auf und ab. \u201eWas?! Wo?\u201c \u201eBei den Mooren.\u201c In meinem Kopf spielten sich gerade die grausamsten Szenarien ab was mit Parker passiert sein k\u00f6nnte \u201eWas wolltest du so weit abseits?\u201c Was sollte denn die Fragerei jetzt? Wir hatten doch eindeutig andere Probleme \u201eIch und Parker wollten uns dort treffen. Ich hab auf ihn gewartet und dann hab ich sie gesehen. Ich wei\u00df nicht wo Parker ist er ist nicht aufgetaucht und ich bin so schnell ich konnte hier her. Was wenn sie ihn erwischt haben?\u201c \u201eKeine Panik wir finden ihn.\u201cParker tr\u00e4gt mich immer noch durch die schmalen G\u00e4nge und Tunnel unter der Anstalt. Ich starre gerade aus und bin wie weggetreten als mir diese Erinnerung durch den Kopf geht. Ich kann sie ihm auf keinen Fall erz\u00e4hlen. Doch sie passt zu einer anderen Erinnerung die ich in dieser Komischen Halluzination hatte. Wie von selbst baut sich zum ersten Mal eine Br\u00fccke zwischen meine Erinnerungsfetzen. Ich habe die Soldaten damals schon von weitem in ihren wei\u00dfen uniformen im Moor gesehen. Ich bin zur\u00fcckgelaufen und hab gehofft das Parker irgendwo aufgehalten wurde und deswegen nicht da war. Doch Cater und ich fanden ihn nirgendswo in unserem Lager. Keiner hatte ihn gesehen seit er unser gesch\u00fctztes Nest unter den Wurzeln gigantischer Mammutb\u00e4ume verlassen hat um sich mit mir zu treffen. Ich und Cater schlichen uns in die N\u00e4he des Lagers der Soldaten und Forscher. Und da kn\u00fcpft meine andere Erinnerung an. Die, in der ich und Cater aus sicherer Entfernung mit ansahen wie sie Parker zusammenschlagen bis er Blut spuckt und bewusstlos wurde. Ich h\u00e4tte aufgeschrien und uns alle verraten, h\u00e4tte Cater mir nicht die Hand auf den Mund gepresst und mich zur\u00fcck in unser versteck gezogen. Doch woran ich mich immer noch nicht erinnere ist wie ICH hier her gekommen bin. Es sind ein paar Minuten vergangen in denen keiner von uns ein Wort gesagt hat. Dann bricht Parker unser Schweigen. \u201eVergiss es einfach. Du musst es mir nicht erz\u00e4hlen wenn du nicht willst.\u201c \u201eEs ist nicht so das ich es dir nicht erz\u00e4hlen will. Aber\u2026\u201c \u201eAber was?\u201c \u201eIch wei\u00df nicht welche?\u201c \u201eWie? Erinnerst du dich etwa an mehr?\u201c Mist ich h\u00e4tte es ihm nicht sagen sollen. Ich h\u00e4tte mir einfach irgendwas ausdenken sollen. Aber jetzt ist es eh zu sp\u00e4t. \u201eNaja\u2026 Als du mich an diese Schl\u00e4uche angeschlossen gefunden hast. War ich gerade, also mein Bewusstsein, in einer Art gesteuerten Halluzination. \u2026 Da drinnen ist irgendetwas passiert und pl\u00f6tzlich str\u00f6mten haufenweise Erinnerungen auf mich ein. Aber sie sind begr\u00e4ntzt. Und ich wei\u00df immer noch nicht wieso ich hier bin.\u201c \u201eWow! Damit hab ich jetzt echt nicht gerechnet.\u201c Seine Stimme verr\u00e4t mir keines Wegs was er gerade denkt und da ich ihm nicht ins Gesicht sehen kann, da er mich immer noch Huckepack tr\u00e4gt, bleibe ich weiterhin Ahnungslos. Und dann fragt er mich die eine Frage von der ich so sehr gehofft hatte das er sie nie stellen w\u00fcrde. \u201eUnd was sind das f\u00fcr Erinnerungen die alle pl\u00f6tzlich zur\u00fcck kamen?\u201cSoll ich es ihm sagen? Wie soll ich es ihm sagen ohne das es ihn bedr\u00e4ngt oder er mich f\u00fcr irre h\u00e4lt? Vielleicht w\u00e4re etwas weniger K\u00f6rperkontakt wenn ich es ihm sage hilfreich. \u201eLass mich runter!\u201c \u201eEs tut mir leid ich h\u00e4tte nicht so nachhacken sollen-\u201c \u201eNein! Es ist nicht\u2026 bitte lass mich einfach runter.\u201c Er setzte mich behutsam auf dem Boden ab und dreht sich zu mir herum. Er sieht mir direkt in die Augen. Da ist etwas in seinem Blick. Etwas mir sehr vertrautes.",
            "wordcount": "730",
            "chapter_release": "06.12.2015",
            "chapter_number": "10"
        },
        "11": {
            "text": "Ich hatte wirklich vor es ihm zu sagen. Wirklich! Aber jetzt wo er da so vor mir steht, kriege ich meinen Mund nicht auf. Er sieht mich abwartend an. Mein Blick geht verzweifelt zwischen seinen Augen hin und her. Ich kann es ihm nicht sagen. Er f\u00e4hrt sich durch die Haare und seufzt, dann sieht er wieder zu mir und l\u00e4chelt mich an. \u201eWie w\u00e4rs wenn ich dir zuerst meine Erinnerung verrate?\u201c Ich muss wohl nach Au\u00dfen ziemlich verzweifelt gewirkt haben. Ich nicke z\u00f6gernd. Er l\u00e4chelt milde und f\u00e4ngt an zu erz\u00e4hlen. \u201eDas erste mal als ich diese Erinnerung gesehen habe war sie sehr verschwommen und unklar. In der Erinnerung werde ich verfolgt. Ich bin irgendwo in einem dichten Waldgebiet. Ich laufe um mein Leben. Ich sp\u00fcre nur wie mein Herz pocht. Ich renne immer weiter und weiter. Von irgendwo her trifft mich etwas ins Bein, eine Patrone. Der Schmerz durchf\u00e4hrt meinen ganzen K\u00f6rper. Ich st\u00fcrze und fange mich gerade noch mit den H\u00e4nden an einem Baum ab und versuch weiter zu kommen. Doch es war zu sp\u00e4t. Ich war zu langsam. Sie hatten mich bereiz umzingelt. Sie hatten mich erwischt, die AOS.\u201c Mh\u2026 \u201eWieso hast du gesagt das es so war als du dich das erste Mal erinnert hast? Hat sich die Erinnerung ver\u00e4ndert?\u201c Sein Blick ist w\u00e4hrend seiner Erz\u00e4hlung zum Wasser geschweift. Er schmunzelt kurz schaut mir dann direkt in die Augen. \u201eJa hat sie. Und zwar nachdem ich dir damals im Hof begegnet bin. Besser gesagt nachdem sie uns alle einger\u00e4uchert hatten und ich wieder in meiner Zelle aufgewacht bin. Da war dann pl\u00f6tzlich noch etwas anderes in meinen Erinnerungen.\u201c Er h\u00e4lt kurz inne und scheint zu \u00fcberlegen was er sagen soll. \u201eAnfangs habe ich gedacht das sich wegen dieses Rauchs meine Erinnerungen ver\u00e4ndert haben. Ich habe sogar kurz \u00fcberlegt ob du vielleicht zu ihnen geh\u00f6rst.\u201c Er schmunzelt. \u201eAber sie wurden immer klarer und komplexer. ... Diese neuen Erinnerungen\u2026 sie handeln von dir.\u201c Ich starre ihn einfach nur an. Jetzt bringe ich erst recht kein Wort heraus. Hat er gerade wirklich gesagt was ich glaube? Erinnert er sich an mich? Ich wollte ihn sp\u00fcren, meine Arme um seinen Nacken schlingen und ihn zu mir ziehen. Ich wollte ihm sagen das ich mich auch erinnere. Das es der Horror f\u00fcr mich war zu denken das er mich nicht mehr kennen w\u00fcrde. Das ich Angst vor seiner Reaktion hatte und es ihm deshalb nicht gesagt habe. Pl\u00f6tzlich wird mir schwindelig und ein Stich durchf\u00e4hrt mein Bein. Ich stolper zur Seite und st\u00fctze mich an die moosige Mauer. \u201eWas ist los? Ist alles ok?\u201c Seine Stimme dringt kaum bis zu mir durch. Mir wird schwarz vor Augen. Ich sp\u00fcre seinen st\u00fctzenden Arm um meine Taille. Ich murmel irgendwas wie:\u201eNichts. Mir war nur schwindelig.\u201c Und sacke zusammen. Das letzte was ich h\u00f6re bevor ich den kalten Steinboden unter mir sp\u00fcre ist Parkers Stimme. \u201eLace!\u201c*Traum Anfang*Der Nachhall einer Stimme die meinen Namen Ruft bringt mich dazu meine Augen zu \u00f6ffnen. Wind peitscht mir meine Haare ins Gesicht. Doch kein einziges Ger\u00e4usch ist zu h\u00f6ren. Es ist so surreal. Um mich herum ist alles karg und grau. Spitzte Felsen Klippen sind am Horizont zu erkennen. Nur um die zehn Schritte vor mir spaltet sich Gestein ab und verschwindet in einen bodenlosen Abgrund. Ein heftiger Windsto\u00df packt mich und schleudert mich an den Rand der Klippe. Es reist mir die Beine weg und zwingt mich auf die Knie. Ich klammere mich an vertrockneten Wurzeln fest um nicht von den Winden in die Schlucht gerissen zu werden. Doch der Wind wird immer st\u00e4rker und st\u00e4rker. Der Wind peitscht mir ins Gesicht und treibt mir brennende Tr\u00e4nen in die Augen. Ich \u0001 \u0002,Anybody out there? Cause I don't hear a soundI'm out on the edge and I'm screaming my nameLike a fool at the top of my lungsSometimes when I close my eyes I pretend I'm alrightBut it's never enoughCause my echo, Is the only voice coming backShadow, Is the only friend that I haveListen, I would take a whisper if that's all you had to giveBut it isn't, is it?You could come and save me and try to chase the crazy right out of my headI don't wanna be an islandI just wanna feel alive andGet to see your face againBut 'til thenJust my echo, my shadowYou're my only friend and...\u0001 \u0002 out there?* Traum Ende *_________________________________________________________________Mal ein bisl was anderes und ein wenig fr\u00fcher als sonst ;)Ist zwar k\u00fcrzer als sonst aber vielleicht kommt diese Woche noch was. :*Link zur Traum Lyrics: https://\u0001 \u0002.com/watch?v=QIeQbXukmBwwenns euch gefallen hat schreibt mir ein Reviewwenns euch nicht gefallen hat schreibt mir trotzdem ein REVIEWBussi :* Leah",
            "wordcount": "826",
            "chapter_release": "10.12.2015",
            "chapter_number": "11"
        },
        "12": {
            "text": "Wie versprochen kommt noch ein Kapitel. Es ist dieses mal wieder ein bisschen \u0001 \u0002 es ist dieses mal auch (Achtung Spoiler) etwas mehr Romantik mit drin. Mal sehn wies euch \u0001 \u0002 Leah ;*_______________________________________________________________________________________________\u201eDu hast uns allen einen ziemlichen Schrecken eingejagt.\u201c Sagt die kleine, etwas dickliche Frau und legt mir behutsam einen k\u00fchlen, feuchten Lappen auf meine verschwitzte Stirn. Sie tr\u00e4gt eine gef\u00fctterte Lederjacke und darunter abgewetzte Kleidung die wie aus einer anderen Zeit aussieht. Es gef\u00e4llt mir. Sie war es auch die ich als erstes gesehen habe als ich aufgewacht bin und die mir erkl\u00e4rt hat das ich drei Tage lang geschlafen habe. Sie hat mir davon erz\u00e4hlt wie Parker vor drei Tagen mit mir auf den Armen angekommen war. Sie sagt er hat v\u00f6llig fertig ausgesehen und ist mir die ersten zwei Tage nicht von der Seite gewichen bis sie ihn aus dieser aus Brettern und Planen bestehenden Unterkunft geworfen hat. \u201eDu bist w\u00e4hrend deiner Fiebersch\u00fcbe ein paar mal aufgewacht. Erinnerst du dich noch daran?\u201c \u201eNein.\u201c Sie wringt den Lappen erneut aus und gibt ihn mir. Ich wische mir damit \u00fcbers Gesicht. Er ist angenehm k\u00fchl. \u201eNaja ist vielleicht auch besser so.\u201c meint sie gedankenverloren. \u201eWieso? Was hab ich denn gesagt?\u201c Sie l\u00e4chelt mich mitleidig an. \u201eAch das meiste war wirres Zeug oder unverst\u00e4ndliches Gemurmel. Ein zwei mal hast du auch nach deinem jungen Retter gefragt bist aber sofort wieder weggebrochen.\u201c Aha. Sie l\u00e4chelt mich aufmunternd an. Sie erhebt sich von meiner Liege und geht zum Ausgang des kleinen Bungalows. Doch dreht sie sich dann doch noch einmal um. \u201eIch werd ihm bescheid sagen das du wach bist, aber \u00fcbertreibt es nicht gleich! Du brauchst jetzt viel Ruhe.\u201c Sie schiebt den Teppich der als T\u00fcr dient zu Seite und verschwindet. Ich muss unwillk\u00fcrlich grinsen. Dann h\u00f6re ich Stimmen und schnelle Schritte die immer n\u00e4her kommen und abrupt vor dem Zelt stehen bleiben. Sachte wird der Teppich beiseite geschoben und Parker tritt ein. Hinter ihm schiebt sich der Teppich wieder vor die \u00d6ffnung. Doch er geht nicht weiter, bleibt wie angewurzelt stehen. \u201eWillst du nicht n\u00e4her kommen oder hast du vor den ganzen Tag so rum zu stehen?\" Ein winziges Schmunzeln schleicht \u00fcber seine Lippen. W\u00e4hrend er sich den Hocker neben der T\u00fcr schnappt und ihn neben die Trage stellt lasse ich den Lappen in eine Schale mit Wasser fallen, die neben mir am Boden steht. Er schweigt. Er sieht mich einfach nur an. Und an seinem Blick sehe ich das er sich immer noch Sorgen macht. Ich versuche nicht darauf ein zu gehen. \u201eAlso, wo genau sind wir hier?\u201c Er grinst und steht auf. \u201eKomm mit ich zeigs dir.\u201c Er reicht mir seine Hand und hilft mir auf. Ich bin noch etwas wackelig auf den Beinen aber ich stehe. Parker st\u00fctzt mich bis zur T\u00fcr und schiebt den Teppich beiseite. Wir treten aus der Baracke heraus und mir klappt die Kinnlade runter. \u201eWillkommen im Loch.\u201c sagt Parker grinsend. Es ist tats\u00e4chlich ein Loch. Oder eher eine riesige H\u00f6hle. Zelte und wackelige Holzkonstruktionen dienen als H\u00e4user. Und elendslange Lichterketten mit alten Gl\u00fchbirnen tauchen alles in ein wohlig warmes Licht. Es sieht alles ziemlich wild zusammen geschustert aus. Kabelgewirr h\u00e4ngt uberrall von den St\u00fctzmasten der Zelte und Lichterketten. Hier und da eine brennende M\u00fclltonne. Und ein Haufen von ebenso wild zusammen gew\u00fcrfelten Menschen. \u201eAlso mir gef\u00e4llts.\u201c \u201eDas dachte ich mir schon.\u201c meint er nur schmunzelnd und zieht mich an der Hand tiefer in das Labyrinth aus H\u00fctten und Zelten. Ein paar Leute begr\u00fc\u00dfen uns im Vorbeigehen oder fragen mich wies mir geht. \u201eParker?\u201c \u201eHm?\u201c \u201eWoher wissen die alle wer ich bin?\u201c Wir bleiben an einer ruhigeren Ecke stehen und ich lehne mich an die K\u00fchle Felswand. Parker lehnt sich neben mich und verschr\u00e4nkt l\u00e4ssig seine Arme. Seit ich aufgewacht bin sehe ich ihn zum ersten mal richtig an. Er sieht m\u00fcde aus. Wie alle hier. Aber in seinen Augen ist etwas trauriges das in mir diesen drang weckt ihn zu umarmen. So wie er da lehnt sieht er aber auch echt se- STOP. Es gibt jetzt viel wichtigeres und er hat immer noch nicht meine Frage beantwortet. \u201eHmhm!\" Ich r\u00e4uspere mich lautstark damit er mich ansieht. Er seufzt eben so lautstark. \u201eNaja also,\u2026 Als ich mit dir hier angekommen bin war es mitten in der Nacht und ich hab die halbe H\u00f6hle zusammen geschrien bis Laika gekommen ist und dich behandelt hat. Sie sagt du warst halb tot als wir hier angekommen sind. Es ist eine Nachwirkung der Mittel die dir die Forscher wegen dieser Experimente gespritzt haben. Du warst eiskalt und blass. Sie meinte ich soll mir nicht zu gro\u00dfe Hoffnungen machen.\u201c Er stoppt und sieht mich an. Seine Armen sind immernoch vor seiner Brust verschr\u00e4nkt. Fast so als w\u00fcrde er auch gegen den Drang ank\u00e4mpfen mich zu umarmen. Ich kann nicht mehr. Ich halte es nicht mehr aus ihn nicht ber\u00fchren zu k\u00f6nnen. \u201eIch erinnere mich.\u201c Es kommt nicht mehr als ein Fl\u00fcstern \u00fcber meine Lippen. Er antwortet nicht. Er denkt wahrscheinlich das ich damit meine, dass ich mich daran erinnere wie er die H\u00f6hle zusammen schreit. Ich atme tief durch. Ich wei\u00df selbst nicht vor was ich solche Angst habe. Vielleicht das in dem Moment wo ich es ausspreche, mich etwas aus dem hier und jetzt rei\u00dft und es alles nur ein Traum war und ich immer noch allein in dieser wei\u00dfen Zelle sitze. \u201eAls ich in dieser Halluzination war, warst du auch da. Du warst bewusstlos.\u201c Ich schaue zu ihm hoch. Und er mir direkt in die Augen.\u201c Ich bin zu dir gelaufen. Und dann rauschten all diese Erinnerungen auf mich ein. Eine war ganz besonders stark. ... Die wo wir bei Sonnenaufgang auf diesem Baum gessesen haben und ich dich nicht schlafen gehen lassen wollte. Wei\u00dft du noch was ich zu dir gesagt hab?\u201c Mir rinnt eine Tr\u00e4ne \u00fcber die Wange und ich wische sie schnell weg. Ich blicke ihm flehend in die Augen. Bitte! Bitte erinnere dich! Er sto\u00dft sich von der Wand ab und stellt sich direkt vor mich. Eine Gl\u00fchbirne erhellt sein Gesicht und ich k\u00f6nnte schw\u00f6re das seine Augen verd\u00e4chtig schimmern. Er grinst mich schief an und legt seine H\u00e4nde auf meine Wangen. \u201eDu hast mich angebettelt noch ein paar Minuten zu bleiben. Nur so lang bis die Sonne aufgegangen ist. Und dann hast du gemeint das man nie wei\u00df wann man sie das n\u00e4chste mal sieht.\u201c er wischt mir meine Tr\u00e4nen mit dem Daumen weg und streichelt mir sanft \u00fcber die Wange. Er legt seine Stirn an meine und fl\u00fcstert \u201eEs tut mir leid das ich dich vor all dem hier nicht besch\u00fctzen konnte.\u201c Das gibt mir den Rest. Ich ziehe ihn am Shirt zum mir runter und k\u00fcsse ihn. Viel ernster als beabsichtigt um ihm zu verstehen zu geben das ich auf mich selbst aufpassen kann und das es nicht seine Schuld ist das wir hier sind. Er erwidert meinen Kuss so sanft das meine Knie weich werden und ich meine Arme automatisch um seinen Hals schlinge. Das hat mir so gefehlt. Seine H\u00e4nde liegen auf meinen H\u00fcfte und ziehen mich enger an sich. Ein Seufzer entgleitet mir. Parker grinst in unseren Kuss hinein und l\u00f6st sich dann von mir. \u201eDas hat mir so gefehlt. Du hast mir gefehlt.\u201c Ich vergrabe mein Gesicht in seiner Brust und er zieht mich eng an sich.",
            "wordcount": "1.229",
            "chapter_release": "13.12.2015",
            "chapter_number": "12"
        },
        "13": {
            "text": "Er l\u00f6st sich sanft von mir und grinst. \u201eIch hatte schon Angst das du mich nie wieder so k\u00fcssen w\u00fcrdest.\u201c Jetzt kann ich mir ein Grinsen ebenfalls nicht verkneifen. Ich boxe ihm gegen die harte Brust, vergrabe mein Gesicht in dieser und schmiege mich eng an ihn. \u201eHey, ihr zwei!\u201c Wir zucken auseinander. Hoch \u00fcber unseren K\u00f6pfen streckt ein \u00e4lterer Typ seinen Kopf durch das Ger\u00fcst einer H\u00fctte die von der Decke h\u00e4ngt und winkt uns zu sich. Ich blicke Parker verwirrt an. Der nickt mit dem Kopf zu einer Steintreppe in der H\u00f6hlenwand. Ganz geheuer ist mir diese ganze Konstruktion ja \u0001 \u0002 Boden in der von der Decke h\u00e4ngenden H\u00fctte knarrt f\u00fcrchterlich. Bei jedem Schritt biegen sich die Bretter und geben kleine Risse im Boden frei durch die man das wilde Treiben der H\u00f6hlengemeinschaft beobachten kann. Der \u00e4ltere Mann deutet auf zwei St\u00fchle auf die wir uns setzten. Er hat einen strubbeligen wei\u00dfen Bart und lange, zu einem Pferdeschwanz zusammen gebundene Haare deren Spitzen auf seinen Schultern ruhen. Er hinkt ein wenig als er sich in einen in der Ecke stehenden Sessel niederl\u00e4sst. Der Stoff des Sessels ist abgewetzt und fleckig. \u00dcberhaubt ist hier alles eher minimalistisch eingerichtet. In der Ecke neben der T\u00fcr steht ein kleiner Holzofen auf dem ein Teekessel br\u00fcht. Links daneben steht ein kleines Eisenbett an der Wand. Es erinnert mich unweigerlich an die wei\u00dfe Zelle. Durch einen Rasselnden Huster des Mannes werde ich wieder ins hier und jetzt bef\u00f6rdert. Er h\u00e4lt sich ein Stofftaschentuch vor den Mund das sich bei einem weiteren Husten vereinzelt rot f\u00e4rbt. Blutrot. Er dr\u00fcckt das Taschentuch fest gegen seine Lippen und man sieht das ihm jeder Atemzug Schmerzen bereitet. Er schluckt und schlie\u00dft kurz seine Augen. \u201eVerzeiht, dass ich euch hier rauf gewunken hab aber meine Verfassung macht es mir unm\u00f6glich meine H\u00fctte zu verlassen.\u201c Er \u00f6ffnet seine Augen wieder und schaut mich an. Er erwartet etwas von mir. Nur was blo\u00df? Parker reagiert statt mir. \u201eKein Problem das verstehen wir. Worum geht\u2019s?\u201c \u201eNun mir ist zu Ohren gekommen das ihr mit Thomas Wainwright geflohen seid.\u201c Mein Atem stockt. Ich habe das Bild von meinen blutverschmierten H\u00e4nde wieder vor Augen. Den Ausdruck in seinen Augen. Den Nachhall seines letzten Atemzugs. Alles kommt wie eine Welle \u00fcber mich. \u201eJa\u201c kommt es erstickt \u00fcber meine Lippen. Parker nimmt meine Hand und dr\u00fcckt sie z\u00e4rtlich. Ich hebe meinen Blick, sehe dem Mann direkt in die Augen. Ich sage kein weiteres Wort doch auch so versteht er meine Antwort auf seine unausgesprochene Fragen, ob er noch am leben war. Sein Blick wird glasig und senkt sich gen Boden. \u201eEs tut mir leid.\u201c fl\u00fcstere ich. Mehr kommt nicht \u00fcber meine Lippen. \u201eNein du kannst nichts daf\u00fcr, Kleine. Wir wissen alle wer daf\u00fcr verantwortlich ist.\u201c Gegen ende spricht er immer schneller und spuckt die Worte fast aus. Er atmet einmal tief ein und seufzt.. Er hebt seinen Blick wieder vom Boden und l\u00e4chelt mild. Er hat wohl f\u00fcr sich beschlossen das es keinen Sinn macht sich \u00fcber etwas aufzuregen gegen das man nichts tun kann. \u201eWir waren alte Freunde, Thomas und ich. Schon seit Kindertagen. Ich frage mich ob er sich am Ende wieder daran erinnert hat.\u201c \u201eWie meinen Sie das?\u201c \u201eNunja, eben seine Erinnerungen. Es liegt an diesen Medikamenten die sie einem geben. Sie st\u00f6ren die Hirnstr\u00f6mung und verhindern dadurch das abrufen von Erinnerungen. Doch die Wirkung ist nicht dauerhaft. Nach ein paar Wochen auf der Flucht kamen meine Erinnerungen wieder.\u201c \u201eEr wusste es.\u201c Kam es mir pl\u00f6tzlich. \u201eEr hat mich vor den Medikamenten im Essen gewarnt. Er hat gesagt sie w\u00fcrden einen willensschwach und gef\u00fcgig machen.\u201c der alte Mann lacht leicht. \u201eJa, er hatte schon seine Theorien bevor ich \u00fcberhaupt verstanden hatte das sie mit uns Experimente machten.\u201c Wir unterhalten uns noch eine Weile bis drau\u00dfen in der H\u00f6hle langsam die Lichter ausgehen. Ich blicke verwirrt zu Parker. \u201eNachtruhe. Ich denke wir sollten auch lieber schlafen gehen es kommen eine Menge anstrengender tage auf uns zu.\u201c \u201eOh ja aber nat\u00fcrlich jetzt hab ich euch den ganzen Abend vollgequasselt. Und euch nicht mal was zu Trinken angeboten.\u201c Wir erheben uns und er begleitet uns zur T\u00fcr. Wir verabschieden uns und Parker wartet schon bei den Stufen auf mich als ich mich nochmal umdrehe. \u201eWarte kurz Parker! Es tut mir wahnsinnig leid aber ich hab nicht einmal nach ihrem Namen gefragt.\u201c \u201eGraham, mein Name.\u201c Er l\u00e4chelt und verbeugt sich leicht vor mir, gibt mir einen Handkuss. Ich mache einen Knicks und nicke ihm noch einmal zu bevor ich Parker die Treppe hinunter folge. Unten am Fu\u00df der Treppe nimmt Parker meine Hand und f\u00fchrt mich durch das Labyrinth aus H\u00fctten. Wir klettern \u00fcber Leitern und D\u00e4cher, zw\u00e4ngen uns durch enge Spalte zwischen den Baracken und durch nicht weniger enge Gassen. Er zieht mich an der Hand eine Leiter hoch bis wir vor einer dunkelgr\u00fcnen Plane zum stehen kommen. Parker zieht die plane zur Seite und zum Vorschein kommt eine Einzimmerh\u00fctte mit einem Holzbett und einem Waschbecken an der lehmigen Wand. Gegen\u00fcber dem Bett ist ein kleines Fenster mit halbdurchsichtigen Vorh\u00e4ngen. Ich schaue zu Parker neben mir der mich schief angrinst. \u201eBitte Madame, treten sie ein.\u201c Ich grinse ebenfalls und mache ein paar schritte in den nur von einzelnen Gl\u00fchbirnen der H\u00f6hle erleuchteten Raum. \u201eIch wei\u00df es ist nicht viel aber-\u201c \u201eMir gef\u00e4llts.\u201c Ich drehe mich zu ihm um und grinse ihn breit an. Er kommt auf mich zu, legt seine H\u00e4nde auf meine H\u00fcften und zieht mich zu sich. Ein nur all zu bekanntes Kribbeln steigt in mir auf. Ich schlinge meine Arme um seinen Hals und ziehe ihn noch n\u00e4her zu mir. Sein Atem streift meine Lippen und eine G\u00e4nsehaut zieht sich \u00fcber meinen ganzen K\u00f6rper. Und dann endlich sp\u00fcre ich seine weichen Lippen. Sie bewegen sich sanft auf meinen. Er zieht mich noch enger an sich. Ein leises st\u00f6hnen schleicht \u00fcber seine Lippen und ich kann mir ein Grinsen nicht verkneifen. Ich l\u00f6se mich von ihm und vergrabe mein Gesicht in seiner Halsbeuge. \u201eIch liebe dich, Parker.\u201c Fl\u00fcster ich so leise das ich mir nicht sicher bin ob er es geh\u00f6rt hat. Doch dann sp\u00fcre ich sein Grinsen und seinen Arm der mich n\u00e4her an ihn zieht und ich bin mir sicher das er es geh\u00f6rt hat.----------------------------------------------------------------------------------------------------------------------------------------------------------------So, ich wei\u00df es ist ein wenig sp\u00e4t. :/Ich hoffe wie immer das es euch gef\u00e4llt, wann aj dann lasst doch ein Review da ;)Es wird w\u00e4rend der Weihnachtsferien nichts mehr kommen da ich bei meiner Oma kein W-Lan habe :(Ich w\u00fcrde mich trotzdem \u00fcber ein paar super tolle Reviews von euch freuen so quasi als Weihnachtsgeschenk *_*Ich w\u00fcsch euch allen frohe Weihnachten und ein fantastisches neues Jahr ^-^alles Liebe eure Leah :* <3",
            "wordcount": "1.129",
            "chapter_release": "23.12.2015",
            "chapter_number": "13"
        },
        "14": {
            "text": "Ich wei\u00df ich hab mich eine halbe Ewigkeit nicht gemeldet und ich f\u00fcrchte das das hier f\u00fcr eine Weile mein letzter Eintrag sein wird. Mir fehlt im Moment einfach die Motivation und die Zeit. Ich werde diese Story f\u00fcr unbestimmte Zeit pausieren und wollte mich nur bei euch allen bedanken. Es haben eine Menge Leute diese Story gelesen und ich hoffe ihr fandet sie nicht allzu schrecklich. ;) Alles Liebe eure Leah :*...... to be continued",
            "wordcount": "74",
            "chapter_release": "23.01.2016",
            "chapter_number": "14"
        },
        "2": {
            "text": "Ich kann zuerst nicht erkennen, ob es menschlich ist, da es in dem Raum hinter der T\u00fcr stockdunkel ist. Die Gestalt macht einen gro\u00dfen Schritt auf die T\u00fcr zu und dr\u00fcckt das Gesicht sanft gegen die Scheibe. Nun kann ich erkennen, was es war. Das grelle Licht des Korridors zwischen unseren T\u00fcren erhellt das Gesicht des alten Mannes. Seine Haut ist blass und seine Z\u00fcge karg und abgemagert. Er schreit etwas durch die Scheibe. ,,Wer bist du?\u201c Seine Worte kommen nur dumpf und fast unverst\u00e4ndlich bei mir an. \u201eWer ich bin?\u201c, hallt es durch meine Gedanken. Ich ... ich wei\u00df es nicht. Fassungslos rei\u00dfe ich die Augen auf. Wieso habe ich nicht gemerkt, dass ich mich an nichts erinnere? Ich sehe den alten Mann wieder in die Augen. In seinen vorhin noch neugierigen, ja fast schon hoffnungsvollen Augen macht sich jetzt Entt\u00e4uschung und Verzweiflung breit. Und wenn ich mich nicht irre auch etwas Mitleid. Sein Kopf senkt sich und sein Gesicht liegt nun wieder im Schatten. Panik macht sich in mir breit. Wer bin ich? Und wieso wei\u00df ich nichts mehr? Wo bin ich? Wieso bin ich hier? So viele Fragen und ich kann keine einzige davon beantworten. Schei\u00dfe! Etwas tropft auf meinen Fu\u00df. Ich sehe zu Boden. Erst jetzt sp\u00fcre ich, dass ich angefangen habe zu weinen. Ich lehne mich mit dem R\u00fccken gegen die T\u00fcr und lasse mich an ihr herunter gleiten. Die Tr\u00e4nen verschleiern meine Sicht und das Dr\u00f6hnen in meinem Kopf setzt wieder ein. Ich sitze eine ganze Weile regungslos auf dem Boden. Ich atme ein paar Mal tief durch und fahre mir durch die Haare. Ich wische mir mit dem \u00c4rmel des hellgrauen, ausgeleierten Pullis, den ich an habe, meine Tr\u00e4nen weg. Es hat sowieso keinen Sinn hier heulend rumzusitzen. Ich muss hier raus und herausfinden, was hier los ist. Ich stehe auf und gehe zu dem kleine Waschbecken, welches an der Wand rechts von dem Bett hing, her\u00fcber. Langsam hebe ich meinen Blick vom Boden und blicke in den kleinen verdreckten Spiegel \u00fcber dem Becken. Ich starre mein Spiegelbild an. Ich wei\u00df nicht, was ich erwartet habe. Vielleicht, dass wenn ich mir in die Augen sehe, ich mich dann an irgendetwas erinnern w\u00fcrde. Aber alles was ich sehe, ist ein ungef\u00e4hr siebzehnj\u00e4hriges M\u00e4dchen mit braunen Haaren, grauen Augen, einer aufgeplatzten Lippe und einer Platzwunde an der Stirn. Ich seufze, drehe den Wasserhahn auf und s\u00e4ubere meine Wunden. Das Wasser ist eiskalt, aber etwas anderes habe ich bei meinem bisherigen Eindruck von diesem Ort auch nicht \u0001 \u0002 einer sanften Hand an meiner Schulter werde ich geweckt. Innerlich ohrfeige ich mich gerade selbst, f\u00fcr meine Dummheit letztendlich doch eingeschlafen zu sein. Nachdem ich stundenlang auf dem Boden neben dem Waschbecken sitzend versucht habe wach zu bleiben. Vor lauter Wut auf mich selbst habe ich nicht realisiert, dass da tats\u00e4chlich eine Person neben mir steht. Es ist eine schlanke, blonde Frau. Sie l\u00e4chelt mich freundlich an und setzt sich dann zu mir ans Bett. Moment mal. Bett? Bevor ich aber meine Gedanken rund um die Frage, wieso ich nicht mehr am Boden neben dem Waschbecken sitze, n\u00e4her ausf\u00fchren kann, f\u00e4ngt die junge Frau auch schon an zu reden. \u201eWie geht es dir, Lucy?\u201c Lucy? Ist das mein Name? \u201eDu kannst dich an nichts erinnern, oder?\u201c, fragt die Frau, die meine Verwirrung wohl bemerkt haben muss. Sie l\u00e4chelt immer noch. \u201e\u00c4hm, ja es geht mir gut.\u201c, antworte ich ihr knapp. Ich wei\u00df nicht, wieso aber irgendwie vertraue ich ihr nicht. Es ist dieses L\u00e4cheln. Aus irgendeinem Grund macht es mir \u0001 \u0002 hat mir noch ein paar ziemlich sinnlose Fragen gestellt. Ich meine, sie wei\u00df, dass ich mich an nichts erinnern kann und trotzdem scheint sie zu glauben, dass ich etwas zu verheimlichen habe. Ich bin schon eine Weile wieder allein, als zwei M\u00e4nner in wei\u00dfen Uniformen meine \"Zelle\" st\u00fcrmen und mich mit nehmen. Sie f\u00fchren mich die endlosen G\u00e4nge entlang und biegen hin und wieder mal an einer Ecke ab. Die ganze Zeit \u00fcber sagen sie kein Wort. Ich habe es inzwischen aufgegeben eine Konversation zu starten, um wenigsten ein Paar Infos \u00fcber diesen Ort hier zu erfahren. Pl\u00f6tzlich bleiben die beiden Uniformierten stehen und drehen sich zu der Wand rechts von uns. Einen Augenblick sp\u00e4ter bekommt die Wand Risse in Form von zwei gro\u00dfen, aufrechten Rechtecken. Dampf tritt aus den Rissen aus und die Platten schieben sich lautlos auseinander. Helles wei\u00dfes Licht strahlt durch die \u00d6ffnung. Einer meiner netten Begleiter schupst mich unsanft durch den Eingang und gleich darauf schlie\u00dfen die platten sich wieder. Ich wende mich von der Wand ab und werde sofort vom herrlich warmen Sonnenlicht geblendet. Gemurmel durchgibt den Raum. Nachdem sich meine Augen an das nat\u00fcrliche Licht gew\u00f6hnt haben, geht mein Blick durch den innenhofartigen Raum. Es befinden sich noch ungef\u00e4hr f\u00fcnfzig andere Personen im Raum. Keiner scheint mich bemerkt zu haben oder es interessiert sie einfach nicht, weil ich einfach nur ein weiterer Gefangener bin. Sie tragen alle dieselben grauen Pullover und Jogginghosen, wie auch ich sie trage. Was meine Vermutung, dass das hier eine Gef\u00e4ngnis oder Forschungseinrichtung ist, nur noch verst\u00e4rkt. Ungef\u00e4hr drei\u00dfig Meter \u00fcber dem Boden befindet sich ein Netzt, das von Mauer zu Mauer gespannt ist. Vermutlich damit niemand hier heraus kommt. Obwohl das Netzt wahrscheinlich das kleinere Problem w\u00e4re, wenn man versuchen w\u00fcrde hier raus zu gelangen. Mich pers\u00f6nlich w\u00fcrden eher die drei\u00dfig Meter abschrecken, als dieses Netzt, welches sich im Wind leicht auf und ab bewegt. Ich lenke meine Gedanken wieder auf die Menschen - der Gro\u00dfteil ist ungef\u00e4hr in meinem Alter. Wieso sind wir alle hier und ich bin mir ziemlich sicher, dass das nicht mal ann\u00e4hernd alle Jugendlichen sind, die hier gefangen sind. Ich habe mich noch immer nicht von der Wand wegbewegt, was im Nachhinein vielleicht nicht so klug war. Ich bekomme schon wieder einen unsanften Sto\u00df. Doch dieses Mal verliere ich mein Gleichgewicht und kann mich gerade noch so mit den H\u00e4nden abfangen. Als ich meinen Kopf hebe, sehe ich gerade noch wie sich das Tor wieder schlie\u00dft. \u201eVerdammt. Tut mir echt leid. Aber jeder wei\u00df, dass man lieber nicht vor den T\u00fcren rumsteht.\u201c, h\u00f6rte ich einen Typen sagen, der mir auch schon grinsend seine Hand hinh\u00e4lt. Ich ergreife sie und er hilft mir auf. \u201eTja, das h\u00e4tte mir mal einer von den gespr\u00e4chigen Typen hier sagen sollen.\u201c, erwidere ich sarkastisch. Er musterte mich. \u201eNeu hier? Wie hei\u00dft du?\u201c \u201eLucy\u201c, sage ich automatisch und erschreckte mich ein wenig dar\u00fcber \u201eLucy, hm?\u201c Er mustert mich immer noch nachdenklich und langsam geht mir das auf die Nerven. \u201eWAS?\u201c, motzte ich ihn an und sein Blick wanderte sofort wieder zu meinen Augen. Ich ziehe abwartend eine Augenbraue hoch. \"Nichts. Ich h\u00e4tte blo\u00df nicht gedacht, dass sie schon wieder bei Y sind. Das ist alles.\u201c Was meint er damit?_______________________________________________Soo Kapitel 2 *-*ich w\u00fcrde mich nat\u00fcrlich \u00fcber Feedback freuen :)lG Leah",
            "wordcount": "1.147",
            "chapter_release": "17.09.2015",
            "chapter_number": "2"
        },
        "3": {
            "text": "Kurz vorabIch w\u00fcrde mich wirklich \u00fcber Feedback \u0001 \u0002 ist ja meine erste Geschichte und ich w\u00fcrde wirklich gerne wissen wie sie so \u0001 \u0002 viel Spa\u00df beim lesen eure Leah___________________________________________________________________________,,Die W\u00e4chter sind mit dem letzten auf dem Weg.\u201c, sagt der schlaksige, junge Mann am Kontrollpult. ,,Gut. Wir fangen mit der ersten Testreihe an, sobald sie eintreffen.\u201c, erwidert Blondine mit dem kalten L\u00e4cheln. Ihr Blick starr auf die Bildschirme gerichtet, auf denen sie jede einzelne Bewegung der Jugendlichen im Hof \u0001 \u0002 starre den Jungen immer noch mit zusammen gezogenen Augenbrauen und einem fetten Fragezeichen im Gesicht an. ,,Vergiss es! Ich hab blo\u00df laut gedacht.\u201c Er verschwindet in der Menge und l\u00e4sst mich einfach stehen. Er wei\u00df irgendetwas \u00fcber diesen Ort. Da bin ich mir hundertprozentig sicher. Ich will ihm gerade nachlaufen, da schie\u00dft auf einmal Dampf aus den Fugen im Boden. Die Erde erbebt, wie bei einem Erdbeben, und ich verliere taumelnd mein Gleichgewicht. Die Bodenplatten schieben sich in alle Richtungen, sodass wir auf mehrere Ebenen verteilt sind. Als sich die Ersch\u00fctterung beruhigt hat, rappele ich mich z\u00f6gernd wieder auf. Vielleicht etwas zu neugierig gehe ich bis zum Rand der Erdplatte und sp\u00e4he in die Tiefe. Da unten ist nichts als Dunkelheit. Ein schwarzes Loch. Mein Blick schweift zu den anderen schwebenden Ebenen. Es sind sechs Platten auf vier Ebenen. Auf jeder ungef\u00e4hr acht Personen. Den Typen von vorhin entdecke ich auf einer Platte rechts, leicht unterhalb von mir ungef\u00e4hr 15 Meter entfernt. Sein Blick wandert ebenfalls durch den Raum und bleibt dann bei mir h\u00e4ngen. In seinem Gesicht ist keinerlei \u00dcberraschung zu erkennen. Es wirkt ganz so als h\u00e4tte er das erwartet. Das mit den Platten meine ich nicht, dass ich ihn anschaue. Ein anderer stellt sich neben ihn und sieht hinunter in den Abgrund. ,,Wie tief ,denkst du ist es bis ganz nach unten?\u201c, fragt wieder der von vorhin. Ich sollte wirklich heraus finden, wie er hei\u00dft. ,,Was hast du vor?\u201c, antwortet der zweite mit einer Gegenfrage und einem fetten Grinsen im Gesicht. Erst jetzt fiel mir die merkw\u00fcrdige Akustik auf. Ich kann die beiden h\u00f6ren, als ob sie neben mir stehen w\u00fcrden. Er blickt wieder zu mir und antwortet seinem Freund: ,,Wir springen, was sonst?\u201c Er will tats\u00e4chlich springen? Er ist d\u00fcmmer, als ich angenommen habe. ,,Ihr spinnt doch!\u201c, platzt es aus mir raus. Alle restlichen Gespr\u00e4che verstummen sofort. Er sieht mich weiterhin einfach nur an. Als w\u00fcrde er nicht ganz verstehen, was ich f\u00fcr ein Problem habe. Also fahre ich fort: ,,Ihr wisst doch gar nicht, was da unten ist\u201c Zugegeben, ich auch nicht, aber das war nicht der Punkt. ,,Naja, aber hier rumstehen und darauf warten, dass irgendwas passiert, k\u00f6nnen wir auch nicht.\u201c erwidert er. ,,Und wieso nicht?\u201c ,,Weil es so nicht funktioniert. Sie warten auf eine Reaktion von uns.\u201c, erkl\u00e4rt er mir und f\u00e4hrt sich dabei durch die wuscheligen blonden Haare. Sein graues Shirt spannt, als er den Arm hob, und erst jetzt f\u00e4llt mir auf, dass er ziemlich gut gebaut ist. Die Plattform unter meinen F\u00fc\u00dfen bewegt sich und holt mich aus meinen Gedanken. Sie senkt sich langsam nach unten rechts. Einen halben Meter unter der Ebene, auf der der Blonde steht, verharrt sie pl\u00f6tzlich. ,,Oh man, ich hatte schon Panik, wir w\u00fcrden in der Dunkelheit versinken.\u201c, st\u00f6\u00dft ein M\u00e4dchen hinter mir meine Gedanken aus. Ich drehe mich um. Sie ist ein wenig kleiner als ich und hatte schwarze schulterlange Haare. Wir sahen uns einen Moment lang an, dann f\u00e4ngt sie an zu grinsen und sagt: ,,Hey. Ich bin Cat. Und du bist?\u201c ,,Lucy.\u201c ,,Freut mich, Lucy.\" Ich sch\u00fcttele ihre ausgestreckte Hand. Ihr Blick geht hin\u00fcber zu den beiden Jungs. Sie mustern sie etwas abf\u00e4llig. Ihre Plattform hat sich ebenfalls bewegt und ist nun etwa einen halben Meter h\u00f6her, als unsere und drei Meter entfernt. Der Blonde holt gerade Anlauf und setzt zum Sprung an. Sein Blick trifft wieder den meinen und ein kurzes Grinsen huscht \u00fcber sein Gesicht. Er springt. Ich drehe meinen Kopf weg und presse meine Augen zu. Ich bin wirklich nicht scharf drauf, zu sehen, wie ihn irgendetwas aus den Tiefen auffrisst. Ich h\u00f6re ein dumpfes Aufkommen und sp\u00fcre einen leichten Windsto\u00df, zuckt zusammen. Doch es ist viel zu nah, um vom Grunde des schwarzen Lochs zukommen. Nur z\u00f6gernd \u00f6ffne ich meine Augen und hebe langsam meinen Kopf. Er steht direkt vor mir. Seine Brust hebt sich schwer atmend. ,,Ich w\u00e4r nicht wirklich gesprungen, aber sch\u00f6n zusehen, dass du dir Sorgen gemacht h\u00e4ttest.\u201c, grinst er. ,,Ich hab mir keine Sorgen gemacht. Ich wollte blo\u00df nicht mit ansehen, wie sich ein Trottel in den Tod st\u00fcrzt.\u201c, antworte ich schnippisch. ,,Wie auch immer. Ich bin \u00fcbrigens Parker.\" Er reicht mir ebenfalls die Hand, doch als ich sie ergreife, blitzte etwas vor meinem inneren Auge auf, und ich ziehe sie wieder zur\u00fcck. Verst\u00f6rt sehe ich ihn an. Verwirrt erwidert er meinen Blick. ,,Alles ok mit dir?\u201c Pl\u00f6tzlich gehen die Lichter aus und selbst der Himmle verschwindet, zur\u00fcck bleibt nichts als Dunkelheit. Jemand packt mich am Arm und zieht mich nah zu sich. ,,H\u00f6r zu! Du darfst hier niemandem vertrauen. Klar?\u201c, fl\u00fcstert Parker ganz nah an mein Ohr. ,,Und wieso sollte ich dir vertrauen?\u201c ,,Weil ich dir vertraue.\u201c Ich will meinen Mund \u00f6ffnen und was sagen, doch da l\u00f6st sich sein Griff um meinen Arm und er verschwindet. Sp\u00e4rliches Licht aus den Kanten zwischen Boden und Wand beleuchtete nun den Raum. Rauch tritt aus den Fugen. Ich beginne zu husten. Bekomme keine Luft mehr. Ich sacke zusammen und verliere das Bewusstsein.",
            "wordcount": "926",
            "chapter_release": "28.09.2015",
            "chapter_number": "3"
        },
        "4": {
            "text": "Ich sehe sie. Wie sie ihn weg bringen. Er ist bewusstlos. Zusammengeschlagen. Ich will aus dem sicheren Versteck und zu ihm. Ihm helfen. Irgendetwas unternehmen. Doch Cater l\u00e4sst mich nicht. Er wei\u00df genauso gut wie ich, dass es nichts bringen w\u00fcrde. Ich habe keine Chance gegen sie. Die W\u00e4chter die uns schon seit einer Ewigkeit jagen. Es bringt mich um mitansehen zu m\u00fcssen, wie sie auf ihn ein pr\u00fcgeln bis er Blut spuckt. Cater zieht mich von der \u00d6ffnung unseres Verstecks weg und h\u00e4lt mir den Mund zu, damit ich nicht schreie. Tr\u00e4nen laufen meine Wangen hinunter und tropfen auf den Waldboden, auf dem wir beide kauern. Das Ger\u00e4usch der Tropfen, die auf den Boden aufschlagen, hallt durch meinen Kopf. Cater dr\u00fcckt mich an sich um mich zu besch\u00fctzten und so verharren wir, bis sie weg sind. Und mit ihnen die Person, die mich am Leben h\u00e4lt. Die Person, die mir schon so oft das Leben gerettet hat. Doch jetzt wo er mich am meisten braucht, kann ich nichts tun. \u0001 \u0002 wieder werde ich von einem H\u00e4mmern in meinem Kopf geweckt. Es dauert kurz bis ich realisiere, wo ich bin. Doch die wei\u00dfen W\u00e4nde und das grelle Licht sind unverwechselbar. Ich setzte mich auf und sofort beginnt sich der Raum zu drehen. Es stellt sich schnell heraus, dass sich der Raum nicht wirklich dreht, auch wenn ich mir da Anfangs nicht ganz sicher war. Ich stehe etwas m\u00fchsam auf und gehe hin\u00fcber zum Waschbecken. Ich habe einen merkw\u00fcrdigen metallischen Geschmack im Mund. Ich betrachte mich eine Weile im Spiegel. Kommt es mir nur so vor oder ist die Kopfverletzung schlimmer als letztes Mal? Ich spritzte mir ein wenig kaltes Wasser ins Gesicht, um dieses schummrige Gef\u00fchl loszuwerden. Mein Magen knurrt laut und ich greife mir reflexartig an den Bauch. Ein stechender Schmerz durchf\u00e4hrt meinen ganzen K\u00f6rper und ich zucke mit der Hand zur\u00fcck. Z\u00f6gernd ziehe ich das graue Sweatshirt hoch und zwei gro\u00dfe Bluterg\u00fcsse kommen zum Vorschein. Entsetzt starre ich auf meinen Bauch. Ein mechanisches Klacken kommt aus der Richtung der T\u00fcr. Schnell ziehe ich mein Sweatshirt wieder runter und schleiche hin\u00fcber zur T\u00fcr. Am Boden \u00f6ffnet sich ein Spalt in der T\u00fcr. Ein Tablet mit Essen wird durch geschoben und die Luke schlie\u00dft sich wieder. Die Personen drau\u00dfen am Gang entfernt sich wieder. Ich will gerade nach dem Tablet greifen, doch ein Klopfen h\u00e4lt mich davon ab. Mein Blick schie\u00dft nach oben. Der alte Mann. Er steht ebenfalls hinter seiner T\u00fcr und beobachtet mich. Mein Blick wandert von ihm wieder zu dem Essen am Boden und zur\u00fcck. Er sch\u00fcttelt bed\u00e4chtig den Kopf. Fragend ziehe ich meine Augenbrauen zusammen. Er presst sich noch n\u00e4her gegen die Scheibe und blickt pr\u00fcfend in beide Richtungen des Korridors. Anscheinend war niemand zu sehen. Er sieht wieder zu mir und erkl\u00e4rt mir: ,,Iss nicht zu viel auf einmal und trink viel. Sie tun ein Mittel ins Essen, das dich gespr\u00e4chig und gef\u00fcgig machen soll.\u201c Ok. Jetzt will ich gar nichts mehr essen. Das scheint der Mann auch bemerkt zu haben. ,,Keine Angst, wenn du es in kleinen Dosen isst und viel Fl\u00fcssigkeit zu dir nimmst, kann dir nichts passieren. Du musst etwas essen um wieder zu kr\u00e4ften zu kommen.\" Mein Blick f\u00e4llt wieder zu der Sch\u00fcssel mit Reis und Gem\u00fcse. Und ich muss daran denken, was Parker gesagt hat, kurz bevor er verschwand, und ich das Bewusstsein verloren hab. ,,H\u00f6r zu! Du darfst hier niemandem vertrauen. Klar?\u201c Seine Worte gehen mir nicht mehr aus dem Kopf. Mein Magen knurrt erneut und ich kann nicht anders. Ich knie mich neben das Tablet auf den Boden, greife nach der Sch\u00fcssel und der blechernen Gabel. Ich lade nur ein kleines H\u00e4ufchen Reis auf und schiebe es mir in den Mund. Ich schlie\u00dfe die Augen und kaue langsam, f\u00fchle jedes einzelne Reiskorn. Erst jetzt merke ich, was f\u00fcr einen wahnsinnigen Hunger ich gehabt habe. Ich esse noch einen Bissen. Und noch einen. Ich sp\u00fcrte richtig wie mein K\u00f6rper wieder energie bekam. Ich konnte wieder klar denken. Gegen die T\u00fcr gelehnt, die Augen immer noch geschlossen, sehe ich es wieder. Diese Bilder, die ich gestern oder wie lange auch immer es her sein mag, gesehen habe, als ich Parkers Hand nahm. Ich bin mir nicht sicher ob es Erinnerungen sind. Andererseits was solle es sonst sein? Die Erinnerungen sind unscharf, ich konnte keine genauen Personen erkennen. Aber was ich f\u00fchle... wenn ich zusehe, wie jemand der mir offensichtlich etwas bedeutet verschleppt wird, zieht sich ein Stechen durch meine Brust. Aber wieso erinnere ich mich jetzt. Was hat das mit diesem Parker zu tun?! Aber eins ist sicher, es gibt etwas au\u00dferhalb dieser Mauern und das war es mir wert gewesen daf\u00fcr zu k\u00e4mpfen. Das sp\u00fcre ich.--------------------------------------------------------------------------------------Hey, Und hier ist ein weiteres Kapitel Ich hoffe wie immer das es euch gef\u00e4llt und w\u00fcrde mich wirklich \u00fcber Feedback freuen :)Und noch ein riesiges Dankesch\u00f6n an meine super Betaleserinnen: Birnetta :*",
            "wordcount": "822",
            "chapter_release": "06.10.2015",
            "chapter_number": "4"
        },
        "5": {
            "text": "An alle die diese Geschichte hier lesen eine riesen Entschuldigung weil letzte Woche nichts \u0001 \u0002 Hirn war einfach zu nichts zu \u0001 \u0002 an meine lieben Geisterleser unter euch: Ich w\u00fcrde mich wirklich \u00fcber ein lebens Zeichen eurerseits freuen *-*Ansonsten habe ich jetzt eigentlich nicht mehr viel zu \u0001 \u0002 au\u00dfer vielleicht... REVIEWS!Nein keinen Stress ich bin selber bei Reviews immer sehr schreibfaul ;)Jetzt aber viel Spa\u00df beim Kapitel und ich hoffe wie immer das es euch NICHTreviewern gef\u00e4llt \u00b0_\u00b0____________________________________________________________________________,,Was ist da passiert?!\u201c Das eisige L\u00e4cheln der Blondine ist verschwunden. Die f\u00fcnf uniformierten M\u00e4nner vor ihr schweigen. ,,Sagen sie mir, wie es m\u00f6glich sein kann, dass die Kleine sich erinnern kann?\u201c ,,Wir haben keine Erkl\u00e4rung daf\u00fcr. Aber wie es aussieht, hat sie nur begrenzten Zugriff auf ihre Erinnerungen und wirklich zu verstehen, scheint sie sie auch nicht.\u201c, antwortet einer der Wachen, die sie in den Hof begleitet haben. Ein leises Seufzen entgleitet ihr, welches aber in ein falsches Lachen \u00fcbergeht. Sie ist dabei den Raum zu verlassen, als sie noch einmal hinzuf\u00fcgt. ,,Leiten sie die n\u00e4chste Testphase ein.\u201c Dann verschwindet \u0001 \u0002 noch sitze ich gegen die T\u00fcr gelehnt und mit geschlossenen Augen da. Meine Gedanken kreisen um sich selbst. Von meinem Traum zu dem alten Mann, zu der blonden Frau, zu einem Haufen von Fragen, zu Parker. Immer wieder streifen meine Gedanken ihn. Er kommt mir so vertraut vor und trotzdem habe ich keine Ahnung, wer er ist. Es ist zum verr\u00fcckt werden. Und noch dazu kommt, dass ich keine Ahnung habe, wie lang ich \u00fcberhaupt schon hier bin. Meine verschwommenen Erinnerungen verst\u00e4rken dieses verst\u00e4rken dieses Gef\u00fchl nur noch etwas mehr. Ein abgrundtiefes Seufzen kommt aus meinem Mund und ich reibe mir die verschlafenen Augen. Ich hatte eigentlich gar nicht schlafen wollen. Ich habe darauf gehofft, so wenigstens etwas von meinem verlorenen Zeitgef\u00fchl wieder zur\u00fcck gewinnen zu \u0001 \u0002 mit dem wach bleiben hat offensichtlich nicht funktioniert. Ich schlage die Augen auf, f\u00fchle mich aber kein bisschen wacher. Eher im Gegenteil. Es f\u00fchlt sich an, als sei ich gerade erst dabei gewesen einzuschlafen. Ich setze mich auf. Schon wieder liege ich in meinem Bett, indem ich eigentlich nicht eingeschlafen bin. Doch noch erschreckender ist, dass ich auch nichtmehr in meiner ,,Zelle\u201c bin. Als ich mich umschaue, kommt mir kurz der Gedanke, dass ich vielleicht noch gar nicht wach bin. Alles was ich wahrnehme ist pure Dunkelheit. Ich habe auf so einer Art Betonblock gelegen, der direkt von einer dar\u00fcber h\u00e4ngenden, grellen Leuchte erhellt wird. Es ist so still. F\u00fcr einen Moment bin ich mir nicht einmal sicher, ob ich meinen eigenen Atem h\u00f6ren kann. Doch ich habe blo\u00df aus Panik die Luft angehalten. Langsam werde ich hier verr\u00fcckt. ,,Hallo?\u201c Meine Stimme klingt kratzig und ich r\u00e4uspere mich automatisch, versuche es nochmal. ,,Hallo?\u201c Doch diesmal um einiges lauter. Kein Echo. Stattdessen antwortet mir ein mechanischer Ton, der sich ein bisschen so anh\u00f6rt, wie wenn man einen gro\u00dfen Schalter umlegt und der Strom pl\u00f6tzlich anf\u00e4ngt zu flie\u00dfen. Lampen gehen in der Ferne. Die Lichtkegel fallen, wie bei mir, ebenso auf kalte Betonbl\u00f6cke. Immer mehr Lampen leuchten auf nun auch direkt neben mir. Keine zwanzig Meter entfernt. Auf den Bl\u00f6cken liegen ebenfalls Personen. Doch Keiner von ihnen bewegt sich. Nun gehen auch die letzten Lichter an. Das Letzte ist etwas weiter weg, doch als das Licht auf die Person darunter f\u00e4llt, stockt mir der Atem. Parker! Ich wei\u00df nicht, was mich reitet, doch ich will sofort von meinem Quader herunter und zu ihm. Doch da gibt es nur ein Problem. Ich habe Angst. Angst, dass ich sobald ich einen Fu\u00df auf den Boden setzten w\u00fcrde, mich jemand packen k\u00f6nnte und mich in die Dunkelheit zieht. Dieses Bild schleicht sich in meine Gedanken und pflanzt sich dort ein. Da ist diese kleine \u00e4ngstliche Stimme in meinem Kopf, die nicht aufh\u00f6ren will sich die schlimmsten Szenarien auszumalen. Je l\u00e4nger ich dieser Stimme zuh\u00f6re, desto \u00fcberzeugter bin ich von diesem Gedanken. Irgendetwas ist da und es kommt direkt auf mich zu. Ich will die Stimme ignorieren. Mir einreden, dass das nur irgendwelche Spinnereien sind. Doch da f\u00e4llt mir etwas auf. Es sind nicht meine Hirngespinste. Es ist nicht meine Stimme, die sich in diese Vorstellung hinein steigert. Ich blicke vom Boden auf. Meine Augen huschen durch das Meer aus Lichtkegeln auf der Suche nach Parker. Ich ersp\u00e4he ihn blo\u00df ein paar Blocks entfernt. Meine H\u00e4nde fahren an die Kanten des Quaders, ich lasse meine Beine bis zu den Kien dar\u00fcber baumeln. Doch etwas in mir will mich nicht gehen lassen. Dieses etwas, was nicht ich war. Die Stimme. Gedanken schleichen sich in meinen Kopf, die nicht meine sind. Bilder von Monstern, die in der Finsternis auf mich warten. Bilder von mir, wie sie mich weg zerren. Ich sch\u00fcttele heftig den Kopf, um klar denken zu k\u00f6nnen, und lasse mich bestimmt vom Block gleiten. Meine H\u00e4nde rutschen ab und ich pralle auf den Boden. Der Nachhall meines dumpfen Aufpralls ist noch zu h\u00f6ren, als ich mich wieder auf rappele. Ich streiche mir die Haare aus dem Gesicht und halte mir meinen schmerzenden Ellenbogen. Wieder schweift mein Blick durch die Menge an Bl\u00f6cken und wieder erblicke ich Parker. Er schl\u00e4ft immer noch. Das hoffe ich zumindest! Z\u00f6gernd wandere ich an den Bl\u00f6cken vorbei auf ihn zu. Bei jedem Schritt, den ich mache, werde ich schneller. Bilder. Ich sehe sie ganz deutlich in meinem Kopf. Meine Erinnerungen sing ganz klar. Ich erkenne ihn. Es sind nur noch wenige Meter zwischen uns und ich sehe nichts mehr nur diese Erinnerungen. Es werden immer mehr, umso n\u00e4her ich ihm komme. Tr\u00e4nen f\u00fcllen meine Augen und rinnen hei\u00df \u00fcber meine Wangen. Ich sehe alles. Meine Vergangenheit. Meine Vergangenheit mit ihm. Mit dem letzten, gro\u00dfen Schritt zum Block fange ich mich federnd mit beiden H\u00e4nden ab. Doch ich stocke. Mein Herz rast und ich bekomme fast keine Luft. Was wenn er sich nicht erinnert?",
            "wordcount": "987",
            "chapter_release": "17.10.2015",
            "chapter_number": "5"
        },
        "6": {
            "text": "Es ist kurz vor Sonnenaufgang. Die ganze Welt scheint in Stille auf das Ende der Nacht zu warten. Wir sitzen in einer der h\u00f6chsten Baumkronen des Waldes. Er l\u00e4sst, mit dem R\u00fccken an den Stamm gelehnt, seine Beine rechts und links vom Ast auf dem wir beide sitzen baumeln. Und obwohl ich seitlich zu ihm, mit dem Blick die aufgehenden Sonne gerichtet, sitze, sp\u00fcre ich ganz genau das er mich ansieht. ,,Wir sollten wirklich schlafen gehen.\u201c, meint er und g\u00e4hnt dabei lautstark. ,,Komm schon nur noch ein paar Minuten bis die Sonne aufgegangen ist.\u201c, bettele ich und setzte noch ernst hinzu: ,,Wer wei\u00df, wann wir sie das n\u00e4chste Mal zu sehen kriegen.\u201c Er seufzt, bleibt aber sitzen. Eine Weile sagt keiner von uns ein Wort. ,,Viell...\u201c Er will etwas sagen, aber ich unterbreche ihn. ,,Schhh... Da kommt sie.\u201c Die ersten warmen Sonnenstrahlen kitzeln mich an der Nase. Alles um uns wurde in goldenes Licht getaucht und f\u00fcr eine Weile scheint es so, als gebe es auf dieser Welt nur uns diesen Baum und die ersten Sonnenstrahlen des Tages. Ich rutsche zu ihm und lehne mich an ihn. Er schlingt seinen Arm um mich und zieht mich so noch n\u00e4her an sich. Mein Kopf liegt auf seiner Brust und ich sp\u00fcre seinen, im Gegensatz zu meinem, ruhigen \u0001 \u0002 ist immer noch stockdunkel. Ich hocke am Boden neben seinem Quader und versuche angestrengt die Flashbacks zu sortieren. Ich habe Angst davor, was sein wird wenn er aufwacht. Wird er mich wieder erkennen? Ich wei\u00df nicht, ob ich es aushalten w\u00fcrde f\u00fcr ihn nichts als eine Fremde zu sein. Doch eine Sache verwirrt mich am meisten. Mein Name. Wieso haben sie mir einen falschen Namen gegeben und Parker nicht. Ich wei\u00df jetzt, dass ich nicht Lucy hei\u00dfe. Mein Name ist Lace. Wie ein Band, das alles zusammen h\u00e4lt. Zumindest war das die Art von Gedanken, die meine Eltern bei der Wahl meines Namen gehabt hatten. Doch ich erinnere mich nur sehr wenig an sie. \u00dcberhaupt reichen meine Erinnerungen nicht sehr weit. Es ist blo\u00df der Teil meines Ged\u00e4chtnis wieder da, in dem Parker vor kommt. Ich wei\u00df also immer noch nicht, wieso ich hier bin. Ich rappele mich seufzend auf und fahre mir durch die Haare. Ein wenig \u00e4ngstlich drehe ich mich zu ihm um doch er liegt immer noch schlafend da. Und dabei sieht er auch noch unglaublich gut aus. Ich sehe ihn eine Weile einfach nur an. Beobachte seine sich regelm\u00e4\u00dfig hebende Brust. Irgendwann halte ich es nicht mehr aus. Ich muss ihn einfach ber\u00fchren, um sicherzugehen, dass er es wirklich ist. Ich ziehe mich auf den Quader zu Parker. Meine Hand f\u00e4hrt zu seiner, die auf seinem Bauch ruht. In der Sekunde, in der sie sich ber\u00fchren, setzt er sich ruckartig auf. Ich zucke erschrocken zusammen und ziehe schnell meine Hand zur\u00fcck. Sein Blick trifft auf meinen. Seine Warmen braunen Augen funkeln mich w\u00fctend an. ,,Was tust du?\u201c, br\u00fcllt er mich an und ich zucke erneut zusammen. Ich rutsche verwirrt ein St\u00fcck weg und falle dabei r\u00fcckw\u00e4rts vom Stein. Ich knalle gegen den kalten Boden. Mit den H\u00e4nden auf den Boden gest\u00fctzt starre ich ihn an. Ich blicke mich um und merke, dass sich die anderen ebenfalls aufgesetzt haben und mich genau so w\u00fctend und angewidert anstarren wie Parker. Ich sehe wieder zu ihm und ein Stechen durchf\u00e4hrt meinen K\u00f6rper. Ich springe vom Quader und steuere aufgebracht auf ihn zu. Er ballt seine F\u00e4uste und will zu einem Schlag ausholen. Ich drehe duckend meinen Kopf weg. NEIN! Das ist nicht real. Das ist nicht Parker. Das kann er unm\u00f6glich sein. ,,Das ist nicht echt.\" Lautes Rauschen umh\u00fcllt mich. Ich hebe meinen Blick. Parker ist mitten in der Bewegung erstarrt. Alles steht still. Das Rauschen wird immer lauter. Und dann pl\u00f6tzlich wird alles im mich wie durch einen Trichter weggesaugt und ich schrecke \u0001 \u0002 liege auf einer Art Liege und bin an merkw\u00fcrdige Schl\u00e4uche angeschlossen. Ich setzte mich vorsichtig auf und sehe mich um. Ich bin in einem kleinen rechteckigen Raum mit verspiegelten Glasw\u00e4nden. ein merkw\u00fcrdiges Ger\u00e4usch ert\u00f6nt und die Glasscheiben werden durchl\u00e4ssig. Auf allen Seiten stehen bewaffnete M\u00e4nner. Unter ihnen die blonde Frau mit dem eisigen L\u00e4cheln. Sie sieht mich mit einem merkw\u00fcrdigen Blick an. So als wei\u00df sie nicht wirklich, was sie von mir halten sollte. Pl\u00f6tzlich wird alles in alarmierendes, rotes Licht getaucht. Die Frau scheint dar\u00fcber nicht weniger \u00fcberrascht zu sein als ich. Sie h\u00e4lt sich die Ohre zu und erst da bemerke ich, dass der Raum in dem ich bin schalldicht ist. Sie schickt einige Wache weg und verschwindet dann selbst durch eine der T\u00fcren. Die verbliebenen Wachen stehen regungslos da. Doch dann gehen die T\u00fcren erneut auf und um die zwanzig Leute in den selben rauen Klamotten wie ich st\u00fcrmen die W\u00e4chter. Sie \u00fcberw\u00e4ltigten sie und machen sich dann an dem gro\u00dfen Pullt mit den vielen Kn\u00f6pfen zu schaffen. Ich erblicke auch Parker unter ihnen. Er diskutiert augenscheinlich gerade mit einem der Typen am Schaltpullt. Der Typ mit dem er diskutiert, zeigt auf eine der Glasw\u00e4nde meiner Box, an der sich im selbe Augenblick eine \u00d6ffnung auftut. Parker rennt durch die \u00d6ffnung auf mich zu und ohne auch nur ein Wort zu sagen erl\u00f6st er mich von den komischen Kabeln und Schl\u00e4uchen und macht meine Fesseln los. Dann sieht er mir in die Augen und grinst. ,,Hast du gedacht, wir lassen dich ganz allein zur\u00fcck?\u201c______________________________________________________________________________________________________Ich wei\u00df die Kapitel kommen momentan etwas unregelm\u00e4\u00dfig :( Aber ich hab grad ein bissl Stress mit Schule und Haus\u00fcbung und so \u0001 \u0002 hoffe ihr versteht das und wie immer hoffe ich das euch das Kapitel gefallen hat ;)LG eure Leah :*",
            "wordcount": "946",
            "chapter_release": "30.10.2015",
            "chapter_number": "6"
        },
        "7": {
            "text": "Der fast schon gierige Blick der blonden Frau huscht im Sekundentakt von den Bildschirmen zu dem M\u00e4dchen auf der liege und zur\u00fcck. Gerade als sich das M\u00e4dchen auf den Bildschirmen von ihrem Quader wegbewegt, zuckt eben dieses M\u00e4dchen auf der Liege zusammen und ihr Atem beschleunigt sich ungleichm\u00e4\u00dfig. Das M\u00e4dchen auf den Bildschirmen wird immer schneller und auch der Puls des angeschlossenen K\u00f6rpers erh\u00f6ht sich rasend \u0001 \u0002 versteinert wartet die Blondine ohne zu blinzeln auf den einen Moment, indem sich alles offenbaren w\u00fcrde. Doch pl\u00f6tzlich ver\u00e4ndert etwas auf den Bildschirmen den Ausdruck im Gesicht der Blondine. In der eigens f\u00fcr diesen Moment entwickelten Halluzination regte sich nichts mehr. Der K\u00f6rper auf der Trage r\u00fchrt sich ebenfalls nicht. Zweifel machen sich in den K\u00f6pfen der Forscher breit. Es hat nicht funktioniert. Eine weitere Testperson, die den psychischen Herausforderungen nicht gewachsen war. Es ist ihnen allen klar. Allen? Nein, nicht allen. ,,Ein erneuter Fehlversuch.\" meldet sich einer der M\u00e4nner am Pult zu Wort. ,,Nein!\" Fauchend schiebt sie ihn samt seines Drehstuhls beiseite. ,,Aber Duca, es gibt keine messbare Hirnaktivit\u00e4t mehr.\" Ein etwas verzweifelter Versuch eines Anf\u00e4ngers kann sie jedoch nicht umstimmen. Ihre Finger schnellen \u00fcber die Tastatur. ,,Sie atmet noch. Blo\u00df weil wir keine messen k\u00f6nnen, hei\u00dft das nicht, dass sie nicht mehr vorhanden ist.\" Und tats\u00e4chlich noch bevor sie die neue Version der Halluzination starten kann, bewegt sich das M\u00e4dchen auf dem Bildschirm wieder. Der K\u00f6rper auf der Trage atmet tief ein und wieder aus, w\u00e4hrend sich dessen Bewusstsein neben einem Quader nieder l\u00e4sst. Die blonde Frau, die bei allen blo\u00df als Duca bekannt ist, dr\u00fcckt die letzte Taste und hinter der Wand aus Glas schlie\u00dft sich ein Schlauch aus der Decke an den Unterbauch des M\u00e4dchens an. Durch den milchig, tr\u00fcben Schlau rinnt eine bl\u00e4uliche Fl\u00fcssigkeit direkt in ihren Blutkreislauf. Ab da beginnen sich die Ereignisse zu \u00fcberschlagen. Die Halluzination wendet sich gegen das M\u00e4dchen. Und dann passiert woran keiner der Forscher mehr geglaubt hat. Nun ja, keiner au\u00dfer Duca. Die stimme des M\u00e4dchens ert\u00f6nt. Doch das was sie sagt, ist das was den Forschern den Atem raubt. ,,Das ist nicht echt.\"Die Antwort auf seine Frage bleibe ich ihm schuldig. Ich kann nicht anders, als ihn anzustarren. Ich habe nun endg\u00fcltig den \u00dcberblick, \u00fcber was echt ist und was nicht, verloren. Immer noch grinsend h\u00e4lt er mir seine Hand hin und sagt:,,Komm, wir m\u00fcssen uns beeilen.\" Wortlos nehme ich sie und er zieht mich schnell und doch sanft auf die Beine. Im Raum mit dem Kontrollpult bleiben wir nicht stehen. Er zieht mich einfach an allen vorbei hinter ihm her. Sie alle folgen uns und vor den T\u00fcren warten noch weitere. Parker zieht mich an allen vorbei voran an die Spitze. Vorne angekommen gibt er einem Typen ein paar Anweisungen, woraufhin sich der Gro\u00dfteil der Masse aufteilt und in verschiedene Richtungen verschwindet. Nun stehen wir nur noch zu viert da. Parker, Cat das M\u00e4dchen vom Hof, dieser Typ mit dem Parker im Hof \u00fcber die Tiefe des Lochs gefachsimpelt hat und \u0001 \u0002 verwirrt. Ich beobachte Parker die ganze Zeit \u00fcber. Studiere jede seiner Bewegungen. Ich suche nach Hinweisen. Auch wenn es nur die kleinste Spur davon gibt, dass er eine Ahnung hat, wer ich bin muss ich es doch erkennen. Wir vier haben uns inzwischen in Bewegung gesetzt. Der Plan: in den Untergrund und durch die Abwasserkan\u00e4le hier raus. Da klickt es in meinem Kopf. Ich bleibe abrupt stehen und halte Parker zur\u00fcck, der immer noch meine Hand h\u00e4lt. ,,Der alte Mann!\" Sie sehen mich alle fragend an. \u0001 \u0002 sollten sie es denn auch wissen. ,,In der Zelle gegen\u00fcber von meiner ist ein alter Mann. Wir k\u00f6nnen ihn nicht hier lassen!\" Die beiden Jungs sehen sich kurz an. Es scheint fast, als w\u00fcrden sie per Gedanken beraten, was sie machen sollen. Parker sieht wieder zu mir. ,,Ok, aber wir m\u00fcssen uns beeilen.\" F\u00fcr einen winzigen Moment stiehlt sich ein L\u00e4cheln auf mein Gesicht. Ich ziehe Parker mit mir und die anderen folgen uns. Nachdem ich zweimal falsch abgebogen bin, finde ich endlich die richtige T\u00fcr. Ein wenig z\u00f6gernd lasse ich Parkers Hand los. Auf Zehenspitzen stehend halte ich mich am Fester fest und sp\u00e4hte hinein. Der alte Mann sitzt einsam auf seinem Bett und starrt die Wand gegen\u00fcber von sich an. Ich schreite ein St\u00fcck zur\u00fcck und umgreife mit der Hand die T\u00fcrklinke. Ich muss mein gesamtes Gewicht gegen die T\u00fcr lehnen, um sie auf zu bekommen. Ich trete einen Schritt ein, traue mich aber nicht einen Laut von mir zu geben. Langsam hebt er den Kopf. Als er mich erkannte hievt er sich erstaunlich schnell auf und umarmte mich. Er schiebt mich behutsam von sich und sieht mir in die Augen. ,,Ich habe mir Sorgen um dich gemacht, mein Kind.\" ,,Keine Angst mir ist nichts passiert.\" Er t\u00e4tschelt mir die Wange und verdr\u00fcckt sich eine kleine Tr\u00e4ne. Parker dicht hinter mir r\u00e4uspert sich leicht und sagt dann nah an mein Ohr: ,,Wir m\u00fcssen uns wirklich beeilen.\" Leicht zu ihm gewandt nicke ich kurz und blicke ihm in die Augen. Kurz bleibe ich an ihnen h\u00e4ngen. Dann wende ich mich schnell wieder an den alten Mann. ,,Wir m\u00fcssen los sonst verpassen wir noch den Ausbruch des Jahrhunderts.\", sage ich grinsend ,,Na dann nichts wie los!\"______________________________________________________________________________________Hey meine Lieben, ;)Und ein weiteres geniales von Genie spr\u00fchendes Werk meiner SelbstOk ich bin wohl nach meinem heutigen Tag im Museum ein bischen in der Zeit stecken geblieben ^-^Also ich hoffe jedenfalls das es euch gef\u00e4llt und ich wei\u00df ihr lest es nicht zum ersten Mal aber bitte bitte hinterlast mir doch ein kleines Review :DUnd noch ein riesen Dankesch\u00f6n an meine super Beta-Leserin. :*ganz ganz liebe Gr\u00fc\u00dfe eure Leah <3",
            "wordcount": "972",
            "chapter_release": "12.11.2015",
            "chapter_number": "7"
        },
        "8": {
            "text": "Okey, also mal kurz vorweg. Ich laufe gerade ein wenig gefahr die Lust an meiner Story zu verlieren und es w\u00fcrde wahnsinnig helfen wenn ich wenigstens w\u00fcsste ob hier irgendwem meine Geschichte \u00fcberhaupt gef\u00e4llt. :/Aber nagut f\u00fcr all meine Geisterleser, falls ihr existiert, viel Spa\u00df mit dem n\u00e4chsten Kapitel. :*_____________________________________________________________________________________________________,,Nein! Nein, doch nicht ausgerechnet jetzt.\" Fauchend wie ein hungriges Raubtier st\u00fcrmt sie mit einer Horde an Wachen durch die klinisch wei\u00dfen Korridore. Sie waren auf dem Weg zum Kontrollturm. Denn es war immer noch unklar wie viele der Gefangenen sich mobilisiert hatten. Auch war unklar wie es \u00fcberhaupt zu so einem Aufstand kommen konnte. \u00dcber letzteres zermarterte sie sich bereits seit einer halben Stunde das Hirn. Doch so ganz konnte sie sich nicht auf eine L\u00f6sung dieses Problems konzentrieren denn f\u00fcr sie stand etwas viel wichtigeres zur Debatte. Wie um alles in der Welt konnte diese kleine G\u00f6re den Test nicht nur \u00fcberleben sondern auch noch durchschauen? Nat\u00fcrlich ist sich Duca im Klaren das \"LUCY\" unm\u00f6glich die ganze Bandbreite dieses Tests begriffen haben kann. Jedoch ist allein die Tatsachen das sie in der Lage war diesen Test als Halluzination zu durchschauen Besorgnis \u0001 \u0002 hocken fern ab der Korridore in einer miefigen Niesche eines L\u00fcftungstunnels. Direkt neben uns, an der Wand ist ein L\u00fcftungsgitter. Parker und sein Kumpel Jared , wie ich entzwischen erfahren habe, kauern sich beide so nah wie m\u00f6glich ans Gitter. Das Gitter f\u00fchrt direckt in einen B\u00fcroraum der W\u00e4chter namens AOS wie mir der alte Mann erkl\u00e4rt. Der Alte, Cat und ich kauern ebenfalls an die Wand gepresst da. Denn nichtmal einen halben Meter von der Wand entfernt ging der schacht senkrecht mehrere dutzend meter runter. Ich habe keine Ahnung was die Jungs sich erhoffen zu h\u00f6ren. Ich h\u00f6re jedenfalls rein garnichts. Bis eben habe ich noch die Wand angestarrt als pl\u00f6tzlich doch etwas zu h\u00f6ren war. Mein Kopf schnellt nach Links. Erst jetzt merke ich wie nahe Parker und ich uns sind. Er sitzt mit dem r\u00fccken zu mir und beobachtet den immer noch lehren Raum der AOS. Wieder muss ich an unsere Vergangenheit denken. Mittlerweile bin ich mir sicher das er sich nicht mehr an mich erinnert. Und dennoch. In der Art wie sich unsere Blicke fl\u00fcchtig treffen und aneinander h\u00e4ngen bleiben. Das Ger\u00e4usch einer T\u00fcr l\u00e4sst die Jungs zur\u00fcckweichen. Parker und mich trennen nur noch Millimeter. Als mein nerv\u00f6ser Atem seinen Nacken streifte stellte sich seine feinen H\u00e4rchen auf. Ein weiteres Ger\u00e4usch hallt durch den Schacht doch diesmal nicht aus dem Raum hinter dem Gitter. Es war viel unmittelbarer, viel naher. Es hallt von allen W\u00e4nden des metallenen Schachts wieder. Sch\u00fcsse fallen und erzeugen einen unheimlichen L\u00e4rm. Parker greift nach meiner Hand, immer darauf bedacht keine Ger\u00e4usche zu machen. Jared und er tauschen einen kurzen Blick aus. Dann wendet er sich zu mir. Er spricht ruhig und bestimmt. Fast so als wurde hier gerade nicht alles total schief laufen. ,, H\u00f6r mir zu. Wir m\u00fcssen jetzt springen. Sie wissen wo wir sind und werden nicht lange brauchen bis sie uns gefunden haben. Es wird alles gut, vertrau mir.\u201c Cat rechts von hat alles mit an geh\u00f6rt und sieht ihn jetzt fast noch geschockter an als ich. Parker sieht mir fest in die Augen. ,,Vertraust du mir?\u201c Er ist immer noch der Parker den ich so sehr liebe. Irgendwo ganz tief drinnen. Da bin ich mir sicher! Ich nicke also. Einer nach dem Anderen rutschen wir an die Kante des tiefen Schachts. Ich wage nur einen kurzen Blick in die Tiefe und schon wird mir schlecht. Stimmen dringen von allen Seiten n\u00e4her und wieder f\u00e4llt ein Schuss. Der alte Mann der direkt vor dem Gitter gewesen ist \u00e4chzt und f\u00e4llt auf seine Knie. Ich hechte zu ihm r\u00fcber bevor er in meine Arme zusamen sackt. ,,Schei\u00dfe!\u201c fluche ich mit erstickter Stimme. Schei\u00dfe! Schei\u00dfe! Ich dr\u00fccke meine H\u00e4nde so fest ich kann auf seine getroffene Brust. Sein Hemd und meine H\u00e4nde sind schon voller Blut. Ich kann es nicht stoppen. Verzweifelt blicke ich ihm in die glasigen Augen. Er \u00f6ffnet seinen Mund und ich beuge mich zu ihm um ihn besser h\u00f6ren zu k\u00f6nnen. ,,Lasst mich hier. Ihr m\u00fcsst es hier raus schaffen. Lasst euch nicht erwischen. K\u00fcmmert euch nicht um mich.\u201c Er sieht die Verzweiflung in meinen Augen und legt mir z\u00e4rtlich eine Hand auf die Wange. ,,Kein Angst mein Kind. Meine Zeit hier neigt sich dem Ende zu. Doch f\u00fcr dich ist ein anderes Schicksal bestimmt. Ein weit gr\u00f6\u00dferes und edelm\u00fctigeres als das meine.\u201c \u201eWoher\u2026 Wie ist ihr Name?\u201c Meine stimme ist zittrig und nicht viel mehr als ein Fl\u00fcstern. \u201eThomas, ...\u201c Er atmet schwer. \u201eThomas Wainwright.\u201c Er l\u00e4chelt. Es ist das L\u00e4cheln eines Mannes der den Tod wie einen alten Freund begr\u00fc\u00dft und mit im Seite an Seite in eine andere Welt zieht. Sein Blick schweift in die Ferne und sein Letzter Atemzug verklingt. Immer noch ist um uns herum die H\u00f6lle los. Mir ist klar das wir ihn hier lassen m\u00fcssen. Er hat etwas anderes verdient. Ich ziehe meine H\u00e4nde von seiner blut\u00fcberstr\u00f6mten Brust und schlie\u00dfe vorsichtig seine Lieder. Ich sp\u00fcre eine Hand an meiner Schulter und drehe geistesabwesend meinen Kopf. Es ist Parker. Er ist die ganze Zeit bei mir gewesen. Er stand hinter mir, immer bereit mir zu helfen wenn's n\u00f6tig war. Doch er hat gesehen das es diesmal nicht n\u00f6tig war. Er wei\u00df das ich das alleine tun musste. Er sieht mich abwartend an. Er wartet darauf das ich in Tr\u00e4nen ausbreche. Das ich aufgebe. Aber das wird nicht passieren. Nicht jetzt. Wenn ich jetzt aufgeben w\u00fcrde w\u00e4re sein Tod sinnlos gewesen. Ich nickte um ihm seine unausgesprochen Frage, ob ich okey bin, zu beantworten. Er nimmt meine blutverschmierte Hand und gemeinsam treten wir an den Rand des Schachtes. Cat und Jared waren schon vorgesprungen. Es sind Schritte zu h\u00f6ren sie hallen durch die Sch\u00e4chte aber bei mir kommen alle Ger\u00e4usche nur mehr dumpf an. So als w\u00e4re ich unter Wasser und der Rest der Welt au\u00dferhalb. Parkers druck auf meine Hand holte mich ins hier und jetzt zur\u00fcck. Ich sah zu ihm hoch und ohne unsere Blicke von einander zu l\u00f6sen machen wir gleichzeitig einen Schritt nach vorn und fallen.",
            "wordcount": "1.036",
            "chapter_release": "22.11.2015",
            "chapter_number": "8"
        },
        "9": {
            "text": "Hi Ho HeUnd das n\u00e4chste Kapitel:)Ich hoffe ihr lasst mir ein paar supi Reviews dabussi :* Leah_______________________________________________________________\u201eUnd? War sie dabei?\u201c Der winzige Hoffnungsschimmer in den Augen von Duca erlischt als einer der Wachen ihr antwortet. \u201eWir wissen es nicht.\u201c \u201eWas soll das hei\u00dfen Sie wissen es nicht?!\u201c Die Stimmung im Kontrollturm ist nicht gerade die beste. \u201eSie sind uns entwischt Ma'am. Sie sind in einen senkrechten Schacht gesprungen. Nur einen haben sie zur\u00fcck gelassen. Einen alten Mann. Er war schon Tod als unsere Truppen ankamen.\u201c Im Kopf der blonden Frau rumorte es. Alter man. Mhh. ...Alter Mann! Sie wusste es gab nur einen auf den diese sp\u00e4rliche Beschreibung passte. \u201eZimmer 3141?\u201c Fragte sie. \u201e\u00c4hm \u2026 Ja, Ich denke schon.\u201c \u201eSie denken?\u2026\u201c \u201eIch bin mir absolut sicher.\u201c Perfekt! Denkt sie siegessicher. \u201e Gut schicken Sie Truppen in die Sch\u00e4chte und finde sie heraus wo die Fl\u00fcchtigen die mit dem Alten unterwegs waren sein K\u00f6nnten.\u201c \u201eIch denke es ist nicht sehr wahrscheinlich das sie den Fall \u00fcberlebt haben egal wo der Schacht hinf\u00fchrt.\u201c Die Blondine bedenkt den Soldaten mit einem eiskalten Blick und sie R\u00fccken stumm ab. 3141. Es ist das Zimmer direkt gegen\u00fcber von \u201eLucy's\u201c . Der Aufprall. Er kommt viel schneller als ich erwartet hatte. Ich tauche ein. Eine dickfl\u00fcssige Lake umgibt mich und ich sp\u00fcre Parkers Hand nicht mehr. Parker! Wo ist er? Ich werde von einem Strudel gepackt und mitgerissen. Ich rei\u00dfe die Augen weit auf und versuche nicht auszuatmen. Schlucke panisch nach Luft obwohl ich wei\u00df das keine vorhanden ist. Tr\u00fcbe undurchdringliche Masse umgibt mich. Ruckartig werde ich aus der Tiefe gezogen. Ich schnappe automatisch nach Luft. Rauschen, unglaublich laut und unmittelbar neben mir. Es dr\u00f6hnt vertraut hinter meinen Augen. Ich \u00f6ffne sie und sehe eine verschwommene Gestallt vor mir die sich \u00fcber mich gebeugt hat. Mein Blick wird klarer und ich erkenne das es Parker ist der mich besorgt mustert. St\u00fctzend legt er eine Hand auf meinen R\u00fccken damit ich mich aufsetzten kann. Sofort dreht sich mein Magen um und ich kann mich gerade noch so \u00fcber den rei\u00dfenden Kanal rechts von mir beugen. Ich klammer mich mit beiden H\u00e4nden an den Steinvorsprung auf dem wir sitzen. Mein Atem geht viel zu schnell und ich habe kaum noch die Kraft mich am Rand der rei\u00dfenden Wasserfluten zu halten. Wir sind in einem Katakomben artigen Abflusskanalsystem. Einige Meter aufw\u00e4rts der Str\u00f6mung ist ein Loch in der H\u00f6lendecken aus dem wir gefallen sein m\u00fcssen. Mein Blick ist wieder auf die braungr\u00fcne Br\u00fche gerichtet in der ich vor kurzen noch herumgeschleudert wurde. \u201eKeine Angst die \u00dcbelkeit geht bald vorbei.\u201c Parker sieht mich ernst an. Ein kleines L\u00e4cheln huscht \u00fcber seine Lippen. \u201eIch hatte ziemliche Panik als du pl\u00f6tzlich meine Hand losgelassen hast. Ich dachte wirklich nicht das ich dich in dieser Str\u00f6mung noch erwischen w\u00fcrde.\u201c \u201eDanke, \u2026 f\u00fcr alles.\u201c Und da war es wieder. Dieser Ausdruck in seinen Augen. Der Beweis daf\u00fcr das er mich nicht vergessen haben kann. Er erinnert sich blo\u00df nicht daran. Wieder huscht ein kleines Grinsen \u00fcber sein Gesicht. Jetzt erst krieg ich mit das wir uns die ganze Zeit in die Augen gestarrt haben. Er steht auf und h\u00e4lt mir seine Hand hin. \u201e Und, wie siehts aus? Kannst du aufstehen?\u201c Ich nehme seine Hand und er zieht mich sanft auf meine Beine. Kurz dreht sich alles und ich taumel nach rechts. Ich st\u00fctze mich mit meiner Hand an der moosigen Wand ab. Etwas bewegt sich unter meiner Hand und ich ziehe sie ruckartig zur\u00fcck. Einige mutierte K\u00e4fer und Tausendf\u00fc\u00dfler kriechen unter den Moosschichten hervor. Sie hinterlassen Schleimspuren \u00fcberall an den W\u00e4nden. \u201e Lass uns weiter.\u201c Sage ich. \u201eSicher das alles okey ist?\u201c \u201e Jaja, alles bestens.\u201c Parker nickt. glaubt mir aber nicht wirklich. Er geht voraus. Unser Weg f\u00fchrt uns durch enge Durchg\u00e4nge zwischen den kalten, moosigen Steinw\u00e4nden. Ein paar mal m\u00fcssen wir \u00fcber die rei\u00dfenden Str\u00f6me springen um auf die andere Seite zu kommen. Beim dritten mal rutsche ich bei der Landung am glatten Stein aus. Gerade noch so erwische ich einen Fels an dem ich mich festhalten kann. Parker zieht mich erneut aus den Fluten und erneut ist mir spei\u00fcbel. Als ich wieder aufstehen will knicks mein Fu\u00df ein und ein stechender Schmerz durchf\u00e4hrt meinen ganzen K\u00f6rper. Vor schmerzen kr\u00fcmmend klammere ich mich an Parkers Arm. Ich kann einen Schrei gerade noch so unterdr\u00fccken. Sofort schlingt er einen Arm um meine H\u00fcfte und entlastet so mein Bein. Er st\u00fctzt mich bis zur Mauer an der ich mich hinunter gleiten lasse. Vorsichtig zieht er mir die mehr als unpraktischen, d\u00fcnnen, wei\u00dfen Slipper aus und zieht dann behutsam meinen Wollsock \u00fcber meine Verse. Ich zieh scharf die Luft an. Mein kn\u00f6chel ist ziemlich geschwollen. \u201eSo kannst du auf gar keinen fall weiter gehen.\u201c Sagt Parker und zieht mir nachdenklich wieder den Socken hoch. Er sieht mir in die Augen. Wenn ich nicht mehr weiter kann dann muss er mich hier lassen und alleine weiter das ist mir klar. Er muss es hier rausschaffen. Und zum vereinbarten Treffpunkt wo die anderen Geflohenen und auch Jared und Cat bestimmt schon warten. Sein ein wenig weich gewordener Blick wird auf einen Schlag entschlossen. Er hat es wohl auch eingesehen. Es gibt keinen anderen weg. Er steht auf und kniet sich mit dem R\u00fccken zu mir hin. \u201eHalt dich fest ich trag dich. Wir haben den schwierigen teil schon hinter uns und es gibt keine weiteren Schlucht \u00fcber die wir m\u00fcssen, so weit ich wei\u00df.\u201c \u201eSpinnst du das schaffen du niemals. Es ist viel zu weit um mich den ganzen Weg zu tragen.\u201c \u201eWetten nicht?\u201c Er hat sich wieder zu mir umgedreht und Grinst siegessicher. \u201eVon mir aus. Aber wehe du beschwerst dich sp\u00e4ter das ich zu schwer bin.\u201c Ich schlinge meine Arme von Hinten um seinen Hals und er seine um meine Oberschenkel. Er erhebt sich ohne irgendeinen Mucks und geht einfach los. Nach einer Weile, und dem gleichm\u00e4\u00dfigen auf und ab seines K\u00f6rpers bei jedem Schritt, lege ich meinen Kopf auf seine Schulter und schlie\u00dfe f\u00fcr einen Moment meine Augen. \u201eHey, nicht einschlafen. Sonst f\u00e4llst du mir noch runter. Ich verst\u00e4rke meinen Griff um seinen Hals wieder und versuche die Augen offen zu halten. \u201eUm was wetten wir eigentlich?\u201c Fragt er dann und ich kann sein Grinsen f\u00f6rmlich sp\u00fcren. \u201eKeine Ahnung. Ich dachte nicht das du das ernst meinst.\u201c \u201eOh doch, das hab ich ganz ernst gemeint.\u201c \u201eNagut und was schl\u00e4gst du vor?\u201c \u201eEine Erinnerung.\u201c \u201eWie jetzt?\u201c \u201eEine Geschichte an die du dich erinnerst.\u201c \u201eErinnerst du dich an eine?\u201c Meine Neugier wird geweckt. Erinnert er sich auch an etwas. Und wenn ja, an was? \u201eNaja die Erinnerung ist ziemlich verschwommen.\u201c Wie bei mir am Anfang bevor ich in diesem Komischen Traum war und auf Liams Traumk\u00f6rper zugelaufen bin. \u201eWenn ich dir meine erz\u00e4hle, erz\u00e4hlst du mir dann deine?\u201c Gute Frage. Vor allem, welche sollte ich ihm erzahlen?",
            "wordcount": "1.148",
            "chapter_release": "26.11.2015",
            "chapter_number": "9"
        }
    },
    "title": "(EXIT)",
    "topic": "unspecified",
    "release": "\n16.09.2015\n\t\t\t\t\t\t",
    "author": "leaaah01"
}