{
    "tags": [],
    "chapcount": "18",
    "wordcount": "10.968",
    "chapters": {
        "1": {
            "text": "Hallihallo! :Dc0rruPted-err0r& Gedankensplitter begr\u00fcssen euch herzlich bei dieser kleinen \u0001 \u0002 war es eine improvisierte Geschichte nur von mir (c0rruPted-err0r), aber wir wollten unbedingt mal was zusammen schreiben und ver\u00f6ffentlichen, sodass die Geschichte jetzt unser gemeinsames Projekt ist. ^-^Dass hei\u00dft, wir wechseln uns mit den Kapiteln ab und je nachdem wer schreibt, \u00e4ndert sich die \u0001 \u0002 sind nicht fest, aber ich denke, dass wir ziemlich viel, ziemlich schnell schreiben werden, sodass bestimmt alle paar Tage ein bisschen was \u0001 \u0002 uns Fehler unterlaufen, weisst uns bitte hin. :)Genug gequatscht, wir w\u00fcnschen euch ganz viel Spa\u00df beim Lesen und w\u00fcrden uns sehr \u00fcber Feedback (Kritik, Verbesserungsvorschl\u00e4ge, usw.) in Form eines Reviews freuen! \u0001 \u0002-err0r & Gedankensplitter.",
            "wordcount": "124",
            "chapter_release": "04.05.2016",
            "chapter_number": "1"
        },
        "10": {
            "text": "Als ich blinzelte und nur Schw\u00e4rze sah, fragte ich mich f\u00fcr einen Moment wirklich, ob ich Tot war. Einige Sekunden sp\u00e4ter konnte ich die Frage aber sicher verneinen. Ein dumpfes Motorenbrummen drang zu meinen Trommelfellen durch und auch leichte Ersch\u00fctterungen nahm ich wahr. War ich in einem Auto? Diese Eindr\u00fccke waren aber nur sehr dumpf und schwach, denn der Schmerz in meiner Schulter pulsierte weiter, waberte durch den Rest des K\u00f6rpers und bet\u00e4ubte diesen. Ich versuchte meine Arme zu bewegen, aber zus\u00e4tzlich zu dem beinahe unertr\u00e4glichen Schmerz in der Schulter, kam noch ein Druckgef\u00fchl an den Armen und den Handgelenken dazu. Ich war nicht bef\u00e4higt, meine Arme nur um Millimeter zu bewegen. War ich etwa gefesselt? Laut h\u00f6rte ich meinen Atem aus und in meine Lunge str\u00f6men und versuchte, mich nur auf diesen Vorgang zu konzentrieren, was jedoch scheiterte. Viel zu viele Fragen schwirrten in meinem Kopf. Wo war das schwarzhaarige M\u00e4dchen? Wo war ich? Was war mit meiner Verletzung? Weiter k\u00e4mpfte ich mit meinem Bewusstsein, als ich pl\u00f6tzlich eine Stimme wahrnahm. Sie war relativ hell, aber auch so dumpf, dass ich sie nicht verstehen konnte. Ob es das schwarzhaarige M\u00e4dchen war? Vielleicht wurden wir beide von den Typen mitgenommen? Aber was wollten sie von ihr? Pl\u00f6tzlich gab es eine st\u00e4rkere Ersch\u00fctterung und der Schmerz in der Schulter nahm mir erstmal wieder das \u0001 \u0002 einiger Zeit sp\u00fcrte ich wieder Schmerz, der mich dazu brachte, wieder die Augen aufzuschlagen. Das schwarzhaarige M\u00e4dchen. Sie stand vor mir, schien irgendwas zu schreien und verpasste mir Ohrfeigen. Ich konnte sie nicht h\u00f6ren, nur dumpfe T\u00f6ne und meine Atmung. Doch irgendwann drang der Schmerz langsam zu mir durch. Meine gr\u00fcnen Augen wurden durch einen verschwommenen, wei\u00dfen Hintergrund beinahe geblendet. War ich jetzt doch Tod? Das schwarzhaarige M\u00e4dchen schlug weiter auf mich ein und langsam lichteten sich die Schwaden des Schmerzes in meinem Gehirn. \"Wach auf! Sterben kannst du \u0001 \u0002!?\" Ihre Stimme wurde lauter, klarer, als h\u00e4tte man mich aus dem Wasser gezogen, welches alles dumpf hatte erscheinen lassen. Auch der Hintergrund hinter dem M\u00e4dchen bildete langsam ein festes Bild. Es war wie im Krankenhaus...oder einem Labor. Zwei Liegen in einem sterilisierten, wei\u00df gefliesten Raum. An der Wand rechts neben mir konnte ich eine einseitig verspiegelte Glasscheibe erkennen und direkt daneben eine Eisent\u00fcr. Waren wir eingesperrt? \"Komm schon!\" Wieder pfefferte mir das M\u00e4dchen eine und die Schwaden verschwanden ganz. Das erste, was aus meinem Mund kam war ein St\u00f6hnen. Der Schmerz in der Schulter hatte noch immer nicht nachgelassen und zus\u00e4tzlich brannten nun meine Wangen wie Feuer. Ausserdem bemerkte ich, dass meine Arme nach oben gerichtet waren. Vorsichtig bewegte ich meinen Kopf Richtung Decke und sah, dass meine Arme an der Decke festgebunden waren. Mein Blick rutschte weiter runter, checkte erst meine rechte verkleidete K\u00f6rperh\u00e4lfte, dann meine linke. Die Rechte war in Ordnung, der Mantel war etwas schmutzig, die Linke dennoch...dort, wo ich die Einschussstelle vermutete, war der Mantel zerfetzt und blutgetr\u00e4nkt. Aber genau in der Mitte des Loches befand sich ein scheinbar relativ sauberes, weisses Tuch, worauf sich jedoch auch schon Blut befand. \"Ich hoffe, es stoppt die Blutung...\" meinte das schwarzhaarige M\u00e4dchen pl\u00f6tzlich scheinbar \u0001 \u0002 nickte, biss mir dabei auf die Lippe, um nicht sofort los zu schreien. Der Schmerz war immer noch da. \"W-warum haben sie dich auch mit..mitgenommen?\" presste ich zwischen meinen Z\u00e4hnen hervor und sah sie an. Hatten sie das junge M\u00e4dchen wirklich als meine Komplizin abgestempelt? Das schwarzhaarige M\u00e4dchen holte tief Luft und begann. \"Projekt 735....\"",
            "wordcount": "594",
            "chapter_release": "18.06.2016",
            "chapter_number": "10"
        },
        "11": {
            "text": "Wir fuhren lange. Wirklich lange. Die Zeit schien dahin zu kriechen und ich hatte es schon bald aufgegeben, nach Hilfe zu schreien. Die junge Frau war nach wie vor bewusstlos, obwohl ich mehrmals versucht hatte, sie wach zu bekommen. An der Seite hatte sie eine Schusswunde, die wohl vorhin entstanden sein musste. Ziemlich schockiert und verunsichert von dem ganzen Blut, hatte ich versucht, die Wunde so gut es ging zu verbinden, allerdings war der Verband - den ich aus einem Streifen Stoff, der hier herum lag, gebastelt hatte - ziemlich schnell mit Blut vollgesogen und ich hatte ihn wechseln m\u00fcssen. Nun sa\u00df ich hier, die Knie an mich gezogen und mit dem R\u00fccken an die Wand des Transporters gelehnt, und starrte ins \u0001 \u0002 die wei\u00dfen Haare der Frau neben mir leuchteten schwach. Ich hatte sie so gut es ging in eine sichere Position gebracht, da die Stra\u00dfe anscheinend nicht gerade eben war und wir im Transporter ziemlich durchger\u00fcttelt \u0001 \u0002, da ich in Ruhe \u00fcber alle Ereignisse nachdenken konnte, wurden mir einige Sachen klar. Was Projekt 735 war. Warum ich in dem Kofferraum gewesen war. Warum ich diesen Typen nicht vertrauen konnte. Jetzt wusste ich es, nur war es zu \u0001 \u0002 w\u00fcrde wieder dorthin kommen, wo ich herkam und es w\u00fcrde genau da weitergemacht werden, wo es geendet \u0001 \u0002 konnte dieser H\u00f6lle nicht \u0001 \u0002 einzige Hoffnung war vielleicht die Person neben mir. Aber selbst sie w\u00fcrde vermutlich nichts ausrichten k\u00f6nnen. Sie w\u00fcrde hingerichtet werden.\"Ach verdammt!\", fluchend sprang ich auf. \"Das kann doch nicht wahr sein!\"Als h\u00e4tte man mich geh\u00f6rt, wurde der Transporter langsamer und blieb schlie\u00dflich stehen. Ein Ruck ging durch das Gef\u00e4hrt, welcher mich zum Stolpern brachte. Nur knapp konnte ich mich vor dem Umfallen bewahren. Durch die Wand konnte ich schwere Schritte h\u00f6ren, die auf die R\u00fcckseite des Transporters \u0001 \u0002 Licht blendete mich, als die T\u00fcr des Transporters ge\u00f6ffnet wurde.\"Da bist du ja wieder. Ich habe dich schon vermisst!\" Die Stimme jagte mir einen eiskalten Schauer \u00fcber den R\u00fccken. Blinzelnd machte ich einige Schritte zur\u00fcck und versuchte, die Person, die den Transporter betrat, zu erkennen - obwohl ich genau wusste, wer es war. \"Was bist du nur f\u00fcr ein b\u00f6ses M\u00e4dchen. Du darfst doch nicht einfach abhauen!\" Der Mann vor mir kam immer n\u00e4her. \"Und jetzt komm her, 735.\"Frustriert seufzte ich. Mussten sie uns ausgerechnet in eines der Labore mit unbequemen Betten stecken? Es war ja nicht so, dass sie nicht genug Auswahl h\u00e4tten. Leider war die Tatsache, dass die Matratze definitiv zu hart war um darauf zu schlafen, nicht mein geringstes Problem. Ich sa\u00df wieder hier fest. Und diesmal hatte ich sogar noch jemanden mit in diesen ganzen Schlamassel hineingezogen. Wahrscheinlich konnte ich von Gl\u00fcck reden, dass sie sie nicht gleich umgebracht \u0001 \u0002 besagte Person lag im \u00dcbrigen noch immer bewusstlos da. Jetzt zwar auf einer Matratze, aber im Grunde war das kein Unterschied zu davor, da man sie n\u00e4mlich mit Ketten an die Decke gebunden hatte. Echt nicht nett, diese Leute hier. Erneut startete ich einen Versuch, sie wach zu bekommen, in dem ich ihr leichte Ohrfeigen verpasste. Mit der Zeit wurden die allerdings heftiger, da ich meinen Frust ja irgendwie herauslassen musste.\"Jetzt komm schon!\", fluchte ich vor mich hin. Vielleicht hatten sie sie nur noch nicht hingerichtet, weil sie eh bald sterben w\u00fcrde? Irgendwie machte mir der Gedanke Angst. Pl\u00f6tzlich zuckten die Augenlider der Frau vor mir. Sie war wach!? Doch danach r\u00fchrte sie sich nicht mehr. Ich begann wieder, ihr leichte Schl\u00e4ge zu geben.\"Wach auf! Sterben kannst du sp\u00e4ter, klar?!\" Jetzt \u00f6ffneten ihre Augen sich vollst\u00e4ndig. Warum sagte sie denn nichts?! \"Komm schon!\" Wieder pfefferte ich ihr \u0001 \u0002 wei\u00dfhaarige Frau st\u00f6hnte leise. Sie drehte langsam den Kopf, erst zu ihren Armen, dann zu ihrer \u0001 \u0002 hatte ich erneut den Verband gewechselt, die Blutungen hatten mittlerweile zwar fast aufgeh\u00f6rt, aber ich war mir nicht ganz sicher, ob sie au\u00dfer Gefahr war. \"Ich hoffe, es stoppt die Blutung\", murmelte ich, pl\u00f6tzlich \u0001 \u0002 nickte und sprach dann, so leise, dass ich sie kaum verstehen konnte: \"W-warum haben sie dich auch mit... mitgenommen?\"Ach ja, vermutlich ging sie immer noch davon aus, dass ich f\u00fcr ihre Komplizin gehalten wurde. Dabei war es doch eigentlich anders \u0001 \u0002 betrachtete ich sie. Sollte ich ihr einfach alles erz\u00e4hlen? Andererseits- warum eigentlich nicht? Schlie\u00dflich w\u00fcrde das auch nicht viel \u00e4ndern, da wir vermutlich eh den Rest unseres Lebens hier verbringen w\u00fcrden. Ja, ich hatte keinerlei Hoffnung, hier je wieder heraus zu \u0001 \u0002 holte tief Luft und begann zu erz\u00e4hlen: \"Projekt 735... das bin ich. Seit ich klein bin, lebe ich in diesem Labor.\" Ich schluckte, nicht f\u00e4hig, meinen Gegen\u00fcber anzusehen. \"Sie machen hier Experimente. Ich wei\u00df nicht mal, warum oder wozu.\"Jetzt sah ich doch auf, direkt in ihre entsetzten, gr\u00fcnen Augen.\"Es tut mir so leid, dass ich dich hier mit hinein gezogen habe!\"Gedankensplitter",
            "wordcount": "846",
            "chapter_release": "18.06.2016",
            "chapter_number": "11"
        },
        "12": {
            "text": "\"Projekt 735... das bin ich. Seit ich klein bin, lebe ich in diesem Labor. Sie machen hier Experimente. Ich wei\u00df nicht mal, warum oder wozu.\"Entsetzt richtete ich meine Augen auf das schwarzhaarige M\u00e4dchen und starrte sie beinahe an. \"Es tut mir so leid, dass ich dich hier mit hinein gezogen habe!\" murmelte sie ganz leise, als sie meinen Blick sah. Ich war sprachlos und entsetzt zugleich. Die Typen taten WAS mit ihr!? Experimentieren!? Mit einem jungen, zierlichen M\u00e4dchen?! In den n\u00e4chsten Momenten brachte ich kein Wort heraus, bis pl\u00f6tzlich wieder diese unb\u00e4ndige Wut aufstieg. Die Typen hatten es nicht nur verdient zu sterben, sie MUSSTEN es. Auch verschwand meine Reue, mich da eingemischt zu haben. Ohne mich w\u00e4re das M\u00e4dchen jetzt sonst Wo und sehr vermutlich sogar Tot. Ich versuchte mich zu bewegen, was jedoch mir bis auf neuen Schmerz nichts brachte. Meine Arme waren noch immer mit Ketten an der Decke fixiert und der Blutverlust hatte mich geschw\u00e4cht. Im Blick des M\u00e4dchens konnte ich Hoffnungslosigkeit entdecken. Ich biss mir die Z\u00e4hne zusammen und versuchte ein paar W\u00f6rter aneinanderzureihen. \"Glaub mir, wir kommen hier wieder raus. Lebend und unversehrt.\" \u00dcber meinen letzten Satz musste ich trotz der Situation grinsen. \"Jedenfalls du wirst unversehrt hier rauskommen.\" Sie grinste ebenfalls m\u00fchsam, wenn auch nur f\u00fcr einen \u0001 \u0002 n\u00e4chsten Moment h\u00f6rten wir n\u00e4mlich ein Klicken im Schloss der Eisent\u00fcr und einige M\u00e4nner kamen herein. Alle trugen Laborkittel, Handschuhe, Mundschutz und eine Haube \u00fcber den Haaren. Der gr\u00f6sste der Truppe trug au\u00dferdem noch eine rundliche Brille. Ich merkte, wie das M\u00e4dchen neben mir nerv\u00f6s wurde und Angst bekam. Auch mich machte mir der Anblick etwas nerv\u00f6s. Das einzige Problem war, dass sie die Leute kannte. Ihre Angst war trotzdem gro\u00df, was mich schlimmes ahnen lie\u00df. \"Wen haben wir denn da?\" Der Laborant mit der Brille sprach mit einer teilnahmslosen, eiskalten Stimme, die sich regelrecht in meine Ohren schnitt. \"Projekt 735 und ihre Komplizin, die sich als M\u00f6rderin durchs Leben schl\u00e4gt.\" Ein eiskaltes Lachen ert\u00f6nte. \"Oder schlug? Wir werden sehen.\" Die anderen Laboranten fielen ins Lachen ein und kamen auf mich und 735 zu. F\u00fcr einen Moment sp\u00fcrte ich wieder Angst, die nach vielen Jahren so stark war, wie ein Tsunami. Eilig schluckte ich sie runter. Ich musste stark sein, f\u00fcr das schwarzhaarige M\u00e4dchen. Ich musste sie \u0001 \u0002 brillentragende Laborant n\u00e4herte sich eher mir, w\u00e4hrend seine wahrscheinlichen Assistenten zu 735 gingen. Er z\u00fcckte eine Pinzette, rupfte das Tuch von meiner Schulter, ignorierte die wieder beginnende Blutung und f\u00fchrte die Pinzette in die Wunde ein. Der Schmerz \u00fcbermannte mich wieder und mir wurde \u00fcbel. \"Lass sie! Ich bin doch 735! Sie hat nichts mit mir zutun!\" Beunruhigt schrie das M\u00e4dchen in unsere Richtung, nicht f\u00e4hig, zu uns zu kommen, da die Assistenten sie an den Armen festhielten. Ich keuchte vor Schmerz, als der mir langsam unsympathisch werdende Hornbrillen-Typ die Pinzette wieder aus meiner Schulter zog, zusammen mit der Kugel, die mich getroffen hatte. Schnell schaute ich weg, sonst h\u00e4tte ich mich vermutlich \u00fcbergeben. Ein Knistern verriet mir, dass er die Kugel eint\u00fctete und sie dann wegpackte. \"Kommt, das war's vorerst.\" Unsanft befestigte er wieder den Fetzen Stoff an meiner Schulter und verschwand dann mit seinen Assistenten den weiss gefliesten \u0001 \u0002 atmete ein, zwei mal tief durch, um die \u00dcbelkeit abzusch\u00fctteln. \"Alles in Ordnung?\" kam es leise aus der Richtung des schwarzhaarigen M\u00e4dchen. Ich nickte stumm und sah zu dem Fetzen Stoff. Ich hoffte innerlich, diesen ganzen Blutverlust zu \u00fcberleben. \"Denk dran, wir schaffen das gemeinsam! Da muss es mir ja gut gehen!\" nuschelte ich mit gespieltem Optimismus in der Stimme, dem ich selbst nicht besa\u00df. Sie nickte und f\u00fcr einen Moment sah ich einen Funken Hoffnung in ihren Augen \u0001 \u0002 sp\u00e4ter h\u00f6rten wir wieder ein Klicken und der Hornbrillen-Laborant trat alleine in unser fragw\u00fcrdiges Zimmer. \"Ich habe einen Beschluss gefasst.\" In seiner Stimme erkannte ich etwas dreckiges, h\u00e4misches. \"Ihr werdet vorerst beide meine G\u00e4ste sein. 735, du sowieso, aber deine weisshaarige Komplizin ist nicht gerade uninteressant.\" Unbeabsichtigt zuckte ich zusammen. \"Was?\" murmelte ich verwirrt, aber auch erleichtert. \"Und was ist mit den tausend Silberm\u00fcnzen?\" \"Ach, die kann ich mir auch noch sp\u00e4ter einstecken, schlie\u00dflich heisst es ja, Tod oder lebendig.\" Wieder lachte der Laborant h\u00e4misch, so, dass ich ihm den Hals umdrehen k\u00f6nnte. Leise schnaubte ich. Er ignorierte das, ging zur T\u00fcr und schaltete das Licht im Raum aus. \"Schlaf gut, Projekt 735 und...hm...361. Morgen wird es sicher anstrengend.\" Dann verlie\u00df er den Raum und schloss ab. 361? War ich nun auch, wie 735 eine Laborratte? Ich sch\u00fcttelte im Dunklen den Kopf. Das w\u00fcrde ich nie zulassen. Ich und 735 w\u00fcrden hier entkommen.",
            "wordcount": "814",
            "chapter_release": "18.06.2016",
            "chapter_number": "12"
        },
        "13": {
            "text": "Von nun an kamen sie jeden Tag. Wir konnten nichts machen, konnten uns nicht wehren, mussten es einfach \u00fcber uns ergehen lassen. Selbst wenn ich mich f\u00fcr diesen Gedanken hasste, war ich froh, nicht allein zu sein. Das machte es wenigstens etwas \u0001 \u0002 schien etwas Besonderes an meiner \"Mitbewohnerin\" zu sein. Nach jedem neuen Test schienen die Laboranten aufgeregter. Auf mich wirkte das, als w\u00e4re die junge Frau mit den wei\u00dfen Haaren so etwas wie eine neue Spezies, die unbedingt erforscht werden musste. Wie ein Alien. Krank. Definitiv \u0001 \u0002 war sie doch auch nur ein \u0001 \u0002?Rina. Irgendwann erfuhr ich ihren Namen. Meinen wusste ich ja selber nicht mehr. Falls ich je einen gehabt hatte \u2013 in meinen Erinnerungen war ich schon immer 735 \u0001 \u0002 Wunde meiner Mitbewohnerin an der Seite war mittlerweile fast vollst\u00e4ndig geheilt, also musste schon wieder einiges an Zeit vergangen sein. Bald hatte ich n\u00e4mlich aufgeh\u00f6rt, die Tage zu z\u00e4hlen und jegliches Zeitgef\u00fchl verloren. Trotz des anf\u00e4nglichen Optimismus, hatte sich eigentlich nicht viel ge\u00e4ndert. Die Tests und Experimente waren genauso erm\u00fcdend wie \u0001 \u0002 hatte ich das Gef\u00fchl, dass sie uns bisher eher verschont hatten, damit Rina erst g\u00e4nzlich gesund werden konnte. Sie wollten schlie\u00dflich nicht, dass ihre wertvollen Versuchskaninchen nicht vertrugen und versehentlich starben, dachte ich mir \u0001 \u0002 zur Flucht boten sich nie. Der einzige Ausweg aus unserer Zelle war die Eisent\u00fcr, die jedes Mal sorgf\u00e4ltig verriegelt wurde und selbst wenn jemand mit uns in dem Raum war, konnten wir nicht \u0001 \u0002 eines Tages schien etwas anders zu sein. Es fing schon damit an, dass mehr Laboranten als sonst mit in die Zelle kamen. Er wie immer allen voran. Diesmal kam er zuerst auf mich zu, anstatt wie sonst zuerst auf Rina zuzugehen. \u201eHerzlichen Gl\u00fcckwunsch, 735\u201c, begann er mit dieser gr\u00e4sslichen Stimme, die jedes Mal \u00dcbelkeit in mir hervor rief. Schweigend wartete ich auf das, was jetzt kommen w\u00fcrde. Etwas Gutes konnte es nicht sein, davon war ich \u00fcberzeugt.\u201eSeit f\u00fcnfzehn Jahren bist du nun hier. Seit f\u00fcnfzehn Jahren dienst du den \u00fcberlebenden Menschen mit deinen \u00fcberaus interessanten Genen.\u201c Was sollte das denn jetzt bedeuten? Was war an meinen Genen so besonders? Und war dann heute mein\u2026 Geburtstag? Steckte ich also wirklich schon seit meiner Geburt hier fest? Ich konnte mich nicht erinnern, dass so etwas vorher je passiert war, also dass er so etwas in der Richtung gesagt h\u00e4tte.\u201eHeute ist ein ganz besonderer Tag.\u201c Die Augen des Mannes funkelten hinter seiner Brille. \u201eDas wirst du noch verstehen, sobald es soweit ist. Aber so viel k\u00f6nnen wir vorweg nehmen: Du bist wirklich etwas Besonderes, genau wie deine m\u00f6rderische Freundin hier.\u201c Dann wandte er sich an seine Assistenten. \u201eAb heute m\u00fcssen die Sicherheitsma\u00dfnahmen verst\u00e4rkt werden, wir wissen noch nicht, wie sie sich entwickeln wird. Vorerst werden wir keine Tests mehr machen, nur m\u00fcssen jede Aktivt\u00e4ten hier \u2013 und zwar wirklich jede \u2013 strengstens \u00fcberwacht werden!\u201cMit diesen Worten marschierte er aus der Zelle. Kurz bevor er diese verlie\u00df, drehte er sich noch einmal halb um und wedelte einer Assistentin mit der Hand zu. \u201eMachen Sie noch einen Bluttest und dann wird der Raum abgeriegelt!\u201c Einen anderen Assistenten winkte er zu sich und fl\u00fcsterte ihm etwas zu. Das Einzige, was ich heraus h\u00f6ren konnte, war \u201eKameras in Betrieb nehmen\u201c. Mehr brauchte ich nicht zu \u0001 \u0002 Assistentin, die den Bluttest machen sollte, kam auf mich zu. Widerstandslos hielt ich ihr meinen Arm hin, ich war noch viel zu verwirrt von dieser Ansage. \u201eEs tut mir leid\u201c, murmelte sie pl\u00f6tzlich. \u201eEs tut mir so leid, was hier mit euch gemacht wird!\u201c Ihre Lippen bewegten sich kaum und es schien, als w\u00fcrde sie mir nur ganz normal Blut abnehmen. \u201eW-was?\u201c, fragte ich verwundert. Schnell warf ich einen Blick zu dem Brillentr\u00e4ger, doch der war mittlerweile verschwunden und nur noch ein anderer Assistent wartete. \u201eIch werde euch hier heraus holen\u201c, noch immer sah sie mich nicht an, doch ihre leise Stimme war entschlossen. \u201eHaltet euch bereit.\u201cGedankensplitter",
            "wordcount": "665",
            "chapter_release": "12.04.2017",
            "chapter_number": "13"
        },
        "14": {
            "text": "Es verging viel Zeit in dem Laborraum in dem wir uns befanden, zu viel in meinen Augen, aber es gab nicht einen Moment, wo es nur die leiseste Chance zur Flucht \u0001 \u0002 Schusswunde, die ich bei der versuchten Flucht einstecken musste, verheilte zu einer stern\u00e4hnlichen Narbe, w\u00e4hrend die Laboranten immer und immer wieder Tests an uns durchf\u00fchrten. Es war beinahe schon erm\u00fcdend...Aber irgendwas an mir schien das Laborpersonal zu interessieren, etwas mir nicht bewusstes oder vielleicht mochten sie auch einfach nur meine Gene. Selten waren schon meine gr\u00fcnen Augen, von meiner Haarfarbe ganz zu \u0001 \u0002 den zahllosen Tests an schier ewig andauernden Tagen, sprach ich mit dem M\u00e4dchen welches ich gerettet hatte, jedoch nicht so viel, dass die Laboranten auf irgendwelche Schl\u00fcsse kamen. Wir teilten nur gr\u00f6bste Informationen miteinander und manchmal Gef\u00fchle - keiner von uns wollte wahnsinnig werden oder gar den Verstand verlieren. Klang vielleicht etwas kurios, aber wenn man gef\u00fchlt endlos in diesem grell wei\u00dfen Raum sa\u00df und nicht mal mehr wusste wann Tag und Nacht war, gab es diese \u0001 \u0002 brach ein scheinbar ein neuer Tag an, als wie immer der Laborant mit der Hornbrille und sein Team hereinkamen. Jedoch bemerkten 735 und ich, dass etwas anders war, als diese nicht zuerst zu mir kamen, sondern zu ihr. Es l\u00f6ste eine Welle des Hasses und des Mitleids aus, zu h\u00f6ren, dass das Laborteam ihr f\u00fcr 15 Jahre im Labor gratulierten. Es verst\u00e4rkte meinen Fluchtsinn nur. Wir w\u00fcrden hier herauskommen, wie auch immer ich das anstellen \u0001 \u0002 Hornbrillentyp gab ein paar Anweisungen an seine Untergebenen und verschwand dann, woraufhin ihn alle in der Gruppe bis auf eine Frau folgten. Die Frau nahm 735 scheinbar Blut ab, doch ich h\u00f6rte, dass es nicht ganz so geschah, wie es sonst ablief. Leise fl\u00fcsterte sie etwas zu meiner Bettnachbarin, welche ihre \u00fcberraschte Miene kaum unterdr\u00fccken konnte. Ich griff das Wort 'Flucht' auf und war ebenfalls \u00fcberrascht, jedoch konnte ich dies besser verstecken. Bevor ich mich jedoch ins Gespr\u00e4ch einmischen konnte, beendete die Laborhelferin die Bluttest und verschwand schneller aus dem Raum als es mir lieb \u0001 \u0002 Stunden vergingen und ich war inzwischen schwer davon \u00fcberzeugt, dass die junge Frau uns ein falsches Versprechen gegeben hatte, von welchem ich von meiner aufgeregten Zimmerpartnerin erfahren hatte, als pl\u00f6tzlich die T\u00fcr aufging, jedoch niemand in der N\u00e4he schien. Dazu kam, dass unsere 'Befestigungen' - so nannte sie der Hornbrillentyp - ebenfalls nicht richtig verschlossen waren. Ich brauche zwar noch Einen Moment, mich zu befreien, aber es gelang mir nach zahllosen Versuchen, woraufhin ich mich zun\u00e4chst um die \u00dcberwachungskamera \u00fcber den Pritschen k\u00fcmmerte. Dann n\u00e4herte ich mich 735 und grinste mit einer Mischung aus Aufregung und Kampfgeist. \"Sieht wohl so als w\u00fcrde die Dame ihr Versprechen einhalten- dann sollte ich es wohl auch tuen.\" Mit diesen Worten half ich der etwas Kleineren sich aus ihren Fesseln zu befreien und gemeinsam eilten wir Richtung Eisent\u00fcr. Kurz sahen wir uns unentschlossen an, doch dann nickten wir und tauchten in den leicht abgedunkelten Laborflur.",
            "wordcount": "506",
            "chapter_release": "24.09.2017",
            "chapter_number": "14"
        },
        "15": {
            "text": "Sobald die junge Assistentin aus dem Raum verschwunden war, erz\u00e4hlte ich Rina aufgeregt von ihrer Ank\u00fcndigung. Zum ersten Mal seit Langem regte sich wieder die Hoffnung auf Flucht in mir. Ich wollte es mir selbst zwar nicht eingestehen, aber eigentlich hatte ich schon fast aufgegeben. Nach Stunden unruhigen Wartens schwang auf einmal die T\u00fcr auf. H\u00e4tte Rina neben mir nicht angefangen, sich an ihren Fesseln zu schaffen zu machen, w\u00e4re es mir vermutlich nicht einmal aufgefallen, da es nicht mit dem sonstigen Geschnatter der Laboranten verbunden \u0001 \u0002 zog ich an den Armreifen, die mich an der Liege festbanden und warf unruhige Blicke zu 361 hin\u00fcber. Sie w\u00fcrde mich doch nicht allein hier lassen und abhauen, oder? Erleichtert atmete ich auf, als sie auf meine Liege zusteuerte und mir half, die Befestigungen zu l\u00f6sen. Dann sch\u00fcttelte ich leicht den Kopf. Wieso sollte ich so etwas denken? Wir hatten uns in letzter Zeit etwas besser kennengelernt und sie hatte mir nie einen Grund gegeben, ihr nicht zu vertrauen. Au\u00dferdem hatte sie es mir versprochen. Sie hatte mir versprochen, dass wir unversehrt hier raus kommen. Und ich hatte nie so gro\u00dfe Hoffnungen wie jetzt, dass sie ihr Versprechen nicht brechen musste. Auf ihre Worte hin nickte ich und sprang von der Liege. Mit einem letzten Blick zueinander steuerten wir auf die offene Eisent\u00fcr zu. Seit sie uns her gebracht hatten, hatten wir diesen Raum nicht verlassen. Meine Erinnerungen an die G\u00e4nge hinter der eisernen T\u00fcr waren nur verschwommen vorhanden. Ich h\u00e4tte nicht einmal sagen k\u00f6nnen, ob der Ausgang linker oder rechter Hand lag. Gl\u00fccklicherweise musste ich das auch nicht, da unsere T\u00fcr am Ende eines langen Ganges mit wei\u00df get\u00fcnchten W\u00e4nden lag. Die Beleuchtung an den Decken war ged\u00e4mmt, so dass der Flur in einem schummerigen Halbdunkel lag, v\u00f6llig anders als man es sonst von Krankenh\u00e4usern \u0001 \u0002 v\u00f6lliger Stille schlichen wir den Gang entlang. Nach einigen Metern gabelte er sich und wir sahen uns unschl\u00fcssig an. \u201eLinks oder rechts?\u201c, fl\u00fcsterte ich, die Wei\u00dfhaarige neben mir musternd. Sie sah sich um und packte dann meinen Arm, um mich nach links zu ziehen. Eilig folgte ich ihr in diesen Flur, der kaum besser beleuchtet war als der vorherige. Wir liefen weiter und immer wieder gingen Seiteng\u00e4nge ab, an deren Enden einzelne T\u00fcren waren, so wie unsere. Ich wollte nachschauen gehen, was sich hinter ihnen verbarg, doch Rina zog mich weiter. Ihren gr\u00fcnen Augen huschten aufmerksam durch den Gang und ich fragte mich unwillk\u00fcrlich, wie bekannt ihr so eine Situation war. Nach einer Weile gelangten wir an eine weitere T\u00fcr, die sofort nachgab, als Rina vorsichtig die Klinke hinunter dr\u00fcckte. Ich dr\u00e4ngte mich an ihr vorbei und wagte einen Blick hinein.\u201eDa stehen Computer\u201c, zischte ich \u00fcber die Schulter. \u201eIch glaube, hier sind die \u00dcberwachungsr\u00e4ume!\u201cRina legte einen Finger an die Lippen und winkte mich einige Schritte zur\u00fcck. \u201eWir m\u00fcssen da durch, einen anderen Weg gibt es nicht.\u201cIch nickte entschlossen. Sie hatte recht, wir hatten keine andere Wahl. Denn zur\u00fcck in die Zelle wollte ich auf keinen Fall. Mich zur\u00fcck zur T\u00fcr drehend, holte ich tief Luft. \u201eOkay. Wir schaffen das\u201c, murmelte ich. Dann \u00f6ffnete Rina leise die T\u00fcr und schlich in den angrenzenden Raum. Wir versteckten uns hinter einer Reihe von Computern, die unbesetzt waren. An den anderen sa\u00dfen Leute in wei\u00dfen Kitteln, die auf die Monitore starrten. Geduckt tasteten wir von Reihe zu Reihe, darauf bedacht, keinerlei Ger\u00e4usche von uns zu geben. Das lief sogar erstaunlich gut, aber es kam, wie es kommen \u0001 \u0002 der Laboranten streckte sich gelangweilt und g\u00e4hnte. Das Quietschen seines Stuhls erschreckte mich so sehr, dass ich zusammen zuckte und einen Satz nach hinten machte. Dabei stie\u00df ich gegen eine Reihe von Aktenordnern, die mit einem lauten Knall auf dem Boden landeten. Einen Moment stand ich noch wie erstarrt da, starrte in Rinas gr\u00fcne Augen, die erschrocken aufgerissen waren. Schreie wurden laut, dann rannten wir los, zum Ende des Raumes und in einen weiteren Gang. Dieser war grell erleuchtet und teilte sich in mehrere Abzweigungen auf. \u201eProjekte freigelassen! Ruft die Security! Fangt sie ein!\u201c Rufe schallten dicht hinter uns durch die Flure. \u00c4ngstlich drehte ich mich um und riss die Augen auf, als ich bewaffnete M\u00e4nner hinter uns in den Gang biegen sah. Sch\u00fcsse hallten von den W\u00e4nden, Rina schubste mich gerade noch rechtzeitig hinter eine Abbiegung. \u201eLauf!\u201c, rief sie und ich verfluchte mich selbst daf\u00fcr, dass ich nicht l\u00e4nger z\u00f6gerte. Aber meine Angst und die Sehnsucht, frei zu sein, war zu gro\u00df. Ich schenkte ihr einen letzten, dankbaren Blick und dann drehte ich mich um und rannte, ohne zur\u00fcck zu \u0001 \u0002",
            "wordcount": "769",
            "chapter_release": "24.09.2017",
            "chapter_number": "15"
        },
        "16": {
            "text": "Es erleichterte mich unglaublich, als 735 zur Flucht einwilligte und wir gemeinsam anfingen, uns ins Labor Richtung Ausgang voran zu tasten. Immer wieder kamen wir durch wei\u00df gestrichene Flure und bogen in welche ab und jedes Mal endeten sie mit verschiedenen T\u00fcren, weswegen langsam, aber sicher die Frage nach anderen Gefangenen aufkam. Gl\u00fccklicherweise hatte ich jedoch gen\u00fcgend Selbstbeherrschung, dass ich mich von jeglichen Mitleidsgef\u00fchlen lossagte und mich distanzierte. Es ging hier ausschlie\u00dflich um mich und das M\u00e4dchen, welches durch mein Versprechen nun endlich Hoffnung zu sch\u00f6pfen schien. M\u00f6gliche andere hatten selbst zu sehen, wie sie herauskamen, falls es \u00fcberhaupt andere hier gab. Jedoch hoffte ich es \u0001 \u0002 einigen weiteren G\u00e4ngigen blieb ich kurz vor einer Biegung stehen und entdeckte mehrere Laboranten die w\u00e4hrend eines angeregten Schwatzes in eine Richtung gingen. Mein Gef\u00fchl, auf welches ich mich verlassen konnte wie auf mein immer schlagendes Herz, riet mir, dass wir dieser Gruppe folgen sollten. Ich \u00fcbernahm diesen Plan und zog die Schwarzhaarige hinter mir langsam mit mir, jedoch bekam diese wohl nicht mit, dass ich mich nicht selbst orientierte, sondern dem Feind \u0001 \u0002 Vorhaben stellte sich sogar als erfolgreich heraus, als das Laboranten Gr\u00fcppchen bei einer T\u00fcr mit einem kleinen Fenster stehen blieb und ich sehr \u00fcberrascht feststellen musste, dass dieser Raum Fenster besitzen musste, denn durch das T\u00fcrenfenster fiel leicht gelbliches, naturales Licht. Auf diese Erkenntnis folgte der Gedanke, dass ich meine Freiheit w\u00e4hrend des Laboraufenthalts sehr, sehr vermisst hatte, dass selbe galt f\u00fcr Sonnenlicht oder eine leichte Brise des Windes...Meine Tr\u00e4ume von der Freiheit nahmen daraufhin jedoch erstmal ein j\u00e4hes Ende, als die Laboranten in den scheinbar mit Computern best\u00fccken Raum hereintraten und ihre Begleitung etwas leises zischte. Geistensgegenw\u00e4rtig schoss ich aus der Abzweigung in der ich mit dem anderen M\u00e4dchen Schutz gesucht hatte und schob meinen Fu\u00df zwischen die zufallende T\u00fcr und entsprechendem T\u00fcrrahmen. \"Treten sie ein, M'lady, schlie\u00dflich m\u00fcssen wir hier durch.\" meinte ich fl\u00fcsterternd und grinste dabei etwas schelmisch, gr\u00f6\u00dftenteils um die aktuelle Situation etwas aufzulockern. Zwar hatte ich bemerkt, dass 735 Hoffnung sch\u00f6pfte, jedoch hatte diese auch Angst, was ich an ihrer Stelle aber komplett nachvollziehen konnte. Leise fl\u00fcsterte sich das M\u00e4dchen gerade auch Mut zu, was mir ein leichtes L\u00e4cheln stahl. Nach einigen Herzschl\u00e4gen, die ich lauschend durch die T\u00fcr lugte, ergab sich die Chance, in den entsprechenden Raum hereinzuschl\u00fcpfen und sich hinter den unbesetzten, aufgereihten Computern zu verstecken. Von da aus hatte ich gen\u00fcgend \u00dcberblick \u00fcber den restlichen Raum, welcher tats\u00e4chlich gr\u00f6\u00dftenteils mit Computern best\u00fcckt war, welche teilweise von weiterem Laborpersonal bedient wurden. Zusammen mit 735 plante ich kurz unsere Route und krabbelte dann mit ihr \u0001 \u0002 unwohles Gef\u00fchl schrie regelrecht in mir w\u00e4hrend unserem riskanten Fluchtman\u00f6ver, denn manchmal bewegten wir nur Zentimeter von den Beinen unseres Feind vorbei, gl\u00fccklicherweise gaben uns die vielen Tische, Kartons, Computer und andere Maschinen aber gen\u00fcgend \u0001 \u0002 lie\u00df uns das Ungl\u00fcck nicht ohne einen polternden Abschied gehen- wortw\u00f6rtlich: Ein Stuhl quietschte in der angespannten Stille und fast sofort darauf fiel irgendwas auf den Boden; als ich mich so hektisch umdrehte, dass meine wei\u00dfen Haare in mein Gesicht peitschten, erkannte ich, dass das schwarzhaarige M\u00e4dchen sich scheinbar erschrocken hatte und gegen einige Ordner gesto\u00dfen war. Nur einen weiteren Herzschlag darauf wurden wir nat\u00fcrlich entdeckt und Rufe wie \u201eProjekte freigelassen! Ruft die Security! Fangt sie ein!\" schallten los. Eilig packte ich meine Begleitung am Arm, riss sie hoch und rannte los, blindlings, bis irgendwann tats\u00e4chlich Sch\u00fcsse nur eine Abzweigung hinter uns ert\u00f6nten. Ich musste etwas tuen, dass wurde mir klar. Ich schob 735, die vor Angst etwas steif war, um eine Ecke und schaute sie fest an. \"Lauf!\" meinte ich, gab ihr noch einen letzten Schubs und lief in eine andere Richtung, um unsere Verfolger abzulenken und daraufhin \u0001 \u0002 stellte sich als sehr unterfangen heraus, denn es waren viel mehr Securitywachen da, als ich mit gerechnet hatte und diese bemerkten meine etwas verunsicherte Flucht auch. Jedoch schien ich sie gr\u00f6\u00dftenteils erfolgreich von 735 ablenken zu k\u00f6nnen. Unschl\u00fcssig rannte ich weiter, entgang vielen Sackgassen und Hinterh\u00e4lten, bis ich den Wachleuten doch in die Falle tappte: Sie schafften es, m\u00f6gliche Fluchtwege abzuschneiden und trieben mich in eine Sackgasse, welche ein Gang war, der mit einem riesigen, nat\u00fcrlich verschlossem Eisentor endete. Hektisch suchte ich nach etwas Waffen\u00e4hnlichem, als einige der Wachen auf mich zu kamen, doch erfolgreich war ich heute scheinbar nicht mehr, weswegen ich mich in meiner Not mit H\u00e4nden und F\u00fc\u00dfen verteidigte, aus Angst dass sie mir ein Bet\u00e4ubungsmittel verpassen k\u00f6nnten, mit welchem sie herumfuchtelten. Leider \u00fcberwog die Welle der Security nach einer Zeit doch und gerade, als sie mir die Spritze in den Arm jagten, begann sich das riesige Eisentor zu \u00f6ffnen. In einer neuen Welle der Entschlossenheit zu entkommen, hinterfragte ich die Geschehnisse nicht und sch\u00fcttelte die Wachen ab- nur um aus dem Tor zu rennen und...zu \u0001 \u0002 sp\u00fcrte nur noch, wie ich scheinbar im kaltes Wasser fiel, dann knockte mich das Bet\u00e4ubungsmittel und der Aufprall erstmal aus und ich glitt ins tiefe Schwarz.",
            "wordcount": "841",
            "chapter_release": "24.09.2017",
            "chapter_number": "16"
        },
        "17": {
            "text": "Ich rannte den Gang entlang, immer weiter, so schnell ich konnte. Hinter mir ert\u00f6nten wieder Sch\u00fcsse, die mich aber nur dazu anspornten, noch schneller zu laufen. Das schlechte Gewissen, weil ich Rina zur\u00fcckgelassen hatte, schob ich zur Seite. Immerhin hatte sie mir doch gesagt, ich sollte gehen! Also rannte ich weiter, stolperte, taumelte einige Sekunden, bevor ich mich wieder fangen konnte. Mich durchschoss eine vage Erinnerung, das Gef\u00fchl, das schon einmal erlebt zu haben. \u201eLauf!\u201c, hallte es in meinem Kopf, allerdings nicht mit Rinas Stimme. Wer\u2026? Und wieder rannte ich durch grell beleuchtete G\u00e4nge. Das letzte Mal war ich frei gekommen. Ich war geflohen, bis\u2026 mit einem Mal waren meine Erinnerungen komplett da. Ich war nicht alleine da raus gekommen, schon davor nicht. Auch da hatte sich jemand f\u00fcr mich geopfert. Und was machte ich? Lie\u00df mich wieder einfangen und zog sogar noch jemanden mit in den Schlamassel \u0001 \u0002 entschlossen stoppte ich und drehte um, wieder zur\u00fcck. Zur\u00fcck in Richtung der Sch\u00fcsse, in Richtung der Zelle, in Richtung der Wachm\u00e4nner. In Richtung von Rina. Ich konnte nicht zulassen, dass sie sie bekamen, w\u00e4hrend ich drau\u00dfen umher irrte. Wahrscheinlich hatten wir zusammen sowieso bessere Chancen. Wir h\u00e4tten uns nie trennen sollen! Leise fluchend registrierte ich, dass die Gabelung, an der ich sie zur\u00fcck gelassen hatte, verlassen war. L\u00e4rm kam von allen Seiten, mittlerweile hatte jemand einen Alarm ausgel\u00f6st. Die Sch\u00fcsse und das Geschrei jedoch waren nur noch weit entfernt zu h\u00f6ren. Auf gut Gl\u00fcck lief ich in einen der anderen G\u00e4nge, in den Rina h\u00e4tte laufen k\u00f6nnen. Eine Weile konzentrierte ich mich nur auf meine Schritte, die von den leeren W\u00e4nden wiederhallten, und meinen keuchenden Atem. So kam es, dass ich die Wachm\u00e4nner, die auf einmal vor mir in einem Seitengang standen, fast nicht bemerkte. Gerade noch rechtzeitig dr\u00fcckte ich mich gegen die Wand und sp\u00e4hte um die Ecke. Dort war alles hektisch, es wurden Befehle gebr\u00fcllt, die ich nicht verstand. Am Ende des kurzen Flurs befand sich eine Eisent\u00fcr, die sich gerade \u00f6ffnete. Als ich sah, wer durch sie hindurch st\u00fcrzte, stockte mir der Atem. \u201eRina!\u201c, schrie ich, dachte nicht daran, wer auf mich aufmerksam werden w\u00fcrde. Noch einmal sah ich wei\u00dfe Haare aufblitzen, dann wurde sie von der Dunkelheit verschluckt. \u201eNein\u2026\u201c Die Wachm\u00e4nner fuhren herum, einige rannten auf mich zu. Einen Moment lang hingen meine Augen noch an der Eisent\u00fcr, die sich langsam wieder schloss. Dann drehte ich mich um und \u0001 \u0002 umsonst! Ich h\u00e4tte nicht umdrehen sollen. Ich h\u00e4tte einfach gehen sollen. Was, wenn sie mich jetzt auch kriegen? Dann war alles umsonst! Vielleicht bringen sie uns um! Ich h\u00e4tte gehen \u0001 \u0002 Sicht wurde verschwommen und ich wischte mir fahrig \u00fcber die Augen. Ich taumelte und fiel hin. Meine Knie taten weh und die H\u00e4nde hatte ich mir auch aufgesch\u00fcrft. Noch bevor ich wieder auf die Beine kam, waren die Wachleute bei mir. Der eine, nur wenige Meter von mir entfernt, legte auf mich an. Abwehrend riss ich die H\u00e4nde hoch und kniff die Augen fest \u0001 \u0002 ich sp\u00fcrte nichts. Kein scharfer Schmerz, nicht einmal einen Piekser, der von einem der Bet\u00e4ubungspfeile kommen k\u00f6nnte. Vorsichtig \u00f6ffnete ich die Augen wieder und betrachtete \u00fcberrascht das Bild, das sich mir bot: Die Wachm\u00e4nner, die mir hinterher gelaufen waren, lagen allesamt am Boden. Es sah aus, als h\u00e4tte sie jemand \u2013 oder etwas? \u2013 gegen die W\u00e4nde und gegeneinander geschleudert. Z\u00f6gernd stand ich auf und n\u00e4herte mich ihnen. War das ein Trick? Sachte stupste ich denjenigen, der vorhin auf mich gezielt hatte, mit dem Fu\u00df an. Keine Bewegung. Ob sie bewusstlos waren? Aber warum?Ich sch\u00fcttelte den Kopf. Das war nicht mein Problem. Unsicher stieg ich \u00fcber die reglosen K\u00f6rper und schlich zur\u00fcck zu dem Gang, in dem ich Rina hinter der T\u00fcr hatte verschwinden sehen. Er war wie leergefegt. Ich ging bis vor die massive T\u00fcr und betrachtete sie argw\u00f6hnisch. Auf einmal bemerkte ich, dass sie sich bewegte. Sie \u00f6ffnete sich erneut! Neugierig und \u00e4ngstlich n\u00e4herte ich mich ihr, bis ich durch den entstandenen Spalt sehen konnte. Zuerst sah ich nur Dunkelheit, dann fiel mir noch etwas Anderes auf, ein Ger\u00e4usch. Ein Rauschen, wie von einer gest\u00f6rten Verbindung, oder... Wasser. Erstaunt riss ich die Augen auf. Da unten, in einigen Metern Tiefe, war ein See!Hinter mir ert\u00f6nten Rufe, wahrscheinlich waren die Wachm\u00e4nner wieder aufgewacht. Ich hatte nur noch wenig Zeit, bis sie mich entdecken w\u00fcrden. Nerv\u00f6s machte ich zwei Schritte zur\u00fcck und holte tief Luft. Es musste einen Grund daf\u00fcr geben, dass diese T\u00fcr sich f\u00fcr uns ge\u00f6ffnet hatte. Da unten konnte nicht nur Wasser sein. Ich w\u00fcrde nicht ertrinken! Und selbst wenn, das war immer noch besser, als weiter hier zu \u0001 \u0002 diesen Tatsachen im Hinterkopf sprang ich ab, flog in die k\u00fchle Dunkelheit hinein. Einen Moment lang f\u00fchlte es sich wirklich an, als w\u00fcrde ich fliegen. Dann siegte die Schwerkraft. Mein letzter Gedanke, bevor ich in der kalten N\u00e4sse unterging, war, dass ich doch nie schwimmen gelernt \u0001 \u0002",
            "wordcount": "826",
            "chapter_release": "15.02.2018",
            "chapter_number": "17"
        },
        "18": {
            "text": "Ein verschwommenes Gesicht, zu verschwommen und sich st\u00e4ndig verschiebend, sodass ich nicht erkennen konnte, um wen oder was es sich handelte...Ger\u00e4usche...Gesang?..Rufe...? Es klang alles so hallend und gleichzeitig so dumpf, als h\u00e4tte ich Watte in den Ohren...Doch dann gab es einen Ruck, und Schw\u00e4rze f\u00fcllte wieder meinen Kopf aus wie Tinte \u0001 \u0002 wusste nicht genau, was mich mehr um meinen so friedvollen Schlaf abhalten wollte, das lautstarke Zwitschern irgendwelcher nahen V\u00f6gel oder diese Helligkeit, welche mein Gesicht nebenbei noch w\u00e4rmte. Es dauerte einige Herzschl\u00e4ge, bis ich begriff, dass beides ein Grund war, die Augen zu \u0001 \u0002 setzte mich im selben Moment auf, wie ich die die Augen \u00f6ffnete, und nachdem das typische, leichte Schwindelgef\u00fchl abgeklungen war, erblickte ich zuallererst das Bett, in welchem ich lag. Dieses Bett, welches neben einem ge\u00f6ffneten Fenster stand, geh\u00f6rte zu einem nur mit einem kleinen, h\u00f6lzernen Nachttisch und einer Lampe eingerichteten Zimmer, welches ebenfalls aus Holz gebaut zu schien. Waren wir gerettet worden...?...Wir! 735, wo war sie?! Ich schlug die Decke beiseite und war drauf und dran aufzustehen, als sich die stumpfgoldene T\u00fcrklinke senkte. Wie aus einem Reflex heraus warf ich die Decke wieder \u00fcber mich und tat so, als w\u00fcrde ich schlafen, besonders weil ich unsicher war, wer mich gerettet und wie kooperativ die Person sein w\u00fcrde.\"Rina, bist du wach..?\" Es ert\u00f6nte eine Stimme, von der ich nicht erwartet h\u00e4tte, sie in genau diesem Moment zu h\u00f6ren. Ich \u00f6ffnete die Augen und das schwarzhaarige M\u00e4dchen, mit dem diese abenteuerliche Zeit angefangen hatte, stand an der T\u00fcr. \"Du...!\" \u00fcberrascht, aber auch mit einer un\u00fcberh\u00f6rbaren Erleichterung in der Stimme begr\u00fc\u00dfte ich das immer noch sehr d\u00fcnn aussehende M\u00e4dchen. \"Geht es dir gut? Und wei\u00dft du, wer uns gerettet-\" Ich stoppte abrupt meine Fragenstellerei, als hinter 735 eine etwas kr\u00e4ftigere, \u00e4ltere Frau hervortrat.\"Ihr seid mir Zwei...\" Die zittrige, aber doch kr\u00e4ftige Stimme der Frau war noch erf\u00fcllt mit Unglauben, nachdem ihr die Geschichte erz\u00e4hlt hatten, wie wir in den See kamen. Sie schien uns diese aber abzunehmen, trotz der Notl\u00fcge, dass 735 meine entf\u00fchrte Cousine war und wir in den See gesprungen waren, um den Entf\u00fchrern zu entkommen, nachdem ich 'meine entf\u00fchrte Cousine' zu retten versuchte. Nachdem wir geendet hatten, erz\u00e4hlte die alte Dame uns im Gegenzug das sie mit ihrem Sohn Holz in die H\u00fctte trug, als diesem wohl aufgefallen war, dass jemand in den See gefallen war. Dieser hatte mich und 735 kurz danach aus dem See gezogen und seitdem k\u00fcmmerte sie sich um uns. Die Schwarzhaarige und ich tauschen leicht schockierte Blicke aus, als wir dazu erfuhren, dass wir 3 N\u00e4chte und 2 Tage geschlafen hatten. Es gab mir aber auch eine leise Hoffnung, dass man entweder diese Stelle \u00fcbersehen hatte oder man garnicht nach uns suchte. Obwohl sie uns als Tot erachteten...? Ich wusste es nicht und konnte es auch schlecht einsch\u00e4tzen, weswegen ich warten musste, bis unsere Retterin den Raum verlie\u00df, um ein sp\u00e4tes Fr\u00fchst\u00fcck f\u00fcr uns vorzubereiten.\"Hey, 735...glaubst du, dass sie nach uns suchen werden...?\" Aus meiner Position im Bett und dass die Schwarzhaarige neben diesem stand, gab mir irgendwie das schlechte Gef\u00fchl, schwach zu sein. Doch hatte dieses nicht lange Zeit, sich in mir auszubreiten, denn es fiel mir etwas auf. Es nervte mich schon fast, wie lange es mich gebraucht hatte, aber es war noch fr\u00fch genug. \"Und warum warst du auch im See? Du bist doch in eine v\u00f6llig andere Richtung gelaufen...\" Nachdenklich runzelte ich die Stirn. Die Erinnerung war etwas ausgeblichen, ich wusste genau, dass sich unsere Wege doch eigentlich getrennt hatten. Mein Blick fokussierte die J\u00fcngere, fast schon ungeduldig wartete ich auf eine Antwort. \"Also...?\"",
            "wordcount": "628",
            "chapter_release": "15.02.2018",
            "chapter_number": "18"
        },
        "2": {
            "text": "Die leichte Abendbrise lie\u00df eine einzelne, weisse Haarstr\u00e4hne unter meiner Kapuze hervorflattern. F\u00fcr einen Moment tanzte die Str\u00e4hne in der Brise und kitzelte mich sanft an der Wange. Ein kleines L\u00e4cheln huschte \u00fcber mein Gesicht und ich schob sie eilig hinter mein Ohr, unter die Kapuze. Mit meinen gr\u00fcnen Augen suchte ich wieder und wieder die Stra\u00dfe unter mir ab, wartete geduldig ab. Als die Stra\u00dfe aber weiterhin ruhig blieb, setzte ich mich stumm seufzend auf die kleine Randabsperrung des Hausdaches, wo ich in meinen Mantel gewickelt Wache hielt. Irgendwer musste endlich kommen, ich wartete schon eine ganze Woche! Weiter betrachtete ich die Stra\u00dfe, wie ein Raubtier im Schatten, das geduldig seine Beute beobachtet, nur um in einem Moment der Unvorsichtigheit zuzuschlagen. Irgendwann verlor ich doch langsam die Geduld und lie\u00df meinen Blick \u00fcber die karge und heruntergekommene Gegend schweifen. Hier und da standen ein paar Hausruinen, manche noch relativ bewohnbar, manche kurz vor dem Einsturz. Leben war hier keins, au\u00dfer mir, einigen streunenden Tieren und vielleicht eins, zwei \u00fcberm\u00fctige Obdachlose. Fr\u00fcher war hier eine kleine, aber sch\u00f6ne Stadt gewesen, aber als man hier keine Rohstoffe mehr fand und die Lebensmittel aufgrund Missernten knapp wurden, zogen immer mehr Leute weg, bis die Stadt irgendwann einfach leer war. Ich war grade mal 14 gewesen, als ich morgens aufwachte und niemand mehr da war, eingeschlossen meine Eltern. Ich wei\u00df bis heute nicht sicher, warum sie mich eiskalt zur\u00fcckgelassen hatten, doch wei\u00df ich, dass ich sie daf\u00fcr hasste. Wir waren vielleicht nicht unbedingt wohlhabend gewesen, aber wir mussten uns nicht tagt\u00e4glich um unser \u00dcberleben sorgen. Sanft sch\u00fcttelte ich den Kopf, um die hasserf\u00fcllten Gedanken verschwinden zu lassen. Das alles war nun exakt 5 Jahre her. Heute war mein Geburtstag, daran konnte ich denken und nicht an solch dunkle Erinnerungen. Ein Motorger\u00e4usch holte mich zur\u00fcck in die Realit\u00e4t und ich z\u00fcckte meine Waffe. Ein kurzes, aber verdammt scharfes Messer. Ich sprang von der Absperrung federleicht herunter und fixierte meine Augen auf die n\u00e4herkommenden Scheinwerfer. Endlich. Nun konnte die Jagd beginnen. Ich kletterte flink an der Regenrinne des Hauses herunter und sprang die letzten paar Meter einfach. Mit einer etwas waghalsigen Rolle versteckte ich mich in sekundenschnelle hinter einigen stinkenden M\u00fclltonnen. Das Auto kam n\u00e4her und hielt nur gesch\u00e4tzt zwei Meter von meinem Versteck. Sie konnten nicht wissen, was sie erwartete. Ich hielt den Atem an, als ich eine Autot\u00fcr h\u00f6rte. \"Verflucht, wir haben einen Platten! Ey, Justus, haben wir irgendwo einen Ersatzreifen?\" Im n\u00e4chsten Moment h\u00f6rte ich eine zweite Autot\u00fcr. \"Hinten im Kofferraum, Mo. Warte, ich helf dir. Wir m\u00fcssen schnell weiter!\" \"Ha, du hast doch nur Angst!\" \"Sicherlich nicht!\" Ein Lachen schallte durch die Nacht. Die zwei waren ganz sch\u00f6ne Dummk\u00f6pfe. \"Justus! Hier ist kein Ersatzreifen!\" murrte die erste Stimme nach einiger Zeit. \"Warte, ich schau ob irgendwo zuf\u00e4llig ein Reifen rumliegt...\" seufzte die andere. Leichte, aber schlurfende Schritte kamen meinem Versteck n\u00e4her. Was eine gute Wahl das Versteck doch war. So konnte ich beide einzeln ausschalten und musste mich nicht gleichzeitig mit ihnen anlegen. Im selben Moment, wie ich mich bereit machte, kam der erste, Justus, bei den M\u00fclltonnen an. Ein paar Sekunden w\u00fchlte er in ihnen, dann entdeckte er mich. \"Was um Himmels Willen-\" weiter kam er nicht, da meine Hand mit dem Messer blitzschnell vorschnellte und seine Brust durchbohrte. Er verblieb f\u00fcr einige Herzschl\u00e4ge in der gebeugten Position, wie er die M\u00fclltonnen durchw\u00fchlt hatte und starrte mich, die neunzehnj\u00e4hrige, vermummte junge Frau, mit aufgerissenen Augen an. Dann kippte er seitlich weg. Schnell zog ich mein Messer aus ihm und blieb in meinem Versteck. \"Justus? Komm schon, beeil dich mal!\" ert\u00f6nte nach einigen Minuten die Stimme des zweiten Mannes. \"Justus!? Antworte mir verdammt nochmal!\" Nun n\u00e4herten sich wieder Schritte, eilig und unsicher. \"J-Justus!?\" Er musste wohl die Leiche seines Kumpels gesehen haben, denn jetzt rannte er direkt neben mein Versteck und kniete sich zu dem langsam abk\u00fchlenden K\u00f6rper. \"D-das ist nicht lustig! Steh auf!\" meinte er beunruhigt und ich konnte die aufkommende Angst in seiner Stimme h\u00f6ren. Ich schnellte wieder, mit dem Messer voraus, nach vorn und durchbohrte hinterr\u00fccks das Herz des zweiten jungen Mannes. Danach s\u00e4uberte ich mein Messer und trat hinter den M\u00fclltonnen hervor. \"Idioten.\" fl\u00fcsterte ich abf\u00e4llig und tappte langsam zum \u0001 \u0002 lugte durch die ge\u00f6ffnete Fahrert\u00fcr und entdeckte einen Rucksack. Schnell zog ich diesen hinaus und durchw\u00fchlte ihn. Bingo! Lebensmittel und Medikamente. Ich grinste. Ich hatte den Jackpot. Mein Grinsen erlosch, als ich pl\u00f6tzlich ein Rappeln im geschlossen Kofferraum h\u00f6rte. Ich schulterte den Rucksack und n\u00e4herte mich vorsichtig mit meinem Messer in der \u0001 \u0002 rappelte erneut und ich nahm sowas wie einen dumpfen Ruf wahr. So weit wie m\u00f6glich vom Kofferraum entfernt streckte ich meine Hand aus und \u00f6ffnete den Kofferraum. Welches Bild mir darin geboten wurde, werde ich wohl nie vergessen.",
            "wordcount": "824",
            "chapter_release": "04.05.2016",
            "chapter_number": "2"
        },
        "3": {
            "text": "Als ich drau\u00dfen Schritte h\u00f6rte und gleichzeitig merkte, wie der Sauerstoff in dem kleinen Raum knapper wurde, versuchte ich irgendwie Ger\u00e4usche zu machen, was gefesselt jedoch ziemlich kompliziert war. Ich schrie durch das Tuch, welches um meinen Mund geschlungen war und haute mit meinem Kopf gegen die Wand neben mir. Mein Hals kratze bereits schmerzhaft und ich merkte, wie mir langsam schwummrig wurde. An meinem Kopf lief etwas Warmes herunter, als es pl\u00f6tzlich klickte und die Kofferraumklappe sich \u00f6ffnete. Ich holte tief Luft, erleichtert, wieder richtig atmen zu k\u00f6nnen. F\u00fcr einen kurzen Moment musste ich meine blauen Augen schlie\u00dfen, obwohl es drau\u00dfen dunkel war, mussten sie sich erstmal an das Licht gew\u00f6hnen. Nachdem ich die Augen wieder aufschlug, musste ich, trotz meiner schei\u00df Situation, grinsen. Eine vermummte Person stand wie erstarrt neben dem Kofferraum, vermutlich etwas \u00fcberrascht \u00fcber die menschliche Fracht. Ich versuchte mich irgendwie aufzurichten, jedoch hielten mich die Fesseln davon ab. Die Person, anhand der Bewegungen schloss ich auf eine junge Frau, wurde sich bewusst und l\u00f6ste das Tuch um meinen Mund. \"Hi.\" grinste ich, bevor sie \u00fcberhaupt was sagen konnte. Das schien sie so zu irritieren, dass sie noch einen Moment brauchte, bis sie sprach. \"W-warum bist du hier drin?\" Ich \u00fcberlegte, aber als ich mich versuchte zu erinnern, sah ich Schw\u00e4rze. Meine Erinnerungen waren futsch. \"Ehm... gilt es auch wenn ich mich nicht erinnere?\" fragte ich halb scherzend, halb verwirrt. Ich w\u00fcsste gern, warum ich hier war, was passiert war. Die Person musterte mich und l\u00f6ste dann meine anderen Fesseln. Vorsichtig rieb ich mir die Handgelenke, die von den Fesseln aufgescheuert waren. \"Vorerst.\" Ich nickte. \"Danke.\" Sie reichte mir die Hand. \"Soll ich dir raushelfen?\" Ich sch\u00fcttelte eilig den Kopf, wobei mir leicht schwindelig wurde und ein stich\u00e4hnlicher Schmerz durch mein Kopf schoss. \"Geht schon...\" murmelte ich und setzte mich auf. Vorsichtig stellte ich meine F\u00fc\u00dfe auf den Boden und stellte mich mit Schwung hin. Vielleicht war es keine gute Idee gewesen, da sich der Schwindel und der Kopfschmerz sich nahezu verzehnfachten. Im n\u00e4chsten Moment sah ich nur noch den Boden und dann gingen die Lichter \u0001 \u0002",
            "wordcount": "368",
            "chapter_release": "04.05.2016",
            "chapter_number": "3"
        },
        "4": {
            "text": "Ich war nicht minder \u00fcberrascht, als sich der Inhalt des Kofferraums als ein ziemlich kleines, leicht mageres M\u00e4dchen entpuppte. Als sie dann aber, bei dem Versuch aufzustehen, zusammenbrach, war ich f\u00fcr einen Moment vor \u00dcberraschung regelrecht gel\u00e4hmt und konnte nicht schnell genug reagieren, als das schwarzhaarige M\u00e4dchen auf dem Boden auftraf. Schnell sch\u00fcttelte ich meine \u00dcberraschung ab und kniete mich zu ihr. \"Hallo? Geht es dir gut?\" Vorsichtig r\u00fcttelte ich an ihrer Schulter, doch reagierte sie nicht. Ich wusste nicht, wie lange sie in dem Kofferraum gewesen war und was die zwei M\u00e4nner mit ihr gemacht hatten, aber ihre leichte Magerheit und ihre Verletzung am Kopf sprachen f\u00fcr sich. Dann hatten die M\u00e4nner den Tod sogar verdient. Ich drehte sie vorsichtig um und schob ein Arm unter ihren R\u00fccken und einen unter ihre Kniekehlen und hob sie hoch. Erstmal sollten wir hier weg und sie brauchte scheinbar Ruhe. Sie war relativ leicht, trotzdem war es sp\u00e4t und ich war m\u00fcde. Ich lief die Stra\u00dfe entlang und bog dann in eine Gasse und schl\u00fcpfte in eine der noch relativ stabilen Ruinen. Dort legte ich sie auf eine alte Matratze, auf der ich die letzte Nacht verbracht hatte. Ich setzte mich auf eine Kiste neben der Matratze und betrachtete das junge M\u00e4dchen. Sie w\u00e4lzte sich ein paar Mal herum und wickelte sich in die d\u00fcnne, etwas zerfledderte Decke ein. Erst jetzt fragte ich mich, warum ich ihr half. Ich h\u00e4tte sie einfach befreien und dann gehen k\u00f6nnen. Sie erinnerte mich irgendwie an mich... Sie war ohne Erinnerung in einem ihr unbekannten Ort und dazu noch verletzt. Ausserdem war sie noch ein Kind. Sie durfte nicht enden wie ich, dachte ich grinsend. Ich zog den Rucksack ab und \u00fcberpr\u00fcfte wieder den Inhalt. Neben den Lebensmitteln waren ja auch Medikamente dabei. Ich \u00fcberpr\u00fcfte eine kleine Notfall-Stofftasche und fand einige Verb\u00e4nde und Desinfektionsmittel. Ich r\u00fcckte mit der Kiste vorsichtig n\u00e4her an das unbekannte M\u00e4dchen und begann ihre Kopfverletzung zu verarzten. Danach legte ich ihr einen Apfel und eine Flasche Wasser neben die Matratze und lehnte mich gegen die br\u00fcchige Wand. Mal schauen, wie lange sie schlafen w\u00fcrde.",
            "wordcount": "356",
            "chapter_release": "04.05.2016",
            "chapter_number": "4"
        },
        "5": {
            "text": "Langsam kam ich wieder zu mir. Vorsichtshalber lie\u00df ich die Augen geschlossen und versuchte zuerst, meine Umgebung so wahrzunehmen. Unter mir sp\u00fcrte ich etwas weiches, also lag ich auf einer Decke oder so, jedenfalls konnte ich etwas \u00c4hnliches um mich herum f\u00fchlen. Nach einigen Sekunden v\u00f6lliger Stille bemerkte ich noch etwas: Atemz\u00fcge. Sie waren erstaunlich leise, aber jetzt war ich mir sicher, nicht allein zu sein. Ob das die junge Frau war, die mich vorhin aus dem Kofferraum geholt hatte? Ich hoffte einfach auf das Beste \u2013 n\u00e4mlich, dass sie keine sadistische Killerin oder so etwas war \u2013 und schlug die Augen auf.\u201eWie ich sehe, bist du wach\u201c, meinte jemand. Die Stimme glich der von der Frau eben, jedoch war sie diesmal k\u00fchler und distanzierter, nicht mehr so offensichtlich \u00fcberrascht. Vorsichtig drehte ich meinen Kopf in die Richtung, aus der die Stimme kam und sah sie an. Sie sa\u00df, an eine dreckige Wand gelehnt, nur wenige Meter von mir entfernt, immer noch in schwarze Klamotten gekleidet, die fast ihren ganzen K\u00f6rper bedeckten. Jetzt bemerkte ich auch all die anderen Sachen; dass ich auf einer Matratze lag, neben der eine Wasserflasche und ein Apfel lagen. Au\u00dferdem hatte ich mehrere Lagen Stoff um den Sch\u00e4del gewickelt bekommen, der nebenbei bemerkt h\u00f6llisch \u0001 \u0002 Kehle war immer noch trocken und als ich versuchte, zu sprechen, bekam ich nur ein heiseres Kr\u00e4chzen heraus. \u201eDu kannst ruhig etwas trinken.\u201c Ihr wachsamer Blick schien mich nie aus dem Auge zu lassen. Ich richtete mich etwas auf und griff nach der Flasche. Unsicher f\u00fchrte ich sie zu meinen spr\u00f6den Lippen, bis mir etwas einfiel und ich sie wieder sinken lie\u00df \u2013 so gerne ich auch getrunken h\u00e4tte. \u201eIch werde dich schon nicht vergiften.\u201c T\u00e4uschte ich mich, oder war sogar ein belustigter Unterton aus den Worten meines Gegen\u00fcbers zu h\u00f6ren?Das war nur Zufall, sagte ich mir. Sie kann unm\u00f6glich deine Gedanken gelesen haben. Allerdings musste ihre Aussage ja nicht unbedingt wahr sein. Schlie\u00dflich siegte der Durst und ich nahm zwei gro\u00dfe Schlucke des Wassers. Es schmeckte abgestanden, war allerdings angenehm k\u00fchl und wirkte wie Honig f\u00fcr meinen wunden Hals. Ich stellte die Flasche wieder ab und murmelte: \u201eDanke.\u201c Das war schon das zweite Mal, dass ich mich bei ihr bedankte, fiel mir auf. Was wohl mit mir passiert w\u00e4re, wenn sie mich nicht aus dem Kofferraum geholt h\u00e4tte? Apropos \u2013 wo waren die Fahrer des Wagens? Es war zwar nicht wirklich so, dass ich sie sehen wollte, aber immerhin w\u00fcsste ich gerne, was mit ihnen passiert war. Ich musterte die Person mir gegen\u00fcber misstrauisch. Oder war sie die Fahrerin gewesen? Aber dann w\u00e4re es ziemlich unlogisch gewesen, dass sie mich erst gefesselt und dann befreit hatte \u2013 au\u00dferdem meinte ich, mich vage daran erinnern zu k\u00f6nnen, dass sie gefragt hatte, wie ich da hinein kam. Also konnte sie es eigentlich nicht gewesen sein. Au\u00dfer\u2026 Meine Gedanken \u00fcberschlugen sich. Au\u00dfer, sie spielte mir das alles nur vor. Aber was sollte der Sinn dahinter sein? Hatte es vielleicht etwas damit zu tun, dass ich mich an praktisch nichts mehr erinnern konnte? So viele Fragen. Und mit allein dar\u00fcber nachdenken w\u00fcrde ich in dem Fall wohl nicht weiter kommen. Gerade, als ich anfing dar\u00fcber nachzudenken, wie ich sie am besten auf die ganze Sache ansprach, bewegte sich die Frau vor mir zum ersten Mal. Sie stand auf und klopfte ihre Sachen ab. Ich wollte auch aufstehen \u2013 einfach, weil es mir unangenehm war, dann noch zu sitzen, aber ihr kalter Blick streifte mich mahnend, als wolle sie sagen: Bleib liegen. Jetzt erst fiel mir auf, dass sie leuchtend gr\u00fcne Augen \u0001 \u0002",
            "wordcount": "598",
            "chapter_release": "04.05.2016",
            "chapter_number": "5"
        },
        "6": {
            "text": "Die Morgend\u00e4mmerung suchte sich schon einen Weg in die Ruine und erhellte sie mit einem leicht schaurigen Licht, als ich pl\u00f6tzlich leise, marschierende Schritte in der Ferne wahrnahm. Ich stand auf und ging Richtung Ausgang der Ruine. Als ich kurz einen Blick zur\u00fcck warf, wollte das M\u00e4dchen ebenfalls aufstehen. Ich blickte sie mahnend an, sie musste sich noch immer ausruhen. Ob sie die Schritte geh\u00f6rt hatte? \"Ich schau nur kurz mal nach dem Rechten, ich lass dich schon nicht alleine versauern.\" fl\u00fcsterte ich und schl\u00fcpfte dann durch ein Loch in der Wand aus der Ruine. Drau\u00dfen war es schon um einiges heller als in der Ruine, sodass ich mit der schwarzen Kleidung mehr auffiel. Ich z\u00fcckte mein Messer und schlich durch die Stra\u00dfen. Eigentlich verlie\u00df ich mein Versteck immer nur Nachts und begab mich dann auf Jagd. Irgendwann fing ich an zur\u00fcckzusehen, in der Hoffnung, dass das M\u00e4dchen nicht so t\u00f6richt war und mir gefolgt war. Jedoch konnte ich niemanden entdecken und seufzte erleichtert. Im n\u00e4chsten Moment schrillte eine Alarmglocke in meinem Kopf. Ich sorgte mich grade um ein v\u00f6llig fremdes M\u00e4dchen! Ich durfte mich nicht emotional an andere binden, fr\u00fcher oder sp\u00e4ter w\u00fcrden sie dir eh nur wehtun... Wieder seufzte ich. Ich war ein echt hoffnungsloser Fall. Laute, marschierende Schritte rissen mich aus den Gedanken und ich versteckte mich grade noch rechtzeitig in einer fast zusammengebrochene Ruine. F\u00fcnf M\u00e4nner marschierten auf der Stra\u00dfe, vorbei an meinem Versteck. Was zum Teufel wollten sie hier? Pl\u00f6tzlich blieb die kleine, synchron gekleidete Truppe stehen und ich konnte einen sechsten Mann ausmachen, der grade um die Ecke bog. Es war ein etwas pummeliger Mann, sehr gro\u00df und mit Ungeduld im Gesicht geschrieben. \"Habt ihr Projekt 735 endlich gefunden, ihr Dummk\u00f6pfe!?\" schrie er fast meckernd die Truppe an. \"Nein, Chef..\" antwortete diese. Meine Gedanken schweiften ab. Projekt 735? War vielleicht irgendwas im Rucksack, was sie damit meinten? Ich wusste es nicht sicher. Pl\u00f6tzlich marschierte die Truppe wieder los und als ich hinsah, bemerkte ich, dass sie genau auf mich zu marschierten. Verdammt! Ich wusste, dass der einzige Ausgang auf der Seite war, wo die Truppe grade war. Eilig sah ich mich nach einem Versteck um und entdeckte einige Kisten. Blitzschnell schob ich sie m\u00fchsam leise aufeinander und schl\u00fcpfte dahinter. Ich konnte mich wirklich gl\u00fccklich sch\u00e4tzen, dass ich so einen d\u00fcnnen und wendigen K\u00f6rper hatte. Ich hielt meinen Atem an, als nacheinander die Truppe reinkam und alles zu durchsuchen begann. Ich wartete, angreifen w\u00e4re in diesem Moment unschlau. Als die Truppe den Kisten den R\u00fccken zudrehte, nutzte ich den Augenblick und schl\u00fcpfte hervor. Ich raste aus dem Ausgang, grinste zufrieden und sah feixend zur\u00fcck. Im n\u00e4chsten Moment rannte ich gegen irgendwas weiches und fiel auf mein Hinterteil. Als ich aufsah, war es der sechste Mann, der Chef der Truppe. \"Na, wen haben wir denn da?\" meinte dieser und sein Grinsen wurde m\u00f6rderisch. Im ersten Moment war ich vor Schock gel\u00e4hmt und blieb sitzen. Er packte mich an der Kapuze und zog mich mit Leichtigkeit hoch, w\u00e4hrend mein Messer in der Hand zu Boden fiel. \"Rina, eine gesuchte M\u00f6rderin.\" grinste er weiter und strahlte eine extrem sadistische Aura aus. Er kannte mich, aber woher? \"Tod oder lebendig, das ist egal, steht auf dem Steckbrief. Und 1000 Silberm\u00fcnzen!\" Jetzt wusste ich es. Ob er und seine Truppe Kopfgeldj\u00e4ger waren? Ich wurde mir meines zweiten Messers bewusst, dass in meinem \u00c4rmel hing. Unbemerkt griff ich mit der Hand danach und stach im dann blitzschnell in die Hand, mit der er meine Kapuze festhielt. Er lie\u00df los und ich landete etwas unsanft auf den F\u00fc\u00dfen. \"Du dummes Weib!\" schrie er und hielt sich seine blutende Hand. Ich nahm im selben Moment die Beine in die Hand. Ich musste zur\u00fcck zu dem M\u00e4dchen und dann hier weg!",
            "wordcount": "642",
            "chapter_release": "05.05.2016",
            "chapter_number": "6"
        },
        "7": {
            "text": "Ich sah der Fremden noch lange nach, auch als sie schon l\u00e4ngst zwischen den br\u00fcchigen Mauern verschwunden war. \u201eIch sehe nach dem Rechten\u201c, hatte sie gesagt. Hatte sie etwas bemerkt, was ich nicht mitbekommen hatte? Nachdenklich starrte ich weiter vor mich hin, bis ich auf einmal leise Stimmen h\u00f6rte. Was war da los? Entgegen aller Vernunft stand ich schwankend \u0001 \u0002 ging ich an der Wand entlang, immer nah dran genug, um mich abfangen zu k\u00f6nnen, falls ich noch einmal zusammen brechen sollte. Drau\u00dfen war es ziemlich hell und das strahlende Licht brachte mich dazu, die Augen zusammenzukneifen, um etwas erkennen zu k\u00f6nnen. \u201eDu dummes Weib!\u201c Ein lauter Schrei lie\u00df mich zusammenfahren. Erschrocken duckte ich mich hinter einige \u0001 \u0002 wenigen Sekunden sp\u00e4hte ich allerdings schon wieder dahinter hervor und scannte die Umgebung, um herauszufinden, wo der Schrei herkam. Verdammte Neugier. Schnelle Schritte ert\u00f6nten und ich konnte die junge Frau erkennen, die auf mich zu rannte. Ihre schwarze Kapuze war ihr vom Kopf gerutscht und offenbarte wei\u00dfe Haare, die im Sonnenlicht leuchteten. Im gleichen Moment hatte sie mich auch schon entdeckt. \u201eLauf!\u201c, schrie sie.\u201eFangt sie ein!\u201c, h\u00f6rte ich eine andere Stimme br\u00fcllen. \u201eDas ist eine gesuchte M\u00f6rderin!\u201c Zu tiefst verunsichert stolperte ich nach hinten. Eine M\u00f6rderin hatte mich gerettet? Diese war jetzt bei mir angekommen. \u201eWenn dir dein Leben lieb ist kommst du jetzt mit\u201c, zischte sie. \u201eDie werden dich f\u00fcr meine Komplizin oder so halten, du hast keine Chance!\u201c Mit diesen Worten lief sie \u0001 \u0002 blieben nur wenige Sekunden, um mich zu entscheiden. Ihr hinterher, oder mein Gl\u00fcck bei den anderen versuchen? Vielleicht konnten sie mir sagen, wo ich herkam und was mit meinen Erinnerungen passiert war. Trotzdem zog mich etwas in die andere Richtung. Denen da konnte ich genauso wenig vertrauen. Und die andere hatte mir immerhin das Leben gerettet!Mein Entschluss war gefasst. Eilig lief ich zu der Matratze, wo die Frau gerade ihren Rucksack schnappte und einige der herumliegenden Sachen hinein stopfte. Ihr Blick streifte mich und sie nickte kurz. \u201eBleib dicht hinter mir. Sie werden uns nicht kriegen.\u201c Ich war etwas erstaunt, dass sie so optimistisch \u0001 \u0002 rannten wir los, durch die Ruinen. Nach kurzer Zeit hatte ich schon die Orientierung verloren und bekam heftiges Seitenstechen, aber ich lief weiter, denn mir war etwas aufgefallen. Ich vertraute dieser Frau. Auch wenn sie eine M\u00f6rderin \u0001 \u0002",
            "wordcount": "395",
            "chapter_release": "05.05.2016",
            "chapter_number": "7"
        },
        "8": {
            "text": "Der Rucksack schlug mir regelm\u00e4\u00dfig gegen den R\u00fccken und mein Atem ging sto\u00dfweise, w\u00e4hrend das schwarzhaarige M\u00e4dchen hinter mir schon beinahe wieder zusammenbrach, so fertig war sie schon. \"Schneller!\" zischte ich und bog um die n\u00e4chste Ecke. \"I-ich...ich kann nicht...mehr..\" keuchte das M\u00e4dchen und st\u00fctzte sich gegen eine Ruinenwand. Ich stoppte und drehte mich zu ihr. \"Komm schon!\" zischte ich wieder, diesmal jedoch mit etwas \u00c4rger in der Stimme. Ich hatte jetzt keine Zeit, um irgendwas zur\u00fcckzuhalten. Sie sch\u00fcttelte schweratmend den Kopf und schnappte nach Luft. \"Verdammt nochmal, die sind hinter uns her! Die werden mich, sowohl auch dich t\u00f6ten! Willst du das?!\" Langsam \u00fcbernahm meine Wut. Im selben Moment, wie ich sprach, ver\u00e4nderte sich etwas in ihrem Blick. \"Warum eigentlich?\" fragte sie kurzangebunden. \"Was?\" Ich starte sie an und fragte mich, ob der Ged\u00e4chtnisschwund sie verr\u00fcckt gemacht hatte. \"Warum du gesucht wirst. Warum nannten sie dich M\u00f6rderin?\" Ich zuckte innerlich zusammen und einige Erinnerungen blitzten in mir auf. Erinnerungen, die ich eigentlich lieber nicht erlebt haben wollte, Erinnerungen an die Menschen, die meine Opfer wurden. Und schlussendlich auch Erinnerungen an mich, wie jede neue T\u00f6tung mir immer weniger leid tat. \"Das erkl\u00e4re ich dir, wenn wir an einem sicheren Ort sind,\" versuchte ich sie hinzuhalten,\"Also komm!\" Doch sie durchschaute mein Man\u00f6ver fast sofort und sch\u00fcttelte den Kopf. \"Erkl\u00e4re es mir. Jetzt.\" Ich platzte beinahe vor Wut, versuchte es jedoch zu unterdr\u00fccken. Ich stapfte zu ihr, packte sie am Arm und zog sie weiter. Sie wehrte sich, doch ignorierte ich das einfach. Einige Stra\u00dfen sp\u00e4ter lie\u00df sie sich auf den Boden fallen und setzte sich, wie in einer Trotzphase, hin. \"Verdammt nochmal! Jetzt. KOMM!\" Nun schrie ich. Sie juckte das scheinbar wenig und sch\u00fcttelte sturm den Kopf. \"Nun gut,\" fing ich tief durchatmend an,\"dann geh ich eben alleine.\" In mir brodelte es, wie lange nicht mehr. Ich wusste nicht warum, doch waren meine Gef\u00fchle intensiver und feinf\u00fchliger geworden, seit das M\u00e4dchen in mein Leben geplatzt \u0001 \u0002 stapfte vorw\u00e4rts und lie\u00df zu, dass die Wut meine Sicht vernebelte. Und genau das war vermutlich der Fehler, der alles folgende ins Laufen \u0001 \u0002 war kurz davor, in eine Abzweigung zu biegen, als ich doch mal zur\u00fcck zu dem schwarzhaarigen M\u00e4dchen schaute, welches immer noch auf dem Boden sass. Ich verdrehte kurz die Augen, verschwand in der Abzweigung, sah wieder nach vorne......und wurde von den gleichgekleideten Truppe zur\u00fcckgedr\u00e4ngt. \"Boss! Wir haben sie!\" schrien diese sofort Alarm, bevor ich \u00fcberhaupt dazu kam, mein Messer zu z\u00fccken. Das wollte ich grade nachholen, als mir unerwartet von hinten die Arme auf den R\u00fccken gedreht wurden. \"Gut gemacht, Leute!\" ert\u00f6nte eine schnarrige Stimme, die dem Typen geh\u00f6rte, der meine Arm fest verdreht hielt. Ich fluchte stumm, dann \u00fcbernahm wieder mein Jagdkomplex. Ich trat hinter mich, h\u00f6rte ein schmerzhaftes St\u00f6hnen und bemerkte, wie der Griff um meine Arme sich lockerte. Ich riss mich blitzschnell los, z\u00fcckte mein Messer und rannte auf die Truppe zu. \"Schie\u00dft, aber t\u00f6tet sie nicht!\" schrie der Typ mit der schnarrigen Stimme. Sofort ging die Truppe dem Befehl nach und zielten mit den Blechb\u00fcchsen wild auf mich. Es war ein einfaches, den Geschossen auszuweichen und so fiel der erste und zweite der Truppe. Mein Messer versank gerade im dritten, als einer der Kerle sich eine zweite Blechb\u00fcchse von seinem toten Kamerad schnappte und schoss. Im selben Moment entdeckte ich, wie eine zweite Truppe das schwarzhaarige M\u00e4dchen geschnappt hatte und gewaltsam in einen Transporter schubsten. Ich verlor f\u00fcr einen Moment meine Konzentration, h\u00f6rte den doppelten Schuss und sp\u00fcrte im n\u00e4chsten Moment einen stumpfen, bohrenden Schmerz in meiner linken Schulter. Ich wurde angeschossen! Durch die Wucht des Schusses fiel ich zu Boden und h\u00f6rte das Blut in meinen Ohren rauschen. \"Lebt sie noch?!\" schrie dumpf die schnarrige Stimme und pl\u00f6tzlich tauchte ein verschwommenes Gesicht \u00fcber mir auf. Dann nahm mir der pulsierende Schmerz das Bewusstsein.",
            "wordcount": "681",
            "chapter_release": "18.06.2016",
            "chapter_number": "8"
        },
        "9": {
            "text": "Noch immer schwer nach Luft schnappend, lie\u00df ich mich auf den Boden fallen und sah die junge Frau vor mir trotzig an. Sie w\u00fcrde es mir schon sagen m\u00fcssen! Ich vertraute ihr zwar schon, nur ich wurde dieses ungute Gef\u00fchl nicht los. Irgendetwas lief gewaltig schief. Und das konnte nur mit ihr zusammenh\u00e4ngen, oder?\"Verdammt nochmal!\", schrie sie mich gerade an. \"Jetzt. KOMM!\" Obwohl sie wirklich einsch\u00fcchternd war, sch\u00fcttelte ich den Kopf. Nicht, wenn sie es mir nicht verraten w\u00fcrde! \"Nun gut. Dann geh ich eben alleine.\" Da ich das nicht erwartet hatte, \u00fcberraschte mich ihre Reaktion. Ich war so verbl\u00fcfft, dass ich einfach auf dem Boden sitzen blieb und ihr hinterher starrte. Kurz bevor sie um die n\u00e4chste Ecke bog, sah die junge Frau kurz zu mir \u0001 \u0002 ging alles ganz schnell. Von allen Seiten tauchten M\u00e4nner in Uniform auf, die auf mich \u0001 \u0002 sprang ich auf und wollte anfangen zu schreien, um die Fremde zu warnen, aber noch bevor ich den Mund \u00f6ffnen k\u00f6nnte, h\u00f6rte ich eine andere Stimme rufen:\"Boss! Wir haben sie!\" Es kam aus der Richtung, in die sie gegangen war. Shit!Gehetzt sah ich mich um und rannte drauf los. Doch ich kam nicht weit, denn als ich an einem der M\u00e4nner vorbeirennen wollte, streckte dieser einen Arm aus und schlug mich kurzer Hand \u0001 \u0002 noch halb bei Bewusstsein nahm ich Sch\u00fcsse in der N\u00e4he wahr. Oh nein, nein, nein, nein!Zu schwach um mich zu wehren, lie\u00df ich mich mit schleifen. \"Wir haben Projekt 735 gefunden!\", rief einer der M\u00e4nner, der, der mich halb \u0001 \u0002. gehauen hatte. Projekt 735? Irgendwo tief in meinem Gehirn schien das etwas auszul\u00f6sen. Erinnerte ich mich gerade wieder...?Doch bevor ich weiter dar\u00fcber nachdenken konnte, schmiss mich jemand nicht gerade sanft in einen \u0001 \u0002 einer Hand am brummenden Sch\u00e4del richtete ich mich auf und versuchte, noch einen Blick nach drau\u00dfen zu erhaschen, bevor die T\u00fcr mit einem lauten Knall zugeworfen wurde. F\u00fcr einen kurzen Moment sah ich wei\u00dfe Haare \u0001 \u0002 schwarze Gestalt ging zu Boden, w\u00e4hrend sich einer \u00fcber sie beugte. Dann war die T\u00fcr geschlossen und ich sa\u00df in vollst\u00e4ndiger Dunkelheit. Langsam bewegte ich mich bis zum den Klappen des Transporters und begann, dagegen zu trommeln. \"Lasst mich raus!\", rief ich \u0001 \u0002 kurzer Zeit ging wirklich die T\u00fcr auf. \"Halt die Klappe!\", schnauzte mich nur jemand an und warf jemand anderes zu mir in den kleinen Raum. Es war die junge Frau. Die M\u00f6rderin. Ihre H\u00e4nde waren seltsam auf ihrem R\u00fccken befestigt und sie schien \u0001 \u0002 sch\u00fcttelte leicht den Kopf und wich zur\u00fcck. \"Lass mich raus\", murmelte ich noch, bevor die T\u00fcr wieder zugeschlagen wurde und alles in Dunkelheit \u0001 \u0002 drau\u00dfen h\u00f6rte ich leise Stimmen, konnte jedoch nicht verstehen, was sie sagten. Wenige Augenblicke sp\u00e4ter setzte sich der Transporter in \u0001 \u0002",
            "wordcount": "491",
            "chapter_release": "18.06.2016",
            "chapter_number": "9"
        }
    },
    "title": "Gone - trotz aller Erwartungen \u00fcberlebt und das noch immer jeden einzelnen Tag",
    "topic": "unspecified",
    "release": "\n04.05.2016\n\t\t\t\t\t\t",
    "author": "Luc-707"
}