{
    "tags": [],
    "chapcount": "9",
    "wordcount": "14.332",
    "chapters": {
        "1": {
            "text": "Hallo meine lieben Leser und willkommen zu meiner kleinen Geschichte. Ich hoffe ihr habt Spa\u00df beim Lesen. Nat\u00fcrlich freue ich mich \u00fcber jeden Kommentar, der selbstverst\u00e4ndlich mit gro\u00dfer Sorgfalt gelesen und beantwortet \u0001 \u0002 Gr\u00fc\u00dfe, eure \u0001 \u0002. Wher Fheler finded, darv si behaltn. :)Hauptcharaktere: Blair, 19, Tochter eines Waffenschmieds (bereits verstorben), keine Mutter, Bogensch\u00fctzin, K\u00e4mpferin, kann gut mit Waffen umgehen, lebt im Schloss, da sich ihr Vater gut mit dem verstorbenen K\u00f6nig verstand, Mayn ist ihre beste FreundinAussehen: dunkle Augen, braunes HaarArdenne, 23, Prinz, Sohn von Queen Dania, kommt um Mayn kennenzulernen und zu heiraten, verliebt sich aber in BlairAussehen: gr\u00fcn-blaue Augen, rot-blondes Haar Kanzo, 25, j\u00fcngster K\u00f6nig, da Eltern im Krieg ums Leben gekommen sind, l\u00e4sst Blair im Schloss leben, unter anderem weil er sie liebt, trinkt viel, andere K\u00f6nige halten ihn f\u00fcr zu jung, aber er ist sehr intelligent und pfiffigAussehen: graue Augen, schwarzes Haar Mayn, 22, Prinzessin, Kanzos Schwester, ist in Silvern verliebt, sieht Ardenne als Verb\u00fcndeten, Blair ist ihre beste FreundinAussehen: blaue Augen, schwarzes HaarSilvern, 23, junger Lord, liebt Mayn schon seit langem, bester Schwertmeister, K\u00f6nig Kanzos engster VertrauterAussehen: blaue Augen, blondes HaarAbbey, 56, Dienstmagd der Prinzessin, k\u00fcmmert sich auch um Blair, ist wie eine Mutter zu den M\u00e4dchen, da beide keine habenAussehen: braune Augen, aschblondes Haar mit grauen Str\u00e4hnenWichtigsten K\u00f6nige: King Harrington (51) Queen Dania (47) King Cashel (56) King Rosslare (42) Queen Bantry (62) King Baltimore (61) King Kanzo (25) Queen Cynia (35)Ich h\u00f6rte es. Instinktiv griff ich nach einem Pfeil und legte ihn an meinen Bogen. Vorsichtig ging ich weiter, konzentrierte mich auf den felsigen Wald um mich herum. Auf jedes noch so kleine Ger\u00e4usch. Dann h\u00f6rte ich ein zartes Rascheln von links. Ich hielt den Atem an. Ich hoffte, es war nicht nur ein kleiner Karnickel. In nur einer Bewegung drehte ich mich in die Richtung, aus der das Ger\u00e4usch gekommen war und lie\u00df den Pfeil davonsausen. Er traf. Und zu allem Gl\u00fcck auch noch genau zwischen Kopf und Schulterbl\u00e4ttern des Rehs, am Hals. Ein sauberer Treffer. Mein Bauch knurrte. Ich l\u00e4chelte zufrieden.",
            "wordcount": "358",
            "chapter_release": "04.04.2014",
            "chapter_number": "1"
        },
        "2": {
            "text": "Ruhig atme ich ein und anschlie\u00dfend wieder aus. Ich spanne den Bogen noch ein wenig weiter an. \u201eLady Blair!\u201c Erschrocken fahre ich zusammen und noch bevor ich die Zielscheibe richtig anvisiert habe, saust der Pfeil in hohem Bogen daran vorbei und bleibt im Baum dahinter stecken. \u201eVerdammt, Silvern!\u201c, brause ich auf. \u201eKannst du nicht wenigstens warten, bis ich fertig bin?!\u201c \u201eEntschuldigt bitte die St\u00f6rung.\u201c Genervt wende ich mich von ihm ab und gehe auf den Baum zu, an dem mein Pfeil steckt. Silvern folgt mir. \u201eDer K\u00f6nig, Eure Majest\u00e4t w\u00fcnscht Euch zu sprechen.\u201c Schon wieder?!, denke ich genervt und rei\u00dfe w\u00fctend den Pfeil aus. Verfluchter K\u00f6nig. Wenn ich k\u00f6nnte, w\u00fcrde ich von hier abhauen... \u201eErstens: h\u00f6r auf, mich so formal anzuschprechen\u201c, fahre ich Silvern an und tippe ihm mit dem Finger fest auf die Brust. Er weicht einen Schritt zur\u00fcck, eher aus Respekt, als aus Angst. Er schaut gleichm\u00fctig auf mich runter und das macht mich noch rasender. \u201eUnd zweitens: wenn der K\u00f6nig, Eure Majest\u00e4t, irgendetwas von mir m\u00f6chte, wieso l\u00e4sst er es dir nicht einfach ausrichten, sodass ich mir den Gang zu ihm sparen kann?\u201c Ich gehe an ihm vorbei und stelle mich wieder vor die Zielscheibe. \u201eK\u00f6nig Kanzo w\u00fcnscht Euch pers\u00f6nlich zu sprechen.\u201c \u201eIch schw\u00f6re dir bei allen sieben Meeren, Silvern, dass du gleich meine Zielscheibe bist\u201c, zische ich. Der K\u00f6nig kann warten, bis er schwarz wird. So, wie letztes Mal... Wieder visiere ich die Zielscheibe an. Ich versuche, mich zu konzentrieren und atme ruhig aus. \u201eBlair!!\u201c Wieder zucke ich wegen des unerwarteten Ausrufs zusammen und wieder saust der Pfeil davon. Mit einem lauten Knall bleibt er am \u00e4u\u00dfersten Rand der Scheibe stecken. Gro\u00dfartig. \u201ePrinzessin Mayn!\u201c, begr\u00fc\u00dft Silvern meine beste Freundin und verneigt sich tief. \u201eLord Silvern.\u201c Mayn knickst und schenkt ihm ein strahlendes L\u00e4cheln. Er err\u00f6tet. \u201eBlair, endlich habe ich dich gefunden!\u201c, wendet sich Mayn an mich. \u201eJa\u201c, sage ich z\u00e4hneknirschend. Dabei entgeht mir Silverns Schmunzeln nicht. \u201eDir wird das Lachen noch vergehen!\u201c, drohe ich ihm. Doch mein Kommentar sorgt nur daf\u00fcr, dass sein Grinsen breiter wird. \u201eWas gibt\u2019s, Mayn?\u201c \u201eIch muss mit dir reden. Es geht um meinen Bruder. Und um dich!\u201c Sie kichert am\u00fcsiert, als sie sieht, wie ich mit den Augen rolle. Ich werfe K\u00f6cher und Bogen \u00fcber meine Schulter. Wir gehen ein paar Schritte entlang der Scheue. Mein Blick wandert \u00fcber den Platz, auf dem gesch\u00e4ftiges Treiben herrscht. \u201eUnd? Worum geht es?\u201c, frage ich Mayn, als sie, genau wie ich, ihren Blick wandern l\u00e4sst. Sie wendet sich mir zu. \u201eN\u00e4chste Woche. Mein Bruder wird einen Ball organisieren. Er will mich endlich verheiraten.\u201c \u201eDas freut mich f\u00fcr dich\u201c, sage ich ehrlich, obwohl ich B\u00e4lle hasse. \u201eJa, aber ich bin noch nicht fertig. Mein Bruder will vor allen K\u00f6nigen um deine Hand anhalten.\u201c Ich erblasse, bleibe stehen und sehe schwarz. \u201eWas?\u201c, wispere ich. \u201eBlair?\u201c, Mayn dreht sich zu mir um, ihre Augen weiten sich. \u201eAlles in Ordnung? Ich dachte du freust dich dar\u00fcber?\u201c Ich kann nicht antworten. Ich wei\u00df nur, dass Mayn keine Witze macht. Alles, was K\u00f6nig Kanzo sagt, meint er ernst. Aber ich will nicht heiraten. Vor allem keinen K\u00f6nig. Und erst recht nicht diesen Mann. Ich wei\u00df nicht, was in mich f\u00e4hrt, doch ich drehe mich um und laufe in den Wald.",
            "wordcount": "673",
            "chapter_release": "04.04.2014",
            "chapter_number": "2"
        },
        "3": {
            "text": "Tropfen fallen von den Bl\u00e4ttern auf meinen Kopf. Sie sind kalt und prickeln dort, wo sie auftreffen. Eigentlich m\u00fcsste ich durchn\u00e4sst sein, doch der Wald sch\u00fctzt mich mit seinem dichten Bl\u00e4tterzelt vor dem Regen. Alles um mich herum ist in einem wundersch\u00f6nen smaragdgr\u00fcn getaucht. Ich atme tief die frische, k\u00fchle Luft ein \u2013 und niese. Ich muss umkehren, doch ich will nicht. Ich will nicht zur\u00fcck. Ich will nicht zur\u00fcck in die Realit\u00e4t. Ich will in die Vergangenheit. Ich will zu meinem Vater. Zu meinem Besch\u00fctzer. Das ist mein M\u00e4dchen! Willensstark und scharfsinnig!, hat er immer gesagt. Tr\u00e4nen schie\u00dfen mir in die Augen. W\u00e4re er noch hier, w\u00fcrde ich nicht in dieser verzwickten Situation stecken. Was soll ich tun? Jede Frau dieses K\u00f6nigreiches w\u00fcrde auf der Stelle in Ohnmacht fallen, wenn sie w\u00fcsste, dass der K\u00f6nig ihr vor dem versammelten Volk einen Heiratsantrag machen wird. Und zwar wirklich und nicht gespielt, wie es die Hofdamen immer tun. Nur ich nicht. Ich will nicht heiraten. Niemals. Ich grinse humorlos. Na, was willst du tun, Blair? Willst du etwa vor dem K\u00f6nig treten und ihm sagen, dass du ihn verabscheust? Diese dumme Stimme in meinem Kopf. Doch die Idee ist garnicht mal so abwegig. Nur seine Reaktion k\u00f6nnte ich niemals einsch\u00e4tzen. Doch ist es besser, ihm vorher zu sagen, dass ich ihn nicht heiraten will, als es vor den Augen des gesamten Adels oder der Grafschaft oder wer auch immer zu diesem Ball eingeladen wurde, zu tun. Gut m\u00f6glich, dass ich daf\u00fcr lebensl\u00e4nglich im Kerker landen oder schlimmer noch, die Todesstrafe angeh\u00e4ngt bekommen w\u00fcrde. Wie konnte sich Mayn nur so f\u00fcr mich freuen? Sie kennt mich doch schon lange genug. Zugegeben, ich rede generell nicht sehr viel, aber sieht sie nicht, dass ich gl\u00fccklich bin, wenn ich unabh\u00e4ngig bin? \u201eLady Blair!\u201c \u201eLady Blair, wo seid Ihr?\u201c Genau das meine ich. Die Wachen suchen bereits nach mir. Daf\u00fcr brauche ich noch so viel mehr Zeit f\u00fcr mich. Gedankenverloren starre ich durch das gr\u00fcne Ge\u00e4st des Waldes vor mir. \u201eLady Blair, ist alles in Ordnung bei Euch?\u201c Ich drehe mich nicht zu Silvern um. \u201eEs ist nicht n\u00f6tig, nach mir zu suchen.\u201c \u201ePrinzessin Mayn hat sich Sorgen um Euch gemacht.\u201c Ich seufze. Das konnte ich ihr nicht verdenken. Ich stehe von dem moosbedeckten Stein auf, auf dem ich gesessen habe und drehe mich zu Silvern um. Er sitzt auf seinem Schimmel und mustert mich von oben herab. In der einen Hand h\u00e4lt er das Halfter meines Pferdes. Er reicht es mir. Ich bringe Lady Lu in den Stall und rubbele sie trocken, damit sie sich nicht erk\u00e4ltet. Sie wiehert zufrieden und auch mir l\u00e4uft ein wohlig warmer Schauer \u00fcber den R\u00fccken. Die W\u00e4rme im Stall steht in einem extremen Kontrast zu der K\u00e4lte drau\u00dfen. Sie war mir garnicht aufgefallen. Aber der Fr\u00fchling hatte ja gerade erst begonnen und man durfte nicht viel von ihm erwarten. Hier, in den h\u00f6heren Lagen des K\u00f6nigreiches von Great Woods sind St\u00fcrme und heftige Gewitter \u00fcblich. Selbst die Sommer darf man nicht untersch\u00e4tzen. Au\u00dferdem nieselt es fast immer. Ob warmer Nieselregen im Sommer, oder kalter im Winter. \u201eBlair!\u201c Eine kr\u00e4ftige, unbarmherzige Stimme l\u00e4sst mich zusammenzucken und ich erwarte das Schlimmste. \u201eJa?\u201c Ich drehe mich langsam um und schaue in Abbeys finsteres Gesicht. \u201eDu kommst jetzt sofort mit! Sieh dich an! Du siehst aus, als h\u00e4ttest du dich bei den Schweinen und K\u00fchen dr\u00fcben im Mist gew\u00e4ltzt!\u201c Ihre Worte dulden keine Widerworte. Sie geht und ich folge ihr lieber, bevor sie sich umdreht und mich wie eine Wildkatze bef\u00e4llt. Abbey ist Mayns und meine Hausmagd. Sie k\u00fcmmert sich um uns seit ich denken kann, aber vor allem um mich, weil ich ohne Mutter aufgewachsen bin. Sie sieht es als ihre oberste Priorit\u00e4t, aus mir eine ehrenvolle und tugendhafte Dame zu machen. Wir gehen durch die Flure mit den dunkelroten Teppichen entlang in das zweite Stockwerk, in dem sich mein Wohn- und Schlafgemach befindet. Sie geht mir vorraus, mit gerader Haltung und selbstsicheren, schnellen Schritten, w\u00e4hrend ich ihr trotzig hinterher laufe. Sie \u00f6ffnet mir die T\u00fcr zu meinem Gem\u00e4chern. \u201eLos! Marsch ins Bad und zieh mir diese Hosen aus, ich kann sie nicht mehr sehen!\u201c, fordert sie barsch und schlie\u00dft die T\u00fcr hinter sich. Ich tue wie mir gehei\u00dfen und steige in das warme Wasser, das sie mir bereits eingelassen hat. \u201eDas ist wahrlich unm\u00f6glich! Sieh dir deine Haare an!\u201c Ich rolle mit den Augen, w\u00e4hrend Abbey versucht, den Knoten in meinen Haaren zu l\u00f6sen. Selbst eigenst\u00e4ndig baden darf ich nicht. \u201eAu! Aua!\u201c \u201eDas kommt davon, wenn du deine Haare so hochbindest und verknotest!\u201c Typisch Abbey! Sie behandelt mich immer wie ein kleines Kind. Und Mayn ist immer die Ordentlichere von uns beiden. Na ja, abgesehen davon, dass sie auch die Prinzessin ist, die Schwester von K\u00f6nig Kanzo. Nach einer, wie es mir vorkommt, halben Ewigkeit, steige ich aus der Wanne. Meine Haut ist komplett ger\u00f6tet von Abbeys Geschrubbe. Sie rubbelt mich mit einem wei\u00dfen Handtuch trocken und verschwindet in mein Schlafgemach. Sekunden sp\u00e4ter steht sie mit zwei riesigen Kleidern je in einer Hand vor mir. Ich schaue sie mit runtergezogenen Mundwinkeln an, doch die ignoriert mich geflissentlich. \u201eWelches willst du f\u00fcr das Abendmahl anziehen? Blau oder gr\u00fcn? Ach, sie sind beide wundervoll!\u201c, schw\u00e4rmt sie. \u201eWeder noch. Kann ich nicht einfach wieder die beige Tunika und eine Hose anziehen?\u201c Ich weiche einen Schritt zur\u00fcck, als Abbey die Augen zusammenkneift. Sie macht mir manchmal wirklich Angst! \u201eBlair, du bist eine Lady, du bist neunzehn Jahre alt und es wird an der Zeit, dass du dich dementsprechend benimmst! Es ist schon schlimm genug, dass du immernoch nicht verlobt bist!\u201c W\u00fctend bei\u00dfe ich mir auf die Unterlippe. Ich habe ihr noch nie erz\u00e4hlt, dass ich niemals heiraten will, aus Angst, sie k\u00f6nne mir die Augen auskratzen. \u201eIch komme auch ohne M\u00e4nner wunderbar zurecht.\u201c \u201eIch glaube, wir nehmen heute gr\u00fcn. Gr\u00fcn steht dir ausgezeichnet\u201c, sagt sie, ohne auf mein Kommentar einzugehen. Ich seuftze genervt. So l\u00e4uft es ja sowieso jeden Abend ab. Niemand interessiert es, was ich denke und ich bin hier an diesen Schloss gefesselt, wie eine Gefangene. Als mir Abbey, das Korsett zuschn\u00fcrt, f\u00fchle ich genau das. Gefangen, ohne Luft zu bekommen. Kein Ausweg. Kein Entkommen. Und innerhalb dieser Mauern kein offenes Fenster... \u201eSo, fertig!\u201c Zufrieden betrachtet Abbey ihr Werk. \u201eBlair, du bist ein so wundersch\u00f6nes M\u00e4dchen! Ich verstehe einfach nicht, warum du das nicht auch so siehst.\u201c \u201eDiese Ohrringe rei\u00dfen mir die Ohren aus!\u201c, meckere ich. \u201eSie stehen dir unverz\u00fcglich!\u201c \u201eUnd die Schuhe quetschen meine kleinen Zehen ein!\u201c \u201eDer Schuster hat sie heute morgen fertig bekommen, sind sie nicht zauberhaft?\u201c \u201eUnd warum hast du meine Haare offen gelassen?!\u201c Ich blicke die wirren Locken an, die mir bist zur Taille reichen. Ich habe sie mit dem Messer einmal schneiden wollen, als ich einen Knoten darin hatte und w\u00fctend wurde, weil er nicht rausging. Doch ich wurde erwischt... \u201eSolche Locken w\u00fcnschen sich so viele M\u00e4dchen, Blair! Und jetzt h\u00f6r auf, hier die freche G\u00f6re zu spielen und geh! Das Abendmahl wird gleich serviert und der K\u00f6nig kann Unp\u00fcnktlichkeit nicht ab!\u201c Ja, der arme K\u00f6nig! W\u00fctend stampfe ich aus meinem Zimmer. \u201eUnd immer sch\u00f6n l\u00e4cheln!\u201c, ruft mir Abbey hinterher. Ich bei\u00dfe die Z\u00e4hne zusammen. Ja, nat\u00fcrlich! Mit dem gr\u00f6\u00dften Vergn\u00fcgen!",
            "wordcount": "1.416",
            "chapter_release": "04.04.2014",
            "chapter_number": "3"
        },
        "4": {
            "text": "Stur laufe ich den Gang mit den dunkelroten Teppichen und den Bildern mit den goldenen verzierten Rahmen und den alten br\u00f6ckelnden Gem\u00e4lden an den W\u00e4nden entlang. Trotzig wie ich bin, raffe ich nicht meine R\u00f6cke, sondern lasse sie \u00fcber den Boden schleifen. An jeden Gang, an den ich vorbeikomme stehen Wachen, und jedesmal wenn ich energisch an ihnen vorbeirausche, sp\u00fcre ich das Grinsen auf ihren Gesichtern. Ich knirsche mit den Z\u00e4hnen und balle die H\u00e4nde zu F\u00e4usten. Kurz bevor ich den Esssaal betrete, atme ich tief ein und aus. Anschlie\u00dfend gehe ich rein. K\u00f6nig Kanzo hat sich gerade hingesetzt und als er mich erblickt, steht er sofort auf und kommt auf mich zu. Ich halte die Luft an. \u201eLady Blair!\u201c, ruft er, als w\u00e4re ich Gott h\u00f6chstpers\u00f6nlich. Er h\u00e4lt mir seine Hand hin und widerwillig strecke ich ihm meine entgegen, damit er einen Kuss auf meinen Handr\u00fccken hauchen kann. Ich versuche, mich zu beherrschen und nicht angewidert meine Hand an meinen R\u00f6cken abzuwischen. \u201eIhr seht bezaubernd aus. Bitte kommt und setzt Euch, dass Essen riecht fantastisch!\u201c Seine euphorische aufgesetzte Art gef\u00e4llt mir ganz und garnicht. F\u00fcr seine Verh\u00e4ltnisse ist er viel zu gut gelaunt. Mich beschleicht ein ungutes Gef\u00fchl. Er m\u00fcsste sauer sein, weil ich nie zu ihm hingehe, wenn er Silvern nach mir schickt. Er h\u00e4lt mir seinen Arm hin und ich lasse mich von ihm zu meinem Platz neben Mayn bringen. Sie hat mich bisher keines Blickes gew\u00fcrdigt, und ich kann es ihr nicht einmal \u00fcbelnehmen. Ich setze mich und starre sie an. Doch sie starrt nur auf ihren Teller. Ich starre sie weiter an. Sie versucht, sich zu beherrschen, doch langsam breitet sich das L\u00e4cheln auf ihrem Gesicht aus. \u201eDas z\u00e4hlt nicht! Ich bin immernoch sauer auf dich!\u201c \u201eEntschuldige bitte\u201c, sage ich aufrichtig. \u201eIch habe mir wirklich Sorgen gemacht, Blair! Ich hasse es, wenn du alleine in den Wald l\u00e4ufst.\u201c Aber das ist der einzige Ort, an dem ich mich zu Hause f\u00fchle, denke ich schwerm\u00fctig. \u201eEs musste sein\u201c, murmel ich, doch sie h\u00f6rt es nicht. Das Essen wird serviert und K\u00f6nig Kanzo beginnt zu Reden, \u00fcber alles m\u00f6gliche, was den Palast betrifft und den Ball \u2013 doch er verliert kein Wort \u00fcber eine Verlobung oder \u00e4hnliches. Jedes Mal, wenn er laut lacht oder seine Stimme erhebt, w\u00e4hrend er mit Silvern und ein paar anderen Lords und Vertrauten spricht, zucke ich wie ein kleines ver\u00e4ngstigtes Kind zusammen. Ich versuche, ihn zu ignorieren und mit Mayn zu reden, doch es lenkt mich nicht ab. Jedesmal, wenn wir an diesen langen Tischen sitzen, ist es, als w\u00fcrde mich die Vergangenheit einholen. Dann \u00fcberkommt mich diese wahnsinnige Angst, die ich nicht beherrschen kann. \u201eWieso bist du denn nun weggelaufen?\u201c, fragt Mayn. Ich schlucke. Was soll ich tun? Mayn ist fast wie eine Schwester f\u00fcr mich. \u201eIch will nicht heiraten\u201c, presse ich hervor und mir steigen die Tr\u00e4nen in die Augen. Ich schaue sie kurz an. Sie weitet die Augen und ich starre auf meinen Teller. Verdammt, Blair, beherrsch dich! Ich bohre mir die N\u00e4gel in die H\u00e4nde. \u201eAber... warum? Ich dachte, du magst meinen Bruder.\u201c Ich presse mir die Hand vor den Mund und beginne zu zittern. Ihn m\u00f6gen?! Ich hasse ihn! Ich hasse ihn \u00fcber alles auf dieser Welt. Er ist der schrecklichste Mensch, der mir je begegnet ist. Mit einer so pl\u00f6tzlichen Wucht holt mich die Vergangenheit ein. \u201eBlair, alles in Ordnung?\u201c \u201eBitte entschuldige mich.\u201c Ich stehe mit einem Ruck auf und laufe z\u00fcgig zur T\u00fcr. Ich bin den Tr\u00e4nen so nah und ich hasse mich selbst daf\u00fcr. Als ich die T\u00fcr hinter mir schlie\u00dfe, lehne ich mich dagegen. \u201eIst alles in Ordnung mit Euch, Lady Blair?\u201c, fragt mich einer der Wachen. Ich nicke. Langsam schl\u00e4gt mein Herz wieder normal. Tief atme ich ein. So ein Mist, das h\u00e4tte mir nicht passieren sollen. Wie bei allen sieben Meeren soll ich das Mayn beibringen? Und dem K\u00f6nig? Der Druck ist gewaltig. Und ich muss mir etwas einfallen lassen. Nach einem letzten kr\u00e4ftigen Atemzug, gehe ich wieder in den Speisesaal. Denk nicht daran. Denk an was Sch\u00f6nes! Doch was ist sch\u00f6n? Ich setze mich wieder auf meinem Platz. Niemand scheint meine kurze Abwesenheit aufgefallen zu sein. Doch als ich einen Blick zum K\u00f6nig werfe, mustert dieser mich argw\u00f6hnisch. \u201eGeht es dir wieder besser?\u201c, fragt Mayn sichtlich besorgt. \u201eAlles in Ordnung. Tut mir leid.\u201c Konzentrier dich, Blair. Denk nicht daran. Denk nicht an die wilden H\u00e4nde. Denk nicht an das tote Gesicht deines Vaters. Denk nicht an die Vergangenheit... \u201eEntweder du verr\u00e4tst mir, was mit dir los ist, oder ich wechsele kein einziges Wort mehr mit dir\u201c, droht Mayn, w\u00e4hrend sie sich mit einer vergoldeten B\u00fcrste die pechschwarzen Haare k\u00e4mmt. Wir sitzen in meinem Schlafgemach auf meinem Bett. Au\u00dfer den cremefarbenen Kerzen, die im Raum verteilt sind, wird das Zimmer vom fahlen Licht des Mondes erhellt. Ich zerre an den Klammern in meinen Haaren. Schuhe und Schmuck habe ich in eine Ecke geschmissen. \u201eIch bin wohl \u00fcberreagiert\u201c, versuche ich zu erkl\u00e4ren und grinse sie breit an. Doch sie bleibt ernst. \u201eDu hast gesagt, du willst nicht heiraten. Und deiner Miene nach zu urteilen, erst recht nicht meinen Bruder. Du hast sogar den Saal verlassen. Blair, was ist los?\u201c Ich schlucke. \u201eIch will einfach nicht heiraten, Mayn, dass ist alles. Und ich habe mich f\u00fcr einen Moment erdr\u00fcckt gef\u00fchlt.\u201c \u201eHast du schon \u00fcberlegt, was das f\u00fcr dich bedeuten k\u00f6nnte? Du w\u00fcrdest K\u00f6nigin von Great Woods! Und ich werde mit dem Sohn der K\u00f6nigin Dania aus Western Coast verheiratet. Wir k\u00f6nnten uns zusammenschlie\u00dfen und den letzten Wunsch meiner Eltern erf\u00fcllen! Frieden!\u201c \u201eDas ist doch vollkommen naiv, Mayn! Es wird niemals Frieden geben! Erst recht nicht zwischen so vielen K\u00f6nigreichen. Willst du wirklich dreizehn K\u00f6nigreichen vertrauen? Dreizehn?! Allgemein bekannt soll diese Zahl nicht mit gro\u00dfen Gl\u00fcck verbunden sein!\u201c Mayn blickt mich ver\u00e4rgert an. \u201eUnd au\u00dferdem: was habe ich damit zu tun? Ich bin blo\u00df die Tochter eines Waffenschmieds, der zuf\u00e4llig von euren Eltern zum obersten Offizier ernannt wurde, kurz bevor sie-\u201c Ich halte inne. Mayns Augen haben sich mit Tr\u00e4nen gef\u00fcllt. Sie senkt die B\u00fcrste. \u201eWieso bist du nur so pessimistisch?\u201c, fl\u00fcstert sie. \u201eK\u00f6nnen wir nicht wenigstens versuchen, Frieden zu verbreiten? K\u00f6nnen wir nicht versuchen, unschuldige Menschenleben zu retten, die nur deshalb sterben, weil sie in den Krieg geschickt werden? K\u00f6nnen wir nicht versuchen das alles zu verhindern? Ist ein Versuch nichts wert?\u201c Eine Tr\u00e4ne l\u00e4uft \u00fcber ihr vor Aufregung ger\u00f6tetes Gesicht. \u201eAber was kostet dieser Versuch?\u201c Doch Mayn sch\u00fcttelt den Kopf. \u201eGute Nacht, Blair.\u201c Sie steht auf und verl\u00e4sst mein Zimmer. Zur\u00fcck l\u00e4sst sie mir ein schlechtes Gewissen. Und das st\u00e4ndig wiederkehrende Wissen, dass wir keine Eltern mehr \u0001 \u0002 sitze auf der Fensterbank, als die finsteren Wolken sich vor den Mond schieben, um Regen anzuk\u00fcndigen. Schon wieder. Ein Blitz zuckt durch den Himmel, gefolgt von einem lauten Krachen. Die Angst, einzuschlafen ist gewaltig und das f\u00fchrt dazu, dass ich nicht einschlafen kann. Doch die Schlaflosigkeit ist eines meiner kleineren Probleme. Wenn ich daran denke, wie mein Vater gestorben ist, k\u00f6nnte ich alles und jeden klein schlagen. Mein Vater war mein Held. Er war nicht sehr stark, eher schlacksig, doch seine wahre St\u00e4rke lag in seinem Wissen. Er hatte K\u00f6pfchen. Sein Name war Kenneth, doch wurde er immerzu Ken genannt, das \u00fcbersetzt \u201eWissen\u201c hei\u00dft. Wenn jemand im Dorf erkrankte, hatte er immer ein Mittel parat, weil seine Mutter, Botanikerin war und sich mit Heil- und Giftpflanzen besch\u00e4ftigte. Die Leute im Dorf verehrten sie nahezu, doch sie war sehr krank und schrieb ihr Wissen in ein Buch, welches sie meinem Vater vermachte. Die Leute munkelten immer, dass sie zwar anderen helfen konnte, sich selbst aber nicht zu helfen wusste, weil sie an einer unbekannten Krankheit starb. Der Beruf des Waffenschmieds passte daher eher weniger zu meinem Vater. Er hatte diese Arbeit von seinem Vater, meinem Opa, \u00fcbernommen. Doch neben des Herstellens von Schwertern und Dolchen, Pfeilen und B\u00f6gen, fertigte er Arzneien an, die er in einem verschlossenen, k\u00fchlen Raum lagerte. Zwei Jahre sp\u00e4ter lernte mein Vater meine Mutter Sahar kennen, dessen Aussehen ich geerbt hatte, wie er immer ausdr\u00fccklich zu sagen pflegte. Sie starb bei meiner Geburt, weil sie unter hohem Fieber litt. Diesselbe Krankheit, die auch meine Oma umbrachte. Doch mein Vater zog mich gro\u00df, brachte mir bei, wie man mit Dolchen und Pfeil und Bogen k\u00e4mpfte, erkl\u00e4rte mir die Eigenschaften der Heil- und Giftpflanzen, wie man sie pflegte und wie man wichtige Mittel aus ihnen anfertigte. Ich wei\u00df, dass er abends lange aufblieb und in Gro\u00dfmutters Buch Notizen \u00fcber diese unbekannte Krankheit schrieb. Doch ich bekam diese Buch nie zu Gesicht. Die Familie meines Vaters arbeitete schon immer mit Waffen und ihrer Verarbeitung, daher waren wir fest beim ehemaligen K\u00f6nig eingestellt. K\u00f6nig Leonard und K\u00f6nigin Beatrix waren ein vorbildliches K\u00f6nigspaar. Beide hatten ein gutes Herz und wollten nur das Beste f\u00fcr ihr Volk. Vielleicht sind sie deshalb umgekommen. Sie standen denen, die alle K\u00f6nigreiche st\u00fcrzen wollten im Weg oder waren einfach viel zu naiv. So wie Mayn... Sie wollten den Frieden und ein einheitliches System f\u00fcr alle K\u00f6nigreiche. Gleichberechtigung, ordentliche Reformen, all das sollte unsere Welt zu einer besseren machen. Vor fast f\u00fcnf Jahre starben sie, einschlie\u00dflich meines Vaters, weil wir Spione unter uns hatten... Ich zucke zusammen, als der Himmel wieder grollt. Als w\u00e4re das der Startschuss gewesen, f\u00e4llt der Regen pl\u00f6tzlich mit voller Wucht herab. Ich g\u00e4hne und beschlie\u00dfe, mich hinzulegen und vom Bett aus dem Regen zuzuh\u00f6ren. Dabei wandern meine Gedanken zu meinem Vater und wie er hinter mir steht und mir zeigt, wie man einen Pfeil an den Bogen legt.",
            "wordcount": "1.812",
            "chapter_release": "04.04.2014",
            "chapter_number": "4"
        },
        "5": {
            "text": "\u201eBlair.\u201c Ich drehe mich zu ihm um, doch ich erkenne nur seine Silhouette. \u201eWieso weinst du noch?\u201c Unwirsch wische ich mir die Tr\u00e4nen aus den Augen, doch ich antworte nicht. \u201eH\u00f6r auf zu weinen, du bist nicht die Einzige, die etwas verloren hat!\u201c, sagt er barsch. Doch ich drehe ihm nur wieder den R\u00fccken zu. Die Tr\u00e4nen rennen unaufhaltsam \u00fcber meine Wangen. Ich starre auf Blut. So viel Blut. Ich kann mein Blick nicht abwenden. \u201eBlair. Blair.\u201c Pl\u00f6tzlich sp\u00fcre ich seinen Atem an meinem Hals. \u201eWas willst du?!\u201c, schreie ich. Mit einem pl\u00f6tzlichen Ruck, packt er mich. \u201eDu sollst aufh\u00f6ren zu weinen\u201c, zischt er in mein Ohr. Fassungslos starre ich ihn an. \u201eLass mich los! Lass mich ihn Ruhe!\u201c, schluchze ich, doch nun ist er w\u00fctend. Er dreht mich zu sich, umfasst meine Hangelenke. \u201eNein. Ich will dich. Ich will dich jetzt.\u201c Mit vor Schrecken geweiteten Augen starre ich ihn an. \u201eNein\u201c, fl\u00fcstere ich. \u201eNein, lass mich los! LASS MICH LOS!!\u201c Ich versuche mich aus seinem Griff zu befreien, doch er h\u00e4lt mich nur noch fester. Meine Hangelenke brennen. Aus dem Nichts h\u00e4lt er pl\u00f6tzlich ein Seil in der Hand und flink bindet er mir die H\u00e4nde zusammen \u201eNEIN!\u201c, schreie ich. Sein Blick wandert l\u00fcstern \u00fcber meinen K\u00f6rper. Er greift zu seinem Dolch an seinem G\u00fcrtel und schneidet damit meine Kleidung auf. \u201eNEIN! NEIN, BITTE NICHT!!\u201c, bettele ich, doch er gibt nicht nach. Ich schreie und schreie, doch er h\u00f6rt nicht, macht weiter, w\u00e4hrend ich vergeblich um mich schlage und weine. Und keiner, der mir hilft...Schwei\u00dfgebadet erwache ich. Mir ist kalt, weil ich auf den Bettlaken liege. Meine Kissen liegen verstreut auf dem Boden. Mein Herz klopft immernoch heftig gegen meine Brust. Ich stehe auf und wische mir mit dem \u00c4rmel die Tr\u00e4nen aus dem Gesicht. Nun bin ich doch eingeschlafen. Gedankenverloren schaue ich aus dem Fenster. Es ist schon hell. Drau\u00dfen nieselt es, es ist nebelig und kalt. Ich habe mit offenem Fenster geschlafen. Eine Erk\u00e4ltung w\u00e4re jetzt das wenigste, was ich brauche. Ich gehe zu dem massiven Kleiderschrank und w\u00fchle zwischen den Kleidern nach den Hosen, gut versteckt zwischen den Roben und nutzlosen Unterr\u00f6cken. Aus der Tiefe krame ich eine schwarze Hose heraus, die mir zu lang ist. Ich krempele sie etwas hoch und ziehe die Stiefel dar\u00fcber an. Anschlie\u00dfend ziehe ich eine braungr\u00fcne Tunika \u00fcber ein wei\u00dfes lang\u00e4rmeliges Unterhemd. Dann knie ich mich neben mein Bett und hole darunter den Dolch hervor, dessen Scheide ich mit etwas Baumharz unter mein Bett geklebt habe. Ich stecke ihn in den Stiefel. F\u00fcr alle F\u00e4lle greife ich noch nach Pfeil und Bogen und einem Schal, binde unbeholfen meine Haare zusammen und verlasse mein Zimmer. Auf den Fluren stehen wie immer nur die Wachen. Mit einem Nicken begr\u00fc\u00dfe ich sie. Ich bin froh, niemanden auf den Weg zur K\u00fcche zu begegnen. Als ich dort ankomme, weht mir der Duft von frischem Brot in die Nase. \u201eGuten Morgen, Mylady\u201c, begr\u00fc\u00dfen mich die K\u00fcchenm\u00e4gde. Ich l\u00e4chele sie an. Salome, die etwas pummelige K\u00f6chin knetet gerade an einem Brotteig. Sie wischt sich \u00fcber die Stirn und fragt mich mit mehlbeschmiertem Gesicht: \u201eLady Blair, was kann ich Euch zum Fr\u00fchst\u00fcck anbieten? Das Brot ist gerade aus dem Ofen gekommen.\u201c Sie deutet mit einem Kopfnicken in Richtung der Tische in der Mitte der K\u00fcche. Dort stehen drei K\u00f6rbe, gef\u00fcllt mir frischen Brotlaiben. Au\u00dferdem ein Schneidebrett mit einem gro\u00dfen K\u00e4sest\u00fcck. \u201eDanke, ich bediene mich schon\u201c, sage ich und breche ein wenig Brot ab. W\u00e4hrend ich es in den Mund stecke, verlasse ich die K\u00fcche durch die Hintert\u00fcr und trete hinaus in die kalte Morgenluft. \u201eIhr scheint schlecht geschlafen zu haben\u201c, bemerkt Silvern, als ich den Stall betrete. Ich werfe ihm einen vernichtenden Blick zu, doch er grinst nur verstohlen. \u201eDu scheinst wohl guter Laune zu sein. Pass auf, dass sich das nicht \u00e4ndert\u201c, drohe ich ihm. Lady Lu steckt ihren Kopf aus ihrer Box und wiehert. \u201eGute Morgen\u201c, murmele ich und streiche ihr \u00fcber die Stirn. Der grauenvolle Traum liegt inzwischen weit weg hinter einer verschlossenen T\u00fcr in meinem Kopf. \u201eHier.\u201c Silvern reicht mir den Sattel. \u201eDanke.\u201c Ich gehe um Lady Lu herum und bemerke dabei, wir Silvern gedankenverloren vor sich hin starrt. Das ist ungew\u00f6hnlich f\u00fcr ihn. Als er meinen Blick bemerkt, scheint er zu z\u00f6gern. \u201eIst etwas?\u201c, frage ich. \u201eNein. Nein, es ist nichts, Mylady.\u201c Genervt rolle ich mit den Augen. \u201eBlair!\u201c, sage ich. \u201eIch hei\u00dfe Blair! Steck das ein f\u00fcr alle mal in deinen Kopf, sonst sorge ich daf\u00fcr, dass es mit Gewalt da rein kommt.\u201c Ein Schmunzeln. Dann wendet er sich ab. \u201eEntschuldigt... Lady Bair.\u201c Dann ist er verschwunden und ich starre ihm fassungslos hinterher. Nachdem ich Lady Lu gesattelt habe, schultere ich meine Tasche und schlinge mir den braunen Schal um den Hals. Es hat zwar aufgeh\u00f6rt zu regnen, doch es ist kalt und noch immer nebelig. Mann kann vielleicht sechs Meter weit sehen. Ich wei\u00df, dass Abbey und Mayn nicht guthei\u00dfen werden, dass ich wieder alleine ausreite. Aber ich brauche etwas Zeit f\u00fcr mich. Und ich bin lange nicht mehr im Garten gewesen. Ich steige auf mein Pferd und im n\u00e4chsten Moment galoppieren wir durch den Wald. Man braucht etwa eine halbe Stunde, um den Wald hinter dem Schloss zu durchqueren. Das Gr\u00fcn der Bl\u00e4tter umschlie\u00dft mich und ich treibe Lady Lu weiter an. Die Luft, die Bl\u00e4tter, die Regentropfen, die von ihnen fallen, das alles l\u00e4sst mich f\u00fcr einen Augenblick vergessen, wer und wo ich bin. In diesen Momenten f\u00fchle ich einfach nur die Freiheit in meinem Blut. Ich bin ein Vogel, der \u00fcberall hin kann, ich kann mich gegen jede Grenze auflehnen. Hin und wieder begegne ich flinken Eichh\u00f6rnchen, dessen Farben bunte Punkte an den B\u00e4umen sind und r\u00f6tlich aufblitzen. Die B\u00e4ume scheinen mir zuzufl\u00fcstern, w\u00e4hrend sie monoton vor sich hinrascheln. Kurz vor der Lichtung bremse ich mein Pferd und steige ab. Ich biege in die dunklere H\u00e4lfte des Waldes, der felsigere Teil. Steine sind mit feuchtem Moss bedeckt und in der N\u00e4he h\u00f6rt man einen Bach pl\u00e4tschern. Hier in diesem Teil des Waldes ist das Bl\u00e4tterzelt noch dichter und gr\u00fcner, beinahe geheimnisvoll. Nach einer Weile erblicke ich das schwarze, rostende Tor des verbotenen Gartens. Auch wenn es sich dramatisch anh\u00f6rt, so darf man diesen Garten nicht untersch\u00e4tzen. Hier hat Vater die Giftpflanzen sp\u00e4rlich ges\u00e4t. Pflanzen sind wie Menschen, Blair, hat er immer gesagt. Man darf sie nicht untersch\u00e4tzen. Sie sind unberechenbar. Oleander, Fingerhut, Alraune, Belladonna. Giftpflanzen, die auch heilen k\u00f6nnen. Sie sind da, um zu heilen. Doch vergiss nicht: was zu heilen vermag, das kann auch t\u00f6ten! Das war Vaters Warnung, immer und immer wieder. Ich binde Lady Lu an einen naheliegenden Baum und krame den Schl\u00fcssel aus meiner Tasche. Dabei f\u00e4llt mir auf, das meine H\u00e4nde vom Reiten taub geworden sind. Qietschend rastet der Schl\u00fcssel im verrosteten Schloss ein. Ich \u00f6ffne das Tor einen Spalt und schl\u00fcpfe in den Garten. Zuerst erblicke ich das zarte Lila der Alraune. Doch nicht das ist die Pflanze, die ich suche. Ich laufe durch den kleinen Garten auf der Suche nach der zarten rosafarbenen Bl\u00fcte. Ich habe nur ganz wenig von ihm gepflanzt, vielleicht ist er garnicht aufgebl\u00fcht. Doch er ist gef\u00e4hrlich. Er wird \u00fcberwiegend f\u00fcr herzerkrankte Menschen in Kombination mit anderen Pflanzen verwendet. Alle seine Pflanzenteile sind giftig. Ich ziehe die Augenbrauen zusammen. Der Nebel ist inzwischen dichter geworden, doch nach einer Weile erblicke ich das Gew\u00e4chs. Oleander. Der Giftprinz. Ich krame einen kleinen Beutel aus meiner Tasche und beuge mich zu den bet\u00f6rend sch\u00f6nen Blumen hinunter. Dann greife ich zu meinem Dolch im Stiefel, schneide drei Ranken des immergr\u00fcnen Gew\u00e4chses ab und stecke sie vorsichtig in den Beutel. Wenn du dich irgendwann aus eigener Kraft nicht wehren kannst, hast du immernoch den Giftprinzen. Papa. Ich w\u00fcnschte, er w\u00e4re hier. Ich w\u00fcnschte, er w\u00fcrde mich davon abhalten, mit solchen gef\u00e4hrlichen Dingen zu spielen. Doch die Angst treibt manchmal jeden Menschen in die Enge.",
            "wordcount": "1.441",
            "chapter_release": "04.04.2014",
            "chapter_number": "5"
        },
        "6": {
            "text": "Der Tod meines Vater hatte mich gel\u00e4hmt. Es war das Schlimmste, was mir je passiert war. Ich wei\u00df noch, dass meine erster Gedanke war, dass ich mich vom Fenster meines Zimmers st\u00fcrzen w\u00fcrde. Doch das war ein l\u00e4cherlicher Gedanke, weil meine R\u00e4ume nur im zweiten Stockwerk liegen und ich h\u00f6chstens mit ein paar Br\u00fcchen davongekommen w\u00e4re. Doch es \u00e4nderte nichts an das Ohnmachtsgef\u00fchl oder die Wut, die ich versp\u00fcrt hatte. Die Tr\u00e4nen waren mir lautlos \u00fcber die Wangen gerannt, ohne, dass ich sie je h\u00e4tte aufhalten k\u00f6nnen. Ich kann mich noch so gut erinnern, dabei sind bereits f\u00fcnf Jahre vergangen. Die K\u00f6nige, die k\u00f6niglichen Brigaden sowie mein Vater, waren gen S\u00fcden aufgebrochen. Wie schon erw\u00e4hnt, waren unser K\u00f6nig und unsere K\u00f6nigin friedvolle Menschen und gemeinsam mit sechs weiteren K\u00f6nigreichen, Verb\u00fcndeten, wollten sie versuchen, Frieden zu verbreiten, den Menschen auf dem Hof, Feldarbeitern, M\u00e4dge, Bauern und Soldaten das Leben zu erleichtern und zu vereinfachen. Doch nat\u00fcrlich gab es sechs weitere K\u00f6nigreiche, die dem nicht zustimmen wollten. Machtbesessene K\u00f6nige, die nichts anderes wollen, als so viele K\u00f6nigreiche wie m\u00f6glich zu st\u00fcrzen, nur, um die Weltherrschaft zu erlangen. Sieben K\u00f6nigreiche wollten sich also zu einem Rat zusammenschlie\u00dfen und reisten daher nach Northscape zu K\u00f6nig Harrington, der sein Schloss zur Verf\u00fcgung stellte. Doch ich erw\u00e4hnte bereits den Spion unter uns. Oder Spione, wir wissen bis heute nicht, mit wievielen wir es zu tun hatten. Sie brachten die K\u00f6nige der Great Woods um, die Gemahlin von K\u00f6nig Harrington, meinen Vater, und unschulige Soldaten... Ich wei\u00df immernoch nicht, wo der Reiz liegt, Macht \u00fcber Menschen zu haben. Ich verstehe es einfach nicht. Doch wo es Gutes gibt, muss auch B\u00f6ses sein. Als ich das Schlosshof erreiche, beginnt es wieder zu nieseln und auch die feuchte Luft h\u00e4lt an. Es herrscht reges Treiben auf dem Hof, den K\u00f6nigin Beatrix selbst gestaltet hat. Sie war eine wundervolle Malerin. Ihre Eltern waren die Architekte der vorigen K\u00f6nige, die Eltern von K\u00f6nig Leonard, gewesen. Der komplette Innenhof ist mit gl\u00e4nzendem beigen Mamor verlegt. In der Mitte des Innenhofes steht ein Brunnen mit einem Mann, der eine Frau in den Armen h\u00e4lt. Sie sieht aus, als w\u00fcrde sie sterben. Das ist immer das Erste, was ich denke, wenn ich sie sehen. Ihr Gesicht schaut hinauf zu dem des starken Mannes, dessen Blick, in meinen Augen, etwas Wehm\u00fctiges hat. Ich hasse diesen Brunnen. Aus dem Kopf des Mannes sprudelt klares Wasser in das Becken. Lady Lu schnaubt und erinnert mich daran, dass ich mit zusammengekniffenen Augen den Brunnen anstarre. Diese schwache Frau. Braucht sie wirklich einen Mann, der ihr helfen muss? Ist sie wirklich so verzweifelt? Was hat sich K\u00f6nigin Beatrix nur dabei gedacht, als sie die Skizze daf\u00fcr angefertigt hat? \u201eIhr seid zur\u00fcck.\u201c Ich drehe mich zu Silvern um. \u201eGehst du zum K\u00f6nig?\u201c \u201eKann ich etwas f\u00fcr Euch tun?\u201c \u201eIch will mit ihm reden.\u201c Als ich diese Worte ausspreche, zieht sich mein Magen unangenehem zusammen. \u201eIch werde es ihm ausrichten.\u201c Ich gehe an Silvern vorbei in den Stall. Noch wei\u00df ich nicht, was ich dem K\u00f6nig sagen werde. Wie kann ich ihm erkl\u00e4ren, dass eine Hochzeit f\u00fcr mich mit ihm au\u00dfer Frage steht? Und mit Mayn werde ich auch reden m\u00fcssen. Ich kann nicht l\u00e4nger mit ihr verstritten sein. Als ich Lady Lu trocken gerubbelt habe, laufe ich in mein Zimmer, um mir trockene Sachen anzuziehen. Ich verstaue gerade das S\u00e4ckchen in der untersten Schublade meines Nachttisches, als es an meiner T\u00fcr klopft. \u201eJa, bitte?\u201c Silvern tritt ein. \u201eDer K\u00f6nig erwartet Euch.\u201c Ich nicke. Er verl\u00e4sst das \u0001 \u0002 Weg hinauf zu K\u00f6nig Kanzos Arbeitsraum erscheint mir unendlich lang. Obwohl ich nicht laufe, bin ich nach k\u00fcrzester Zeit atemlos. Ich starre geradeaus, ignoriere die Blicke der Wachen und der auf den Gem\u00e4lden portraitierten K\u00f6nige. Der Gedanke daran, alleine mit diesem Mann in einem Zimmer zu sein, bringt mich zur Verzweiflung. Die Angst macht sich ohne meine Erlaubnis wieder in mir breit. Sein Arbeitszimmer liegt im h\u00f6chsten Turm des Schlosses. Darunter befindet sich die k\u00f6nigliche Bibliothek, sowie die Verwaltung des K\u00f6nigreiches, die sich um die finanziellen und juristischen Angelegenheiten k\u00fcmmern. Nun stehe ich vor der schwarz gemusterten, gro\u00dfen T\u00fcr des Arbeitszimmers. Ich lege eine Hand auf die goldenen T\u00fcrklinke, dann \u00f6ffne ich vorsichtig die T\u00fcr. K\u00f6nig Kanzo sitzt \u00fcber den riesigen Tisch aus Buche gebeugt. In der einen Hand h\u00e4lt er eine Feder, mit der anderen h\u00e4lt er sich das dunkle lange Haar aus der Stirn. Er ist so konzentriert, dass er mein Eintritt garnicht bemerkt hat. Ich r\u00e4uspere mich kurz. Er zuckt zusammen und schaut auf. Sein Blick ist m\u00fcde, seine Augen dunkel und glanzlos. Als er mich sieht, ringt er sich ein m\u00fcdes L\u00e4cheln ab. \u201eBla- Lady Blair.\u201c Er scheint um Fassung zu ringen. Er steht viel zu schnell auf, sodass der Stuhl \u00fcber die Holzdielen quietscht. Dabei zucke ich zusammen. \u201eBitte entschuldigt die St\u00f6rung\u201c, erkl\u00e4re ich und knickse. \u201eNein, Ihr st\u00f6rt nicht. Ihr wolltet mich sprechen?\u201c Er geht um den Tisch herum und kommt n\u00e4her. Ich halte die Luft an. Jetzt oder nie. \u201eMayn, \u00e4hm, Prinzessin Mayn hat mir erz\u00e4hlt, dass Ihr auf dem Ball in einer Woche um meine Hand anhalten wollt.\u201c Ich beobachte konzentriert jede seiner Reaktionen. Seine Augenbrauen schie\u00dfen in die H\u00f6he. \u201eIch werde aber nicht annehmen k\u00f6nnen, K\u00f6nig Kanzo\u201c, fahre ich fort. \u201eEs liegt nicht an Euch.\u201c Dem\u00fctig schaue ich zu Boden. \u201eAber ich will nicht heiraten.\u201c Stille. Kein Laut ist zu h\u00f6ren, au\u00dfer die Stimmen der Menschenmenge auf dem Hof und in der Stadt. K\u00f6nig Kanzo dreht sich um und schaut aus dem Fenster. \u201eLady Blair.\u201c Er seuftzt theatralisch. \u201eIhr wisst doch, wie wichtig es ist, dass ich so schnell wie m\u00f6glich eine Gemahlin an meiner Seite habe. Wie sagt man so sch\u00f6n? Ein Mann mag tausende M\u00e4tressen haben, doch er braucht immer eine einzige Frau an seiner Seite.\u201c Woher hat er denn diesen abwegigen Spruch? Der Ekel \u00fcbermahnt mich, ich verziehe das Gesicht. Nur gut, dass sein Blick gen Himmel gerichtet ist. \u201eUnd ich habe mir \u00fcberlegt, dass wohl nur Ihr diese Frau sein k\u00f6nnt. Ihr seid die richtige Frau an meiner Seite. Ihr habt K\u00f6pfchen, Ihr seid intelligent. Ich habe Euch beobachtet, als Ihr mit ein paar Soldaten gek\u00e4mpft habt und obwohl sie Euch k\u00f6rperlich \u00fcberlegen waren, habt Ihr Euch zu helfen gewusst. Es mag zwar unfeminin sein, doch es hat mich beeindruckt.\u201c Mein Atem hat sich beschleunigt. Er hat mich beobachtet. Verzweifelt klammere ich mich an den Gedanken, dass der Dolch noch in meinem Stiefel steckt. Es f\u00fchlt sich an, als w\u00fcrde er dort gl\u00fchen. \u201eIhr wisst es noch nicht. Aber Ihr werdet bald erkennen, dass Ihr an meine Seite geh\u00f6rt. So, wie Prinzessin Mayn an die Seite des Prinzen aus Western Coast geh\u00f6rt, Prinz Ardenne. Wir werden gemeinsam die sechs anderen K\u00f6nigreiche st\u00fcrzen und sieben K\u00f6nigreiche errichten, die den Prinzipien meiner Eltern und aller anderen sechs K\u00f6nige folgen wird.\u201c \u201eNein.\u201c Er verstummt. Meine Stimme hat seine Rede wie ein Messerwurf geschnitten. \u201eNein, K\u00f6nig Kanzo. Ich werde Euch nicht heiraten. Ich bin nicht die Frau, die an Eure Seite geh\u00f6rt. Ich bitte Euch inbr\u00fcnstig, das zu akzeptieren.\u201c Sonst bleibt mir keine andere M\u00f6glichkeit... \u201eWie w\u00e4re es, wenn wir zu einem Kompromiss gelangen?\u201c Er dreht sich um und bohrt seine Augen in meine. Atemlos rei\u00dfe ich mich von dem Blick los und starre neben ihm hinaus ins Freie. \u201eIhr werdet es Euch bis einen Tag vor dem Ball \u00fcberlegen. Anschlie\u00dfend bitte ich Euch, wieder zu meinem Arbeitsraum zur\u00fcckzukehren, um mir Eure Antwort mitzuteilen.\u201c Ich bei\u00dfe mir auf die Unterlippe. Will er nicht verstehen oder muss ich es ihm in sein Kopf einpr\u00fcgeln? Die Angst und die Wut nagen unerbitterlich an mir. Konzentrier dich! Du darfst jetzt nicht nachgeben! \u201eNun gut.\u201c Ich drehe mich zu T\u00fcr und \u00f6ffne sie. \u201eAber ich bitte Euch, Euch keine Hoffnungen hinsichtlich dieses Tages zu machen.\u201c Ich drehe mich noch einmal zu ihm um. Endlich schaffe ich es, ihm in die Augen zu starren. \u201eMeine Antwort wird diesselbe bleiben.\u201c",
            "wordcount": "1.494",
            "chapter_release": "04.04.2014",
            "chapter_number": "6"
        },
        "7": {
            "text": "Schwei\u00df rennt mir \u00fcber die Stirn. Mein Haar klebt mir im Gesicht, doch ich h\u00f6re nicht auf. Ich schlage mit den F\u00e4usten. Ein Hieb, zwei Hiebe. Schnell b\u00fccke ich mich, bevor er mich treffen kann und greife zu meinem Dolch. Mit zwei flinken Bewegungen stehe ich hinter ihm und sto\u00dfe den Dolch in den Strohsack. \u00dcberall liegt Stroh auf dem Boden, der Sack l\u00f6st sich auf und plumst auf dem Boden. Nur der Seil h\u00e4ngt noch von der Decke an einem Balken. Ich werde wohl wieder jemanden bitte m\u00fcssen, mir einen neuen Sack anzubinden. Lady Lu schnaubt. Ich schiebe den Dolch wieder in meinen Stiefel und lasse mich in ihrer Box auf das Heu nieder. Gerade habe ich einen der schlimmsten Abendessen hinter mir. Ein paar Lords waren da, ich hatte ein viel zu ausgeschnittenes violettes Kleid an, der goldene Schmuck f\u00fchlte sich wie Metallketten um meinen Hals und meine Arme an, die Schuhe haben vorne und hinten gedr\u00fcckt, das war Haar straff zur\u00fcckgebunden und die Kopfhaut ger\u00f6tet von den picksenden Nadeln. Mayn hat nicht mit mir geredet, aber diesmal sa\u00df sie mir auch gegen\u00fcber. Rechts und links neben mir sa\u00dfen zwei junge Lords mitte zwanzig, die schon etwas angetrunken waren und ekelerregend nach Alkohol rochen. Ich wei\u00df, dass war ein Test gewesen. Der K\u00f6nig will mich herausfordern. Er will sehen, ob ich mich nicht f\u00fcr jemand anderen interessiere. Oder irgendetwas in der Art. Ganz sicher. Ich seuftze. Ich bin vollkommen auf mich alleine gestellt. Mayn ist sauer auf mich, Silvern gehorcht nur dem K\u00f6nig und vor Abbey kann ich nicht in einem solchem Aufzug treten. Kopfsch\u00fcttelnd wende ich mich an Lady Lu. \u201eWas soll ich blo\u00df machen?\u201c Ich packe meine Haare und ziehe ein paar trockene Gr\u00e4ser Stroh heraus. Ich will nicht wissen, wie ich aussehe... Pl\u00f6tzlich h\u00f6re ich Stimmen im Innenhof. Fackeln leuchten auf. Pferdehufen klappern auf dem Mamorboden. \u201eAus dem Weg! Bitte, bringt mich zum K\u00f6nig!\u201c, h\u00f6re ich ein Stimme rufen. Sofort springe ich auf und renne aus dem Stall. Eine Menschenmenge steht am Eingang zum Innenhof, wei\u00dfe Schimmel, Soldaten in wei\u00dfer und hellblauer Uniform versperren die Sicht. Ich banne mir einen Weg durch die Menschenmenge und schiele zwischen zwei Soldaten in den von ihnen gebildeten Kreis. Eine in einem himmelblauen Umhang gekleidete blonde Frau blickt sich suchend um. \u201eBitte, schickt uns den K\u00f6nig hierher! Es ist dringend!\u201c Sie blickt verzweifelt in die Runde. In dem Licht der Fackeln sind beinahe nur Silhouetten zu erkennen. \u201eWer seid Ihr? Was habt Ihr hier zu suchen?\u201c, fragt einer unserer Wachen. \u201eIch bin K\u00f6nigin Dania aus Western Coast!\u201c, verk\u00fcndet sie mit der Stimme einer Frau, die gewohnt ist, zum Volk zu sprechen. \u201e Bitte schickt uns einen Arzt, wir haben einen Verletzten.\u201c Trotz ihres Selbstbewusstseins h\u00f6rt man einen verzweifelten Unterton in ihrer Stimme. \u201eAus dem Weg!\u201c Ein Raunen geht durch die Menschenmenge, als sich K\u00f6nig Kanzo mit Mayn im Schlepptau einen Weg durch sie zu bannen versucht. Doch die Menge weicht von selbst aus, sodass ein Spalt entsteht, der direkt zum Kreis aus blaugekleideten Soldaten f\u00fchrt. \u201eSchickt einen Arzt!\u201c, befiehlt er, ohne sich dabei an jemand bestimmten zu wenden. \u201eUnd sucht Lady Blair!\u201c \u201eIch bin hier!\u201c Sofort zw\u00e4nge ich mich durch die wei\u00df-blau uniformierten Soldaten zur K\u00f6nigin aus Western Coast und K\u00f6nig Kanzo durch. \u201eWas ist passiert? Wer ist verletzt?\u201c, fragt K\u00f6nig Kanzo. Sofort bringen zwei Soldaten einen erschlafften K\u00f6rper herbei. Der Verletzten ist in wei\u00dfe T\u00fccher gewickelt. Auf seiner Brust ist ein gro\u00dfer dunkler Fleck zu erkennen, der bereits einen viel zu gro\u00dfen Teil der T\u00fccher getr\u00e4nkt hat. Ein Pfeil lugt durch sie hindurch. Lange helle Haare schimmern im Licht der Fackeln. Doch sein Gesicht kann ich nicht erblicken. \u201eBringt ihn in den Stall!\u201c, rufe ich, um keine Zeit zu verschwenden und laufe vor. Ich sprinte in meine Gem\u00e4cher und krame aus meinem Schrank die Kiste meines Vaters hervor. Als ich zur\u00fccklaufe, stehen noch gruppenweise Menschen in der von Fackeln erhellten Dunkelheit. Im Stall wurden Bettt\u00fccher und Kissen gebracht, auf dem der Verletzte gelegt worden ist. \u201e...und Ihr wisst nicht, ob er noch unter Euch ist?\u201c \u201eWir glauben, dass er verschwunden ist. Aber wir haben auch nichts gesehen. Aufgrund des Wetters sind wir erst so sp\u00e4t eingetroffen. Es war geplant, heute morgen hier einzutreffen.\u201c Ich knie mich neben dem jungen Mann, w\u00e4hrend ich der Konversation zuh\u00f6re. Mayn starrt mit vor Schreck geweiteten Augen auf ihn hinunter. Ein Pfeil steckt an seiner Schulter, der komplette Kopfteil davon ist darin versenkt. Ich verziehe das Gesicht. \u201eH\u00f6rt Ihr mich? Es ist alles in Ordnung, Ihr seid in Sicherheit\u201c, rede ich sanft auf ihn ein und bin erleichtert, dass der Pfeil keine Organe getroffen hat, soweit ich es beurteilen kann. \u201eWird er es schaffen?\u201c K\u00f6nigin Danias Augen haben sich mit Tr\u00e4nen gef\u00fcllt. \u201eJa.\u201c Ich l\u00e4chele sie aufmunternd an. Als ich wieder auf das Gesicht des J\u00fcnglings schaue, sieht er mich direkt an. Im ersten Moment bin ich erschrocken \u00fcber seine Augen. Sie sind... gr\u00fcn? Oder blau? Sie stehen in einem heftigen Kontrast zu seiner blassen Haut. Sein blondes Haar mit dem roten Schimmer kleben ihm im Gesicht, das verschwitzt gl\u00e4nzt. \u201eEs wird jetzt schmerzhaft\u201c, sage ich, als ich meine Stimme wiedergefunden habe. Sanft streiche ich ihm das Haar aus dem Gesicht. Silvern stellt mir einen Beh\u00e4lter mit klarem Wasser und einem wei\u00dfen Tuch hin. Ich wringe es aus, falte es und lege es dem jungen Mann auf die Stirn. Sein Gesicht ist zu einer schmerzhaften Grimasse verzogen. \u201eGebt mir das Alkohol!\u201c, fordere ich. Jemand kommt mit einer durchsichtigen Flasche mit der durchsichtigen Fl\u00fcssigkeit an. \u201eHier, trinkt.\u201c Er verschluckt sich, hustet, rollt die Augen und verzieht das Gesicht. Doch er muss es trinken, damit es seinen Schmerz zumindest etwas bet\u00e4ubt. F\u00fcr Bet\u00e4ubungsmittel anderer Art ist es inzwischen zu sp\u00e4t. Ich packe den Pfeil und ziehe ihn mit einem Ruck raus. Der Schrei, den er entlockt l\u00e4sst alle Anwesenden zusammenzucken. \u201eSeid Ihr verr\u00fcckt geworden!\u201c, bellt mich die K\u00f6nigin von der Seite an. Es scheint, als wolle sie sich im n\u00e4chsten Augenblick wie eine L\u00f6win auf mich st\u00fcrzen. K\u00f6nig Kanzo legt ihr eine Hand auf die Schulter. \u201eSie wei\u00df, was sie tut.\u201c Doch ich ignoriere sie und konzentriere mich auf die blutende Wunde. Das Blut h\u00e4lt sich in Grenzen, womit es mir beweist, dass keine Organe verletzt sind. Trotzdem hat er viel verloren. Er w\u00fcrde ruhen und ordentlich essen m\u00fcssen. Fachm\u00e4nnisch, so wie mein Vater es mir beigebracht hat, s\u00e4ubere und verbinde ich die Wunde. Mit Hilfe einer M\u00f6rsel verarbeite ich ein paar Arnikabl\u00e4tter zu einer Salbe und trage sie um die Wunde auf, bevor ich sie verbinde. Damit w\u00fcrde er keinen Fieber bekommen und eine Entz\u00fcndung wird verhindert. Hin und wieder kommt der J\u00fcngling zu sich, doch er ist \u00f6fter bewusstlos, als bei Bewusstsein. Nach einer Viertelstunde, die mir wie eine halbe Ewigkeit vorkommt, bin ich fertig. \u201eIch werde ein Tee aus Weidenrinde fertig machen und sie ihm bringen lassen. Es wird seine Schmerzen lindern und aufsteigendes Fieber verhindern. Au\u00dferdem sollte die Wunde jeden Tag gereinigt werden. Ansonsten ist alles in Ordnung.\u201c \u201eIch danke Euch vielmals!\u201c, sagt die K\u00f6nigin, doch ihr Blick gilt dem jungen Mann. Sie kniet sich zu ihm hinunter und greift seine Hand. Mit der anderen streicht sie ihm z\u00e4rtlich \u00fcber das Gesicht. \u201eIch werde Euch eure Gem\u00e4cher zeigen. Zwei Wachen k\u00f6nnen ihn mitnehmen. Ich glaube nicht, dass er imstande ist, zu laufen.\u201c K\u00f6nigin Dania nickt K\u00f6nig Kanzo zu. \u201eDanke f\u00fcr alles und entschuldigt bitte die Umst\u00e4nde.\u201c K\u00f6nig Kanzo winkt ab. Ich schaue wieder auf das verschwitzte Gesicht des jungen Mannes. Pl\u00f6tzlich und ohne Vorwarnung greift er nach meiner Hand. Sein Blick ist glasig, doch seine Augen fesseln mich trotzdem. Ich halte die Luft an. \u201eEngel...\u201c, murmelt er, sodass nur ich es h\u00f6ren kann. \u201eDu bist ein Engel.\u201c Dann schl\u00e4ft er ein.",
            "wordcount": "1.291",
            "chapter_release": "04.04.2014",
            "chapter_number": "7"
        },
        "8": {
            "text": "Hallo meine lieben Leser. Leider hat es diesmal etwas l\u00e4nger gedauert, weil ich mir die M\u00fche gemacht habe, noch einmal alles zu \u00fcberfliegen und ein bisschen was zu \u00e4ndern sowie zu korrigieren. Ich hoffe ihr habt Spa\u00df beim Lesen und ich werde versuchen, regelm\u00e4\u00dfiger zu Schreiben, auch wenn ich mir mehr M\u00fche geben m\u00f6chte, und alles mehrere Male \u00fcberarbeiten werde, bevor ich ein Kapitel \u0001 \u0002 Gr\u00fc\u00dfe, eure \u0001 \u0002.S. Wher Fheler finded, darv si behaltn. :)Ich sp\u00fcre seine viel zu warmen H\u00e4nde, die meinen K\u00f6rper betasten und b\u00e4ume mich mit aller Kraft dagegen auf. Meine H\u00e4nde sind gefesstelt, ich bin gel\u00e4hmt, bin m\u00fcde. Ich gebe auf. Doch ich schreie bis ich heiser bin...Als ich erwache, blicke ich in dunkelblaue Augen. Ich gebe einen erschrockenen Laut von mir. \u201eGuten Morgen. Habe ich dich geweckt?\u201c, fragt Mayn und mustert mich. Ich atme tief aus, weil die Erinnerung an den Traum noch schrecklich pr\u00e4sent ist. Ich streiche mir die zerzausten Haare vom Gesicht. \u201eDu hast mich erschrocken\u201c, erwidere ich. \u201eHast du schlecht getr\u00e4umt?\u201c \u201eMayn, ich bin jetzt nicht in Stimmung.\u201c Ich schlage die hellblauen Bettlaken zur\u00fcck und gehe in meinen Waschraum. Ich sch\u00fctte kaltes Wasser aus dem Krug in ein Becken aus Porzellan, das auf einer dunkelbraunen Komode mit schwarzen Messinggriffen steht. In den Schubladen liegen Handt\u00fccher. Ich hole einen daraus hervor. Was ich im Spiegel sehe, gef\u00e4llt mir ganz und garnicht. Mein Gesicht gl\u00e4nzt unnat\u00fcrlich, was zusammen mit der blassen Gesichtsfarbe aussieht, als w\u00e4re ich krank. Glanzlose Augen blicken mir entgegen. Mein wirres Haar sieht aus wie ein Vogelnest. Ich binde sie als erstes zu einem Knoten, ehe ich mein Gesicht in das kalte Wasser tauche. Anschlie\u00dfend rubbele ich mich mit dem Handtuch trocken. Als ich wieder in den Spiegel blicke, nicke ich zufrieden. Na also, immerhin habe ich jetzt etwas Farbe im Gesicht. Nur noch die sternf\u00f6rmige Narbe an meiner Schl\u00e4fe bleibt blass und gl\u00e4nzend und erinnert mich an den Traum... \u201eWeichst du mir aus?\u201c Ich blicke zu Mayn, die an der T\u00fcr steht. \u201eWieso sollte ich dir ausweichen? Ich habe dich nur nicht erwartet.\u201c \u201eK\u00f6nnen wir uns bitte wieder vertragen?\u201c, fragt Mayn. \u201eIch kann nicht l\u00e4nger nicht mit dir reden.\u201c \u201eAch, Mayn. Ich wollte schon gestern mit dir reden, aber es hat sich nicht ergeben.\u201c \u201eWer waren diese dummen Lords, die neben dir sa\u00dfen?\u201c, fragt sie neugierig. \u201eDie haben sich ja ganz sch\u00f6n auf dich gest\u00fcrzt.\u201c Sie kichert wie ein kleines M\u00e4dchen. \u201eIch wei\u00df nicht, und ich will sie auch nicht mehr in meiner N\u00e4he haben. Dein Bruder will mich wohl testen.\u201c Ich frage mich, ob ich ihr erz\u00e4hlen soll, dass ich gestern beim K\u00f6nig war. Wie w\u00fcrde sie darauf reagieren? Wahrscheinlich w\u00fcrde es wieder einen Streit vom Zaun brechen und das will ich nicht. Nicht schon wieder. Mayn zwierbelt eine schwarze Haarstr\u00e4hne zwischen zwei Fingern. \u201eDas war der Prinz gestern\u201c, sagt sie und blickt zu Boden. \u201eDas habe ich mir schon gedacht.\u201c Seine Augen kommen mir in den Sinn. Diese undefinierbare Farbe, die weder mit dem Blau des Himmels, noch mit dem Gr\u00fcn der W\u00e4lder zu verlgeichen ist. Mein Herz scheint pl\u00f6tzlich f\u00fcr einen Augenblick schneller zu schlagen. Oder ich bilde es mir nur ein. \u201eIch wei\u00df nicht...\u201c, sie stockt. \u201eAlso, er... jetzt, wo sie hier sind...\u201c Mayn seufzt tief und schaut mich dann hilflos an. \u201eDu kannst dich ruhig aussprechen, Mayn. Was hast du? Warte.\u201c Wir gehen zur\u00fcck in mein Schlafgemach und setzen uns auf meine Fensterbank, \u00fcber der man den ganzen Hof, das Dorf und weiter weg die Berge mit den Nadelbaumw\u00e4ldern erblicken kann. \u201eAlso?\u201c \u201eIch wei\u00df nicht, wie ich es erkl\u00e4ren soll. Jetzt, wo der Prinz da ist, ist es pl\u00f6tzlich realer. Ich werde ihn heiraten. Aber jetzt wird mir mulmig, wenn ich daran denke.\u201c \u201eNoch steht nichts fest, Mayn. Du bist nicht gezwungen, ihn zu heiraten.\u201c \u201eIch muss ihn heiraten, Blair. Verstehst du das nicht? Es ist meine Pflicht als Prinzessin. Es geht um die Zukunft und-\u201c \u201eWarte.\u201c Ich seufze. Aber wenn sie mit mir dar\u00fcber spricht, muss sie sich im Klaren sein, dass ich ihr meine Meinung sage. Auch wenn es wieder im Streit enden wird... \u201eMayn, ich wei\u00df, wie sehr du dir den Frieden w\u00fcnschst. Du, dein Bruder und alle anderen sechs K\u00f6nige. Aber es wird kein Frieden geben, nur, weil du einen Prinzen und ich deinen Bruder heiraten m\u00fcssen. Denn es wird nichts \u00e4ndern! Es wird immer Spione unter den K\u00f6nigreichen geben! Es wird immer machts\u00fcchtige und kaltbl\u00fctige Menschen geben. Man kann sie nicht alle-\u201c \u201eH\u00f6r auf damit! Ich kann es nicht mehr h\u00f6ren, Blair!\u201c, braust sie auf. \u201eVerdammt, Mayn!!\u201c Gereizt springe ich von der Fensterbank. \u201eWas erwartest du dir von diesen verdammten Hochzeiten?!\u201c, belle ich. \u201eDu warst von uns beiden diejenige, die immer von der wahren Liebe geschw\u00e4rmt hat! Ist es dir lieber, einen Mann an deiner Seite zu haben, der K\u00f6nig ist und dich zur K\u00f6nigin macht, nur, damit ihr am Ende in der Schlacht gegen Opponenten stirbt? Oder ist es dir lieber, die Liebe deines Lebens zu heiraten und Seite an Seite mit ihm gegen das B\u00f6se zu k\u00e4mpfen?! Denn egal, ob es mit eurem Tod oder Leben endet, am Ende bist du mit dem Menschen zusammen, f\u00fcr den du dich entschieden hast.\u201c Tr\u00e4nen laufen \u00fcber ihr Gesicht und ich frage mich, ob ich es \u00fcbertrieben habe. Doch meine Temperament geht manchmal mit mir durch, ohne, dass ich es aufhalten kann. \u201eIch habe mit deinem Bruder gesprochen\u201c, fl\u00fcstere ich. \u201eIch habe ihm gesagt, dass ich nicht daran denke, ihn zu heiraten. Ich will gl\u00fccklich sein. Ich liebe ihn nicht. Aber ich liebe dich, Mayn. Du bist wie meine Schwester. Und ich w\u00fcrde meiner Schwester niemals Schaden zuf\u00fcgen wollen.\u201c Mayn antwortet nicht, ihr Gesicht ist mit Tr\u00e4nen bedeckt. Sie schluchzt. Ich gehe zu ihr hin und umarme sie. Sie lehnt ihren Kopf an meine Schulter. \u201eIch liebe... Ich liebe schon jemanden\u201c, h\u00f6re ich ihre erstickte Stimme an meiner Schulter. Ich \u0001 \u0002 \u00f6ffne das Tor zum Garten. Mein kleiner Reich. Ich habe lange keinen Unkraut mehr gej\u00e4tet und ich muss darauf Acht geben, dass die giftigen Pflanzen nicht zu nah aneinander wachsen. Giftpflanzen auf der einen Seite, Heilkr\u00e4uter auf der anderen. Es ist an der Zeit, die Samen der Belladonna zu pflanzen. Ich trage ein paar der Samen bei mir, in der gro\u00dfen Seitentasche meines dunkelgr\u00fcnen Umhangs, in einem Baumwolls\u00e4ckchen. Darunter trage ich dummerweise das beige schlichte Kleid, da all meine Hosen noch nicht gewaschen sind. Der Grund daf\u00fcr ist, dass ich sie selber wasche, weil Abbey gedroht hat, sie zu verbrennen, sollten sie ihr unter die Finger geraten. Meist keimen nur die H\u00e4lfte der Samen der Belladonna. \u201eSch\u00f6ne Frau. Bist du eine so eitle Pflanze? Bist du dir zu gut, zu wachsen und dich zu zeigen? Dabei hast du auch heilende Wirkungen.\u201c Ich gehe zu den Giftpflanzen. Ich streife mir einen braunen Handschuh \u00fcber die Hand und pfl\u00fccke etwas von der Engelstrompete. Ich krame in meiner Tasche nach den kleinen Glasbeh\u00e4ltern mit den Korkdeckeln. Vorsichtig lege ich die Engelstrompete in ein Beh\u00e4lter. Dasselbe tue ich mit ein paar weiteren Pflanzensorten. Pflanzliche Medizin kann immer von N\u00f6ten sein. Und ich habe ungern \u00fcber lange Zeit diese gef\u00e4hrlichen Pflanzen im Garten. Meist bewahre ich ihre Samen \u00fcber den Winter auf. Dann liegt der Garten brach. Heilkr\u00e4uter lagern wir im Stall, weil es dort warm und trocken ist. Wenn keine Samen einer jeweiligen Pflanze (meist von Giftpflanzen) mehr vorhanden sind, reite ich nach ihnen aus, meist in Begleitung von Wachen, seit mein Vater gestorben ist. Niemand sollte allein unterwegs sein. K\u00f6nig Kanzo hat ein Gesetz daraus gemacht. Selbst H\u00e4ndler, die weiterreisen, oder unsere Gesch\u00e4ftsleute werden von k\u00f6niglichen Wachen begleitet. Der Ritt dauert h\u00f6chstens vier Tage. Meist gen S\u00fcden nach Northscape, K\u00f6nig Harringtons K\u00f6nigreich. Manchmal kommt Mayn mit, doch wei\u00df sie nicht genau, warum. Ich habe ihr einmal erkl\u00e4rt, ich suche nach Heilpflanzen und Kr\u00e4utern, die bei uns nicht gedeihen k\u00f6nnen. Es ist vielleicht besser, wenn sie es nicht wei\u00df. Mayn. Sie ist in ihre Gem\u00e4cher verschwunden, nachdem sie sich ausgeweint hat. Sie hat gesagt, sie wollte etwas f\u00fcr sich sein und ich habe gesagt, ich w\u00fcrde ihr sp\u00e4ter einen Tee machen, der ihr besonders schmecken w\u00fcrde. Ich brauche Lavendel daf\u00fcr, doch dieser bl\u00fcht eigentlich erst im Sommer. Aber sicher w\u00e4chst schon irgendwo Kamille und etwas Ysop f\u00fcr den Geschmack. Vorsichtshalber gibt es Lavendel im Vorrat. Ich packe die Beh\u00e4lter mit meiner gef\u00e4hrlichen Beute in die Tasche und gehe hin\u00fcber zu den Heilkr\u00e4utern. Etwas Weidenrinde f\u00fcr den Prinzen w\u00fcrde ich auf dem Weg zur\u00fcck von dem gro\u00dfen Weidenbaum abkratzen. Mohn und Baldrian, um die Schmerzen auf seiner Schulter zu mildern. Ich werde die h\u00fcbsche rote Blume und die wei\u00dfen, zarten Bl\u00fcmchen des Baldrian auf dem Weg zur\u00fcck am Feldweg aufsammeln. Das einzige Problem unseres K\u00f6nigreiches ist der Mangel an \u00c4rzten. Meist sorge ich im Schloss daf\u00fcr, doch Kleinigkeiten, wie ein Tee oder Salben f\u00fcr Erk\u00e4ltungen, Kopfschmerzen, Wehenschmerzen, Magenerkrankungen und \u00e4hnliches herzustellen, erledigt die Dienerschaft. Ich bin eher f\u00fcr schlimmere Dinge zust\u00e4ndig. Herzkrankheiten. Fieberkr\u00e4mpfe. Verbrennungen. Auch die Beruhigungsmittel werden durch meine Hand hergestellt. Viele dieser Mittel enthalten pflanzliche Inhaltsstoffe, die gef\u00e4hrlich sind und die Patienten in Rauschzust\u00e4nde bringt. Ein wenig wie die Wirkung des Alkohols. Nur gef\u00e4hrlicher. Und unberechenbarer. Die Leute aus dem Dorf reden immer \u00fcber mich, und sagen, ich sei wie meine Gro\u00dfmutter. Sie nicken mir meist verstohlen zu, wenn sie mich sehen, andere L\u00e4cheln mich dankbar an. Vielen Frauen im Dorf habe ich bei der Geburt ihrer Kinder geholfen. Fr\u00fcher starben viele Frauen bei der Entbidung. Inzwischen hat sich die Zahl verringert. Rezepte f\u00fcr Mittel, von denen ich wei\u00df, dass sie nicht gef\u00e4hrlich sind, sondern h\u00f6chstens abf\u00fchrend wirken k\u00f6nnen, wurden vor einiger Zeit in unserem Dorf verbreitet und es gibt auch schon genug M\u00e4nner, die sich der Welt der Medizin und der Anatomie des Menschen gewidmet haben. Zu einer anderen Zeit w\u00e4re ich mit meinem Wissen auf dem Scheiterhaufen gelandet. Doch nicht in unserem \u0001 \u0002 meinem Zimmer wartet Abbey bereits auf mich. Ich verziehe das Gesicht beim Anblick des sonnengelben Kleides auf meinem Bett. \u201eHeute findet das Mittagsmahl im gro\u00dfen Speisesaal statt. Du hast nur wenig Zeit, dich fertig zu machen\u201c, erkl\u00e4rt sie beim Anblick meines Gesichtsausdrucks. Emp\u00f6rt schnappe ich nach Luft. Meist esse ich gemeinsam mit den M\u00e4gden in der K\u00fcche zu Mittag oder in meinem Wohngemach mit Mayn. Niemals speisen wir mit dem K\u00f6nig zu Mittag. Das Abendessen ist viel wichtiger, da er tags\u00fcber entweder unterwegs ist oder viel zu tun hat. \u201eWarum? Hat der K\u00f6nig pl\u00f6tzlich beschlossen, das gemeinsame Mittagsmahl einzuf\u00fchren?\u201c \u201eSei nicht vorlaut und zieh dich aus\u201c, fordert Abbey. \u201eDu wirst heute in Gesellschaft der K\u00f6nigin aus Western Coast, ihrer Schwester aus Little Coast und dem Prinzen essen.\u201c Meine T\u00fcr wird aufgerissen und Mayn st\u00fcrmt herein. \u201eGott, ich kann vor lauter Aufregung nicht still sitzen. Bist du fertig, Blair?\u201c Sie h\u00e4lt inne, als sie mich sieht, vollkommen verschmuzt vom Ausritt und Abbey, die ihren Kopf sch\u00fcttelt. \u201eWo bleibt die Etiquette, Prinzessin Mayn?\u201c, fragt sie in sanftem aber bestimmten Ton. Ich verziehe das Gesicht. Mich h\u00e4tte sie wahrscheinlich geohrfeigt. Mayn tr\u00e4gt ein blutrotes Kleid, das um ihr Dekollet\u00e9 mit glitzernden Steinchen bestickt ist. Ihr gewelltes rabenschwarzes Haar tr\u00e4gt sie offen und ist nur an den Seiten geflochten und hinten zusammengesteckt worden. Das Wangenrot steht in einem heftigen Kontrast zu ihrer blassen Haut. Ihre blauen Augen strahlen. Sie sieht bezaubernd aus. \u201eOh, entschuldige Abbey!\u201c Sie dr\u00fcckt ihr einen herzlichen Kuss auf die Wange. \u201eDiese Aufregung macht mir wahrhaftig zu schaffen. Blair, gehen wir gemeinsam zum Speisesaal?\u201c \u201eSelbstverst\u00e4ndlich, du Schleimerin.\u201c Ich grinse und sie knufft mir in die Seite. \u201eMeine Damen, etwas mehr Anstand, bitte\u201c, ermahnt uns Abbey. Wir lachen beide laut. \u201eAbbey, wir machen doch nur ein bisschen Spa\u00df\u201c, erkl\u00e4re ich, doch sie sch\u00fcttelt nur den Kopf. \u201eBist du etwa nicht aufgeregt?\u201c \u201eNein, eigentlich nicht. Aber versuche dich zu beruhigen! Du hast schon rote Flecken am Dekollet\u00e9!\u201c Wir rauschen in unseren Kleidern die G\u00e4nge entlang. Ich starre vor mich hin, Mayn atmet st\u00e4ndig tief ein und aus. Nat\u00fcrlich ist mir etwas mulmig zu Mute, wenn ich an das Essen denke. Der Prinz kommt mir in den Sinn, der Pfeil in seiner Schulter, diese Augen, seine Worte... \u201eDu h\u00e4ttest mir heute morgen Bescheid sagen k\u00f6nnen. Wieso bin ich immer die letzte, die von solchen Festlichkeiten wei\u00df?\u201c \u201eMein Bruder hat die Sache spontan geplant\u201c, erkl\u00e4rt Mayn. \u201eSchlie\u00dflich hat er jetzt k\u00f6niglichen Besuch und um den muss er sich dementsprechend k\u00fcmmern.\u201c Ich schlie\u00dfe die Augen und atme aus. Kurz vor dem Eingang zum Saal bleiben wir stehen. Die Wachen \u00f6ffnen die T\u00fcren und lassen uns eintreten. Bewundernd betreten wir den Raum. Die Tische wurden in Form eines umgedrehten U aufgestellt und alles ist wie ein festliches Bankett dekoriert. Die Tische sind mintgr\u00fcn gedeckt und mit Gestecken aus Wild- und Feldblumen dekoriert. Der Duft von Lavendel und s\u00fc\u00dfen Rosen erf\u00fcllt die Luft. \u00dcberall stehen paar- oder gr\u00fcppchenweise Lords und Damen in prachtvollen, bunten Kleidern. Ich sch\u00e4tze uns auf etwa zwei Dutzend Leute. \u201eDort dr\u00fcben\u201c, fl\u00fcstert Mayn und deutet mit dem Kopf Richtung Tischende, Dort, wo sich die K\u00f6nige hinsetzen wird. Sie werden alle \u00fcberblicken k\u00f6nnen. \u201eKomm.\u201c Mayn nimmt meine Hand und unsere R\u00f6cke rauschen auf dem Weg zu K\u00f6nig Kanzo, Silvern, Prinz Ardenne und die K\u00f6niginnen Dania und Cynia. \u201eOh, da sind ja meine beiden Prinzessinnen\u201c, ruft K\u00f6nig Kanzo. Sein Blick gilt mir, ein dunkler, feuriger Blick, der mir die Luft zuschn\u00fcrt. Reflexartig dr\u00fccke ich Mayns Hand viel zu fest und lasse sie schnell los. Sie blickt mich kurz argw\u00f6hnisch an. Wir begr\u00fc\u00dfen unsere G\u00e4ste mit einem Knicksen. \u201eAh, ja, Ihr seid diejenige, die meinem Sohn das Leben gerettet hat. Ich bin Euch zu gro\u00dfen Dank verpflichtet\u201c, erkl\u00e4rt K\u00f6nigin Dania und nimmt meine H\u00e4nde. \u201eWenn es je etwas gibt, was ich f\u00fcr Euch tun kann, z\u00f6gert nicht, mich darum zu bitten.\u201c Sie dr\u00fcckt meine H\u00e4nde kurz. Ihr katzenhaften gr\u00fcnen Augen blicken mich freundlich an, doch ich erkenne etwas Dunkles, das in ihnen verborgen liegt. Die olivfarbene Haut strahlt trotz ihres Alters in dem smaragdgr\u00fcnem Kleid. Das blonde Haar ist am Ansatz etwas ergraut, was durch den hochgesteckten Dutt erst recht auff\u00e4llt. \u201eUnd Ihr m\u00fcsst Prinzessin Mayn sein. Ihr seht fanstastisch aus.\u201c Ich schirme mich von der Konversation ab und lasse meinen Blick \u00fcber die Gruppe schweifen. Silvern starrt vor sich hin und es ist nicht das erste Mal, dass ich ihn dabei ertappe. Ich folge seinem Blick und stelle fest, dass sein Blick Mayn gilt. Wieso \u00fcberrascht mich das nicht? Er bemerkt meinen Blick pl\u00f6tzlich und err\u00f6tet. Ich l\u00e4chele ihn an, doch er bleibt ernst und schaut weg. K\u00f6nigin Cynia, K\u00f6nigin Danias Schwester, sieht ihrer Schwester zum verwechseln \u00e4hnlich, trotz der zw\u00f6lf Jahre an Altersunterschied. Ihr Gesicht ist zwar noch nicht so sehr mit Lachf\u00e4ltchen um Augen und Mund durchzogen, wie ihre Schwester, doch sie teilen diesselbe gesunde Hautfarbe. Ihre Augen sind ebenfalls gr\u00fcn und sie tr\u00e4gt ein blassblaues Kleid. Das blonde Haar ist hochgesteckt und ein paar Str\u00e4hnen rahmen ihr Gesicht ein. \u201eEntschuldigt, Prinzessin Blair?\u201c Ich wende mich der m\u00e4nnlichen Stimme zu, die irgendwie vertraut klingt, aber irgendwie auch nicht. Prinz Ardenne steht vor mir und h\u00e4lt mir seine Hand hin, die ich ergreife. Er haucht einen Kuss darauf und ein komisch warmes Gef\u00fchl macht sich in meinem Magen breit. Er \u00fcberragt mich um fast zwei K\u00f6pfe und ist in etwa so alt wie K\u00f6nig Kanzo und etwa genauso gro\u00df. Seine Haut ist so blass im Gegensatz zu seiner Mutter. Seine Augen... sind unglaublich. F\u00fcr einen Moment vergesse ich, was ich sagen will, doch ich fange mich schnell wieder. Wie besch\u00e4mend. \u201eOh, \u00e4h, eigentlich bin ich keine Prinzessin.\u201c \u201eIhr seid keine Prinzessin?\u201c Er zieht die Augenbrauen zusammen, sodass eine Pfurche zwischen ihnen entsteht. Pl\u00f6tzlich habe ich den Drang, sie zu ber\u00fchren. Rei\u00df dich zusammen, Blair!, mahnt meine innere Stimme. Du kennst diesen Menschen doch garnicht! \u201eOh, entschuldigt, ich muss wohl gerade mit meiner Ank\u00fcndigung f\u00fcr Verwirrung gesorgt haben\u201c, mischt sich K\u00f6nig Kanzo ein. \u201eLady Blair ist keine Prinzessin, das ist wahr.\u201c Er stellt sich zu mir und erschrocken bei\u00dfe ich die Z\u00e4hne aufeinander. Seine N\u00e4he l\u00e4hmt mich und der Selbsthass \u00fcberrollt mich, den ich schon gewohnt bin, weil durch ihn diese schwachen Gef\u00fchle in mir wach werden. \u201eDas hei\u00dft, dass Prinzessin Mayn wohl meine zuk\u00fcnftige Schwiegertochter sein wird\u201c, stellt K\u00f6nigin Dania fest, dr\u00fcckt Mayns H\u00e4nde und l\u00e4chelt sie herzlich an. Ihre Worte versetzen mir einen kaum merklichen Stich, doch ich vermag nicht zu sagen, warum. Mayns L\u00e4cheln ist wie erfroren, als mein Blick zu ihr wandert. Auch Prinz Ardenne blickt zu Mayn, anschlie\u00dfend landet sein Blick bei Silvern und zuletzt bei mir. Argw\u00f6hnisch ziehe ich die Augenbrauen zusammen. \u201eWer seid Ihr dann?\u201c, fragt er mich. Etwas Ungl\u00e4ubiges liegt in seinem Blick. Oder ist es Entt\u00e4uschung? Das vermag ich nicht zu sagen. Als ich antworten will, mischt sich K\u00f6nig Kanzo erneut ein. \u201eIhr Vater war Waffenschmied und zuletzt Oberster Offizier meiner Eltern. Er kam durch denselben Spion um, wie sie.\u201c Stille. K\u00f6nigin Dania und K\u00f6nigin Cynia sehen einander wehm\u00fctig an. \u201eDoch lasst uns nicht in der Vergangenheit schwelgen. Ich habe Lady Blair schon gesagt, dass sie keine Prinzessin zu sein braucht. Warum Prinzessin, wenn sie zur K\u00f6nigin werden kann?\u201c Er lacht lauthals und alle stimmen in seinem Gel\u00e4chter mit ein. Au\u00dfer ich. Ich schaue zur Seite. Das war geschickt eingef\u00e4delt von ihm. Ich schaue zu Prinz Ardenne, der nicht zu wissen scheint, wo er hinschauen soll. Sein Blick gilt haupts\u00e4chlich Mayn, so kommt es mir vor. Doch etwas kocht in meinem Magen bei diesem Anblick. Ich sch\u00fcttele kurz den Kopf. Es soll mir Recht sein. Er wird schlie\u00dflich Mayn heiraten. \u201eNun lasst uns essen!\u201c, verk\u00fcndet K\u00f6nig Kanzo. \u201eBringt das Mahl zu Tisch!\u201c Ich sitze wieder zwischen einem der Lords von gestern Abend. Silvern sitzt zu meiner Rechten. Uns gegen\u00fcber sitzen ausgerechnet Mayn und Prinz Ardenne. Die drei K\u00f6nige sitzen am Kopfe des U-f\u00f6rmigen Banketts. Ich starre auf meinen Teller, und, obwohl das Essen wundervoll schmeckt, weil Salome die beste K\u00f6chin der dreizehn K\u00f6nigreiche ist, bekomme ich kaum einen Bissen runter. Silvern h\u00e4lt eine Gabel in der Hand, an der ein Fleischst\u00fcck steckt. Seine linke Hand ist unter dem Tisch zur Faust geballt. \u201eAlles in Ordnung?\u201c, frage ich. Ich mustere ihn. Er hat einen verkniffenen Gesichtsausdruck. Dann f\u00e4llt mein Blick auf die Blumen, die den Tisch s\u00e4umen. Feldblumen, allesamt. Doch irgendetwas st\u00f6rt mich bei ihrem Anblick... \u201eIhr habt kaum Euer Essen anger\u00fchrt\u201c, erkl\u00e4rt er, nur, um mich zu \u00e4rgern, statt auf meine Frage einzugehen. \u201eWunderbar, wirklich, Silvern. Meinst du, ich bin blind? Es steht dir im Gesicht geschrieben, was dein Problem ist. Ich kenne dich, auch wenn du nicht mit mir sprichst.\u201c Seine Faust lockert sich, dann ruht seine flache Hand auf seinem Oberschenkel. Er f\u00fchlt sich ertappt. \u201eMeine Probleme interessieren niemanden.\u201c Soll ich ihm von Mayn erz\u00e4hlen? Aber was w\u00fcrde sie dar\u00fcber denken? Ich schaue hin\u00fcber und sehe, wie sie ihrerseits angespannt auf ihren Teller schaut. Prinz Ardenne hat hin und wieder versucht, mit ihr zu sprechen. Er bemerkt meinen Blick und bohrt seine Augen in meine. Ich halte die Luft an. Wie unversch\u00e4mt! Dann schaut Mayn auf. Sie l\u00e4chelt zaghaft. Doch ihr L\u00e4cheln gilt nicht mir. Aus dem Augenwinkel, bemerke ich, wie Silvern leicht den Kopf sch\u00fcttelt. \u201eAha\u201c, sage ich. Er zuckt kaum merklich zusammen. \u201eMan kann nichts \u00e4ndern\u201c, erkl\u00e4rt er. \u201eDas Schicksal hat schon bestimmt, wie die Zukunft aussehen wird.\u201c Ich blicke ihn ungl\u00e4ubig und w\u00fctend zugleich an. \u201eDas Schicksal liegt in unseren H\u00e4nden. Die Menschen sind freie Wesen, die selbst entscheiden k\u00f6nnen\u201c, fl\u00fcstere ich w\u00fctend. \u201eMag sein. Doch manche Menschen haben Pflichten.\u201c Darauf wei\u00df ich nichts zu antworten. Doch um ihn zu beweisen, dass ich Recht habe, dass das Schicksal in unseren H\u00e4nden liegt, und um von diesem Lord neben mir loszukommen, der sich nur dann traut, mich anzusprechen, wenn er drei Kelche Absinth intus hat, stehe ich auf. Silvern schaut mich verwirrt an, und auch Prinz Ardenne und Mayn schauen auf. Alle anderen sind entweder auf ihr Essen fixiert oder reden mit ihren Sitznachbarn. \u201eDie Entscheidungen die wir als Menschen treffen\u201c, sage ich so leise, dass nur Silvern es h\u00f6ren kann. \u201esind wie wenn ein einziger Mensch bei einem riesigem Bankett den Tisch verl\u00e4sst. Nur die, die sich f\u00fcr ihn interessieren, werden seine Abwesenheit bemerken. Genauso, wie Entscheidungen die wir treffen nicht alle Menschen einschlie\u00dfen werden. Es wird sich nichts auf der Welt \u00e4ndern, nur weil zwei Adlige sich verm\u00e4hlen. Unsere Probleme bleiben weiterhin ungel\u00f6st.\u201c Der Stuhl schabt quietschend \u00fcber das beige Marmor. Ein letzter Blick in die Menge best\u00e4tigt meine Aussage. Mayn blickt mich fragend an. Ich treffe K\u00f6nig Kanzos Blick. Doch ehe sich wieder das Gef\u00fchl von Ekel und Angst in mir breit machen kann, verlasse ich energischen Schrittes das Saal. Mein Schritt wird langsamer, als ein Bild vor meinen inneren Augen erscheint. Die Feldblumen. Die Gestecke. Irgendetwas an ihnen hat mich gest\u00f6rt. Und dann f\u00e4llt es mir wieder ein. Sie waren klein und unauff\u00e4llig. Kleinw\u00fcchsig. Kleinw\u00fcchsige wei\u00dfe Lilien. Todesblumen.",
            "wordcount": "3.480",
            "chapter_release": "04.04.2014",
            "chapter_number": "8"
        },
        "9": {
            "text": "Noch drei Tage bis zum Ball, und je n\u00e4her er r\u00fcckt, desto mehr w\u00e4chst meine Nervosit\u00e4t. Auch wenn noch einige K\u00f6nige fehlten, so ist es abgemacht, dass diese mindestens ein Tag davor anreisen. K\u00f6nig Rosslare aus dem Nordewesten, also aus Green Desert, ist ohnehin f\u00fcr seine Unp\u00fcnktlichkeit bekannt. Doch viele wissen, dass er nur versucht, so wenig Zeit wie m\u00f6glich in K\u00f6nigin Danias Anwesenheit zu sein. Was genau zwischen den beiden geschah, wei\u00df jedoch niemand. Viele denken, es l\u00e4ge daran, dass es der K\u00f6nigin am Alter lag, doch die f\u00fcnf Jahre an Altersunterschied scheinen mir nicht gerechtfertigt. Und Mayn hat mal von ihrem Bruder geh\u00f6rt, die K\u00f6nigin w\u00e4re fremdgegangen, woraufhin K\u00f6nig Rosslare sie vor dem Altar stehen lie\u00df. Zu der Zeit, als die Hochzeit feststand, sollten n\u00e4mlich beide K\u00f6nigreiche vereint werden, was eine gute Idee war, wenn man bedenkt, das beide K\u00f6nigreiche aneinander grenzen. Doch dazu kam es nicht. Und Genaueres wei\u00df niemand. Aus dem Osten kommen K\u00f6nig Baltimore und seine Gemahlin K\u00f6nigin Bantry. Diese reisen aufgrund ihres Alters mit dem Schiff \u00fcber den Fountain Bay, der einzige Golf, an welchem wir auch grenzen, den ich aber noch nie gesehen habe. K\u00e4men sie mit Pferden, m\u00fcssten sie lange reisen und dar\u00fcber hinaus das feindliches Land Landlock \u00fcberqueren. Die Leute aus Eastern Wing, also aus der Heimat von K\u00f6nig Baltimore und K\u00f6nigin Bantry, sind bekannt f\u00fcr die tausenden von feinen Kettchen, die sie um den Hals tragen. Die Farben der Ketten um ihren Hals zeigen ihren gesellschaftlichen Stand an. So tr\u00e4gt das K\u00f6nigspaar goldene Ketten, w\u00e4hrend Bauern braune oder gr\u00fcne Ketten tragen und Soldaten silberne. Auch K\u00f6nig Cashel und K\u00f6nigin Agnes m\u00fcssen \u00fcber das Meer reisen. Sie kommen aus der Insel Isle of Floret aus dem S\u00fcden und sind bekannt f\u00fcr ihre etwas dunklere Hautfarbe und den dunklen Haaren. Au\u00dferdem erkennt man sie an den unmengen von permanenten K\u00f6rperbemalungen an Armen und Beinen. Was K\u00f6nig Harrington aus Northscape betrifft, dieser l\u00e4sst sich auch so hin und wieder blicken. Es vergeht keinen Monat, an den er nicht f\u00fcr wenigstens eine Woche herkommt. Er hatte eine enge und vertraute Beziehung zu K\u00f6nig Leonard und auch f\u00fcr ihn war es ein Schock gewesen, als er von seinem Tod erfuhr. Ich bleibe vor dem Stall stehen, auf dem Arme eine Reihe wilder Blumen und Lavendel zum trocknen, sowie L\u00f6wenzahn in einem K\u00f6rbchen. Ich war im Schlossgarten und habe unkraut gej\u00e4tet, unter anderem den L\u00f6wenzahn, den ich meiner Lady Lu bringen werde. Doch verharre, als ich von fern Gejohle und Gejubel h\u00f6re. Es kommt von dem Platz hinter dem Stall. Hastig bringe ich meine Beute in den Stall und laufe um den Stall herum. Um den Ball, sowie den Besuch, den ich einen Tag vorher dem K\u00f6nig abstatten muss, zu vergessen, bin ich in letzte Zeit \u00f6fter zu den Soldaten und Wachen hinter den Stall gegangen. Dort ringen und k\u00e4mpfen sie miteinander, sie fechten und tragen Wettk\u00e4mpfe untereinander aus. Manchmal mache ich sogar mit, nicht unbedingt beim Ringen sondern eher bei den Wettk\u00e4mpfen. Der Dolch und mein Bogen sind mein Gebiet. Als sie dass zu sp\u00fcren bekommen haben, lie\u00dfen sie die sp\u00f6ttischen Bemerkungen bleiben, wenn auch z\u00e4hneknirschend, denn ich bin die einzige Frau unter ihnen. Sehr zu Abbeys Bedauern, wohlbemerkt. Ich beschleunige meinen Schritt, als ich die viele Leute um den Ring sehe und das ungew\u00f6hnlich laute Gejohle und Gejubel h\u00f6re. Ich k\u00e4mpfe mich durch die M\u00e4nnermasse nach vorne und erreiche den Ring, doch glaube ich zuerst, dass meine Augen mir einen Streich spielen. Doch das tun sie nicht. Mitten auf dem Platz stehen sich K\u00f6nig Kanzo und Prinz Ardenne gegen\u00fcber, die sich wie lauernde Wildtiere umkreisen. Sie l\u00e4cheln sich beinahe sp\u00f6ttisch an. Mein Herz setzt f\u00fcr Sekunden aus und im n\u00e4chsten Augenblick st\u00fcrzen sich die beiden im aufeinander und das Einzige, was sich erkennen l\u00e4sst ist, ist ein Kn\u00e4uel aus Armen und Beinen. K\u00f6nig Kanzo pariert fast jeden Schlag oder Tritt des Prinzen, dessen Taktik selbst ich nicht voraussehen kann. Ich bin verzaubert von der Eleganz der beiden, die st\u00fcrzen sich so elegant und grazi\u00f6s aufeinander, wie zwei L\u00f6wen, wundersch\u00f6n, als w\u00e4re jede Bewegung etwas vollkommen Nat\u00fcrliches. Nicht, das ich den K\u00f6nig nie k\u00e4mpfen gesehen habe. Silvern ist der beste Schwertmeister und ich sehen ihn immer mit dem K\u00f6nig trainieren. Generell sind die M\u00e4nner hier in Great Woods f\u00fcr ihre Kamptechniken und ihre trainierten K\u00f6rper bekannt. Doch mit jemanden zu k\u00e4mpfen, der nicht zu den unseren geh\u00f6rt... Es sieht fast so aus, als w\u00fcrden sich zwei Gezeiten gegen\u00fcber stehen, zwei Elemente, Wasser und Feuer, Erde und Luft. Bei jeder Attacke und jeder Abwehr zucke ich zusammen, doch ich kann meinen Blick nicht abwenden. Die beiden springen auseinander und stehen sich schwer atmend gegen\u00fcber. \u201eIch denke, wir belassen es bei unentschieden und verschieben den Kampf\u201c, ruft der K\u00f6nig atemlos und grinst seinen gegen\u00fcber breit an. \u201eGanz Eurer Meinung. Auch wenn es gerade anfing, interessant zu werden\u201c, erkl\u00e4rt Prinz Ardenne, ebenfalls au\u00dfer Puste und mit verzogenem Gesicht. Er legt seine linke Hand auf die rechte Schulter. \u201eSeine Schulter...\u201c, fl\u00fcstere ich. Ist der Kerl lebensm\u00fcde oder will er sich die Schulter nun komplett kaputt machen! K\u00f6nig Kanzo geht auf den Prinzen zu, die beiden umarmen sich und klopfen sich freundschaftlich auf den R\u00fccken. Ein etwas ungew\u00f6hnliches Schauspiel f\u00fcr mich, doch die Leute um sie herum applaudieren und jubeln lauthals. \u201eLasst Euch nochmal etwas f\u00fcr Eure Schulter geben.\u201c \u201eK\u00f6nig Kanzo! Wie w\u00e4r's, wenn Ihr Euch mit Lady Blair duellieren w\u00fcrdet. Der Prinz f\u00e4nde das sicher interessant\u201c, schreit pl\u00f6tzlich ein Soldat neben mir. Es ist Desmond, der erste Mann, den ich vor den anderen M\u00e4nnern bei einem Wettkampf mit dem Dolch besiegt habe. Er grinst mich l\u00fcstern an und ich starre entgeistert und w\u00fctend zugleich zur\u00fcck. \u201eSeid Ihr verr\u00fcckt geworden, Ihr Mistkerl!\u201c, zische ich, mache auf dem Absatz kehrt, um zu verschwinden, doch zu sp\u00e4t. \u201eLady Blair, wollt Ihr uns die Ehre erweisen?\u201c, ert\u00f6nt da die Stimme des K\u00f6nigs. Atemlos schaue ich an mir herunter. Ich bin angezogen wie ein Mann, in braunen Hosen und einer wei\u00dfen, etwas verschmutzten Tunika und verdreckten H\u00e4nden und Knien und jetzt soll ich mich mit dem K\u00f6nig anlegen. Ich drehe mich um. \u201eDas ist wirklich eine wundervolle Idee, aber ich denke nicht, dass-\u201c \u201eNa komm schon, Blair, ich will dich gegen meinen Bruder k\u00e4mpfen sehen!\u201c, ruft Mayn. Ich blicke mich um und entdecke sich zusammen mit den K\u00f6niginnen Dania und Cynia rechts vom Ring. Diese Verr\u00e4terin! \u201eNun, kommt.\u201c K\u00f6nig Kanzo l\u00e4chelt mich an und streckt seine Hand aus. Ich gehe z\u00f6gern in die Mitte des Rings. Die Menge gr\u00f6llt. Als ich vor ihm stehe, knickse ich kurz, wische mir schnell meine H\u00e4nde an meiner Hose ab, woraufhin ich lautes Gel\u00e4chter ernte und lege ihm dann eine Hand auf seine. \u201eIch werde Euch die Wahl lassen. Ihr d\u00fcrft Euch aussuchen, wie Ihr mich besiegen wollt.\u201c Der K\u00f6nig l\u00e4chelt mich an und haucht einen Kuss auf mein Handr\u00fccken. Sein warmer Atem auf meiner Hand jagt mir einen kalten Schauer \u00fcber den R\u00fccken. \u201eWie gro\u00dfz\u00fcgig, Eure Majest\u00e4t\u201c, murmele ich sarkastisch. Ich wei\u00df, ich kann ihn besiegen und ihn vor der Menge zu meinen F\u00fc\u00dfen knien lassen. Zumindest rede ich mir das ein. Und selbst wenn ich es k\u00f6nnte, so k\u00f6nnte ich das unm\u00f6glich tun. Vielleicht in meinen k\u00fchnsten Tr\u00e4umen, aber nicht hier. Damit kommen die Dolche und das Ringen nicht infrage. Ich schaue an den Rand des Feldes und entdecke die Waffen auf einem Tisch. Schwerter, Dolche, Lanzen, eine Armbrust\u2026 Ich gehe auf die Waffen zu und entdecke was ich will. \u201ePfeil und Bogen!\u201c, rufe ich dem K\u00f6nig zu. Er zieht die Augenbrauen hoch. \u201eIhr wollt also nicht in einem Nahkampf mit mir k\u00e4mpfen?\u201c Er l\u00e4chelt s\u00fcffisant. Die Menge beginnt wieder zu johlen. Nerv\u00f6s greife ich zu Pfeil und Bogen. \u201eIch will Euch doch nicht vor der Menge besch\u00e4men!\u201c Die Menge lacht und auch das Grinsen des K\u00f6nigs wird breiter. Ihm wird das Lachen noch vergehen. \u201eWie zuvorkommend, Lady Blair\u201c, sagt er, so leise, dass ich glaube, es von seinen Lippen abgelesen zu haben. Wieder l\u00e4uft mir ein kalter Schauer \u00fcber den R\u00fccken. \u201eZiel wird es sein, bei f\u00fcnfzig Fu\u00df Entfernung, die markierten Punkte auf der jeweiligen Zielscheibe zu treffen. Es stehen Euch jeweils sechs Pfeile zur Verf\u00fcgung. Wer die meisten Punkte auf der Zielscheibe trifft, hat gewonnen.\u201c Silvern tritt einen Schritt zur\u00fcck, nachdem er die Regeln verk\u00fcndet hat. Die Punkte auf den Zielscheiben sind jeweils unten und oben auf dem \u00e4u\u00dfersten wei\u00dfen Kreis der Zielscheibe, sowie rechts und links ebenfalls. Der letzte Punkte ist genau in der Mitte der Scheibe. Das packst du, Blair, denke ich, w\u00e4hrend wir uns in Position stellen. Nerv\u00f6s atme ich ein. \u201eDas schaffst du, Blair! Zeig es meinem Bruder!\u201c, feuert Mayn mich an. Angespannt h\u00e4lt die Menge die Luft an, so kommt es mir vor. \u201eIhr d\u00fcrft anfangen Lady Blair\u201c, sagt K\u00f6nig Kanzo. Ich gehe einen Schritt vor und lege den Pfeil an den Bogen. Dann spanne ich den Bogen an. Ich versuche, mich zu konzentrieren, atme langsam ein und dann aus. Mit einem lauten Knall trifft der Pfeil den rechten \u00e4u\u00dferen markierten Punkt. Die Menge jubelt. \u201eNicht schlecht\u201c, sagt der K\u00f6nig, ehe er vortritt. Dann ist er an der Reihe. Wir schaffe es beide, alle \u00e4u\u00dferen Punkte auf der Zielscheibe zu treffen. Erstaunt stelle ich fest, dass der K\u00f6nig besser ist, als ich dachte. Er grinst mich wissend an, doch ich schaue weg. \u201eBeide haben noch zwei Pfeil und einen Punkt zu treffen\u201c, verk\u00fcndet Silvern. Die Menge h\u00e4lt angespannt die Luft an. Konzentriert visiere ich den roten Punkt an. Mein Herz schl\u00e4gt so laut, dass ich das Gef\u00fchl habe, dass es alle h\u00f6ren k\u00f6nnen. Pl\u00f6tzlich und f\u00fcr einen so klitzekleinen Augeblick sp\u00fcre ich einen kalten Windzug im Nacken. Erschrocken zucke ich zusammen und im n\u00e4chsten Moment saust der Pfeil davon. Die Menge gr\u00f6llt, ehe ich begreife. Der Pfeil steckt au\u00dferhalb des in der mitte liegenden schwarzen Kreises der Zielscheibe. Ich atme zischend aus und starre ungl\u00e4ubig nach vorn. Was war das? Irgendetwas schien mich von hinten gepickst zu haben. Ich drehe mich um, hinter mir steht niemand, erst weiter hinten befinden sich Mayn, der Prinz und die K\u00f6niginnen. \u201eWie schade, Lady Blair, dabei dachte ich, die schwersten Punkte w\u00e4ren die \u00e4u\u00dferen.\u201c Am\u00fcsiert begutachtet mich der K\u00f6nig. \u201eNoch habe ich einen Pfeil.\u201c Ich beobachte ihn, wie er seinen vorletzten Pfeil an seinen Bogen anlegt und ihn davonrauschen l\u00e4sst. Wieder jubelt die Menge. Er hat getroffen. \u201eNun denn. Ihr seid dran.\u201c Er l\u00e4chelt. \u201eDas ist Eure letzte Chance, Lady Blair. Vermasselt sie nicht.\u201c Wut steigt in mir auf, dieser schreckliche Hass, der sich wie gl\u00fchende Lava in meinem Bauch anf\u00fchlt. Na los, Blair. Das kannst du, du bist die beste Bogensch\u00fctzin. Diesmal lasse ich mir noch ein wenig mehr Zeit. Tief atme ich ein und durch den Mund wieder aus. Drei, zwei\u2026 Unerwartet zucke ich zusammen, als ich wieder den kalten Luftzug am Nacken sp\u00fcre. Mit einem lauten Zischen saust der Pfeil davon. Die Stimme des K\u00f6nigs weckt mich aus meiner Trance. \u201eDas tut mir wirklich leid. Aber beim n\u00e4chstem Mal werdet Ihr sicher gewinnen.\u201c Gedem\u00fctigt schaue ich auf den Pfeil, keine zwei Finger \u00fcber den Punkt, den ich h\u00e4tte treffen sollen. \u201eWahrscheinlich ist Lady Blair etwas nerv\u00f6s. Ihr seht blass aus.\u201c Ich wende mich ab und blicke in das Gesicht des Prinzen. \u201e\u00c4h, wie bitte?\u201c \u201eStimmt das, Lady Blair. Seid Ihr nerv\u00f6s? In meiner Gegenwart braucht Ihr euch doch nicht nerv\u00f6s f\u00fchlen.\u201c Auch Mayn kommt herbeigelaufen. \u201eBlair, was war den los? Du triffst doch immer!\u201c Atemlos blicke ich mich um, alle schauen mich an und ich f\u00fchle mich wie ein gefangenes Tier. \u201eH\u00f6rt auf, sofort!\u201c, rufe ich atemlos. Stille. Kontrollier dich, Blair. Erstaunt blicken mich alle an. Doch jetzt blende ich alles aus. Ich kann die Wut in mir kaum b\u00e4ndigen. \u201eK\u00f6nig Kanzo\u201c, ich gehe auf ihn zu und bleibe nur wenige Zentimeter von ihm entfernt stehen. \u201eMylady?\u201c \u201eIch habe Euch doch gesagt, ich wollte Euch nicht vor der Menge besch\u00e4men.\u201c Tu das nicht, Blair. Du k\u00f6nntest es bereuen. Doch ich schenke meiner inneren Stimme keine Beachtung. \u201eNun?\u201c L\u00e4chelnd und erwartungsvoll mustert er mich. Pl\u00f6tzlich l\u00e4chele ich ihn ebenfalls an und greife zu seinem letzten Pfeil an seinem K\u00f6cher, den er \u00fcber die Schulter geworfen hat. Dann passiert alles ganz schnell. In sekundenschnelle lege ich den Pfeil an, visiere die Zielscheibe des K\u00f6nigs an und ehe mich jemand zur\u00fcckhalten kann, zischt der Pfeil auf die Scheibe zu und bohrt sich in den Pfeil des K\u00f6nigs, so tief hinein, dass er zu H\u00e4lfte auf der anderen Seite der Scheibe rausragt. Ich gehe auf den K\u00f6nig zu, der mich ernst anblickt und den Kopf schief legt. Ich knickse. \u201eEs war mir ein Vergn\u00fcgen... K\u00f6nig Kanzo.\u201c Dann verschwinde ich.",
            "wordcount": "2.367",
            "chapter_release": "04.04.2014",
            "chapter_number": "9"
        }
    },
    "title": "Guerreira - Licht und Schatten",
    "topic": "unspecified",
    "release": "\n04.04.2014\n\t\t\t\t\t\t",
    "author": "Crossheart"
}