{
    "tags": [],
    "chapcount": "17",
    "wordcount": "12.372",
    "chapters": {
        "1": {
            "text": "Autor & Copyright: Susanne Christie In Verdammnis und Leidenschaft2314Die Klimaver\u00e4nderung hat die Meere anschwellen lassen. Die Kontinente sind \u00fcberflutet. Die Menschheit wurde durch Kriege und weltweite Pandemien stark dezimiert. Die \u00dcbriggebliebenen leben in V\u00f6lkern von einigen tausend Individuen auf der wenigen, verbliebenen Landmasse. Um das Blut der Nutztiere aufzufrischen, G\u00fcter und Nahrungspflanzen auszutauschen ist es n\u00f6tig, die gigantischen, in jeder Hinsicht lebensgef\u00e4hrlichen Ozeane zu \u00fcberwinden, mit Schiffen, die kaum noch seet\u00fcchtig sind aufgrund fehlender Rohstoffe und Arbeitskr\u00e4fte.+++++++Mac Alaric begegnete ihm auf seinem ersten Rundgang durch das Schiff, kurz nachdem ihm die kleine Mannschaft vorgestellt worden war. Er wollte sich ansehen, wie die Howl Of Damnation beschaffen war. Schiffe waren in diesen Tagen zwar das Wichtigste, wegen der fehlenden Rohstoffe f\u00fcr Reparaturen aber auch das unsicherste Transportmittel, oft kaum noch in betriebst\u00fcchtigem, geschweige denn seet\u00fcchtigem Zustand. Zudem musste er als Kapit\u00e4n die \u00d6rtlichkeiten kennen. Das Kommando \u00fcber das Schiff war ihm \u00fcberraschend \u00fcbertragen worden. Es war keine Zeit geblieben, vorher eingef\u00fchrt zu werden, also musste er sich jetzt k\u00fcmmern, obgleich sie bereits auf See waren und er sich zus\u00e4tzlich noch mit der Navigation vertraut machen musste. Der Junge kauerte zusammengesunken in einer Ecke auf einem der Korridore, die Arme vor den Magen \u0001 \u0002, er war nicht wirklich ein Junge. Er hatte die Drei\u00dfig bereits \u00fcberschritten, sah jedoch jung aus. Und verdammt attraktiv. Er h\u00e4tte sein Sohn sein k\u00f6nnen. Ganz \u0001 \u0002 ging in die Knie und legte ihm die Hand auf die Schulter. \"Matrose, was ist mit Ihnen? Sie waren nicht bei der Mannschaftsversammlung, die ich angeordnet hatte.\"Der Mann hob den Kopf. Alaric blickte in aufrichtige, eisblaue Augen. Melancholische Augen. Romantische Augen. Vertr\u00e4umte Augen. Die verdammt sch\u00f6nsten Augen, die er je bei einem Mann gesehen hatte. \"Tut mir leid....... Konnte nicht......\"\"Seekrank, hm?\"Der Matrose wurde noch blasser und nickte. Alaric umfasste sanft seine Schultern. \"Kommen Sie!\"Alaric half seinem Findling, sich in einer der winzigen Kaj\u00fcten des Schiffs hinzulegen, R\u00e4umen, die gerade so breit waren wie die Betten, die sich darin befanden. \"Ruhen Sie sich aus, bis Sie sich besser f\u00fchlen.\"\"Danke.\"Alaric schaute auf den J\u00fcngeren hinunter. \"Wie hei\u00dfen Sie?\"\"Tris......Carver.\"\"Tris?\"\"Von Tristan.\"Alaric l\u00e4chelte. \"Gef\u00e4llt mir.\"Tris schluckte die \u00dcbelkeit hinunter, die in seiner Kehle sa\u00df, und fixierte den Mann mit dem wei\u00dfen Haar und dem gestutzten, gepflegten Vollbart. \"Sie sind Captain.......?\"\"Alaric. Mac Alaric. Man hat mir \u00fcberraschend das Kommando \u00fcber dieses Schiff gegeben. Man w\u00fcnschte wohl einen erfahrenen alten Haudegen wie mich. Wird eine turbulente Reise werden. Schwieriges Seegebiet.\"\"Ja. Dieses Schiff....... ihr Name ist Programm.\"\"Sie bekommt immer die schwierigen Routen, wie?\"Tris nickte, wobei er versuchte, den Kopf so wenig wie m\u00f6glich zu bewegen. Kleine Schwei\u00dfperlen bildeten sich auf seiner Stirn.\"Sagen Sie, Tris, wer ist der Erste Offizier auf der Howl Of Damnation? Mir wurde keiner vorgestellt bei der Zusammenkunft dieser winzigen Mannschaft.\"Tris' Stimme war lediglich ein Fl\u00fcstern. Ihm war sterbenselend. \"Das......bin ich, Sir.\"\"Oh. Okay.\" \"Tut mir leid, wegen...... meiner Verfassung......\"\"Aber nein! Machen Sie sich keine Gedanken. Bleiben Sie liegen. Ruhen Sie sich aus. Ich finde mich schon zurecht. Ist nicht das erste Schiff, das ich befehlige.\"\"Danke. Sir.\"",
            "wordcount": "572",
            "chapter_release": "03.01.2015",
            "chapter_number": "1"
        },
        "10": {
            "text": "Captain Alaric rief seine Matrosen und lie\u00df sie noch zwei Kisten \u00f6ffnen. In beiden Kisten lagen Leichen, diesmal waren es die Leichen von zwei Erwachsenen. Fassungslos starrte die kleine Crew auf den Fund.\"Schweine\", sagte Alaric heiser. \"Sie haben uns den Tod mitgegeben. Sie rechnen damit, dass wir alle an der Seuche sterben und die Howl Of Damnation untergeht. Damit sind ihre Sorgen behoben.\" \"Die verdammte dreizehnte Fahrt\", wisperte Tris, die Unterarme vor den Magen gepresst, als k\u00f6nnte er damit der \u00dcbelkeit Einhalt gebieten, die sich in seinem K\u00f6rper ein weiteres Mal voll entfaltet hatte und die angesichts des momentanen Seegangs nicht so schnell verschwinden w\u00fcrde.\"Aber niemand von uns hatte direkten Kontakt mit den Leichen\", wandte Porter ein, als k\u00f6nnte er einen Hoffnungsschimmer heraufbeschw\u00f6ren. \"Vielleicht haben wir nicht die gleiche Erkrankung, an der die Menschen gestorben sind, deren Leichen wir transportieren.\"\"Es ist ganz sicher die gleiche Erkrankung\", erwiderte Alaric. \"Hochansteckend, und zwar aus einem einzigen Grund: Sie wird nicht durch ein Virus verursacht, sondern durch Sporen.\"\"Nossfieber\", presste Tris hervor. Mac Alaric nickte. \"Benannt nach Noss Abyss, dem Abgrund von Noss. Ein Sumpfgebiet, von dort stammt die Erkrankung. Die Sporen sind \u00fcberall, sie durchdringen alles. Diese Seuche ist absolut t\u00f6dlich, und niemand entgeht einer Ansteckung.\"\"Okay. Das war's dann.\" Porters Stimme bebte. \"Wir m\u00fcssen unter Qualen sterben.\"Ein pl\u00f6tzlicher Schlag gegen den Rumpf. Die Howl Of Damnation legte sich gef\u00e4hrlich auf die Seite. Die M\u00e4nner hatten M\u00fche, nicht zu st\u00fcrzen. Kleineres, unbefestigtes Frachtgut rollte unkontrolliert durch den Frachtraum.\"Wenn dieser Sturm weiter zunimmt\", bemerkte Alaric unheilvoll, \"m\u00fcssen wir ganz sicher nicht unter Qualen am Nossfieber sterben. Dann ertrinken wir n\u00e4mlich vorher.\"Er deutete auf die gruselige Fracht. \"Auch wenn es zu sp\u00e4t ist f\u00fcr uns alle: Der Frachtraum wird versiegelt. Niemand kommt mehr hier herunter. Danach gehen Sie alle wieder auf Ihre Posten.\"\"Aye, Captain.\"+++++++Alaric und Tris eilten auf das Kommandodeck. Alaric \u00fcbernahm das Ruder. Das Schiff schwankte und \u00e4chzte. Meterhohe Wellen t\u00fcrmten sich vor den Sichtfenstern \u0001 \u0002 das Steuern des Schiffs seine volle Konzentration forderte, konnte Alaric sich nicht zur\u00fcckhalten damit, Tris eine Hand in den Nacken zu legen. \"Es tut mir so leid, Tris. Ich w\u00fcnschte, wir h\u00e4tten eine Zukunft gehabt. Eine Zukunft miteinander.\"Tris l\u00e4chelte gequ\u00e4lt. \"Das h\u00e4tte ich mir auch gew\u00fcnscht.\"\"Ich war noch nie so gl\u00fccklich wie in den vergangenen Tagen, in meinem ganzen Leben nicht\", sagte Alaric. Die Worte waren ein Trost f\u00fcr sie beide. \"Du hast mir ein ganz neues Lebensgef\u00fchl gegeben. Schon deshalb....... tut es mir unendlich leid. Weil Du mir so viel gegeben hast.\"\"Was geschehen ist, ist nicht Deine Schuld, Mac.\" Tris blickte ihn sch\u00fcchtern an. \"Ich darf Dich doch so nennen?\"Alaric l\u00e4chelte ihn an. \"Selbstverst\u00e4ndlich.\"Ihm wurde bewusst, wie \u00fcbervoll sein Herz war. \u00dcbervoll von der Liebe zu diesem anst\u00e4ndigen, gepflegten, intelligenten Mann. Diesem Mann, der so gar nichts von einem rauen Seeb\u00e4ren an sich hatte. Den Alaric sich viel eher als einen K\u00fcnstler vorstellte, einen Maler vielleicht, oder einen \u0001 \u0002 umfasste Tris' Nacken und zog ihn sanft zu sich hin, bis sich ihre Lippen ber\u00fchrten und er das Sch\u00f6nste kostete, das er je erfahren durfte. Den Kuss des Menschen, den sein Herz begehrte.",
            "wordcount": "580",
            "chapter_release": "10.01.2015",
            "chapter_number": "10"
        },
        "11": {
            "text": "Mac Alaric hatte keine Ahnung, wie sie es schafften, den Sturm zu \u00fcberleben, der die ganze Nacht tobte und die Howl Of Damnation herumwarf wie eine Nussschale auf einem rei\u00dfenden Fluss. Die ver\u00e4ngstigten M\u00e4nner an Bord rechneten jede Sekunde damit, dass das marode Schiff auseinanderbrechen und sinken \u0001 \u0002 und Tris wechselten sich am Ruder ab, damit sie wenigstens kurze Ruhephasen bekamen. An Schlaf war ohnehin nicht zu \u0001 \u0002 ein Wunder erschien es den M\u00e4nnern daher, als sich mit der heraufziehenden Morgend\u00e4mmerung die wogende See beruhigte und die wichtigsten Funktionen der Howl Of Damnation nach wie vor intakt \u0001 \u0002 lie\u00df einen der Matrosen kommen. \"Sie \u00fcbernehmen das Steuerrad. Der Lieutenant und ich waren die ganze Nacht hier und haben gek\u00e4mpft, um diesen Pott \u00fcber Wasser zu halten. Wir brauchen unbedingt etwas Schlaf.\"\"Nat\u00fcrlich, Captain.\"\"Es ist jetzt ruhig drau\u00dfen. Ich denke, Sie werden zurechtkommen. Falls etwas sein sollte, lassen Sie nach mir schicken.\"Alaric ging zusammen mit Tris nach unten. Er lie\u00df Tris den Vortritt in der Nasszelle und duschte danach selbst. Als er zu seiner Kabine ging, kam Tris mit einer Tasse Schwarzen Tee in der Hand aus der Komb\u00fcse in den kleinen Flur. Er l\u00e4chelte Alaric zu und wollte in seine Kabine, doch Alaric trat zu ihm hin, umfasste sanft seinen Arm und zog ihn zu seiner eigenen Kabine. Er \u00f6ffnete die T\u00fcr. \"Ich m\u00f6chte, dass Du bei mir schl\u00e4fst.\" Tris schaute ihn zweifelnd an. \"Aber die Kameraden...... Was sollen sie denken, falls uns jemand......\"\"Wir werden sterben, Tris. In sp\u00e4testens zwei Wochen sind wir tot. Ist es da nicht herzlich egal, was irgendjemand denkt?\" Alaric hasste es, seinen Geliebten mit dieser Wahrheit konfrontieren zu m\u00fcssen. Doch es war das beste Argument f\u00fcr sein Ansinnen, seinen Ersten Offizier in sein Bett zu \u0001 \u0002 nickte Tris. \"Nat\u00fcrlich...... ist das egal.\"Ein scheues L\u00e4cheln kehrte auf sein Gesicht zur\u00fcck, dann betrat er Alarics Kabine, die um eine Winzigkeit gr\u00f6\u00dfer war als seine eigene. Die Koje allerdings war genauso \u0001 \u0002 und Tris setzten sich nebeneinander auf das Bett, bekleidet mit ihrer warmen Unterw\u00e4sche. Alaric legte seinen Arm um Tris und sah zu, wie Tris das warme Getr\u00e4nk Schluck f\u00fcr Schluck \u0001 \u0002 Stille nach der schrecklichen Nacht tat wohl. Unendlich \u0001 \u0002 als einmal hatte Alaric gedacht, Tris w\u00fcrde es nicht schaffen, w\u00fcrde einen Zusammenbruch erleiden. Tris war krankhaft blass gewesen vor \u00dcbelkeit und Angst, und auf seinem h\u00fcbschen Gesicht lag ein Schwei\u00dffilm, w\u00e4hrend er sich krampfhaft an der Konsole festhielt. Doch er hatte tapfer \u0001 \u0002 Tris' Tasse leer war, legten sie sich hin, beide auf die linke Seite. Alaric lag hinter Tris, w\u00e4rmte und sch\u00fctzte den j\u00fcngeren Mann mit seinem K\u00f6rper. Sie lagen still, viel zu m\u00fcde, um einander Liebesdienste zu erweisen. Zu Tode ersch\u00f6pft schliefen sie ein.",
            "wordcount": "479",
            "chapter_release": "18.01.2015",
            "chapter_number": "11"
        },
        "12": {
            "text": "F\u00fcnf Tage sp\u00e4ter waren fast alle M\u00e4nner an Bord der Howl Of Damnation tot. Alle bis auf Alaric, Tris und \u0001 \u0002 Cummings, ihr Navigationsoffizier, der Mann, der Tris Carver nicht nur ein guter Dienstkamerad, sondern auch ein Freund war, lag in seiner Koje im Sterben. Auch er hatte sich mit Nossfieber \u0001 \u0002 sa\u00df bei ihm, hielt seine Hand. Irgendwann kam Alaric zu ihnen. Die See war ruhig, es war m\u00f6glich, die Howl Of Damnation mit abgeschaltenen Maschinen eine Weile treiben zu lassen. Das Radarger\u00e4t zeigte ohnehin nach wie vor weder Schiffe noch Land an. Mit ernster Miene trat Alaric n\u00e4her, legte seine Hand auf Cummings' gl\u00fchende Stirn. Der Matrose hatte ged\u00f6st, aufgrund der Ber\u00fchrung \u00f6ffnete er die Augen. \"Cap....tain.....\"\"Schon gut\", murmelte Mac Alaric betroffen und versuchte sich an einem aufmunternden L\u00e4cheln. \"Alles gut.\"Er schaute Tris an. \"Alles okay bei Dir?\"Es gab keine Notwendigkeit mehr f\u00fcr sie beide, ihre Vertrautheit geheimzuhalten. Tris richtete den unendlich traurigen Blick auf Alaric. Er wusste, was sein Lover wissen wollte. Ob er sich gesundheitlich in Ordnung f\u00fchlte, oder ob er erste Anzeichen des t\u00f6dlichen Fiebers an sich bemerkte.\"Ja, alles okay. Mir ist ein bisschen \u00fcbel, aber...... Sonst geht es mir gut. Ich meine, nicht anders als sonst. Wie geht's Dir?\"Alaric hob die Schultern. \"Ich f\u00fchle mich wunderbar. So gut wie noch nie in meinem Leben.\"Er schaute auf den Kranken hinab. \"Cummings, ich wei\u00df, es geht Ihnen nicht gut, aber Sie m\u00fcssen mir eine Frage beantworten. Haben Sie einen Tag vor dem Auslaufen der Howl Of Damnation eine Injektion bekommen? Von einem Arzt der Reederei, der angeblich die gesamte Mannschaft gesundheitlich checken und jedem eine Spritze zur St\u00e4rkung des Immunsystems geben sollte?\"Cummings blickte den Captain aus fiebergl\u00e4nzenden Augen an. \"Nein......\"\"Haben ihre Kameraden eine Injektion bekommen?\"Cummings sch\u00fcttelte schwach den Kopf. \"Nein. Wir sind von zu Hause gekommen und direkt an Bord gegangen. Porter..... hat uns aufgesammelt und......zum Hafen gefahren......\"Alaric schaute Tris an. \"Hast Du eine Injektion bekommen?\"\"Ja.\" Tris sah erschrocken aus, weil er pl\u00f6tzlich an etwas erinnert wurde, das ihm bisher ein R\u00e4tsel war. \"Man rief mich in ein Untersuchungszimmer, am Tag vor der Abreise. Ich fragte, was das soll, und man sagte mir, das sei eine neue Vorschrift der Reedereileitung. Alle Mitglieder einer Schiffsbesatzung m\u00fcssten k\u00fcnftig gesundheitlich gecheckt werden und Injektionen erhalten. Vitamine, gegen Mangelern\u00e4hrung auf der weiten Reise.\"\"Was wurde sonst bei Dir gemacht?\"\"Der Arzt hat meinen Blutdruck gemessen, meine Lymphknoten abgetastet, meine Z\u00e4hne begutachtet und mein Herz abgeh\u00f6rt. Dann habe ich diese Injektion bekommen.\"\"Genau wie bei mir.\"Tris' Augen wurden gro\u00df. \"Mac, woran denkst Du?\"Alaric ging einen Moment in sich, z\u00f6gerte, als wollte er vermeiden, etwas auszusprechen, das falsche Hoffnungen weckte. Dann redete er. \"Diese Injektionen, die offenbar nur wir beide bekommen haben...... Das waren keine Vitamine. Das war eine Impfung. Gegen Nossfieber. Deshalb sind wir beide nicht krank, obwohl wir die ganze Zeit engen Kontakt mit den Infizierten hatten.\"\"Eine Impfung?\" Tris' reger Verstand arbeitete schnell. \"Du denkst, wir sind Versuchskaninchen?\"Alaric nickte. \"Das denke ich. Man testete einen Impfstoff an uns.\"\"Aber das ist illegal! Man h\u00e4tte uns um Erlaubnis fragen m\u00fcssen. Es steht einem eine Menge Geld zu, wenn man sich freiwillig an medizinischen Experimenten beteiligt.\"\"Tja. Das Geld wollte man sich eben sparen. Und wer w\u00fcrde schon freiwillig mitmachen, einen Impfstoff zu testen f\u00fcr die t\u00f6dlichste Krankheit, die es auf der Erde gibt. Niemand w\u00fcrde sich darauf verlassen wollen, dass der Impfstoff wirkt.\"\"Aber warum hat man den Impfstoff nur uns beiden gegeben?\" fragte Tris best\u00fcrzt. \"Warum nicht allen M\u00e4nnern? Diese Verbrecher haben ihren Tod in Kauf genommen. Sie haben sie umgebracht! Unsere Kameraden.\"Tris f\u00fchlte, wie Cummings' Hand die seine fester umfasste. Er schaute auf den Freund hinab.\"Aus Kostengr\u00fcnden\", hauchte der Sterbende. \"Bringen...... Sie sich in Sicherheit, Lieutenant! Sie sind...... in Gefahr.......\"Ein Hustenanfall sch\u00fcttelte Cummings, dann lag er unvermittelt still. Sein Herz hatte aufgeh\u00f6rt zu schlagen.\"Clive!\" entkam es Tris erstickt. \"Oh mein Gott...... Clive!\"Seine Augen f\u00fcllten sich mit Tr\u00e4nen, w\u00e4hrend er mit beiden H\u00e4nden die leblose Hand seines Kameraden umfasste. Alaric schloss dem Toten die Augen. Er legte Tris tr\u00f6stend eine Hand auf die Schulter, bevor er hinausging, um Tris Carver allein zu lassen, damit er in W\u00fcrde um den Freund trauern konnte.",
            "wordcount": "781",
            "chapter_release": "18.01.2015",
            "chapter_number": "12"
        },
        "13": {
            "text": "Irgendwann kam Tris auf das Kommandodeck, mit h\u00e4ngenden Schultern und so blass wie \u0001 \u0002 stand am Ruder, froh, besch\u00e4ftigt zu sein. Die Horrorfahrt ging ihm an die Nieren. Gute M\u00e4nner sterben zu sehen wie die Fliegen und nichts dagegen tun zu k\u00f6nnen war ein Albtraum f\u00fcr ihn.\"Jetzt sind nur noch wir beide hier\", erklang Tris' leise Stimme in der unheilvollen Stille des Todesschiffs. \"Wie sollen wir das nur schaffen? Land ist unendlich weit weg, die n\u00e4chste Sturmfront braut sich bereits zusammen. Wir k\u00f6nnen die Howl Of Damnation nicht zu zweit man\u00f6vrieren. Nicht in einem Sturm.\"\"Du darfst den Kopf nicht h\u00e4ngen lassen, Tris\", erwiderte Alaric mit der ruhigen Stimme eines erfahrenen Abenteurers. \"Wir m\u00fcssen einen Weg finden. Noch sind wir am Leben. Dank des Impfstoffs haben wir diese schreckliche Seuche \u00fcberlebt. Und so lange wir leben, k\u00f6nnen wir daf\u00fcr sorgen, am Leben zu bleiben.\"Mit traurigen Augen ging Tris an die Konsole, schaute auf das Navigationsger\u00e4t.\"Das ist nicht unser vorgegebener Kurs\", bemerkte er. \"So kommen wir nicht nach Unosnea.\"\"Ganz richtig. Dort wollen wir auch nicht hin.\" Tris schaute Alaric fragend an, bis der Captain weitersprach. \"Cummings hatte Recht, als er sagte, wir seien in Gefahr. Was glaubst Du, wird passieren, wenn wir versuchen, in Unosnea an Land zu gehen? Wir werden von einem Rollkommando empfangen, das uns in eine klinische Versuchsanstalt bringt. Dort wird man uns Blut abnehmen, um zu sehen, ob und wie der Impfstoff gewirkt hat. Und ich bin mir keineswegs sicher, dass wir danach am Leben gelassen werden. Wir sind menschliche Versuchskaninchen, Tris! Und zwar unfreiwillige Versuchskaninchen. Sie k\u00f6nnen uns gar nicht am Leben lassen, weil wir sie sonst anzeigen k\u00f6nnten. Also haben wir nur eine Chance, wenn wir leben wollen: Wir m\u00fcssen woanders an Land gehen. An einem Ort, wo sie uns niemals finden. Wo wir in Ruhe leben k\u00f6nnen.\"\"Sie werden uns \u00fcberall finden\", murmelte Tris heiser. \"Nein\", entgegnete Alaric entschlossen. \"Dorthin, wo ich fahre, werden sie uns niemals finden. Niemand wird uns dort finden.\"\"Was meinst Du, Mac? Wohin willst Du?\"Mac Alaric z\u00f6gerte einen Augenblick. Fragte sich, wie Tris reagieren w\u00fcrde. \"Nach Aemedira.\"\"Aber dieses Land gibt es nicht! Das ist ein Mythos, so wie Atlantis.\"Alaric hielt das Steuerrad entspannt mit beiden H\u00e4nden. Er l\u00e4chelte, w\u00e4hrend er die endlose Weite des Himmels und des Ozeans durch die schmalen Fenster betrachtete. Er sp\u00fcrte, wie Tris ihn ansah, ihn beobachtete, auf eine Reaktion wartete. Offenbar dauerte es Tris zu lang, denn er sprach weiter. \"Mac?! Wir k\u00f6nnen nicht nach Aemedira gelangen. Niemand wei\u00df, wo dieses Land liegt.\"\"Doch, Tris\", sagte Alaric sanft. \"Man wei\u00df, wo es liegt.\"\"Das sind nur Vermutungen. Allerlei Vermutungen und Spekulationen, genau wie die, welche im neunzehnten Jahrhundert \u00fcber Atlantis angestellt wurden.\"Hilflos checkte Tris die Navigationsanzeige. \"Diese Koordinaten...... sie liegen doppelt so fern, wie es bis nach Unosnea w\u00e4re. Wir haben nicht gen\u00fcgend Treibstoff. Wir haben keine Matrosen. Die Howl Of Damnation kann sich niemals so lange halten. Gerade auf dieser Meeresroute gibt es schreckliche Wirbelst\u00fcrme. Sie werden das Schiff in alle Einzelteile zerlegen.\"Alarics L\u00e4cheln wurde noch eine Spur liebevoller. \"Darf ich Dich etwas fragen, Tris? Wie bist Du eigentlich Lieutenant geworden mit dieser negativen Einstellung?\"Tris versuchte ebenfalls, zu l\u00e4cheln, doch es fiel gequ\u00e4lt aus. \"Das ist...... keine negative Einstellung, Captain. Bei allem Respekt. Das sind unwiederlegbare Fakten.\"\"Hast Du noch nie miterlebt, wie sich ein Wunder erf\u00fcllt?\"Tris seufzte leise. \"Ein Wunder ist, dass wir \u00fcberhaupt noch leben.\"\"Siehst Du. Und wir werden weiter leben. Allerdings musst Du daf\u00fcr eines tun, Tris: Du musst mir vertrauen.\"Alaric schwieg, lie\u00df Tris einen Moment zum Nachdenken. Dann fuhr er fort: \"Wenn Du es nicht willst, \u00e4ndere ich den Kurs wieder, und wir fahren nach Unosnea. Gl\u00fccklicher freilich w\u00fcrde es mich machen, wenn Du mit mir fahren m\u00f6chtest.\"Tris k\u00e4mpfte mit sich, dann schaute er Alaric an. \"Ich fahre mit Dir, wohin Du willst.\"Alaric streckte die Hand aus und umfasste z\u00e4rtlich Tris' sauber rasierten Nacken. \"Das ist der Lieutenant. Immer loyal.\"\"Nein. Das ist der Mann, Tristan Carver. Der Mann, der Dich liebt.\" Alaric zog Tris sanft zu sich hin, und er bedankte sich mit einem z\u00e4rtlichen Kuss.",
            "wordcount": "753",
            "chapter_release": "18.01.2015",
            "chapter_number": "13"
        },
        "14": {
            "text": "Sie standen lange beieinander am Ruder der Howl Of Damnation, Alarics Arm lag sch\u00fctzend um Tris' \u0001 \u0002 Ger\u00e4usch unterbrach Stille und Idylle. Ein Motorenger\u00e4usch, das nicht vom Schiff verursacht wurde. Es kam n\u00e4her, wurde lauter. Tris l\u00f6ste sich von Alaric, ging ans Radarger\u00e4t. \"Objekt Steuerbord. Nah genug f\u00fcr Kollision.\"\"Es ist kein Schiff\", sagte Alaric. \"Das ist ein Flugger\u00e4t. Helikopter. Eins von diesen futuristischen, schlanken, schwarzgrauen Dingern. Leicht und wendig.\"\"Wie hat uns der gefunden?\"\"Die wissen, wonach sie suchen.\"\"Wenn wir aber doch gar nicht mehr auf Kurs nach Unosnea sind......\"\"Noch nicht lange genug, Tris! Die konnten uns leicht aufsp\u00fcren. Lauf' in den Maschinenraum, so schnell Du kannst! Wir brauchen volle Kraft!\"\"Du denkst, das sind unsere Feinde?\"\"Nat\u00fcrlich sind sie das! Sie kommen, um uns zu holen. Sie vermuten wohl, dass wir nicht in die Falle gehen, die sie uns im Hafen von Unosnea stellen.\"\"Aber......\"\"Tris, wir haben keine Zeit, dar\u00fcber zu diskutieren! Die wollen uns, unser Blut, unsere Antik\u00f6rper, unsere K\u00f6pfe! Nun geh' und hol' alles aus diesem gottverdammten Schiff heraus!\"Endlich wirbelte Tris herum und st\u00fcrmte hinab aufs Maschinendeck. Er musste dazu viele Treppen \u00fcberwinden. Noch w\u00e4hrend er nach unten lief, h\u00f6rte er, wie mehrere M\u00e4nner aus dem Helikopter auf das Deck der Howl Of Damnation sprangen. Sie begannen sofort mit der Enterung des \u0001 \u0002 sp\u00e4t, dachte Tris. Es ist zu sp\u00e4t. Wir k\u00f6nnen nicht mehr \u0001 \u0002 ignorierte er die \u00dcbelkeit und die nagende Angst. Er musste jetzt ganz Lieutenant sein, musste funktionieren. Er st\u00fcrzte fast, als er die letzten Stufen hinabsprang, fing sich knapp und rannte sofort weiter. Im Maschinenraum musste er sich erst orientieren. Er kannte zwar die Ger\u00e4te, doch er war damit nicht so vertraut wie ein Matrose, der hier st\u00e4ndig Dienst versah. Er verlor wertvolle Sekunden, dann entdeckte er die entscheidenden Hebel. Hebel, welche die altert\u00fcmlichen Maschinen in Gang setzten, um die Howl Of Damnation schneller fahren zu \u0001 \u0002 Tris Carver st\u00fcrzte hin und wandte all seine Kraft auf, um die Hebel auf vollen Schub zu stellen.+++++++Auf dem Kommandodeck fieberte Alaric dem Moment entgegen, wenn die Howl Of Damnation Fahrt aufnahm. Dann hatte Tris es geschafft, war im Maschinenraum \u0001 \u0002 wurmte ihn, nicht mehr tun zu k\u00f6nnen, als daf\u00fcr zu sorgen, dass das schlecht gewartete Schiff auf Kurs \u0001 \u0002 entf\u00fchre ich den Pott gerade, dachte er und musste grinsen. Seinen Heimathafen sieht er jedenfalls nicht wieder. Die Howl Of Damnation zog an, wurde schneller. Yes!, triumphierte Alaric in Gedanken. My sexy Lieutenant, you did it!+++++++Sie packten ihn, als er den Maschinenraum verlie\u00df, um wieder auf die Br\u00fccke zur\u00fcckzukehren. Zwei M\u00e4nner in dunkelblauen Overalls. Sie hielten ihn fest, ein Dritter schlug ihm die Faust in den \u0001 \u0002 einem dumpfen St\u00f6hnen sank Tris in die Knie. Die M\u00e4nner hielten ihn, kugelten ihm fast die Arme aus. \"Ihr entkommt uns nicht!\" wurde ihm mitgeteilt. \"Ihr haltet euch wohl f\u00fcr superschlau! Mit den Ergebnissen des Impftests abhauen. Wollt das wohl zu Geld machen, wie?\"Ein zweiter Fausthieb traf ihn, in die Nieren. Der Schmerz raubte Tris die Sinne. Er merkte kaum, wie er fortgeschleift wurde wie ein St\u00fcck Jagdbeute. Endlose Sekunden voller Schmerzen folgten. Dann die Stimme der Erl\u00f6sung.\"Lasst ihn sofort los oder ihr seid alle tot!\"Wie ein Racheengel stand Mac Alaric vor \u0001 \u0002 M\u00e4nner reagierten, indem sie Waffen aus den Taschen ihrer Overalls zogen. Zum Zielen freilich kamen sie nicht mehr. Alaric erschoss zwei von ihnen. Tris st\u00fcrzte. Der dritte, der Tris getreten hatte, hielt ein Messer in der Hand und holte aus, um es Tris in den Hals zu \u0001 \u0002 weiterer Schuss krachte \u00fcberlaut in dem metallenen Raum. Der Mann wurde herumgeschleudert, Tris' makellose Uniform mit Blut bespritzt. Dann kehrte Stille \u0001 \u0002 vierten Mann, den Hubschrauberpiloten, hatte Alaric zuallererst get\u00f6tet, damit er nicht abhauen konnte. Er war mitsamt dem Helikopter ins Meer gest\u00fcrzt und versunken. Es w\u00fcrde eine Weile dauern, bis die Drahtzieher des illegalen medizinischen Versuchs von der gescheiterten Mission erfuhren. Zeit, die Tris und er gut gebrauchen \u0001 \u0002 kniete neben Tris nieder, der vor Schock und Schmerzen leise schluchzte. \"Ich\u2026. halte das nicht l\u00e4nger aus, Mac\u2026..auf diesem Schiff, mit all den Toten\u2026\u2026 Das ist ein schwimmender Sarg\u2026\u2026\"Alaric zog ihn an sich, streichelte sein Haar. \"Ganz ruhig. Bald ist alles vorbei, Geliebter. Bald! Ich verspreche es Dir.\"",
            "wordcount": "763",
            "chapter_release": "31.01.2015",
            "chapter_number": "14"
        },
        "15": {
            "text": "Sie gerieten in horrende St\u00fcrme, k\u00e4mpften mit der immer knapper werdenden Nahrung. Beschr\u00e4nkten sich auf allerkleinste Portionen. Trinkwasser konnten sie anhand eines Filtersystems aus dem Meerwasser gewinnen. Wenigstens das war kein Problem. Doch die Zeit arbeitete gnadenlos gegen \u0001 \u0002 um Tag, gleich nach dem Aufwachen, ging Alaric auf die Br\u00fccke, w\u00e4hrend Tris sich um ihr Fr\u00fchst\u00fcck k\u00fcmmerte. Er k\u00fcmmerte sich auch ums Mittagessen und ums Abendessen. Der gutaussehende Kerl war in der Tat ein ausgezeichneter \u0001 \u0002 hielt Ausschau nach dem ersehnten Land, doch alles, was er sah, war Wasser und der \u00fcbliche, pastellfarbene \u0001 \u0002 waren sie jetzt in solch einsamen Gew\u00e4ssern, dass sie die Howl Of Damnation treiben lassen konnten, ohne eine Kollision mit einem anderen Schiff bef\u00fcrchten zu m\u00fcssen. Sie brauchten keine Uniformen mehr zu tragen. Es gab niemanden mehr, dem sie h\u00e4tten Befehle geben k\u00f6nnen. Obwohl Alaric das schon ein wenig traurig machte. War Tris Carver in Uniform doch der adretteste Lieutenant der Marine, der ihm je unter die Augen gekommen war. Selbstverst\u00e4ndlich war der Mann in schwarzer Hose und schwarzem Longsleeveshirt ebenfalls eine Augenweide. Und ja, verdammt. Alaric gefiel es, dass diese Klamotten schneller ausgezogen waren als die Uniformen, wenn ihn die Leidenschaft \u00fcberkam und er seinen j\u00fcngeren Geliebten auf der Stelle nehmen wollte. Alaric weigerte sich, die Hoffnung aufzugeben. Er steuerte die Howl Of Damnation, betete innerlich, wartete, hoffte. Tag um Tag, Woche um \u0001 \u0002 er einsehen musste, dass der Name des Schiffs Programm war. Bis das Geheul der Verdammnis so laut wurde, dass auch er es nicht mehr \u00fcberh\u00f6ren \u0001 \u0002 ging der Treibstoff aus. Das Schiff d\u00fcmpelte. Am Abend teilten sich Tris und er die letzte Mahlzeit. Es war keine weitere Nahrung an \u0001 \u0002 schlurfte Alaric in seine Kabine. Tris war noch einmal zum Kommandostand gegangen, ein letztes Mal nach dem Rechten sehen vor der Nacht.\"Mac!\" gellten kurz darauf die Rufe des Ersten Offiziers durch das Schiff. \"Mac! Um Himmels willen, Du musst heraufkommen!\"Alaric st\u00fcrzte auf die Br\u00fccke und blieb geschockt stehen. Vor den Fenstern, die ihnen den Blick auf das Meer und auf das, was vor dem Schiff lag, erm\u00f6glichten, erhellte ein gespenstisches blaues Licht die Nacht auf See.\"Oh nein!\" entkam es Alaric. \"Nein....... Wir sind verloren.......\"Das leuchtende, blaue Licht h\u00fcllte das gesamte Schiff ein, es blinkte und flackerte in unheimlicher Stille, wie ein farblich ver\u00e4ndertes Nordlicht. Das von den Seefahrern ihrer Zeit am meisten gef\u00fcrchtete Ph\u00e4nomen hatte die Howl Of Damnation eingeholt. Eine Raumzeit-Anomalie, die Schiffe und Flugzeuge auf Nimmerwiedersehen verschwinden lie\u00df. Niemand wusste, wohin. Niemand war je zur\u00fcckgekehrt. Schiffskapit\u00e4ne, die das Ph\u00e4nomen beobachtet hatten, sahen Schiffe und Flugzeuge zuerst in dem blauen Licht eingeh\u00fcllt, dann verschwanden diese und man sah sie nie \u0001 \u0002 Klo\u00df verstopfte Alarics Kehle. Er hatte zu hoch gepokert. Er hatte das Leben des Menschen auf dem Gewissen, den er liebte. Den er besch\u00fctzen wollte. \"Es tut mir so leid\", h\u00f6rte er sich heiser fl\u00fcstern, w\u00e4hrend er Tris' schlanke Gestalt mit beiden H\u00e4nden umfasste und an sich presste, das unheilvolle blaue Licht fixierend, als k\u00f6nnte er es mit seinem Blick zum Verschwinden bringen. \"Es tut mir so leid....... so leid......\"Alaric sp\u00fcrte das Beben in Tris' K\u00f6rper. \"Bleib' bei mir, Mac. Lass' mich nicht allein, okay?\"\"Ich lasse Dich nicht allein, Tris. Niemals! Wohin unsere Reise jetzt auch geht, wir werden vereint sein. F\u00fcr immer.\"",
            "wordcount": "579",
            "chapter_release": "31.01.2015",
            "chapter_number": "15"
        },
        "16": {
            "text": "Er hatte ihn komplett entkleidet. Jeden Millimeter dieses wundervollen, perfekten K\u00f6rpers wollte Alaric in sich aufsaugen, mit all seinen \u0001 \u0002 war das letzte Mal, dass er mit seinem j\u00fcngeren Geliebten schlief, das letzte Mal, bevor sie sterben mussten, bevor die Zeitanomalie sie an einen Ort transferierte, von dem sie nicht zur\u00fcckkehren w\u00fcrden, weil niemand eine solche Transformation \u00fcberlebte, und er wollte jede Sekunde genie\u00dfen und \u0001 \u0002 t\u00f6rnte Alaric m\u00e4chtig an, wie sich Tris allein unter seinen gierigen Blicken vor Wohlgef\u00fchl sanft hin und her wand, und wie seine schlanken, gepflegten Finger die wei\u00dfen Laken umkrallten in dem verzweifelten Versuch, in der aufkommenden Ekstase einen Halt zu \u0001 \u0002 kniete neben ihm in der Koje, betrachtete den perfekten M\u00e4nnerk\u00f6rper, nahm dann beide H\u00e4nde und fuhr gro\u00dffl\u00e4chig \u00fcber Tris' samtige Brust, seinen flachen Bauch, hinab zu den schlanken Schenkeln. Z\u00e4rtlich und doch mit festen Griff massierte Alaric seinen j\u00fcngeren Geliebten \u00fcberall, und er beobachtete voller Genugtuung, wie Tris' Penis reagierte und das, was Tris f\u00fchlte, sichtbar zum Ausdruck \u0001 \u0002 k\u00fcmmerte sich auf diese Weise so lange um Tris, bis dessen Geschlecht gef\u00fcllt war und eindrucksvoll seine imposante Gr\u00f6\u00dfe demonstrierte, optisch verst\u00e4rkt durch die sorgf\u00e4ltig rasierte Schamgegend. Alarics warme Hand umfasste die Hoden, die sich prall zusammengezogen hatten, um an der Wonneaktion Anteil zu nehmen. Tris st\u00f6hnte auf. Er bog den Kopf zur\u00fcck und hielt sich mit den H\u00e4nden am Laken \u0001 \u0002 wusste Alaric die Lust des J\u00fcngeren noch zu steigern, indem er sein Gesicht auf Tris' nackte Haut legte und ihn an verschiedenen Stellen k\u00fcsste. Kl\u00e4gliche, schmerzerf\u00fcllte Laute kamen aus Tris' Kehle. Er konnte l\u00e4ngst nicht mehr klar denken, das Empfinden, das ihn Alarics kurzer, weicher Bart bescherte, insbesondere auf der Innenseite seiner Oberschenkel, machte ihn wahnsinnig vor Verlangen. Alaric l\u00e4chelte schelmisch, w\u00e4hrend er das Vorejakulat mit dem Daumen sachte \u00fcber der wohlgeformten Eichel verteilte. Er konnte es kaum erwarten, Tris kommen zu sehen. Gerne h\u00e4tte er es so lange wie m\u00f6glich hinausgeschoben, um Tris gr\u00f6\u00dferes Vergn\u00fcgen zu bereiten, doch er wusste nicht, wie viel Zeit ihnen noch \u0001 \u0002 eine halbe Stunde hatten Tris und er zusammen auf der Br\u00fccke gestanden und von Ehrfurcht erf\u00fcllt das Flackern des unerkl\u00e4rlichen, blauen Lichts beobachtet, und nichts weiter war geschehen. Das Schiff war von dem Licht eingeh\u00fcllt, von blauem Licht und einer unwirklichen Stille. Niemand wusste, wie lange die Transformation durch eine Zeitanomalie dauerte. Schlie\u00dflich hatte Alaric Tris' an der Hand genommen und ihn zu seiner Kabine gef\u00fchrt. Tris hatte sich auf Alarics Koje gelegt und sich von seinem Lover entkleiden lassen. Was sonst h\u00e4tten sie jetzt noch tun sollen? Es gab nichts mehr zu tun. Au\u00dfer, das Leben ein letztes Mal zu genie\u00dfen.\"Ahhh, Mac......!\" st\u00f6hnte Tris hilflos und fasste mit einer Hand in Alarics graues Haar, w\u00e4hrend sein Wohlt\u00e4ter mit seinen Lippen den Penisschaft und die festen Hoden \u0001 \u0002 mehr Vorejakulat entkam, bildete einen kleinen H\u00fcgel aus Fl\u00fcssigkeit wie ein winziger Geysir. Alaric verrieb es sanft auf der Eichel, deren rosige Farbe sich in ein tiefes Rot ge\u00e4ndert hatte.\"Du bist so wundersch\u00f6n!\" hauchte Alaric. \"Ich m\u00f6chte Dich ansehen, immerzu, f\u00fcr alle Zeit.\"\"Oh Mac.......\", keuchte Tris. \"Ich w\u00fcnschte, wir h\u00e4tten uns fr\u00fcher getroffen.......\"Alaric l\u00e4chelte ihn an. \"Besser sp\u00e4t als nie.\"\"Ewiger Optimist.......Ahhh! Oh mein Gott.....Mac!\"Tris schloss die Augen. Alarics hei\u00dfe Faust war pl\u00f6tzlich an seiner empfindlichsten Stelle, \u00fcberall, massierte und molk kr\u00e4ftig, und hob ihn in H\u00f6hen, die Tris nie zuvor in seinem Leben erfahren \u0001 \u0002 dem Anblick seines g\u00e4nzlich in Leidenschaft verlorenen Ersten Offiziers verlor auch Alaric die Beherrschung. Er nahm sein eigenes Glied in die andere Hand, f\u00fchrte die Griffe aus, von denen er wusste, sie brachten ihm wonnige Gef\u00fchle und alsbald Erleichterung. Er synchronisierte seine H\u00e4nde, und alles, was er brauchte, um zu wissen, er machte es gut, war der entr\u00fcckte Ausdruck auf Tris' h\u00fcbschem Gesicht und das leise Keuchen, w\u00e4hrend Tris versuchte, seine Atmung seinen Empfindungen \u0001 \u0002 wollte das fast unm\u00f6gliche vollbringen und sie beide zur gleichen Zeit kommen lassen. Seine H\u00e4nde arbeiteten konsequent und gezielt, seine Erfahrung half ihm, das Richtige zu tun. Er schwitzte st\u00e4rker. Tris' leises Wimmern signalisierte ihm, bald am Ziel zu sein. Noch einmal ver\u00e4nderte er seine Griffe kurzzeitig, um dann zu seiner Erfolgstechnik zur\u00fcckzukehren, einem Drehgriff, der jeden erigierten Mann um den Verstand \u0001 \u0002 Orgasmus war so intensiv, dass Tris keine Kraft mehr fand, Laute zu \u00e4u\u00dfern. Er keuchte nur verzweifelt, w\u00e4hrend sein Sperma in kraftvollen St\u00f6\u00dfen hinausjagte und auf seinen Bauch und seine Schenkel flog. Alaric ejakulierte zur gleichen Zeit auf Tris. Als es vor\u00fcber war, k\u00fcsste er Tris' hei\u00dfen Penis, der in seinen H\u00e4nden zusammensank. Alaric geno\u00df das Gef\u00fchl der weichen, warmen Haut und konnte gar nicht genug bekommen, das wundervolle K\u00f6rperteil seines Geliebten zu k\u00fcssen und zu \u0001 \u0002 er aufsah, bemerkte er Tr\u00e4nen in Tris' \u0001 \u0002 in seiner eigenen Kehle brannte es. Es war vorbei. Sie w\u00fcrden einschlafen, sterben und einander nie \u0001 \u0002 legte sich neben Tris nieder. Er umfasste ihn und zog ihn an sich, legte seine Hand besch\u00fctzend auf Tris' Hinterkopf. Er presste Tris Carver fest an sich. Drau\u00dfen ergl\u00fchte die Howl Of Damnation im leuchtend blauen Licht, das sie entf\u00fchren w\u00fcrde in die Stille der Zeit, in eine unbekannte Ewigkeit.",
            "wordcount": "895",
            "chapter_release": "31.01.2015",
            "chapter_number": "16"
        },
        "17": {
            "text": "Mac Alaric erwachte ohne jede Vorstellung, wie lange er geschlafen \u0001 \u0002 lange, denn er f\u00fchlte sich erfrischt und ausgeruht. In seinen Armen lag Tris Carver, der Mensch, den er liebte. Tris' Kopf ruhte auf seiner Brust. Er r\u00fchrte sich nicht. Alaric \u00fcberkam die Angst, Tris k\u00f6nnte w\u00e4hrend des Schlafes gestorben sein. Er brachte seinen Mund an Tris' Stirn, k\u00fcsste die Haut. Warm. Nicht die Haut eines \u0001 \u0002 seufzte leise. Erleichterung \u00fcberkam Alaric. Er k\u00fcsste Tris noch einmal auf die Stirn, streichelte \u00fcber das braune Haar.\"Sind wir tot?\"Tris' angenehme Stimme war leise, kaum zu \u0001 \u0002 dachte \u00fcber die Antwort nach. Ihm fiel keine gescheite ein. \"Ich wei\u00df es nicht, Tris.\"Nach einer Weile der Stille erg\u00e4nzte er: \"Stehen wir auf und schauen.\"\"Wir haben nichts mehr zu essen.\"\"Ich wei\u00df.\"Alaric hasste die Schwermut, die in ihm war. Wie lange w\u00fcrde der Sterbeprozess dauern? Wie lange w\u00fcrden Tris und er leiden, bis sie endlich das Bewusstsein verloren?Die Vorstellung, Tris w\u00fcrde sterben, machte ihn ganz krank. \"Okay, Sweetie. Gehen wir nach oben.\" Sanft l\u00f6ste sich Alaric von Tris. \"Hier. Zieh' die Thermow\u00e4sche an. Im Schiff ist es kalt.\"Er warf Tris eine seiner sauberen, schwarzen Unterw\u00e4schegarnituren hin. Tris schl\u00fcpfte hinein. Alaric zog sich ebenfalls eine an. Dann verlie\u00dfen sie Alarics \u0001 \u0002 nahm Tris' Hand in seine. So liefen sie durch die verlassenen G\u00e4nge des Schiffs, langsam. Sie hatten nichts zu verlieren. Am allerwenigsten Zeit. Weshalb waren sie eigentlich \u00fcberhaupt noch hier und nicht l\u00e4ngst gestorben?Sie betraten das Kommandodeck. Das gro\u00dfe Steuerrad der Howl Of Damnation stand still. Alaric hatte es fest vert\u00e4ut. In einer Raumzeit-Anomalie machte es keinen Sinn, ein Schiff zu steuern. Es war Kr\u00e4ften ausgeliefert, die st\u00e4rker waren als jeder \u0001 \u0002 ging am Steuerrad vorbei, bis er vor den Fenstern stand. Tris zog er mit sich. Gemeinsam schauten sie \u0001 \u0002 konnten nicht fassen, was sie \u0001 \u0002 in violettgelb erstrahlte der Himmel in hellem Blau. Das Meer war dunkelblau, ruhig. Und in Sichtweite, so nah, um sie schwimmend zu erreichen, eine Insel. Eine Insel mit Mischwald, der Nahrung verhie\u00df.\"Mac\", fl\u00fcsterte Tris, \u00e4ngstlich und ergriffen. \"Wo sind wir hier?\"\"Im Paradies, Tris. Im Paradies.\"Tris' schlanke Hand umklammerte die seine. \"Der Ort, an den all die Schiffe und Flugzeuge verschwinden, wenn sie in die Zeitanomalie geraten?\"\"Nein. Aemedira.\"Tris schaute auf die Insel, dann zu Alaric. \"Das kann nicht Aemedira sein. Selbst wenn die Insel bei den vermuteten Koordinaten liegen w\u00fcrde, h\u00e4tten wir mit der Howl Of Damnation einen Monat gebraucht, um hinzugelangen.\"\"Jetzt sind wir aber hier. Die Zeitanomalie hat uns dazu verholfen.\"\"Wie?\"Alaric war versucht, \u00fcber Tris' ungl\u00e4ubiges Gesicht zu l\u00e4cheln. \"Das wei\u00df ich nicht. Vielleicht funktioniert eine Zeitanomalie wie ein Apparat zur Wunscherf\u00fcllung. All unsere Probleme sind gel\u00f6st. Wir werden hier leben, gl\u00fccklich bis ans Ende unserer Tage. Wir finden alles, was wir brauchen. So steht es in den Annalen \u00fcber Aemedira geschrieben. Ein jeder, der hier her findet, wird ewiges Gl\u00fcck erfahren.\"\"Aber...... Dann hat uns die Howl Of Damnation am Ende Gl\u00fcck gebracht.\"Jetzt l\u00e4chelte Alaric tats\u00e4chlich. \"Und das trotz ihres Namens, und obwohl es Deine dreizehnte Fahrt gewesen war.\"Tris schaute ihn aus gro\u00dfen Augen an. \"Was machen wir jetzt, Captain?\"\"Was fragen Sie, Lieutenant?\", neckte Alaric ihn. \"Wir gehen an Land!\"\"Und was wird..... ich meine....... was wird aus dem Schiff?\"\"Sie wird verrotten und irgendwann untergehen. Auf dass die toten Seelen an Bord ihre ewige Ruhe finden.\"+++++++In einem Rettungsboot ruderten Alaric und Tris an Land. Sie hatten alles mitgenommen, von dem sie annahmen, es brauchen zu \u0001 \u0002 sie das Festland betraten und das Boot hinauf in den Sand zogen, schauten sie zur\u00fcck aufs Meer, wo die Howl Of Damnation sanft auf den Wellen schaukelte.\"Leb' wohl, alte Lady\", murmelte \u0001 \u0002 leises St\u00f6hnen bewog ihn dazu, sich herumzudrehen. Tris presste eine Hand auf den Magen.\"Tris, was hast Du?\"Ein gequ\u00e4lter Blick traf den seinen. \"Mir ist schlecht.......\"\"Armer Teufel!\" Alaric umfasste sanft Tris' Arm. \"Du bist landkrank.\"\"WAS? Na, vielen Dank.\"Mac Alaric lachte befreit. \"Das vergeht bald. Komm', Geliebter! Ich bringe Dich ins Paradies.\"Alaric legte seinen Arm um Tris' Schulter, und die beiden M\u00e4nner gingen eng umschlungen hinein in den friedvollen Wald, dem Sonnenschein \u0001 \u0002\u00a9 by Susanne Christie 2014",
            "wordcount": "788",
            "chapter_release": "31.01.2015",
            "chapter_number": "17"
        },
        "2": {
            "text": "~~~2 Stunden sp\u00e4ter~~~\u00dcberrascht blickte Alaric zur Seite, als er jemanden neben sich \u0001 \u0002 hatte ihn nicht kommen h\u00f6ren. Er war zu sehr in seine Gedanken vertieft gewesen. In Phantasien von ihm. Davon, wie er ihn ber\u00fchren, ihn entkleiden w\u00fcrde. Davon, wie sich sein h\u00fcbsches, liebenswertes Gesicht entspannen w\u00fcrde unter der Regie seiner erfahrenen \u0001 \u0002 auch. Es war lange her, seit er jemanden so sehr begehrt hatte. Unendlich \u0001 \u0002 l\u00e4chelte. \"Na? Geht's besser?\"Tris nickte, dem gequ\u00e4lten Ausdruck in seinem Gesicht zum \u0001 \u0002 hielt das riesige Steuerrad mit beiden H\u00e4nden, wie es sich geh\u00f6rte bei diesen seltsamen Schiffen heutzutage. Au\u00dfen wirkten sie futuristisch mit ihrem schwarzen Rumpf aus Metall, innen besa\u00dfen sie eine h\u00f6chst eigenwillige Mischung aus \u00fcberholter Computertechnik und altmodischer Mechanik. \"Sie sind noch blass.\" \"Es....... geht schon.\" Tris gab sich M\u00fche, aufrecht zu stehen. Er hatte ein schwarz-beige gestreiftes Uniformoberteil zur schwarzen Hose angelegt. Die Schulterklappen mit den goldenen Kn\u00f6pfen wiesen ihn als Ersten Offizier aus.\"Sind Sie schon lange auf der Howl Of Damnation?\" wollte Alaric wissen.\"Das ist meine dreizehnte Fahrt.\"\"Na denn. Ich hoffe, Sie sind nicht abergl\u00e4ubisch.\"\"Alle Seefahrer sind abergl\u00e4ubisch. Sie nicht?\"\"Doch. Ich auch. Sehr sogar.\" Alaric l\u00f6ste den Blick von dem h\u00fcbschen Gesicht und blickte nach vorn durch die im spitzen Winkel zulaufenden Scheiben. Auf den violetten Horizont, und das stahlblaue Wasser. Diese Unendlichkeit. In den kommenden Monaten w\u00fcrde er nichts anderes zu sehen bekommen. Die Unendlichkeit von Himmel und Meer. Und dieses unversch\u00e4mt attraktive Gesicht seines unversch\u00e4mt attraktiven Ersten Offiziers.\"Die dreizehnte Fahrt\", murmelte Alaric. \"Demnach arbeiten Sie seit mehreren Jahren auf diesem Schiff.\"\"Ich habe mit Achtzehn angeheuert. Als unschuldiger Matrose.\"\"Das sind Sie heute aber bestimmt nicht mehr.\"\"Matrose? Nun ja. Auch ein Erster Offizier ist ein Matrose. Ein Matrose h\u00f6heren Ranges.\"\"Nein. Ich meine\u2026\u2026. unschuldig.\"Alaric sah aus dem Augenwinkel, wie Tris mit einem sch\u00fcchternen L\u00e4cheln den Kopf senkte. Allein diese liebenswerte Geste h\u00e4tte Alaric Verstand und Beherrschung verlieren lassen, h\u00e4tte er sich nicht gewaltsam zusammengenommen. Auf Dauer w\u00fcrde ihm diese Beherrschung freilich nicht \u0001 \u0002 kraftvolle Welle traf das Schiff frontal. Der Bug hob sich sp\u00fcrbar.\"Sachte, Baby!\" murmelte Alaric und umklammerte das ausbrechende \u0001 \u0002 st\u00fctzte sich auf der Suche nach einem Halt mit einer Hand an einer Konsole ab und presste die andere auf seinen Magen. Das bisschen Farbe, das auf seine Wangen zur\u00fcckgekehrt war, verfl\u00fcchtigte sich sekundenschnell.\"Ich glaube, es ist besser, Sie bleiben in Ihrer Koje, bis Sie wieder in Ordnung sind\", kommentierte Alaric seine Beobachtung liebevoll. Tris blies leise die Luft durch Lippen. \"Ich war nicht mehr in Ordnung, seit ich Achtzehn war.\"Alaric blickte zu ihm hin. \"Wollen Sie damit sagen, Sie sind \u00f6fter seekrank?\"\"Fast immer. Lediglich die Intensit\u00e4t variiert.\"\"Wie k\u00f6nnen Sie unter solchen Umst\u00e4nden diesen Beruf aus\u00fcben?\" fragte Alaric. \"Das ist doch viel zu qualvoll.\"\"Was soll ich sonst tun? Ich habe nichts anderes gelernt, als dem Kapit\u00e4n auf einem Schiff zu assistieren. Kochen kann ich. Aber das n\u00fctzt mir nichts. In der Komb\u00fcse wird mir blo\u00df noch schlechter, von den Ger\u00fcchen.\" Die sch\u00f6nen Augen fixierten Alaric traurig. \"Sie schicken mich nicht weg, oder?\"\"Ich schicke Sie nicht weg, Tris.\" Alaric registrierte, wie selbstverst\u00e4ndlich er zu der vertraulichen Anrede \u00fcbergegangen war, obwohl ihm jetzt der Rang des anderen Mannes bekannt war. Korrekterweise h\u00e4tte er Tris mit dem Titel oder seinem Nachnamen ansprechen m\u00fcssen. Tris Carver jedoch schien es ebenfalls als selbstverst\u00e4ndlich zu empfinden, beim Vornamen genannt zu werden. Vielleicht, weil der Captain so viel \u00e4lter war als er selbst. \"Wohin sollte ich Sie schicken? Auf diesem Pott k\u00f6nnten Sie nicht weiter gehen als bis in den Frachtraum.\"Im Frachtraum indessen w\u00fcsste ich Verwendung f\u00fcr Dich, spann Alaric das Gesagte in Gedanken weiter. Die Kisten, die wir transportieren, haben genau die richtige H\u00f6he, um Dich dar\u00fcberzulegen und Dir zu zeigen, wozu ein erfahrener Captain noch in der Lage ist, au\u00dfer ein Schiff zu \u0001 \u0002 Alaric gewahrte, welche Traurigkeit in Tris Carvers Augen lag, sch\u00e4mte er sich f\u00fcr seine Gedanken.\"Ich meinte mit wegschicken, mich abzulehnen als Ihren Ersten Offizier\", erklang Tris' sanfte Stimme.\"Keine Sorge. Das werde ich nicht tun.\" Alaric versuchte sich an einem aufmunternden L\u00e4cheln. \"Ich brauche schlie\u00dflich einen Ersten Offizier!\"",
            "wordcount": "762",
            "chapter_release": "03.01.2015",
            "chapter_number": "2"
        },
        "3": {
            "text": "Der Seegang wurde st\u00e4rker. Die Howl Of Damnation hob und senkte sich sp\u00fcrbar w\u00e4hrend ihres Ritts auf den \u0001 \u0002 schaute Mac Alaric hinaus auf die unendliche Weite des Wassers und des unwirklichen, pastellfarbenen Himmels. Es gefiel ihm zunehmend weniger, allein auf der Br\u00fccke zu sein. Dieses Schiff hatte eine seltsame r\u00e4umliche Aufteilung f\u00fcr die Br\u00fcckenaufgaben. Normalerweise waren alle Offiziere zusammen auf dem Kommandodeck, konnten einander sehen und jederzeit miteinander sprechen. Auf diesem Schiff dagegen hatte jeder Offizier seinen eigenen kleinen Arbeitsraum zur Verf\u00fcgung. Alaric war es gewohnt, seinen Erster Offizier an der Seite zu haben. Tris Carver hatte sich aufgrund seines gesundheitlichen Zustands jedoch wieder hinlegen m\u00fcssen. Die erbarmungsw\u00fcrdige Verfassung des J\u00fcngeren lie\u00df bei Alaric v\u00e4terliche Gef\u00fchle aufkommen. Gef\u00fchle, die ihn st\u00f6rten. Er pflegte lieber seine erotischen Phantasien. Es war lange her, dass er so f\u00fcr jemanden empfunden hatte. Viel zu lange. Er wollte endlich wieder Sex haben. Und W\u00e4rme. Die W\u00e4rme eines anderen Menschen. Er war \u00e4lter geworden, aber Teufel, er war noch nicht zu alt. Er konnte seinen Partnern immer noch etwas \u0001 \u0002 wusste blo\u00df nicht, wie er es anstellen sollte. In den sch\u00f6nen Augen hatte er nichts als Unbedarftheit gesehen. Tris ahnte nichts von Alarics wahren Gedanken, und seinen Absichten. Was in Alarics Augen \u00fcberhaupt die sch\u00e4rfste Kombination war. Zur\u00fcckhaltung, Ahnungslosigkeit, Sch\u00fcchternheit und vielleicht Unschuld obendrein waren die Essenz dessen, was ihn zu einem Mann hinzog wie die Ozeaneulen zum \u0001 \u0002 breites L\u00e4cheln lie\u00df die F\u00e4ltchen um seine Augen sichtbar werden, als er neben dem Fenster einen der h\u00fcbschen, blaugrau gesprengkelten Falter sitzen sah, an deren Art er eben gedacht hatte. Ozeaneulen gab es \u00fcberall auf dieser vom Wasser dominierten Erde, sie waren die reinsten \u00dcberlebensk\u00fcnstler. In der n\u00e4chsten Sekunde dachte Alaric bereits wieder an Tris. Dieser Mann besch\u00e4ftigte ihn. Tris Carver war hei\u00df. Er musste ihn unbedingt von dieser Uniform befreien, so sexy er darin aussah. Oh ja. Das musste er machen. Bald.\"Captain!\"Die Stimme kam aus absoluter Stille, direkt hinter ihm, und es war nicht die seines Ersten Offiziers. Alaric fuhr zusammen wie jemand, der bei etwas Verbotenem erwischt wurde. \"Zum Donnerwetter, Matrose!\" Er wandte sich um. Ver\u00e4rgerung blitzte in seinen Augen auf. \"M\u00fcssen Sie sich so anschleichen?\"Der Junge schrumpfte etwas. \"Entschuldigung, Sir, tut mir leid, Sir.\"\"Schon gut. Was gibt's denn?\"\"Wollte Meldung machen. Wir haben einen Kranken an Bord.\"\"Was?\" bellte Alaric. \"Noch einen Kranken?\"\"Noch einen, Sir?\" wiederholte der Junge verwirrt.\"Na, Euer Erster. Dem ist dauernd schlecht.\"\"Oh..... ja. Lieutenant Carver. Die Kinetose ist bei ihm chronisch. Bedauernswerter Mann.\"\"Also, wer noch?\" verlangte Alaric zu wissen.\"Hal Anderson. Er hat hohes Fieber, und Sch\u00fcttelfrost.\"\"Was Ansteckendes?\"\"Das wissen wir nicht, Sir. Wir hoffen es nicht.\"Alaric deutete auf das Steuerrad. \"K\u00f6nnen Sie damit umgehen?\"\"Ja.\"\"Okay. Nehmen Sie's. Ich sehe mir den Jungen kurz an.\"+++++++Ein Arzt an Bord eines Schiffes war in diesen Tagen unerschwinglicher Luxus. \u00c4rzte waren bereits an Land knapp. \"Das Fieber ist heftig\", informierte Andy Wise, der bei dem Kranken am Bett sa\u00df, den Captain. Wise war der einzige Mann an Bord, der wenigstens eine Ausbildung als Ersthelfer besa\u00df. \"Ich habe keine Ahnung, was f\u00fcr eine Krankheit das ist.\"Der Kranke zitterte so heftig, dass seine Z\u00e4hne aufeinanderschlugen. Alaric beobachtete eine Weile, wie Wise mit Hilfe einer Eispackung, die er dem Kranken auf die Stirn dr\u00fcckte, das Fieber zu senken versuchte. Auch Alaric wusste keinen Rat.\"Tun Sie, was Sie k\u00f6nnen\", wies Alaric das Mannschaftsmitglied an. \"Und halten Sie mich \u00fcber seinen Zustand auf dem Laufenden. Schicken Sie mir jemanden, der mich informiert.\"\"In Ordnung, Captain.\"\"Den kleinen Schleicher. Dem macht das Spa\u00df, glaub ich.\"\"Bitte, Sir?\"\"Ach. Nichts.\" Alaric wedelte unbestimmt mit der Hand. \"Helfen Sie ihm, so gut es geht.\"",
            "wordcount": "680",
            "chapter_release": "03.01.2015",
            "chapter_number": "3"
        },
        "4": {
            "text": "In der Nacht vernahm Mac Alaric leise Ger\u00e4usche vor der T\u00fcr seiner Kaj\u00fcte. Jemand bewegte sich immer wieder durch den schmalen Flur und benutzte mehrmals die Toilette. Dieser Jemand konnte offenbar nicht schlafen. Ein sagenhaft h\u00fcbsches Gesicht erschien vor seinem inneren Auge. Das Gesicht von Tris Carver. Aufgrund der mehr als angenehmen Vorstellung schaltete Alarics Gehirn in den Wachmodus, weshalb es ihm nicht mehr gelang, einzuschlafen. Eine Zeitlang lag Alaric wach und lauschte auf die leisen Ger\u00e4usche von drau\u00dfen. Irgendwann wurde sein eigenes Bed\u00fcrfnis, die Toilette aufzusuchen, konkret, und er sch\u00e4lte sich aus der schmalen Lagerstatt. In einer zerbrochenen Scherbe, das \u00dcberbleibsel eines fr\u00fcheren Spiegels, \u00fcberpr\u00fcfte er sein Aussehen und gl\u00e4ttete mit beiden H\u00e4nden das kurze, wei\u00dfgraue Haar. Er war in die Jahre gekommen, keine Frage, aber er war immer noch ein ansehnlicher \u0001 \u0002 dem winzigen Flur gab es vier R\u00e4ume: Die Kaj\u00fcten des Kapit\u00e4ns, des Ersten Offiziers, des Navigationsoffiziers und eine kleine Toilette. Die R\u00e4ume der anderen Offiziere und Matrosen lagen etwas weiter entfernt in anderen Abzweigungen des \u0001 \u0002 ahnte, wem das angestrengte Atmen geh\u00f6rte, das aus der Toilette zu vernehmen war. Leise zog er die T\u00fcr auf. Sein Erster Offizier kniete vor der Toilettensch\u00fcssel wie ein erbarmungsw\u00fcrdiger S\u00fcnder vor dem \u0001 \u0002 ging zu ihm hin, hockte sich neben ihm nieder, legte ihm die H\u00e4nde auf die Schultern.\"Tris\u2026\u2026 Ist schon gut\", sagte er leise. \"Ich helfe Ihnen ins Bett zur\u00fcck.\"Tris sch\u00fcttelte schwach den Kopf. \"Ich kann nicht. Ich habe Angst, es geht daneben.\"Er w\u00fcrgte hilflos.\"Ihr Magen ist leer\", beruhigte Alaric ihn. \"Es kann nichts daneben gehen. Sie brauchen Schlaf. - Kommen Sie!\"Entkr\u00e4ftet lie\u00df sich Tris hochziehen. Alaric st\u00fctzte ihn. Tris konnte kaum aufrecht gehen. Er hielt beide H\u00e4nde auf den Magen \u0001 \u0002 half ihm, sich hinzulegen. Mitleidig registrierte er, dass sein Erster keine Kraft gefunden hatte, sich auszuziehen. Er begann damit, ihm die schwarzen, kn\u00f6chelhohen Stiefel aufzuschn\u00fcren. Er tat es zun\u00e4chst langsam, um den Kranken nicht unn\u00f6tig zu stressen. Nach einer Weile tat Alaric es langsam, weil er es genoss. Vorsichtig zog er Tris die Stiefel von den F\u00fc\u00dfen, einen nach dem anderen. Dann wandte er sich dem Uniformoberteil zu. Ruhig \u00f6ffnete er die Kn\u00f6pfe. Tris lag mit geschlossenen Augen still, der Handr\u00fccken seiner rechten Hand ruhte auf seiner Stirn.\"Ich kann angezogen schlafen\", murmelte er ersch\u00f6pft. \"Nein. Die Kn\u00f6pfe dr\u00fccken nur.\" Sachte und liebevoll befreite Alaric den j\u00fcngeren Mann von der Uniformjacke. Tris trug ein lang\u00e4rmeliges d\u00fcnnes Baumwollshirt darunter. Alaric \u00f6ffnete den Verschluss der schwarzen Hose, die zur Offiziersuniform geh\u00f6rte, und den Rei\u00dfverschluss. Vorsichtig sch\u00e4lte er sie nach unten. Auch unter der Hose trug Tris, genau wie er selbst, lange Thermounterhosen. Die Temperaturen in den ungeheizten R\u00fcmpfen der altersschwachen Schiffe machten warme Unterw\u00e4sche \u0001 \u0002 er Tris von der Hose befreit hatte, z\u00f6gerte Alaric. Mitleid f\u00fcr den Kranken und aufkommende Lust bekriegten sich in seinem Inneren. Die Gelegenheit war zu g\u00fcnstig. Er durfte sie nicht ungenutzt verstreichen \u0001 \u0002 Hand legte sich auf den weichen Baumwollstoff von Tris' linkem Bein. Langsam lie\u00df Alaric sie h\u00f6hergleiten, wie absichtslos. Als er sachte \u00fcber die W\u00f6lbung in Tris' Scho\u00df fuhr, war ein leises, erschrockenes Aufst\u00f6hnen die \u0001 \u0002 schaute ihn an. Tris hatte die Augen ge\u00f6ffnet, schaute ihn ebenfalls an, \u00fcberrascht. Alarics Hand \u00fcbte leichten Druck aus. Tris beobachtete ihn, lie\u00df keine Anzeichen von Abwehr erkennen. Alaric f\u00fchlte sich ermuntert, weiterzumachen. Er begann eine sanfte Massage. Tris atmete leise, aber h\u00f6rbar, und er konnte unterdr\u00fcckte Laute des Wohlgefallens nicht \u0001 \u0002 l\u00e4chelte vor sich hin. Er genoss die Stille in der Kaj\u00fcte, und die Reaktionen, die seine Behandlung bei dem j\u00fcngeren Mann hervorrief. Tris wurde immer ruhiger. Sein Arm, dessen Hand auf seiner Stirn ruhte, sank herab. Als die W\u00f6lbung prall und unnachgiebig geworden war, zog Alaric den Bund der Thermounterhose und des Slips herab und legte eine beginnende Erektion frei. Er betrachtete das ansehnliche K\u00f6rperteil wohlwollend und umfasste es. Fasziniert sah er, wie Tris, den unerwarteten und angenehmen Empfindungen hilflos ausgeliefert, den Kopf zur\u00fcckbog und die schmalen Lippen \u00f6ffnete, so dass die makellosen, wei\u00dfen Z\u00e4hne zu sehen waren, und wie er voller Hingabe die Augen schloss. Diese Reaktion auf seine Ber\u00fchrung wirkte unglaublich sinnlich auf Alaric. Tris Carver strahlte mehr Erotik aus als jeder Pornostar!Tris st\u00f6hnte leise, und er sank ganz von selbst in das Gef\u00fchl tiefer Entspannung. Zum ersten Mal seit langer Zeit war die Empfindung von \u00dcbelkeit nicht vorherrschend in seinen \u0001 \u0002 konzentrierte sich ganz auf sein Tun, und je l\u00e4nger er es machte, desto besser gefiel es ihm.",
            "wordcount": "768",
            "chapter_release": "03.01.2015",
            "chapter_number": "4"
        },
        "5": {
            "text": "Tris Carver gewahrte erst am n\u00e4chsten Morgen, dass er gar nicht in seinem eigenen Bett lag. Er erwachte in der Kaj\u00fcte des Captains. Vor lauter Elendsgef\u00fchl und Magenschmerzen hatte er in der Nacht gar nicht mitbekommen, wohin ihn Mac Alaric \u0001 \u0002 war allein. Der Captain war gewiss auf der Br\u00fccke, um den Kurs des altesschwachen Schiffes zu \u00fcberwachen. Tris blieb mit offenen Augen liegen. Die \u00dcbelkeit war noch da, aber sie war nur leicht. Sein Magen schmerzte von den Kr\u00e4mpfen und dem Erbrechen, doch die Entspannung, die er in der Nacht durch die liebevolle Behandlung seines Captains erfahren hatte, hatte geholfen, die Kinetose abzuschw\u00e4chen. Mac Alaric. Ein bemerkenswerter Mann. Ein Mann, der einem gefallen musste, ob man wollte oder \u0001 \u0002 wusste noch nicht lange von seiner Vorliebe f\u00fcr M\u00e4nner. Fr\u00fcher waren Frauen das Objekt seiner sexuellen Begierden gewesen. Davon gab es jedoch nicht viele auf diesen gefahrvollen Reisen \u00fcber die unendlichen Ozeane, und versoffene, ungepflegte Matrosen waren keine Sexualpartner, die Tris ernsthaft in Betracht gezogen h\u00e4tte. Auch die meisten Kapit\u00e4ne, unter denen er gedient hatte, waren ungepflegte R\u00fcpel gewesen. Mac Alaric war anders. Deshalb war die n\u00e4chtliche Begegnung wie selbstverst\u00e4ndlich passiert, und Tris bereute nichts. Er hatte noch nie ein sch\u00f6neres, intimes Erlebnis gehabt, und das, obwohl es nur kurz gewesen war. Nach seinem Orgasmus hatte Alaric ihn in Ruhe gelassen, und Tris war sofort \u0001 \u0002 jetzt ging es ihm zum ersten Mal seit Jahren sp\u00fcrbar besser. Vielleicht w\u00fcrde diese dreizehnte Reise auf der Howl Of Damnation seine beste werden. Schon jetzt versp\u00fcrte Tris eine unterschwellige Sehnsucht nach den z\u00e4rtlichen, warmen H\u00e4nden, die ihn gekonnt zum H\u00f6hepunkt massiert hatten. Nat\u00fcrlich w\u00fcrde er sich revanchieren m\u00fcssen. Schlie\u00dflich diente der Erste Offizier dem Captain, nicht umgekehrt. Dienen. Das war ihm bisher aufgrund seines Zustands nur unzureichend gelungen. H\u00f6chste Zeit, seinen dienstlichen Pflichten nachzukommen!Langsam setzte Tris sich auf, wartete \u00e4ngstlich, ob die \u00dcbelkeit zunahm. Als er keine Ver\u00e4nderung feststellte, schwang er vorsichtig die langen, schlanken Beine aus der Koje. Er trug seine lange Unterw\u00e4sche. Seine Hose und das Oberteil seiner Uniform hingen ordentlich zusammengelegt \u00fcber der Lehne des einzigen Holzstuhls in dem winzigen \u0001 \u0002 nahm die Kleidungsst\u00fccke und ging hin\u00fcber in seine eigene Kaj\u00fcte, um sich frische Kleidung zu holen und sich danach in der kleinen Nasszelle neben der Toilette zu waschen. Anschlie\u00dfend holte er sich in der Komb\u00fcse einen Blechnapf mit schwarzem Tee und ging zur \u0001 \u0002 Alaric stand am Steuerrad. Er schaute zur Seite, als er jemanden kommen h\u00f6rte. Ein schelmisches L\u00e4cheln erschien auf seinen Z\u00fcgen. \"Guten Morgen, Tris. Alles okay?\"Tris bedachte ihn mit einem Blick, in dem Verwunderung und Dankbarkeit lag. Verwunderung \u00fcber das, was in der vergangenen Nacht geschehen war. \"Guten Morgen, Captain. Es geht mir besser, Sir. Danke.\"Wie selbstverst\u00e4ndlich sprach Tris den Captain distanziert an. Es war ein ungeschriebenes Gesetz unter Offizieren, sich im Dienst mit der gebotenen Disziplin und Distanz zu begegnen. In privaten Momenten konnten sie einander titulieren, wie sie wollten, doch in ihrer Eigenschaft als Offiziere mussten sie sich korrekt verhalten, um die Mannschaft nicht zu verunsichern und Bedenken zu sch\u00fcren, die F\u00fchrungsoffiziere k\u00f6nnten, \u00fcberw\u00e4ltigt von ihren Hormonen, ihre dienstlichen Pflichten vernachl\u00e4ssigen.\"Wenigstens eine gute Nachricht an diesem Morgen\", meinte Alaric. \"Der Navigationsoffizier sagt f\u00fcr die kommende Nacht einen gewaltigen Sturm vorher, und Anderson geht es schlecht. Wir werden ihn wohl verlieren.\"\"Verdammter Mist\", murmelte \u0001 \u0002 Gespr\u00e4ch verstummte daraufhin, weil es nichts weiter zu sagen gab. In beiden F\u00e4llen konnten sie nichts \u0001 \u0002 ganze Weile blieb es still auf der Br\u00fccke bis auf das Ger\u00e4usch, das die Wellen verursachten, die kontinuierlich gegen den Rumpf des Schiffes \u0001 \u0002 M\u00e4nner schauten durch das Fenster auf den violetten Horizont, der sich mit dem Anbruch des Tages ins Gelbliche \u0001 \u0002 trafen sich ihre \u0001 \u0002 streckte den Arm aus, und seine warme Hand legte sich auf Tris' \u0001 \u0002 Geste unterstrich bedeutungsvoll, was in der Nacht zwischen ihnen gewesen war. Tris registrierte seinen pulsierenden Herzschlag. Ihm war, als w\u00fcrde er Mac Alaric schon ewig kennen. Was zwischen ihm und dem anderen Mann vorging, war magisch. Als w\u00e4ren sie von vorneherein f\u00fcreinander \u0001 \u0002 trat ein wenig zur Seite und machte mit dem Kinn eine knappe Bewegung zum Steuerrad. \"M\u00f6chten Sie's versuchen?\"Tris stellte den Blechnapf auf eine Konsole, trat n\u00e4her und legte seine schlanken H\u00e4nde auf das gro\u00dfe, altmodische Schiffsruder. Er sp\u00fcrte deutlich die Ausschl\u00e4ge, die Bewegungen, die das Schiff verursachte, und die Vibrationen der Maschinen, die es antrieben.\"F\u00fchlt sich gut an, nicht wahr?\"\"Ja. Gro\u00dfartig.\" Tris l\u00e4chelte. Obgleich er schon ewig auf der Howl Of Damnation die Meere \u00fcberquerte, war er kaum je in den Genuss gekommen, das Schiff mit seinen eigenen H\u00e4nden zu f\u00fchren. Seine Aufgabe bestand darin, f\u00fcr die Sicherheit der Mannschaft zu sorgen und die Anweisungen des Captains an die M\u00e4nner weiterzugeben.\"Wenn man selbst f\u00e4hrt, wird einem auch nicht so leicht schlecht\", bemerkte Alaric, und Tris l\u00e4chelte.\"Das stimmt wohl.\"Ihr Dialog verstummte. Irgendwann legte sich Alarics Hand auf die von Tris, und sie standen eine Zeitlang nahe beieinander, das Schiff, diesen einzigen Ort der Geborgenheit, den sie im Augenblick besa\u00dfen, gemeinsam auf Kurs haltend.",
            "wordcount": "878",
            "chapter_release": "03.01.2015",
            "chapter_number": "5"
        },
        "6": {
            "text": "Am Nachmittag stand die gesamte Mannschaft betroffen um die primitive Holzkiste herum, in der ihr toter Kamerad lag. Mac Alaric sprach ein paar Worte des Abschieds f\u00fcr den verstorbenen Hal Anderson und versuchte, den Matrosen Trost zu vermitteln. Dann hievten sie die Holzkiste an der einzigen Stelle, an welcher es auf dem ansonsten geschlossenen Schiff einen Zugang zur See gab, \u00fcber Bord und sahen zu, wie sie in den wilden Wellen \u0001 \u0002 kehrte danach unverz\u00fcglich ans Ruder zur\u00fcck, das inzwischen einer der Matrosen gef\u00fchrt hatte. Tris hielt sich noch eine Zeitlang bei der Mannschaft auf und sprach mit \u0001 \u0002 Tris nach langer Zeit auf die Br\u00fccke kam, erschrak Alaric \u00fcber den besorgten Blick in seinen Augen. \"Die \u00dcbelkeit?\" erkundigte er sich mitf\u00fchlend. \"Wieder da?\"Tris sch\u00fcttelte den Kopf.\"Es ist Wells, Captain\", sagte er mit belegter Stimme. \"Er...... hat jetzt das Fieber.\"\"Verdammt! Wir haben es also tats\u00e4chlich mit einer ansteckenden Krankheit zu tun. Und das auf diesem Pott, auf dem wir uns nicht aus dem Weg gehen k\u00f6nnen.\"\"Wir k\u00f6nnen nicht zuwarten, bis es nach und nach jeden von uns erwischt\", meinte Tris. \"Wir m\u00fcssen an Land.\"\"Sie kennen die Bestimmungen, Lieutenant. Man wird uns nirgendwo anlegen lassen, wenn wir beim Sicherheitscheck angeben, aus welchem Grund wir anlegen wollen.\"\"Wir m\u00fcssen den Kranken aber von Bord bekommen, sonst breitet sich die Seuche, oder was immer es ist, unweigerlich unter uns aus.\"Alaric atmete tief ein und deutete auf das unendliche Meer, das sich vor dem Fenster vor ihnen erstreckte. \"Na sch\u00f6n, dann sagen Sie mir, wie wir das machen sollen. In den n\u00e4chsten f\u00fcnf bis sieben Tagen werden wir nicht einmal in die N\u00e4he von Land kommen.\"Tris sch\u00f6ne Augen blickten den Captain \u00e4ngstlich an. \"Mayday? Vielleicht ist ein gr\u00f6\u00dferes Schiff in der N\u00e4he, das wenigstens \u00fcber einen Raum verf\u00fcgt, um den Mann zu isolieren.\"\"Kein Kapit\u00e4n wird jemanden mit einer m\u00f6glicherweise hochansteckenden Krankheit an Bord seines Schiffes lassen. Aber gut, der Navigationsoffizier soll nach Schiffen in unserer N\u00e4he suchen. Mayday senden wir erst, wenn es Sinn macht, wenn tats\u00e4chlich ein Schiff in der N\u00e4he ist.\"\"Aye.\" Tris wandte sich ab. Alaric hielt ihn auf, indem er sanft seinen Arm umfasste. \"Tris, gehen Sie nicht in die N\u00e4he des Kranken.\"Tris verstand die Botschaft in den flehenden Augen. Die Sorge, sein Erster Offizier k\u00f6nnte erkranken, und sterben. Allerdings wussten sie beide, dass eine solche Vorkehrung im Grunde nichts n\u00fctzte. Sie alle hatten lange genug direkten Kontakt mit Hal Anderson und Martin Wells gehabt, um l\u00e4ngst infiziert zu sein.\"In Ordnung\", sagte Tris trotzdem leise, um das, was hinter Alarics Bitte stand, zu w\u00fcrdigen. Seit dem Tod seiner Eltern war niemand mehr aufrichtig besorgt um ihn gewesen. Die kurzen sexuellen Aff\u00e4ren mit Frauen hatten keine N\u00e4he entstehen lassen und ihm keine Geborgenheit geboten. Alarics Verhalten lie\u00df ihn diese Geborgenheit sp\u00fcren, und das ber\u00fchrte ihn tief.+++++++Mac Alaric hing seinen Gedanken nach, als Tris weg war. Es w\u00fcrde f\u00fcr sie kaum einen Ausweg aus ihrer Lage geben. Wenn diese offenbar t\u00f6dliche Krankheit weiter um sich griff, waren sie verloren. Es w\u00fcrde ihnen niemals gelingen, schnell genug Hilfe zu finden.\"Ausgerechnet jetzt\", h\u00f6rte Alaric sich irgendwann entt\u00e4uscht murmeln. \"Ich fahre seit f\u00fcnfunddrei\u00dfig Jahren zur See, habe alle m\u00f6glichen Gefahren \u00fcberstanden, und nun, da ich auf meine alten Tage vielleicht endlich gl\u00fccklich werden darf, passiert das.\"Noch mehr als sein eigener Tod schmerzte ihn die Vorstellung, Tris Carver w\u00fcrde sterben. So ein wunderbarer Mann. In jeder Hinsicht. Gutaussehend, mit einem sanften Wesen und einem guten Charakter. Eine Perle unter den \u00fcblicherweise grobschl\u00e4chtigen, primitiven Seefahrern. Einfach fort. Was f\u00fcr eine Verschwendung! Das Schicksal war ungerecht. Gott war ungerecht. Dieser Typ musste wirklich endlich einmal lernen, zwischen Recht und Unrecht zu \u0001 \u0002 Alaric umklammerte das Steuerrad der Howl Of Damnation fest. Zum ersten Mal in seinem Leben empfand er Hilflosigkeit, und dieses Gef\u00fchl gefiel ihm gar nicht.\"Du wirst nicht wollen, dass ich sterbe und zu Dir komme, ungerechter Gott\", knurrte er unheilvoll mit einem Blick gegen die Decke des Schiffs. \"Dir werde ich was erz\u00e4hlen!\"",
            "wordcount": "714",
            "chapter_release": "03.01.2015",
            "chapter_number": "6"
        },
        "7": {
            "text": "Als er das Gef\u00fchl bekam, er m\u00fcsste sich einmal wieder die Beine vertreten, bat Alaric einen Matrosen, das Steuer zu \u0001 \u0002 den G\u00e4ngen des Schiffs traf er auf Tris Carver, der auf dem Weg zur Br\u00fccke war. Der Anblick des h\u00fcbschen Mannes w\u00e4rmte sein Herz und lie\u00df ihn seine Sorgen auf der Stelle vergessen.\"Lieutenant\", sprach Alaric ihn an im Bewusstsein, dass sich vielleicht Mannschaftsmitglieder in H\u00f6rweite aufhielten. \"Was k\u00f6nnen Sie mir berichten?\"\"Leider nichts Gutes, Captain. Der Navigationsoffizier hat zwei Stunden lang auf allen Frequenzen gesucht. Kein Anzeichen f\u00fcr ein Schiff in unserer N\u00e4he, und erst recht kein Land.\"\"Wells?\"\"Es geht ihm zunehmend schlechter.\"Alaric lie\u00df die Schultern h\u00e4ngen. Er senkte den Blick und murmelte: \"So ein Mist. F\u00fcnfunddrei\u00dfig Jahre zur See. In so einer beschissenen Lage war ich noch nie.\"Tris versuchte, den niedergeschlagenen Captain durch zur Schau gestellten Arbeitseifer aufzurichten. \"Weitere Anweisungen, Sir?\"Mac Alaric hob den Kopf. Er schaute Tris an. Nachdenklich, wie es schien. Nach einigen Sekunden erschien ein L\u00e4cheln auf seinem Gesicht. \"Mitkommen!\" befahl \u0001 \u0002 folgte Alaric. Unterwegs schickte der Captain einen Matrosen ans Steuerrad. Alaric ging zu seiner Kabine, \u00f6ffnete die T\u00fcr und bedeutete Tris, einzutreten. Er schloss die T\u00fcr sorgf\u00e4ltig. Dann packte er den \u00fcberraschten Tris Carver, warf ihn r\u00fccklings auf sein Bett und hockte sich auf ihn. Tris sah pure Lust in den Augen des anderen Mannes. Alaric z\u00f6gerte einen Augenblick, wartete, ob Tris den Ann\u00e4herungsversuch abwehren w\u00fcrde. Doch Tris tat nichts dergleichen. Seine erste Begegnung mit Alarics erfahrenen H\u00e4nden war eine Wohltat gewesen. Wenn er das wieder erleben durfte, w\u00fcrde er sich nicht dagegen \u0001 \u0002 geschickte Finger hatten die Kn\u00f6pfe der Uniform so schnell ge\u00f6ffnet, dass Tris es kaum bemerkte. Alaric zog Tris' Oberk\u00f6rper hoch und streifte ihm das Uniformoberteil \u00fcber die Schultern hinab. Wohlwollend begutachtete Alaric die unbehaarte, wohlgeformte M\u00e4nnerbrust. Kein Gramm Fett, von entsprechendem Training fest, nicht zu massig. Absolut \u0001 \u0002 angeschaut zu werden, sandte eine G\u00e4nsehaut \u00fcber Tris' R\u00fccken, und seine Nippel richteten sich \u0001 \u0002 in jeder Hinsicht erfahrene Captain bemerkte das Zeichen der k\u00f6rperlichen Bereitschaft. Er senkte sein Gesicht auf eine Brustwarze. Mit hei\u00dfer Zunge sog er daran. Sein weicher Bart strich \u00fcber Tris' nackte Haut. Die Empfindung lie\u00df Tris seufzend einatmen. Er hatte pl\u00f6tzlich keine Kraft mehr und sank zur\u00fcck auf das Bett. Alarics Mund blieb auf seiner Brust. Wie zur H\u00f6lle kam es, dass er unter jedem Blick, jeder Ber\u00fchrung dieses so viel \u00e4lteren Mannes wie hei\u00dfes Wachs zerfloss? War er nur besonders hingabebereit, weil er lange keinen Sex mehr gehabt hatte? Sehnte er sich nach Abwechslung in dem ansonsten gleichf\u00f6rmigen Leben auf dem Schiff? Oder war es doch dieses gewisse Etwas, das die Person des Captains umgab? Alarics geschickte Zunge k\u00fcmmerte sich um den zweiten Nippel. Tris schluckte trocken und schloss automatisch die Augen, um das Gef\u00fchl noch intensiver zu genie\u00dfen. Er atmete ein wenig schneller. Die Reaktion des J\u00fcngeren t\u00f6rnte Alaric an. Es gefiel ihm, wie wehrlos ihm sein Erster offensichtlich ausgeliefert war. Seiner Erfahrung, und seiner in Ehren ergrauten Person. Je heftiger Tris atmete und je deutlicher er zeigte, wie gut ihm die Behandlung tat, desto erregter wurde Mac Alaric. Und au\u00dferdem hatten sie sowieso nicht ewig Zeit. Nicht mit all den Problemen, die sie im Augenblick an Bord der Howl Of Damnation \u0001 \u0002 zerrte Alaric Tris die Hose \u00fcber die H\u00fcften und hinab bis \u00fcber die Oberschenkel, doch pl\u00f6tzlich gen\u00fcgte ihm das nicht mehr und er befreite Tris komplett von der Hose, danach von der langen Unterhose und dem Slip. Er packte Tris' schlanke Schenkel und legte sie \u00fcber seine Schultern. Tris Carver riss die klaren, blauen Augen auf, beobachtete Alaric, wie dieser seine eigene, beeindruckende M\u00e4nnlichkeit befreite. \"Captain.......\"\"Hm?\"\"Ich habe noch nie...... Ich meine....... Mit einem Mann.......\"\"Schon gut! Sei unbesorgt, mein Junge. Ich werde Dir nicht weh tun.\"\"Es ist...... mir peinlich......\"\"Was? Dass Du es noch nie mit einem Mann gemacht hast?\"Tris nickte, und sein Blick, halb traurig, halb \u00e4ngstlich, bohrte sich in Alarics Herz. \"Vergiss' es! Das ist nichts, wof\u00fcr Du Dich sch\u00e4men musst. Zumal der Grund vermutlich simpel ist: Du hast bisher keinen Mann getroffen, mit dem Du es h\u00e4ttest tun wollen. Stimmt's?\"\"Ja, das stimmt......\"Alaric l\u00e4chelte ihm aufmunternd zu. \"Lieg' still und genie\u00dfe! Das ist ein Befehl.\"Tris l\u00e4chelte und versuchte, sich zu entspannen. Er hatte \u00fcberhaupt nicht mitbekommen, wie Alaric sich w\u00e4hrend ihres Dialogs ein Kondom aufgezogen und es mit Gleitfl\u00fcssigkeit aus einer Tube benetzt \u0001 \u0002 er bekam kaum mit, wie Mac Alaric in ihn eindrang, denn das Gef\u00fchl war einfach Wahnsinn. Es verdr\u00e4ngte alle Gedanken, mit denen sein Geist \u00fcblicherweise besch\u00e4ftigt war. Tris' Kopf sank tief ins Kissen, und ein St\u00f6hnen, das mehr wie ein befreites Aufzeufzen klang, entkam seiner Kehle. Er f\u00fchlte sich erigieren, und nach wenigen St\u00f6\u00dfen seines Lovers sp\u00fcrte Tris, wie sein eigenes hei\u00dfes Sperma an seinem Schenkel herablief, ohne dass er das Geringste daf\u00fcr zu tun brauchte.",
            "wordcount": "864",
            "chapter_release": "10.01.2015",
            "chapter_number": "7"
        },
        "8": {
            "text": "Sp\u00e4ter, auf dem Kommandodeck des Schiffs, sprachen Alaric und Tris nicht viel miteinander, doch sie l\u00e4chelten einander oft \u0001 \u0002 sahen das gleiche in den Augen des jeweils anderen, n\u00e4mlich die Freude dar\u00fcber, dass da etwas Tiefes zwischen ihnen bestand. Ja, da war das sexuelle Begehren, es war immer da, auch jetzt, so kurz nach einer intimen Begegnung, und trotzdem war da noch viel \u0001 \u0002 geh\u00f6rt zu mir, dachte Alaric, erf\u00fcllt von Dankbarkeit f\u00fcr das sp\u00e4te Gl\u00fcck in seinem Leben. Und er soll zu mir geh\u00f6ren, f\u00fcr \u0001 \u0002 liebt mich, dachte Tris. Er liebt mich wirklich. Er ist der erste Mensch, der mich liebt, seit ich Mum und Dad verloren habe.\"Captain? Darf ich n\u00e4hertreten?\"Die Stimme des Navigationsoffiziers unterbrach die wohltuende Stille. Alaric schaute sich nach dem Mann um.\"Selbstverst\u00e4ndlich, Cummings.\"\"Melde gehorsamst: Noch immer kein Schiff in Funkweite. Noch eine halbe Stunde bis zum Kontakt mit der Sturmfront. Und..... Martin Wells wird uns heute Nacht wohl verlassen, Sir. Er ist vom Fieber total geschw\u00e4cht.\"Alaric stie\u00df den Atem aus. \"Gut. Ihre Nachrichten gefallen mir zwar alle nicht, aber ich danke Ihnen f\u00fcr Ihre Offenheit.\"\"Da ist noch etwas, Sir.\"\"Ich h\u00f6re.\"\"Ein weiterer Matrose ist erkrankt. Die gleichen Symptome.\"\"Verfluchte Schei\u00dfe!\" Alaric hieb beide H\u00e4nde gegen das Steuerrad. Tris zuckte zusammen.\"Tut mir leid, Sir\", sagte Cummings. \"Soll ich weiter nach Schiffen suchen?\"\"Ja\", brummte Alaric. \"Machen Sie weiter! Etwas anderes k\u00f6nnen wir ja nicht tun.\"Der Captain sch\u00fcttelte f\u00fcr sich den Kopf und schaute hinaus auf den endlosen Ozean. Er liebte das Meer, aber er liebte es nicht so, dass er sich w\u00fcnschte, es w\u00fcrde zu seinem Grab werden. Er wollte leben, und jetzt erst recht. Er wollte eine Zukunft haben, f\u00fcr sich und f\u00fcr Tris. Vor allem f\u00fcr Tris. Tris Carver, den Mann, den er liebte.\"Lieutenant?\" schreckte Alarics Stimme Tris nach einer Weile aus seinen eigenen fruchtlosen Gr\u00fcbeleien. \"Was haben wir eigentlich f\u00fcr eine Ladung an Bord?\"\"Getreidesorten, Sir. Verschiedene Getreide, die in Unosnea selten geworden sind.\"\"Haben Sie die Fracht \u00fcberpr\u00fcft, nachdem sie auf die Howl of Damnation gebracht worden ist?\"Erschrocken blickte Tris seinen Captain und Lover an. \"Ich habe mir die Papiere genau angesehen. Es ist alles in Ordnung damit. S\u00e4mtliche Stempel sind enthalten.\"Alaric fixierte ihn, als wollte er ihn hypnotisieren. \"Aber Sie haben nicht nachgesehen? Ich meine, die Kisten ge\u00f6ffnet?\"\"Nein. Warum sollte ich das tun? Das ist nicht \u00fcblich.\"Alaric \u00fcberlegte einige Augenblicke. \"Tun Sie es jetzt. Gehen Sie in den Frachtraum, und \u00f6ffnen Sie wenigstens eine der Kisten.\"Tris sah aus, als sei er den Tr\u00e4nen nahe. \"Captain, Sie machen mir doch keinen Vorwurf? Ich habe korrekt und nach Vorschrift gehandelt......\"\"Um Himmels willen, Tris! Nein! Ich mache Dir keinen Vorwurf. Aber nun geh' und sieh' nach. \u00dcberpr\u00fcfe diese gottverdammte Fracht. Und wenn Du es nur deshalb tust, um meinem Befehl zu folgen.\"Der pl\u00f6tzlich vertrauliche Ton vers\u00f6hnte Tris. Er zeigte einen kurzen, milit\u00e4rischen Gru\u00df. \"Aye, Captain.\"\"Ach ja, und..... Tris? Sei vorsichtig!\"Tris nickte und wandte sich \u0001 \u0002 Alaric sah ihm nach, und ein merkw\u00fcrdiges Rumoren breitete sich in seinen Eingeweiden \u0001 \u0002 of Damnation. Geheul der \u0001 \u0002 Name dieses Schiffs gefiel Alaric immer weniger. Unter Seefahrern war der Spruch nomen est omen ein \u0001 \u0002 jetzt noch der Sturm, murmelte Alaric, und bemerkte im selben Moment den st\u00e4rker werdenden Seegang, der das Schiff mit jeder Welle ein wenig h\u00f6her hob. Wie sollen wir das nur schaffen.",
            "wordcount": "625",
            "chapter_release": "10.01.2015",
            "chapter_number": "8"
        },
        "9": {
            "text": "Die Howl Of Damnation hob und senkte sich schwankend auf der unruhigen \u0001 \u0002 hatte M\u00fche, beim Gehen sein Gleichgewicht zu halten. F\u00fcr einige kurze Momente verst\u00e4rkte sich die \u00dcbelkeit und lie\u00df unangenehme Erinnerungen an die Kinetose in ihm wach werden. Ein Matrose kam ihm entgegen. \"Porter, begleiten Sie mich bitte\", verlangte \u0001 \u0002 Mann schaute verzweifelt. \"Meine Schicht ist um, Lieutenant Carver. Ich bin m\u00fcde und freue mich so sehr auf meine Koje\", versuchte er, das Verst\u00e4ndnis des Vorgesetzten zu wecken.\"Das verstehe ich\", sagte Tris sanft, \"aber ich brauche Hilfe. Wenn wir zusammenarbeiten, sind wir auch schnell fertig.\"Porter seufzte, nickte dann jedoch. Der Lieutenant hatte schon von Ranges wegen die Befehlsgewalt \u00fcber ihn, aber Tris Carver eine Bitte auszuschlagen, war sowieso nahezu unm\u00f6glich. Er war ein h\u00f6flicher und zuvorkommender Vorgesetzter, und, so vermutete Porter, privat ein \u00fcberaus liebenswerter Mensch. Er war ein Mann, den man einfach m\u00f6gen musste, ob man wollte oder nicht.\"Der Captain m\u00f6chte, dass wir die Fracht \u00fcberpr\u00fcfen\", erkl\u00e4rte Tris seinem Begleiter, als sie im Frachtraum angekommen waren. Der Mann riss die Augen auf und deutete auf die zahlreichen \u00fcbereinandergestapelten Kisten. \"Hei\u00dft das, wir m\u00fcssen die alle \u00f6ffnen?\"\"Wir machen zuerst Stichproben. Wenn wir damit nicht weiterkommen, wird uns nichts \u00fcbrig bleiben, als alle zu \u00f6ffnen. In dem Getreide k\u00f6nnte sich sonstwas verbergen.\"\"Sonstwas?\"\"Naja. Drogen, Gift, verbotene alkoholische Getr\u00e4nke...... Was wei\u00df ich. Um auf illegalem Weg Geld zu verdienen, ist Gangstern nichts heilig.\"Porters Augen wurden immer gr\u00f6\u00dfer. \"Sie denken, die Howl Of Damnation wird als Transportkahn f\u00fcr Schmuggelgut mi\u00dfbraucht?\"\"Keine Ahnung, Porter. Captain Alaric h\u00e4lt es jedenfalls f\u00fcr erforderlich, dass wir nachsehen, deshalb werden wir es tun.\" Tris schaute sich im Raum um. \"Suchen Sie etwas, womit wir die Deckel aufbrechen k\u00f6nnen.\"Sie schauten sich um. Porter entdeckte eine lange, massive Eisenstange. \"Die hier k\u00f6nnte genau richtig sein.\"\"Okay. Probieren wir's.\"Tris stellte ein Bein auf die am n\u00e4chsten stehende Kiste, damit sie nicht wegrutschte. Porter setzte die Eisenstange unter dem Holz des Deckels an und stemmte ihn mit aller Macht hoch. Er brauchte mehrere Anl\u00e4ufe, bis das Holz endlich nachgab und sich die rostigen Eisenn\u00e4gel, mit denen der Deckel auf die Kiste fixiert war, l\u00f6sten. Krachend fiel der Deckel zu Boden. Die beiden M\u00e4nner starrten auf eine Unmenge von K\u00f6rnern. Kein Getreide allerdings. K\u00fcnstliche K\u00f6rner. Industrielles \u0001 \u0002 ging zu der Kiste und begann, mit den H\u00e4nden in den K\u00f6rnern zu w\u00fchlen. Eine ganze Weile f\u00fchlte er nichts als K\u00f6rner, dann pl\u00f6tzlich etwas Weiches. Er zog daran, dr\u00fcckte die K\u00f6rner zur Seite, und erschrak zu Tode, als er einen Arm ans Licht bef\u00f6rderte. Porter trat zu ihm, und gemeinsam zogen und zerrten sie an dem Arm, schaufelten K\u00f6rner beiseite, und hielten den Atem an, als sie den leblosen K\u00f6rper eines etwa zw\u00f6lfj\u00e4hrigen Jungen aus den K\u00f6rnern hievten. Sie legten die Leiche auf den Boden neben die Kiste und starrten fassungslos darauf.\"Oh Gott......\", keuchte Tris und hielt sich den Arm vor den Mund, als wollte er sich selbst davon abhalten, vor Entsetzen \u0001 \u0002 er nach einigen entsetzlichen Sekunden, die ihm selbst wie eine Ewigkeit vorkamen, endlich zu sprechen in der Lage war, dr\u00e4ngte er seinen Begleiter: \"Porter, holen Sie den Captain....... schnell!\"Tris' Stimme klang erstickt. Er war gel\u00e4hmt vom Schock, stand hilflos auf der Stelle und zitterte am ganzen Leib. Auch Porter war schockiert, brauchte einige Sekunden, um den Befehl zu begreifen. \"Aye, Sir. .......\"+++++++\"Captain!\" Atemlos st\u00fcrzte Porter auf die Br\u00fccke, ohne um Erlaubnis zu fragen, ob er diese betreten durfte. \"Captain! Kommen Sie bitte...... schnell!\"Alaric, der sich voll darauf konzentriert hatte, das unruhige Schiff zu steuern, erschrak bis ins Mark. \"Matrose! Was ist los?\"\"Kiste.....offen......\", brach es atemlos aus Porter hervor. \"Junge....... tot....... kommen....... schnell...... der Lieutenant........\"\"Der Lieutenant? Was ist mit ihm?\"\"Zu Tode erschrocken\u2026\u2026.wir beide\u2026\u2026.\"Alaric zerrte den Mann, der ohnehin kaum sprechen konnte, ans Ruder. \"Gut festhalten!\"So schnell es ging, rannte Alaric durch das sich im Sturm wild geb\u00e4rdende Schiff. Er st\u00fcrzte in den Frachtraum, sah Tris zusammengekr\u00fcmmt dastehen, bewegungslos, das Gesicht so bleich wie die wei\u00df gestrichenen W\u00e4nde der Schiffskabinen. \"Tris! Tris, was ist los?\"Jetzt erst bemerkte Alaric die Leiche, und er verstand den Inhalt von Porters Gestammel und Tris' Reaktion. Er ging an dem toten Jungen vorbei und legte seinen Arm um Tris' Schultern. Tris atmete schwer. \"Sind..... in den anderen Kisten auch Leichen?\", fragte Tris mit bebender Stimme.\"Mit Sicherheit\", erwiderte Alaric, so ruhig es ihm m\u00f6glich war. Er wollte Tris Trost spenden. \"Sie m\u00fcssen ihre infizierten Toten irgendwie los werden. Sie wollen sie nicht an Land vergraben. Zu gef\u00e4hrlich. Tiere k\u00f6nnten die Leichen finden und die Infektion weiter verbreiten.\"Tris gro\u00dfe Augen schauten ihn voller Entsetzen an. \"Sie haben aus der Howl Of Damnation ein Seuchenschiff gemacht.\"Alaric presste die Kiefer aufeinander. \"Offensichtlich haben sie das.\"Er ertrug Tris' kummervollen Blick nicht l\u00e4nger, fasste nach Tris' Arm, zog ihn an seine Brust und hielt ihn fest.",
            "wordcount": "891",
            "chapter_release": "10.01.2015",
            "chapter_number": "9"
        }
    },
    "title": "In Verdammnis und Leidenschaft",
    "topic": "unspecified",
    "release": "\n03.01.2015\n\t\t\t\t\t\t",
    "author": "Susanne Christie"
}