{
    "tags": [],
    "chapcount": "5",
    "wordcount": "11.296",
    "chapters": {
        "1": {
            "text": "Nika ist 18 Jahre alt und hat F\u00e4higkeiten wie zum Beispiel in die Zeiten zureisen, zeit anhalten und mit verstorbenen zureden. Sie redet mehrheitlich mit solchen die hier was bedeutet haben. Nur mit Mutter kann sie nicht reden. Ben ist seit vielen Jahren ein Geist der mit Nika reisst. Er wird nur gesehen wenn er es m\u00f6chte. Bens Vater der nicht mal weiss das er gestorben ist, bleibt er f\u00fcr ihn \u0001 \u0002 1Ich sass in meiner sehr kleinen Wohnung die ein kleines Bad hatte und nur eine Wohnk\u00fcche. Ich besitze nicht viel da meine Eltern als ich 16 Jahre alt wurde, an einem Autounfall starben. Mit der weissen Rente konnte ich mir nur diese Wohnung leisten. 2 Jahren vergingen und mir geht das Geld aus. Ich arbeite in einem Restaurant an einer Rastst\u00e4tte die nicht weit von meiner Wohnung war. Die Arbeit beansprucht sehr viel Zeit vor allem \u00fcber Nacht. Ich hatte schon einen \u00dcberfall mit erlebt. Naja der T\u00e4ter konnte fest genommen werden. Da ich ihn hinter listen konnte. Bekam daf\u00fcr von Chef ein wenig mehr Lohn was mir nicht viel gebracht hatte leider. Deswegen schaue ich immer wieder in der Zeitung f\u00fcr einen zweit Job \u00fcber den Tag. Aber wie immer nie was gutes drin. Bis auf diesen einen Tag. \"Suchen eine junge Person die sich f\u00fcr eine Wissenschaftliche Forschung Zuf\u00fcgung stellen w\u00fcrde. Belohnung daf\u00fcr ist hoch\" las ich \"hm t\u00f6nt doch super. Hab ja sowieso nichts zu verlieren.\"Am n\u00e4chsten Tag machte ich mich auf den Weg in die Universit\u00e4t. Ich \u00f6ffne die T\u00fcre blieb davor stehen. //Ist das eine richtige Entscheidung. Ach scheiss drauf ich brauche das Geld.// Ich gehe rein und hatte etwas Angst davor was passiert. Irgendwie ist niemand da die hier zur Schule gehen hier. \"Oh hey was f\u00fchrt dich den hier her?\" Fragte ein Junge der Pl\u00f6tzlich hinter mir stand. Ich erschrak etwas. \"Oh hab ich dich erschreckt das wollte ich nicht. Es ist nur das selten ein s\u00fcsses M\u00e4dchen wie du sich hier her verlaufen.\" \"Ich \u00e4hm wollte mich f\u00fcr das wissenschaftliche zeug melden was in der Zeitung stand.\" Ich schaute mir den Jungen an. //Man sieht der gut aus.// Der Junge war etwas gr\u00f6sser als ich, hatte etwas l\u00e4ngere haaren und einen gepflegten Bart. Ich sch\u00e4tze das er so zwei Jahren \u00e4lter war als ich. Er war schlank Trainierte wahrscheinlich viel so wie er gebaut war. Er trug eine T-shirt dar\u00fcber eine Lederjacke und blaue Jeans. \"Oh das Wissenschaftliche Zeug.\" Er musste dabei fast lachen. \"Na dann komm mit. Ich muss dich darauf hin weissen das was wir testen auch dein leben kosten k\u00f6nnte. Oder dich ver\u00e4ndern.\" \"Das hab ich an genommen und ist mir bewusst.\" \"Respekt andere hatten jetzt kehrt gemacht. Du brauchst wohl das Geld dringender als dein Leben.\" //Warum versucht er mich los zu werden.// \"Ja mein leben h\u00e4tte sowieso schon lange Beendet werden sollen.\" Er schaut nur zum mir r\u00fcber und \u00f6ffnete dann eine T\u00fcre. Darin war ein \u00e4lterer Mann der zu ihm schaute und als er mich sah schaute er mich an als h\u00e4tte er ein Geist gesehen.\"Ben wenn bringst du den mit?\" Fragte er dann stand auf und kam zu uns r\u00fcber. \"Sie hat das Wissenschaftliche Zeug in der Zeitung gelesen.\" \"Hast du sie schon auf die Risiken informiert?\" \"Ja hab ich.\" Meinte Ben und setzt sich an auf den Stuhl. \"Das was passiert dabei ist mir egal. Ich m\u00f6chte trotzdem daran teil nehmen. Naja ich brauche das Geld mehr als mein leben.\" \"Das ist gut setz dich und wir besprechen das vorgehen.\" Ich setzte mich neben Ben und war nerv\u00f6s. \"Erst mal mein Name ist Ralf Keller und bin ein anerkannter Wissenschaftler. Das ist Ben mein Sohn und wird mich und dich unterst\u00fctzen. Wir unter suchen das zeit reisen und das unfassbare das dabei entstehen kann.\" \"Zeitreisen aber seit mir nicht b\u00f6se aber das ist doch unm\u00f6glich.\" Sage ich etwas verwirrt. Ralf musste lachen und Ben l\u00e4chelte nur. \"Das Experiment wirst du dabei sein es hat schon einmal funktioniert es wird auch ein zweites mal gehen. Nur ist bei ersten mal etwas schiefgelaufen.\" Dabei schaut er zu Ben. \"Schiefgelaufen?\" Frage ich und schaue zu Ben.\"Als ich in einer Zeit war die damals nicht so super war und ich irgendwie nicht zur\u00fcck konnte. Ich musste f\u00fcr mehrere Jahren in der Zeit bleiben ich lernte mein Vater kennen als er 10 Jahre alt war.\" \"Wie bist du zur\u00fcck gekommen?\" Frage ich. \"Gleich wie ich damals gegangen war.\" \"Mit seiner Hilfe konnte ich die Zeitmaschine damals sehr fr\u00fch bauen. Ich wusste nicht mit 16 Jahren das es wirklich funktionieren w\u00fcrde.\" \"Was wenn es bei mir auch schief gehen wird.\" \"Habe keine angst es wird alles gut gehen.\" Beruhigte mich Ben. \"Bist du bereit f\u00fcr ein paar Test. Um sicher zu gehen das es dir gesundheitlich gut geht.\" \"Klar\" \"gut ich brauchte noch hier eine Unterschrift.\" Ralf hielt mir ein Blatt Papier hin. \"Was ist das?\" Frage ich und schaute es mir an. Das Blatt war leer. \"der Vertrag das du ab dann bei uns arbeitest. Steht doch da\" //wollen die mich verarschen das Blatt ist verdammt noch mal leer.// \"Schreibe da unten links deine Unterschrift hin.\" Ralf zeigte mir wo. Dabei grinst er. //Was zum Teufel denkst du nur.// Ich unterzeichne das leere Blatt. \"Willkommen in unseren kleinen aber feine Gruppe.\" Ich l\u00e4chle nur. Sp\u00e4ter untersuchte mich Ralf von oben bis unten ob es mir gut ging. Als alles vorbei war bekam ich ein rundes Ding und eine Uhr die das Datum anzeigte. \"die Uhr zeigt in welchem Jahr du dich befindest leider kann man nicht einstellen wo hin man m\u00f6chte. Das runde Ding darf auf gar keinen Fall kaputt gehen mit dem kommst du wieder zur\u00fcck. Mit dem roten Knopf ist der weg in die Zeit wo du gestartet hast. Mit dem gr\u00fcnen kommst du irgendwo hin.\" Erkl\u00e4rte mir Ralf. \"Ist gut ich habe es verstanden.\" \"Wenn du magst kannst du los legen.\" \"Irgendwie hab ich etwas angst. Was wenn ich an den Tag als meine Eltern starben. Nochmals das miterleben das kann ich nicht.\" \"Keine sorge das wird nicht passieren.\" Ben schaut mich nur an. \"Puh na gut ich werde Bericht erstatten wenn ich zur\u00fcck bin.\" \"Das ist gut. Am besten ver\u00e4ndere nichts in der Zeit.\" Ich l\u00e4chle und best\u00e4tige den Knopf. \"Nika es wird nicht geschlafen in Unterricht.\" \"Oh \u00e4hm entschuldigen sie.\" Ich schaute mich um. //Ben? Was macht der den hier. Kontrolliert er mich etwa.// \"Nika l\u00f6se die aufgaben auf der Leinwand.\" Ich schaue die Rechnungen an. Ich l\u00f6ste die Rechnung so schnell und so unerwartet das sie den Mund Offen hatte. \"Hab ich was falsch gemacht?\" Frage ich. \"Nein nur es hat bis jetzt noch niemand die L\u00f6sung gefunden und das nicht so schnell.\" //Was war das eben. ich bin doch total schlecht in Mathe. Das ist dich die uni oder was mache ich hier.// Schaue auf die Uhr. // Was es ist die gleiche zeit was komisch.// Ben schaut zu mir und l\u00e4chelte mich an. \"Nika. Ben hat dich an gel\u00e4chelt glaub der mag dich. Man er sieht so s\u00fcss aus kann er nicht auch auf mich stehen.\" Schw\u00e4rmte ein M\u00e4dchen neben mir. \"ach was. Linda niemals steht so ein Junge auf mich.\" //Woher weiss ich wie die heisst. // Ich warte bis der langweiliger Unterricht zu ende ist und wollte eigentlich gehen. \"Nika h\u00f6r auf damit Nika.\" Ruft Ben mir zu. \"Was ist jetzt passiert.\" Die zeit blieb einfach stehen. \"Was passiert ihr. Ich kann es nicht auf l\u00f6sen.\"\"Nika h\u00f6r mir zu. Ich weiss das es f\u00fcr dich in Moment zu viel ist aber wenn du l\u00e4nger die zeit an h\u00e4lst wird es schwieriger es auf zu l\u00f6sen.\" \"Aber warum kannst du dich bewegen und die anderen nicht mehr. Ich bin verwirrt.\" \"Das kann ich dir noch nicht sagen warum und weshalb. Aber eines kann ich du bist sehr begabt und einzigartig. Du musst dich nur erinnern.\" er und umarmt mich einfach. \"Wow. Ich bin echt neidisch auf dich Nika.\" Sagt Linda auf einmal. Auch die anderen M\u00e4dchen schauten zu uns. Ich wusste gar nicht was ab ging. \"Siehst du du kannst es\" fl\u00fcsterte er und lies mich los und ging ohne was weiteres zusagen. Ich schaute ihm nach. //Man er war so sch\u00f6n warm sein Geruch etwas komisch.// Ich sch\u00fcttle mein Kopf und verliess die uni. Zur\u00fcck gehen bringt mir jetzt noch nichts. Da das rote licht leuchtet auch noch nicht. Ich lief nach Hause und denke mir ja nichts dabei als ich die T\u00fcre \u00f6ffnete. \"Wo warst du? du bist zu sp\u00e4t.\" Ich schaute den Mann schockiert an. \"Vater?\" Auf einmal schlug er mich einfach. \"Beantworte meine frage. Wo warst du?\" Er wurde lauter. \" \"Ich war in der Uni.\" \"In der Uni so ein dummes Kind du sollst arbeiten und nicht deine zeit verschwenden. Du wirst nie das sein was du willst. Verschwinde aus meinen Augen sonst vergesse ich mich.\" \"Aber... \" \"Du wagst es noch zu widersprechen.\" Er nahm den G\u00fcrtel und schlug auf mich \u0001 \u0002 meinem Zimmer lies ich den Tr\u00e4nen freien lauf. //Mein Vater war doch nie so was ist passiert und wo ist Mutter. Und warum bin ich eigentlich in das Haus meinen Eltern gegangen. Ich mache irgendwie alles automatisch wie das die zeit w\u00e4re wenn meine Eltern noch lebten oder einer davon. Leuchte doch du bl\u00f6des licht. Wenn das die Zukunft w\u00e4re was sie auf klar keinen Fall sein kann. Ich bin doch nicht besonders.// \"Man man man Nika du bist echt wieder heim.\" Sagte auf eine Stimme. \"\u00c4h.\" Ich war dem Jungen ein Buch an was auf dem Bett lag. Aber es ging einfach durch ihn durch. \"Was tust du den da du weisst doch das das nicht geht.\" \"Wer... wer bist du?\"stotterte ich etwas. \"Erkennst du mich nicht?\" Ich schaue ihn genauer an und sch\u00fcttle dann den Kopf. \"Was bist du wer bist du?\" \"Es ist echt traurig das du mich nicht erkennst dein \u00e4lterer Bruder Micha.\" \"Ich habe keinen Bruder.\" Sage ich. \"Du hattest einen. Ich bin seit 10 Jahren gestorben.\" \"Das kann nicht sein ich rede doch nicht mit einem Geister das ist unm\u00f6glich nein.\" Sage ich verwirrt. \"Du kannst dich wohl immer noch nicht erinnern aber trotzdem kann du mich wieder sehen. Weisst du wie viel mal ich versucht habe dich zu erreichen. F\u00fcr dich da zu sein. Aber irgendwie konnte ich es einfach nicht aber jetzt nach 2 Jahren endlich.\" \"Ich bin doch am tr\u00e4umen so was kann ich doch nicht das kann niemand.\" \"Du kannst das schon immer. Nur als der Unfall war konntest du es auf einmal nicht mehr.\" \"Was redest du T\u00fcr ein M\u00fcll ich hab doch nicht Kr\u00e4fte oder wie man das nennen soll. Warum sagt jeder das ich mich erinnern soll. Sogar Ben meinte das zu mir.\" \"Ben? er ist auch hier? du siehst Ben?\" \"Ja warum sollte ich ihn nicht sehen k\u00f6nnen.\"\"Puh man du weisst einfach nichts mehr was.\" \"Das hast du schon mehrmals gesagt.\" \"Entschuldige.\" Pl\u00f6tzlich ging die T\u00fcre auf und Vater kam rein. \"Mit wem redest du wo hat er sich versteckt.\" Er packt mich am Hals. \"Komm raus und zeig dich.\" \"Es .. ist .. niemand .. da.\" Er dr\u00fcckte mir fast die Luft weg. \"Papa.\" Micha stand hilflos neben mir und konnte nichts tun. \"Es tut mir echt leid das ich dir nicht helfen kann.\" \"Halt deine klappe ungehorsames Kind. Sch\u00f6n er will wohl sich nicht zeigen.\" Er schlug wieder auf mich ein. Bis ich mich nicht mehr r\u00fchrte. \"Nika hey Nika wach aus.\" Ruft Micha verzweifelt. \"Hm au mein Auge tut weh.\" \"Es sieht auch nicht so super aus. Komm wir gehen.\" \"Wo hin.\" \"Weg von ihr einfach nur weg.\" \"Am liebsten wieder komplett zur\u00fcck.\" Sagte ich \"nah dann gehen wir zur\u00fcck auch wenn ich angst hab nicht mehr mit dir reden zu k\u00f6nnen. Oder du nur mit Ben reden kannst.\" Ich suchte das teil um zur\u00fcck zukommen. \"Fuck.\" \"Was ist den?\" \"Er hat mein Zeitreise Ding.\" \"War es das kleine runde Ding?\" \"Ja ohne das komme ich nicht mehr heim.\" Ich stehe auf auch wenn mir gerade alles weh tat. \"Nika was hast du vor?\" Na was wohl ich hole mir das Ding zur\u00fcck.\" Sage ich entschlossen. \"Wenn das gut gehen wird.\" Ich laufe ins Wohnzimmer wo mein Vater am trinken war. //Seit wann trinkt er.// \"Du hast mir was geklaut und das m\u00f6chte ich jetzt sofort zur\u00fcck haben.\" Sage ich sauer. \"Du wagst es etwas zur\u00fcck zu fordern. Mutig mutig.\" Lachte nur mein Vater. \"Am liebsten w\u00fcrde ich dich T\u00f6ten du gehst mir ja total auf den Sack.\" Er lachte nur. \"Dieses Ding hier bekommst du nicht mehr verstanden.\" Er steht auf und stellt sich vor mich hin. \"Nika lass es gut sein er wird dich weder schlagen. Nicht das er dich noch t\u00f6tet.\" \"Du scheiss Kerl warum bist du nur so geworden. Schl\u00e4gst deine eigene Tochter und l\u00e4sst zu das Mutter starb mein Bruder nahm sich das leben wegen dir. Du bist an allem schuld du alleine.\"",
            "wordcount": "2.387",
            "chapter_release": "31.12.2022",
            "chapter_number": "1"
        },
        "2": {
            "text": "Er holt mit dem Ding in der Hand aus und schlug mich so fest an Kopf das ich zu Boden Flog und dort mit den Kopf auf schlug. Er warf mir das Ding an und nahm etwas von Tisch, ich konnte es nicht genau sehen. Er rammt ein Messer in das Ding. \"NEIN!\" \"Ach war das so wichtig f\u00fcr dich. Pech f\u00fcr dich jetzt zu dir. Du freches Ding was f\u00e4llt dir eigentlich ein mit mir so zureden. Du bist sowieso feige. Oder willst du das ich dir das gleiche an tue was ich mit Micha machte.\" \"Wag es nur einmal mir noch mal weh zu tun.\" Sage ich. \"Nika bitte er wird dich bestimmt t\u00f6ten.\" \"Dann soll er mich doch t\u00f6ten. Ich geh\u00f6re hier nicht mal hin.\" Vater nahm das Messer h\u00e4lt es mir an den Hals. \"Ach du willst lieber sterben als bei mir zu sein. Bei deinem Lieblings Vater der die liebe gibt du willst und brauchst.\" \"Ich brauche dich nicht ich bin 2 Jahren ohne dich klar gekommen.\" \"Du warst nie alleine. Du wirst das tun was ich von dir erwarte von dir will meine S\u00fcsse kleine.\" Er beugt sich zu mir runter und k\u00fcsst mein Hals. \"Fuck was soll das werden.\" Er hielt mein Mund zu und k\u00fcsst mich weiter am Hals. Ich murmle etwas und versuchte mich zu wehren, aber ich hatte keine kraft dazu. \"So ist brav meine kleine.\" Er fast mich an den Br\u00fcsten an. Ich konnte ihm in die Hand beissen. Das er von mir ab lies das erst mal besch\u00e4ftigt war mit seiner Hand. //Scheisse man mein Kopf Schmerzen so. Ich muss hier weg.// Ich stehe auf und wollte weg \u0001 \u0002 ich komme nicht weit da mein Vater schneller war. Er packt mich und wirf mich wieder auf den Boden. Dabei schlug er wieder auf mich ein. Ich konnte einfach nicht mehr, mein K\u00f6rper gab schon fast auf. Aber er hat vorgesorgt er hatte das Messer wieder in der Hand und es mir wieder an den Hals hielt. Dieses mal etwas fester das es schon weh tat.//Ich kann ihn nicht gewinnen lassen. Ich komme nicht zur\u00fcck in Moment man ich will zur\u00fcck in mein altes leben auch wenn es nicht so sch\u00f6n war. Das hier ist ja viel schlimmer.// Irgendwie bekam ich Gerichts mehr mit was er tat. Ich war einfach benommen von den schmerzen. Mein Vater schiebt mir das T-shirt hoch und k\u00fcsst mich wieder man Hals entlang. Micha konnte euch nicht viel unternehmen. Er fast mir schon an die Br\u00fcste das ich mich wieder versuche zu wehren. Dabei verletzte ich mich am Messer. Ich sp\u00fcre schon wie etwas Blut am Hals runter lief. Er machte einfach weiter und er \u00f6ffnete meine Hosen. Zieht sieh runter dabei musste er beide H\u00e4nde brauchte. Ich konnte endlich mein Bein bewegen und ihm einen heftigen tritt in den Magen zu verpassen. Aber mein Pech war es das er mich trotz tritt konnte das er mich \u0001 \u0002 schlagen konnte. Das ich nicht mit bekam das er mich \u0001 \u0002 wachte erst auf als ich mein Wecker h\u00f6rte. Ich lag im Bett und war um gezogen. Mein Kopf schmerze, sehen konnte ich ja auch fast nichts. Als ich schaue mich um und sag das Micha meinen Bett sass und schl\u00e4ft. \u201eMicha! Micha.\u201c //So kann ich doch unm\u00f6glich in die Uni gehen. Ich muss mich wohl oder \u00fcbel krank melden. Aber ich muss mit Ben reden k\u00f6nnen. Er weiss bestimmt wie ich zur\u00fcck komme.// Aber ich kann mich einfach nicht bewegen da mir alles weh tat. Ich lag einfach da und \u00fcberlege wie ich Ben erreichen konnte. Die Nummer habe ich ja auch wohl nicht von ihm. Geschweige davon ein Handy besitze ich ja auch nicht. Was ist nur gestern passiert, ich kann mich nicht daran erinnern das ich ins Bett ging. Die T\u00fcre ging auf und mein Vater kam rein. Er hielt ein Tablett in der Hand darauf befand sich eine Tasse und beleite Brote. \u201eich hab dir Fr\u00fchst\u00fcck gemacht. Ich habe wohl gestern etwas \u00fcberreagiert und das tut mir leid. Aber verstehe mich doch auch.\u201c \u201eDas kann und will ich nicht verstehen. Lass mich einfach alleine.\u201c sage ich und drehe mich von ihm weg. Er stellt das Tablett auf den Schreibtisch und verliess das Zimmer. Die Zeit verging ohne das ich das Bett verliess Micha schl\u00e4ft auch immer noch tief und fest. Ich h\u00f6rte das mein Vater Besuch bekam. Sie m\u00fcssen wohl in der K\u00fcche sein. Ich konnte sie reden h\u00f6ren zwar nicht alles davon. \u201eWas f\u00fchrt dich zu mir?\u201c fragte mein Vater. \u201eNa was wohl ich m\u00f6chte etwas zeit mit dir verbringen.\u201c sagte eine Frauen Stimme. \u201eDas ist ja sch\u00f6n aber meine Tochter ist ihr.\u201c \u201eIst sie den nicht bei der Arbeit?\u201c \u201eNein ihr geht es nicht so gut.\u201c \u201eSchade. Sie hasst mich einfach wann meinst du geht sie wieder zu Arbeit?\u201c \u201eWeiss leider nicht wann, aber warte schnell.\u201c Ich h\u00f6rte nur das er meine T\u00fcre zu sperrte. //Hat er mich jetzt ernsthaft ein gesperrt? Mir kann es egal sein so l\u00e4sst er mich f\u00fcrs erste in ruhe.// Es wurde auf einmal recht leise bis ich Gest\u00f6hne h\u00f6rte. //Was zum Teufel. Bumst der jetzt ernsthaft die Eule.// \u201ePuh habe ich gut geschlafen.\u201c sagte Micha \u201eDu hast auch lange \u0001 \u0002 du als Geist sogar noch schl\u00e4fst.\u201c sage ich und schaue zu ihm. \u201eKlar schlafen wir. Wir sind nur tot mehr nicht. Aber sag mir lieber ob es dir gut geht was er mit dir gemacht hatte war schrecklich. Zusehen und nichts dagegen zu machen war f\u00fcr mich einfach schrecklich. Ich will dir helfen kann es nur nicht.\u201c \u201eIst schon okay. Du bist immer hin bei mir.\u201c \u201eHat er wieder Besuch?\u201c fragte Micha als er das st\u00f6hnen H\u00f6rte. \u201eJa er hat mich ein gesperrt.\u201c \u201eEingesperrt heisst du kommst nicht mehr raus.\u201c \u201eJa leider. jetzt w\u00e4re die beste M\u00f6glichkeit gewesen ab zuhauen.\u201c \u201eJA w\u00e4re auch. Aus dem Fenster k\u00f6nnen wir auch schlecht.\u201c \u201eJa von 2 Stock fast unm\u00f6glich. Mit solchen Verletzungen geht es schon mal gar nicht.\u201c Die Zeit vergeht so schnell das es schon 17 Uhr war. Ich hatte mein Bett nur verlassen wenn ich aufs Wc musste. Zum Gl\u00fcck hatte ich ein eigenes Bad im Zimmer. Das essen habe ich bis jetzt nicht an ger\u00fchrt. Hatte zwar Hunger aber ich will nicht zeigen das er mit so was alles wieder gut machen kann. Die Schmerzen machen einfach extrem weh. Ich weiss nicht wie viele Schl\u00e4ge ich noch aushalten kann. Ich glaube ich mache in Zukunft einfach was er will sonst t\u00f6tet er mich ja wirklich noch. \u201eWas \u00dcberlegst du?\u201c fragt mich Micha. \u201eDas zu tun was er von mir m\u00f6chte. Ich weiss nicht ob ich noch mehr Schl\u00e4ge ertrage.\u201c \u201eWas du kannst doch nicht auf geben.\u201c \u201eIch bin erst ein Tag hier und er schl\u00e4gt mich halb tot.\u201c \u201eIch kann das nicht gut heissen\u201c pl\u00f6tzlich geht die T\u00fcre auf und mein Vater kommt wieder rein. \u201eWas willst du mich wieder schlagen.\u201c sage ich und schaue ihn an. \u201eNein dieses mal wirst du einfach das machen was ich will und ich werde dich nicht schlagen.\u201c Er lauft durch Micha und sass sich auf mein Bett. \u201eWeisst du als deine Mutter starb bist du nur mir geblieben. Du bist mein ein und alles. Ich liebe dich einfach und ich weiss nicht warum aber ich kann nicht anderes.\u201c \u201eOh nein.\u201c \u201eFasse mich einfach nicht an.\u201c \u201eMeine liebe kleines naives Kind du geh\u00f6rst mir und niemand anders hast du das verstanden.\u201c \u201eNein Vater ich geh\u00f6re niemanden nicht mal dir hast du das verstanden. Ich will einfach wieder frei sein wie ich es schon war. Ich bin so froh das du damals gestorben bist.\u201c \u201eGestorben? Was redest du f\u00fcr ein scheiss. Du bist doch verr\u00fcckt redest mit dir selbst.\u201c \u201eDu hast keine Ahnung wo her ich komme. Also raus aus mein Zimmer verdammt.\u201c \u201eDu willst also befehlen? Nichts da. Du wirst f\u00fcr immer mir geh\u00f6ren. Es macht auf viel mehr Spass wenn die Person mich an schauen wenn ich mit ihnen schlafe.\u201c \u201eDu bist echt krank. Ich bin eine Tochter und du schl\u00e4fst mit mir. Ich finde es einfach widerlich dich Vater zu nennen.\u201cIch merkte das er echt sauer wurde und mich wieder an fing zu w\u00fcrgen und er setzt sich auf mein Schoss. Ich schaue ihn mit grossen augen an. Er \u00f6ffnet seine Hosen und nahm gleich sein st\u00fcck raus. Und zieht mir die Unterhosen runter. Dabei lies er etwas locker das ich etwas atmen konnte. Er kam etwas h\u00f6hrer und K\u00fcsst mich auf den Mund als er in mich ein dran. Lies aber die hand nicht los. \"Was kann ich tun? Fuck ich kann dich micht einfach neben dran stehen. Ich muss irgendwie hilfe holen.\" Micha lief verzweifelt hin und her. Mein Vater bewegte sich ziemlich fest das es schon weh tat. \"So ist braf meine S\u00fcsse.\" St\u00f6hnte er. \"Fick dich du schwein\" brachte ich raus. Ich mekte das ich dabei fast keine luft mehr. Ich versuche mich wirklich zu wehren aber er hatte einfach zu viel kraft. \"Wenn ich dich schon nicht haben kann dann soll dich niemand mehr haben.\"Micha und Ben schauten sie an da sie nicht wussten was jetzt passiert war. Seine Brust war durch l\u00f6chert. Ich schaue mein Vater schockiert an. Wie er es tat und viel auf mich das blut lief nur noch \u00fcber mich. \" Nika ist bei dir alles in Ordnung?\" Fragte nach einer zeit Ben. \"Es ist nichts in Ordnung w\u00e4re ich bloss nie auf die idee gekommen in die Uni zu gehen um nur an scheiss geld zukommen. Dann h\u00e4tte ich nie das heir erleben m\u00fcssen.\" Sage ich weinend. \"Es tut mir leid Nika das es so weit kommen musste ich h\u00e4tte besser auf dich aufpassen m\u00fcssen. Aber sonst h\u00e4ttest du nie deine Erinnerung naja zum teil wieder bekommen.\" Ben nahm die Leiche von mir runter. \"Das ich mit geistern reden kann das ich die zeit anhalte und keine ahnung wie mein scheiss vater get\u00f6tet habe.\" \"Genau das.\" \"Stimmt das, das du t\u00f6t bist.\" \"Ja es stimmt ich bin vor 3 Jahren gestorben er hat dir ja gesagt dein geliebter Ben. Das ist so das wir hier ein Paar sind. Aber es weisd niemand.\" \"Was sind wir ein paar? So richtig zusammen?\" \"Ja das sind wir. In dieser zeit. Ich mag diese zeit sehr aber das es dir hier so scheisse geht das wusste ich echt nicht. Ich nehme dich erst mal zu mir mit und verartze dich erst mal.\" \"Kann Micha mit kommen schliesslich ist er mein Bruder.\" \"Klar aber glaub erst mal duschen gehst.\" \"Sicher.\" \"Geht es alleine oder brauchst du hilfe.\" \"Das h\u00e4ttest du wohl gerne was.\" L\u00e4chle \u0001 \u0002 gehe ins Bad und duschte. \"Sie weiss schon das wir einfach schauen k\u00f6nnen.\" Sagt Micha. \"Klar k\u00f6nnen wir, aber das macht man einfach nicht.\" \"Ach du bist doch hier ihr freund in dieser welt. Zu deinem pech weiss sie das nur nicht.\" \"Tz ich bin wohl der Geist der sie an fassen kann was du nicht kannst.\" \" Hm. Aber eines verstehe ich nicht was ist mit Vater passiet.\" \"Nika hat ihn wohl mit einem Geist den wir nicht sehen k\u00f6nnen get\u00f6tet.\" \"Das ist echt verwirrend irgendwie. Warum hast du sie nicht davon abgehalten am experiment teil zu nehmen?\" Fragt Micha. \"Ich hatte doch wohl schlecht sagen k\u00f6nnen. Tuhe es nicht was du erleben wirst wird dich ver\u00e4ndern oder so. Ich hab sie ja schon. Gewart das sie evt sterben k\u00f6nnte. Aber sie wollte nicht h\u00f6ren.\" Meinte Ben. Ich kam frisch geduscht zur\u00fcck. Und beide schweigen dann. \"Was ist mit eich beiden los?\" Frage ich die beiden. Gehe zum schrank und hole mir Kleidung. Beide drehen sich um. \"Nichts wir sind nur froh das es dir gut geht.\" Kam von Ben der im spiegel sehen konnte was genau ihr vater ihr an getan hatte. Nat\u00fcrlich sah er sie Nackt und wird dabei etwas rot. Ich zog mir lange sachen an um die blauen flecken zu verstecken. \"Verschwinden wir von hier. Ich halte es nicht mehr aus hier zu sein.\" Sage ich und gehe zu t\u00fcre um die Wohnung zu verlassen.",
            "wordcount": "2.101",
            "chapter_release": "31.12.2022",
            "chapter_number": "2"
        },
        "3": {
            "text": "\"Ach Ben am liebsten m\u00f6chte ich wieder zur\u00fcck aber das Problem ist. Naja Vater hat mir das Ding kaputt gemacht.\" Sage ich nach einer Zeit. \"Er hat was? Das ist nat\u00fcrlich schlecht. Hm ich \u00fcberlege mir was.\" \"Es tut mir ja leid.\" \"Du hattes nichts daf\u00fcr ich wusste ja nicht wo hin du kommst oder wie dein Vater hier ist.\" Micha lauft schweigend hinter uns nach. \"Lassen wir uns \u00fcber etwas anderes reden. Es tut schon irgendwie weh den Vater nach 2 Jahren wieder zu sehen. Um raus zufinden das er so geworden ist.\" \"Mache dir jetzt dar\u00fcber keine gedanken. Wir m\u00fcssen einen weg finden das du erst mal wieder zur\u00fcck kommst.\" \"Aber ich hab doch mein vater get\u00f6tet. \u00c4ndert das nicht schon die Zeit?\" Frage ich \"ja aber ich weiss nicht in welche richtung. da er ja schon Tot war in der echten Zeit.\" Meinte Ben. //Scheisse die schmerzen werden immer fester.// \"Nika ich weiss ja nicht aber ich glaube wir werden verfolgt.\" Kam auf ein von mal Micha. Die gegend die wir entlang gingen kam mir echt bekannt vor.//Das ist doch die gegend wo ein Junges M\u00e4dchen get\u00f6tet wurde. In unsere zeit damals. Warum geht er aus gerechnet hier durch.// Ich wa so in gedanken versunken das ich nicht mit bekam was micha sagte. Auf einmal wurde ich gepackt und mein mund wurde zu gehalten. \"na s\u00fcsse wo hin des weges?\" Fragte ein mann etwas lust voll. \"Das geht Sie gar nichts an und jetzt lassen sie mich los verdammt.\" So was sch\u00f6nens darf man doch nicht gehen lassen.\" \"Mein Freund steht hinter ihnen er wird ihnen so was in den Arsch treten.\" Schaue zu Ben. Er lachte hier ist niemand ausser du und ich. \"Da bin ich andere Meinung. Neben mir steht mein Grosser bruder hinter ihnen mein freund und habe ich schon erwehnt das ihre Frau extrem w\u00fctend auf sie ist was sie damals getan haben.\" \"Entweder du bist total bescheuert oder... Oder.\" \"Oder was hat es ihnen die sprache verschlagen.\" Ben dr\u00fcckt ihn den Finger in den r\u00fccken. \"An deiner stelle w\u00fcrde ich dich nicht bewegen oder du stirbst und jetzt lass mich los.\"//Irgendwie macht das noch spass. Was denke ich da das bin doch nicht ich oder etwa doch.// Der mann lies mich sofort los und bewegte sich nicht. //Der denkt ernsthaft das Ben eine Waffe in der Hand h\u00e4lt.// \"Es tut mir leid. Das mein Mann so was tat. Wenn er bedrunken ist tut er Sachen was er sonst nie getan h\u00e4tte. Aber seit meinem Tot hat er sich komplett ge\u00e4ntert. K\u00f6nntest du ihm vielleicht ausrichten das ich ihn liebe und immer bei ihm bin aber er soll sich bitte sich der Polizei melden.\" Sagte die ehe frau von ihm. Ich sagte ihm das was die frau mir sagte. Der man schaut mich verwirrt an. \"Sag ihm. Als wir uns kennen lernten regnete es ziemlich. Wir mussten unsere Picknick in einer Schaune machen. Dabei wurden wir noch eigesperrt und mussten die nacht \u00fcber darin bleiben. Ich bin am \u0001 \u0002. an einem Autounfall ums leben gekommen.\" Ich wiederholte alles was die Frau sagte. Der mann brach in tr\u00e4nen aus und viel auf die Knie. \"Es tut mir alles so schrecklich leid was ich getan habe. Ich werde zu polizei gehen versprochen.\" \"Wenn nicht ich werde dich finden hast du verstanden.\" Der Mann nickte nur und Ben nahm den finger weg. Als er das tat gingen wir und liesen den man zur\u00fcck. \" Wow war das cool irgendwie. Wie du seine Frau aufeinmal beschworen hast.\" Micha war so aufgeregt. \"Wie l\u00e4nger du hier bist desto mehr wirst du die alte Nika die ich kennen gelernt habe.\" L\u00e4chelt Ben.\"Trotzdem m\u00f6chte ich zur\u00fcck.\" Sage ich. \"Das verstehe ich. Erst m\u00fcssen wir was finden wie du zur\u00fcck kannst. Am liebst w\u00fcrde ich f\u00fcr immer hier bleiben. Aber leider kann ich das nicht.\" \"Kannst du nicht einfach zur\u00fcck gehen und noch mal ein ding holen?\" Frage Micha. \"Nein kann ich nicht das wird Jahre dauern bis ich wieder hier zur\u00fcck komme.\" \"Du sagtest doch das deine Lieblings welt ist? Also heisst du bist schon viel mal hier gewesen?\" \"Ja genau 20 mal. In dieser Zeit hab ich mir sehr viel auf gebaut bis ich starb. Mit meinem Tot starb auch alles was ich je hatte in der Echten zeit hier kann ich so leben wie ich nie gestorben w\u00e4re.\" \"Hm du weisst schon das es echt verwirrend ist. Also f\u00fcr mich. Ich bin einfach nur tot mehr nicht. Kann nichts anfassen oder der gleichen. Nicht wie du Ben.\" Sagte micha weiter. \"Ich erkl\u00e4re es euch gleich.\" Ben lauft in ein Wohnquartier das genau die war in der ich Lebte. Er geht in einem Block und geht in den zweiten Stock. Micha und ich folgen ihm. Mir kommt die gegend einfach total bekannt vor ich komme nur nicht drauf. Ich hab auch das Gef\u00fchl ein anderer Mensch hier zu sein. Ich frage mich ob ich diese Kr\u00e4fte nur hier habe oder ob ich die schon immer hatte.\"Nilka \u00fcber was denkst du nach?\" Fragte Micha mich als wir in der Wohnung von Ben waren. Was ich nicht mal mit bekommen habe. \"Hm \u00fcber alles. Vorallem ob ich immer so war? Ob das hier die Zeit ist in den ich wirklich leben und die andere die welt ist die ich mir so gemacht habe wie sie mir gef\u00e4llt.\" \"Da kann ich dich beruhigen, diese welt hier ist die ich sch\u00f6n finden, die wir waren war die echte zeit. Ich fand dich halt immer super und naja hier konnte ich mit dir zusammen sein in der echten geht das nicht da mein vater etwas dagegen h\u00e4tte.\" \"Warum willst du mit mir zusammen sein? Ich bin nur ein armen m\u00e4dchen das an einem Wissenschaftlichen Experiment mit macht. Nicht mal weiss was sie unterschrieben habe.\" \"Wie du hast einfach was unterschrieben ohne zuweissen was es war?\" Fragt Micha. \"Ja haben ich na und mein leben hatte nicht viel sinn. Ich hatte fast kein geld mehr deswegen musste ich doch geld besorgen.\" Micha schaut zu Ben \"schaue mich nicht so an ja ich wusste nicht das sie das nicht sehen konnte. Mein vater hatte es wahrscheinlich gewusst wer sie war. Darauf stand egal was du in den Zeiten siehst glaube nicht was du siehst.\" \"H\u00e4 warum sollte ich so was unterschreiben.\" \"Ich weiss es nicht was er genau weiss.\" \"Wenn ich das hier bin dann finde ich es sch\u00f6n euch zu haben.\"\"Ruhe dich erst mal aus und morgen schauen wir weiter was wir machen.\" Meinte Ben l\u00e4chelnd. \"Ach du kannst sonst mein Bett brauchen ich werde auf dem sofa schlafen.\" \"Danke Ben.\" \"Klar mache ich doch gerne. Ich zeige dir wo das Zimmer ist.\" Er geht vor ran und ich folge ihm. Sein zimmer war nicht so gross das ein bett drin stand und eine kleine Kommode. Ich bedanke mich und er geht dann aus dem zimmer. Ich lege mich auf Bett \u00fcberlege wie ich hier weg komme fand aber keine l\u00f6sung. Nach langem \u00fcberlegen schlief ich dann auch ein mit dem Gedanken einfach nur weg von hier. In der nacht fingen meine H\u00e4nde an blau zuleuchten. \"Siehst du das Ben?\" \"Ich bin nicht blind Micha.\" \"Was passiert da genau?\" \"Ich weiss es nicht. Aber etwas stimmt hier nicht die gegend ver\u00e4ndert sich. Das kann doch nicht sein.\" Ben \u00fcberlegt \"Was kann nicht sein? Ben es erbeben.\" Micha klamert sich an Ben. Die W\u00e4nde wurden aus mores Holz. Es schaukelte auch recht stark. \"Ich weiss nicht wie aber wir sind in die Vergangenheit gelandtet und wie es aus sieht sind wir in einer Kai\u00fcte.\" Sagte Ben, ging zu einem Kuckloch und schaut raus. Da sich micha an ihn klammert lief er einfach mit. \"Kannst du mich los lassen es nervt. Na super wir sind auf einem Piraten Schiff.\" \"Was aber das das ist doch nicht gut und wir sind auch noch in der kai\u00fcte von K\u00e4pit\u00e4n nehme ich an. Die werden us doch kopfen.\"\"Micha man du bist schon Tot also werden sie nur Nika k\u00f6pfen wenn sie hier rein kommen.\" \"Noch schlimmer.\" Micha war total in panik das sie nicht mit bekamen das jemand rein kam. Ben und Micha erschraken aber der Mann sah sie ja nicht, er geht zu Bett und setzt sich ans Bett. \"Er wird sie T\u00f6ten Ben wir m\u00fcssen doch was Tun.\" \"Halt doch mal deine Klappe vergesse nicht was sie ist, also hm, wir k\u00f6nnen nicht viel machen, vergessen wir sind Geister.\" \"Kapit\u00e4n sind sie wach? Ich weiss das sie sauer sind das wir das getan haben. Ich m\u00f6chte mich entschuldigen daf\u00fcr.\" \"Hat der gerade Kapit\u00e4n gesagt?\" \"Ich bin nicht taub Micha. Ich finde es gerade nur echt komisch das sie ein kapit\u00e4n ist. Kann sie etwas rollen annehmen wir es hier passt oder war sie fr\u00fcher ein Kapit\u00e4n.\"ich wache auf und erschrack als ich den Mann sah. \"H\u00e4\u00e4 wer sind sie?\" Frage ich \u00e4ngstliche. \"Kapit\u00e4n ich bins Jack haben sie kopf schmerzen oder fieber?\" \"Nein das nicht aber es ist nur etwas zu viel gewesen gestern.\" \"Das tut uns ja leid deswegen wollen wir uns bei ihnen Entschuldigen. Kommen sie wenn sie Parat sind unter deck.\" \"Werde ich danke. Lasse mich bitte noch mal alleine.\" Sage ich. \"Klar.\" Jack steht auf und geht raus. \"Nika man wie hast du das gemacht?\" Fragt Ben.\"Ben micha ihr seit auch hier gott sei danke. Ich weiss es ehrlich gesagt \u00fcberhaupt nicht. Aber hey immerhin irgendwo anders.\" \"Das schon aber hast du dich um geschaut wir sind auf einem Piratenschiff. Der Mann hat dich sogar Kapit\u00e4n genannt.\" Sagt Ben. \"Ja weiss doch auch nicht warum er mich so nennt. Erstmals m\u00fcssen wir halt hier klar kommen. Wir haben ja keine andere wahl.\" Sage ich, das fast zu gelassen. \"Das vielleicht schon aber mir gef\u00e4llt das \u00fcberhaupt nicht.\" Kam von micha. \"Du kannst ja gehen, dich haltet doch ja nichts auf.\" Sage ich genervt. \"Da hast du recht mich haltet ja nichts mehr auf dieser welt. Ich werde wieder kommen wenn ich lust dazu habe und nicht auf so ein schiff sein muss bye.\" Micha verschwand. \"Der ist wohl etwas angepisst. Ich lasse dich nicht alleine ich drauen denen ehrlich gesagt nicht. Ich weiss ja nicht f\u00fcr was sie sich entschuldigen m\u00f6chten aber gutes ist es bestimmt nicht. In einem Piraten sollte man nicht drauen.\" \"Ach so wie einem Geist.\" Lachte ich. \"Hey mir kannst du vertrauen. Schliesslich sind wir in einer welt ein paar.\" \"Von dem ich nichts weiss.\" \"Hm da hast du auch wieder recht.\" Sagte Ben. \"Na dann komm mit.\" Ich stehe auf und lief zu t\u00fcre und \u00f6ffne sie. Trete nach draussen und die Sonne scheinte mir ins Gesicht. Ich genoss es gerade ziemlich die w\u00e4rme der sonne die Frische luft. \"Komisch nicht all zu viele Piraten zu sehen. Die haben sicher nicht gutes vor.\" Sagte Ben. \"Was soll den passieren schlisslich bin ich hier kapit\u00e4n.\" Dabei gehe ich die Treppen nach unten um unter deck zu gehen. Ben hatte dabei ein ungutes gef\u00fchl etwas stimmte hier \u00fcberhaupt nicht.",
            "wordcount": "2.015",
            "chapter_release": "31.12.2022",
            "chapter_number": "3"
        },
        "4": {
            "text": "Als ich unterdeck wollte h\u00f6rte ich ein Ger\u00e4usch. \"Sch kapit\u00e4n. Es ist eine Falle gehen sie nicht.\" \"Jack ich verstehe nicht ganz was du willst? Du hast doch gesagt ich soll d runter gehen.\" \"Ich musste es tun Black m\u00f6chte das schiff \u00fcbernehmen.\" Der soll nur versuchen mein Schiff zu \u00fcbernehmen der kriegt e mit mur zu tun.\" \"Nika achtung hinter dir!\" Ruft Ben. Ich wollte mich um drehen, aber die Person war schneller und schlug mit einem Holz Brett auf mein Kopf. \"Nika versammt und ich kann ihr echt. Icht unternehmen. Hier bin ich nur eine Tote Seele.\" Ben war machtlos und musste zu sehen wie die Person mich festelte. Dabei endeckte er Jack. \"Du kleiner verr\u00e4ter.\" Sagte er. \"Black! \u00e4hm verr\u00e4ter w\u00fcrde ich nicht sagen nur m\u00f6chte ich dich nicht als Kapit\u00e4n.\" Sagte Jack. \"Sperrt die beiden f\u00fcrs erste in die Zelle. Piraten packen Jacke und einer von ihnen trug mich nach unten. Wir wurden in zwei verschiede zelle gesperrt. Ben folgte ihnen und setzt sich bei mir hin. Nach etwa einer stunde wachte ich langsam auf. Ich hatte ziemlich kalt da das schiff an dieser stelle ein leck hatte und etwas wasser rein kam und ich nass wurde. \"Auwa mein Kopf schmerz. Kann man nicht einfach irgendwo hin wo man nicht gleich angegriffen wird?\" \"Wir haben nur pech was? Sch\u00f6n das sie wieder wach sind Kapit\u00e4n.\" Sagte Jack. \"Wir sind nicht, alleine also nicht so schlau mit mir zu reden.\" Sagte Ben. \"Was heisst hier wir du hast mich ja erst her gebracht.\" \"Es tut mir ja leid kapit\u00e4n. Ich musste es tun Black er ist b\u00f6se und m\u00f6chte nur ihr schiff.\" \"Mein schiff kann in falsche H\u00e4nden unheil veranstalten. Ich habe dir vertraut.\" \"J\u00e4 du hast ihm vertraut du kennst ihn doch erst 5 Minuten.\" Kam von Ben. \"Ich schaue zu Ben hebe die Schulter um zu zeigen das ich keine ahnung hatte woher ich das \u0001 \u0002 schwieg und setzt sich auf die Bank und l\u00e4sst den Kopf senken. Ich hingegen hielt mir den kopf der ziemlich schmerzte. \"Lasse mich das doch an schauen.\" Sagte Ben. Ich nickte nur und Ben schaute sich die Wunde an. \"das gibt eine grosse Beule. Oh du ziterst. Es ist hier auch ziemlich kalt.\" Ben setzt sich neben mich und nahm ich in den arm. \"Warum kann ich dich ber\u00fchren aber die anderen dich nicht sehen?\" Frage ich ihn dann. \"Weill ich immer bei dir sein werde, dich versuche zusch\u00fctzen, du musst mir nur lassen. Du hast mich damals nie auf gegeben als ich starb. Ich m\u00f6chte so gerne dir die Wahrheit sagen was du bist oder wo her du genau kommst. Was wir zusammen hatten aber ich kann es nicht. Es ist so als w\u00e4re eine blockade. Wenn ich dir das sagen will kommen andere w\u00f6rter raus.\" \"Ich verstehe schon. Schon als ich du mich das erste mal umarmt hast kam es mir bekannt vertraut vor. Dein gerucht ist einfach wunderbar.\" Ich merkte erst nicht das Jack mir zuh\u00f6rte und fragend r\u00fcber schaute. \"Glaube du wirst beobachtet.\" \"Hm\"ich schaute r\u00fcber. \"Oh \u00e4hm.\" \"Sie m\u00fcssen wohl ziemlich auf den kopf bekommen haben das sie mit sich selbst reden.\" \"Kannst du das mal lassen mit st\u00e4ndig sie zusagen da f\u00fchlt man sich ja alt.\" Sage ich genervt und ignorierte das andere was er noch sagte. Die zeit vergeht wie ihm flug das man nicht mehr weiss wie viel zeit vergangen. Ich schlafe anlehnent an Ben ein. Der es genoss meine n\u00e4he zu sp\u00fcren. Jack lief auf und ab und \u00fcberlgete \u0001 \u0002 am morgen w\u00fcrden wir unsanft geweckt da ich immer noch gefesselt war taten meine H\u00e4nde immer noch weh. \"Los aufstehen euer schicksal ruft.\" Sagte ein pirat. \"Ich h\u00e4tte nie erwartet das du da einfach mit machst. Ich habe euch doch immer gut behandelt.\" \"Das ist mir scheiss egal los jetzt beweg dich.\" Der pirat zeht mich nach oben gefolgt von einem anderen Pirat der Jack nach oben begleitet. Der Pirat schupst mich vor die F\u00fcssen von Black. \"Kapit\u00e4n Nika ich mache dir ein angebot.\" Ich schaue hoch und ben steht neben black. \"Was f\u00fcr ein Angebot?\" Frage ich \"Segle unter meine Flagge und werde meine Frau.\" Ben sch\u00fcttelt den kopf. //Was soll ich tun? Wenn ich ja sage w\u00e4re das f\u00fcr mich das schlimmste. Aber wenn ich nein sage sterbe ich.// \"Lieber sterbe ich als einem wiederling wie dir zu geh\u00f6ren.\" Black packte mich und hebt mich am kragen hoch. So das ich ihn an schauen musste. \"Das war nicht so klug von dir s\u00fcsse.\" Sagte Black und nahm sein Schwert. Ich schluckte //will er mich jetzt t\u00f6ten verdammt ich kann doch nicht einfach zu sagen. Ich weiss ja nicht ob ich jemals zur\u00fcck gelange und was wenn ich wieder hier lande werde ich doch wieder in der gleichen Situation sein? Es sind einfach zu viele fragen die hoffen sind.// Meine getanken sind einfach so viele das ich ja fast Kopfschmerzen bekam. \"Nein nicht.\" \"Sieh an wer sich wagt sich zu melden. Mein Lieber Jack willst du etwa den helden spielen.\" \"Nein aber sie zu t\u00f6ten, bringt ja auch nichts. Was haben sie davon wenn sie, Sie t\u00f6ten. Eines Tagens kommt sie an geschlichen und wird ihre frau wenn der grosse Black stein reich ist.\" Kam von Jack. \"Nein mein Schiff meine regeln.\" Black rammt mir das Schwert in den Bauch zieht es wieder raus und wirft mich dann \u0001 \u0002 sprang mir nach. \"Was hast du getan. Verdammt lass mich los.\" \"Ach sieh an dir liegt sehr viel an ihr was. Wirft ihn \u00fcber bord und setzt die segel.\" Jack sprang ins wasser und zieht mich auf die Oberfl\u00e4che das ich wieder atmen konnte. Ich blutete und konnte mich fast nicht mehr wach behalten. \"Nika bleibe bitte wach was soll ich den ohne dich den Tun bitte Nika.\" Sagte Ben der neben Jack schwam. Jack schwam mit letzter kraft fast 2 km weit zur eine Insel dort versucht er die Blutung zu stoppen. Ich schaute benommen Ben an. \"Sch\u00f6n wach bleiben ja. Du bist eine Wunderbare Frau und ich brauche dich.\" \"B..ben.\" murmelte ich von mir ihn. \"Ben wer ist Ben?\" \"Hm ein Freund von mir.\", Sagte ich schwach. \"Kenne ich nicht. So das sollte hoffentlich helfen.\" \"Ich danke dir. Das du mein leben gerettet hast.\" \"Schliesslich bist du mein kapit\u00e4n. Aber du benimmst dich etwas komisch. Redest mit dir selbst umarmst irgendetwas was anscheinend nicht da ist.\" \"\u00c4hm naja wie soll ich das erkl\u00e4ren mit wem ich rede. Du w\u00fcrdest mich als verr\u00fcckt oder so erkl\u00e4ren.\" \"Ich weiss nicht so wie jetzt schon.\" Ich schaue zu Ben der schwieg. \"Na gut ich rede mit Ben. Ben ist ein geist der bei mir gerade neben an sitzt.\" Jack schaut mich verwirrt an. \"Genau hier denfall. Ein es gibt geister ist er evt verflucht.\" Ben musste lachen. \"Denke es nicht das er verflucht ist, aber ich kann ihn sehen und ber\u00fchren und riche ihn auch. Erkl\u00e4re mich als verr\u00fcckt oder ist mir egal aber l\u00fcgen tuhe ich nicht.\" \"Das du nicht l\u00fcgst weiss ich ja aber ein geist von so was habe ich noch nie geh\u00f6rt naja hey Ben.\" Jack l\u00e4cheld und steht auf. \"So ich ich hole mal was zu drinken.\" \"Wo willst du hier zu drinken holen?\" \"Lasse das meine sorge sein es ist nun ja kein wasser oder so. Hier bekommt man nur Rum.\" \"Puh heisst also nur Alkoholes zeug. Vielleicht hielft es etwas gegen die schmerzen.\" Sage ich \"das ganz bestimmt.\" Jack geht und Ben bricht sein schweigen. \"Es tut mir schrecklich leid.\"\"Ach was kannst ja nichts daf\u00fcr das du nichts machen kannst. Ich h\u00e4tte ja einfach sein Angebot an nehmen k\u00f6nnen aber das w\u00e4re sicher auch nicht gut ausgekommen. Egal was ich gemacht habe. Ich muss erst wieder eigermasse auf den dam kommen und dann sehen wir weiter wie wir her runter kommen.\" \"Am besten einfach wieder nachhause.\" \"Das w\u00e4re sch\u00f6n aber nicht m\u00f6glich da ich ja keine Ahnung habe wie wir hier her kamen. Finde auch von Micha einfach scheisse das er echt gegangen ist. Aber mal was anderes warum k\u00f6nnen dich hier die anderen nicht sehen?\" Das ist vin ihn scheisse. Warum sie mich nicht sehen liegt daran das ich in dieser seit nicht existiere da ich ja tit bin geht das nicht.\" \"Verstehe wenn du in der zeit existiert hast kannst du normal leben.\" \"Genau das ist sozusagen mein fluch.\" \"Hm warum kannst du mir nicht die Wahrheit sagen. Was und wer ich bin.\" \"Das liegt an diesen bl\u00f6den Fluch der auf mir sitzt. Der Fluch der mich an dich bindet.\" \"Wie an mich bindet?\" Frage ich ihn weiter und lag einfach im sand. \"An dem Tag an dem der Unfall war bin ich an dich gebunden.\" Es ist kompliziert zu erkl\u00e4hren aber du bist der grund das ich hier bin und nicht dort wo die toten hin kommen.\" \"M\u00f6chtest du den dort hin?\" \"Nicht wirklich.\" Jack kam nach einer weile zur\u00fcck und hilt zwei flaschen in der Hand. \"Hier das hier ist was f\u00fcr dich.\" Er hilt mir eine grosse flasche hin mit Rum. \"Danke aber sag mir woher du den hast hier auf der Insel ist doch nichts als Palmen?\" \"Nun ja ich bin nicht das erste mal hier.\" \"Was du warst schon mal hier wie bist du wieder runter gekommen?\" Frage ich ihn dabei schaue ich ihn an. \"Ich war 2 Tage hier bis ein Schiff kam.\" \"Was solange das wird scheisse langweilig.\" \"Ach was wir haben immerhin was zu drinken und deine Blutung hat auch auf geh\u00f6rt. Aber ich muss dir das noch aus brennen das es wirklich nicht mehr an f\u00e4ngt.\" \"Du willst was? Die Wunde ausbrennen bist du bekloppt, weisst du wie scheisse weh das tun kann.\"\"Das weiss ich zu gut. Aber das muss sein.\" Ich drank gleich einen schluck und wenig sp\u00e4ter setzte er seine worte in die tat um. Dabei verlor ich vor schmerzen mein Beweusst sein. Als ich auf wachte befand ich mich wieder auf ein Schiff. \"Na endlich bist du wach?\" H\u00f6rt ich Ben sagen. \"Oh da ist jemand von sch\u00f6nheitsschlaf aufgewacht.\" Sagte ein Junge Mann. \"Wo bin ich?\" Frage ich und schaue den Jungen an. \"Oh du bist auf meinem Schiff. Mein name ist Joris Sparrow mit wem hab ich daa vergn\u00fcgen?\" \"Nika einfach nur Nika.\" \"Du bist der Kapit\u00e4n von der Macig oder. Auf dem Schiff wo mein Vater war?\" \"Ja das bin ich. Dein Vater, wer ist das?\" \"Das ist Jack Sparrow der bei dir war.\" \"War? Wo ist er jetzt?\" \"Er wollte das wir ihn auf Tartuga aussetzten. Er meinte er muss was erledigen und w\u00fcnscht dir alles gute dabei meinte er das wir ihn wieder sehen.\" //Hat er mich jerzt etwas doch hinter gangen.// \"Ich sagte ja traue nie einem piraten.\" Kam von Ben \"Tz halt deine Klappe Ben du macht alles gerande nicht einfachen. An scheinent kennen mich hier alle aber ich kann mich an das alles nicht gross erinnern.\" Joris schaut mich verrwirt an. \"Hehe lange Geschichte.\" Ich erz\u00e4hle ihm wer Ben war und warum ich ihn sehen kann. \"Oh das ist cool.\" \"Kannst du mir eventuell erz\u00e4hlen warum hier mich alle kennt, weill ich kann mich einfach nicht erinnern.\" \"Klar kann ich machen. Also du bist die kapit\u00e4nin von der macig. Ein Tolles Schiff muss ich sagen jeder Kapit\u00e4n m\u00f6chte dieses Schiff. Es ist schnell hat irgendwie eine Magie in sich die f\u00fcr alle gef\u00e4hrlich werden kann wenn sie in die falsche H\u00e4nden kommt. Und raus finden wie es geht. Pers\u00f6nliche habe ich dich bis heute nie gesehen aber dein schiff schon mehrfach. Du greifst nicht einfach so Leute an nur wenn sie anfangen. Ich bewundere dich sehr schon als kind hlrte geschichten \u00fcber eine Piratin die steinreich ist. Aber eines verstehe ich nicht. Du siehst echt jung aus f\u00fcr das du so 70 jahre alt sein solltest.\"\"Ich bin was 70 Jahre alt das kann doch nicht sein. Ben weisst du was davon?\" \"\u00c4hm kann ich nicht sagen tut mir leid.\" Sagt Ben. \"Nach den Geschichten her schon. Ben ist also immer bei dir?\" \"Ja seit ich an einem Wissenschaftlichen Experiment teil nahm ist er immer bei mir. Ich muss in die Zukunft zur\u00fcck an dem Tag an dem ich dahin ging. Der Wissenschaftler weiss zu 100% was das alles soll.\" \"Das bestimmt, aber wie soll das den gehen in die Zukunft zu gelangen?\" Fragt Joris. \"Das weiss ich leider auch nicht genau. Habs irgendwie noch nicht raus gefunden wie das geht.\" \"Und das solltest du schnellst m\u00f6glich.\" Sagte Ben. \"Du nervst letzte zeit recht viel.\" Sage ich und schaue zu Ben was f\u00fcr Joris aus sah wie ich ins leere schaue. \"Ich m\u00f6chte doch dich nur besch\u00fctzen was wenn du eine Dummheit begehst und die zeit so ver\u00e4nderst das du evtl. nie geboren w\u00fcrdest. Dann w\u00fcrde es dich gar nie geben. Verstehst du, du w\u00fcrdest einfach in Luft auf gehen.\" Das w\u00fcrde nie passieren.\"sage ich. \u201eAber Nika ich liebe dich.\u201cTs ein Geist kann man nicht lieben?\u201c frage ich. Ben geht einfach raus. \u201eBen?\u201c \u201eIch nehme am Ben ist raus?\u201c fragt Joris.\u201cJa das ist er. Naja egal er kommt wieder. Ich muss irgendwie mein Schiff zur\u00fcck bekommen sonst werden alle Piraten sterben.\u201c sage ich. \u201eDas werde wir verhindern nur weiss ich nicht wie.\u201c sagt Joris. \u201eIch habe eine Idee, aber die ist echt f\u00fcr mich gef\u00e4hrlich und wahrscheinlich auch f\u00fcr euch.\u201csage ich nach einer kurzen bedankt Zeit. \u201eDann schliss los was ist deine Idee?\u201c fragt Joris gespannt. \u201eIch werde Black\u00b4s Angebot annehmen was er mir gemacht hatte als er mich \u00fcber Bordwurf.\u201c \u201eWas f\u00fcr ein Angebot?\u201c fragt er weiter. \u201eDas ich unter seinen Kommando segele und ihn Heirate.\u201c \u201eIhn Heiraten aber warum will er das schlisslich bist du kein gegen stand.\u201c \u201eDas ist auch war, aber ich habe keine andere Idee um mein Schiff zu bekommen. Vielleicht kann ich so ihn T\u00f6ten.\u201c \u201eIhn T\u00f6ten w\u00fcrde das den nicht die Zeit \u00e4ndern.\u201c Das vielleicht aber er w\u00fcrde euch t\u00f6ten und das m\u00f6chte ich nicht.\u201c sage ich. \u201eDas kann er versuchen. Erst solltest du wieder auf die Beine kommen.\u201c sagt Joris. \u201eEs geht mir besser aber ja erst mal ganz gesund werden.\u201c sage ich. \u201eIch bin dann auf deck und besorge mal etwas zu essen.\u201c \u201eIst gut danke dir.\u201csage ich als Joris raus ging kam Ben zur\u00fcck. \u201eNika es tut mir leid. Ich bin ein Idiot mich immer einzumischen. Es ist ja dein Leben hier nicht meines. Es wird wohl Zeit dir zusagen wo her du in Wirklichkeit kommst.\u201c \u201eDu willst also jetzt echt mir die Wahrheit sagen?\u201c frage ich. \u201eJa werde ich, aber dann heisst es lebe wohl.\u201csagt Ben. \u201eAch was wo hin willst du den gehen?\u201c frage ich. \u201eHm das ist egal du muss echt wissen wer du bist sonst kommst du nie mehr heim:\u201c Er machte eine keine Pause bevor er anfing.",
            "wordcount": "2.702",
            "chapter_release": "31.12.2022",
            "chapter_number": "4"
        },
        "5": {
            "text": "\u201eDu bist ihm Jahre 1462 geboren. In dieser Zeit bist du schon 70 Jahre alt. Aber wurdest auch nie \u00e4lter und bliebst einfach 18 Jahre alt. Du bist der Kapit\u00e4n auf dem Schiff magic das du von deinen Eltern \u00fcbernahmst aber etwas stimmte mit dir damals nicht. Du konntest Sachen schweben lassen die zeit an halten oder in der Zeit Rum reisen. Aber auch Leute einfach aus dem Nichts T\u00f6ten. Als du aber in meine Zeit kamst dort wo ich noch lebte verliebte ich mich in dich aber du wolltest sehr lange nicht von mir wissen bis an den einen Tag als du dein Ged\u00e4chtnis verloren hast. Meine Eltern nahmen dich damals auf und du hast ein Tolles leben. Ich war damals ja schon in der Uni und war selten zuhause. Ich habe mich endlich \u00fcberwunden dich zu fragen ob du mit mir ausgehen wolltest. Meine Eltern wollten dich zur uni fahren aber dann passiert der Unfall. Und ja das war kein Unfall sondern jemand wollte dein Tot. Mir sagte man das meine Eltern starben und von dir jede Spur fehlte.\u201c \u201eMoment mal nicht so schnell ich komme nicht ganz mit.\u201c unter brach ich ihn. \u201eDu sagst also das ich vor 560 Jahren geboren wurde. Und da schon Rum reiste?\u201c \u201eJa vor 560 Jahren und ja du bist schon da etwas besonderes gewesen. Mir ist egal das du schon 560 Jahre alt bist ich werde immer dich lieben.\u201c \u201eSag mir nur noch eines wie bist du genau Gestorben?\u201c \u201eDas kommt gleich. Ich erfuhr erst sp\u00e4ter das noch eine weiter Person gefunden wurde.\u201c\u201eWer wurde da gefunden?\u201c frage ich ihn. \u201eMein \u00c4ltere Bruder Micha.\u201c \u201eMicha war dein Bruder? Aber er sagte doch das er mein Bruder war. Das alles ist etwas zu viel um es zu verstehen.\u201c sage ich. \u201eJa das verstehe ich ja alles aber es gibt keine einfachere Wahrheit als die. Micha hasste mich schon immer und konnte es nicht ertragen das ich der bessere von uns war. Der Bruder der jede bekommen kann die er will ausser dich bekomme ich einfach nicht und jetzt verliere ich dich f\u00fcr immer. Mein eigener Bruder brachte mich um. Da er als Geist weiter leben konnte da du noch lebst konnte er mit deine Hilfe mich t\u00f6ten. Ich weiss nicht mal wie genau er das geschafft hat.\u201c \u201eAlso hast du mich an gelogen:\u201c \u201eJa das musste ich tun ich habe dich erkannt als du zum Wissenschaftler kamst. Ich bin verflucht und kann nicht weg alle dich mich kannten haben mich vergessen. Sie lernten mich neu kennen. Der Wissenschaftler ist ein B\u00f6ser Mann und hatte mich in der Hand aber jetzt bin ich frei und hoffe das du mich nicht vergesst.\u201c Ich sah das er sich langsam auf l\u00f6ste bevor er komplett weg war k\u00fcsste er mich. Mir kamen alle Erinnerungen zur\u00fcck.\"Ben... Nein Ben. Verdammt verdammt Verdammt. Erst muss ich diesen scheiss Wissenschaft finden. Aber hier weg kann ich auch noch nicht. Ich weiss nicht was passiert wenn dieser Black mein Schiff weiter hin besitzt. Und ich weg bin kann die Zeit noch mehr ver\u00e4ndert werden. Verdammt ich schaffe das nicht alleine.\" Joris kam wieder \"redest du gerade mit Ben?\" Er schaut zu mir. \"Oh was hast du den das du weinst.\" \"Ben er ist weg. Er ist einfach weg. Er l\u00e4sst mich einfach alleine.\" Meine tr\u00e4nen liefen nur noch. \"Hey nicht weinen wir schaffen das auch zusammen versprochen. Wir bekommen den Schiff zur\u00fcck und finden einen weg das du zur\u00fcck in die Zukunft kannst Um Ben zufinden.\" \"Du verstehst nicht Ben ist weg mause tot. Er existiert nicht mehr.\" Sage ich lauter vor trauer. \"Er ist hier in dieser Zeit ist er tot ja aber die Zukunft gibt es ja sozusagen noch nicht. Da kann es sein das er da vielleicht wieder geboren wird.\" \"Das kann vielleicht sein ja aber auch nicht ich weiss nicht mal wann und wo ich ihn das erste mal treffe.\" \"Das wird schon wieder. Oh ich habe ihr was zu essen. Ich hoffe du hast es gerne.\" \"Was ist das den?\" Frage ich und nahm es dann entgegen. \"Fischfilet.\" Ich fing an zu essen. \"Hm das ist irgendwie lecker.\" \"Weisst du ich finde es auf regend dich auf Bord zu haben Und ich m\u00f6chte das du so lange bis du dein Schiff bekommst mein Schiff segeln kannst.\" \"Das kann ich nicht nicht annehmen.\" Sage ich und lege den Teller weg danach lege ich meine Hand auf die wunde die immer noch schmerzte Meine Hand wurde Blau und die wunde heilt sich.\"Wow das mal live zu sehen wie du deine Magie ben\u00fctzt ist klasse\" Ich verziehe mein Gesicht da es ziemlich brannte. \"Das tut ja auch schrecklich weh. Sie ist ziemlich tief das es noch eine weile dauern wird bis sie komplett geheilt ist.\u201c sage ich und verziehe mein Gesicht weiter. \u201eMache doch eine Pause nicht das du mir zusammen klappst.\u201c sagt Joris. \u201eEs geht schon irgendwie.\u201c sage ich. \u201eKapit\u00e4n wir haben da ein Problem!\u201c ruft ein Pirat. Joris geht schnell nach oben genau in diese Moment schoss eine Kanonen kugel durch den Bug genau dort wo ich lag. \u201eScheisse was ist jetzt los. Hm das muss reichen f\u00fcrs erste.\u201c Ich stehe langsam auf und schaue dann durchs Loch. Ich sah erst nur Meer und dann kam die Magic zu Vorschein kam. \u201eOh man das auch noch.\u201c Ich gehe nach oben um zu helfen. Aber wurde gleich an gegriffen von einem Piraten. \u201eH\u00e4 das ich echt nicht fahr so an angegriffen werden.\u201c sage ich als ich aus wich. Joris warf mir ein Schwert zu und ich konnte K\u00e4mpfen. Dabei schmerze meine wunde noch immer. Aber wir hatten keine Chance und wurden fest gehalten von den Piraten und der Kapit\u00e4n kam auf das Schiff von Joris. \u201eJoris Sparrow hier mit wirst du unter meinen Kommando segeln. Wenn nicht wird dein gesamtes Team auf schmerzhafte weisse sterben.\u201c sagte Black \u201elieber sterben wir als dir zu dienen.\u201c sagte Joris sauer. \u201eWie du willst, t\u00f6tet den da.\u201c sagte Black und zeigte auf einen Piraten der neben mir war. Einer aus meiner Crew t\u00f6tete ihn ohne zu zucken.\u201eHat dich das jetzt um gestimmt?\u201c fragte Black. \u201eH\u00f6r auf Black.\u201c \u201eOh sehe an Nika das du so was \u00fcberlebst hast erstaunlich\u201c er kam zu mir zu. \u201eWenn dein an gebot noch ist w\u00fcrde ich sie annehmen.\u201c sage ich und schaue zu ihm. Er schaut mich nur an und dreht sich dann weg aber dreht dreht sich dann so schnell das ich knapp reagieren konnte und gerade nach meine Magie einsetzten konnte. Alles blieb stehen und sein Schwert steht an meine Kopf stehen. \u201ePuh wie komme ich jetzt hier her heil raus.\u201c Ich b\u00fccke mich und lies die Zeit wieder laufen.\u201c \u201eIch war dumm als ich mich geweigert habe. So einem Tollen Mann wie dich bekomme ich nie wieder.\u201c Black war verwirrt da er nicht wusste was passiert war. \u201eDu willst also mein Angebot annehmen.\u201c \u201eJa ich m\u00f6chte dir dienen nur dir, aber bitte verschone sein Team.\u201c Sage ich. \u201eNur wenn er unter meinen segeln segelt.\u201c Joris gab nach. \u201ePerfekt bringt meine zu k\u00fcnftige Frau an Bord und macht alles bereit f\u00fcr die Hochzeit fertig.\u201c sagte Black und lachte. Einer der Piraten brachte mich zu meine Schiff und sperrt mich in der Kaj\u00fcte ein. Bei Joris wurde ein Pirat platziert um ihn in Auge zu behalten. //Ob das jetzt eine gute Idee war weiss ich nicht. Aber ich habe wohl keine andere Wahl als diese. Ich muss irgendwo mein schwert haben. Nur mit dem kann ich das Schiff beherrschen.// Ich suche meine ganze Kaj\u00fcte durch fand aber nichts.\u201c Als die T\u00fcre auf ging erschrak ich ziemlich. \u201e Was genau suchst du?\u201c fragte mich Black. \u201e\u00e4hm nichts\u201c sage ich und lief etwas nach hinten. Er kam immer n\u00e4her zu mir bis ich nicht mehr weg kam. Er stand genau vor mir und legt dann seine Hand auf mein Gesicht. \u201eBist du bereit meine Frau zu werden?\u201c fragte er. \"Nein \u00fcberhaupt nicht\" sage ich dann. \"Super dann k\u00f6nnen wir ja beginnen.\" Sagte Black und zieht mich mit nach draussen. Alle Piraten waren versammelt unfreiwillig auch Joris. Black hielt mich weiter hin fest. \"Piraten wir haben uns heute versammelt um unsere Hochzeit zu feiern. Man sah es mir an auf so was habe ich \u00fcberhaupt keine Lust. //Da muss ich wohl durch. ich muss mein Schiff zur\u00fcck bekommen. Klar k\u00f6nnte ich ihn t\u00f6ten aber was bringt mir das nicht viel ich weiss nicht was es mit der zeit anstellt. Das hier ist noch nicht passiert. Ich frage mich auch, wer als ich verschwand mein Schiff acht gab. Oder blieb diese zeit einfach stehen und ging erst weiter als ich wieder kam. War die andere Welt eine Parallel Welt, die ich erschuf. Es sind einfach zu viele fragen die noch nicht gel\u00f6st sind// \"hier mit erkl\u00e4re ich euch zwei zu Mann und Frau.\" Sagte ein Pirat. Black schaut zu mir und kam mir ziemlich nahe und wollte mich k\u00fcssen. Ich werte mich erst dagegen aber da er viel mehr kraft hat hatte ich keine Chance und er k\u00fcsste mich. Es war so widerlich als er mich k\u00fcsste. \"Endlich bist du meine Frau auf diesen Tag habe ich viel zulange gewartet.\" Sagte Black stolz. Joris schaute nur Bedr\u00fcckt zu mir hoch. Ich versuchte ein l\u00e4cheln auf meine Lippen zu bekommen was ich nicht Schafte.//War es ein Fehler das hier zu machen? Ben bitte ich brauche dich. Es tut mir leid was ich gesagt habe hm bitte.// Meine Gedanken waren einfach wo andres das ich nicht mitbekam was um mich rum ab geht. \"Setzt die Segel wir segeln nach Tortuga. Joris mein lieber du wird nach England segeln und dort Beutezug machen.\" \"Joris nickte nur widerwillig, ging auf sein Schiff zur\u00fcck und setzte seine Segeln. Ich sah nur noch wie Joris zu mir schaute und nickte mir zu. Jetzt war ich alleine auf mich gestellt. Die segeln wurden gesetzt und Black zieht mich in die Kaj\u00fcte. //Verdammt will er etwa mit mir...// Ich konnte nicht mal daran denken wie widerlich es war. //Aber ihn dabei T\u00f6ten was bringt mir das vielleicht wird die Welt sich so ver\u00e4ndern das sie komplett anderes sein wird. Kann ich dieses Risiko eingehen oder will ich das den. Oder das alles ist passiert und ich kann mich daran einfach nicht mehr erinnern.// In der Kaj\u00fcte packte Black mich und sagte \"weisst du wie gl\u00fccklich du mich jetzt machst. Ich hab dich immer geliebt aber du weisst mich immer ab. Aber jetzt sitze ich am besserem Hebel.\" \"Man kann die liebe nicht erzwingen Black. Was du hier tust ist echt nicht fair mich zu zwingen dich zu lieben.\" \"Siehst es doch das ich das kann und jetzt sei brav ja.\" //Na gut ich spiele mal das spiel hier mit. Ich gebe ja zu er sieht schon echt gut aus. Verdammt was denke ich da.// Er k\u00fcsste mich und ich lies in machen. //Verdammt der Kuss f\u00fchlt sich irgendwie vertraut an. War er eventuell wirklich mein Mann. Aber ich liebe jemanden anderes und das ist Ben.// Eine tr\u00e4ne fliest mir die Augen runter. \"Du musst doch nicht weinen S\u00fcsse.\" Er wischt mir die Tr\u00e4ne weg und k\u00fcsst mich wieder dabei versetze ich mich in einem Wach zustand um einfach das nicht mitzuerleben. Meine Seele verliess den K\u00f6rper und ich verliess so den Raum und lie\u00df ihn einfach machen. Er wird es nicht mit bekommen da mein K\u00f6rper das tut was er soll. Ich setze mich vorne auf den Bug und wusste nicht was ich tun sollte. //Ben wie kann ich nur dich wieder sehen.// Ich muss weiter in die Zukunft um Ben zu finden. Ich weiss nicht wie lange ich da sass aber ich sah schon Land. Ich gehe in meinen K\u00f6rper zur\u00fcck aber Black war noch voll dabei. //Scheisse zu fr\u00fch. Fuck tat das weh.// \"\u00c4h du machst mir weh.\" Sagte ich. \"Halt deine Klappe.\" und er schlug mich. //Scheisse man dieser Schmerz.// \"Black es tut verdammt weh bitte h\u00f6r auf.\" \"W\u00fcrdest du wohl schweigen.\" Er legt seine H\u00e4nde um mein Hals und dr\u00fcck zu. Ich range nach Luft. Er dr\u00fcckt so lange bis ich bewusst los wurde. Erst dann kam er zum H\u00f6hepunkt.",
            "wordcount": "2.091",
            "chapter_release": "31.12.2022",
            "chapter_number": "5"
        }
    },
    "title": "Nika\u00b4und Ben\u00b4s Zeitreisen",
    "topic": "unspecified",
    "release": "\n31.12.2022\n\t\t\t\t\t\t",
    "author": "Deidara-Hatake"
}