{
    "tags": [],
    "chapcount": "3",
    "wordcount": "12.485",
    "chapters": {
        "1": {
            "text": "Bitte beachtet:Hierbei handelt es sich um eine Leseprobe meines Buches, ich hoffe dass ihr dennoch hier mal reinschaut und ein Kommentar zu eurer Meinung da lasst. Wer mehr erfahren will, seht einfach mal in Kapitel 3 oder schreibt mir gerne auch eine pers\u00f6nliche Nachricht, ich beantworte gerne fragen. Ich steh auch gerne offen f\u00fcr Lob und Kritik, damit ich wei\u00df was ich noch verbessern kann. Ich w\u00fcrde mich echt sehr freuen, wenn ihr mir und diesem Projekt eine Chance gebt, denn dieses Projekt bedeutet mir wirklich sehr viel und darin steckt auch viel M\u00fche und Hoffnung (ich hoffe, dass merkt man). Also vielen Dank schonmal f\u00fcrs vorbeischauen :) Kapitel 1Die Ruhe vor dem SturmSeufzend lehnte ich meine Arme \u00fcber das Gel\u00e4nder des Balkons. Es war fr\u00fch am Morgen, zu fr\u00fch um freiwillig aufzustehen, denn die ersten Sonnenstrahlen w\u00fcrden erst in einiger Zeit die Welt erblicken. Ich hatte nicht mehr schlafen k\u00f6nnen au\u00dferdem mochte ich die morgendliche Ruhe und die Atmosph\u00e4re. Wie die Sonne das Meer in der Ferne zum glitzern brachte und in ein sanftes Orange tauchte. Es wirkte wirklich so als w\u00fcrde der gl\u00fchende Ball gerade aus dem Wasser empor in den Himmel steigen. Wie langsam aber stetig die Dunkelheit der Nacht verschwand und das Sonnenlicht sich auf den Palmenbl\u00e4ttern spiegelte. Wie ein Haus nach dem anderen von den Strahlen erfasst wurde und der Schatten dahinter im Spiel des Sonnenlichtes wanderte. Ich atmete tief die frische, noch unber\u00fchrte Morgenluft ein. Sie f\u00fchlte sich leicht k\u00fchl in meinen Lungen an aber doch sehr angenehm. Die karibische Tropenhitze hatte sich in der Morgenstunde noch nicht ausgebreitet eben drum war es so angenehm einen k\u00fchleren Atemzug nehmen zu k\u00f6nnen. In der Ferne sah ich dennoch schon viel Leben im Hafen von Havana. Einige Schiffe wurden dort schon beladen oder entladen, die in der Nacht, irgendwann von ihrer wohl langen Reise, angekommen waren. Immerhin legten hier etliche H\u00e4ndlerschiffe an, die Waren von Nah und Fern mit sich brachten. Daher duftete es am Hafen immer nach frischem Obst und Gem\u00fcse sowie salzigem Fleisch oder Fisch. Es war f\u00fcr mich immer wieder faszinierend wie diese Bauwerke der unb\u00e4ndigen See trotzten, selbst die etwas kleineren Schiffe. Seeleute waren nicht umsonst starke und wohl begehrte M\u00e4nner und doch waren auch sie so unberechenbar und unb\u00e4ndig wie die See die sie so liebten. Ein Schiff bedeutete f\u00fcr viele Freiheit und f\u00fcr viele war es auch das heiligste Besitztum besonders f\u00fcr eine ganz besondere Art von Seeleuten. Die Weiten der karibischen See war voll von Geheimnissen, Sch\u00e4tzen, Wracks und Mysterien. Sie war so wundersch\u00f6n aber gef\u00e4hrlich zu gleich. Ich war schon als Kind fasziniert vom Meer gewesen und dessen Eigenschaften. Ich bin eine gute Schwimmerin, hab mich dort schon immer unheimlich wohlgef\u00fchlt. Ich mochte das Gef\u00fchl des Sandes unter meinen nackten F\u00fc\u00dfen und der salzige Geruch des Wassers, der einem in die Nase kroch. Ich mochte das sanfte Rauschen der Wellen in den Ohren. Ich war wirklich schon immer fasziniert davon gewesen, das Meer so riesig und unergr\u00fcndet, so sanft und doch stark zugleich. Es konnte dein Freund aber auch dein Feind sein, es war so unberechenbar wie wohl kaum etwas anderes. Und in den Tiefen des Meeres verbirgt sich noch so viel nach dem etliche Seeleute lechzten. Aber auch mindesten genau so viele die den Tod durch eben jene See erlangt hatten. Ich w\u00fcrde auf jeden Fall Havana vermissen\u2026\u201eMiss!\u201c h\u00f6rte ich auch schon eine Stimme und die T\u00fcr zu meinem Zimmer \u00f6ffnete \u0001 \u0002 drehte mich um und sah auch schon wie sie in das Zimmer eintrat und etwas \u00fcberrascht schien mich auf dem Balkon vorzufinden.\u201eOh, verzeiht Ihr seid schon aufgestanden.\u201c sagte sie \u00fcberrascht und verneigte sich \u0001 \u0002 l\u00e4chelte behutsam und strich mein Nachtkleid etwas glatt welches ich immer noch anhatte. \u201eGuten Morgen, Annabell.\u201c begr\u00fc\u00dfte ich sie \u0001 \u0002 richtete sich sorgf\u00e4ltig l\u00e4chelnd auf \u201eIch hoffe sehr, dass Ihr angenehm geschlafen habt, Miss.\u201cIch nickte nur, ehe sie weiter sprach \u201eEuer Schiff wird bald auslaufen, daher muss ich Sie nun bitten sich fertig zu machen. Ihr Gep\u00e4ck wird bereits verladen.\u201c Erneut nickte ich nur aber als sie mich abwartend ansah, l\u00e4chelte ich wieder freundlich und ging zu ihr. Ich schloss noch die Balkont\u00fcr hinter mir ehe ich meinen Blick nochmal Langsam und schweren Herzens, im Zimmer schweifen lie\u00df. Ich w\u00fcrde es sehr vermissen, denn hier bin ich nun mal aufgewachsen. Das Zimmer wirkte wirklich so trostlos ohne all meine Sachen die sich schlie\u00dflich schon in meinem Gep\u00e4ck befanden. Die feinen, dunklen Holzgarnituren, das gro\u00dfe Himmelbett und mitten in einem Eck steht v\u00f6llig verlassen der gro\u00dfe Spiegel. Es war wirklich traurig diesen Ort, dieses Haus verlassen zu m\u00fcssen. Aber es brachte nichts dem nun nachzutrauern, es war nun mal wie es ist und der Vergangenheit sollte man nicht nachheulen sondern immer vorrausschauen. Annabell r\u00e4usperte sich leicht als ich nur vor mich hin schwelgte \u201eMiss?\u201cIch nickte, denn die Zeit dr\u00e4ngte und ich sollte mich nun umziehen. Annabell lief also r\u00fcber zur Kommode, dort hatte sie zuvor eine gro\u00dfe Schachtel abgelegt. Diese holte sie nun, brachte sie zu mir r\u00fcber ans Bett. Ich sah gespannt in die Kiste als sie den Deckel abhob. Ein Kleid befand sich darin, sogar auch Schuhe und Schmuck. Sanft glitten meine Finger \u00fcber das St\u00fcck Stoff. Es f\u00fchlte sich edel an, wohl teuerste, glatte Seide. Langsam hob Annabell das edle St\u00fcck aus der Schachtel und hielt es vor mich. Es hatte eine dunkle, weinrote Farbe, nur dezente hellere Elemente an den R\u00e4ndern des Kleides. Es war wirklich h\u00fcbsch aber ebenso w\u00fcrde es eine Qual werden es zu tragen. Wer sch\u00f6n sein will muss leiden ist nicht umsonst, denn bei solch einer tropischen Hitze war es wirklich eine Strafe ein solches Kleid zu tragen. Ich wage zu behaupten, dass eine Frau das Wort Schmerzen am besten definieren konnte und verstand, erstrecht wenn sie je ein Korsett getragen hatte. Widerwillig streifte ich mir also mein angenehmes Nachtkleid \u00fcber den Kopf und legte es zur Seite. Annabell trat dann an mich heran und warf mir zun\u00e4chst das beige Unterkleid \u00fcber den K\u00f6rper. Ich bemerkte sofort wie dieses jetzt schon enger als das Nachtkleid an meiner Haut haftete. Als n\u00e4chstes kam das Weinrot dar\u00fcber. Gl\u00fccklicherweise hatte es nur sehr kurze, etwas aufgebauschte \u00c4rmel und war unten recht weit. Allerdings eben oben herum wie \u00fcblich sehr eng. Annabell trat hinter mich um die schwarzen Lederschn\u00fcren des Kleides festzuziehen. Kurz entwisch mir ein harter Atemsto\u00df als ich das Gef\u00fchl hatte es zerdr\u00fcckte mir die Brust. Dann betrachtete ich mich kurz im Spiegel, drehte mich einmal um meine eigene Achse um mich rundum zu begutachten. \u201eDas Kleid steht Euch hervorragend, Miss.\u201c lobte Annabell, aber ich war mir dessen noch nicht ganz so \u0001 \u0002 musste zugeben es war ein sehr sch\u00f6nes Kleid und auch ich musste sagen es gefiel mir besser als manch ein anderes. Auch die Farbe passte eigentlich sehr gut. Ich legte noch meine braunen Haare alle auf die linke Seite und war allgemein zufrieden mit dem Gesamtbild. \u201eDanke Annabell, Ihr k\u00f6nnt nun gehen.\u201c wandte ich mich dann ihr wieder \u0001 \u0002 l\u00e4chelte h\u00f6flich, verneigte sich ehe sie leise aus mein Zimmer ging und mich wieder alleine lie\u00df. Ich lief wieder r\u00fcber zu der Schachtel und entnahm ihr nun den Rest der darin lag. Passend dazu schl\u00fcpfte ich in ebenso weinrote Schuhe und legte mir noch den ganzen Schmuck an. Das letzte St\u00fcck in meinen H\u00e4nden war eine Halskette. Ich musterte sie interessiert, denn es war eine sehr schicke Goldkette mit einem au\u00dfergew\u00f6hnlichen Anh\u00e4nger. Eine kleine Perle einer Muschel die umwindet war von goldenen Spiralen. Ein wohl wirklich teures Exemplar. Ich legte sie mir an aber so sch\u00f6n und teuer diese Kette auch sein mag, sie war nichts f\u00fcr mich Wert. Mit einem schmunzeln wandte ich mich meinem Nachttisch zu und nahm dort eine weitere Halskette in die Hand. Diese Kette war bei weitem nicht so teuer wie diese die ich schon an mir trug aber sie hatte eine unbezahlbare Erinnerung f\u00fcr mich. Ein goldenes Medaillon hang daran. Mit einem weiteren Schmunzeln \u00f6ffnete ich dieses und legte so das Bild im inneren frei. Das Bild meiner Familie. Meine herzensgute und h\u00fcbsche Mutter, mein starker und mutiger Vater sowie ich als kleines Kind, waren darauf zu sehen. Mit einem seufzen schloss ich es wieder und legte auch diese Kette mir an ehe mir doch die Tr\u00e4nen kamen. Es war Zeit f\u00fcr mich zu gehen, mit diesem Ort hier abzuschlie\u00dfen und mich an meinen neuen Lebensabschnitt zu gew\u00f6hnen. Ein aller letztes mal sah ich mich um ehe ich die T\u00fcr hinter mir zuzog und auf dem ebenso trostlosen Flur stand. Das Holz des Dielenbodens knarzte leicht unter mir an gewissen stellen und auch sonst klackerte es leicht unter den Abs\u00e4tzen meiner Schuhe. Vorsichtig schritt ich die h\u00f6lzernen Stufen hinab und wurde im Wohnzimmer schon gro\u00df empfangen. Ein ganzer Haufen Soldaten standen dort, alle mit ihrer fein geleckten Uniform. \u201eHola se\u00f1orita.\u201c entgegnete mir einer schon in seiner roten \u0001 \u0002 war wirklich ungewohnt ihn in Spanisch zu h\u00f6ren, bei ihm klang es mehr wie gebrochenes spanisch mit dem eigentlich englischen Akzent in seinem Ton. Aber noch ungewohnter f\u00fcr mich war es wohl nach Kingston zu m\u00fcssen was mehr unter britischem Einfluss stand. Das alles hatte ich meinem Onkel zu verdanken, der seine mehr spanische Nichte zu sich nahm, wo der Krieg zwischen der spanischen und der englischen Krone noch da drau\u00dfen tobte. Er tat es extra f\u00fcr mich und ich sch\u00e4tzte diese Ehre hoch, denn f\u00fcr mich, nahm er ein hohes Risiko in Kauf sein Ansehen zu ruinieren. Ich nahm an jeder im Empire war dagegen, aber er als Gouverneur Jamaikas konnte dies veranlassen gegen alle Stimmen hinweg. Ich sch\u00e4tze es also sehr und es zeugte davon, dass er mich sehr mochte. Immerhin waren die beiden Parteien nicht gerade freundlich Gesinnt aber eben drum wurde meine Familie von beiden Seiten immer sehr misstrauisch und absch\u00e4tzend be\u00e4ugt. Mein Vater als Spanier und meine Mutter als \u0001 \u0002 erster Linie tat er es sicherlich meiner Mutters Willen, immerhin war sie seine Schwester. Aber auch ich hatte immer das Gef\u00fchl, dass er mich ins Herz geschlossen hatte. Es mag sein, dass er die Ehe meiner Eltern anf\u00e4nglich nicht gut hie\u00df, aber er hatte sich schnell damit abgefunden und nun will er nur das Beste f\u00fcr mich. Er m\u00f6chte mich nicht alleine hier auf Havana lassen, daher holt er mich zu sich, nach Kingston. Aber zur\u00fcck zu dem Soldaten vor mir. Er war der einzige britische Soldat den ich seit meiner Kindheit gut kannte. Kommodore John Hawkins war sein Name.\u201eMiss, Euer Schiff legt in einer halben Stunde ab. Wir sollten nun aufbrechen.\u201c verk\u00fcndete einer mit diesem stark britischen Akzent wie ich ihn gar nicht mochte. Ich warf nur einen wehleidigen Blick zu Annabell die auch mit traurigen Augen aber einen warmen L\u00e4cheln dastand. Ich nahm sie zum Abschied in den Arm, denn vermutlich w\u00fcrde ich sie nie wieder sehen, dabei war sie seit meiner Geburt mein Kinderm\u00e4dchen gewesen. Nein, sie war mehr als nur das, sie wurde schnell ein Teil meiner Familie und nun musste ich sie hier zur\u00fccklassen.\u201eLebt wohl, Miss\u2026\u201c fl\u00fcsterte sie mir traurig ins Ohr und ich sp\u00fcrte genau in ihrer Stimme wie sie Tr\u00e4nen zur\u00fcck hielt.\u201eIch w\u00fcnsche dir viel Erfolg in deinem Leben, Annabell.\u201c sagte ich und lie\u00df sie dann schweren Herzens los. Die Soldaten warteten schon ungeduldig an der offenen T\u00fcr. Ein weiterer letzter Blick schenkte ich dem Haus und Annabell ehe ich ging. Sofort wurde ich zwischen all die Soldaten bugsiert, um genau zu sein waren es f\u00fcnf an der Zahl. Zwei liefen vor mir, zwei hinter mir, w\u00e4hrend Hawkins direkt neben mir her lief. Ich knetete nerv\u00f6s die H\u00e4nde, denn zugegeben ich war nerv\u00f6s und vielleicht auch etwas be\u00e4ngstigt. Vermutlich kam es aber sogar mehr durch die verst\u00e4rkte Wache die mich umgab, denn das lie\u00df einen nicht gerade sicherer f\u00fchlen, eher im Gegenteil erst dadurch wurde man richtig unruhig. Vermutlich glaubt mein Onkel die spanischen Soldaten k\u00f6nnten ein Attentat auf mich vorhaben immerhin war eine Zusammenarbeit eigentlich unerw\u00fcnscht zwischen den beiden verhassten Fronten. Es war also schon h\u00f6chst Bewundernswert das man duldete mich hier abzuholen, mit einem Schiff englischer Flagge hier zu ankern. Es war allerdings eben nur eine vor\u00fcbergehende Duldsamkeit. Meine Mutter war nun mal Engl\u00e4nderin und hat sich ausgerechnet in einen Spanier verliebt, w\u00e4hrend der Bruder meiner Mutter der Gouverneur der britischen Flotte in Kingston wurde. Daher werde ich nun zu ihm gebracht und da ich praktisch zwischen den Fronten stehe entsteht dieses hohe Aufgebot. Ich wusste, dass ich sicherlich beidseitig nicht sonderlich beliebt war als halb Britin, halb Spanierin aber ich konnte nicht \u00e4ndern was ich war. Vielleicht mussten gerade deswegen meine Eltern auch sterben, so war jedenfalls meine Theorie aber genau wusste ich es nicht. Als wir durch die Stra\u00dfen Havanas liefen erkannte ich die Angst der Leute in den Augen als sie die rote Uniform der Soldaten erblickten. Viele gingen gro\u00dfe Schritte zur\u00fcck, schlossen schnell T\u00fcren und Fenster, nuschelten irgendetwas auf Spanisch und sahen uns einfach nur verwirrt, fragend und panisch zugleich an. Ich wusste gut von der Angst der Menschen, Angst vor den Soldaten und gleichzeitig auch Angst vor den Piraten zu haben. Das karibische Meer war vielleicht der sch\u00f6nste Fleck der Welt aber ebenso gef\u00e4hrlich war er auch, denn hier herrschten grausame Zeiten. Ein reiner Kampf um Landbesitz und Freiheit und eben auch ein insgeheimer Kampf um all den verborgenen Reichtum in diesen Gew\u00e4ssern. Sicher war ich mir jedoch das ich Havana vermissen w\u00fcrde, immerhin war es meine Heimat, hier war ich aufgewachsen. Die Stra\u00dfen Havanas waren immer voll mit Menschen und \u00e4u\u00dferst lebhaft. Ein terrakotafarbenes Haus stand direkt neben dem n\u00e4chsten, best\u00fcckt mit den bunten Holzfensterl\u00e4den und Balkonen die geziert waren von ebenso bunten Blumen. Auch wenn die H\u00e4user dicht an dicht zusammenstanden, verspr\u00fchte die Stadt doch irgendwie eine warme und wohlige Atmosph\u00e4re. Ich erinnerte mich gut, dass ich mit Mutter oft auf dem Markt gewesen war wo einem der Duft von frischem Obst und Fisch in die Nase kroch, so wie dem gep\u00f6keltem Fleisch welches in F\u00e4ssern mit Salz eingelegt war. Die etlichen Stimmen und Eindr\u00fccke die als Kind mit Begeisterung und Faszination auf mich niedergeprasselt waren. Die Marktschreier vor denen ich mich teils gef\u00fcrchtet hatte, wohl aufgrund ihrer strengen Stimmen. Und wie ich als Kind vom Balkon unseres Hauses immer aufs Meer gesehen hatte sowie die wei\u00dfen Segel betrachtet hatte die dort in einem reinen Wald aus Masten am Hafen ankerten. Ich w\u00fcrde all das vermissen, einfach weil ich hier geboren war, weil es meine Heimat \u0001 \u0002 kamen wir auch am Hafen an und mit staunenden Augen erblickte ich das prachtvolle Schiff auf das wir zuschritten. Es war wirklich ein reines Prachtexemplar. Ein riesiger, schwimmender Koloss. Die strahlend, wei\u00dfen Segel wehten besinnlich im Wind an den meterhohen Masten. Das Holz aus dem der ganze Rumpf bestand war in einer gelben Farbe mit blauen Streifen bepinselt worden. Einige Kanonenluken waren daran vorzufinden und auch sonst war es wohl ein sehr gut ausger\u00fcstetes Schiff. Kein Kriegsschiff, lediglich ein Zweimaster mit einem Kanonendeck aber dennoch machte es einen stattlichen Eindruck, erstrecht neben den harmlos wirkenden Handelsschiffen und Einmastern. Das Schiff ma\u00df mindesten dreihundert Fu\u00df L\u00e4nge und zweiunddrei\u00dfig Fu\u00df Breite. Stattliche M\u00e4nner kletterten in der Takelage herum, pr\u00fcften die Segel und zurrten die Taue und Schoten fest. Soldaten und f\u00e4hige M\u00e4nner die sich darauf tummelten vermittelten umso mehr einen Eindruck der Sicherheit und Kampfeskraft ausstrahlte. Ich traute dem Schiff also durchaus zu es mit einem andren Zweimaster aufnehmen zu k\u00f6nnen. Immerhin setzten die meisten Freibeuter und Piraten auf zweimastige Schiffe, denn es ging nicht immer nur um reine Feuerkraft, sondern auch Wendigkeit, Tiefgang und Schnelligkeit. Am Hafen war immer viel los, jede Menge Menschen tummelten sich hier. Hier traf man Leute aus nah und fern, erfuhr die neusten Neuigkeiten die, die Seeleute von ihrer Reise mitbrachten. Allerdings waren die Seeleute hier meist auch in gro\u00dfer Hektik da sie schnell ihre Fracht verladen mussten, denn je l\u00e4nger sie andockten desto teurer wurde es und der Hafen von Havana war bei Gott nicht der g\u00fcnstigste unter den strengen Blicken des Hafenmeisters. Nur noch wenige Kisten wurden in den Frachtraum verladen ansonsten schien es schon zum Auslaufen bereit. Die Planke unter meinen F\u00fc\u00dfen knarrte leicht als sie mein Gewicht trug und der einzige Weg zum Schiff war. Hier war ein gro\u00dfes Leben und ich sp\u00fcrte wie mein Herz sofort H\u00fcpfte. Es war aufregend auf dem Schiff und so nah am Meer zu sein. Vermutlich lag es daran, dass mein Vater ein guter Seemann gewesen war und ich als Kind oft auf seinem Schiff war. Ich hatte immer damit Segeln wollen aber es war nie dazu gekommen und ich hatte Tage damit verbracht am Strand zu sitzen und zu warten bis die wei\u00dfen Segel des Schiffes meines Vaters am Horizont wieder auftauchten. Aber eines Tages waren diese wei\u00dfen Segel einfach gar nicht mehr aufgetaucht. Ehe ich tiefer wieder in Vergangenheit versinken konnte h\u00f6rte ich die Stimme von John neben mir.\u201eMiss Santos, darf ich Ihnen vorstellen, das ist Captain Smith.\u201c Ich machte einen Knicks wie es sich von feinem Hoffe geh\u00f6rte, denn auch wenn ich nicht in solch strengem Hause aufgewachsen bin hatte ich dennoch Ahnung wie man sich zu verhalten hatte. Er trug eine typische wei\u00dfe Per\u00fccke und dar\u00fcber einen Dreispitz. Man erkannte wohl daran dass er der Captain dieses Schiffes war. \u201eIch zeige Euch nun Eure Kaj\u00fcte.\u201c h\u00f6rte ich Hawkins als n\u00e4chstes. Ich folgte ihm dankend \u00fcber das Deck, vorbei an all den anderen die mit an Bord waren. Einige waren noch dabei ein paar Taue fest zu zurren. Die letzten Kisten wurden hinunter in den Frachtraum gegeben und sonst h\u00f6rte ich ab und an wie jemand Befehle rief was noch zu tun war. Er brachte mich unter Deck wo er dann eine T\u00fcr \u00f6ffnete. Das erste Unterdeck war das Kanonendeck, darunter lag der Frachtraum. Es war ein kleiner bescheidener aber freundlicher Raum. Ein kleines, gem\u00fctliches Bett stand dort, ebenso wie ein Tisch. Eine kleine Lampe spendete bescheidenes Licht aber ich war froh einen kleinen R\u00fcckzugsort zu haben auch wenn ich sicherlich mich \u00f6fter an Deck aufhalten werde, nicht nur wegen der Aussicht sondern auch wegen der Frischluft. Ich war also mehr als froh nicht irgendwo zwischen der Crew in einer der unz\u00e4hligen H\u00e4ngematten schlafen zu m\u00fcssen. John verabschiedete sich von mir und lie\u00df mich alleine zur\u00fcck. Ich sah mich ein weiteres mal in dem Zimmer um und entdeckte nun auf dem Tisch gar ein Tintenfass, B\u00fcchlein und eine Feder die mir vorher entgangen waren. Leicht schmunzelte ich als ich diese Utensilien erblickte und musste auch gar nicht lange \u00fcberlegen mich dort niederzusetzten und anzufangen zu schreiben. Ich hatte damals immer gern den Geschichten meines Vaters zugeh\u00f6rt und ich erinnerte mich auch, dass ich mal eins seiner B\u00fccher in seiner Kaj\u00fcte gefunden hatte, seine B\u00fccher voll mit seinen Reisen. Um genau zu sein war es sein Logbuch gewesen in denen er die Tage auf Hoher See beschrieben hatte und wie sehr er uns immer vermisst hatte. Eins dieser B\u00fccher war heute noch in meinem Besitz und befand sich irgendwo zwischen meinen Klamotten in meinem Gep\u00e4ck. Damals als Kind hatte ich gesagt, wenn ich jemals auch eine Seereise antrat w\u00fcrde ich diese ebenso niederschreiben und genau das hatte ich nun vor. Meine Reise begann genau heute, in diesem Moment und ich wollte meine Eindr\u00fcckte auf dem Papier festhalten. Ich \u00f6ffnete das Tintenfass und tauchte die Federspitze in das Schwarz ein. Kurz \u00fcberlegte ich wie ich wohl am besten begann aber schon kurz darauf fiel mir ein passender Anfang ein und die Spitze der Feder setzte auf das Papier auf. Ich bekam so nur ged\u00e4mpft mit wie ich \u00fcber mir die Schritte eines jeden einzelnen durch das Holz h\u00f6rte sowie das stetige klopfen des Wassers an der Bordwand, wie das salzige Meerwasser unruhig gegen das Holz klatschte und das Schiff somit stetig schaukelte. Zum Gl\u00fcck hatte ich kein Problem mit Seekrankheit und auch musste ich mich kaum an die Schwankung beim Laufen gew\u00f6hnen. Ich bin zwar nie mit meinem Vater gesegelt aber dennoch lag mir die Seefahrt anscheinend in den Genen. Ich hatte n\u00e4mlich geh\u00f6rt, dass viele angehende Seem\u00e4nner anf\u00e4nglich ihre Probleme haben, sei es mit Seekrankheit oder das sie durch das stetige wanken des Schiffes stolperten, umherpurzelten und keinen festen Halt auf den F\u00fc\u00dfen hatten. Wer dies in wenigen Tagen nicht in den Griff bekam, wurde als Seeuntauglich eingestuft, auch wenn die Mehrheit wohl sowieso dann freiwillig nicht noch einmal einen Fu\u00df auf ein Schiff setzen w\u00fcrden. Viele untersch\u00e4tzen das Segeln, auch den Kraftaufwand um ein Schiff \u00fcberhaupt segeln zu k\u00f6nnen. Je nach Schiffsgr\u00f6\u00dfe brauchte man etliche M\u00e4nner um die Segel zu bedienen und etliche weitere f\u00fcr die Kanonen. Eine Besatzung von dreihundert Mann war also bei weitem nicht \u00fcbertrieben und reichte wohl gerade f\u00fcr ein zweimastiges Schiff mit einem Kanonendeck wie dieses. Ich sp\u00fcrte so auch nur kaum wie die Leinen gel\u00f6st wurden und das Schiff den Ankerplatz verlie\u00df. Als ich meine Abreise niedergeschrieben hatte, packte ich die Sachen zusammen und entschied wieder an Deck zu gehen. Sofort kam mir die frische Meeresluft entgegen und ich sp\u00fcrte den Wind durch meine Haare gleiten. Sanft wogen sich die Seile im Fahrtwind, w\u00e4hrend die Segel sich aufgeblasen hatten und das Schiff so davon trugen. Ich ging vor an die Reling und blickte \u00fcber die Weiten des Meeres. In der Ferne waren kleine Inselgruppen zu sehen die man hier im karibischen Meer oft vorfinden konnte. Alles kleine und meist unerforschte Inselgruppen von denen fast noch mehr irgendein Mythos in sich trugen. Es gab genau genommen nur wenige Orte auf dem karibischen Meer wo man sich wirklich auf offenem Meer befindet und weit und breit keine Inselgruppe oder eine der etlichen, gef\u00e4hrlichen Sandb\u00e4nke sehen konnte. Kurz schloss ich die Augen und genoss einfach das Gef\u00fchl, die Eindr\u00fccke. Ich f\u00fchlte mich so frei, fast so frei wie ein Vogel der durch die L\u00fcfte schwebte als der Wind gelinde mir entgegen blies. Leise rauschte das Wasser unter mir das von dem m\u00e4chtigen Rumpf des Schiffes zur Seite gedr\u00e4ngt wurde und so kleine Wellen verursachte. Diese unverkennbare salzige Brise stieg mir in die Nase und ich f\u00fchlte mich auf einmal wieder so wohl, so heimisch. \u201ePasst auf, dass Ihr nicht \u00fcber Bord fallt, Miss.\u201c h\u00f6rte ich nur eine \u0001 \u0002 drehte mich um und sah den Seemann nur etwas absch\u00e4tzend an. Ich mochte diese britischen Leute nicht sonderlich, die meisten kamen mir eher unsympathisch und zynisch vor so auch dieser. Allgemein die Soldaten, die spanischen waren Teils nicht besser aber das lag eben daran, dass sie wussten, dass ich halbes Blut in mir trug und sie mich daher etwas absch\u00e4tzten. \u201eKeine Sorge, ich pass schon auf.\u201c versicherte ich ihm ehe er wieder von dannen zog. Mein Blick wanderte kurz wieder \u00fcber das glitzernde Meer unter den Sonnenstrahlen. Wie manche kleine Wellen gegen die Schiffswand prallten und daran zerschellten. Mein Blick schweifte als n\u00e4chstes \u00fcber das Deck des Schiffes und ich erblickte John der bei dem Kapit\u00e4n Smith am Steuerruder auf dem Achterdeck stand. Ich entschied mich zu ihnen zu gesellen, also schritt ich die kleine Treppe hinauf zu den beiden.\u201eDer Wind ist heute vorz\u00fcglich. Wir fahren mit vollen acht Knoten.\u201c verk\u00fcndete Captain \u0001 \u0002 wusste gut was er meinte, denn der Wind stand g\u00fcnstig f\u00fcr unsere Fahrtrichtung und der Position der Segel. Au\u00dferdem schien die See heute angenehm ruhig, der Himmel kaum mit Wolken besetzt und wenn dann sahen sie alle freundlich gesinnt aus. Es machte also momentan nicht den Anschein als m\u00fcsste man mit einem Sturm oder jeglichen Unwettern rechnen. \u201eWenn das Wetter sich so hervorragend h\u00e4lt, sollten wir eine sehr angenehme Fahrt nach Kingston haben.\u201c meinte Hawkins zu mir und ich l\u00e4chelte \u0001 \u0002 h\u00e4tte ich nichts gegen eine abenteuerlichere Fahrt aber man musste es auch nicht \u00fcbertreiben. Dennoch es war sehr unwahrscheinlich, dass das Wetter f\u00fcr die Ganze \u00dcberfahrt nach Kingston so blieb, denn der Weg war weit und die karibische See unberechenbar. Das Wetter hier konnte schnell umschwingen oder der Wind sich drehen. Ich setzte meinen Weg \u00fcber das Schiff fort, vertrat mir so die Beine und etwas die Zeit, w\u00e4hrend ich immer mal wieder in Vergangenheit schwelgte. Wie gern w\u00e4re ich mit meinem Vater mal auf See gewesen aber nun verstand ich umso mehr warum er sie so sehr liebte. Unsere Familie und das Meer, hatte er schon immer so sehr geliebt wie nichts anderes. Das Meer hatte f\u00fcr ihn Abenteuer und vor allem Freiheit bedeutet. Er war ein Entdecker gewesen, frei von irgendwelchen Imperien und dann hatten sich die Engl\u00e4nder und die Spanier immer mehr eingemischt, bis hin zu den Piraten. Die Piraterie war im Grunde nichts anderes als Leute die nach Freiheit trachteten und aus den Regeln der Krone brechen wollen. Ich wusste ganz genau, dass ich die Piraterie f\u00fcr definitiv schlecht befand, vermutlich haupts\u00e4chlich aufgrund ihrer meist fragw\u00fcrdigen und ruppigen Art, denn die meisten waren skrupellos und hatten ein Herz aus Stein. Piraten handeln schlie\u00dflich nur f\u00fcr ihr eigenes Wohl aber so war es nunmal hier in der neuen Welt, die jeder f\u00fcr sich beanspruchen wollte. Ich erinnerte mich gut als ich meinen Vater das letzte mal gesehen hatte. Es war kurz vor meinem sechzehnten Geburtstag gewesen und er wollte bis zu diesem Tag wieder da sein. Er war hinter einer gro\u00dfen Entdeckung her und ich hatte jeden Tag, wie \u00fcblich am Strand verbracht mit dem Blick auf den Horizont und gewartet bis ich sein Schiff erblicke. Doch es tauchte einfach nicht mehr auf, selbst am versprochenen Tag meines Geburtstages erschien es nicht am Horizont. Ich hatte den ganzen Tag gewartet und Tr\u00e4nen vergossen als er nicht kam wie er es versprochen hatte. Ich wollte es damals nicht begreifen. Sp\u00e4ter hatte man mir gesagt, dass er wohl Opfer eines Piratenangriffs wurde denn man habe sein Schiff, als Geisterschiff mitten im Meer aufgefunden. Die Segel zerfetzt, Blut befleckte Planken, tief klaffende L\u00f6cher in der Schiffswand und Seelen alleine. Kein einziges Besatzungsmitglied mehr an Bord und das Schiff mehr ein treibendes Wrack als etwas anderes. Wenige Tage nach meinem Geburtstag fielen Piraten in Havana ein und t\u00f6teten meine Mutter als sie in unser Haus einbrachen und wohl nach wertvollen Sachen die Stadt gepl\u00fcndert hatten. Es war so grausam gewesen, all die Schreie der Menschen und all das Chaos. Meine Mutter hatte mich damals noch rechtzeitig verstecken k\u00f6nnen zusammen mit Annabell die dann meine Familie wurde. Der Bruder meiner Mutter, James Hemingway war danach sofort angereist und hatte mir sein Beileid ausgesprochen. Er hatte mir versprochen, dass er alles regeln w\u00fcrde um mich zu sich zu holen und all die Jahre sp\u00e4ter war es nun so weit, dass ich zu ihm sollte. Ihm waren zuvor die H\u00e4nde gebunden gewesen aber nun als Gouverneur Jamaikas hatte er das Entscheidungsrecht. Daher konnte ich aufgrund von Komplikationen nicht sofort nach Kingston. Auch John Hawkins hatte immer auf mich aufgepasst und war auch vorher schon oft immer zu Besuch bei uns gewesen, auch wenn ich den britischen Anstand der hohen Gesellschaft nicht sonderlich mochte, war ich doch froh diese Leute zu haben. So war Annabell als einzige bei mir geblieben und hat immer auf mich aufgepasst. Nun war ich 22 Jahre alt und musste von meiner geliebten Heimat weg. Ich hatte meine ganze Familie nun verloren, denn auch Annabell w\u00fcrde ich wohl nie wieder sehen auch wenn ich nun zu meinem Onkel konnte so w\u00fcrde ich Havana doch sehr vermissen. Mir war nicht viel meiner Familie geblieben, lediglich ein Paar Erinnerungsst\u00fccke mehr nicht. Das war damals meine erste und bisher einzige Begegnung mit Piraten gewesen und seither hasste ich sie eigentlich. Ich erinnerte mich noch als ich auf dem Balkon gestanden hatte und immer noch gehofft hatte das Schiff meines Vaters w\u00fcrde noch kommen, doch stattdessen entdeckte ich dieses pechschwarze Schiff am Horizont, dessen ebenso schwarze Segel im Mondschein flackerten. Wie ich verwundert, ver\u00e4ngstigt und fasziniert zugleich von dem Schiff gewesen war. Wie mir das Blut in Adern gefror als die Alarmglocken ert\u00f6nten und die Kanonen auf die Stadt donnerten. Wie das Schiff anlegte und panische Schreie durch die Nacht hallten. Wie meine Mutter mich packte und noch rechtzeitig verstecken konnte, wie ich mich an dem Anh\u00e4nger meines Vaters verzweifelt festklammerte und Annabell mich ruhig halten musste. Es war eine grausame Nacht gewesen die mein Leben so ver\u00e4ndert hatte. Sp\u00e4ter erfuhr ich, dass dieses Piratenschiff die Black Angel gewesen war. Man nannte sie so weil deren schwarzen Segel sich im Wind wanden wie die schwarzen Fl\u00fcgel eines dunklen Engels, eines Todbringenden Engels. Piraten voller Grausamkeit wie sie selbst der Teufel wohl nicht kannte. Ich w\u00fcrde dieses Schiff immer wieder erkennen, selbst nach diesen sechs Jahren, wenn ich es sehen w\u00fcrde, w\u00fcrde ich es sofort wiedererkennen dessen war ich mir sicher. Kaum dachte ich dies, erblickte ich in der Ferne, der derweil einbrechenden Nacht, schon ein Schiff. Es war noch etwas weit weg, mindesten noch zehntausend Yards, in der Dunkelheit also kaum zu sehen und mit dem leichten Nebel der irgendwie gespenstisch das Meer pl\u00f6tzlich bedeckt hatte, wirkte es umso mehr wie verh\u00fcllt. Wie ein Geisterhauch umh\u00fcllte er sanft das Schiff in der Ferne, es war somit schwer etwas zu erkennen. Ich kniff etwas die Augen zusammen aber erkannte sofort, dass es kein schwarzes Schiff war und erstrecht keine schwarzen Segel trug. Es handelte sich um einen Zweimaster wie unseres aber es erschien mir wesentlich schneller als es so durch das Wasser pfl\u00fcgte. Dennoch, ich wollte wissen, was es f\u00fcr ein Schiff war, unter welcher Flagge es stand. Ich sah mich daher um, ging dann zielstrebig hoch zu Hawkins.\u201eLeiht Ihr mir euer Fernrohr?\u201c fragte ich ihn, weswegen er mich etwas verwundert ansah aber dann \u0001 \u0002 reichte es mir und sofort wandte ich mich wieder der Reling zu, stellte die Brennweite des Fernrohres ein und richtete sie auf das Schiff in der \u0001 \u0002 war eine sch\u00f6ne Brigg musste man sagen. Der Rumpf in ein rostbraun getr\u00e4nkt und strahlend weise Segel. Eine Galionsfigur eines Habichts trumpfte am Bug des Schiffes mit ausgebreiteten Schwingen. Wirklich das Tier war wundervoll in das Holz verarbeitet, man konnte jede einzelne Feder dort im Holz eingraviert sehen. Der Schnitzer dieses Meisterwerks sollte wahrliches Lob zu h\u00f6ren bekommen. Ich wanderte weiter nach oben, den Hauptmast empor. Oben auf dem Toppmast wedelte dann die Flagge im Winde und mir schn\u00fcrte sich der Hals zu. Ich sp\u00fcrte wie mir die Spucke wegblieb und wie meine Augen sich auf den wei\u00dfen Totensch\u00e4del festfroren der auf dem schwarzen Stoff prangte, darunter noch zwei \u00fcberkreuzte S\u00e4bel. Die Flagge eines Piratenschiffes und kaum eine Sekunde sp\u00e4ter h\u00f6rte ich auch schon jemanden rufen.\u201ePiraten! Piraten in Anmarsch!\u201c",
            "wordcount": "5.110",
            "chapter_release": "30.08.2016",
            "chapter_number": "1"
        },
        "2": {
            "text": "Wie gebannt starrte ich auf das Schiff, das mit doch beachtlichem Tempo dem unseren immer n\u00e4her kam. Es hatte eindeutig Kurs auf uns genommen und das Schiff schien sogar noch schneller als unseres zu sein, dabei war dieses Schiff schon eins der guten des britischen Empires, zumindest hatte ich das geglaubt. Es war zwar keins der bekannten Kriegsschiffe aber dennoch eine stattliche Brigg, wie ich empfand. Ich sp\u00fcrte wie ich leicht blass wurde und das Fernrohr in meiner Hand langsam senkte. Meine letzte Begegnung mit Piraten war vor sechs Jahren und es war wie bereits erw\u00e4hnt keine sch\u00f6ne gewesen. Ich war durchaus ein abenteuerlustiges M\u00e4dchen aber ob ich unbedingt hier auf Piraten treffen wollte bezweifelte ich. Die schwarze Flagge n\u00e4herte sich immer mehr und schien fast einen dunklen Schleier mit sich zu ziehen. Es wirkte fast als f\u00e4rbte sich der Nebel hinter dem Schiff schwarz, wandelte sich in pure Finsternis aber so schien es nur. War das jetzt unser Ende? Die Crew hinter mir wurde immer unruhiger, ich h\u00f6rte dr\u00f6hnend den lauten Klang der Alarmglocke. \u201eAlle Mann an Deck! Macht die Gesch\u00fctze klar, jeder auf seinen Posten!\u201c rief Hawkins laut und mit ernster \u0001 \u0002 Gewimmel brach aus, die Kanonen wurden geladen und jeder machte sich bereit auf seiner Gefechtsstation. Ich liebte die See so wie mein Vater sie geliebt hatte aber ich h\u00e4tte dennoch nicht gedacht das sie vielleicht auch mein Grab sein w\u00fcrde. Wie lange w\u00fcrde es dauern zu sterben und wie w\u00fcrde es sich anf\u00fchlen? Ein kurzer Schmerz oder doch eher eine lange Qual? Nun ja das kam wohl ganz darauf an wie der Tod einen wiederfuhr. Damals hatte ich meiner Mutter beim sterben zugesehen als ein elender Pirat sein Schwert in ihre Brust gerammt hatte. Ich verga\u00df nie ihren Blick und doch konnte ich nie wirklich mit ihr f\u00fchlen, wie es war, was sie gedacht hatte und gef\u00fchlt hatte in diesem Moment. Ich hatte Schmerzen gesp\u00fcrt aber wie war es ihr ergangen und wie w\u00fcrde es mir jetzt ergehen? War es f\u00fcr sie schmerzvoll gewesen oder war f\u00fcr mich das zusehen doch schmerzlicher als der Tod selbst? So viele Fragen und doch keine Antworten aber genau genommen wollte ich eigentlich auch gar keine Antwort auf all dies haben.\u201eEntfernung?\u201c rief der Captain \u0001 \u0002 Crewmitglied antwortete ihm sofort \u201eNoch etwa achttausend Yards bei mindestens zw\u00f6lf Knoten.\u201c\u201eRichtet die Kanonen aus auf Steuerbordseite und macht euch bereit.\u201c rief Smith \u0001 \u0002 H\u00e4nde griffen fester nach dem Holz der Reling und ich bohrte nahezu meine Fingern\u00e4gel in diese. Ich wollte nicht sterben, nicht durch die Hand eines Piraten! Mein Herz schlug aufgeregt und doch gewann ich an Mut. Mein Blick blieb starr an dem n\u00e4herkommenden Schiff h\u00e4ngen und beschloss abzuwarten was geschah. Ich wollte nach Reflex handeln und keinerlei Angst zeigen. Als mein Blick erneut sich an dem Schiff festklammerte sp\u00fcrte ich wieder die Begeisterung und doch begriff ich es nicht wie man einem Piratenschiff eine Faszination entgegenbringen konnte. Vermutlich war es weil ich in einem einzigen Punkt die Piraterie wirklich begeisternd empfand. Diese M\u00e4nner verk\u00f6rperten die pure Freiheit und das Trotzen von Regeln. Ich hingegen wurde gerade verfrachtet in einen goldenen K\u00e4fig leben zu m\u00fcssen, wo jeder einem sagte was man tun sollte, welches Benehmen man an den Tag zu legen hatte und wen man sp\u00e4ter heiraten sollte. Genau aus diesen Gr\u00fcnden w\u00fcrde ich mein altes freies Leben vermissen, denn sobald ich in Kingston war w\u00fcrde ich genau so leben m\u00fcssen, wie jede andere Dame auf feinem Hofe auch. Immerhin hatte der Gouverneur einen guten Ruf zu verlieren den ich ihm potenziell versauen k\u00f6nnte wenn ich mich nicht benahm und vermutlich schon aufgrund auf tat in dem ich einfach ich war, n\u00e4mlich Halbspanierin in Kingston auf feinem Hofe. Piraten hingegen waren frei und ohne jeglichen K\u00e4fig der sie hielt. Mein Blick senkte sich und kurz empfand ich sogar Neid, ehe ich meine Entschlossenheit zur\u00fcckhatte. Diese Kreaturen waren nicht zu beneiden, denn es waren eben jene die mir meine Familie nahmen! Nat\u00fcrlich genossen sie ihre Freiheit, aber es war eine Freiheit die auf Tod und Verderben aufbaute, auf Raubz\u00fcge und Blutdurst. Ich war zwar in meinem K\u00e4fig aber ihre Federn waren mit Blut verklebt. Die Frage war nur immer welcher Preis war gerechtfertigt, welchen Preis war man selbst bereit zu \u0001 \u0002 zuckte heftig zusammen als ein lauter Knall ohrenbet\u00e4ubend durch mein K\u00f6rper hallte. Nichts war so laut wie der Schuss eines Lafettengesch\u00fctzes.\u201eSie haben das Feuer er\u00f6ffnet!\u201c schrie einer und sofort ging ich in Deckung als es laut \u0001 \u0002 Teile von dem Holz splitterten gef\u00e4hrlich durch die Gegend und ich sp\u00fcrte gar leicht an meinem Arm wie mich dort ein paar Teile streiften, wie feine Nadeln die einem in die Haut piekten. Als ich mich wieder etwas aufrichtete prangte etwa in der Mitte des Schiffs ein Loch in der Reling. Mit schreckensweiten Augen fuhr ich herum wieder zu dem Piratenschiff. Sie mussten lange Kanonen haben, mit \u00e4u\u00dferst guter Reichweite. Normalerweise konnte man eine Breitseite erst bei etwa zweitausend Yards Entfernung abfeuern um sicher zu gehen, dass die Salve auch trifft. Ihre Kanonen schienen aber eine Reichweite von zweitausendf\u00fcnfhundert bis vielleicht gar dreitausend Yards zu haben. \u201eHart Steuerbord!\u201c rief Hawkins und sofort schwenkte der Kiel scharf nach \u0001 \u0002 verzerrtem Gesicht zog er sich gerade ein Holzst\u00fcck aus dem Oberarm, es war weniger ein schmerzverzogenes Gesicht sondern mehr eins vor Wut und Z\u00e4hne knirschendes. Ein roter Fleck bildete sich schnell an seinem Arm aber er k\u00fcmmerte sich nicht weiter darum. \u201eWir m\u00fcssen aus der Schusslinie! Macht euch zum Feuer bereit!\u201cErneut ohrenbet\u00e4ubender L\u00e4rm der abgegebenen Kanonen. Direkt vor mir brach eine Kanonenkugel in die Wasseroberfl\u00e4che mit einem lauten Schlag ein und warf das Meerwasser meterhoch, so dass ich sogar noch etwas davon abbekam. Die See erschien sofort unruhiger und zeichnete sich pl\u00f6tzlich in einem tiefen Schwarz mit einem dezenten Silberschimmer des Mondes ab und dem milden Schleier des Nebels dar\u00fcber. Es wirkte be\u00e4ngstigend und ich sp\u00fcrte wie meine Haare sich stellten, wie mich eine pl\u00f6tzliche K\u00e4lte \u00fcbermannte als lege sich Eis auf meine Haut. Es f\u00fchlte sich an als k\u00e4me der Tod h\u00f6chstpers\u00f6nlich vorbei und streifte meine Haut mit seinem eisigen Atem. Die Kanoniere riefen wild durcheinander, dir M\u00e4nner gaben sich alle M\u00fche aber es schien aussichtslos. \u201eMiss, Ihr solltet lieber Unterdeck in Sicherheit!\u201c h\u00f6rte ich mit einem mal einen Soldaten der mich am Arm packte und ein Gewehr in H\u00e4nden hielt. Er wollte mich gerade fortf\u00fchren als es erneut einschlug und das Schiff diesmal heftig wankte. Ich verlor so das Gleichgewicht und landete etwas hart auf dem Holzboden. Kurz verlor ich die Orientierung ehe ich sie wiederfand und mich aufraffte. Das reinste Chaos tobte, w\u00e4hrend es auch in meinem eigenen Kopf tobte. Ich wankte einen kurzen Moment als ein Schwindelgef\u00fchl mich leicht \u00fcbermannte. Durch die hohen Schuhe und das unkomfortable Kleid war ich nicht so standfest und bewegungsf\u00e4hig, dennoch konnte ich mich taumelnd an der Reling wieder festklammern und besiegte den Schwindel. Die Crew brauste \u00fcber das Deck, Gewehre wurden geladen, die n\u00e4chsten Lunten der Kanonen angez\u00fcndet das es schon wortw\u00f6rtlich nach Pech und Schwefel stank. Die Panik und die Hektik stiegen zusehends an Bord, w\u00e4hrend ich fieberhaft \u00fcberlegte wie ich mich verhalten sollte. Ein neuerliche Kugel die das Schiff tuschierte und einen Soldaten mit einem durch die Gegend fliegenden Holzst\u00fcck aufspie\u00dfte. Ich schlug mir die Hand vor den Mund vor Grausamkeit und wie alle trotz Panik, stolz und mutig um ihr Leben k\u00e4mpften, um das Schiff, das einzige St\u00fcck Sicherheit auf hoher See zu verteidigen. Ein solcher Tod, sei es aufgespie\u00dft von einem Holzst\u00fcck oder gar von einer Kanonenkugel in St\u00fccke geschlagen zu werden stellte ich mir als undankbar und grausam vor, als schmerzhaft und unsch\u00f6n. \u201eFeuer!\u201c h\u00f6rte ich abermals jemanden rufen und in kurzen Abst\u00e4nden z\u00fcndeten die Kanonen. Es war erstaunlich, dass trotz all dem Wirrwarr jeder dennoch wusste was zu tun war, das keiner den \u00dcberblick \u00fcber das Chaos verlor, w\u00e4hrend ich \u00fcberfordert daneben stand. Neuerliches Gedonner und Geschrei ert\u00f6nte. Die Sch\u00fcsse schlugen irgendwo ein in all dem Chaos und mit dem st\u00e4ndigen lauten Knall der mir meinen Kopf verdrehte konnte ich gar nicht mehr ausmachen wo die Kugeln einschlugen. Ich vernahm nur noch pures Chaos. Schiffsplanken zersplitterten durch die Kugeln oder rissen gar M\u00e4nnern Arme und Beine ab, gefolgt von dem Geschrei der Sterbenden. Das Deck in Blut getr\u00e4nkt mit K\u00f6rpern die kaum mehr teils zu erkennen waren. Ich konnte den Ekel und die Grausamkeit nicht mal in Worte fassen und war doch zu geschockt um das Bewusstsein zu verlieren oder mich zu \u00fcbergeben. Ich hatte dieses Schiff wirklich f\u00fcr stattlich empfunden, die Mannschaft als f\u00e4hig betrachtet, aber anscheinend hatte ich geirrt, denn wir waren den Piraten v\u00f6llig unterlegen. Und das obwohl beide Schiffe jeweils ein Kanonendeck besa\u00dfen, bedeutet also etwa, h\u00f6chstens sechzehn Kanonen gegen sechzehn und vermutlich ebenso gleich viele M\u00e4nner und doch waren wir ihnen so derma\u00dfen unterlegen, dass es mich schockieren w\u00fcrde, wenn ich nicht gerade zu sehr von der Grausamkeit der Schlacht geschockt w\u00e4re. Ihre Crew war einfach besser. Sie waren schneller darin die Kanonen zu laden als wir und ihr Gesch\u00fctzoffizier hatte wohl auch ein geschulteres Auge als unserer, nur so konnte ich es mir erkl\u00e4ren. Jedenfalls sank ich erneut auf die Knie als ein Kettengeschoss den Hauptmast zerschlug und er zur Seite wegkippte und wohl einige darunter erschlug. Ich hatte Gl\u00fcck gehabt das er nicht in meine Richtung gefallen war und ich auch nicht unter den Segeln begraben wurde. Zum ersten mal schweifte mein Blick wieder suchend zu dem feindlichen Schiff und erschreckend stellte ich fest, dass es schon zum greifen nah war. Es stand unserem Parallel gegen\u00fcber und wurden sanft von den Wellen in entgegen gesetzte Richtung getragen. Die Piraten gr\u00f6lten uns freudig hin\u00fcber und schienen wahrliche Freude an dem Kampf zu haben. Noch dazu, sah deren Schiff erschreckend gut gegen unseres aus. Es schien kaum ein Kratzer davon getragen zu haben. \u201eLasst nicht zu das sie uns Entern!\u201cDoch schon im n\u00e4chsten Moment flogen die Haken und klammerten sich an der Reling fest. Mir stockte der Atem und das Herz zu gleich. Vor Schock ging ich ein paar Schritte zur\u00fcck, stolperte jedoch schon bald \u00fcber den leblosen K\u00f6rper eines Soldaten der sich in seinem eigenen Blut tr\u00e4nkte. Ein schriller Schrei entfloh mir als ich auf dem Boden weiter zur\u00fcck krabbelte und fassungslos die Leiche nun vor mir anstarrte. Als ich wieder aufsah, schwangen sich gerade die ersten Piraten mit ein paar Seilen hin\u00fcber auf unser Schiff. Sofort entfachte ein Gefecht zwischen der Besatzung meines Schiffes und den Piraten. Das sah \u00fcbel aus, verdammt \u00fcbel!Hektisch sah ich mich um und entdeckte das Gewehr neben mir. Aus Reflex griff ich danach, auch wenn ich absolut keine Ahnung hatte wie man \u00fcberhaupt mit irgendeiner Waffe umging. Weder hatte ich Ahnung wie ein Schwert zu f\u00fchren war, noch wie man mit einem Gewehr eigentlich ein Schuss abfeuerte. Es war ein Bajonett was zur Not auch ein Messer am oberen St\u00fcck der Laufm\u00fcndung trug aber ob es mir sonderlich hilfreich war mit einem praktisch etwas \u00fcberdimensionalen Zahnstocher herum zu wedeln, wusste ich nicht. Immer mehr sah ich wie das helle Holz des einst so sch\u00f6nen Schiffes sich in rot tr\u00e4nkte. Wie ein Pistolenschuss nach dem anderen ert\u00f6nte und der Rauch des Gewehrpulvers sich in die Luft legte. Wo die Luft ohnehin schon durch die Kanonen mit Pulverdampf \u00fcberf\u00fcllt waren, so dass man ein stetiges husten und kratzen im Hals vernahm. Musketen und Steinschlosspistolen krachten und zischten zus\u00e4tzlich nun \u00fcber das \u0001 \u0002 zuckte nur ein weiteres mal zusammen als neben mir eine Kugel ins Holz schlug. Erst bemerkte ich gar nicht den feinen Schmerz an meiner Wange, doch als ich mit den Fingerspitzen dar\u00fcber strich und diese dann mit rot betrachtete wurde mir klar, dass sie mich wohl doch gestreift haben musste. Vor mir fiel gerade ein weiterer Soldat und grinsend wandte der Pirat sich mir zu. Schnell wurde ich wieder panisch, zog mich an der Reling empor und streckte ihm das Gewehr mit der Spitze entgegen. Meine H\u00e4nde zitterten heftig und ich versuchte einfach wild auszuholen, versuchte nach ihm zu stechen was mir reichlich wenig gelang. Ein rollendes, raues Lachen entglitt lediglich seiner Kehle \u00fcber meinen doch schon erb\u00e4rmlichen Versuch ihm entgegen zu treten. Doch ich wollte nicht aufgeben. Ich wollte wirklich nicht durch die Hand eines Piraten sterben! Alles nur das nicht!Mit einem lauten Schrei machte ich einen Satz nach vorne, hatte dabei meine Augen aus Reflex zu gepetzt und wartete einen Moment ehe ich sie wieder \u00f6ffnete, da nichts geschah. Vor mir stand immer noch der Pirat, das Messer gef\u00e4hrlich nahe seiner Brust doch als ich weiter entlang sah erblickte ich eine Hand die an mitten des langen Gewehrlaufes lag und es fest hielt. Ich folgte der Hand zu dem Mann dem sie geh\u00f6rte. Er trug einen blau, wei\u00dfen Mantel der sanft im Wind wehte. Ein sehr edles und au\u00dfergew\u00f6hnliches St\u00fcck wie ich empfand. Der Mantel war \u00fcberwiegend wei\u00df und trug lediglich hellblaue Akzenten wie am Kragen, an den Enden seiner \u00c4rmel und am untersten Rand des Mantels. Darunter hatte er ein wei\u00dfes Hemd, unter dem seine doch etwas gut k\u00f6rperliche Statur hervorragend erkennbar war. Seine tiefbraunen, schwarz umrandeten Augen fixierten mich, w\u00e4hrend seine Kastanienbraunen Haare leicht im Wind wehten. Er hatte eine sorgf\u00e4ltig br\u00e4unliche Haut und f\u00fcr einen Piraten gar eine recht makellos aussehende noch dazu. Lediglich an der Wange erblickte ich beim genaueren Hinsehen ein paar kleine, feine Einkerbungen und doch wirkte seine Haut so zart und rein. Mein Blick wanderte tiefer an ihm hinab. An einem Ledergeschirr seiner Brust hingen zwei Pistolen, weiter unten umband ein rotes, zerschlissenes Tuch seine H\u00fcften, dessen Enden ebenfalls sanft im Wind wehten. An einem Lederriemen befestigt hingen zwei Schwerter, daneben zwei weitere Pistolen. Ich schluckte etwas schwer und musterte auch den Rest. Die eigentlich wei\u00dfe aber sehr befleckte Leinenhose unter dem Mantel und die braunen Lederstiefel dazu. Mein Blick wanderte wieder hoch zu seinem Gesicht und seinen vollen Lippen verzogen sich dort zu einem Schmunzeln. Auch er schien mich zu mustern und als ich in seine Augen sah wurde mir mit einem mal klar wohin er sah. Sein Blick hang eindeutig an meinem Dekollet\u00e9, was mir wiederum gar nicht gefiel. Kein Pirat der Welt sollte sich jemals an mir vergreifen, denn dann w\u00fcrde ich lieber sterben. Mit einem gekonnten Ruck riss er mit das Gewehr aus den H\u00e4nden und warf es dann achtlos zur Seite. Ich dr\u00fcckte mich energisch nach hinten an die Reling als er auf mich zukam und unmittelbar dann vor mir stand. Ein zufriedenes L\u00e4cheln umspielte sein Gesicht als er die Hand nach mir ausstreckte. Ich war kurz um dem Reflex zu folgen eine Hand zu heben um ihm eine zu scheuern, doch als er pl\u00f6tzlich lediglich nach meiner Kette griff und diese mir dann vom Hals zerrte, stockte ich. Nat\u00fcrlich waren sie nur auf Beute aus, auf Geld, alles was sie jedenfalls zu Geld machen konnte. Doch diesen Gedanken verwarf ich schnell als ich irrt\u00fcmlich feststellte, dass er die Kette meines Vaters mit dem Medaillon mir genommen hatte und nicht das teure St\u00fcck meines Onkels. \u201eGebt es mir zur\u00fcck!\u201c schrie ich und machte einen Satz nach \u0001 \u0002 wollte nach der Kette greifen aber er streckte nur den Arm aus, stemmte seine Hand gegen mich und hielt mich so mit Leichtigkeit fern.\u201eGanz ruhig, Missy.\u201c sagte er v\u00f6llig locker, w\u00e4hrend er nicht mal zu mir sah sondern lediglich das geschlossene Medaillon betrachtete ehe er es in seine Manteltasche schob.\u201eEs ist von keinem besonderen Wert also lasst es mir!\u201c rief ich \u0001 \u0002 sah nur hohnl\u00e4chelnd zu mir ehe er eine Kopfbewegung zu seinem Nebenmann machte und dann zum Gehen ansetzte.\u201eHey was so-\u201c setzte ich an, wurde dann aber schon von einem Piraten gepackt und \u0001 \u0002 sie mich entf\u00fchren? Oder was sollte das nun?! Sie schliffen mich vor zur Gegen\u00fcberliegenden Reling. Der Kerl mit dem Mantel stand elegant auf dieser und hielt sich an ein paar Stricken der Takelage des Schiffes fest.\u201eWas ist mit den \u00dcberlebenden?\u201c fragte ein Pirat ihn, daher vermutete ich dass er wohl auch der Captain \u0001 \u0002 schien kurz zu \u00fcberlegen, schweifte mit dem Blick \u00fcber die wenigen \u00dcberlebenden. Auch mein Blick schweifte zu den armen Soldaten r\u00fcber die vor den Piraten knieten und die H\u00e4nde an ihren Hinterkopf gelegt hatten. Ich erkannte sofort das Hawkins und Smith unter ihnen war. Kurz sp\u00fcrte ich Erleichterung als ich aber wieder mit Schrecken zu dem Piratenkapit\u00e4n sah, immerhin wartete jeder noch auf seine Antwort. Eigentlich rechnete ich schon fast damit dass er antworten w\u00fcrde, es w\u00fcrde keine \u00dcberlebenden geben. Das er sie einfach hinrichten lie\u00df aber \u00fcberraschend kam es doch anders.\u201eLasst sie hier in die Beiboote und \u00fcberlasst sie ihrem Schicksal.\u201c sagte er \u0001 \u0002 sich auch ein harsches Urteil aber immerhin noch das mit einer \u00dcberlebenschance.\u201eUnd was ist mit dem Weib?\u201c fragte einer pl\u00f6tzlich gerade als er sich wieder abwenden wollte und hin\u00fcber zu seinem Schiff wieder \u0001 \u0002 hielt also inne, sah kurz zu dem Fragenden dann zu mir ehe sich wieder ein L\u00e4cheln auf seine Lippen stahl \u201eNehmt sie mit.\u201cIch protestierte lautstark, versuchte mich gegen den Griff des einen Piraten zu wehren aber ich kam nicht gegen ihn an.\u201eDejameiridiota!\u201d schrie ich aus Reflex auf Spanisch aber entweder verstanden sie mich nicht oder sie wollten es nicht \u0001 \u0002 tippte allerdings eher auf ersteres, die Piraten erschienen englisch und hatten zuvor auch Englisch gesprochen, vielleicht verstand zwar irgendjemand unter ihnen spanisch aber dann w\u00fcrde zweiteres \u0001 \u0002 wurde ich r\u00fcber auf das andere Schiff gezerrt und geschubst aufgrund meiner Gegenwehr. Ich h\u00f6rte nur noch Hawkins verzweifelt mir nachrufen \u201eMiss Santos!\u201cAber alles brachte \u0001 \u0002 waren alle wieder auf dem Piratenschiff, l\u00f6sten sie die Haken und Leinen um sich von dem britischen Schiff zu l\u00f6sen. Ich sah nur hilflos dem Schiff nach und den wenigen Soldaten die darauf \u00fcberlebt hatten, wie wir uns immer weiter davon entfernten. Wie das einst so sch\u00f6ne Schiff nur noch hilflos, zerst\u00f6rt, mehr als schwimmendes Wrack auf dem Meer trieb. Ich hoffte so sehr Hawkins und die anderen w\u00fcrden \u00fcberleben aber momentan musste ich andere Sorgen haben, denn immerhin hatte ich keinen blassen Schimmer was mit mir nun geschehen w\u00fcrde.\u201eSperrt sie in die Brick!\u201c rief einer und schon wurde ich wieder grob \u00fcber das Deck geschliffen und dann eine Treppe hinunter in das dunkle Deck verfrachtet. Die Luft wurde sofort stickiger und es stank zus\u00e4tzlich nach Rum und Schwei\u00df. Es war \u0001 \u0002 es Unterdeck stickig war und teils \u00fcbel roch, schlie\u00dflich befinden sich hier ein Dutzendm\u00e4nner auf engem Raum und das seit Tagen. Wir liefen vorbei an etlichen H\u00e4ngematten in denen die Crew schlief ehe ich eine weitere Treppe hinunter geschleppt wurde. Auf dem untersten Deck stank es noch viel mehr und die Luft war somit noch stickiger. Das Bilgewasser verpestete hier die Luft aber als Seemann gew\u00f6hnte man sich daran bis man kaum mehr derartig miese Ger\u00fcche wahrnahm. Hier befand sich auch die Brick. Eine kleine Zelle im untersten Deck des Schiffes. Sofort warf man das eiserne Tor zu und schloss ab, w\u00e4hrend der Pirat nur geh\u00e4ssig grinsend und demonstrativ mit dem Schl\u00fcssel wedelnd davon ging. Ich warf ihm nur einen giftigen Blick nach ehe ich mich fix und fertig gegen die kalte Eisenmontur lehnte. So Abenteuerlustig war ich nun wirklich auch nicht\u2026.Seufzend sank ich hinunter auf den Boden und sah mich im dunklen Raum etwas hilfesuchend um. Dabei wusste ich nicht mal wonach ich Ausschau hielt, denn selbst wenn ich es irgendwie schaffen sollte diesen K\u00e4fig zu \u00f6ffnen brachte es mir rein gar nichts. Ich befand mich auf einem Schiff weit weg von der K\u00fcstenregion also konnte ich auch nirgendwohin fliehen. Mein Kopf sank langsam auf meine angezogenen Knie und ich kauerte verloren und bedauerlich hier auf dem Boden. Vermutlich war ich ihr Druckmittel gegen meinen Onkel, ein anderer Grund warum sie mich mitnahmen fiel mir jedenfalls nicht ein. Vielleicht w\u00fcrden sie L\u00f6segeld f\u00fcr mich verlangen oder die schlimmste Vorstellungen, dass ich als Bespa\u00dfung der Besatzung diente. Meine Hand wanderte an meinen Hals und erst jetzt fiel mir auch wieder ein, dass dieser bescheuerte Pirat mein Medaillon hatte. Mein einziges Erinnerungsst\u00fcck was ich nun noch von meiner Familie hatte, denn mein Gep\u00e4ck befand sich schlie\u00dflich immer noch auf dem britischen Schiff. Die Kette hatte mir immer viel bedeutet und mir immer Kraft gegeben und nun war sie, mein wertvollster Besitz, in den schmutzigen H\u00e4nden eines Piraten. Dabei wusste ich nicht mal was er damit wollte. Er w\u00fcrde garantiert nicht viele Reales daf\u00fcr bekommen wenn er \u00fcberhaupt irgendwas daf\u00fcr bekam, daher war mir absolut schleierhaft warum ausgerechnet ein Pirat auf eine solch wertlose Kette aus war. Piraten hatten doch sicherlich geschulte Augen und konnten erkennen welcher Gegenstand ihnen viel Geld bescheren w\u00fcrde. Man sah eigentlich auf dem ersten Blick dass dieses Medaillon keinen materiellen Wert besa\u00df. Meine Arme umschlangen mehr meine Knie und nun merkte ich auch wie die ersten Tr\u00e4nen \u00fcber die Schwelle meiner Augen kullerten. Wie Regen tropften sie auf meine Knie. Wie ein pl\u00f6tzlicher Schleier legte sich die Traurigkeit um meine Augen und raubte mir die Sicht als s\u00e4he ich durch einen Diamanten. Tr\u00e4nen zu vergie\u00dfen war kein Zeichen der Schw\u00e4che sondern Zeichen der Menschlichkeit und Gef\u00fchle. Erst nach unz\u00e4hligen Minuten versiegten die Tr\u00e4nen wieder. Einzig meine ger\u00f6teten Augen und die Tr\u00e4nenspuren auf meinen Wangen wiesen noch auf mein Weinen hin. Schnell wischte ich mir \u00fcber das Gesicht und sah erstmals wieder auf. Drau\u00dfen vernahm ich die Wellen die an die Schiffswand schwappten, das dezente Rauschen hatte irgendwie doch etwas leicht Beruhigendes. Als ich mich etwas anders und bequemer hinsetzte bemerkte ich etwas Schweres in meiner Tasche des Kleides. Als ich hineingriff und es heraus zog, hielt ich ein Buch in H\u00e4nden und musste leicht schmunzeln. Es war das Buch was ich angefangen hatte zu schreiben als ich diese Reise antrat. Ich hatte schlie\u00dflich vorgehabt diese Reise nach Kingston schriftlich festzuhalten und nun war doch wohl ein reines Abenteuer daraus geworden. Wenn ich eine Feder und Tinte gehabt h\u00e4tte, h\u00e4tte ich wohl nun weiter geschrieben, so weit wie mich dieses Abenteuer f\u00fchren m\u00f6ge. Denn es war nicht abzusehen wann es mein Ende finden w\u00fcrde aber momentan vermutete ich, dass es ein j\u00e4hes Ende finden w\u00fcrde. Ich schob das Buch wieder zur\u00fcck in die Tasche, vielleicht gewahr man mir wenigstens noch einmal daran weiter schreiben zu k\u00f6nnen. Dann richtete ich mich auf, zog mich mehr schon an dem Eisen empor aufgrund der Schwere meines Kleides. Ich strich es ein wenig glatt, bemerkte dabei auch das es stellenweise leicht mit Blut befleckt war was aufgrund der weinroten Farbe aber auf den ersten Blick nicht sonderlich auffiel. Ich sah mich ein weiteres Mal in dem dunklen Loch um. Es war zwar dunkel hier aber man konnte dennoch gut die Umrisse von allem erkennen, immerhin flackerte direkt an der Treppe eine \u00d6llampe die sp\u00e4rliches Licht f\u00fcr den ganzen Raum spendete. In einem Eck standen ein Haufen Kisten gestapelt, vermutlich Proviant. Aus dem Eck klimperte es auch ab und an wie nach dem wie das Schiff leicht unter der See wankte. Ich vermutete das es Flaschen waren, vermutlich wie man Piraten eben kannte alles Flaschen voll mit Alkohol. Sonst war nicht sonderlich viel hier vorzufinden, einzig ein Putzeimer rutschte ab und an leicht im Takt der wohl heute doch etwas unruhigeren See \u00fcber den Boden. Weitere Minuten vergingen und ich kannte den Raum derweil wohl auswendig, w\u00e4hrend das Scharren und Klimpern der Kisten und Flaschen mir allm\u00e4hlich auf den Geist ging. Ich wollte raus hier und zwar schnell, denn das eingesperrt sein machte mich wirklich kirre! Vor allem auch die Ungewissheit, da ich absolut nicht sehen konnte was drau\u00dfen vor sich ging. \u201eLasst mich raus!\u201c rief ich bittend und hoffte das selbst Piraten ein klein wenig Herz und Erbarmen \u0001 \u0002 lauschte kurz vernahm aber keine Schritte, es tat sich einfach nichts. Ich konnte doch ohnehin nicht fliehen also konnten sie mich doch wenigstens an Deck lassen. Ich wusste weder mit irgendeiner Waffe umzugehen noch konnte ich sonst irgendwohin. Wenn ich \u00fcber Bord sprang w\u00e4re es mein eigener Tod und ich alleine deren Schiff kapern war ebenso unm\u00f6glich, davon abgesehen das man alleine erstrecht kein solch gro\u00dfes Schiff segeln konnte. Erneut schrie ich und bat darum, dass man mich hinauslie\u00df aber erneut kam keine \u0001 \u0002 Wut schlug ich leicht gegen das Eisengitter \u201ePendejos!\u201cAls ich jedoch bemerkte was f\u00fcr ein Wort ich in den Mund genommen hatte, hielt ich mir diesen zu. Jetzt hoffte ich, dass niemand auf diesem Schiff spanisch verstand, denn sonst k\u00f6nnte mir drohen, dass man mir die Zunge f\u00fcr solch eine Beleidigung herausschnitt. Dem Piratenpack war es jedenfalls zuzutrauen. Doch wie auch zuvor erklang ohnehin kein Ton und keine Schritte. Wie lange es wohl dauern w\u00fcrde, bis sie mich herauslie\u00dfen? Kurz kam ein Seufzen \u00fcber meine Lippen und ich lehnte mich wieder mit dem R\u00fccken gegen die T\u00fcr. Zwar h\u00e4tte ich eh nie mehr eine solche Freiheit wie ich sie damals hatte, denn sobald ich bei meinem Onkel w\u00e4re, w\u00e4re ich ebenfalls in einem goldenen K\u00e4fig aber doch nicht ganz so eingesperrt wie hier nun. Mein Onkel konnte nichts daf\u00fcr und ich wusste, dass er mir jederzeit meine Freiheiten erlauben w\u00fcrde, insofern es m\u00f6glich war aber dennoch sobald man auf feinem Hofe war, konnte man eben nicht zu jeder Zeit seine Freiheiten ausleben so wie ich es von meinem Elternhaus kannte. Es w\u00e4re also nicht seine Schuld und er riskiert nun mal schon viel seines Ansehens, schon alleine darin, dass er mich zu sich holt. Ich wollte mich also dankbar zeigen und ein angemessenes Benehmen an den Tag legen. Viel mehr sorgte ich mich um all die andren Engl\u00e4nder die mich sicherlich absch\u00e4tzend be\u00e4ugen w\u00fcrden und vor denen ich mich eben mit gutem Benehmen beweisen m\u00fcsste, um vielleicht akzeptiert zu werden. Mein Onkel war also erst einmal die einzige Anlaufstelle bei der ich frei sein konnte und bei dem ich wusste, dass er mich nicht absch\u00e4tzen w\u00fcrde. Nat\u00fcrlich w\u00e4re ich lieber in Havana geblieben, aber ich war ihm nicht b\u00f6se um seine Entscheidung denn es war vermutlich die Richtige und Wahre die er als Onkel treffen konnte. Er hatte eben nicht als Gouverneur entschieden sondern als Onkel und das bedeutete mir viel. Er w\u00fcrde es dank mir sicherlich nicht leicht haben, aber James Hemingway ist ein starker Mann, jedenfalls hatte ich immer einen solchen Eindruck von ihm gehabt. Selbst meine Mutter hatte anfangs immer gesagt, dass er ihre Heirat damals nicht f\u00fcr gut befunden hatte, dass sie eben einen Spanier zum Mann hatte, aber er war dann doch oft zu Besuch gekommen. Und je \u00f6fter er zu Besuch war, je mehr hatte ich das Gef\u00fchl, dass er uns als Familie akzeptiert hatte. Wenn er mich sah, hatte er immer gel\u00e4chelt und alles vergessen und ich war immer froh gewesen wenn er kam, wenn er den weiten Weg in kauf nahm, auch wenn er leider nicht allzu oft zu Besuch kam, eben weil er sehr besch\u00e4ftigt war. Ich hatte also vermutlich nicht mal ann\u00e4hernd eine Ahnung wie hart es f\u00fcr ihn immer gewesen sein musste zwischen uns und dem Gerede der Kolonialm\u00e4chte zu stehen. Er hatte immer einen strammen R\u00fccken und war ein ehrenvoller Mann. Ich sah ihn immer bewundern an, nat\u00fcrlich nur noch mehr bewundert hatte ich meinen Vater aber ich wollte immer ein wenig wie sie beide sein. Ein Seemann wie mein Vater und jemand ehrenvolles der f\u00fcr Gerechtigkeit und eine neue Zukunft k\u00e4mpft wie James Hemingway. Ich war \u00fcberzeugt, dass er ein guter Mann war und mit ihm sah ich auch etwas die Hoffnung, dass er Spanien und England vielleicht zusammenbringen konnte. Vielleicht konnte auch ich meinen Teil dazu beitragen, dass w\u00e4re ein Traum. Aber f\u00fcr den Moment hatte ich ganz andere Sorgen als mir \u00fcber Tr\u00e4ume Gedanken zu machen. Mein Blick schweifte abermals durch den Raum und ich blieb letztendlich bei der \u00d6llampe h\u00e4ngen in dessen flackernde Flamme ich mich versah. Es war die einzige Lichtquelle und somit auch das einzige was W\u00e4rme ausstrahle. Dadurch z\u00fcndete irgendwie dieses kleine Fl\u00e4mmchen Hoffnung in mir. Ich verlor mich wirklich in dem sorgsamen treiben der orangen und gelben Farben. Tr\u00e4umte wieder von der Vergangenheit und meiner dort noch heilen Familie. Als ich jedoch pl\u00f6tzlich Schritte vernahm erwachte ich aus meinen Gedanken und befand mich nun wieder in meiner Gef\u00e4ngniszelle. Die Schritte kamen deutlich n\u00e4her, das dunkelbraune Holz des Schiffes knarrte leicht unter den n\u00e4herkommenden Stiefeln. Dann kam tats\u00e4chlich auch ein Mann die Stufen hinunter in den Raum in dem ich mich befand. Im ersten Moment empfand ich Freude, doch schon im n\u00e4chsten schluckte ich schwer und merkte wie meine H\u00e4nde leicht schwitzig wurden. Mein Blick f\u00fcllte sich mit einer Mischung aus Angst, Flehen und Unsicherheit. Er lehnte sich kurz an den Balken an der die \u00d6llampe hang und sah mich von dort dunkel heraus an. Seine tief dunkelbraune Haut war in dem dunklen Raum wahrlich wie schwarz, daf\u00fcr stachen seine wei\u00dfen Aug\u00e4pfel umso mehr heraus. Seine eine Gesichtsh\u00e4lfte wurde von der Flamme leicht angeleuchtet und ich erkannte die dicke Narbe die auf seiner Wange prangte. Auch der Rest seiner einen K\u00f6rperh\u00e4lfte wurde noch leicht von der Flamme angestrahlt und ich erkannte wie seine Muskeln Schatten schlugen und er am Oberarm wohl auch ein Tattoo trug. Er grinste und bleckte seine wei\u00dfen Z\u00e4hne, wobei er auch zwei drei vergoldete trug. War er gekommen um mich rauszulassen oder doch eher um mich zu t\u00f6ten? Irgendetwas Schreckliches mit mir anzustellen? \u201eDer Captain m\u00f6chte Euch sehen.\u201c verk\u00fcndete er dann und stie\u00df sich mit der Schulter von dem Balken ab ehe er zu mir kam und dann mit dem Schl\u00fcssel vor mir kurz \u0001 \u0002 war kurz etwas irritiert warum ich denn nun zum Captain beordert wurde wo sie mich doch erst in das dunkle Loch geschmissen hatten. Ich hatte zwar jegliches Zeitgef\u00fchl hier unten verloren und auch wenn es mir wie Tage vorgekommen war glaubte ich nicht, dass wir wirklich schon so lange unterwegs waren. Vermutlich waren gerade Mal wenige Stunden vergangen seit dem man mich hier eingesperrt hatte. Mit einem leisen Quietschen \u00f6ffnete sich die Eisent\u00fcr und ich konnte endlich hinaus aus dieser Zelle. Dennoch sah ich nochmal pr\u00fcfend und unwohl zu dem Piraten aber er sah nur zu mir zur\u00fcck und wartete bis ich den ersten Schritt tat. Ich trat hinaus und er zeigte nur mit einer Kopfbewegung ich solle voraus gehen an Deck. Ich tat wie befohlen, lief voraus hatte aber immer ein ungutes Gef\u00fchl einen Piraten hinter mir zu wissen, denn solchen Leuten kehrte man besser nicht den R\u00fccken. Es brachte mir wirklich eine G\u00e4nsehaut ein, seine Pr\u00e4senz nahezu in meinem Nacken zu sp\u00fcren und wie seine Schritte direkt hinter mir erklangen. Ich \u00f6ffnete die h\u00f6lzerne Luke und sofort kam mir gleisendes Licht entgegen das grell in meine Augen stach von der Dunkelheit. Ich kniff sie erst einmal fest zusammen und brauchte einen Moment mich wieder an die Helligkeit zu gew\u00f6hnen, ehe ich dann hinaus trat an Deck. Sofort sp\u00fcrte ich eine Erleichterung und ein Gef\u00fchl an Freiheit. Erst jetzt bemerkte ich wieder wie stickig es dort unten auch gewesen war und wie frisch die Luft hier oben. Die Sonnenstrahlen kitzelten freundlich meine Haut und wir befanden uns wohl in der kraftvollen Mittagssonne die sich fast schon wieder mehr gegen Abend wohl neigte. Ich war fr\u00fch am Morgen davon gesegelt, am Abend wurde unser Schiff geentert und nun war bald schon wieder Abend. Ich war also doch fast einen ganzen Tag in diesem stickigen, dunklen Drecksloch \u0001 \u0002 oben herrschte reges Treiben. Viele Menschen liefen \u00fcbers Deck und k\u00fcmmerten sich um die verschiedensten Sachen. Ich h\u00e4tte mich noch genauer umgesehen wenn der dunkelh\u00e4utige Pirat mich nicht etwas angesto\u00dfen h\u00e4tte damit er wieder meine Aufmerksamkeit erlangt. Er zeigte hoch zum Steuerruder und wollte mir damit wohl sagen, dass ich dorthin zu gehen hatte, da der Captain ja nach mir verlangte. Er lie\u00df mich jedoch dann hier stehen und schien wieder an seine Arbeit zu \u0001 \u0002 eine dunkle Haut wie er hatte, war er sicher ein Afrikaner, vielleicht sogar einst ein Sklave gewesen ehe er sich der Piraterie zugewandt hatte. So war jedenfalls meine Vermutung. Allgemein schien hier auf der Brigg ein bunter, zusammengew\u00fcrfelter Haufen Menschen sich zu befinden. Ich entschied mich jedoch brav der Anweisung zu folgen und schritt die Stufen hinauf zum Steuerruder des Achterdecks. Dort stellte ich mich abwartend neben den Mann dem ich hier alles zu verdanken hatte. Dieser wei\u00df, blaue Manteltr\u00e4ger der wie ich schon von Anfang vermutet hatte tats\u00e4chlich der Captain war. Er, der mir mein wertvollstes und einziges Erinnerungsst\u00fcck genommen hatte. Er beachtete mich kaum und hielt mit einer Hand das Steuerrad fest. Sein Blick lag auf dem Ozean der sich langsam schon in ein orange tauchte. Ich schaute ihn auch nur von der Seite heraus an und fragte mich wieder was er wirklich von mir wollte, warum er mich als einzige mitgenommen hatte. Nach unz\u00e4hligen Minuten nahm er endlich seinen Blick vom Ozean und sah feixend zu mir.\u201eWillkommen an Bord der Hawkbeak.\u201c sagte er und f\u00fcgte leicht sarkastisch an \u201eIch hoffe Ihr habt einen netten Aufenthalt hier, Missy.\u201c\u201eZu G\u00fctig von Euch.\u201c gab ich nur etwas knapp und verbissen \u0001 \u0002 schien allerdings gefallen an meinem zynischen Ton zu haben und ich sah wie er sich gar ein lauteres Lachen verkneifen musste. Sein Blick wandte sich von mir wieder ab gen den Horizont\u201eAlso Missy.\u201c begann er ehe er aus seiner Manteltasche meine Kette zog und dann wieder eingehen zu mir \u0001 \u0002 betrachtete das geschlossene Medaillon was in der Luft baumelte ehe ich w\u00fctend aber abwartend zu ihm \u0001 \u0002 winkte kurz mit der Hand seinen Nebenmann her und gab an diesen das Steuer ab ehe er sich mir nun ganz zuwenden konnte. \u201eSagt, wusstet Ihr von dem Geheimnis eures Vaters?\u201c fragte er ehe er das Medaillon in seine Hand gleiten lie\u00df und es \u0001 \u0002 Augen wurden gro\u00df, weniger \u00fcber die Frage sondern mehr \u00fcber die Tatsache das er gerade meinen Vater ansprach.\u201eIhr kanntet meinen Vater?!\u201c fragte ich \u0001 \u0002 \u00fcberrascht \u00fcber meine Lautst\u00e4rke sah er kurz wieder auf, zuckte dann aber lediglich mit den Schultern \u201eFl\u00fcchtig. Vielleicht eher kurze Bekannte. Wir haben uns vor ein paar Jahren in Nassau getroffen.\u201cIch war wahrlich geschockt und wusste nicht ob ich dem wirklich glauben sollte, aber warum sollte er mir gerade eine L\u00fcgengeschichte auftischen? Andererseits war er Pirat und dieser Sorte konnten man nie trauen. Ich war wirklich verwirrt. Beobachtete ihn nur etwas abweisend wie er sich wieder der Kette zuwandte und seine Finger \u00fcber den Rand des ovalen Anh\u00e4ngers glitt. \u201eIhr seid wirklich zu einer jungen, h\u00fcbschen Frau heran gewachsen.\u201c sagte er beil\u00e4ufig als er das Familienfoto wohl \u0001 \u0002 ging allerdings nicht darauf ein, denn ich war noch zu sehr von seinen zu vorigen Worten verwirrt. Auch als er ein kleines Messer hervorzog, reagierte ich nicht und nahm es auch erst gar nicht wahr. Erst als er mit dem Messer am Rande des Medaillons herumspielte erwachte ich aus meiner Starre.\u201eMacht es nicht kaputt!\u201c schrie ich, denn es war mir wirklich viel \u0001 \u0002 noch bevor ich h\u00e4tte einen Satz nach vorne machen k\u00f6nnen um ihm die Kette zu entrei\u00dfen, trennte sich, mit einem kleinen Klacken, das Bild aus dem inneren des Ovals. Er hob es an und nahm das Bild heraus, w\u00e4hrend ich ihn nur fragend anstarrte. Ein zufriedenes Grinsen stahl sich auf seine Lippen, w\u00e4hrend meine Verwirrung immer gr\u00f6\u00dfer wurde. Unter dem Bild war wohl ein kleiner Hohlraum und eben genau darin lag ein kleiner zusammen gefalteter Zettel. Ein alter Fetzen Papier wohl, total zerknittert und sch\u00f6n br\u00e4unlich gef\u00e4rbt. Man hatte es so klein zusammen gefaltet wie es eben nur ging und in diesen Hohlraum gequetscht. Woher hatte er davon nur gewusst? Er lie\u00df einen spielerischen Pfiff verlauten als er das kleine zusammengefaltete St\u00fcckpapier in H\u00e4nden hielt und es langsam, sowie vorsorglich auseinander faltete.\u201eWas ist das?\u201c fragte ich nur.\u201eDen Hinweis nach dem ich gesucht habe.\u201c gab er schlicht zur\u00fcck, was allerdings f\u00fcr mich kaum Aussagekr\u00e4ftig \u0001 \u0002 wollte mich weiter vorbeugen um auch einen Blick auf den Fetzten zu erhaschen aber noch bevor ich das konnte, hatte er das St\u00fcck wieder zusammengelegt und in seine Manteltasche \u0001 \u0002 sah ihn b\u00f6se und vernichtend an aber das schien ihn kalt zu lassen, im Gegenteil es schien ihn mehr zu am\u00fcsieren.\u201eWarum habt Ihr mich entf\u00fchrt und wieso kennt Ihr meinen Vater? Woher wusstet Ihr von dem Versteck in meinem Medaillon?\u201c fragte ich munter drauf los, alles was meinen Kopf plagte aber er grinste nur wieder schelmisch.\u201eAlles zu seiner Zeit.\u201c antwortete er schlicht und wollte sich mir wieder abwenden, wieder das Steuer \u00fcbernehmen aber ich hielt ihn auf als ich ihn am Arm packte.\u201eIch habe ein Recht darauf zu erfahren warum ich hier bin!\u201c Er lachte nur leicht rau \u201eIhr seid auf einem Piratenschiff. Genau genommen haben dort Gefangene keine Rechte.\u201c\u201eAber Ihr kanntet meinen Vater!\u201c protestierte ich. Er seufzte leicht, da er wohl erkannte, dass ich wohl nicht so schnell ruhe geben w\u00fcrde \u201eWie bereits gesagt, alles zu seiner Zeit. Sobald wir in Nassau sind, werde ich Euch einweisen.\u201cIch blinzelte nur verwundert, denn zum einen warum wartete er bis dorthin und zum anderen, wir waren auf dem Weg nach Nassau? Nassau war bekannt f\u00fcr eine beliebte Piratenstadt, ebenso wie es Tortuga wohl war. Nassau war frei von der Krone eben weil sich daraus eine Piratenrepublik gegr\u00fcndet hatte. Wie mir allerdings zu Ohren gekommen war sollten die Leute dort sehr Arm leben und die Piraten eben dort ihren Handel haupts\u00e4chlich betreiben. Nassau war schon lang ein Dorn im Auge der Gouverneure aber momentan waren sie mehr im spanisch-britischen Krieg besch\u00e4ftig als dass sie sich um Piratenjagd und deren Republik k\u00fcmmern konnten. Allerdings war ich mir sicher, dass die Zeit kommen w\u00fcrde wo die Piraten ihre gro\u00dfen Schwierigkeiten mit den Piratenj\u00e4gern und dem Gesetz kriegen w\u00fcrden. \u201eAlso, Miss Santos, nicht wahr?\u201c fragte er dann ohne aber eine Antwort abzuwarten \u201eIch w\u00fcrde Sie nun wieder bitten in eure Brick zu gehen.\u201cIch sah aus dem Blickfeld nur wie dieser dunkelh\u00e4utige Pirat wieder auf mich zukam aber ich wollte nicht wieder in dieses dunkle, Drecksloch. \u201eNein, bitte wartet!\u201c rief ich und tats\u00e4chlich erlangte ich wieder seine Aufmerksamkeit \u201eIch kann ohnehin nicht fliehen, also bitte ich Euch mich wenigstens an Deck zu lassen.\u201cEr schien kurz abzuw\u00e4gen, musterte mich auch nochmal schien dann aber selbst einzusehen das von mir keine Gefahr ausging. Er nickte dem anderen nur zu ehe er mir einwilligte, mich in Freiheit auf dem Schiff zu lassen. Ich war wirklich unheimlich erleichtert und froh dar\u00fcber wenigstens an der frischen Luft sein zu k\u00f6nnen und nicht wieder runter in den dunklen K\u00e4fig zu m\u00fcssen. \u201eIch danke Euch.\u201c sagte ich h\u00f6flich f\u00fcr seine Einsicht und immerhin einer Nettigkeit, dass auch noch von einem Piraten. \u201eMein Name ist Jack Hayden.\u201c verk\u00fcndete er dann \u00fcberraschend und warf mir ein weiteres nettes L\u00e4cheln \u0001 \u0002 bekam fast einen Hauch an Sympathie von ihm ab aber ich durfte nie aus den Augen verlieren, dass sie alle hier Piraten waren, dass ihre Sorte gemein und intrigant war. Ich durfte nicht unaufmerksam werden nur aufgrund kleiner Nettigkeiten, denn das machte die meist langen S\u00fcnden eines Piraten auch nicht wett.\u201eRaven Santos.\u201c gab ich dennoch zur\u00fcck und verriet ihm meinen ganzen Namen, immerhin war es egal ob er ihn wusste oder nicht, es war mehr auch einfach ein \u0001 \u0002 war ich froh genug gerade vom eingesperrten Gefangenen zum herumlaufenden Gefangenen bef\u00f6rdert worden zu sein. ------- Leseprobe Ende-----------------------Danke dass ihr bis hier hin gelesen habt, schaut doch noch beim n\u00e4chsten Kapitel vorbei um mehr \u00fcber mich und dieses Projekt zu erfahren :) Ich hoffe sehr die Leseprobe hat euch gefallen und angesprochen, vielleicht hab ich eure Interesse geweckt? Hinterlasst mir doch einfach ein Kommentar oder gerne auch eine pers\u00f6nliche Nachricht. Ich w\u00fcrde gern bezugsnah mit meinen Lesern agieren, so wei\u00df ich wie der Eindruck bei euch ankommt, was Gut und was Schlecht ist etc. Das w\u00e4re sehr hilfreich.",
            "wordcount": "6.670",
            "chapter_release": "30.08.2016",
            "chapter_number": "2"
        },
        "3": {
            "text": "Dies war eine Leseprobe zu meinem Buch On theHorizonunderthe Black Flag - Treasure of Cortez, danke das ihr reingelesen habt und wenn es euch bis hier hin gefallen hat, dann w\u00fcrde es mich sehr freuen wenn ihr hier mein Buch kaufen w\u00fcrdet aber vorher w\u00fcrde ich gerne noch ein paar Worte sagen:Ich liebe das schreiben und mein Traum ist es Schriftstellerin zu werden daher habe ich nun den Schritt gewagt endlich mein erstes Buch zu ver\u00f6ffentlichen. Ich hatte es die letzten Jahre nicht leicht und auch jetzt noch nicht da meine Jobsuche ein absoluter Reinfall ist und daher nun meine letzte Hoffnung nun die Selbst\u00e4ndigkeit ist und diese Hoffnung habe ich im Schreiben gefunden. Aber dieses Buch ist viel mehr als nur meine \u00dcberlebenssicherung, denn ich m\u00f6chte dass ihr einfach Spa\u00df an dem Buch habt, dass es euch unterh\u00e4lt und dass man \u00fcber meine Charaktere redet. Diese Vorstellung ist einfach gro\u00dfartig. Mir sind die zwei Protagonisten Raven de Santos und Jack Hayden wirklich sehr ans Herz gewachsen und ich hoffe euch ergeht es nicht anders, dass ich euch mit ihnen genauso begeistern kann wie mich selbst. Ich w\u00fcrde mich daher echt sehr freuen wenn ihr mir bzw. den Charakteren, meinem Buch eine Chance gebt und mir es erm\u00f6glichen w\u00fcrdet, dass ich auch einen zweiten Teil ver\u00f6ffentlichen kann, denn wie gesagt mir sind die Charaktere besonders ans Herz gewachsen und ich w\u00fcrde mir w\u00fcnschen, dass es euch ebenso ergeht. Ich bin daher auf euch angewiesen, auf euer Fazit und eure Meinung, die ich auch sehr begr\u00fc\u00dfen werde. Teilt mir einfach mit, ganz gleich ob positiv oder negativ, damit ich es im zweiten Teil oder anderen B\u00fcchern besser machen kann. Mit jeder Erfahrung mehr w\u00e4chst die Qualit\u00e4t und daher hoffe ich, dass ihr mich darin unterst\u00fctzt, damit ich vielleicht ein noch besseres Buch, einen noch besseren zweiten Teil erschaffen kann. Ich hab mich bei etlichen Verlagen beworben aber keiner wollte so richtig an mein Buch glauben, die meisten Lektoren gaben mir als Antwort, hey das Buch ist sehr interessant und hat potenzial aber dennoch glauben wir nicht, dass es auf dem hartumk\u00e4mpfen Buchmarkt bestehen kann und die Verlage die mein Buch mit offenen Armen begr\u00fc\u00dften wollten von mir Kostenvoranschl\u00e4ge die ich nie im Leben mir leisten k\u00f6nnte und ich au\u00dferdem f\u00fcr abzocke halte. Also dachte ich mir als letzten Weg, selfpublishing. Ich bin von meinem Buch \u00fcberzeugt und ich m\u00f6chte diesen d\u00e4mlichen Verlagen das Gegenteil beweisen und vor allem ist es eben mein Hoffnungsschimmer etwas zu erreichen und meine finstere Zukunft heller erscheinen zu lassen. Das gro\u00dfe Problem, ich muss mein Buch nat\u00fcrlich selbst bewerben mit allen mitteln, denn sonst erf\u00e4hrt ja niemand \u00fcber mein Buch daher tu ich das unter anderem hier, denn was f\u00fcr M\u00f6glichkeiten habe ich gro\u00df? Also hoffe ich keiner nimmt es mir \u00fcbel. Weiter im Text, ich hab also den Schritt gewagt selfpublishing zu machen und w\u00fcrde mich echt riesig \u00fcber Feedback freuen, freuen wenn mir Leute schreiben hey ich hab dein Buch gekauft und es ist gro\u00dfartig etc. Das w\u00fcrde mich freuen, denn dann w\u00fcsste ich, dass ich wenigstens etwas kann und mit dem Schreiben richtig lag, denn das Schreiben begleitet mich nun schon so lange durch mein Leben und ich bin wirklich mit Herzblut dabei vielleicht oder eher hoffentlich merkt man das auch an meinem Buch. Das Schreiben unterst\u00fctzt mich in allen Lebenslagen, wenn ich traurig bin, w\u00fctend oder gl\u00fccklich, ich schreibe so viel wenn der Tag lang ist und da ich es momentan nicht leicht habe und ich wei\u00df, dass viele andere Menschen es auch nicht leicht haben, w\u00fcnsche ich mir, euch einfach mit in meine kleine Fantasy-Welt nehmen zu k\u00f6nnen und euch etwas Freude zu bereiten, etwas Ablenkung. Denn die Fantasy ist ein wundervoller R\u00fcckzugsort, wenn man Schreibt oder Liest, dann kann man in andere Welten abtauchen und in andere Charaktere schl\u00fcpfen, weit weg von der Realit\u00e4t und deren Probleme. Ich w\u00fcrde mich wirklich \u00fcber euren Support und vor allem auch euer Feedback freuen und vielleicht empfehlt ihr das Buch ja weiter und erm\u00f6glicht mir, dass ich noch weitere meiner Werke zuk\u00fcnftig ver\u00f6ffentlichen kann. Nun zum Link, hier k\u00f6nnt ihr mein Buch finden :)http://\u0001 \u0002.de/b/7242283-on-the-horizon-under-the-black-flag",
            "wordcount": "705",
            "chapter_release": "30.08.2016",
            "chapter_number": "3"
        }
    },
    "title": "On the Horizon under the Black Flag",
    "topic": "unspecified",
    "release": "\n30.08.2016\n\t\t\t\t\t\t",
    "author": "AngelNi"
}