{
    "tags": [],
    "chapcount": "8",
    "wordcount": "11.385",
    "chapters": {
        "1": {
            "text": "\u2026Kurzbeschreibung:'Wenn eine Frau in die K\u00fcche geh\u00f6rt, dann geh\u00f6rt der Mann mit nem Speer in die Wildnis geschickt zum Mammut jagen' ... (ich denke, du findest den Humor, der nicht nur zwischen den Zeilen steckt) ... Eine Geschichte aus der Steinzeit, rund um beschriftete Steintafeln, J\u00e4ger, die rechts nicht von links zu unterscheiden wissen und sich lieber von den Krokodilen fressen lassen. Und vom ganz normalen Unsinn des steinzeitlichen Lebens. Geboren ist die Geschichte, aus einem Spruch, der mir dankenswerterweise zur Verf\u00fcgung gestellt wurde. Eine andere Version bringt zum Ausdruck, das der S\u00e4belzahntiger einfach nur zum Zahnarzt wollte und der Zahn wegen F\u00e4ule sowieso ausgefallen w\u00e4re \u2026 wenn dich also jemand anbr\u00fcllt, kann das auch vor Schmerz sein. Ein bissel Geschichtsf\u00e4lschung mu\u00dfte ich wegen der K\u00fcrze dieser Steinzeitgeschichte auch betreiben, allein schon deswegen, weil wir beinahe nichts wissen, gemessen an der langen Dauer des als 'Steinzeit' benannten Zeitraums - ich kann nur versprechen, die Neandertaler, die Urmenschen und die Denisova\u00b4s ordentlich durcheinanderzuwirbeln \u2026 Cro-Magnon w\u00e4re noch so eine Art \u2026 hab Spa\u00df, oder widme dich den Krokodilen ;)\u2026 Nachdenklichkeiten - Steinzeit RosenVorwort \u2013 PrologSteinzeitDies ist eine kleine Geschichte, geboren aus einem Kapitel meiner 'Nachdenklichkeiten'Letztes Argument eines Kindes, Heranwachsende kurz vor dem dreizehnten Sommer, in einem freundlich gef\u00fchrten Gespr\u00e4ch wegen irgendeiner Kleinigkeit: \u201ePapa, du mu\u00dft auch dran denken, ich bin in der Pubert\u00e4t!\u201cDer Papa stutzt innerlich. Er wei\u00df genau, er hat jetzt nur Sekunden Zeit, um DARAUF eine Antwort zu erfinden \u2026 \u201eDu hast aber auch schon bessere Ausreden gehabt.\u201c, gibt er f\u00fcnf Sekunden sp\u00e4ter, oder auch nur drei, Zeit ist relativ, zur\u00fcck. Und in den folgenden f\u00fcnfzehn Sekunden Stille, nimmt er wahr, seine Fast-und-Adoptivtochter, best friend mit der eigenen seit dem Sandkasten, steht lauschend in der T\u00fcr. Diese lebt auf recht theatralische Weise ihre Pubert\u00e4t der Mutter gegen\u00fcber aus. Im Gespr\u00e4ch jedenfalls, ging es wirklich um nichts Besonderes und um so Themen wie Pubert\u00e4t gleich gar nicht. F\u00fcnfzehn geschlagene Sekunden lang - Stille. Beinahe blickloses einander anschauen, auch der Vater denkt angestrengt weiter nach. So ein Gespr\u00e4ch kann man durchaus mit einem Schachspiel vergleichen. F\u00fcnfzehn Sekunden - \u201ePapaaa!!!\u201c. Ein halber Protestschrei. Und gegenseitig angrinsen danach. Sie wei\u00df, dass er wei\u00df, dass sie wei\u00df - das mit der Pubert\u00e4t war ein bescheuertes Argument. Weil es in keinster Form zum Thema passte. Und kein Jahr sp\u00e4ter hatte das Kind gelernt, das sie sich mit ihrem Papa \u00fcber - wirklich - jedes Thema und ganz normal unterhalten kann. Um in einem der vielen Gespr\u00e4che miteinander, den Satz zu pr\u00e4gen, der hier in der Geschichte zum ersten Satz wurde. Mit den von mir stammenden n\u00e4chsten beiden S\u00e4tzen, als Antwort darauf, begann die Story um die \u0001 \u0002 Rosen'Wenn eine Frau in die K\u00fcche geh\u00f6rt, dann geh\u00f6rt der Mann mit nem Speer in die Wildnis geschickt, zum Mammut jagen'Da nehm ich lieber nen Faustkeil und ritze Worte in die Steine \u2026 Und hab ja ne Amazone, die das mit der Jagd erledigen \u0001 \u0002. Eh du nachfragst. Steinzeit! Ich im Sonnenschein vor der H\u00f6hle. Eine nette Dame f\u00e4chelt frische Luft zu. Eine weitere, h\u00e4lt den Sonnenschirm. Die n\u00e4chste, muss aus s\u00fc\u00dfem Grund geschont werden und lenkt sich derweil mit kochen ab. *** *** ***Meine Kristallkugel, durch die hindurch ich in die Steinzeit zur\u00fcckschaue, hat Ecken. Von daher ergeben sich vielf\u00e4ltige M\u00f6glichkeiten. Was alles man aus meinen vorangestellten Antworts\u00e4tzen \u2013 zu sehen bekommen k\u00f6nnte. Die wild aufeinander einschlagenden Steinzeithorden lasse ich mal au\u00dfen vor. Schon damals ging es bei so Schl\u00e4gereien eher um Dinge die man zusammenfassend, als zu viele Hormone beim vom Ego gesteuerten M\u00e4nnlein ansehen \u0001 \u0002. M\u00f6glichkeit: Die Amazone kommt zur\u00fcck ... kleiner Ehestreit ... die Schwiegers\u00f6hne ihrer T\u00f6chter taugen (fast) gar nix f\u00fcr die Jagd - der alte Herr muss doch noch einmal nen Volkshochschullehrgang abhalten ...2. M\u00f6glichkeit: Die M\u00e4dels um den geruhsam mei\u00dfelnden alten Herrn: \"Paps, wann ist der Hausarrest vorbei? Wir wollen endlich wieder Mammuts jagen!\"3. M\u00f6glichkeit: (na egal wie, die bei der H\u00f6hle befindlichen M\u00e4dels sind auf jeden Fall die T\u00f6chter) 4. Der alte Herr hat mit einem Mal, aus welchem Grund auch immer Wut ... wirft die Faustkeile wild durch die Gegend ... (die b\u00f6se b\u00f6se Steinplatte soll ja ganz bleiben, denn dein Monitor kann auch nix daf\u00fcr, dass er zum Beispiel genau jetzt solchen Bl\u00f6dsinn ertragen muss)\u0001 \u0002 Schmei\u00dfen? Die Faustkeile treffen (aus Versehen nat\u00fcrlich) den herbeigeschlichenen S\u00e4belzahntiger ... und ... brechen die Z\u00e4hne des Tigers ab. Worauf sich die jungen Amazonen freuen, denn damit k\u00f6nnen sie hervorragende Speere basteln, mit denen dann endlich wieder auf Mammutjagd gegangen werden kann ... Bitte, die Sprache, in der sich die Menschen in der Steinzeit unterhielten, die Fragmente dessen, was erhalten blieb, ich habe mich bem\u00fcht in Worte umzusetzen, die heute gebr\u00e4uchlich \u0001 \u0002 bitte immer daran denken!\u0001 \u0002 etwa \u2026 \u0001 \u0002 ... Jahren - auf ein paar mehr oder weniger kommt\u00b4s nicht drauf an, es ist auch dort, damals, jetzt, f\u00fcnf vor zw\u00f6lf. Mittagszeit, also \u0001 \u0002. - wenn auch der Ort, Gegend, Kontinent, na GPS gab es nur seitens der ET und die Uhr mu\u00dfte ebenso erst noch erfunden werden. Man richtete sich nach dem Stand der Sonne, wenn man die nicht sah, nach dem Ablaufwechsel h\u00f6rbarer Dinge, wie Stimmen und Aktivit\u00e4ten von Tieren. Wenn es Dunkel wurde, ging es unter die Felldecken. Der Eingang zu den H\u00f6hlen wurde verrammelt, schlie\u00dflich leuchteten Lagerfeuer meilenweit ins Land. Welches nicht nur untaugliche M\u00f6chtegernschwiegers\u00f6hne anlockte.*** *** ***\u0001 \u0002 \u2026 \u0001 \u0002.000 ... bis \u2026. 12000 ...... Jahren. Vor dem heutigen Datum!So weit das Auge reicht, ein und dasselbe Zeitalter, und bei klarem Wetter sicher noch sehr weit bis \u00fcber den Horizont hinaus. Bis zum \u0001 \u0002? Der Kerl vor der H\u00f6hle weis gar nicht das es einen gibt!\u0001 \u0002 Moos begonnen, bis zu beinahe himmelhohen B\u00e4umen, w\u00e4chst alles nach dem Plan von X wohlgeordnet chaotisch \u2026 (von der Chaostheorie hat der Kerl auch noch nichts geh\u00f6rt, der kennt nur Blitz und Donner, heftige Regeng\u00fcsse, streitende, z\u00e4nkische \u2026 nun ja. Auf jeden Fall ist er froh, das - sein weiblicher Gegenpart viel lieber auf Jagd geht)Also DIE Steinzeit!Nicht \u2013 \u0001 \u0002 STEINZEIT*** *** ***der Plan von X \u2026 Ich lasse die Frage offen, wer denn nun alles 'erschaffen' haben mag. Deswegen das X \u2026 Darf man davon ausgehen, das, alles was Mensch nicht erkl\u00e4ren kann, oder m\u00f6chte, mit dem Wort Gott bezeichnet? Seit die Steinzeit vor angenommenen 2, 6 Millionen Jahren begann - bis heute.\u2026",
            "wordcount": "1.057",
            "chapter_release": "07.11.2021",
            "chapter_number": "1"
        },
        "2": {
            "text": "\u2026 02 ... Zum wiederholenden einpr\u00e4gen: DIE Steinzeit!Nicht \u2013 \u0001 \u0002 \u0001 \u0002 der kleinsten M\u00fccke bis zu den riesig gro\u00dfen Mammuts erfreut sich alles gro\u00dfe und kleine Getier seines \u0001 \u0002 ich erw\u00e4hnen, dass es gar nicht sooo friedlich zugeht? Wie der ruhig im Fr\u00fchlingssonnenschein zu sommerlichen Temperaturen liegende Dschungel den Anschein \u0001 \u0002! Ein Ast erwacht aus seiner Starre und bewegt sich. Blitzschnell. Es war eine dicke Schlange, die noch l\u00e4nger werden \u0001 \u0002 was macht schon eine Maus weniger?Fressen und gefressen werden ist grundlegendes \u0001 \u0002 leben die alle ja nicht umsonst in der \u0001 \u0002 werden in derselben \u0001 \u0002 ganz ohne Grund hat die Schlange den vorbei und \u00fcber sie hinweg laufenden Leckerbissen nicht verschm\u00e4hen k\u00f6nnen. Wieviele W\u00fcrmer, Engerlinge, Larven, ganz zu schweigen von all dem Gr\u00fcnzeug, wird die Maus in ihrem eh bald zu Ende gehenden Leben schon gefressen haben? Au\u00dferdem! Wer w\u00fcrde sich nicht in seiner Ruhe gest\u00f6rt f\u00fchlen wenn wer \u00fcber einen hinwegtrampelt?Das sind Dinge, die sich nie ge\u00e4ndert \u0001 \u0002 der Steinzeit. (oder schon ein wenig eher begonnen, ein paar Jahrmillionen, oder so)Habe ich schon das GR\u00d6SSTE und GEF\u00c4HRLICHSTE Tier dieser Zeit erw\u00e4hnt?Ja? Sagst du! Ganz sicher, dass wir beide jetzt dasselbe meinen?Vergiss den S\u00e4belzahntiger nicht. Der f\u00fchlte sich auch gerade in seiner Ruhe \u0001 \u0002 auffuttern eines Tollpatsch-\u0001 \u0002 Mitleid, was glaubst du, was diese wolligen Minikrakelaffen f\u00fcr L\u00e4rm machen?Egal. Mister S\u00e4belzahntiger Nummer Zwo wollte auch etwas abhaben. Und was ist DIE Folge davon?Irgendwann sind sie \u0001 \u0002 hei\u00dft es doch so sch\u00f6n? T\u00f6te nicht, es sei denn du willst es fressen. Oder?Es kann nat\u00fcrlich auch sein, dass S\u00e4belzahntiger Nummer Makifresser ein Weibchen war, das sich erstmal f\u00fcr Mister S\u00e4belzahntiger Nummer Drei st\u00e4rken wollte. S\u00e4belzahntiger Nummer Zwo jedenfalls, f\u00e4llt jetzt schon aus der Familienplanung raus. Oder war der Zweite die Erste? Na sei es, wie es \u0001 \u0002 \u0001 \u0002 damit wandere ich durch den Urwalddschungel der Steinzeit \u2026 Denk dran, es ist die \u0001 \u0002 \u0001 \u0002 Jahre vor dem einen Tag, wenn du den heutigen nicht in Betracht ziehen m\u00f6chtest.(und, nein, das ist ne eigene Geschichte)STEINZEITDas gr\u00f6\u00dfte bis heute lebende Raubtier \u2026 (warum auch immer die \u00fcberlebt haben, aber vielleicht lernen wir ja gleich den Hauptschuldigen kennen)DAS gr\u00f6\u00dfte, gef\u00e4hrlichste, uners\u00e4ttlichste, \u2026 Raubtier \u2026 \u2026 sitzt gem\u00fctlichst im Schatten vor seiner H\u00f6hle. Ein Vertreter dieser Art.(ab hier g\u00e4be es von wenigstens zwei \u00fcberlieferten Varianten zu berichten, aber vielleicht gibt\u2019s ja woanders, au\u00dferhalb des Jagdradius, sehr weit au\u00dferhalb, noch so\u00b4ne H\u00f6hle, nun, ich werde versuchen die Varianten zusammen in eine Form zu pressen. Sag jetzt nix von Geschichtsf\u00e4lschung! Die ist genauso alt wie die Steinzeit. \u00dcber zwei damals schon in den Anf\u00e4ngen befindlichen Gewerbe red ich mal nicht. Das f\u00e4llt unter Zensur und w\u00e4r nicht mal mehr P16)Also. Wer sitzt da vor einer H\u00f6hle?Wo befindet sich die H\u00f6hle?Wo kommt die H\u00f6hle eigentlich her?Habe ich nicht gerade etwas von Dschungel, Tieren und Pflanzen erz\u00e4hlt. Dass die Erde flach wie eine Scheibe ist, h\u00e4tte sich schon mit der Erkenntnis von Berg und Tal erledigen \u0001 \u0002 lassen wir einfach mal die Geographie weg. Unmerklich f\u00fcr die darauf herumtrampelnden Lebewesen verschieben sich die Kontinentalplatten. Vulkane, Erdbeben, sintflutartiger Regen, alles ver\u00e4ndert die - Geographie. Nicht zu vergessen die damit einhergehenden klimatischen Ver\u00e4nderungen. Der Libanon ist voller Zedern und im Zweistromland ist bestes Jagd- und Sammelgebiet. (Vergiss die Ortsbezeichnungen, bitte)Weist ja. Steinzeit!Das auch die ach so friedliche Flora, das auch Pflanzen andere Pflanzen, gar Tiere fressen, na \u0001 \u0002 \u0001 \u0002 kommt die eigentlich her?Das weis der Typ dort vor der H\u00f6hle auch nicht, also lassen wird das. Weist ja, \u0001 \u0002. Ich habs verraten. Ein Typ. Also ein Kerl. Ein, mmh, wie alt der Mann sein mag, das l\u00e4\u00dft sich schwer sagen.*** *** ***\u2026 Tollpatsch-Maki \u2026 du kennst diese Sorte Primaten nicht, sie stammen aus der Familie der Lemuridae und den Film Madagaskar hast du ja gesehen \u2026 (ist jedoch kein Hinweis, wo sich die verdammte H\u00f6hle genau befindet)\u0001 \u0002 Jahre vor dem einen Tag \u2026 in Kalendern anderer Kulturen m\u00fc\u00dfte ich die knapp dreizehntausend Jahre entsprechend umrechnen \u2026 der heutige Tag nennt sich auch:2. Kislew AM 5782 \u2026 oder \u2026 30. Rab\u00ed al-auwal 1443Geschichtsf\u00e4lschung \u2026 allein schon deswegen, weil wir beinahe nichts wissen, gemessen an der langen Dauer des als 'Steinzeit' benannten Zeitraums \u2026 ich kann nur versprechen, die Neandertaler, die Urmenschen und die Denisova\u00b4s ordentlich durcheinanderzuwirbeln \u2026 Cro-Magnon w\u00e4re noch so eine Art \u2026 \u2026",
            "wordcount": "746",
            "chapter_release": "07.11.2021",
            "chapter_number": "2"
        },
        "3": {
            "text": "\u2026 03 ... Rechts und LinksSchwei\u00df\u00fcberstr\u00f6mt sitzt der da, obwohl eine junge Frau ihm einen Sonnenschirm h\u00e4lt, damit er nicht in der prallen Sonne sitzt. Und von einer weiteren h\u00fcbsch jungen Frau per Palmwedel rund um ihn herum die Luft bewegt wird. Sie unterbricht auch nicht, als Ger\u00e4usche davon k\u00fcnden, dass sich irgendwer n\u00e4hert. Auf einem zur H\u00f6hle f\u00fchrenden Pfad erscheint ein wild gekleidetes Wesen und n\u00e4hert sich in aller Ruhe. Die beiden mit Palmwedel und Sonnenschirm bewaffneten jungen Frauen verziehen beim Anblick ihrer von der Jagd kommenden Mutter fragend die Augen. Der vor der H\u00f6hle mit seinen Faustkeilen und einer gro\u00dfen Steinplatte besch\u00e4ftigte Mann zieht einen Mundwinkel herunter und l\u00e4chelt seiner Amazone entgegen. Die Frau hat einen langen Speer in den H\u00e4nden, Pfeil und Bogen \u00fcber der Schulter, diverse messer\u00e4hnliche Gegenst\u00e4nde am ihre H\u00fcften umspannenden Lederg\u00fcrtel und eine gro\u00dfe Tasche aus Leder an langem Riemen umgeh\u00e4ngt. Dazu tr\u00e4gt sie noch ein ausreichend gro\u00dfes Wildschwein, welches sie sich halb \u00fcber die Schulter gelegt hatte. Ihr Schritt federt, als ob in der gro\u00dfen umgeh\u00e4ngten Ledertasche der Erfolg der heutigen Jagd dieselbe nicht schwer machen w\u00fcrde. Die Tasche und das Wildschwein legt sie mit eleganter Bewegung neben dem H\u00f6hleneingang ab, ein kurzes Augenblitzen trifft ihre mit dem Palmwedel bewaffnete Tochter und diese konzentriert sich wieder vollst\u00e4ndig auf ihre bisherige \u0001 \u0002 Amazone beugt sich zu dem irgendwie ironisch l\u00e4chelnden Mann herunter \u2026 \u201eDu, den ihre Kerle taugen echt nichts. Die waschen sich jetzt im Fluss den Angstschwei\u00df von den K\u00f6rpern \u2026 \u201c, die h\u00fcbsch junge Frau mit dem Palmwedel, l\u00e4\u00dft denselben sinken. (Und du fragst jetzt bitte nicht, wo die Palme herkommt, von der dieser Wedel stammt. Wenn ich Farnwedel schreiben w\u00fcrde, denkst du doch auch nicht daran, dass es einst riesige Farngew\u00e4chse gab, oder?)\u201eMam! In welchem Fluss!?\u201c\u201eMmh, ich habe sie rechts herum um den H\u00fcgel dort geschickt, ich glaub aber \u2026 \u201c\u201eMaaa-m?\u201c\u201eHeh, ich war mit dem Schwein hier besch\u00e4ftigt, morgen haben wir G\u00e4ste!\u201c\u201eJa, aber \u2026 ?\u201c\u201eWenn sie richtig zugeh\u00f6rt haben \u2026 \u201c\u201eMam, die k\u00f6nnen doch Rechts von Links nicht auseinanderhalten, die streiten sich immer!\u201c\u201eNun ja, irgendwann m\u00fcssen sie es ja lernen. Also es k\u00f6nnt schon sein das sie da was verwechselt haben \u2026 \u201c\u201eMaaaa-m!\u201c - ein Aufschrei wie aus hundert M\u00e4dchenkehlen. (sind aber nur die zwei vor der H\u00f6hle) Das M\u00e4dchen bei den Kocht\u00f6pfen in der H\u00f6hle l\u00e4chelt. Ihr Kerl hat ums linke Handgelenk ein blaues B\u00e4ndchen.\u201eBleibt mal ruhig, ich glaub da kommt einer zur\u00fcck \u2026 \u201c Und richtig, noch ein Kerl, ein recht junger, soweit man es erkennen kann, wurde auf einer Biegung des zur H\u00f6hle f\u00fchrenden Pfad sichtbar.\u201eL\u00b4vio wo sind die anderen?\u201c, ruft das M\u00e4dchen mit dem Sonnenschirm dem Herankommenden entgegen und dieser dreht sich kurz um. Sp\u00e4ht den gewundenen Pfad abw\u00e4rts hinab, dort wechselt aber nur ein Eichh\u00f6rnchen vom Haselstrauch auf der einen Seite, hin\u00fcber zur anderen. Wo es hinter dem n\u00e4chsten Baum verschwindet. Ein Schulterzucken, w\u00e4hrend L\u00b4vio sich wieder der H\u00f6hle zuwendet und als er heran ist, legt er seinen Anteil an der Ausbeute des vor der Morgend\u00e4mmerung begonnenen Jagdtages neben das erbeutete Schwein. Ein Wink mit den Augen, seitens der Amazone, bef\u00f6rdert ihn unmittelbar in die H\u00f6hle, wo er von seinem mit dem Essen besch\u00e4ftigten M\u00e4dchen empfangen wird. Und diese l\u00e4\u00dft sich anschlie\u00dfend in ihrer Arbeit nicht st\u00f6ren, w\u00e4hrend er ihren wohlgerundeten Bauch streichelt. Vor der H\u00f6hle muss der Mann inzwischen auf zugewedelte Frischluft verzichten, daf\u00fcr ist er damit besch\u00e4ftigt die Jagdwaffen durchzusehen und hie und da auszubessern. Seine Amazone nimmt jedoch nur das M\u00e4dchen mit dem Palmwedel, ohne denselben, mit. Nachdem die Jagdbeute sicher bei ihrer H\u00f6hle ankam und da das Essen noch nicht ganz fertig ist, kann man den Weg ein St\u00fcck zur\u00fcck sp\u00e4hen. Das M\u00e4dchen mit dem Sonnenschirm hat zu tun, den Inhalt der Jagdtaschen in der H\u00f6hle an den entsprechenden Pl\u00e4tzen zu \u0001 \u0002 Keramikgl\u00f6ckchen ruft die sp\u00e4henden Amazonen zur\u00fcck, als das Mittagsmahl fertig ist. Mutter und Palmwedeltochter kehren im Schnellauf zur\u00fcck und vermochten auf den Pfaden rund um den H\u00fcgel nichts zu entdecken, was Aufschluss \u00fcber die Vermissten geben k\u00f6nnte. Den Hunger zu stillen hat h\u00f6here Priorit\u00e4t. Es ist \u00e4rgerlich genug, dass man sich anschlie\u00dfend nicht der gewohnten Siesta hingeben kann, weil erneut auf Suche gegangen werden muss. Das Essen schmeckt der Familie jedoch und auch wenn der junge Mann, L\u00b4vio nebenher an seiner Amazone zu knabbern versucht, die Eltern des M\u00e4dchens am\u00fcsieren sich heimlich und den beiden anderen M\u00e4dchen steht der Neid in den Augen, doch kaum hat der Vater seine Sch\u00fcssel leer \u2026 \u201ePa? Wann ist der Hausarrest vorbei, wir wollen endlich wieder Mammuts jagen!\u201c, dass Palmwedelm\u00e4dchen fragt, und der angesprochene Mann verzieht seine Augen, bis sie Schlitze werden. Seine fragende Tochter schaut er dabei jedoch nicht an und f\u00fcr diese sieht es so aus, als ob der Pa w\u00fctend wird. Die Frage zu fr\u00fch gestellt wurde. Sie sieht nicht, worauf sich die Aufmerksamkeit des Mannes richtete \u2026 \u2026 der nach seinen Faustkeilen greift und diese schnell hintereinander kraftvoll in ein dichtes Geb\u00fcsch \u0001 \u0002 k\u00fcndendes animalisches Schmerzensgebr\u00fcll ist die Folge der W\u00fcrfe, die Hauptamazone hat unmittelbar ihren Speer bereit, steht mit einem Mal um die drei Meter vor dem Essplatz, ein Kopf mit gewaltigen Hauern schiebt sich durch das Gestr\u00e4uch und der j\u00fcngere Mann wirft seinen Speer, kaum das er sich blitzschnell auf die F\u00fc\u00dfe hochgerappelt \u0001 \u0002 geworfene Speer traf ins aufgesperrte Maul, in dem sich einer der Hauer l\u00f6st und zu Boden f\u00e4llt, das Tier br\u00fcllt und drehte sich ein wenig, seinem Angreifer entgegen, die Amazone springt auf das Tier zu und rammt ihren Speer dort ins Fleisch, wo die Spitze unmittelbar ins Herz zu dringen vermag. Und sie rei\u00dft den Speer wieder heraus, w\u00e4hrend das Tier anschlie\u00dfend zu Boden st\u00fcrzt, sich windet, zuckt, und das Gebr\u00fcll in einem R\u00f6cheln endet.\u201eMa, kann man das essen?\u201c, beinahe unger\u00fchrt fragt das M\u00e4dchen mit dem dicken Bauch, als ihre Mutter anschlie\u00dfend wie \u00fcberlegend vor dem erlegten Tier steht.\u201eWenn es einmal direkt vor unserer H\u00f6hle liegt, kann man es ja ausprobieren \u2026 \u201c, der Pa zieht einen ironischen Mundwinkel zu seinen Worten herab.\u201eWar ein guter Wurf, L\u00b4vio \u2026 \u201c, die Ma zieht den im Rachen des Tieres steckenden Speer heraus und wirft ihn seinem Eigent\u00fcmer zu.\u201eDas Fell k\u00f6nnen wir morgen als Gastgeschenk verwenden, die Z\u00e4hne? Mmh, die k\u00f6nnten f\u00fcr die Mammutspeere tauglich sein. Das Fleisch, ich w\u00fcrde denken, ich hacke es klein und tu\u00b4s in die Suppe und L\u00b4nita sammelt heute Nachmittag noch einen Korb voll Knollen. Okay, Lia-ne darf mit sammeln gehen, was meinst du \u2026 \u201c, wendet sich der Mann an seine Amazone.\u201eLiebster, warum gehst du nicht mit. Schau, dein einer Faustkeil traf das rechte Auge des S\u00e4belzahn, ich w\u00fcrde denken, das unsere Speere nicht mehr notwendig gewesen w\u00e4ren.\u201c, und so wie die beiden sich anschauen, darf man annehmen, das beide sich, zur ihnen gewohnten Siesta, eher ein St\u00fcck den H\u00fcgel hoch h\u00e4tten verziehen wollen.\u201eIst das nicht das linke Auge?\u201c, der junge Mann z\u00f6gert, w\u00e4hrend er fragt, das es fast wie ein Stottern wirkt.\u201eL\u00b4vio! Es ist des Tigers rechtes Auge, sag mir warum \u2026 \u201c, der angesprochene junge Mann blickt kurz auf sein linkes Handgelenk. Dort hat er ein blau eingef\u00e4rbtes B\u00e4ndchen.\u201eOh, das Mistvieh liegt vor uns, also, \u00e4hm \u2026 \u201c\u201eGenau. Lass dich nicht von den anderen verwirren, den ihre Sp\u00e4\u00dfe sind zuweilen grenzwertig.\u201c\u201eGut, wenn das gekl\u00e4rt ist, kann ich\u00b4s ja heute mit dem Sammeln probieren, ich hab eine Schreibblockade.\u201c\u201eWas ist, Schatz, ist dein Lieblingsfaustkeil stumpf geworden?\u201c\u201eDas Mistding ist zerbrochen und eine neue Steinplatte zum einmei\u00dfeln brauch ich auch.\u201c\u201eVielleicht sollten wir doch die Krokodile jagen, den ihre Haut \u2026 \u201c\u201eBitte? Den ihr Fleisch ist echt nicht genie\u00dfbar!\u201c - das Pa\u00b4o das Fleisch eines Krokodils als ungenie\u00dfbar bezeichnet, liegt eher daran, das er den Geschmack nicht abkann. F\u00fcr andere ist Krokodil vom Grill ein Leckerbissen.\u201ePa\u00b4o? Wir haben doch vorige Woche eine neue Lehmgrube gefunden, der Lehm dort ist nicht gar so sandhaltig \u2026 \u201c, sch\u00fcchtern meldet sich L\u00b4vio.\u201eWar das die Grube, in der dich die anderen versenken wollten?\u201c\u201eJep, aber die ist nicht besonders tief an der einen Stelle, ich bin nur untergetaucht, damit die sich verdr\u00fccken. Ich stand auf Fels \u2026 \u201c\u201eWar das Schlauheit, oder Hinterh\u00e4ltigkeit?\u201c\u201eWenn die zwei so d\u00e4mlich sind und sowas nicht in Betracht ziehen, was kann ich daf\u00fcr?\u201c\u201eNa schaun wir mal, wo sie abgeblieben sind. Liebling? Da sagtest, ich soll mal auf Jagd gehen?\u201c, der Mann grinst seine Amazone an. Die Arbeit wegen kleinhacken vom erlegten S\u00e4belzahntiger wird an ihr und L\u00b4vio h\u00e4ngen bleiben. Sie hat einen Mundwinkel unten, als sie erkennt, dass sie sich selbst in diese Falle bef\u00f6rdert hat. Dass die dickb\u00e4uchige Tochter erst in ein paar Monaten wieder auf Jagd gehen kann, ist von allein klar. *** *** ***\u2026L\u00b4vio \u2026 jeder Name hat seine Entsprechung bei den Homo sapiens \u2026 ;)Amazone \u2026 ist eine kreative Wortsch\u00f6pfung, beim Versuch uralte Steinplatten zu entziffern (das man selbst beim Schreiben per Faustkeil auf Steinplatte eine irre Sauklaue auf selbige Steinplatte bringt - ts, ts) \u2026 an der Stelle hier soll nur die allgemeine Arbeitsteilung verdeutlicht werden, jeder (m/w/d) tut was er (m/w/d) am besten kann und in dem Fall macht dem als weiblich zuordnungsf\u00e4higen Wesen die Jagd mehr Spa\u00df als das Haus zu h\u00fcten \u2026 gewaltige Hauer \u2026 eine andere Version bringt zum Ausdruck, das der S\u00e4belzahntiger einfach nur zum Zahnarzt wollte und der Zahn wegen F\u00e4ule sowieso ausgefallen w\u00e4re \u2026 wenn dich also jemand anbr\u00fcllt, kann das auch vor Schmerz sein, sprich, vorsichtshalber moderne Technik nutzen und 112 anrufen \u2026 \u2026",
            "wordcount": "1.559",
            "chapter_release": "07.11.2021",
            "chapter_number": "3"
        },
        "4": {
            "text": "\u2026 04 ... KrokodileUnd wenig sp\u00e4ter schleichen die beiden anderen und vor Freude strahlenden Jungamazonen an der Seite ihres Pa an der Stelle um den H\u00fcgel, wo es direkt zum Fluss der Krokodile geht. Haut und Z\u00e4hne eines eventuell erlegten Krokodil werden bei den erwarteten G\u00e4sten mindestens genauso viel Eindruck schinden, wie das Fell des schon erlegten S\u00e4belzahntigers. Und als sie an der Furt dieses Flusses ankommen, kein Krokodil ist weit und breit zu sehen. H\u00f6chstens ein paar reglose Baumst\u00e4mme in einer kleinen Bucht unweit der Furt. Nichts weiter als zwei aufgew\u00fchlt scheinende Stellen im flachen Wasser sind neu. Der Mann mutma\u00dft, das die beiden Vermissten es zwar noch durch den Fluss schafften und sich beim hindurch gehen s\u00e4uberten, aber alles was an ihnen nicht recht essbar war, das d\u00fcrfte inzwischen irgendwo flussabw\u00e4rts schwimmen. Eine Best\u00e4tigung f\u00fcr die Theorie liefert ein sichtbar im hellen flacheren Wasser liegender Faustkeil, der als Sto\u00dfmesser verwendet wurde.\u201eIst dem Ro\u00b4l sein Messer gewesen, da, seht, der hat doch immer kleine Risse im Stein mit Baumharz zugekleistert \u2026 \u201c\u201eUnd wieso h\u00e4ngt dem Fr\u00b4k seine Jagdtasche dort am Baum?\u201c\u201eAuf der anderen Seite vom Fluss? Und ihre Speere \u2026 \u201c\u201eDie haben doch nicht etwa einen auf Mutprobe gemacht?\u201c\u201eHa ha, mit den Krokodilen baden \u2026 \u201c\u201eNa toll. Pa? Wer kommt eigentlich alles zu Besuch? Wieder nur der alte Typ mit den Kr\u00e4utern und seinen Lehrlingen \u2026 \u201c\u201eAch Himmel, wann ist Sonnenwende? Echt erst in drei Monden?\u201c\u201eLasst den Unsinn mal. Ob die beiden sich hier gestritten haben, oder nicht, zum Ende sind da noch die Krokodile. Ganz satt scheint das eine nicht geworden zu sein \u2026 \u201c, der Pa geht mit nichts darauf ein, was sich seine T\u00f6chter so w\u00fcnschen. Die Wahrscheinlichkeit ist hoch, so wie er die beiden Ex-Schwiegers\u00f6hne kennt, dass diese sich und ausgerechnet im Fluss richtig in die Haare bekommen haben. Mit einem Ende, \u00fcber das hier nicht gesprochen werden sollte. Vor allem nicht, weil neben dem einen sich ihrer Uferseite n\u00e4herndem Baumstamm, mit aufgesetzten Glotzaugen, noch drei andere in Bewegung setzten. Trotzdem b\u00fcckt er sich noch, um das Faustkeilmesser aus dem Wasser zu nehmen. Langsam, in aller Ruhe geht er anschlie\u00dfend r\u00fcckw\u00e4rts ans Ufer und seine T\u00f6chter folgen ihm, als er sich auch weiter r\u00fcckw\u00e4rts den leichten Hang hinauf bewegt. Der erste Baumstamm erreicht das seichte Ufer der Furt, er macht einen Satz vorw\u00e4rts, die beiden M\u00e4dchen machen vor Schreck einen Sprung r\u00fcckw\u00e4rts. So schnell wie das Tier mit seinem langen Rachen wurde, damit hatten sie nicht gerechnet. Eher damit, dass es weiter vorw\u00e4rts l\u00e4uft, jetzt wo es festen Untergrund hat. Ihre Speere halten sie abwehrbereit dem Tier entgegen. Doch dieses hat nur Augen f\u00fcr den auf ein Knie herunter gegangenen Mann. Der seinen Speer am Boden liegen hat. Fest in der Faust, sodas das Krokodil den Speer nicht als Gefahr anzunehmen vermag. Langsam schleicht das Tier einen halben Schritt nach dem anderen vorw\u00e4rts. Beobachtet von dreien seiner Kumpels, die jedoch vorerst im Wasser bleiben. Und der Mann grinst kurz. Es k\u00f6nnte fast sein, dass die Krokodile untereinander eine Wette abgeschlossen \u0001 \u0002 vermag sich das recht gro\u00dfe Krokodil in Bewegung zu setzen. Aus den langsam vorw\u00e4rts schleichenden Bewegungen heraus. Das Maul halb ge\u00f6ffnet und somit den Speer erst wahrnehmend, als dieser, Kraft der Vorw\u00e4rtsbewegung des Tieres, immer tiefer im Schlund desselben versinkt. Der Mann hatte f\u00fcr den Schaft des Speeres, an der Stelle an der er wartend hockte, eine Felsnase gefunden, die den Speer st\u00fctzt. Das Maul des Tieres geht weit auf, es br\u00fcllt und der Mann klemmt noch einen dicken Stock zwischen die Kiefer, sodas das Maul nicht mehr geschlossen werden kann. Erst dann macht er eine schnelle Rolle r\u00fcckw\u00e4rts, steht unmittelbar und springt aus dem Gefahrenbereich des wild um sich schlagenden und im Todeskampf kreisenden Tieres. Die drei Kumpels des Krokodils verharren im ausreichend tiefen Wasser. Das mit den jetzigen Zweibeinern schlecht Kirschen essen ist, haben sie begriffen. Da war es bei den beiden anderen vor kurzem einfacher. Einmal nach den F\u00fc\u00dfen geschnappt, ziehen und im tiefen Wasser warten, bis die Zweibeiner sich ausgezappelt hatten. Aber seitlich von den ruhig im Wasser liegen bleibenden Krokodilen, versucht ein anderes doch noch zu einem Jagderfolg zu \u0001 \u0002 Warnruf der M\u00e4dchen f\u00fcr ihren Pa war nur als Mahnung gemeint, sich jetzt nicht einzumischen. Gewandt schleichen die beiden Jungamazonen von beiden Seiten an das im Gestr\u00e4uch sichtbar gewordene zweite Krokodil heran. Es faucht das eine M\u00e4dchen an, welches ein paar Zentimeter dichter als das andere heran ist und die andere Jungamazone st\u00f6\u00dft ihren Speer an der richtigen Stelle in den Leib des Krokodils. Blitzartig windet sich das Krokodil, wendet sich dem ersten M\u00e4dchen zu und bekommt vom zweiten M\u00e4dchen ebenso einen Speer ab. In den Hals, genau dort, wo die Halsschlagader ist. Einer Font\u00e4ne gleich spritzt Blut, als sie den Speer gleich wieder herausgezerrt hatte, und auch dieses Krokodil verendet innerhalb einer kurzen Zeitspanne. Die im Wasser schauten weiter nur in aller Ruhe zu, bevor sie nunmehr abdrehen und unter Wasser versinken.\u201eM\u00e4dels, sorry, nichts f\u00fcr ungut, Leben f\u00fcr Leben, die beiden schuldigen Krokodile haben wir bestraft. Und damit die anderen nicht gleich verhungern, oh. Da gibt es noch eine Tigermama, deren Kleine auch Hunger haben \u2026 \u201cBeiden M\u00e4dchen wird langsam richtig bewu\u00dft, dass sie ihre M\u00f6chtegernlebenszeitkerle an die Krokodile verloren haben. Die eine zuckt nur mit den Schultern und macht sich schon daran dem einen Krokodil die Haut abzuziehen. Und w\u00e4hrend beide Jungamazonen mit dem aufbereiten der Krokodile zu tun haben, baut der Pa eine Art Schleppe. Auf der man die verwendungsf\u00e4higen Teile der Krokodile besser transportieren kann, als wenn sie versuchen w\u00fcrden, alles in den Jagdtaschen unterzubringen. Und au\u00dferdem m\u00fcssen alle drei ja noch den Weg rechts um den H\u00fcgel herum nehmen, um sich im krokodilfreien Fluss zu s\u00e4ubern. Die schwierigste Arbeit ist, die Z\u00e4hne aus dem langen Maul zu holen, ohne sie zu besch\u00e4digen. Und gleichzeitig sollte man das Beobachten der Umgebung nicht ganz vernachl\u00e4ssigen. Da es au\u00dfer gelegentlichem Besuch von S\u00e4belzahntigern, auch andere Tiere gibt, denen es egal ist, was f\u00fcr Vertreter der Fauna ihnen vor die Z\u00e4hne kommen, Hauptsache das Fleisch ist essbar. Ein vorwitziger Geier muss abgeschossen werden und darf gleich den Fluss hinabtreiben, noch einer hinterher der seine Federn zur Verf\u00fcgung stellen wollte. Die Baumst\u00e4mme mit den aufgesetzten Glotzaugen sind mit einem Mal ganz verschwunden und halten ihre Zwischenmahlzeit lieber an einer Badestelle f\u00fcr Wildschweine. Letztere sind aktuell nicht anwesend, die Krokodile haben ihre Ruhe, bis die Sonne am Himmel \u0001 \u0002 Pa sucht zuvorderst Kiesel f\u00fcr die Steinschleudern, findet Steine, aus denen sich auch neue Faustkeile herstellen lassen. Nur f\u00fcr eine ausreichend gro\u00dfe Steintafel und f\u00fcr noch viel besser verwendbare Steine, aus denen man sogar Messer anfertigen k\u00f6nnte, daf\u00fcr m\u00fcsste man einen l\u00e4ngeren Jagdausflug machen. Der Fund von L\u00b4vio als wesentlich praktikablere Alternative k\u00f6nnte der Durchbruch sein. Um nicht mehr so oft neue Faustkeile suchen zu m\u00fcssen. Da d\u00fcrfte ein feuergeh\u00e4rteter Stock ausreichen, um Worte in den Lehm zu ritzen. Und als seine beiden Jungamazonen mit dem Zerlegen der beiden Krokodile fertig sind, hat Pa\u00b4o auch die andere Jagdtasche gefunden. Dazu einen zerbrochenen Speer, welcher zusammen mit dem eigenen im Krokodilleib zerbrochenen Speer mit aufgepackt \u0001 \u0002 M\u00e4dchen haben auch die Sehnen der Krokodile herausgeschnitten, nachdem die beiden Tiere geh\u00e4utet waren. Alles was nicht direkt als essbar angesehen werden konnte, landet am Flussufer. Die besten Fleischst\u00fccke stammen vom Schwanz des Tieres und das meiste Gep\u00e4ck kommt auf die Trage, bei der man sich beim ziehen regelm\u00e4\u00dfig abl\u00f6sen wird. Immer zwei m\u00fcssen ziehen, einer passt voll bewaffnet auf die Umgebung auf, schnell erreicht man den T\u00fcmpel, in dem unschuldig aussehende Blumen zuhauf wachsen und deren Knollen sehr gut als Essen geeignet sind. Ein paar kleine Schlangen fl\u00fcchten, als sie merken, das es vielleicht besser f\u00fcr ihre eigene Gesundheit sein k\u00f6nnte und nach einer kleinen Rast, nach der Ernte, ist es nicht mehr weit bis zur heimatlichen H\u00f6hle.*** *** ***\u2026Krokodil, Haut und Z\u00e4hne - zum rumprahlen \u2026 der Unterschied zur aktuellen Jahresbenennung, es gab wesentlich mehr Krokodile in all ihren Unterarten, als diese Zweibeiner und beide waren Allesfresser. Die aktuellen Krokodile an dieser Stelle der Geschichte, waren um die zweieinhalb Meter lang. (Wieso haben damals eigentlich nicht die Krokodile die paar Zweibeiner ausgerottet? Okay, erstere waren vielleicht etwas zu faul zum Laufen. Schlie\u00dflich kam das meiste Fressen von allein vorbei \u2026 )Furt \u2026 hast richtig gelesen, die Buchstaben sind korrekt aneinander gereiht. Wenn du einen Fluss vor der Nase und keine Br\u00fccke in Reichweite hast, mu\u00dft du dir eine Stelle mit Niedrigwasser suchen. Und beim durch den Fluss waten auf alles M\u00f6gliche, nicht nur auf hungrige Krokodile aufpassen \u2026 ;)Sonnenwende \u2026 war schon immer etwas magisches. Die Menschen lernten schnell, das es nach der einen Wende tags\u00fcber l\u00e4nger hell blieb. Und nach der anderen die Tage k\u00fcrzer wurden. Und wenn man bedenkt, das man schlafen ging, sowie es dunkelte \u2026 Speer \u2026 derselbe sollte wenigstens einen Kopf gr\u00f6\u00dfer sein als du gewachsen bist. Sonst kannst bei der Jagdmethode gleich deinen Arm ins Krokodilmaul stecken, das mit dem Stock funktioniert nur wenn du richtig schnell sein kannst \u2026 Fauna \u2026 na gut, kennst du. Von der Am\u00f6be \u00fcber Flugh\u00fchner, Geier und Wildschweine, Urzeitmensch und S\u00e4belzahntiger plus Mammut, gab es wesentlich mehr Arten als uns Wikipedia oder andere Ver\u00f6ffentlichungen verraten wollen. M\u00fccken, Bienen, Libellen, W\u00fcrmer und zuweilen richtig gro\u00dfe Schnecken nicht zu vergessen. Das meiste war essbar und oft genug grillf\u00e4hig. Und da hier keine Meeresbewohner in der Geschichte vorkommen, sei die neun Meter lange Seeschlange erw\u00e4hnt. Die damals vielleicht noch l\u00e4nger zu werden vermochte. Wie die sich durch all die Fischschw\u00e4rme zu schl\u00e4ngeln vermochte, keine Ahnung. Einzelne Exemplare sollen ja noch im sogenannten Mittelalter und zu Beginn der sogenannt christlichen Seefahrt gesichtet worden \u0001 \u0002 \u2026 'bis das der Tod euch scheidet' - wurde sp\u00e4ter erfunden. Und wenn man letztere Angelegenheit zu hinterfragen beginnt, oh, es gibt nichts Sch\u00f6neres, als ein P\u00e4rchen zu sehen, kennenzulernen, das es miteinander echt bis zur Bahre auszuhalten gedenkt. Ansonsten, das die Frau als Besitz galt, bei aller sonstigen Freiheit, hat sich vermutlich vor gerademal siebentausend Jahren entwickelt. Um dieselbe vor reichlich zweitausend Jahren generell in Acht und Bann zu tun. Steht in einem Buch, dessen heutiger Text, selbst in der Ursprungsausgabe, na, noch viel j\u00fcnger als nur drei- oder zweitausend Jahre alt ist. An der Stelle nehm ich mir lieber die n\u00e4chste Steintafel vor \u2026 \u2026",
            "wordcount": "1.707",
            "chapter_release": "07.11.2021",
            "chapter_number": "4"
        },
        "5": {
            "text": "\u2026 05 ... SternschnuppeDie Nacht senkt sich herab und der kleingeschnittene S\u00e4belzahntiger k\u00f6chelt im gr\u00f6\u00dften Topf vor sich hin. Eine kleine R\u00f6stprobe auf dem abendlichen Lagerfeuer ergab, das dieses Fleisch durchaus essbar ist. Mit sicherem Griff hatte Pa\u00b4o die W\u00fcrzpflanzen ausgesucht, die sich als passend erwiesen. Und trotzdem etwas Neues ausprobiert. Die Fleischst\u00fccken m\u00f6gen auf der in der Glut liegenden Lehmplatte teils halb verbrannt sein, bevor ihm es gelang alles in den bereitstehenden Topf zu werfen, daf\u00fcr nimmt die Suppe unmittelbar eine tiefbraune F\u00e4rbung an und mit den ebenso kleingeschnittenen Knollen zusammen wird es das Essen f\u00fcr den n\u00e4chsten Tag sein. Die Lehmplatte dient schlie\u00dflich als Deckel f\u00fcr den gro\u00dfen Topf, die Glut wird rund um den Topfrand zusammengeschoben und mit Asche abgedeckt. Wie jeden Tag schaut man sich den Himmel voller funkelnder Lichter an. Bevor der halbe Mond aufgehen kann, verabschiedet sich Pa\u00b4o zusammen mit seiner Amazone ins Bett, die beiden jungen Witwen suchen als n\u00e4chstes zusammen eines der Schlaflager auf und nur L\u00b4vio und N\u00b4drea bleiben noch f\u00fcr Minuten vor der H\u00f6hle. Sie lehnen aneinander und genie\u00dfen die Zweisamkeit, die ihnen jetzt geg\u00f6nnt ist. Auch wenn von irgendwoher ein Kreischen und Fauchen durch die Nacht bis zur H\u00f6hle reicht. Nur die Sterne geben etwas Licht, aber anhand der leisen Ger\u00e4usche rundherum verm\u00f6gen beide zu erkennen, was da gelegentlich durchs Geb\u00fcsch und \u00fcber den Pfad huscht. Sie wissen, dass eine Maus mehr Krawall zu machen in der Lage ist als ein eventuell heranschleichender B\u00e4r. Letztere wurden jedoch etwas rar in der Gegend, selbst die S\u00e4belzahntiger verirren sich selten in die n\u00e4here Umgebung der H\u00f6hle. Und beide sind gespannt, nach den halb angebrannten Appetithappen, wie der zu dritt erlegte S\u00e4belzahn wohl schmecken wird. Einen B\u00e4ren glaubt N\u00b4drea am Himmel im Kreis gehen zu sehen, im n\u00e4chsten Moment st\u00f6hnt sie verhalten auf, ihr Bauchinhalt scheint nicht der Meinung zu sein, das langsam Schlafenszeit sei, sie holt tief Luft und schmiegt sich gern dichter in die Arme des Kerls, der ihr alleine geh\u00f6rt. Und beide sehen eines der Funkellichter rasend schnell \u00fcber den Himmel blitzen. \u201eIch w\u00fcnsche deinen Schwestern alles Gute \u2013 f\u00fcr morgen ... \u201c, fl\u00fcstert L\u00b4vio ins Ohr von N\u00b4drea.\u201eAh, das wird schon. Vielleicht h\u00f6ren sie ja diesmal auf mich ... \u201c\u201eSi\u00b4ica schickt sie sonst gleich andersherum um den Berg ... ?\u201c, und auf diese Worte hin bekommt L\u00b4vio einen Klapser auf den Hinterkopf. Er grinst trotzdem weiter. Si\u00b4ica hatte das B\u00e4ndchen an seinem Unterarm sehr wohl wahrgenommen und ihren Schwiegers\u00f6hnen nur die Richtung angesagt. Nicht angezeigt. Er erinnert sich an die Frage vorhin, als es um das getroffene Tigerauge ging. Si\u00b4ica meinte am Vormittag ihr rechts. Und man stand sich ja gegen\u00fcber. Ro\u00b4l und der noch d\u00fcmmere Fr\u00b4k achteten nicht darauf, dass der Dritte im Bund der Schwiegers\u00f6hne pl\u00f6tzlich nicht mehr da war. Ein bestimmter vom Blitz getroffener Baumstumpf machte L\u00b4vio darauf aufmerksam, das man auf dem Weg zu den Krokodilen war. Worauf er umdrehte und eine vor kurzem gefundene Abk\u00fcrzung den Berg hoch w\u00e4hlte. \u201eMu\u00dft du immer noch an die beiden Bl\u00f6dm\u00e4nner denken, L\u00b4vio?\u201c, N\u00b4drea fragt. Mit dem Unterton in der Stimme, dass sie auf etwas eifers\u00fcchtig ist. Welches sie nie in Worte zu fassen wagte.\u201eN\u00f6, eher das es schade ist, den ihre Beute ist ja auch den Fluss hinab. Die banden die Flugh\u00fchner an ihre G\u00fcrtel, statt sie in die Tragetaschen zu tun ... \u201c, ein wenig zu nachdenklich, kommt die Antwort. L\u00b4vio nimmt sich aber vor, solange mit den bl\u00f6den Steinschleudern zu \u00fcben, bis er genauso gut zu treffen in der Lage ist, wie die durch die Ewigkeit von Krokodilm\u00e4gen gewanderten beiden Kontrahenten. Vorw\u00fcrfe muss sich L\u00b4vio nicht machen. Die beiden h\u00e4tten ohnehin nicht auf ihn geh\u00f6rt. Um am Ende vielleicht sogar ihn zum Baden mit den Krokodilen zu schicken. Ihn sch\u00fcttelt es. Die Sache mit der Lehmgrube war grenzwertiger, als er zu erz\u00e4hlen gewagt hatte. Wohinein ihn die beiden geworfen hatten, nachdem er zum ersten Mal einem ihrer sonstigen Spiele eine Absage erteilte. Er hatte vermocht noch tief Luft zu holen, bevor sein Kopf erstmal versank. Dann fanden seine F\u00fc\u00dfe Felsgrund und wenn einer Zeit als Ma\u00dfstab in Anwendung h\u00e4tte bringen k\u00f6nnen, es waren reichlich f\u00fcnf Minuten. Bevor er den Kopf durch die oberhalb eher fl\u00fcssige Oberfl\u00e4che schob. Das dritte Mal eingehend Luft hatte er geholt, als er sich sicher sein konnte, das die beiden ohne ihn weiter gewandert waren. Der Fels unter seinen F\u00fc\u00dfen wand sich rechterhand aus dem Lehmt\u00fcmpel heraus. Sodas er es problemlos ans Ufer schaffen konnte. Und das Rinnsal, welches dem Lehmteich entsprang, f\u00fchrte ihn durch dichteres Geb\u00fcsch bis zum von Krokodilen freien Fluss. F\u00fcr den Moment jetzt, L\u00b4vio realisiert erst, was N\u00b4drea von ihm m\u00f6chte, als sie ihm einfach ihre Lippen auf den Mund \u0001 \u0002 l\u00f6sen sich der beiden M\u00fcnder und L\u00b4vio staunt das M\u00e4dchen an, das sein M\u00e4dchen bleiben m\u00f6chte.\u201eWas? Du gro\u00dfer Tollpatsch ... !\u201c, und der Zauber des Moments von weiteren f\u00fcnf Minuten Bewegung der Sterne scheint vorbei.\u201eN\u00b4drea ... du kannst, oh, hast du auch keine Luft holen k\u00f6nnen?\u201c\u201eIch bin multitaskingf\u00e4hig. K\u00fcssen und Luft holen kann man zur gleichen Zeit ... ?\u201c, und L\u00b4vio verdreht die Augen. \u201eDu bist einfach zu atemberaubend, N\u00b4drea!\u201c, wie ein Hauch kommt es von L\u00b4vio seinen Lippen. Der versucht, so unauff\u00e4llig wie m\u00f6glich den fehlenden Luftnachschub aufzuholen. N\u00b4drea mustert ihren Liebsten eher verdeckt unter recht langen Wimpern hervor. \u201eIch glaub ich geh jetzt ins Bett ... \u201c, scherzhaft gemeint, eine Intonation die verr\u00e4t, das sie nur leicht anges\u00e4uert ist, doch nicht das wirklich letzte Wort gehabt zu haben. Sie erhebt sich, wendet sich dem Eingang der H\u00f6hle zu. Macht den ersten Schritt und ... ... l\u00e4\u00dft sich von L\u00b4vio einfangen, der sich nur kurz lang machte und nach ihrem entschwindenden Fu\u00df \u0001 \u0002 ihn war das lange K\u00fcssen viel zu sch\u00f6n, als das er einen Gedanken ans Luft holen verschwenden wollte. Aber er l\u00e4\u00dft sich dann von ihr hochhelfen. Sein Plan ist, die Folgen der sch\u00f6nen Zweisamkeit vor der H\u00f6hle auf dem gemeinsamen Lager zu kurieren. Nur, nein, doch, alles schnarcht schon selig. Selbst die beiden Schwestern von N\u00b4drea. Unangefochten erreicht das Paar seine Schlafecke hinter einem der Felsvorspr\u00fcnge. Sehen k\u00f6nnen sie nicht, das sich die Schwestern auf nur einem Lager befinden. Aber schlafwandlerisch sicher durch die aufger\u00e4umte H\u00f6hle gelangen sie, ohne irgendwo anzusto\u00dfen. Dann stellt L\u00b4vio fest, das ihm N\u00b4drea ihr Bauch beim aneinander kuscheln, schon wegen seiner N\u00f6te im Wege ist und freut sich, das sie sich von allein im n\u00e4chsten Moment auf die andere Seite dreht. Ihr leises verhaltenes St\u00f6hnen beim Drehen wiederholt sich wenig sp\u00e4ter. F\u00fcr L\u00b4vio \u00f6ffnet sich f\u00fcr Minuten der Himmel der Gl\u00fcckseligkeit. Was nicht daran liegt, das sich unter seinen H\u00e4nden, um den Bauch seines M\u00e4dchens gelegt, zwei Winzlinge auch anschmiegen.*** *** ***\u2026Multitasking \u2026 na jetzt wissen wir wenigstens, wo die Ursache f\u00fcr dieses Ph\u00e4nomen zu suchen w\u00e4re. Ansonsten ist Multitasking dasselbe, wie wenn du auf den Tasten deines Schreibbretts herumklimperst. Auch dort geht es eigentlich immer h\u00fcbsch der Reihe nach. Multi im Sinn von Gleichzeitig kann nicht wirklich \u0001 \u0002 \u2026 scheinbar zielloses erzeugen von T\u00f6nen \u2026 \u2026",
            "wordcount": "1.158",
            "chapter_release": "05.12.2021",
            "chapter_number": "5"
        },
        "6": {
            "text": "\u2026 06 ... Besuch und neue Schwiegers\u00f6hneP\u00fcnktlich zur Niederkunft von N\u00b4drea kommt der kleine Wanderzug mit dem erwarteten Schamanen an der Spitze in Sichtweite. Der alt gewordene Schamane lauscht kurz den schrillen T\u00f6nen die ihm entgegenhallen, verdreht kurz die Augen und ist sich sicher, dass er keine Eile an den Tag legen muss. Begleitet wird er von seinen drei Lehrlingen sowie der zweiten Jagdf\u00fchrerin einer hinter dem Horizont lebenden gro\u00dfen Gruppe und ihrem eigenen Jagdtrupp. Im Gep\u00e4ck haben sie vor allem das, was man auf dem Weg hierher erjagte. Essen, welches man gemeinsam auf dem H\u00fcgel mit der einen H\u00f6hle zu verspeisen gedenkt. Und auch die Frau sieht keinen Grund, eventuell die Lasten abzulegen, um schneller am Ziel zu sein. Den Schamanen und seine Lehrlinge fand man unterwegs und nicht bei seiner H\u00f6hle. Doch erst wenn dieser der Geburt hier beistehen konnte, wollte der Schamane sich eventuell \u00fcberreden lassen, der anderen Gruppe vermittels eines seiner Jagdzauber mehr Erfolg bei der anstehenden Mammutjagd zu \u0001 \u0002 Stunde sp\u00e4ter verstummt auch das klirrend helle Geschrei der beiden Neugeborenen. Die frischgebackene Mama liegt v\u00f6llig fertig und selig zugleich weich gebettet vor der H\u00f6hle, L\u00b4vio wei\u00df nicht, was er nun noch beitragen k\u00f6nnte und entscheidet sich daf\u00fcr, statt sich am Feuer am laufenden Gespr\u00e4ch zu beteiligen, seine Winzlinge immer wieder von oben bis unten zu studieren. Genauso wie die Milchtr\u00e4nken, an denen die beiden Kleinen letztlich einschlafen. Zwei Tr\u00e4nken, zwei Kinder, f\u00fcr ihn ist die Welt v\u00f6llig in Ordnung \u0001 \u0002 Feuer sitzen die Besucher eintr\u00e4chtig mit der Familie zusammen, die hier ihren Wohnplatz hat. C\u00b4in, die Anf\u00fchrerin ihrer vier J\u00e4ger z\u00e4hlenden Schar geht noch einmal die Optionen durch, wie der Schamane \u00fcberzeugt werden k\u00f6nnte. Und unterh\u00e4lt sich auf recht lockere Weise mit Pa\u00b4o \u00fcber Jagd und andere Angelegenheiten. Nebenher beobachtet sie, wie ihre J\u00e4ger in eine nicht minder scherzhaft angelegte Unterhaltung mit Si\u00b4ica verwickelt wurden. Man ben\u00f6tigt kein scharfes J\u00e4gerauge, um zu erkennen, das die beiden frei gewordenen T\u00f6chter zur selben Zeit, wenn auch wortlos, unter den drei fremden jungen J\u00e4gern auszusuchen begannen. \u201aEigentlich k\u00f6nnte man hier eine neue Jagd- und Sammlergruppe bilden ...\u2018, C\u00b4in sinniert. Und schiebt die Idee erstmal ein St\u00fcck weg. Glasklar hat sie schon bei der Begr\u00fc\u00dfung erkannt, dass sie sich wegen so etwas mit Si\u00b4ica auf die eine oder andere Weise einigen m\u00fcsste. Dass hier zwei J\u00e4ger fehlen, kommentierte weder C\u00b4in noch der Schamane. Und letzterer wusste genauestens \u00fcber die Zusammensetzung dieser Familie Bescheid. Er kennt auch jede Jagdgruppe im weiten Umkreis von Sonnenaufgang bis Sonnenuntergang. Aus denen sich im Vorjahr drei junge M\u00e4nner f\u00fcr die T\u00f6chter hier entschieden. Fraglich bleibt, ob die zwei fehlenden J\u00e4ger eventuell sogar dem S\u00e4belzahn zum Opfer fielen, dessen Fell zwischen zwei B\u00e4umen aufgespannt jedem Auge sichtbar ist. Der \u00fcber Nacht ausgekochte Sch\u00e4del, mit dem einen fehlenden Hauer grinst von einem Stein herab und mag ahnen, dass der Schamane ihn vor dem Schicksal restlos ausgebrochener Z\u00e4hne bewahren \u0001 \u0002 Lehrlinge des Schamanen, drei Burschen unterschiedlichen Alters, bedienen unauff\u00e4llig die Runde am Feuer. Ihr Auftrag ist auch, einfach zu beobachten und sp\u00e4ter dem Schamanen zu erz\u00e4hlen, was dessen Augen entgangen sein k\u00f6nnte. Und der \u00c4lteste unter ihnen wird rot, als er sich von L\u00b4nita gemustert sieht. Alt genug um eine Verbindung eingehen zu d\u00fcrfen ist er, seine Lehre geht jedoch noch wenigstens drei Jahre, oder gar vier, wenn der hoch verehrte Schamane dies f\u00fcr notwendig h\u00e4lt. Und eigentlich, da der Schamane selbst nie eine Verbindung eingegangen ist, E\u00b4ivin gef\u00e4llt das freie Leben, welches dieser f\u00fchrt. In der gro\u00dfen Gruppe, aus der er stammt, gibt es keinen Burschen seines Alters, der nicht schon eine auf Dauer angelegte Verbindung eingegangen ist. Er mustert die junge Frau, als diese es nicht bemerken kann, sch\u00e4tzt seine Chancen ab und fragt sich, wer von ihnen beiden unterliegen w\u00fcrde. Beim Tanz der jungen M\u00e4nner und Frauen. Wonach die Nacht gn\u00e4dig ihre Schleier \u00fcber alles Folgende legt. Und am n\u00e4chsten Tag \u00fcber alles M\u00f6gliche, nur nicht \u00fcber diesen einen Tanz geredet wird. Der kaum einen Sommer j\u00fcngere Bo\u00b4l grinst die Kehrseite des \u00c4lteren an. Er wei\u00df genau, was diesem durch den Kopf geht. Ein Blickaustausch mit dem J\u00fcngsten der Lehrlinge, Fro, ja auch dieser hat bemerkt, welche Pl\u00e4ne sich hier m\u00f6glicherweise entwickeln. Die drei Lehrlinge, aus unterschiedlichen Jagdgruppen stammend, sie m\u00f6gen sich oft genug untereinander kabbeln, bis es blaue Augen oder andere weniger sch\u00f6ne Verzierungen des K\u00f6rpers gibt. Als Dreiergruppe k\u00f6nnen sie sich auf andere Weise genau so als verschworener Jagdtrupp ansehen, wie die bewundernswerte C\u00b4in. Von der die Fama berichtet, dass sie die F\u00e4den lieber aus dem Hintergrund zieht und der Schnelligkeit eines Schlags von ihr, niemand bisher hatte ausweichen k\u00f6nnen. Seit sie mit knapp dreizehn Sommern ganz allein einen Puma erlegte. Manch Mann prahlt, mit ihr zusammen gewesen zu sein. Oft genug vermochte so ein Prahler am n\u00e4chsten Tag urpl\u00f6tzlich nicht mehr klar aus den Augen zu schauen, oder musste wegen heftiger Schmerzen in den Beinen das einsame eigene Lager h\u00fcten. Und nachdem C\u00b4in die beiden freien M\u00e4dchen eingehend gemustert hat, lenkt sie ihren Blick auf die junge Mutter. Die sich von ihrem L\u00b4vio ein wenig helfen l\u00e4sst, um nun auch mit ans Feuer zu \u0001 \u0002 kurze Ersch\u00f6pfungsschlaf tat N\u00b4drea nach den Geburten wohl und wenn sie auf L\u00b4vio h\u00e4tte h\u00f6ren wollen, h\u00e4tte sie einfach auf ihrem Platz bleiben k\u00f6nnen. Aber sie m\u00f6chte mit in der Runde sitzen und wenigstens zuh\u00f6ren. Es st\u00f6rt niemanden, dass die frischgeborenen Kinder durch all die Bewegung aufwachten, um umgehend nach der Tr\u00e4nke zu suchen, die ihnen leckere Nahrung geboten hatte. Nachdem beide S\u00e4uglinge von den Tr\u00e4nken ablie\u00dfen, alles zuckt zusammen, als ein recht lautes R\u00fclpsen t\u00f6nt. C\u00b4in l\u00e4chelt und l\u00e4sst sich eines der Babys reichen, man sieht, das das Kleine sich auch bei ihr recht wohl f\u00fchlt und sie reicht es an den Schamanen weiter, der die beiden ein weiteres Mal untersuchen m\u00f6chte. N\u00b4drea reicht das zweite Kind und beobachtet wie ein Falke, wie die Einzelnen mit ihren Kindern umgehen. Im Kreis herum gereicht, darf jeder die Kleinen wenigstens halten. Und wieder zeigen N\u00b4drea ihre Schwestern etwas Neid. Aber sie kichern als die Kleinen unmittelbar auch hier eine Tr\u00e4nke zu vermuten scheinen, den kleinen Nachschlag bekommen sie jedoch erst, als sie zur\u00fcck bei ihrer Mutter sind.\u201eNoch etwas Gulaschsuppe ... ?\u201c, Pa\u00b4o fragt in die Runde und zieht einen Mundwinkel leicht herab, als er entdeckt, dass die F\u00fchrerin des zu Besuch weilenden kleinen Jagdtrupp pl\u00f6tzlich die Brauen zusammenzieht.\u201eWas f\u00fcr Fleisch habt ihr dort hineingeschnitten? Ich mein, es ist wirklich gut gew\u00fcrzt und hat eine gewisse Tiefe. Ach was, ich nehme noch eine kleine Sch\u00fcssel voll ... \u201c, die Sch\u00fcssel hoch haltend, ein aufmerksamer E\u00b4ivin nimmt sie ihr ab und l\u00e4\u00dft sie vom beim Topf stehenden Fro neu f\u00fcllen. Derart ermutigt m\u00f6chte fast jeder einen Nachschlag, doch erst als dieser in den M\u00e4gen landete, nachdem man sich ein wenig \u00fcber Gew\u00fcrzpflanzen und die Methode kleine Fleischw\u00fcrfel auf einem Lehmbrett zu garen unterhalten hat ... \u201e\u00c4hm, um es genau zu sagen, der dort ist uns gestern in den Topf spaziert. Nachdem es ihm auf der Lehmplatte zu hei\u00df wurde ... \u201c, Si\u00b4ica offenbart, wohin ein Teil vom Fleisch des S\u00e4belzahn inzwischen verschwunden ist. Und niemand kann abstreiten, die Suppe, angereichert mit den kleingeschnittenen Knollen und anderem Gem\u00fcse, es hat geschmeckt. Was vielleicht auch an der neuen Zubereitungsart liegen k\u00f6nnte. Also erst braten und dann ab in die k\u00f6chelnde Suppe. Die Geschichte um die Tigerjagd ist schlie\u00dflich auch schnell erz\u00e4hlt.\u201eFreches Viech, aber was hatte der ausgerechnet hier verloren. Meinte der etwa, dass er eine Chance hat, weil die zwei Kraftprotze nicht anwesend waren?\u201c, und C\u00b4in schafft die \u00dcberleitung zu den von ihr vermissten, Ro\u00b4l und Fr\u00b4k. Das Pa\u00b4o zielsicher das im Geb\u00fcsch gegen\u00fcber aufgetauchte Auge des S\u00e4belzahn traf, muss sie einfach glauben. Glaubhafter ist ihr das gemeinsame Erlegen des Tigers durch Si\u00b4ica und L\u00b4vio.\u201eWie sagte ich, Liebes?\u201c, Pa\u00b4o wendet sich kurz an Si\u00b4ica, \u201eAch so, schlussendlich werden die beiden mal wieder nicht aufgepasst haben, wo sie sich befinden. Und wanderten durch die Ewigkeit von wenigstens zwei Krokodilm\u00e4gen. Ob es die beiden dort sind, keine Ahnung, wir haben nur die Haut und das am besten gebrauchsf\u00e4hige Fleisch mitgenommen. Den Rest darf sich die Witwe vom S\u00e4belzahn mit den Geiern und anderen teilen. Wird nicht mehr viel da sein, sch\u00e4tze ich.\u201c, Pa\u00b4o. Der seine Amazone erneut kurz anschaut. Die jedoch M\u00fche hat, etwas anderes als ein unernstes Gesicht zu ziehen.\u201eDu hast nach ihnen gesucht und ... oh. Die beiden Krokodile erlegt?\u201c, C\u00b4in. Wenn das wahr ist, das Pa\u00b4o die Krokodile erlegt hat, dann muss er besser sein, als sie annahm.\u201eOh, eines davon haben wir erlegt ... \u201c, unaufgefordert meldet sich Lia-ne zu Wort. Die am Tag zuvor den Palmwedel zu schwingen hatte. Worauf C\u00b4in sie zwar wieder kurz mustert, ihr Blick jedoch eher bei der Schwester, also bei L\u00b4nita verharrt. Auch kurz genug, um bei den anderen keine erweiterte Aufmerksamkeit zu erregen. \u201eDas Fr\u00b4k kreuzd\u00e4mlich war, sagte man ihm schon bei der Gruppe nach, wo er aufwuchs. Und Ro\u00b4l stand ihm beinahe in nichts nach, na ja. Und, keine Sorge Si\u00b4ica. Ich will dir deinen Kerl nicht wegnehmen. Ihr passt besser zusammen, als es der erste Blick f\u00fcr m\u00f6glich h\u00e4lt.\u201c, die beiden Frauen grinsen sich an und Si\u00b4ica muss nicht mehr dar\u00fcber sinnieren, ob die Spitze ihres Speeres nach dem S\u00e4belzahn noch scharf genug f\u00fcr diese C\u00b4in geblieben sein k\u00f6nnte. Die als Konkurrentin wenigstens zehn Sommer weniger auf die Waagschale der M\u00f6glichkeiten legen kann. Und die Waage mit C\u00b4in sich \u00fcber Si\u00b4ica erheben w\u00fcrde.\u201eDiese D\u00e4mlacks, von einem S\u00e4belzahn erwischt zu werden, w\u00e4re keine Schande, durch ein Krokodil hingegen, also echt!\u201c, der Sprecher hat eine recht lange wenn auch nicht sehr tiefe Narbe. Die sich vom Hals \u00fcber die Schulter bis fast zum Ellbogen erstreckt.\u201eWie lange die wohl unter Wasser gezappelt haben ... ?\u201c, der zweite aus C\u00b4in ihrem Jagdtrupp erg\u00e4nzt. Seine Augen verraten, dass er der Prahlerei nur etwas entgegensetzen wollte. Also gesprochen hatte, ohne noch schnell dar\u00fcber nachzudenken.\u201eDas will ich gar nicht wissen, E\u00b4kk! Muss ein Schei\u00df Tod gewesen sein ... \u201c, Ge\u00b4er, der Dritte aus dem Jagdtrupp von C\u00b4in. Der nicht mitbekommt, dass sich drei Schwestern unmittelbar einig sind. Ohne ihn w\u00e4re es nur noch der \u00fcbliche Trupp aus drei J\u00e4gern und die Chefin ganz sicher immer noch ausreichend versorgt.\u201eBaut mal lieber unsere Jagdzelte auf. Solange es hell ist.\u201c, gibt C\u00b4in ihren Begleitern einen halben Befehl.\u201eUnsere H\u00f6hle bietet auch ausreichend Platz f\u00fcr alle ... \u201c, wendet darauf Pa\u00b4o ein.\u201ePa\u00b4o, deine Gastfreundschaft in Ehren, nur ... \u201c, und schon wieder grinsen sich Pa\u00b4o und C\u00b4in verstehend an. Da muss kein Wort dar\u00fcber fallen, ab dem heutigen Tag und wenigstens f\u00fcr das n\u00e4chste halbe Jahr, wird es in der H\u00f6hle unruhig genug sein. Zwei Minikrakeeler, denen man nicht wie bestimmten \u00c4ffchen einfach den Hals umdrehen kann, werden im wahrsten Sinn den Ton vorgeben. Und w\u00e4hrend die drei Jagdbegleiter von C\u00b4in auch das Zelt des Schamanen aufbauen, beginnt C\u00b4in mit einer neuen kleinen Erz\u00e4hlung. Eine Geschichte nach der anderen wird von den Anwesenden zur Kenntnis gegeben. Man lacht und am\u00fcsiert sich. Auch \u00fcber die sogenannte Schreibblockade wegen zerbrochenem Faustkeil von Pa\u00b4o. Nebenher schneiden die Lehrlinge des Schamanen das am Vorabend nur halb zerlegte Wildschwein restlos klein. Vor aller Augen wird die neue Art Fleischst\u00fccke zu braten vorgef\u00fchrt und man ist sich sicher, zusammen mit den Suppenresten aus Gro\u00dfkatzenfleisch, wird es weiter hervorragendes Essen geben. Der Schamane steuerte einen Beutel roter Bohnen bei, die zwar noch aus dem Vorjahr stammen k\u00f6nnten, der in Ruhe vor sich hin k\u00f6chelnden neuen Suppe jedoch neue Tiefe geben sollen. Die Schwestern beraten nebenher zu dritt und bleiben sich einig. Dieser Ge\u00b4er muss noch richtig an die Angel, auf die beiden anderen kann man gut verzichten. Aber wenn man den Schamanen ein wenig \u00e4rgern m\u00f6chte, da ist schlie\u00dflich der immer wieder h\u00fcbsch rosa anlaufende E\u00b4ivin. Und so weit auseinander ist man in der Zahl der bisher erlebten Sommer eigentlich nicht. L\u00b4vio k\u00f6nnte sich bei den Unterhaltungen an den Rand gedr\u00e4ngt f\u00fchlen, weil er gar nicht zu Wort kommt. Jedoch gef\u00e4llt ihm die Rolle als stummer Zuh\u00f6rer. Ihm ist es recht, nicht im Brennpunkt von Aufmerksamkeit zu sein. So am Rand, wenig beachtet, da kann er seiner Phantasie freien Lauf lassen. Und sich trotzdem genauso \u00fcber den \u00e4ltesten Lehrling des Schamanen am\u00fcsieren. \u00dcber den er, also dem Schamanen, nicht wei\u00df, dass dieser einst der eigentliche Ursprung f\u00fcr das Leben seiner N\u00b4drea wurde.*** *** ***\u2026 Sch\u00e4del des S\u00e4belzahn \u2026 ich verrate dir mal, wo der Kopfinhalt hingelangt ist. In der Steinzeit gab man sich M\u00fche alles zu verwerten, was an einem erlegten Tier zu finden war. Sprich, so wenig vielleicht im Kopf gewesen sein mag, es bereicherte die \u00fcber Nacht teils vor sich hin k\u00f6chelnde, teils nur noch ziehende Suppe im Kochtopf. Und jetzt weist du auch, wie gro\u00df dieser Topf ist. Schlie\u00dflich muss der Kopf hineingepasst haben \u2026 Tanz der jungen M\u00e4nner und Frauen \u2026 no Spoiler. Die Geschichte hier bleibt auf P12. Der Rest steht zwischen den Zeilen, du mu\u00dft nicht ausprobieren wieviel Platz im Topf ist, wenn du deinen Kopf abk\u00fchlen willst.\u2026",
            "wordcount": "2.158",
            "chapter_release": "14.11.2021",
            "chapter_number": "6"
        },
        "7": {
            "text": "\u2026 07 ... Steinzeit \u2013 DiskoBo\u00b4l fragt seinen Lehrmeister leise etwas und dieser nickt ihm einfach zu. Unter all dem Gep\u00e4ck, welches der Schamane mit sich f\u00fchren muss, gibt es eine halbmetergro\u00dfe Trommel aus dem Baum der Eichhornn\u00fcsse. So dick wie die Oberschenkel von Si\u00b4ica. Ein langer, etwa zwei Finger breiter vertikaler Schlitz sorgt daf\u00fcr, das der Klang dieser mit den H\u00e4nden geschlagenen Trommel auch mal weit ins Land hinein schallen kann. So sie als Signaltrommel dienen soll. F\u00fcr den Abend hier hat der junge Bursche jedoch anderes vor und hofft, dass er gelegentlich von E\u00b4ivin abgel\u00f6st wird. Damit auch er seinen Spa\u00df inmitten der bald Tanzenden hat. Vier, f\u00fcnf Takte, und auch der Letzte wird aufmerksam. F\u00fcr den Moment scheint es, als ob der Gespr\u00e4chsstoff auszugehen droht. Die eine Trommel als Auftakt ist den jungen M\u00e4nnern und den M\u00e4dchen hochwillkommen. Vor allem nat\u00fcrlich den beiden frei gewordenen jungen Frauen, die ihre Netze \u00fcber den einen Begleiter von C\u00b4in werfen m\u00f6chten. Eine taktvoll geschwungene mit Sand gef\u00fcllte Rassel, aus dem Equipment des Schamanen vervollst\u00e4ndigt den Klangteppich, der von der Trommel vorgegeben wird. Und eine besondere Aufforderung, sich in einem Kreis zum Tanzen einzufinden, ben\u00f6tigt es nicht. Wohl blitzt Si\u00b4ica ihrer Nichtkonkurrentin C\u00b4in kurz hinterher, als diese mit einem Kopf nicken gegen\u00fcber Pa\u00b4o anzeigt, ihn f\u00fcr den ersten Tanz haben zu wollen. Doch sie revanchiert sich, indem sie sich den angeblich durch einen S\u00e4belzahn gesch\u00e4digten Jagdbegleiter aussucht. Und blitzt denselben fr\u00f6hlich an, da dessen Mimik nur eines zum Ausdruck bringt. Diese etwas in die Breite gegangene Frau kann mit ihren T\u00f6chtern nicht \u0001 \u0002 hat die eine Tochter, jene mit der besten Vorderansicht, sich schon den n\u00e4chsten T\u00e4nzer ausgew\u00e4hlt, bevor der Krallengesch\u00e4digte h\u00e4tte zum Zug kommen k\u00f6nnen. Was wiederum daran liegt, dieser Tanz ohne jeglichen K\u00f6rperkontakt, hat auch eine k\u00e4mpferische Note. Und der Bursche an der Trommel am\u00fcsiert sich, als das Knie der H\u00f6hlenfrau denn doch einen K\u00f6rperkontakt herstellte. Heftig genug, dass ihr Widerpart seinen kurz angesetzten Faustschlag nur halb auszuf\u00fchren vermochte. Ausreichend kr\u00e4ftig war der Kniesto\u00df um kurz ohne Atem zu sein. Und sich kniend am Boden wiederzufinden. Er mu\u00dfte einfach Si\u00b4ica ihre Hand als Aufstehhilfe annehmen. Derweil sich sein Jagdgef\u00e4hrte, Ge\u00b4er, freiwillig vor dem Sonnenschirmm\u00e4dchen geschlagen gab. L\u00b4nita, l\u00e4chelt den Knienden sch\u00fcchtern an und dieser wundert sich, das sie es schafft, ihn derart wegzulotsen, das niemand aufmerksam zu werden schien. Da Pa\u00b4o aber v\u00f6llig durch den alten Schamanen abgelenkt scheint und die Mutter ihre Aufmerksamkeit noch nicht wieder auf alles gelenkt haben kann, findet sie den Augenblick perfekt. Die Schwestern hatten sich geschworen einander nicht im Weg zu stehen. Eher das sie die jeweils Gl\u00fcckliche decken w\u00fcrden.\u201eOh, was hast du dort neben dem Eingang in den Fels geritzt?\u201c, der Schamane zu Pa\u00b4o.\u201eDas war N\u00b4drea. Gef\u00e4llt es dir?\u201c\u201eDas sieht beinahe echt aus. Als ob, oh, versucht der Hirsch nach hinten zu bei\u00dfen?\u201c\u201eSie hat es im letzten Winter auf Jagd gesehen. Der Hirsch hat wirklich versucht seine Verfolger, die W\u00f6lfe zu verbei\u00dfen.\u201c\u201eUnd sie hat es in den Fels geritzt. Oh, das flackernde Feuer erweckt die Szene zum Leben!?\u201c\u201eNein, die Fackeln, die der vom S\u00e4belzahn Zerkratzte gerade so h\u00fcbsch taktvoll schwingt.\u201c\u201eEr will deinen T\u00f6chtern nur imponieren. Sagst du nichts, wenn diese auf den Schwachkopf reinfallen?\u201c\u201eSo etwas regelt die Natur - gl\u00fccklicherweise. Und meine beiden T\u00f6chter dort, sie haben ja gerade frisch gelernt. Auf ihre Schwester zu h\u00f6ren.\u201c\u201eN\u00b4drea ist sehr klug ... \u201c, recht nachdenklich antwortet der Schamane.\u201eVon wem sie das wohl haben mag ... ?\u201cDer Schamane stutzt. Der Unterton war eindeutig. Was er sich nicht vorzustellen wagte, das seine kleinen Abenteuer, zumindest das eine mit Bezug auf die kleine Familie hier, das Pa\u00b4o davon wei\u00df. Denn Si\u00b4ica ist auch eine sehr kluge Frau. Und hatte damals gesagt, dass man auch in einer engen Beziehung immer noch Geheimnisse wahren darf. Nicht alles muss unbedingt oder irgendwann erz\u00e4hlt werden. Als der alt gewordene Schamane zu Pa\u00b4o wieder hochschaut, sieht er diesen beinahe verschmitzt l\u00e4cheln. Ein alt gewordener Mann vermag auch noch rot zu werden. Aber dies kann man im Feuerschein nicht erkennen. Er wechselt lieber das Thema. Gegen\u00fcber Pa\u00b4o muss er kein Blatt vor den Mund nehmen, hat er soeben gelernt. Und w\u00e4hrend beide sich ins einmal begonnene Gespr\u00e4ch vertiefen, hallen die Trommelkl\u00e4nge mindest bis zu den nicht weit weg stehenden ersten B\u00e4umen. Die frischgeborenen Kinder lassen sich davon nicht im Schlaf st\u00f6ren und N\u00b4drea schmiegt sich in die Arme ihre L\u00b4vio. W\u00e4hrend beide sich eher zu den Kl\u00e4ngen hin und her wiegen. Die anderen wechseln zu einem Jagdtanz, bei dem man die Biegsamkeit der Leiber, und die Geschicklichkeit sich zu bewegen am besten aneinander erproben und bewundern kann. Si\u00b4ica winkt den \u00e4ltesten Lehrling des Schamanen in den Kreis der Tanzenden und dieser gl\u00fcht vor Stolz, hier einfach mittun zu d\u00fcrfen. Die Eleganz, mit der er sich zu bewegen wei\u00df, vermag sich durchaus mit der seiner recht kr\u00e4ftig gebauten Tanzpartnerin vergleichen. Doch ob nun eher C\u00b4in einen Preis davon tragen k\u00f6nnte, oder die beiden kurz miteinander Verschwundenen, das sind Dinge, die heute keine Wichtigkeit haben. L\u00b4nita und Ge\u00b4er bewegen sich geradezu im Einklang. Mit einer Geschmeidigkeit, die nichts verr\u00e4t, was beide zusammen bis vor wenigen Minuten erlebten.\u201eManchmal vergesse ich einfach, wieviel an diversen Vorr\u00e4ten noch da ist. Und wo ich manches hintat. Ich brauche eine gr\u00f6\u00dfere H\u00f6hle ... \u201c\u201eIch k\u00f6nnte deinen Lehrlingen meine neue erfundene Schrift beibringen. Weist doch: Wenn du hast Kopf wie Sieb, musst nur aufschreiben.\u201c\u201eDeine Hieroglyphen, wer soll das denn deuten k\u00f6nnen? Kein, nichts. L\u00e4\u00dft sich ehrlich deuten!\u201c\u201eNun, das hier dr\u00fcckt aus, dass die M\u00e4dchen so flei\u00dfig Knollen ernteten, das wir erst in vier Wochen neue ernten m\u00fcssen ... \u201c\u201eDa sind aber keine schr\u00e4gen Striche, die unsere Mondwochen z\u00e4hlen?\u201c\u201eIch nenne das Buchstaben. Diese vier bedeuten \u2013 Mond, der Pfeil davor sagt, das der n\u00e4chste Mond gemeint ist. Derselbe den wir gestern hatten ... \u201c\u201eOh, deswegen sieht das Zeichen so aus, wie eine auf die Kante gestellte Sch\u00fcssel?\u201c\u201eGenau. Das Zeichen dient nur der gedanklichen Verbindung. Vier senkrechte Striche waren doch vier Tage, stimmts?\u201c\u201eJa, so ist es Brauch seit ... mmh. Na egal seit wann ... \u201c\u201eIch dachte mir, das man Zahlen anders darstellen sollte. F\u00fcnf Finger haben wir an jeder Hand und zusammen sind es zehn. Eine sogenannte Dekade k\u00f6nnten zwei diagonal gekreuzte Striche sein, oder aber die Zeichen die eins und nichts, also null darstellen.\u201c\u201eUnd zehn mal zehn Tage sind einhundert Tage ... \u201c\u201eDu f\u00fcgst eine weitere Null an. Die Eins vorne macht die Nullen zu etwas Gro\u00dfem!\u201c\u201eZehn Monde sind es im Schnitt. Von der Zeugung bis zur Geburt ... ?\u201c\u201eDie Zahl findest du hier. In Tagen ausgedr\u00fcckt - 280. Also zweihundertundachtzig Tage.\u201c\u201eDas hast du vorhin also noch eingemei\u00dfelt? Warum?\u201c\u201eWeil ich meiner N\u00b4drea und ihren beiden ersten Kindern ein besonderes Geschenk machen m\u00f6chte. Kinder sind ein Geschenk der Zukunft!\u201c\u201eDas sind sie. Und N\u00b4drea ist jedes besondere Geschenk wert! Meinst du, ich k\u00f6nnte auf, \u00e4hm, kleinen Steinplatten einpr\u00e4gen, welche Pflanzen in den dahinter stehenden Gef\u00e4\u00dfen aufbewahrt werden?\u201c\u201eNat\u00fcrlich. Und da die Sache mit den Steinplatten etwas m\u00fchselig ist, L\u00b4vio hatte eine super Idee. In Lehm l\u00e4\u00dft sich das viel einfacher schreiben. Und wenn das aufgeschriebene nicht mehr stimmt, l\u00f6st du die Platte in Wasser auf und machst sie neu.\u201c\u201eDas macht Sinn. Und schwer sind die Lehmplatten auch nicht. Du sagtest, du willst es meinen Lehrlingen beibringen?\u201c\u201eMacht es Sinn, wenn ich meine Erfindungen f\u00fcr mich behalte? Nat\u00fcrlich w\u00fcrde ich jeden alles das lehren, was ich wei\u00df. M\u00f6ge es Nutzen bringen. Sie m\u00fcssten ein paar Wochen hier bleiben.\u201c\u201eEinen k\u00f6nnte ich vielleicht entbehren. Aber nur wenn N\u00b4drea mir eines ihrer bewegten Bilder an die Felswand zeichnet!\u201c\u201eMmh, vielleicht der junge Fro? Er lernt von N\u00b4drea wie die Striche f\u00fcr den B\u00e4ren angebracht werden m\u00fcssen. Und wo das Feuer stehen sollte. Geschickt genug geht er mit seinem kleinen Messer um. Wo hat er das her?\u201c\u201eFro gebe ich sehr ungern aus der Hand. Er wurde mir wie ein Verm\u00e4chtnis \u00fcbergeben, als er kaum vier Sommer alt geworden sein kann.\u201c\u201eIst eine l\u00e4ngere Geschichte? Erz\u00e4hl sie mir, wenn du dich dazu entschlie\u00dfen kannst. Ich denke, dass er vor allem jung genug ist, um ausreichend Zeit zu haben. Diese Idee vom Schreiben weit herumzutragen. W\u00e4hrend er meine grunds\u00e4tzliche Idee verbessert.\u201c\u201eDu hast seltsame Vorstellungen von der Zukunft, Pa\u00b4o.\u201c\u201eNenn es seltsam. Und erinnere dich an das eben Gesagte. Du wei\u00dft auch nicht mehr, seit wann schon, man Striche als Z\u00e4hlma\u00df verwendet.\u201c\u201eDu mu\u00dft mir schon verzeihen, Pa\u00b4o. Inzwischen bin ich doch so alt geworden, dass mir die gewohnte Umgebung erhaltenswerter ist, als Neues entdecken zu wollen.\u201cUnd Pa\u00b4o l\u00e4chelt in sich hinein. Der Schamane widerspricht sich selbst. Oder denkt an das, was ihm nahe Zukunft sein wird. Die hei\u00dft, keine Ortsver\u00e4nderung mehr, da sein bisheriges herum Reisen zu m\u00fchselig wird. Er wei\u00df es, aber er realisiert es noch nicht. Warum wohl hat er mehr Lehrlinge, als je? Sie lernen. Ja. Aber sie erledigen auch all die Aufgaben, die der Schamane zuvor gewohnterma\u00dfen und ohne noch dar\u00fcber nachzudenken einfach erledigte. Er kann nicht mehr so, wie er es von sich gew\u00f6hnt war. Die \u00dcbergabe des Zepters als Schamane geht einher mit der Annahme der Hilfe, die Menschen untereinander auch schon immer, ohne Vereinbarungen zu treffen, machten. Pa\u00b4o wei\u00df von den Pl\u00e4nen manch gr\u00f6\u00dferer Jagdgruppe. Genau diesen Schamanen fest an sich zu binden. Die Frage steht, ob der alt gewordene Schamane dies in seine Rechnung mit einbezieht, wenn C\u00b4in ihn direkt fragen wird. Pa\u00b4o hatte C\u00b4in beim Er\u00f6ffnungstanz nahe gelegt, gegen\u00fcber dem alten Mann mit offenen Karten zu spielen. Und sie hatte im Anschluss gesagt, dass sie das Gef\u00fchl bekam, mit ihrem Vater gesprochen zu haben. Ein herzerfrischendes Lachen beendete den gemeinsamen Tanz und Si\u00b4\u00edca l\u00e4chelte am\u00fcsiert, als sie zu Geh\u00f6r bekam, das eine neue Tochter sich selbst adoptiert hatte.*** *** ***durch einen S\u00e4belzahn gesch\u00e4digten Jagdbegleiter \u2026 du erinnerst dich an die lange Narbe von Dr\u00b4an, vom Halsansatz bis zum Ellbogengelenk. Statt sein Messer ins Auge des angreifenden S\u00e4belzahn zu schleudern, riskierte er eine Umarmung, um das Herz zu treffen \u2026 hat du Kopf wie Sieb \u2026 musst du eine M\u00f6hre nehmen. W\u00fcrde das H\u00e4schen sagen. Oder irgendwas \u0001 \u0002 \u2026 man glaubt es kaum, aber die Kunstfertigkeit der sogenannten H\u00f6hlenmenschen ist gr\u00f6\u00dfer gewesen, als man annehmen oder bisher hat finden k\u00f6nnen. Aber wenn man satt ist und auch gut mit Essen versorgt, hat man Langeweile. Da k\u00f6nnen Dummheiten, Kriege oder auch sp\u00e4ter als Kunst benanntes \u0001 \u0002 \u2026 an der Stelle mu\u00df ich auf mein Exklusivrecht an dieser Geschichte verweisen! Egal ob dein Gehirn, deine Augen, dir beim lesen des Namens permanent einen Frosch vorgaukeln. Du darfst jedoch nach einem Namen suchen, dessen erste drei Buchstaben Fro hei\u00dfen. Seine Geschichte k\u00f6nnte glatt ein ganzes Buch f\u00fcllen und sogar zu neuen Verschw\u00f6rungstheorien f\u00fchren ;)\u2026",
            "wordcount": "1.778",
            "chapter_release": "28.11.2021",
            "chapter_number": "7"
        },
        "8": {
            "text": "\u2026 08Somit ist das Ende des ersten Teils einer Geschichte aus der Steinzeit erz\u00e4hlt. Dank sei meiner Tochter, die es schaffte, Ideen auch im Nachhinein einbringen zu lassen. Irgendwo fand sich noch die eine oder andere abgebrochene Ecke der eingangs erw\u00e4hnten Steintafeln. Die den vorliegenden Text letztlich erg\u00e4nzten. Erw\u00e4hnt sei hier das f\u00fcnfte Kapitel mit der Sternschnuppe. Wenn man den entzifferten Steintafeln Glauben schenken darf, war die beschriebene H\u00f6hle besser aufger\u00e4umt, als Schreibtisch und Wohnung von - nu \u0001 \u0002 Spa\u00df beim zu Ende lesen.\u2026EpilogDrei Tage und N\u00e4chte wollten die G\u00e4ste bleiben. Es wurden zwei Wochen, vom halben bis zum vollen Mond daraus. Ge\u00b4er gestand, dass er sich in L\u00b4nita verguckt hat. Und seine Jagdf\u00fchrerin l\u00e4chelte, als der junge Mann etwas von Bewunderung f\u00fcr das M\u00e4dchen murmelte. Die beiden Schwestern, L\u00b4nita und Lia-ne hatten mit ihm am zweiten Tag einen Jagdausflug und ausreichend Beute gemacht, sodas zum Abend reichlich Essen aufgetischt werden konnte. Selbst L\u00b4vio fand gegen den neuen Jagdpartner nichts einzuwenden, da dieser ihm geduldig zeigte wie man eine Steinschleuder benutzt. Und sie so einsetzt, das Flugh\u00fchner und selbst ein Kaninchen keinen Grund mehr zum wegrennen, beziehungsweise fliegen \u0001 \u0002 der Schamane wollte sich nicht \u00fcberreden lassen mit C\u00b4in zu deren Gruppe zu wandern, um zu bleiben. Ein paar Tage, danach jedoch wollte er wie gewohnt seiner Wege \u0001 \u0002\u00b4in l\u00e4chelt versonnen, wenn sie daran denkt, das sie mit dem Verlust von Ge\u00b4er nur noch, jedoch den normalen Jagdtrupp hat. Also zu dritt auf Jagd unterwegs sein werden. F\u00fcr sie hat wenig Bedeutung, was ihre Gef\u00e4hrten auf Jagd im Gebiet um den H\u00fcgel anstellen, w\u00e4hrend sie sich mit Si\u00b4ica austauscht. Erfahrungen, die man auf der Jagd nach denselben Tieren auf unterschiedlichste Weise machte. Der junge Fro hingegen schaute zweifelnd, w\u00e4hrend ihm von Pa\u00b4o das neue System f\u00fcr Zahlen und auch sogenannten Buchstaben erkl\u00e4rt wird. Der Junge wei\u00df jetzt schon das er seinen bisherigen Lehrmeister und halben Vater vermissen wird. Er wei\u00df aber auch, so nichts dazwischen kommt, der Schamane wird genau hierher zur\u00fcckkommen. Am dritten Tag erreichte eine weitere, etwas gr\u00f6\u00dfere Jagdgruppe den H\u00fcgel. Den Spuren des Schamanen folgend, den sie zu ihrem Sommersitz einladen wollen. Der Schamane sollte den Zauber wirken, der eine Spaltung der recht gro\u00dfen Verbindung vieler Familien verhindern k\u00f6nnte. Es stritten sich die Jagdf\u00fchrer um den Vorsitz im Beratungsrund. Eine Angelegenheit, die nicht mehr durch die Natur auf die eine oder andere Weise gel\u00f6st werden konnte. Die Gesandten des Familienverbundes stolperten kurz vor dem H\u00fcgel \u00fcber ein verirrtes Wollnashorn. Und hatten anschlie\u00dfend eine Menge Arbeit. Dieses soweit aufzubereiten, dass es in Teilen transportf\u00e4hig wurde. Die M\u00fchsal, das Tier den H\u00fcgel hinauf zu bekommen, verga\u00df der F\u00fchrer dieser gro\u00dfen Gruppe jedoch umgehend. Seine Jagdgef\u00e4hrten am\u00fcsierten sich \u00fcber ihn nicht wenig, da er selbst nicht zu merken schien, dass er wie ein schillernder Pfau um das M\u00e4dchen herumt\u00e4nzelte, deren Blick ihn traf, seitdem man die Lasten endg\u00fcltig absetzen konnte. Und die Schwiegermutter in spe mu\u00dfte ihn nur kurz mustern, da wusste der junge Mann, dass wenn, dass er nicht zu seinem Familienverbund zur\u00fcckkehren wird. Eine Verbindung schlie\u00dfen, geht schnell. Das Fleisch des Nashorns reichte in den Tagen des gemeinsamen Feierns f\u00fcr alle, sodas niemand auf Jagd gehen mu\u00dfte. Als der Mond voll war, sch\u00fcttelte N\u00b4drea am\u00fcsiert den Kopf. Ihre Schwestern schienen noch immer nichts bemerkt zu haben. Und N\u00b4drea freut sich, ohne l\u00e4stige Konkurrenz, in sp\u00e4testens vier Monaten auf Jagd gehen zu k\u00f6nnen. Weil dann ihre Schwestern endlich lernen m\u00fcssen, den Haushalt zu bew\u00e4ltigen. Arbeit, in die sich ihre neuen Kerle einfach ebenso hineinzufinden haben. Daf\u00fcr wird Mama Si\u00b4ica schon Sorge tragen. Wenn der Bauch sich zu runden beginnt, ist sp\u00e4testens der Tag erreicht, an dem man nicht mehr auf Jagd gehen sollte. Sie grinst ihre Schwestern an, w\u00e4hrend sie sich von L\u00b4vio die beiden Frischgeborenen geben l\u00e4\u00dft. Deren neuen M\u00f6chtegernlebensgef\u00e4hrten schaut sie verschmitzt hinterher. F\u00fcr die kommenden B\u00e4uche sorgte ein Kerl allein. Und der zweite wird es nie gesagt bekommen. Mama Si\u00b4ica hatte recht hintergr\u00fcndig die Augen verdreht, als die beiden Schwestern mit Ge\u00b4er von ihrem ersten Jagdausflug zur\u00fcckkamen. Die Stunde des Abschieds kommt und manch einem ist zumute, als ob man gerade erst angekommen w\u00e4re. Gepaart mit dem dazu recht widerspr\u00fcchlichen Gef\u00fchl, schon eine halbe Ewigkeit hier auf dem H\u00fcgel zu sein. Die zuletzt gekommene Gruppe wird sich auf dem Weg zur\u00fcck dar\u00fcber einig werden, wer der neue Anf\u00fchrer ihrer Schar sein wird. Eine Option dabei ist ja auch, zur\u00fcck bei ihrem Familienverbund, den Job einfach dem aufzuhalsen, der zwar wenig Erfolg auf Jagd, daf\u00fcr aber oft einen \u00fcberraschend wirksamen Rat vorzubringen wusste. Und schon offiziell verneint hat, sich um die F\u00fchrung des gesamten Familienverbundes bewerben zu wollen. Zumindest hatte der Schamane von dieser M\u00f6glichkeit als beste Variante \u0001 \u0002\u00b4in begleitet mit den ihr verbliebenen zwei J\u00e4gern den Schamanen. Sie war zuerst da, also wird ihre Bitte zur n\u00e4chsten Aufgabe f\u00fcr den weithin geachteten Mann. Auf dem langen Weg beobachtet sie sehr genau, wenn es eine Lehrstunde f\u00fcr die beiden \u00fcbriggebliebenen Lehrlinge gibt. E\u00b4ivin macht ihr Spa\u00df, der fl\u00fcgge gewordene junge Bursche hat M\u00fche, sich so zu konzentrieren, wie es vom Lehrmeister gefordert wird. Aber in C\u00b4in ihren Augen hat er das Potential, nach seiner Lehrzeit, der junge Schamane ihres Stammes zu werden. Wie lange sein Lehrherr noch in der Wirklichkeit sein Leben genie\u00dfen wird, l\u00e4\u00dft sich zwar nicht vorhersehen, das Ende desselben ist jedoch schon sichtbar geworden. Um den ein Jahr j\u00fcngeren Lehrling, Bo, macht sich C\u00b4in weniger Gedanken. Wenn er noch etwas mehr gefordert werden w\u00fcrde, k\u00f6nnte er seinen \u00e4lteren Gef\u00e4hrten \u0001 \u0002 der H\u00f6hle unterh\u00e4lt sich die frisch erweiterte Familie. Man scherzt, zieht ein wenig \u00fcber die nicht mehr anwesenden G\u00e4ste her und sortiert beim kleine Geschichten erz\u00e4hlen die neue Rangfolge unter den jungen J\u00e4gern. Wie immer ungeachtet von weiblichen oder m\u00e4nnlichen Attributen. Jagen, Sammeln, der Winter mag noch in weiter Ferne liegen, es ist nicht wichtig, wer den gr\u00f6\u00dferen jeweiligen Erfolg hat, wichtig ist, das man nicht verhungert. Bevor mit dem Fr\u00fchling die Natur wieder lebendiger wird. Zwei kleine M\u00e4uler m\u00fcssen jetzt schon mit eingeplant werden, zwei weitere sowie es wieder w\u00e4rmer wird. Fro, so unerwartet aus dem Gleichma\u00df seines bisherigen Lebens gerissen, l\u00e4\u00dft sich von N\u00b4drea und L\u00b4vio alles in und rund um die H\u00f6hle zeigen. Er nimmt stolz den f\u00fcr ihn gefertigten Kurzspeer entgegen und zweifelt N\u00b4dreas Worte ein wenig an. Vonwegen das er mit dem Teil auch ein Krokodil erjagen d\u00fcrfen wird. Und nach einem ermahnenden Klapser von Si\u00b4ica f\u00fchlt er sich das erste Mal richtig heimisch. Man geht schlafen, sp\u00e4testens wenn die Sterne vollz\u00e4hlig am Himmel leuchten. Der n\u00e4chste Tag soll ein Familienausflug zu der Lehmgrube werden, die von L\u00b4vio gefunden wurde. K\u00f6rbe f\u00fcr den Transport hatte man w\u00e4hrend des Geschichten erz\u00e4hlens gemeinsam gefertigt.*** *** ***Steinschleuder \u2026 hier ist das Teil gemeint, mit dessen verbesserter Ausf\u00fchrung ein gewisser David gegen den Riesen antrat. Nicht das Teil, welches eine Art Bogensehne oder einen starken Gummi ben\u00f6tigt.***Der Geschichtenerz\u00e4hler erz\u00e4hlt Geschichten und h\u00f6rt auch w\u00e4hrend des Geschichten erz\u00e4hlens zu. Oder doch beim Geschichtenerz\u00e4hlen. Und manchmal erz\u00e4hlt sich eine Geschichte fast von allein.***Ist kein Ende f\u00fcr die Steinzeitrosen. Ich g\u00f6nne den M\u00e4dels und auch deren Kerlen etwas Ruhe. Andere Steinplatten warten darauf entziffert und in heute gebr\u00e4uchliche Worte \u00fcbertragen zu werden. Derweil auch die Lehmtafeln, nach Alter und fortschreitender Kunst beim Brennen geordnet, auf das Entziffern ihrer Inschriften warten.\u2026",
            "wordcount": "1.222",
            "chapter_release": "05.12.2021",
            "chapter_number": "8"
        }
    },
    "title": "Steinzeit - Rosen",
    "topic": "unspecified",
    "release": "\n15.02.2020\n\t\t\t\t\t\t",
    "author": "Lifegamer"
}