{
    "tags": [],
    "chapcount": "11",
    "wordcount": "10.885",
    "chapters": {
        "1": {
            "text": "Hi, ich schreibe immer wieder Geschichten, hab dann so 10 Seiten geschafft und h\u00f6re wieder auf, weil ich irgendwie den Sinn verloren habe. Hoffe die Geschichte ist besser und gef\u00e4llt jemandem. 764 Jahre nach dem NeustartShena sa\u00df auf einer Lichtung in der N\u00e4he der gro\u00dfen Stadt, sie starrte in die laubgr\u00fcnen B\u00e4ume. In ihr tobten gemischte Gef\u00fchle, sie versuchte, sich auf das vorzubereiten, was sie gleich tun w\u00fcrde, irgendwie. Starrte weiter auf die B\u00e4ume, wartete ungeduldig darauf, dass er endlich auftauchte, wartete. Nach au\u00dfen hin sah man Shena nicht an, wie aufgew\u00fchlt sie war, zumindest wenn man sie nicht sehr gut kannte. Die Bl\u00e4tter der B\u00e4ume, um sie herum rauschten im Wind und sie zitterte leicht unter dem schweren Blick des Mondes. \u201eJa, ich wei\u00df. Es ist besser so. Schwer ist es trotzdem.\u201c Es schien, als w\u00fcrde sie mit jemandem sprechen, doch bis auf die Ger\u00e4usche des Waldes, war es still auf der Lichtung. Und doch, ein heftiges Rauschen, heftiger als alle Male zuvor, erfasste die B\u00e4ume und best\u00e4tigte Shena in ihrem Wissen, sie musste es beenden heute, f\u00fcr \u0001 \u0002 lehnte sie sich an den rauen Fels der hinter ihr in den Himmel ragte, w\u00e4re es doch nur einfacher, w\u00e4re sie doch nur nicht sie. Sie starrte in den Himmel, dachte an all die sch\u00f6nen Momente, die wunderbaren Gef\u00fchle. Und obwohl sie wusste, wie sehr es ihr wehtat, h\u00f6rte sie nicht auf daran zu denken, konnte es einfach nicht. Aufgew\u00fchlt fuhr sie sich durch ihr langes wei\u00dfes Haar, es war von Geburt an, strahlend wei\u00df, wie Schnee gewesen, was sie sofort als Heilerin gezeichnet hatte. W\u00e4re sie nicht die Heilerin ihres Clans w\u00fcrde es vielleicht funktionieren und sie h\u00e4tte mit ihm gehen k\u00f6nnen, h\u00e4tte leben k\u00f6nnen. Schon mit ihren 20 Jahren lastete so viel Verantwortung auf ihren Schultern, so viele Erwartungen und jetzt war sie, war sie auch noch\u2026Sie sp\u00fcrte wie ihr eine einzelne Tr\u00e4ne weinte, mehr w\u00fcrde sie sich nicht erlauben, mehr konnte sie sich nicht erlauben, mehr durfte sie sich nicht erlauben. Sie fuhr zusammen, sie sp\u00fcrte alles. Sp\u00fcrte wie der Wald sich ihm verschloss, um ihn von ihr fern zu halten, sp\u00fcrte wie er sich durch ihn k\u00e4mpfte und so viel Pflanzen verletzte, ohne darauf zu achten. Er war so anders als sie und trotzdem waren sie so gleich. Sie summte, es war eine friedliche Melodie, sie hatte sie von ihrer Mutter und diese hatte sie Wiederum von Shenas Gro\u00dfmutter und es reichte zur\u00fcck bis zum Neustart. Der Neustart. Die Erde hatte sich, das, was ihr geh\u00f6rte, zur\u00fcckgeholt. Auf grausame Art und Weise. Milliarden Menschen waren gestorben und heutzutage lebten nur noch 89 Millionen Menschen. Klar klang wie verdammt viel, war aber quasi nichts mehr, circa 1% der damaligen Bev\u00f6lkerung. Was auch nicht \u00fcberlebt hatte, war so etwas wie Technik, sie wusste nicht, was das war, aber es war ausgel\u00f6scht worden. Das Tier hatte die Erde und die Menschen zerst\u00f6rt, Technik war so etwas wie ein Monster, von dem Eltern ihren Kindern erz\u00e4hlen, wenn sie nicht artig waren, Gruselgeschichten. Die Bl\u00e4tter um Shena herum zitterten, er war jetzt ganz nah. Sie konnte ihn riechen, ihre Sinne, von der Natur gesch\u00e4rft und von ihrer starken Abstammungslinie verst\u00e4rkt, nahmen sein Kommen auf jede erdenkliche Weise wahr. Sie f\u00fcllte es in den Knochen. Schmeckte es im Wind. Roch es in der Luft. H\u00f6rte es am Gesang der B\u00e4ume. Und sah es, als er die Lichtung \u0001 \u0002 zog scharf die Luft ein, er war wie ein Krieger, der er ja war, gekleidet. Seine schwarze ledrig wirkende Hose und der G\u00fcrtel vollgestopft mit Messer und einem Schwert, waren allerdings nicht der Grund daf\u00fcr, dass sie so vor den Kopf gesto\u00dfen war. Shena starrte in Kilians eisblaue Augen, konnte den Sturm von Gef\u00fchlen darin sehen, als er sie sah, konnte seine Liebe f\u00fcr sie sehen. In ihr krampfte sich alles zusammen, bleib stark, bleib stark, BLEIB STARK! Sie stand auf er kam auf sie zugest\u00fcrzt, wollte sie umarmen, sie lie\u00df es zu. Doch sie r\u00fchrte sich nicht, versteifte sich und wartete, bis sich Killians H\u00e4nde aus ihrem roten Kleid l\u00f6sten. Er sah sie an und erkannte es sofort, sein Blick wurde starr: \u201eWas ist los? Was ist passiert?\u201c Sie trat einen Schritt von ihm zur\u00fcck mit fest zusammen gepressten Lippen und schuf so eine unsichtbare Barriere zwischen ihnen. Sie musterte ihn, \u00fcberall, nur seinen Blick erwiderte sie nicht. Sie war feige, aber was erwartete man von ihr, Gef\u00fchlslosigkeit. Shena richtet ihren Blick auf den Boden. \u201eIch werde dich nicht mehr treffen. Ich werde dich nicht wieder sehen.\u201c Jetzt kam es, die Bombe: \u201eUnd ich werde morgen Dar heiraten!\u201cEr reagierte genau, wie sie vermutet hatte. Er schrie, fragte sie nach dem Grund, klagte, drohte, w\u00fctete. Als er sich an den B\u00e4umen vergreifen wollte, um seine Wut an irgendetwas auszulassen, stoppte sie ihn. Bem\u00fchte sich ihre Stimme neutral klingen zulassen, auch wenn Shena sein Anblick und seine Verzweiflung so sehr schmerzten. \u201eH\u00f6r auf!\u201c, sie fl\u00fcsterte nur und doch hatte ihre Stimme die Kraft eines Sturms. Er zitterte, seine Faust war in der Luft h\u00e4ngen geblieben und jetzt lie\u00df er sie langsam sinken. \u201eWieso?\u201c Es war nur ein Wort, doch in ihm schwangen so unglaublich viele Gef\u00fchle mit. \u201eEs gibt einen Beweis \u00fcber unsere Beziehung und wenn ich Dar nicht heirate, werde ich sterben. Du kannst mich nicht besch\u00fctzen, du kannst mir nicht helfen. Das mit uns war ein Fehler, ich bin meinem Clan zu Treue verpflichtet, er braucht mich.\u201c Ich beobachtete, wie er auf mich zu kam, wusste er w\u00fcrde alles versuchen. Jetzt wurde es richtig hart. \u201eDer Clan hat dich noch nie abgehalten, mich zu treffen. Es geht doch beides ich und der Clan. Und wegen dem Beweis, ich besch\u00fctze dich vor jedem, erledige jeden, vernichte alles, was beweist das wir uns treffen. Shena wusste wie ernst Killian es meinte, er w\u00fcrde f\u00fcr sie \u00fcber Leichen gehen und das durfte nicht passieren. Und sowieso, tuen konnte er nichts. \u201eKillian, du verstehst das nicht! Mich bedroht niemand!\u201cEs verwirrte ihn, er begriff einfach nicht. \u201eWarum musst du dann Dar heiraten, was zwingt dich dazu, wenn es ke\u201cin Mensch ist.\u201c So verwirrt und so sch\u00f6n, dachte Shena traurig. \u201eSiehst du es denn nicht? Verstehst du es nicht! Ich bin schwanger Killian!\u201c Als h\u00e4tte sie ihn geschlagen, zuckte er zur\u00fcck, musterte sie, bemerkte ihren schon leicht angeschwollenen Bauch. \u201eJunge?\u201c, fragte hoffnungsvoll, obwohl er doch wissen musste, dass es nicht so war. Wenn es ein Junge w\u00e4re, m\u00fcsste er bei seinem richtigen Vater aufwachsen und sie h\u00e4tte mit ihm kommen k\u00f6nnen, wenn er sie gewollt h\u00e4tte. \u201eNein, ein M\u00e4dchen, Emery!\u201c Sie wusste nicht, warum sie Killian ihren Namen verriet. Es war gef\u00e4hrlich, aber sie hatte Vertrauen in ihn, er w\u00fcrde sie nicht verraten und seiner eigenen Tochter auch nie etwas \u0001 \u0002 Hoffnung in seinen wundersch\u00f6nen Augen verwandelte sich ihn bodenlose Trauer und Schmerz. Er kehrte ihr den R\u00fccken zu, seine Schultern waren eingefallen und Killian hielt den Kopf gesenkt, sodass sie nur seinen Hinterkopf und das strubbelige schwarze Haar sehen konnte. Shena wusste sie sollte es lieber lassen und trotzdem streckte sie ihre Hand nach ihm aus, wollte ihn ber\u00fchren, ihn tr\u00f6sten. Deswegen bemerkte sie die Ver\u00e4nderung nicht, seine Schultern spannten sich an, seine H\u00e4nde ballten sich zu F\u00e4usten. Sie setzte einen Satz an, doch auf einmal drehte sich Killian um. Er packte ihre Hand: \u201eDu wirst ihn nicht heiraten! Nicht ihn! Wenn ich dich nicht haben kann, dann er auch nicht.\u201c Erschrocken wollte sie zur\u00fccktreten der Ausdruck in seinen Augen, lie\u00df jedes Haar an ihrem K\u00f6rper zu Berge stehen. Er hielt sie fest, hinderte sie daran zur\u00fcckzuweichen. \u201eDu warst der Grund, wieso ich Leben verschonte und rettete! Und jetzt wirst du der Grund sein, wieso ich t\u00f6te! Wie f\u00fcllt sich das an?!\u201c Seine Stimme hatte sich auch ver\u00e4ndert, war rau und hasserf\u00fcllt geworden, sie wehrte sich und wollte schreien, weg von ihm. Er lie\u00df sie nicht. Dann hob er sie hoch und schleuderte sie mit einem grausamen L\u00e4cheln an den Fels, an den sie sich vorher noch gelehnt hatte, um Trost zu finden. Nie h\u00e4tte sie gedacht, dass es ihn so ver\u00e4ndern w\u00fcrde. Sie schlug auf und alles wurde schwarz. W\u00e4hrend Shena in dieser Nacht ohnm\u00e4chtig im Wald kauerte, verbrannte die Stadt, ihr zuhause, ihre Familie und ihr zuk\u00fcnftiger Ehemann, der gesamte Clan Bugrar War ausgel\u00f6scht worden, bis auf drei Personen. Shena, ihre Tochter und noch jemand, jemand dessen Aufgabe es war zu retten, was untergegangen \u0001 \u0002 k\u00f6nnt mir Fragen schicken und bitte Verbesserungsvorschl\u00e4ge, damit das diesmal klappt, danke. :)",
            "wordcount": "1.421",
            "chapter_release": "15.06.2016",
            "chapter_number": "1"
        },
        "10": {
            "text": "Was bisher geschah: Ich sah auf und starrte direkt in die eisblauen, kalten Augen des Deton-Anf\u00fchrers. Er beobachtete mich aus zu Schlitze verengten Augen, dann drehte ich mich um, packte Luke und sprang von der \u0001 \u0002 Sekunde, ich hatte genau eine Sekunde um herauszufinden, dass von einer 4 Meter hohen Mauer zu springen und nicht zu wissen was unter einem war, sehr, sehr dumm war. Dann traf ich auf die Stra\u00dfe und \u0001 \u0002 landete mit Beiden Beinen, als mein einer Fu\u00df unnat\u00fcrlich nach au\u00dfen wegknickte. Wimmernd st\u00fcrzte ich auf den Boden und ein stechender Schmerz fuhr durch mein Bein. Ich presste verzweifelt die Lippen aufeinander, um den Schmerz auszuhalten. Mein ganzer Fu\u00df brannte und pochte, w\u00e4hrend mir Tr\u00e4nen in die Augen stiegen. Ich schluchzte und zog die staubige Luft in meine Lungen, in meinem Kopf dr\u00f6hnte es. Dann sp\u00fcrte ich wie zwei H\u00e4nde mich packten und zu sich zogen, dabei ver\u00e4nderte sich die Stellung meines Fu\u00dfes und ich schrie leise auf. Die Person fluchte und drehte mich zu sich. Ich lag in Lukes Armen. \u201eEmery, kannst du\u2026kannst du laufen?!\u201c Ich brachte kein Wort heraus, stattdessen h\u00f6rte ich ein kl\u00e4gliches Wimmern und presste die Augen zusammen, als ich merkte, dass ich diesen Laut von mir gegeben hatte. \u201eVerdammt!\u201cIch sah in Lukes blaue Augen und wenn ich einer dieser Helden aus den Geschichten gewesen w\u00e4re, h\u00e4tte ich ihn gebeten, ohne mich zu fliehen, oder mich zur\u00fcckzulassen, um wenigstens sein Leben zu retten. Aber das war ich nun mal nicht, allein, wenn ich an den vernichtenden Blick des Deton-\u00c4nf\u00fchrers dachte, wollte ich wegrennen. Also klammerte ich mich an Luke und betete, dass er bei mir bleiben w\u00fcrde. Den Gedanken, was mit mir passieren w\u00fcrde, wenn er mich jetzt verlie\u00dfe, verdr\u00e4ngte ich mit ganzer Kraft. Da sp\u00fcrte ich Lukes Arme, die sich vorsichtig unter meine Beine und meinen R\u00fccken schoben und als er mich dann mit einem Ruck hochhob, schluchzte ich erleichtert auf. Hatte ich wirklich geglaubt er w\u00fcrde mich verletzt hier liegen lassen. Dumm, dumm, dumm. Luke hielt mich fest, w\u00e4hrend er durch die Gassen der Stadt rannte und ich kam mir so unn\u00fctze vor, wie ein Sack Kartoffeln, ein schwerer Sack Kartoffeln. Das einzige was ich machen konnte, war aufzupassen, dass meine F\u00fc\u00dfe nicht gegeneinander schlugen. Ich biss mir auf die Z\u00e4hne. Die meiste Zeit klammerte ich mich nur an Luke fest und blendete den Rest aus, denn wenn ich aufschaute sah ich nur die leeren Stra\u00dfen oder Obdachlose die sich in einen Hauseingang zur\u00fcckzogen und uns neugierig hinterher starrten. Doch immer wenn sie das Bellen und das Rufen hinter uns h\u00f6rten wurden ihre Blicke unbeteiligt. Ich \u0001 \u0002 verstand die Obdachlosen ja, ich hatte mich auch immer von Verbrechern oder Gesetzesfl\u00fcchtlingen ferngehalten und das waren wir jetzt wohl, auch wenn ich keine Ahnung hatte, warum. \u201eAlles gut, wir sind bald da\u201c, fl\u00fcsterte Luke und sah mich kurz besorgt an. Ich nickte: Ja, alles war gut, solange ich krampfhaft den Schmerz zur\u00fcckdr\u00e4ngte und nicht \u00fcber das Bellen der Jagdhunde nachdachte, nur nicht daran denken, nicht wahr. Sowas klappt nicht! Ich hatte panische Angst, jedes Mal wenn ich meine Augen schloss, sah ich die kalten eisblauen Augen. Komisch eigentlich, Lukes Augen waren seinen so \u00e4hnlich und doch f\u00fchlte ich mich bei ihm sicher. Und ich entspannte mich, in dieser irren, unwirklichen Situation hatte ich einen Ankerpunkt, ich hatte Luke. Pl\u00f6tzlich blieben wir stehen und Luke stand vor einen Hauseingang, w\u00e4hrend ich die T\u00fcr aus stabilem Eichenholz musterte, trat er ein paarmal kr\u00e4ftig dagegen, sodass die T\u00fcr in den Angeln bebte. Dann warteten wir, bis hinter der T\u00fcr Stimmen laut wurden. \u201eMachst du auf?\u201c, \u201eSchau erst, wer es ist?\u201c, \u201eWer soll es schon sein?!\u201c, \u201eH\u00f6rst du das nicht, irgendwas passiert da drau\u00dfen!\u201c Ich starrte auf das Holz, als k\u00f6nnte ich dadurch schauen, es war wirklich zu seltsam, vermutlich war das ganze Schloss hinter uns her und wir standen hier und h\u00f6rten zwei Frauen beim Streiten zu. Ich verkniff mir ein hysterisches Lachen, das w\u00fcrde die Situation wahrscheinlich nur noch bizarrer und schlimmer machen. Dann knarrte es und eine Platte in der T\u00fcr wurde zur Seite geschoben. \u201eWer ist\u2026? Oh!\u201c Ein kleines etwas aufgeblasenes Gesicht war in dem Spalt aufgetaucht und riss bei unserem Anblick die Augen auf, nur um fast im selben Moment wieder zu verschwinden und den Riegel vorzuschieben. Erschrocken sah ich Luke an, den das alles v\u00f6llig kalt zulassen schien, obwohl ich glaubte zu erkennen, dass er l\u00e4chelte. Noch verst\u00f6render. Dann fingen die Stimmen wieder an: \u201eBeate, es ist der Junge!\u201c, \u201eDer Junge?!\u201c, \u201eJa, wo sind die Schl\u00fcssel?!\u201c, \u201eIch, oh verdammt, Silvi, den hattest du doch oder?\u201c, \u201eWarte, ich glaube\u2026\u201c Die zwei entfernten sich und man verstand nur noch Gemurmel. \u201eWer ist das?\u201c Vielleicht klang ich ja etwas panisch, wegen der Hetzger\u00e4usche hinter uns, aber auch Luke wurde langsam unruhig: \u201eZwei Freunde, sie sind nur etwas unordentlich, aber keine Angst sie werden uns helfen!\u201c Mit einem leisen Quietschen ging die T\u00fcr auf, leise, doch ich zuckte zusammen. \u201eKommt rein!\u201c, \u201eFolgt mir.\u201c Ich beobachtete die zwei Frauen, die beiden waren offensichtlich Zwillinge, bis auf die Kleidung sahen sie n\u00e4mlich v\u00f6llig gleich aus. Kleine pummelige, alte Frauen. Irgendwie s\u00fc\u00df. Luke trug mich hinter, der in einem gelben Kleid her, w\u00e4hrend hinter uns die in blauer Hose und T-Shirt irgendwas mit der T\u00fcr machte, abschlie\u00dfen wahrscheinlich. Wir kamen in ein kleines Wohnzimmer und Luke legte mich vorsichtig auf die Couch. Und w\u00e4hrend er mich loslie\u00df sp\u00fcrte ich schon wie die W\u00e4rme aus meinem K\u00f6rper wich, zitternd zog ich mein Bein an mich. \u201eAlles wird wieder gut, irgendwann, ganz bestimmt!\u201c, versuchte er mich zu beruhigen oder vielleicht auch sich selbst. Und dann beugten sich die Zwillinge \u00fcber mich und sagten gleichzeitig: \u201eJetzt bist du ja bei uns.\u201cHeii, ich weis ich hab l\u00e4nger nicht geschrieben, sorry <3 Aber hier ein neues Kapitel und wie findet ihr die Zwillinge :P , wem das letzte bisschen schr\u00e4g vorkommt, mir ist das eingefallen und ich fands irgendwie cool am Ende des Kapitels ;)) eure K.",
            "wordcount": "1.012",
            "chapter_release": "05.10.2016",
            "chapter_number": "10"
        },
        "11": {
            "text": "\u201eIch keuchte, alles um mich herum war schwarz, egal wie weit ich die Augen aufriss, ich sah nichts. Zitternd drehte ich mich um die eigene Achse, nichts! Und genauso war auch jedes Ger\u00e4usch verschwunden, absolute Stille. Es war so still, dass ich glaubte meinen eigenen Herzschlag zu h\u00f6ren oder bildete ich mir das nur ein und wurde langsam verr\u00fcckt? Dann h\u00f6rte ich den ersten Schrei, erschrocken suchte ich die Dunkelheit ab, aber ohne Ergebnis, nicht der kleinste Anhaltspunkt in der undurchdringlichen Schw\u00e4rze. Ich fluchte und auch das Ger\u00e4usch hallte, wie ein Echo, um mich herum. Dann kamen die Stimmen. Erst war es nur ein Fl\u00fcstern und ich hatte die Hoffnung, dass alles vorbei w\u00e4re. Doch das Fl\u00fcstern wurde immer lauter, die Stimmen dr\u00e4ngender, fordernder. Ich h\u00f6rte Hilferufe, Verw\u00fcnschungen, Flehen, Forderungen und Schreie. So viele Gef\u00fchle tanzten im Dunkeln, griffen nach mir, liefen vor mir weg. Keine der Stimmen hatte ein Ziel und trotzdem trafen sie alle mich. Sie wurden noch lauter jede Stimme wurde unnat\u00fcrlich verzehrt und als w\u00e4ren sie in meinem Kopf eingesperrt, zerrten sie an meinem Verstand. Hilflos versuchte ich mir die Ohren zu zuhalten und sank auf die Knie. Fl\u00fcsternd flehte ich: \u201eBitte seid leise\u201cLauter: \u201eBitte seid still!\u201cIch kr\u00e4chzte verzweifelt: \u201eLasst mich in Ruhe!\u201cIch schrie: \u201eGeht weg!!!\u201cEin stechender Schmerz fuhr mir in die Wange und ich blinzelte. Ich schaute direkt in das rotb\u00e4ckige Gesicht des blauen Zwillings. \u201eAhhhhh!\u201c Ich fuhr zur\u00fcck und starrte sie an. \u201eAhhhh!\u201c, quiekte auch sie und fuhr zur\u00fcck. Stirnrunzelnd betastete ich meine brennende Wange. \u201eDu hast mich geschlagen!\u201c, maulte ich vorwurfsvoll. \u201eM\u00e4del du hast gekreischt, dass es wundert, die Nachbarn sind nicht hier!\u201c Ich starrte sie an, wie sprach die denn. L\u00e4chelnd entschuldigte ich mich, w\u00e4hrend sie mich pr\u00fcfend musterte: \u201eHm, was hat erschreckt dich so?!\u201c Mein L\u00e4cheln verschwand. \u201eIch wei\u00df es nicht mehr, war wohl nur ein Albtraum.\u201c Sie nickte bed\u00e4chtig, zumindest probierte sie es. \u201eWenn du meinst. Ich hole die anderen, jetzt wo du endlich wach bist.\u201c Ich sah ihr hinterher, bis sie die kleine Kammer verlassen hatte und die Treppe hoch ging. Ich hatte es nicht vergessen, nicht das kleinste Detail. Die Erinnerung an die schrecklichen Stimmen hatte sich tief in mein Ged\u00e4chtnis gebrannt. \u00dcber mir h\u00f6rte ich schwere schnelle Schritte und Luke kam die Treppe zwei Stufen auf einmal nehmend runter gest\u00fcrmt. Er lief auf mich zu und kniete sich vor das Sofa auf dem ich lag. \u00dcberrascht lies ich ihn mein Gesicht in seine H\u00e4nde nehmen, kurz begegneten sich unsere Blicke, dann hatte er mich auch schon in seine Arme geschlossen. Ich versteifte mich, oke Emery ist vollkommen \u00fcberfordert, denk nach! Vorsichtig legte ich meine Arme um ihn und vergrub mein Gesicht in seiner Schulter. Egal warum er das tat, es tat verdammt gut. Ich brauchte jemanden der mich festhielt. Ein H\u00fcsteln und ein lautes R\u00e4uspern durchdrangen die Stille, sodass Luke sich von mir l\u00f6ste. Die Zwillinge starrten uns an und ich sp\u00fcrte wie meine Wangen rot anliefen. Ich schielte zu Luke der ganz entspannt am Boden sa\u00df und ebenfalls die zwei ansah. In dem Moment verfluchte ich ihn daf\u00fcr, f\u00fcr diese Gelassenheit, w\u00e4hrend ich mir so vorkam, als h\u00e4tten wir etwas Verbotenes gemacht. Schwachsinn, er hat mich nur umarmt! \u201eNa Dornr\u00f6schen, ausgeschlafen?\u201c, fragte der gelbe Zwilling grinsend. Irgendwie mussten sie das frage Zeichen auf meinem Gesicht erkannt haben. \u201eDu hast zwei Tage geschlafen und warst einfach nicht wach zukriegen!\u201c \u201eZwei Tage!!!\u201c, kreischte ich erschrocken. Diesmal sprach Luke: \u201eIch hab mir schon Sorgen gemacht, du wachst gar nicht mehr auf!\u201c Jetzt verstand ich auch warum er mich umarmt hatte. \u201eWas ist mit den Wachen?\u201c Ich musste es wissen, wenn ich zwei Tage nicht da gewesen war, ich konnte es immer noch nicht glauben!\u201eKeine Neuigkeiten, seit der Hetzjagd am Festabend waren die Soldaten merkw\u00fcrdig unauff\u00e4llig, keine Fahndung oder Kopfgeld, dass auf unsere K\u00f6pfe ausgesetzt wurde\u201c, murmelte Luke nachdenklich. \u201eNichts?\u201c, fragte ich. \u201eNichts\u201c, antwortete er, wobei ich den irritierten Unterton in seiner Stimme h\u00f6rte. \u201eAber wies\u2026\u201c \u201eH\u00f6rt auf eure h\u00fcbschen K\u00f6pfe zu zerbrechen, Emery m\u00f6chtest du Tee?\u201c Damit war das Thema erstmal vom Tisch und ich nickte benommen. Auch wenn die Zwillinge niedlich aussahen, war das garantiert keine wirkliche Frage gewesen. Ich schwang meine F\u00fc\u00dfe vom Sofa um mich gerade hinzusetzten. Da stie\u00df ich pl\u00f6tzlich mit meinem Fu\u00df gegen den kleinen Beistelltisch.\u201eWas zum Teufel!\u201c Ich konnte den Blick nicht von meinem Fu\u00df heben. \u201eWas ist den Sch\u00e4tzchen fl\u00f6tete der blaue Zwilling. \u201eMein\u2026mein Fu\u00df, er ist gesund, nicht kaputt, ganz unverletzt!\u201cDas Kapitel ist ein Geschenk, Happy Birthday, hdgdl <3hoffe es gef\u00e4llt euch, ist ein bisschen anders als bisher und wenn es irgendwie zu schr\u00e4g ist, einfach sagen :)),danke eure K.",
            "wordcount": "781",
            "chapter_release": "19.10.2016",
            "chapter_number": "11"
        },
        "2": {
            "text": "781 Jahre nach dem Neustart, Tag \u201eEmery! Emery, du musst aufstehen!\u201cIch st\u00f6hnte. W\u00e4lzte mich auf die andere Seite meines kleinen Bettes und kniff die Augen gegen das schrecklich helle Licht zusammen. \u201eEmery!\u201c \u201eJa, ich komme gleich!\u201c, schrie ich verschlafen und rollte mich auf den Bauch. Meine Haare bedeckten mein halbes Gesicht und ich pustete die langen wei\u00dfen Str\u00e4hnen aus meinem Sichtfeld. Noch einmal st\u00f6hnte ich, dann stieg ich aus dem Bett, wobei die Dielen unter mir knarrten. Ich wackelte schlaftrunken zu dem Spiegel, in meinem kleinen Zimmer, mit Bett und Schrank ausgestattet und im ersten Stock einer Praxis, wenn man es so nennen wollte. Ich starrte mein Spiegelbild an, die Haare eine Katastrophe, ich griff nach der h\u00f6lzernen B\u00fcrste vor mir und k\u00e4mmte mit ruckartigen Z\u00fcgen mein widerspenstiges Haar. Nachdenklich blickte ich in die eisblauen Augen meines Spiegelbilds und seufzte. Dann legte ich die B\u00fcrste weg und warf meine Locken \u00fcber die Schultern, um mich umzudrehen und das rotes Kleid meiner Mutter aus dem Schrank zu ziehen. Sie hatte es mir geschenkt sobald es mir gepasst hatte, aber da wir sonst nichts so wertvolles besa\u00dfen , hatte ich es mir f\u00fcr heute aufgehoben, der erste Fr\u00fchlingsball auf den ich mit durfte. Er wurde jedes Jahr von dem Frirer Clan abgehalten, in dessen Territorium wir lebten. Sie hatten uns aufgenommen, nachdem unsere Stadt abgebrannt war, hatte Mum mir erz\u00e4hlt. Ich wusste nichts von Bugrar, als das Ungl\u00fcck passierte, war ich noch in Shenas Bauch gewesen und auch sie hatte nur durch Zufall \u00fcberlebt. \u00dcber meinen Vater sprach sie nie, aber ich ging davon aus, dass er auch in dem Feuer umgekommen war, auch gestorben war. Ich zog mein Nachthemd aus und streifte das rote Kleid \u00fcber. Es hatte mir ab meinem 16 Lebensjahr wie angegossen gepasst und obwohl ich seitdem gewachsen war, sa\u00df es immer noch ausgezeichnet. Ich musste L\u00e4cheln, als ich mich in dem ebenfalls kleinen Spiegel betrachtete. Dann stopfte ich mein Schlafzeug in einen kleinen Koffer, in dem schon das wichtigste f\u00fcr 2 Tage Aufenthalt im Herschafftshaus der Frirer gepackt war. Dann hob ich meine Sachen hoch und trug sie mit zusammen gebissenen Z\u00e4hnen nach \u0001 \u0002 Arm schmerzte leicht wegen der kurzen Anstrengung, also sch\u00fcttelte ich ihn und betrat das Arbeits-,Ess-, Behandlungs-und Wohnzimmer, alles in einem. Der kleine Raum war in vier mini Bereiche unterteilt. In dem einen standen ein Tisch, zwei St\u00fchle f\u00fcrs Essen und eine Feuerstelle mit Wassereimer, in dem n\u00e4chsten ein schmales, hohes Bett, die Behandlungsbank und daneben ein Regal mit Kr\u00e4utermischungen und Salben. Die anderen zwei Bereiche waren kleiner, ein Schreibtisch mit Formularen und ein Sessel mit Leselampe. Es war unglaublich eng hier, aber trotzdem hatte man immer genug Platz zu zweit, vor allem auch weil alles ordentlich aufger\u00e4umt war und seinen festen Platz hatte. Mum liebte die Ordnung, verg\u00f6tterte die Ordnung und die Sauberkeit, apropos Mum, ich grinste, w\u00e4hrend ich beobachtete, wie sie die neuen Blumen goss. Blumen liebte sie noch mehr, als Ordnung und sie hatte mir das Versprechen abgenommen, nie eine Blume auszurei\u00dfen. Ich wusste genau warum, ich h\u00f6rte die Pflanzen auch st\u00f6hnen, wenn die anderen Menschen sie niedertrampelten, ausrissen oder zuschnitten. Ich war genau wie Mum, eine Heilerin, eine, wie die anderen sagten, Naturhexe. Von uns gab es nur noch sehr wenig und ein Clan konnte froh sein, wenn er eine besa\u00df. Das war einer der Gr\u00fcnde, wieso die Frirers uns aufgenommen hatten, weil sie keine Heilerin mehr hatten. Deshalb waren wir auch zum Fr\u00fchlingsball eingeladen und wurden geachtet, auch wenn man Angst vor uns hatte.\u201eGuten Morgen, Mum!\u201c, sagte ich fr\u00f6hlich. \u201eGuten Morgen, Schatz. Wo hast du denn den Morgenmuffel gelassen?\u201c Ich l\u00e4chelte: \u201eIch habe ihn in den Schrank gesperrt und abgeschlossen, bis morgen fr\u00fch siehst du ihn nicht wieder.\u201c Sie sah mich schief von der Seite an: \u201eDa bin ich aber froh, er ist immer so schlecht gelaunt!\u201c Ich starrte sie an, bemerkte das Blitzen in ihren Augen und dann lachten wir zusammen, nicht \u00fcber mich, naja ein bisschen, aber haupts\u00e4chlich miteinander.\u201eNicht nerv\u00f6s werden, nicht nerv\u00f6s werden!\u201cWie ein Mantra fl\u00fcsterte ich dieselben Worte immer wieder und wieder. Fuck, ich war mega nerv\u00f6s. Nerv\u00f6s ist allerdings eine riesen Untertreibung. Mein ganzer K\u00f6rper bebte vor Anspannung, als die Kutsche, die uns abholen sollte, vor das kleine Haus, umgeben von einem riesigen Garten, fuhr. Ich zitterte leicht und wandte meinen Blick vom Fenster ab, um zu Mum zu sehen und hysterisch zu rufen: \u201eSie ist da, sie ist da, sie ist da!\u201c Ein breites, verr\u00fccktes Grinsen breitete sich auf meinem Gesicht aus und ich h\u00fcpfte zu meinem Koffer, um aus der T\u00fcr rauszust\u00fcrmen und den Fahrer vermutlich zu umarmen, so aufgeregt und gl\u00fccklich war ich. Ich hatte den Knauf schon in der Hand, als Shena mich einholte. \u201eBeruhige dich! Denk immer an das, was ich gesagt habe, sei vorsichtig, lenk nicht zu viel Aufmerksamkeit auf dich und\u2026\u201c Bei den Worten Kicherte sie leise, wobei ihre wundersch\u00f6nen Z\u00fcge erstrahlten: \u201e\u2026hab Spa\u00df meine Kleine Blume!\u201cEifrig nickte ich und kontrollierte meinen Puls, verlangsamte mein viel zu schnell schlagendes Herz und dann \u00f6ffnete ich die \u0001 \u0002 ist k\u00fcrzer, als mein erstes Kapitel, weil ich da versucht habe, die ganze Vorgeschichte reinzupacken. :) Hoffe es gef\u00e4llt dem, wer auch immer das hier liest. Hoffentlich wenigstens einer. <3",
            "wordcount": "878",
            "chapter_release": "15.06.2016",
            "chapter_number": "2"
        },
        "3": {
            "text": "Meine Aufregung war schnell verflogen und hatte Langweile Platz gemacht. \u00dcber zwei Stunden Fahrt waren ja so spannend, ich w\u00e4re sogar fast eingeschlafen, aber da hatten wir die reicheren Viertel erreicht und meine Augen waren aufgerissen von einem Angeber H\u00e4uschen zum n\u00e4chsten gewandert. Ich war mir mehr als bewusst, dass auch uns so ein Haus geh\u00f6ren k\u00f6nnte, wenn wir mehr Geld verlangen w\u00fcrden, denn das konnten wir. Aber das w\u00e4re falsch, wir halfen den Menschen, weil wir es wollten, weil wir dazu geboren wurden, Menschen zu helfen. Ich glaube, dass ich selbst einem Dieb oder einem M\u00f6rder helfen w\u00fcrde, weil ich nicht anders konnte. Es lag nun einmal in meiner Natur. Irgendwann langweilte mich aber auch, der immer gleiche Prunk und Protz der Reichen. Am Ende war ich richtig angewidert von dem \u00dcberfluss, der andere hungern, stehlen und sogar t\u00f6ten lie\u00df. Wer entschied denn, wer reich und arm war, die Natur sicherlich nicht f\u00fcr sie waren alle erstmal gleich. Nur unsere Entscheidungen brachten uns ihr n\u00e4her oder entfernten uns von ihr. Die meisten entfernten sich von ihr, immer \u0001 \u0002 Mum riss mich aus meinen tr\u00fcben Gedanken: \u201eSchatz, das solltest du dir jetzt anschauen. Ich sah auf und dann beugte ich mich hastig zum Fenster und klammert mich an dem Rahmen fest. Vor meinem Gesicht tauchte gerade, das prunkvollste, gr\u00f6\u00dfte und angeberischste Haus auf, was ich je gesehen hatte. \u201eDas Herschaffsthaus!\u201c, fl\u00fcsterte ich, Oh mein Gott, es war \u00fcberw\u00e4ltigend, unglaublich, unfassbar. Ich merkte erst, dass mein Mund offenstand, als meine Mutter ihn von unten vorsichtig zu schob. Mein Blick wanderte berauscht \u00fcber das Bild, das sich mir bot und ich war mir bewusst, dass ich alles mit riesigen Augen anstarrte. Aber das war mir egal, etwas so erstaunliches, durfte bestaunt werden, musste einfach bestaunt werden. Stolpernd stieg ich aus der Kutsche und holte meine Tasche, w\u00e4hrend ich immer wieder Blicke auf das Haus warf. Meine Mum lachte: \u201eSo lange hast du noch nie geschwiegen mein Schatz, bist du krank?\u201c Ich blickte sie gespielt entr\u00fcstet an und stimmte dann aber in ihr Lachen mit ein. Fr\u00f6hlich gingen wir auf das gro\u00dfe Tor zu, vor dem ein paar l\u00e4cherlich herausgemachte Wachen standen. Ihre Uniform war Tannenbaum gr\u00fcn und die goldenen Manschetten gl\u00e4nzten frisch poliert, ich unterdr\u00fcckte ein Grinsen.\u201eGuten Tag.\u201c, gr\u00fc\u00dfte meine Mutter fr\u00f6hlich, w\u00e4hrend die Clowns uns die T\u00fcr aufmachten. Nachdem ich auch ein schnelles \u201eHi\u201c gerufen hatte, zog sie mich hinter sich ins Haus. Und oh mein Gott, noch mehr Gold und Glas und Schmuck und, und, und. Meine Augen taten fast weh von so viel Glanz. Dann bemerkte ich die Menschen in der Eingangshalle, einige Diener und Wachen, aber auch reiche Familien, unteranderem auch Leute die uns einmal besucht hatten. Ich grinste bei dem Anblick einer besonders dicken Frau und dann bemerkten uns die Leute \u0001 \u0002 sp\u00fcrte genau, wie ich von oben bis unten gemustert wurde. Wie mich andere M\u00e4dchen in meinem Alter absch\u00e4tzig beobachteten und wie ein paar M\u00e4nner einen l\u00e4ngeren Blick auf meine Mutter und mich warfen. Es st\u00f6rte mich normal nicht, wenn ich angestarrt wurde. Denn ich wurde oft angestarrt wegen meiner wei\u00dfen Haare, aber auch weil ich nicht unbedingt h\u00e4sslich war. Aber da ich eine \u201eNaturhexe\u201c war, mieden mich die M\u00e4nner eigentlich \u0001 \u0002 warf einen Seitenblick auf meine Mum, die den Raum nach m\u00f6glichen Gefahren absuchte und nach m\u00f6glicherweise bekannten Gesichtern. Es war komisch, manchmal l\u00e4chelte sie und im n\u00e4chsten Moment hatte sie wieder eine Grabesmiene aufgesetzt, wirklich \u0001 \u0002 war der Raum fertig abgesucht worden, denn meine Mum setzte sich in Bewegung, so pl\u00f6tzlich, das ich es fast nicht mitbekommen h\u00e4tte und gesellte sich zu, \u00e4hm, ich kannte die Familie nicht. Es war eine sch\u00f6ne Familie, obwohl der \u00e4ltere Mann eine leichte W\u00f6lbung vor sich herschob und seine Frau ein sehr spitzes Kinn besa\u00df, hatte ihr Sohn nur die sch\u00f6neren Gesichtsz\u00fcge geerbt. Der blonde Junge konnte nicht viel \u00e4lter sein als ich und l\u00e4chelte mich aus sch\u00f6nen gr\u00fcnen Augen an.\u201eHallo, Katja, Albert und du Sebastian, du bist aber gro\u00df geworden!\u201c Meine Mutter l\u00e4chelte. Hm, Sebastian also, sch\u00f6ner Name, und es stimmte er war gro\u00df, fast einen Kopf gr\u00f6\u00dfer als ich und offensichtlich machte er Sport. Vielleicht Schwertkampf. \u201eDas ist meine Tochter Emery!\u201c Ah ja mein Stichwort. \u201eHi, freut mich sie kennen zu lernen.\u201c Die Familie l\u00e4chelte, Sebastian l\u00e4chelte, ein wirklich sch\u00f6nes L\u00e4cheln. \u201eFreut mich auch, dich kennen zu lernen!\u201c, sagte er mit tiefer, aber nicht zu tiefer Stimme. Jetzt, ach du schei\u00dfe, quietschte die Frau, Katja glaube ich: \u201eDie Familie Frirer begr\u00fc\u00dft euch herzlich und hofft das Fest wird euch gefallen!\u201c Autsch, die Stimme tat weh. Dann machte es Klick. Es stand nicht einfach nur eine Familie vor mir, es stand DIE Familie vor mir!Bevor ich den Gedanken wirklich verarbeitet hatte, machte Katja den Mund schon wieder auf, nein bitte nicht. \u201eEin Diener bringt euch jetzt auf euer Zimmer, bis heute Abend!\u201c Ihr Gesch\u00e4ftsm\u00e4\u00dfiger Ton gefiel mir nicht und als sie versuchte einen Diener zu holen und Sebastian sie unterbrach, freute ich mich furchtbar. \u201eMutter, ich werde Miss Shena und Emery auf ihr Zimmer bringen!\u201c Kurzzeitig entglitt ihr das perfekte grinsen und sie schaute verdutzt drein: \u201eAber du musst doch noch die G\u00e4ste begr\u00fc\u00dfen!\u201c \u201eDie sehen mich sowieso heute Abend, entschuldige uns Mutter, ich bringe die Damen jetzt zu ihrem Zimmer!\u201c Ohne auf eine Antwort von der Frau zu warten, nahm mir Sebastian die Tasche ab und meiner Mutter auch, um sie dann in Richtung einer der G\u00e4nge zu \u0001 \u0002 hielt mich zur\u00fcck, l\u00e4chelte Albert und Katja an. \u201eBis heute Abend!\u201c Dann folgte ich meiner Mutter hinter Sebastian hinterher. Als wir in dem Gang verschwanden, war es um mich geschehen, ich brach in vermutlich unversch\u00e4mtes Gel\u00e4chter aus und st\u00fctzte mich an der Wand ab, weil mein Bauch sich so vor Lachen zusammenzog. Meine Mutter schaute leicht pikiert und grinste dann auch: \u201eIch habe noch nie jemanden so mit ihr reden h\u00f6ren, gut gemacht Junge!\u201c Sebastian drehte sich zu uns um und grinste verschlagen: \u201eDanke, Shena!\u201c Ich lachte immer noch: \u201eUnd ihr Gesicht, das war unbezahlbar!\u201c Kichernd gingen ich und Mum den Gang entlang, bis der Frirerjunge vor einer T\u00fcr stehen blieb und einladend meinte: \u201eEuer Zimmer meine Damen!\u201c Mum bedankte sich, nahm ihm die Taschen schwungvoll aus der Hand und verschwand im \u0001 \u0002 sah er mich an, seine gr\u00fcnen Augen leuchteten und er l\u00e4chelte. Ich sp\u00fcrte wie ich nerv\u00f6s wurde, was zum Teufel war mit mir los und lag es wirklich an dem s\u00fc\u00dfen Jungen vor mir oder war ich krank? Sag was, sag was. \u201e\u00c4hm danke, dass du uns pers\u00f6nlich hergebracht hast! Ich darf doch du sagen, oder.\u201c Ich lachte, nerv\u00f6s verdammt nerv\u00f6s. Er l\u00e4chelte: \u201eKlar darfst du. Und ihr habt mich vor ewigem Begr\u00fc\u00dfungsgerede gerettet und ich durfte zwei Engeln zuh\u00f6ren wie sie Lachen, ich glaube wirklich ich sollte mich bedanken.\u201c Jetzt lachte ich wieder und als er mir eine Str\u00e4hne aus dem Gesicht strich, fl\u00fcsterte er: \u201eWie ein Engel!\u201c Ich starrte ihn mit gro\u00dfen Augen an und hatte den Mund leicht ge\u00f6ffnet, um etwas zu erwidern, doch mir viel einfach nichts ein. \u201eBis heute Abend Engel!\u201c Sagte er und verschwand, ne Spa\u00df. Er l\u00e4chelte nochmal und ging dann den Gang entlang zur Empfangshalle zur\u00fcck. \u201eBis Sp\u00e4ter!\u201cHoffe es gef\u00e4llt euch :) Bitte sagt mir einfach, wenn euch was auff\u00e4llt, was ich besser machen kann, danke :))",
            "wordcount": "1.220",
            "chapter_release": "16.06.2016",
            "chapter_number": "3"
        },
        "4": {
            "text": "Ich dachte noch lange, nachdem ich ins Zimmer gegangen war, dar\u00fcber nach, was da auf dem Gang passiert war. Was zum Teufel war mit mir los gewesen, ich war doch sonst nicht so. Nerv\u00f6s, sch\u00fcchtern und ich hatte nicht gewusst was ich sagen sollte! Ich wusste immer irgendwas, redete normalerweise ununterbrochen und ach keine Ahnung. \u201eMeine Blume wo bist du denn gerade, ich hab dich was gefragt!\u201c Ich fuhr zusammen und blinzelte: \u201eJa, tschuldige, was hast du gesagt?\u201c Sie l\u00e4chelte: \u201eSebastian ist ein s\u00fc\u00dfer Junge, nicht wahr?!\u201c Warte, was zum Teufel, woher wusste sie das. \u201eKannst du Gedanken lesen Mum?\u201c \u201eNein, aber es ist ziemlich offensichtlich, an was du gedacht hast. Der Junge hat ein Auge auf dich geworfen, S\u00fc\u00dfe!\u201c, jetzt lachte sie und ich sp\u00fcrte, wie mir die R\u00f6te ins Gesicht stieg, peinlich!!\u201eAlso eigentlich hab ich gefragt, wie du deine Haare tragen m\u00f6chtest?\u201c, fragte meine Mutter und fuchtelte mit der Holzb\u00fcrste vor meinem Gesicht herum. \u201eHast du \u00b4nen Vorschlag, ich bin wohl ein wenig durcheinander?\u201c, murmelte ich und verbarg mein Gesicht in einem der riesigen Kissen von dem traumhaften Himmelbett, auf dem ich gerade sa\u00df und dessen Ebenbild auf der anderen Seite des Zimmers stand. Es war ein unglaublich sch\u00f6nes Zimmer, die W\u00e4nde waren in hellem Blau gestrichen und die M\u00f6bel gr\u00f6\u00dftenteils Wei\u00df und sahen aus wie Wolken am Himmel. Ich sah \u00fcber den Kissenrand in Mum\u00b4s Gesicht, die verschw\u00f6rerisch l\u00e4chelte, ich wei\u00df genau das richtige f\u00fcr dich, lass dich \u00fcberraschen!\u201c Irgendwie machten mir ihre Worte Angst, aber irgendwann gab ich mich geschlagen und setzte mich vor den \u0001 \u0002 strich ich mir eine Str\u00e4hne hinters Ohr, um ja nicht die unglaublich sch\u00f6ne Frisur zu zerst\u00f6ren. Mum hatte den oberen Teil meiner Haare nach hinten gebunden und sie dort zu einer Rose geflochten, einige hatten sich aus dem Zopf gel\u00f6st und lagen s\u00fc\u00df \u00fcber den anderen Haaren. \u201eWow, das sieht toll aus! Danke.\u201c Ich umarmte meine Mum und dann strichen wir unsere Kleider glatt, ihr blaues ging bis zum Boden, w\u00e4hrend mein rotes nur bis zu den Knien reichte und verlie\u00dfen zusammen den Raum. Auf dem Weg zum Ballsaal, kamen wir wieder an der Eingangshalle vorbei und ich musste an das Gespr\u00e4ch mit Katja denken, mein Mund verzog sich. Von allen Menschen die ich kannte, hatte sie die aufdringlichste und nervigste Stimme, man konnte sie nicht ignorieren, das w\u00e4re unm\u00f6glich. Aber auf den Gedanken folgte sofort der Gedanke an Sebastian und ich sch\u00fcttelte mich, um ihn loszuwerden. Hallo, das war mein erstes Fr\u00fchlingsfest, wollte ich nicht alles anschauen und nichts verpassen! Stattdessen sah ich einen Jungen und konnte an nichts anderes denken, ganz toll!Auf die Eingangshalle folgte ein kleiner Raum, in dem einige Leute standen, unteranderem nat\u00fcrlich Diener, aber auch reiche G\u00e4ste. Als einer der, die Kellner hatten auch so ein tolles Kost\u00fcm, Pinguine auf mich zukam und mir ein L\u00e4cheln \u00fcber seine schwarze Fliege hinweg schenkte, grinste ich. Der \u00e4ltere Mann, deutete mit dem Tablet in der Hand eine Verbeugung an und reichte mir und Shena ein Glas mit, ich roch daran, Champagner. Ich nickte dankbar und folgte meiner Mum durch eine weitere T\u00fcr in den Saal. Dieser Saal \u00fcbertraf alles, was ich heute gesehen hatte noch einmal, \u00fcberall hingen Blumengestecke und goldene Kronleuchter, im Hintergrund erklang Musik und die Leute tanzten fr\u00f6hlich auf der gro\u00dfen Fl\u00e4che in der \u0001 \u0002 stand ich am Rand des Saals und starrte auf das Treiben vor mir, als mir pl\u00f6tzlich jemand von hinten auf die Schulter tippte. Erschrocken fuhr ich herum und h\u00e4tte fast mein Glas fallen gelassen, wenn Sebastian meine Hand nicht abgefangen h\u00e4tte. \u201eLangsam!\u201c, lachte er und seine gr\u00fcnen Augen blitzten belustigt. \u201eHallo. Entschuldigung, du hast mich erschreckt!\u201c \u201eDas war nicht zu \u00fcbersehen!\u201c Schon wieder dieses sch\u00f6ne Lachen, das seine Augen so zum Strahlen brachte. \u201eEmery\u201c, ach Mum war ja auch noch da, Hilfe war das peinlich. \u201eIch geh mich mal am B\u00fcfett umsehen, Sebastian wird dich ja bestimmt nicht alleine lassen!\u201c Mein Gesicht wurde Tomatenrot und w\u00e4re jetzt ein Loch im Boden aufgetaucht, h\u00e4tte ich eine Arschbombe rein gemacht. \u201eIch passe schon auf ihre bezaubernde Tochter auf, Shena, keine Sorge!\u201c, erwiderte der Junge neben mir grinsend. Meine Mum sah mich noch einmal vielsagend an und verschwand dann in der Menge. Loch im Boden, wo bleibst du?!\u201eAlso Engel w\u00fcrdest du mir deinen ersten Tanz schenken?\u201c, fragte er w\u00e4hrend er mir einladend seine Hand hinhielt. \u201e\u00c4h\u201c Ich l\u00e4chelte ihn an: \u201eGerne, aber pass auf, ich kann nicht so gut tanzen!\u201c \u201eDas glaub ich dir nicht!\u201c, sagte er und zog mich hinter sich her, zur Tanzfl\u00e4che. Das Lied war fr\u00f6hlich und wir schwebten geradezu \u00fcber das Parkett, ich drehte mich in seinen Armen, wie schwerelos und war mir \u00fcberdeutlich bewusst, dass seine Hand an meiner Taille lag. L\u00e4chelnd zog er mich an sich und fl\u00fcsterte in mein Ohr: \u201eWenn du nicht tanzen kannst, dann k\u00f6nnen V\u00f6gel nicht fliegen!\u201c Ich kicherte und obwohl mich seine N\u00e4he verr\u00fcckt machte, entspannte ich mich. Die Musik hatte etwas Berauschendes und wir tanzten drei weitere Lieder, es war wundervoll, ich h\u00e4tte nie gedacht, dass mir das Tanzen so viel Spa\u00df machen k\u00f6nnte. Zuhause hatten wir nat\u00fcrlich Volksfeste und tanzen mal einen schnellen Walzer \u00fcber den Dorfplatz, nur hatten die Jungen mich immer behandelt, als k\u00f6nnte ich jeden Moment in tausend St\u00fccke zerfallen. Als die Musik verklang l\u00e4chelte ich Sebastian au\u00dfer Atem an: \u201eIch kann nicht mehr, k\u00f6nnen wir eine Pause machen, bitte.\u201c Er nickte zustimmend und ich folgte ihm zu einer gro\u00dfen Glast\u00fcr, die wie ich vermutete auf einen Balkon f\u00fchrte. Fast, ich stand auf einer gro\u00dfen Terrasse und hatte einen hervorragenden Blick auf den gro\u00dfen Garten hinter dem Haus. Vor mir wuchsen mehrere Rosenstr\u00e4ucher in den verschiedensten Farben, wei\u00df, rot, rosa, violett. \u201eEs ist wundersch\u00f6n hier!\u201c, fl\u00fcsterte ich und drehte mich zu Sebastian um, der mich aus seinen gr\u00fcnen Augen bewundernd ansah. \u201eJa, aber nicht einmal ann\u00e4hernd so sch\u00f6n, wie der Engel der vor ihnen steht.\u201c Ich starrte ihn an und als er mich an sich zog, hing ich unf\u00e4hig mich zu bewegen in seinen Armen, er fand mich wundersch\u00f6n und dieses liebevolle Gl\u00e4nzen in seinen Augen, verwandelte mein Gehirn in \u0001 \u0002 beugte er sich zu mir herunter und fl\u00fcsterte noch einmal: \u201eWundersch\u00f6n!\u201c Und dann\u2026Sorry, ist ein b\u00f6ser Cut, aber ich versuche bald weiter zu \u0001 \u0002 mich \u00fcber ein Review freuen, lg Kitty",
            "wordcount": "1.057",
            "chapter_release": "17.06.2016",
            "chapter_number": "4"
        },
        "5": {
            "text": "Ich h\u00f6rte ein Quietschen, als jemand von innen die gro\u00dfe T\u00fcr aufmachte. Dann zuckte ich zur\u00fcck und stolperte zwei Schritte von Sebastian weg, riss mich quasi los. Und dann betrat Sebastians Mutter den Balkon und \u00f6ffnete den Mund, ich konnte mich nur schwer davon abhalten mir die Ohren zu zuhalten. \u201eSebastian, Schatz, da bist du ja! Celina ist da und ich finde du solltest sie begr\u00fc\u00dfen.\u201c Ich erstarrte bei dem Namen eines M\u00e4dchens, sah zu Sebastian, der jetzt auch in meine Richtung sah. Und ich sah Widerwillen in seinen Augen aber auch noch etwas, Schuldbewusstsein. Ich starrte weiter in seine Augen versuchte zu erkennen wieso er sich schuldig f\u00fchlte, oder f\u00fcr was. Dann sah er weg und nickte ergeben: \u201eJa Mutter!\u201c Er drehte sich einfach um und ging, ohne ein Wort, ohne Verabschiedung. Sprachlos stand ich da, sah wie hinter ihm die T\u00fcr zufiel und sah dann zu Katja. Sie musterte mich mit kalten, berechnenden Augen. Als auch sie gehen wollte, sch\u00fcttelte ich mich und l\u00f6ste mich aus meiner Starre: \u201eMiss, wer ist Celina, wenn ich fragen darf?\u201c Jetzt drehte sie sich mit einen h\u00e4mischen aufgesetzten L\u00e4cheln um: \u201eCelina ist die Verlobte meines Sohnes, das einzige Kind von dem Herrscher des Deton-Clans.\u201c Ich schluckte, Verlobte, Adelige, VERLOBTE! Ich blinzelte die dummen Tr\u00e4nen aus meinen Augen und knickste: \u201eEntschuldigung, das wusste ich nicht!\u201c Sie r\u00fcmpfte die Nase als w\u00fcrde ich stinken oder so. \u201eDas habe ich gesehen, lassen sie gef\u00e4lligst die Finger von meinem Sohn oder sie verlieren sie vielleicht\u2026\u201c, ein grausames L\u00e4cheln verzerrte ihre, sowieso nicht sehr sch\u00f6nen Z\u00fcge: \u201eVielleicht durch ein kleines Missgeschick oder durch ein gr\u00f6\u00dferes!\u201c Ich zitterte, konnte nicht fassen, wie offensichtlich sie mir gerade drohte. Ich machte einen schnellen Schritt zur\u00fcck und nickte. \u201eJa, Miss!\u201c meine Stimme zitterte dabei leicht, was dieser durchtriebenen Schlange zu gefallen schien. Dann setzte sie ein weiteres falsches L\u00e4cheln auf: \u201eWunderbar, das wir uns verstehen. Du musst unbedingt die K\u00fcchlein probieren, die sind Himmlisch Sch\u00e4tzchen und jetzt entschuldige mich.\u201c Sie verschwand und ich atmete auf, obwohl ich vorher nicht einmal gewusst hatte, dass ich die Luft angehalten hatte. Dann \u00e4ffte ich sie nach: \u201eHimmlische T\u00f6rtchen, vermutlich vergiftete, dich in den Himmel bef\u00f6rdernde T\u00f6rtchen.\u201cIch blieb noch eine Weile auf dem Balkon, um mich von dem Schock zu erholen den, erstens Sebastians Verlobte und zweitens die Drohung seine Mutter, ausgel\u00f6st hatten. Was f\u00fcr ein krankes Mistst\u00fcck. Ich legte die Hand auf die T\u00fcrklinke, doch pl\u00f6tzlich \u00f6ffnete jemand von innen die T\u00fcr und ich stolperte zur\u00fcck und fiel auf meinen Hintern, Autsch. Zerstreut rappelte ich mich auf und klopfte den Dreck von meinem Kleid. \u201ePassen sie doch auf!\u201c, fauchte ich w\u00e4hrend ich mich zu dem Eindringling drehte. \u201eIch habe sie nicht geschubst und was kann ich daf\u00fcr, dass sie so ungeschickt sind!\u201c Der Junge sprach ausdruckslos und doch verzogen sich seine Z\u00fcge zu einem leichten L\u00e4cheln. \u201eIch? Ungeschickt? Sie haben mir fast eine T\u00fcr vors Gesicht geschlagen!\u201c Der Junge zuckte nur unbeeindruckt mit den Schultern: \u201eFast. Aber auch nur, weil sie direkt dahinter standen, da sind sie selbst schuld.\u201c Das wollte ich mir nicht l\u00e4nger anh\u00f6ren, aber wenn ich jetzt rein ginge, h\u00e4tte er gewonnen, ach schei\u00dfe. Also setzte ich ein unschuldiges L\u00e4cheln auf und ging auf den Jungen zu: \u201eTatsache! Dann sollte ich wohl eher w\u00fctend auf mich sein.\u201c Jetzt sah er mich irritiert an, offenbar \u00fcberrascht von meinem pl\u00f6tzlichen Stimmungswechsel. Ich schob mich an ihm vorbei zur T\u00fcr, denn er stand immer noch herrlich na bei ihr. Ich \u00f6ffnete sie so weit, dass ich knapp hindurchpasste, dann sah ich ihn noch einmal an. Der Junge erwiderte meinen Blick immer noch, er hatte sich zu mir umgedreht, perfekt. \u201eEntschuldigung, es war wirklich dumm von mir, direkt hinter der T\u00fcr zu stehen.\u201c Es fiel ihm nicht auf, seine blauen Augen fixierten mich immer noch verwirrt. Ich sah genau, wie ihm aufging, was ich vorhatte, aber zu sp\u00e4t. Die T\u00fcr prallte mit voller Wucht gegen ihn, sodass er \u0001 \u0002 l\u00e4chelte leicht: \u201eZu dumm das sie direkt vor der T\u00fcr standen, aber was kann ich da schon daf\u00fcr!\u201c Mit aufgerissenen Augen starrte er mich an, jetzt war dieser \u00dcberhebliche Ausdruck verschwunden, wor\u00fcber ich mich diebisch freute. Ich wei\u00df als Heilerin sollte ich mich nicht so schadenfroh und kindisch verhalten, aber ich war immer noch ein Mensch und f\u00fcr heute hatte ich allemal genug vom Adel und verschwand mit einem leichten L\u00e4cheln durch den Saal auf mein Zimmer. Ich ignorierte die Menschen auf meinem Weg und als ich an Sebastian vorbeiging und er nach meinem Arm greifen wollte, warf ich ihm einen kurzen vernichtenden Blick zu, worauf er besch\u00e4mt den Kopf einzog, gut \u0001 \u0002 ich hab l\u00e4nger nicht geschrieben, hoffe wem auch immer gef\u00e4llt wie es weitergeht :))",
            "wordcount": "786",
            "chapter_release": "05.07.2016",
            "chapter_number": "5"
        },
        "6": {
            "text": "Mit schr\u00e4g gelegtem Kopf musterte ich die zwei Geschenkschachteln auf meinem Bett. Eine Dienerin hatte sie mir vor einer Stunde gebracht und seit dem starrte ich sie nachdenklich an. Ich musste nicht unbedingt raten, von wem das gro\u00dfe wei\u00dfe Parket mit der monstr\u00f6sen Schleife kam, denn auf der Karte, die beigelegt war, stand: Wie ein Engel. Ich \u00fcberlegte dieses Monstrum einfach wegzuschmei\u00dfen, es kam garantiert von ihm und ich wollte nichts mehr mit diesem Arschloch zu tun haben. Andererseits war ich eine unglaublich neugierige Person und dann war da ja auch noch das zweite unscheinbarere Geschenk. Es war ein schlichter schwarzer Karton und nur zusammengebunden mit einem roten Stoffstreifen und ich hatte keine Ahnung von wem er war. Ich drehte eine meiner wei\u00dfen Locken gedankenverloren um meinen Finger, als meine Mum sich schmunzelnd zu mir setzte: \u201eMach sie einfach auf, sonst rei\u00dft du dir noch alle Haare aus und frisst deine Fingern\u00e4gel auf!\u201c Ich sah sie w\u00fctend an: \u201eAber was, wenn\u2026!\u201c \u201eIst doch egal meine Blume, wenn du wei\u00dft was da drin ist, dann hast du zumindest deine Neugier gestillt und wir k\u00f6nnen uns endlich schick machen!\u201c Ich seufzte ergeben: \u201eOk ich mach\u00b4s ja auf, aber muss ich wirklich mit auf dieses Fest.\u201c Ich sah sie flehend an und zog einen Schmollmund: \u201eBitte, bitte!\u201c Sie lachte: \u201eGestern warst du doch noch ganz wild auf die Feste und ja du musst mit tut mir leid, Sch\u00e4tzchen.\u201cErgeben hob ich die H\u00e4nde und grinste, dann sagte ich ihr, dass sie gewonnen h\u00e4tte und wandte mich zu den Paketen. Ich zog das Monstrum auf meinen Scho\u00df und l\u00f6ste das, was man vielleicht noch als Schleife bezeichnen konnte. Dann hob ich mit leicht zitternden H\u00e4nden den Deckel vom Karton und zog scharf die Luft ein. Neugierig beugte sich Mum \u00fcber meine Schultern: Und was ist es?\u201c Ich keuchte: \u201eEs ist ein Kleid!\u201c \u201eUnd was f\u00fcr eins!\u201c, seufzte meine Mum. Ich sch\u00fcttelte ungl\u00e4ubig den Kopf: \u201eEr ist verr\u00fcckt!\u201c \u201eNein mein Schatz, er ist verliebt!\u201c, fl\u00fcsterte meine Mum. \u201eNein Mum, er ist verlobt und adelig und denkt offenbar das er sich alles kaufen kann!\u201c Meine Mum griff an mir vorbei und zog das Kleid aus der Schachtel. Es war wirklich wundersch\u00f6n, mit den \u00c4rmeln, die ein wenig \u00fcber die Schultern reichten, dem mit Diamanten verzierten Mieder und dem bodenlangen wasserfallm\u00e4\u00dfigen Rock, alles in strahlendem weis. Aber es war auch von Sebastian, der mich nur nicht gek\u00fcsst hatte, weil seine Mutter ihn unterbrochen hatte, da seine Zuk\u00fcnftige auf ihn wartete. Er war ein Mistkerl und\u2026 und ich w\u00fcrde das Kleid garantiert nicht tragen! Als griff ich nach dem zweiten Parket und ignorierte meine Mum, die mit dem Kleid durch das Zimmer tanzte. Ich l\u00f6ste vorsichtig das rote Band und legte es behutsam neben mich, dann nahm ich den Deckel in beide H\u00e4nde und hob ihn an, dann platzierte ich ihn neben dem Band. Nur um gleich darauf den Inhalt des Kartons zu mustern, es war noch ein Kleid, aber in schwarz, wie der Karton. Ich hob es bewundernd aus dem Karton, es war ein kurzes Kleid. Wahrscheinlich reichte es nicht einmal \u00fcber die Knie, der obere Teil ging in Spitze \u00fcber, die zu filigranen Blumenmustern gekn\u00fcpft war, und unten ging es in einem schlichten eleganten Rock auf, es war schlicht und \u0001 \u0002 fl\u00fcsterte: \u201eMum, ich zieh das an!\u201c Sie drehte sich \u00fcberrascht zu mir um und musterte das schwarze Kleid mit einem seltsamen Funkeln in den Augen. \u201eJa, es passt zu dir.\u201c Jetzt war es an mir, \u00fcberrascht zu sein. \u201eAber ich dachte, dir gef\u00e4llt das wei\u00dfe so gut!\u201c Sie l\u00e4chelte: \u201eAber deine Augen, sie leuchten, das haben sie bei diesem Prachtst\u00fcck nicht getan!\u201c Vertr\u00e4umt strich sie \u00fcber die wei\u00dfe Seide und seufzte: \u201eWas machen wir jetzt mit dem hier?\u201c Kurz \u00fcberlegte ich, dann grinste ich, oh ja. \u201eDu wirst es anziehen, wir haben ja fast die gleiche Gr\u00f6\u00dfe.\u201c Dann lachte ich, oh das war genial, ich konnte gar nicht abwarten Sebastians Gesicht zu sehen. \u201eNa wenn das so ist!\u201c, sagte meine Mum umarmte das Kleid und verschwand h\u00fcpfend im Badezimmer. Ich \u0001 \u0002 betrachtete ich mein Spiegelbild, meine Harre waren zu einem Zopf gebunden, eine widerspenstige Locke hatte sich daraus gel\u00f6st und rahmte mein Gesicht ein. Das Kleid war wie f\u00fcr mich gemacht, passte sich perfekt an meinen K\u00f6rper an und\u2026 \u201eAch du schei\u00dfe! Das ist ja hei\u00df.\u201c Erschrocken drehte ich mich zu Mum um, die mich mit gro\u00dfen Augen musterte. \u201eWas ist denn?\u201c, fragte ich obwohl ich l\u00e4ngst wusste, was sie meinte. Ich grinste, wandte meinen Blick von ihr in dem Traumkleid ab und drehte meinen Kopf, sodass ich den super mega geilen R\u00fcckenausschnitt im Spiegel betrachten konnte. Ja, das war mal ein Kleid!Ich wei\u00df ich hab ein Kapitel nur \u00fcber Kleider geschrieben, sorry wem das nicht gef\u00e4llt, aber ich finde das muss einfach mal sein :)ps. Hoffe es gef\u00e4llt trotzdem jemandem :))",
            "wordcount": "810",
            "chapter_release": "06.07.2016",
            "chapter_number": "6"
        },
        "7": {
            "text": "Wir gingen denselben Weg wie am Abend davor, der einzige sichtbare Unterschied bestand tats\u00e4chlich in der Kleidung. Die ganzen Adeligen hatten sich schick gemacht, bodenlange, mit Diamant besetzte Kleider oder so kurze, enge Cocktailkleider, dass ich mir in meinem Kleid schon fast wie eine Nonne vorkam. Es war ein bunter Mix aus Farben, Schnitten und L\u00e4ngen, obwohl es alles in allem gut zusammenpasste. Einer dieser witzigen Pinguine kam auf uns zu gewatschelt (also ich spreche nat\u00fcrlich von dem Kellner) und hielt uns sein mit Champagner vollbeladenes Tablett hin. Als ich hastig danach griff, bekam ich einen Blick von Mum, der so viel sagte wie: \u201eBetrink dich ja nicht oder du hast die n\u00e4chsten Jahre Hausarrest!\u201c Verdammt, auf eine Party gehen mit Mami, war nur bis zu einem gewissen Punkt cool. Keine Jungs, was bei mir eigentlich nicht wirklich das Problem war, sie mieden mich ja sowieso. Aber wenn man sich an so einem schei\u00df Tag dann auch nicht volllaufen lassen durfte, was machte man da \u00fcberhaupt auf einer Party! Trotz meinem Nicken nahm ich mir noch ein zweites Glas, worauf meine Mutter einen Blick aufsetzte, als wollte sie mich umbringen. Ich l\u00e4chelte, reichte ihr das Glas. \u201eF\u00fcr dich!\u201c Und lie\u00df sie dann verdutz und wahrscheinlich nicht gerade wenig w\u00fctend \u00fcber meine Reaktion im Vorraum stehen und betrat den Saal. Ich sah mich um, eine Gruppe Musiker spielten auf irgendwelchen gleichzeitig sch\u00f6n und seltsam aussehenden Instrumenten und die G\u00e4ste bedienten sich entweder am Buffet oder standen rum und machten Small Talk. Ich warf einen Blick auf mein Glas, kein Getr\u00e4nk der Welt konnte dieses Fest noch retten und vor allem nicht das eine Glas Champagner in meiner Hand. Ich trank einen gro\u00dfen Schluck und lie\u00df das Kalte, prickelnde Getr\u00e4nk meine Kehle hinunterlaufen. Dann machte ich mich auf den Weg zu dem einzig annehmbaren Ort: Dem Buffet. Nachdem ich mir einen Teller mit wunderbar duftendem Essen zugelegt hatte, sah ich meine Mutter die ebenfalls dem Buffet zugewandt stand. Ich wollte eigentlich schon weggehen, aber dann bemerkte ich, dass nicht nur ich Mum entdeckt hatte. Sebastian ging l\u00e4chelnd auf sie zu, doch er konnte ihr Gesicht nicht sehen. Das war einfach zu sch\u00f6n. Ich stellte meinen Teller ab und starrte in ihre Richtung bewegte mich langsam auf sie zu, um ja nichts zu verpassen. Er tippte ihr auf die Schulter: \u201eEs freut mich das dir das Kleid gef\u00e4\u2026\u201cIch presste fest die Lippen zusammen, um nicht den Lachanfall des Jahrhunderts zu bekommen. Er starrte meine Mutter an, als w\u00e4re sie ein Geist, ein Alien, ein h\u00e4ssliches Monster oder einfach nur eine unerwartete \u00dcberraschung. Ihm endgleisten die Gesichtsz\u00fcge komplett und er starrte meine Mum an. Ich l\u00e4chelte, wie peinlich ihm das jetzt wohl war. \u201eHallo, Sebastian. Ja, danke f\u00fcr das Kleid!\u201c Ich ging jetzt grinsend auf die beiden zu. \u201eAh\u2026Ja\u2026B..Bitte,..gerne\u201c, stotterte er v\u00f6llig verwirrt und verloren. \u201eIch finde, dass es ihr hervorragend steht, denkst du nicht auch?\u201c, klinkte ich mich in das `Gespr\u00e4ch\u00b4 mit ein. Erschrocken drehte er sich zu mir um: \u201eH\u2026Hallo\u2026,Kleid?\u201c Fast tat er mir leid, aber auch nur fast. \u201eNaja, ich lass euch dann mal alleine. Bis sp\u00e4ter S\u00fc\u00dfe!\u201c, und mit diesen Worten verschwand meine Mum im Gedr\u00e4nge. Sebastian sch\u00fcttelte sich, dann sah er mich wieder an: \u201eWieso hast du das Kleid nicht angezogen?\u201c \u201eIch hatte schon eins!\u201c Jetzt musterte er mich genauer und bekam gro\u00dfe Augen: \u201eJa, das sehe ich. Von wem hast du das?\u201c \u201eNicht von dir\u201c, entgegnete ich kalt. Er ignorierte meinen Ton und f\u00fcgte mit rauer Stimme hinzu: \u201eEigentlich kann ich froh sein, das du dieses Kleid tr\u00e4gst, den Anblick h\u00e4tte ich nicht missen wollen!\u201c Ich h\u00e4tte ihm so gerne eine geklatscht, das kann man sich nicht vorstellen. Aber hier waren so viele Leute, also starrte ich ihn nur stumm und entsetzt an. Ernsthaft?Pl\u00f6tzlich h\u00f6rte ich hinter mir eine komisch vertraute Stimme: \u201eGibt\u2019s ein Problem?\u201c Einen Moment sp\u00e4ter legte mir ein schwarzhaariger Junge den Arm um die Schulter, ich starrte ihn an, starrte in eisblaue unergr\u00fcndliche Augen. Und obwohl es das letzte Mal, als ich ihn gesehen hatte, dunkel gewesen war, erkannte ich den Jungen von gestern. Er sah mir kurz in die Augen und irgendwas passierte, ich wusste nicht was, irgendwas. Dann hob er den Blick und sah Sebastian herausfordernd an, dieser sah von mir, zu dem Jungen, zu dem Kleid, wieder zu dem Jungen. \u201eNichts, wir haben uns nur unterhalten.\u201c Ich schwieg, klar, unterhalten. \u201eSah aber nicht so aus, als wollte sie mit dir reden!\u201c \u201eWoher willst du das wissen, wir sind doch Freunde nicht war, Emery?!\u201c Ich konnte mich gerade noch zur\u00fcckhalten ihm nicht das Gesicht zu zerkratzen, woher kam \u00fcberhaupt der Gedanke, ich war doch sonst nicht so. \u201eDu solltest jetzt gehen!\u201c, sagte ich kalt. Sebastian sah mich an, als w\u00e4re er \u00fcberrascht. \u201eHast du sie nicht geh\u00f6rt?\u201c, fragte der Junge und richtete sich bedrohlich ein St\u00fcck auf. Sebastian drehte sich langsam um und ging, aber sein Gesichtsausdruck, war es wert. \u201eDanke, aber den w\u00e4re ich auch allein losgeworden!\u201c Der Junge grinste und l\u00f6ste sich von mir. \u201eSchon klar, aber hast du sein Gesicht gesehen, unbezahlbar.\u201c Ich grinste ihn jetzt auch an: \u201eSo ein Vollidiot!\u201c \u201eJa. Emery also, sch\u00f6ner Name!\u201c Ich legte den Kopf schief und sah zu dem Jungen auf: \u201eUnd du?\u201c Verwirrt fragte er: \u201eWas?\u201c Ich lachte: \u201eWie hei\u00dft du?\u201c \u201eAch so, mein Name ist Luke!\u201cHi, sorry, dass ich Sebastian zu einem Volldepp gemacht habe, aber ich war grad ein bisschen w\u00fctend auf Jungs und jetzt muss er leiden ;) Hoffe aber, dass euch der neue Junge gef\u00e4llt, mir auf jeden Fall, schreibt mir einfach eure \u0001 \u0002 eure K. <3",
            "wordcount": "939",
            "chapter_release": "13.07.2016",
            "chapter_number": "7"
        },
        "8": {
            "text": "Ich h\u00e4tte gerne noch mehr \u00fcber Luke erfahren, aber dann ert\u00f6nte eine furchtbar schrille Fanfare und alle, also auch ich drehten sich zum Eingang um. Zwei in strenge blaue Uniformen gesteckte Wachen betraten den Saal und beide trugen die Flaggen des Deton-Clans. Das Gespr\u00e4ch mit Sebastians liebreizender Mutter fiel mir wieder ein, die Erbin des Deton-Clans sollte ja mit ihm verheiratet werden. Dann traten Sebastian und seine Eltern vor die anderen G\u00e4ste und die Musiker spielten eine dramatische Melodie, bei der ich einen Brechreiz bekam und dann betraten zwei Personen den \u0001 \u0002 stellte mich auf die Zehenspitzen, ich wusste ich sollte es nicht tun, aber ich wollte einfach sehen, wie sie aussah. Zuerst sah ich ein M\u00e4dchen, vielleicht 16 Jahre alt durch die T\u00fcr kommen. Sie hatte dunkles braunes Haar, das zu einem kinnlangen Bob zugeschnitten war, der ihr dunkles herzf\u00f6rmiges Gesicht umrahmte und trug ein rosa Kleid das m\u00e4dchenhafter nicht h\u00e4tte sein k\u00f6nnen. Hinter ihr betrat ein Mann den Saal, er trug offensichtlich edle Kleidung und trotzdem machte diese mich misstrauisch. Trotz der Entfernung merkte ich, dass mit dem Stoff irgendwas nicht stimmen konnte, nur was? Sein Gesicht war markant und anziehend, seine schwarzen Haare schulterlang und nicht zu \u00fcbersehen, hing ein Schwert an seiner Seite, das ihn deutlich als Krieger zeichnete. Die \u00fcbertriebene Musik h\u00f6rte auf und die Familien standen sich gegen\u00fcber, dabei war es so still, dass man glaube ich, eine Stecknadel geh\u00f6rt h\u00e4tte. Es war als w\u00fcrden alle den Atem \u0001 \u0002, Sebastians Vater, zerbrach die Stille und r\u00e4usperte sich: \u201eIch freue mich, Euch, Killian, Anf\u00fchrer des Deton-Clans und eure bezaubernde Tochter Jules im Hause Frirer begr\u00fc\u00dfen zu d\u00fcrfen. Lasst uns dieses Fest zu Ehren unserer Kinder und als Festigung der Vertr\u00e4ge zwischen unseren beiden L\u00e4ndern abhalten!\u201c Gott das klang so gestelzt, einge\u00fcbt und unpers\u00f6nlich, dass mir ein Schauer \u00fcber den R\u00fccken lief, doch dann richtete ich den Blick auf diesen Killian, wie wahrscheinlich jede andere Person im Saal. \u201eSehr gerne. Auf unsere Kinder!\u201c, antwortete der Krieger mit lauter tiefer Stimme. Nach diesen Worten wurde ohrenbet\u00e4ubend Beifall geklatscht, was mir total unn\u00f6tig und \u00fcberzogen vorkam, und die Tanzfl\u00e4che wurde ger\u00e4umt, um f\u00fcr das zuk\u00fcnftige Paar Platzt zu machen. Ich beobachtete die beiden wie sie sich l\u00e4chelnd an den H\u00e4nden nahmen, doch ihre Augen l\u00e4chelten nicht mit, das war alles nur Show und Gott es war l\u00e4cherlich. Dann setzte langsame Musik ein und die beiden tanzten einen ruhigen Walzer durch den Saal. Luke stand immer noch sch\u00fctzend hinter mir, als sich wieder die ersten Paare auf die Tanzfl\u00e4che begaben. \u201eEmery?\u201c, fragte er und ich drehte mich zu ihm um: \u201eJa?\u201c Er hielt mir die Hand hin: \u201eHast du nicht Lust zu tanzen?\u201c Ich sah ihn an, dann die Leute auf der Tanzfl\u00e4che und verzog unwillig den Mund: \u201eMuss ich?\u201c \u201eNein, aber es w\u00e4re eine Verschwendung so ein Kleid anzuziehen, wenn es nicht jeder sieht!\u201c Ich sch\u00fcttelte mich: \u201eDu hast recht, lass uns ta\u2026!\u201c Meine Mum riss mich zur\u00fcck, als wir gerade die Tanzfl\u00e4che betraten und ich wollte sie schon anfauchen, als ich ihren Blick bemerkte. Sie war total ver\u00e4ngstigt und nerv\u00f6s: \u201eEmery wir m\u00fcssen hier weg!\u201c Ich starrte sie verwirrt an: \u201eWas?\u201c \u201eDer Mann da vorhin, er darf uns nicht sehen, er darf nicht wissen, dass wir hier sind!\u201c Luke hatte sich jetzt auch hinter mich gestellt: \u201eWas ist denn los?\u201c Meine Mutter sah ihn an, musterte ihn und dann streckte sie die Hand nach ihm aus. Er wollte zur\u00fcckweichen doch sie war schneller, packte ihn und ihre Augen wurden glasig. \u201eDas darf nicht sein, kann nicht sein!\u201c, sie faselte wirres Zeug, also sch\u00fcttelte ich sie, langsam machte sie mir Angst. \u201eSag mir bitte, was los ist!\u201c In dem Moment sp\u00fcrte ich es, das Brennen, es war, als w\u00fcrde mein ganzer R\u00fccken in Flammen stehen. Ich drehte mich um und sah direkt in die Augen des Deton-Anf\u00fchrers. Seine eisblauen Augen brannten sich in meine, obwohl er auf der anderen Seite der Tanzfl\u00e4che stand, sp\u00fcrte ich seinen feindseligen Blick auf mir. Jetzt hatte ich wirklich Angst! \u201eMum, er hat uns schon gesehen!\u201c Sie stoppte in ihrem Redeschwall und sah an mir vorbei, ihre Augen weiteten sich: \u201eEr darf dich nicht in die Finger bekommen meine Blume und Junge wenn du wei\u00dft, wer dein Vater ist, dann w\u00fcrde ich an deiner Stelle auch so weit weg, wie nur irgend m\u00f6glich!\u201c Ich sah Luke an, doch meine Mutter lie\u00df ihn nichts erkl\u00e4ren, mich nichts fragen. Sie zog uns zu dem Balkonfenstern, stie\u00df sie auf und sah sich noch einmal um, der Mann, Killian, bewegte sich auf uns zu. \u201eMum?!\u201c \u201eMein Schatz ihr m\u00fcsst so weit weg und so schnell, wie ihr k\u00f6nnt, ok?\u201c Ich nickte mit Tr\u00e4nen in den Augen, ich hatte keine Ahnung was hier abging, aber ich wusste das Mum nicht mitkommen w\u00fcrde. \u201eMeine Blume, du hast mehr Kraft, als Heilerinnen sie je h\u00e4tten besitzen d\u00fcrfen, im Moment hast du Angst, aber bald werden sie Angst vor dir haben!\u201c Ich zitterte: \u201eW\u2026?\u201c \u201eLauf, ich liebe dich, s\u00fc\u00dfe!\u201c Dann schubste sie mich vor die T\u00fcr und schlug sie dann vor meiner Nase zu!Hi ;) Ich versuche es ein bisschen spannender zu machen, sagt mir einfach, ob es funktioniert hat und hoffentlich seit ihr schon gespannt, wie es weiter geht LG K. <3",
            "wordcount": "885",
            "chapter_release": "21.07.2016",
            "chapter_number": "8"
        },
        "9": {
            "text": "Ich stand vor der T\u00fcr, wie erstarrt und w\u00e4re Luke nicht bei mir gewesen w\u00e4re ich wohl auch weiter wie ein Vollidiot vor der verschlossenen T\u00fcr gestanden, h\u00e4tte sie angestarrt und w\u00e4re am Ende garantiert geschnappt worden. Doch so riss er an meinem Arm und zog mich von dem Balkon. Wie bet\u00e4ubt stolperte ich hinter ihm die Treppe runter, er sprach nicht mit mir und ich wusste, dass wir verfolgt wurden, dass dieser komische Mann im Saal es irgendwie auf meine Mum und mich abgesehen hatte. Aber meine Mum war jetzt da drin, bei dem Mann, bei dem Krieger, der seit seiner Geburt lernte zu t\u00f6ten und zu verletzten. Wir Heilerinnen mochten zwar vieles sein, aber K\u00e4mpferin geh\u00f6rte nicht dazu. Ich achtete \u00fcberhaupt nicht auf den Weg vor mir und als wir dann durch den dunklen Palastgarten liefen, riss es mich mehrmals fast von den F\u00fc\u00dfen. Doch als ich zum sechsten Mal st\u00fcrzte, hatte Luke genug, er kniete sich vor mich, w\u00e4hrend ich mir die Z\u00e4hne zusammenbiss, mein Knie war aufgerissen und bestimmt voller Dreck. \u201eReis dich zusammen Emery, du hilfst deiner Mutter nicht, wenn du dich jetzt doch erwischen l\u00e4sst! Wir m\u00fcssen schneller werden, sie suchen schon nach uns.\u201c Erst sah ich verwirrt aus, doch dann h\u00f6rte ich sie auch, Rufe und Befehle wurden durch die Nacht geschrien, sie waren noch weit weg aber sie kamen schnell n\u00e4her, sehr schnell! Also nickte ich: \u201eWir m\u00fc\u2026m\u00fcssen raus aus dem Garten.\u201c Sein Gesicht war ernst doch ich sah die Andeutung eines L\u00e4cheln, als er mir \u00fcber die Wange strich: \u201eDu schaffst das!\u201cEr nahm meine Hand und wir rannten weiter, jetzt achtete ich auf meinen Weg. Die Gartenwege hatten wir schon lang verlassen und k\u00e4mpften uns durch die, in Reihen angelegten, Buchsb\u00e4ume, Rosenstr\u00e4ucher, mein pers\u00f6nlicher Favorit und farbenfrohe Blumenbeete, die wir galant niedertrampelten. Und dann sahen wir die Mauer, sie verschloss das ganze Herschafftshaus vor dem Volk und das schei\u00df Ding war verdammte 4 Meter hoch! Luke starrte sie an und fluchte lautlos vor sich hin, es gab nur wenige Tore in der Mauer die alle gut bewacht waren, soviel hatte ich bei unserer Ankunft mitbekommen. Das brachte uns jetzt aber auch nur soweit, dass es keinen Weg gab als entweder umkehren und irgendwie das Haupttor zu benutzen oder \u00fcber eine Mauer die mehr als doppelt so gro\u00df war wie wir zu klettern. Ich zitterte, ich h\u00f6rte die Rufe immer noch in unserem Nacken. Ich biss mir auf die Lippen keine Panik, du findest einen Weg, du schaffst das! Luke ging n\u00e4her an die Mauer, aber ich blieb stehen, fieberhaft nachdenkend. Die Mauer war glatt es gab kaum Risse, also war es unm\u00f6glich daran hochzuklettern. Suchend sah ich mich um und sah, n\u00e4her am Palast, n\u00e4her an unseren Verfolgern und n\u00e4her an dem gruseligen Mann, ein kleines H\u00e4uschen, es stand vielleicht ein, zwei Meter von der Mauer weg. Ich rannte zu Luke und riss ihn am Arm, er wandte seinen Blick von der Mauer und sah das, vielleicht hundert Meter entfernte H\u00e4uschen. In seine Augen trat ein Leuchten, als diese kleine Hoffnung am Rande unseres Blickfelds auftauchte und dann nickte er mir zu. Mein Herz raste und ich musste die lauter werdenden Rufe der Wachen ignorieren, um nicht endg\u00fcltig in Panik zu verfallen. Dann sprinteten wir auf das kleine H\u00e4uschen zu, m\u00f6glicherweise das eines G\u00e4rtners. Ein lauter Ruf hallte in meinem Kopf und dann h\u00f6rte ich ein \u0001 \u0002 Gedanken waren von einem gewaltigen Nebel umgeben, mein Gehirn schaltete sich aus und dann, packte ich Lukes Arm und riss ihn zur\u00fcck. Er schrie verwirrt, emp\u00f6rt, aber in dem Moment schoss direkt da, wo er gestanden w\u00e4re, ein schwarzer Pfeil an uns vorbei. Luke starrte mich an und ich h\u00e4tte mich vermutlich auch gewundert, wenn meine Gedanken nicht so vernebelt w\u00e4ren. Automatisch setzten sich meine F\u00fc\u00dfe wieder in Bewegung und zog Luke hinter mir her. Sie waren so nah, so nah. Und wir waren nur noch wenige Meter von dem Haus entfern, doch das einzige was mein Gehirn zulie\u00df war ein Gedanke: \u201eHalt ihn fest! Halt ihn fest!\u201c Also packte ich Luke fester, fauchte ihn an er solle sich an mir fest halten, weil der Teufel hinter uns her w\u00e4re. Pl\u00f6tzlich schoss es mir durch den Kopf, wie ein Befehl, eine Rettungsleine, Unsinn, Schwachsinn, Wahnsinn, zugleich. \u201eSPRING!!!\u201cIch sprang, meine F\u00fc\u00dfe verlie\u00dfen den Boden und ber\u00fchrten ihn nicht wieder! Ich sprang h\u00f6her als, ich es je f\u00fcr m\u00f6glich gehalten h\u00e4tte, als es h\u00e4tte m\u00f6glich sein d\u00fcrfen. Hilflos bewegten sich meine Beine in der Luft und mein Arm riss beinahe ab, w\u00e4hrend Luke sich daran klammerte. Dann sp\u00fcrte ich wie Luke seine Arme um mich legte und uns in der Luft herumdrehte. Auf einmal krachten wir auf das Hausdach, schlitterten \u00fcber die Dachgiebel und w\u00e4hrend Luke st\u00f6hnte, weil er unseren Aufprall abgefangen hatte, versuchte ich irgendwie die obere Kante des Daches zufassen zu bekommen. Ein Schmerz pulsierte durch meinen Arm, als meine Finger die Spitze zufassen bekamen. Ich biss die Z\u00e4hne zusammen, um nicht zu schreien. Dann zog ich Luke mit meinem anderen Arm ein St\u00fcck h\u00f6her und ehe er mir entgleiten konnte, packte auch Luke die obersten Giebel und hielt sich fest. In dem Moment, wie sein Gewicht nicht mehr an mir hing, entfuhr mir ein \u0001 \u0002 die Wachen und der Mann kamen immer noch n\u00e4her. Also rappelten wir uns auf und schlichen vorsichtig auf jeden Schritt achtend auf den Spalt zwischen Haus und Mauer zu, ein Meter, h\u00f6chstens. An der Kante angekommen, richteten wir uns ganz auf. Luke sah mich kurz an und dann sprang er landete auf der Mauer und duckte sich, weil er dort ein verlockendes Ziel darstellte. Ich versuchte mich zu konzentrieren, doch der Nebel hielt mich auf. Ich knurrte dann holte ich Schwung und sprang der Rock des Kleides flatterte. Unsicher landete ich auf der Mauer, hatte mich gerade ausbalanciert, als mein K\u00f6rper pl\u00f6tzlich herumfuhr und ich meine Hand hochriss. Sie packte zu, packte einen Schwarzen Pfeil, der nur Zentimeter von meinem Gesicht entfernt \u0001 \u0002 sah auf und starrte direkt in die eisblauen, kalten Augen des Deton-Anf\u00fchrers. Er beobachtete mich aus zu Schlitze verengten Augen, dann drehte ich mich um, packte Luke und sprang von der \u0001 \u0002 :) Also das ist jetzt ne gro\u00dfe Ver\u00e4nderung und ich hoffe sie ist nicht zu verwirrend :P Aber da Emery ja selbst keine Ahnung hat, was da passiert, werdet ihr warten m\u00fcssen, bis sie es erf\u00e4hrt. Zweite Hoffnung: Ob es euch gefallen hat, ja/nein egal, last einfach ein Review da, wenn ihr Zeit habt <3Eure K.",
            "wordcount": "1.096",
            "chapter_release": "16.08.2016",
            "chapter_number": "9"
        }
    },
    "title": "The Flower of Death",
    "topic": "unspecified",
    "release": "\n15.06.2016\n\t\t\t\t\t\t",
    "author": "Kitten01"
}