{
    "tags": [],
    "chapcount": "9",
    "wordcount": "11.206",
    "chapters": {
        "1": {
            "text": "Die alte Frau bekam selten Besuch. Eigentlich sogar nie. Der Grund wieso sie den Mann im dunklen Anzug freundlich, aber auch etwas verwirrt anl\u00e4chelte, der eben an ihrer T\u00fcr geklopft hatte. \u201eKann ich Ihnen helfen?\u201c \u201eJa, das k\u00f6nnen Sie allerdings\u2026\u201c Der Mann hatte pl\u00f6tzlich ein Foto in der Hand und hielt es Emily Stines hin. Die Frau strich sich eine Str\u00e4hne ihres grauen Haares aus dem Gesicht und nahm das Foto sacht in die eigene Hand. Sie kniff die Augen zusammen und beugte sich \u00fcber die Fotografie. Darauf war ein Junge mit wilden, schwarzen Haaren zu sehen. Sie nickte. An diesen Jungen erinnerte sie sich sogar noch recht deutlich: sie hatte ihn erst vor einigen Stunden im Bus gesehen. Sein Rucksack, oder Tasche da war sie sich nicht mehr ganz so sicher, hatte auf dem einzig freien Sitz gestanden und sie hatte ihn gefragt ob er vielleicht so nett w\u00e4re die Tasche dort wegzunehmen. Ohne ein Wort zu sagen hatte der Junge die schwarze Tasche auf seinen Scho\u00df genommen und dann wieder aus dem Fenster gesehen. Emily konnte sich daran erinnern das der Bus wegen einer Baustelle l\u00e4ngere Zeit hatte stehen bleiben m\u00fcssen. \u201eJa den Jungen habe ich gesehen. Wieso wollten Sie das denn wissen?\u201c fragte sie l\u00e4chelnd und gab dem Mann das Foto zur\u00fcck. Emily kam der Gedanke dass sie vielleicht mal ihren Bruder Richard anrufen konnte, sie hatte ihn schon einige Zeit nicht mehr gesehen. Dann k\u00f6nnten sie in Ruhe Tee trinken und reden. Ja, das w\u00fcrde sie machen. Sobald der Mann weg war, w\u00fcrde sie ihn anrufen. \u201eEr ist von zu Hause weggerannt. Wo haben Sie ihn den gesehen?\u201c \u201eOh wirklich? Das tut mir leid f\u00fcr Sie\u2026 Ich habe ihn im Bus gesehen.\u201c \u201eGut, vielen Dank f\u00fcr ihre Hilfe.\u201c Der Mann hielt ihr f\u00f6rmlich die Hand hin und Emily ergriff sie nach einigen Sekunden und sch\u00fcttelte sie. \u201eViel Gl\u00fcck w\u00fcnsche ich Ihnen.\u201c Der Mann nickte nur und wandte sich ab. Emily sah ihm noch kurz hinterher, dann schlo\u00df sie die T\u00fcr und nahm das Telefon in die Hand. Im n\u00e4chsten Moment brach sie tot zusammen. Ihr Vermieter w\u00fcrde die alte Dame zwei Tage sp\u00e4ter finden und in ihrer Todesakte w\u00fcrde \u201eHerzinfarkt\u201c stehen. \u201eBoss? Ich hab ihn.\u201c Der Mann schwieg kurz, dann nickte er. \u201eNat\u00fcrlich habe ich die Zeugin beseitigt. Ja\u2026 Ja, nat\u00fcrlich werde ich das tun.\u201c Dann legte er auf und seufzte genervt. Er war kein Anf\u00e4nger mehr! Er war sehr wohl in der Lage sich nicht selber versehentlich mit dem Gift, das er sich auf die Hand strich umzubringen. Aber gut, er war auch erst seit einem Jahr dabei, die l\u00e4ngsten Mitarbeiter arbeiteten dort seines Wissens nach schon seit 40 \u0001 \u0002 gesuchte Junge dr\u00fcckte sich derweil in einem Hauseingang herum. Ihm war langweilig und das obwohl er eigentlich auf der Flucht war. Aber dem Jungen war sowieso fast immer langweilig. Auch als er in den Zellen dieser verdammten Organisation vor sich hin geschmort hatte. Auch wenn sie allen Grund dazu gehabt hatten. Ein Grinsen bildete sich auf seinen Lippen, als er seinen Rucksack schulterte und sich wieder in die Menschenmenge mischte. Oh ja, sie hatten wirklich allen Grund gehabt ihn mehrere Jahrzehnte einzusperren\u2026 Damals war er doch glatt durchgedreht. Aber da waren sie doch selber Schuld! dachte er w\u00fctend und rempelte sich seinen Weg frei. Was mussten sie ihn auch in den Krieg schicken\u2026 Er grinste verz\u00fcckt als er sich an diese Zeit erinnerte. Was hatte er damals f\u00fcr Spa\u00df gehabt, er hatte get\u00f6tet wen er wollte und er hatte verschont wen er wollte. Um die Seiten hatte er sich nicht geschert mal hatte er Amerikaner vor Nazis gerettet und mal die Nazis vor den Amis. Und deshalb hatten sie ihn eingekerkert. Einfach so hatten sie ihn abgeholt als er in dem zerst\u00f6rten Berlin einen Kaffee getrunken hatte. So wie er es im Moment auch tat, nur war er nicht in einer zertr\u00fcmmerten Stadt sondern in einer bl\u00fchenden und vollen Mega-City. \u201eDiese Kerle\u2026 Wie lange sie wohl dieses Mal brauchen um mich zu finden?\u201c sagte er leise und \u00fcberlegte wem sie ihm wohl hinterher geschickt hatten. Er wusste alles \u00fcber die Organisation. Wer sie gegr\u00fcndet hatte, wann sie gegr\u00fcndet worden war und das denen immer noch junge, naive Kerle die T\u00fcr einrannten\u2026 Sie Alle wollten das was er schon lange besa\u00df: Unsterblichkeit. Allerdings war er nicht der Einzige der solche F\u00e4higkeiten hatte, er war nicht der Einzige der damals in den Krieg geschickt worden war, aber der Einzige der dann durchgedreht war. Und er war der Einzige der der Organisation nun nicht sonderlich wohl gesonnen war. Aber er war ja auch verr\u00fcckt. Einige Meter bestellte sich der Mann der auch schon die alte Dame auf dem Gewissen hatte, ebenfalls einen Kaffe. Sein Name war Alexander Irving und er war vor kurzem 20 geworden. Die Schule hatte er mit akzeptablen Noten beendet, hatte jedoch keine Lust gehabt einen normalen Beruf zu erlernen und hatte gezielt nach seltsamen Jobs gesucht. Durch Zufall war der Rotschopf schlie\u00dflich auf die Internetseite der Organisation gesto\u00dfen, welche sich nach au\u00dfen hin als eine Totengr\u00e4ber-Firma ausgab. Durch einen noch gr\u00f6\u00dferen Zufall, und einen Hacker, erfuhr er die Wahrheit \u00fcber die vermeintlichen Totengr\u00e4ber. Sein Kumpel hatte sich in den E-Mail Verkehr eingehackt und so die Wahrheit ans Licht gebracht. Allerdings waren sie aufgeflogen, aber anstatt die Polizei zu rufen wurden sie Beide kurzerhand eingestellt. Alex wurde nach einem Test den, inoffiziell genannten, Men in Black zugeteilt, sein Kumpel kam in die IT-Abteilung und war verantwortlich f\u00fcr die Manipulation von Ger\u00fcchten im Internet. Alex war daf\u00fcr zust\u00e4ndig entflohene Mitglieder aufzusp\u00fcren und Zeugen aus dem Weg zu r\u00e4umen. Nachdem er seinen Mentor mit Fragen gel\u00f6chert hatte, hatte er schlie\u00dflich die Geschichte der Organisation erfahren. Die, von Engl\u00e4ndern gegr\u00fcndete, Organisation, welche allerdings nie einen Namen erhalten hatte, war im Jahr 1880 gegr\u00fcndet worden. Die Verwendung hatte sich in den Jahren immer wieder ge\u00e4ndert, erst war es f\u00fcr den Handel gewesen, um einheitliche Preise abzusprechen. Im Jahr 1888 wurde sie von der Londoner Polizei kurzerhand zu einer Unterkunft f\u00fcr eine Spezial-Einheit umgebaut. Im Jahr 1901 war es ein Waisenhaus, dann ein Jugendgef\u00e4ngnis und schlussendlich das was es seitdem war: ein Ort wo Genmanipulationen erforscht wurden, getarnt als Irrenhaus. Mit der Zeit wurde klar das bestimmte Eigenschaften besonders bei Jugendlichen auftraten. Also wurden Jugendliche angeworben und im Jahr 1930 wurden erste Erfolge verzeichnet: Zwei der f\u00fcnf Versuchspersonen hatten aufgeh\u00f6rt zu altern, einer konnte sich unsichtbar machen und der Letzte war gestorben nachdem er in die Themse gest\u00fcrzt war. Er war \u00fcberzeugt gewesen fliegen zu k\u00f6nnen\u2026. Aber gut ein paar echte Irre gab es immer. \u201eUnd ausgerechnet ich darf diesen Unsterblichen jetzt suchen!\u201c knurrte Alex und nippte an seinem Kaffe, der etwas mehr Zucker h\u00e4tte vertragen k\u00f6nnen. Alle Infos die man ihm \u00fcber den Jungen gegeben hatte waren die das er mit einigen Anderen im Krieg nach Deutschland geschickt worden war und dort einiges Chaos angerichtet hatte. Wie sollte er den denn bitte finden?! Genervt sah er sich um. L\u00e4cherlich, als w\u00fcrde er ihn wirklich hier finden\u2026 Alexander hielt geschockt inne und konnte sein Gl\u00fcck kaum fassen, als er den Jungen tats\u00e4chlich entdeckte. Er grinste und schrieb rasch eine SMS an seinen Vorgesetzten. Jetzt musste er ihn nur noch solange hier festhalten bis die Verst\u00e4rkung hier eingetroffen war\u2026 Also stand er auf legte ein paar M\u00fcnzen auf den Tisch und ging zu ihm. Daran das dieser Junge ihn locker umbringen konnte, verschwendete er lieber keinen Gedanken.",
            "wordcount": "1.243",
            "chapter_release": "15.09.2014",
            "chapter_number": "1"
        },
        "2": {
            "text": "Danke an autumngirl f\u00fcr das Kommi ^^ Hoffe dieses Kapitel entt\u00e4uscht dich nicht ;)_____________________________________________________________________\u201eWie bist du eigentlich zu deinem wundersch\u00f6nen Job gekommen?\u201c fragte Leon den nerv\u00f6sen Alex, der einige Sekunden brauchte um zu antworten. Der Gedanke das sein Gegen\u00fcber erstens: ein Verr\u00fcckter war, zweitens: wirklich und wahrhaftig unsterblich war, seine Waffen w\u00fcrden ihm also nichts bringen, und drittens: sich wirklich ein St\u00fcck Kuchen bestellt hatte, lie\u00df ihn mehr als nerv\u00f6s werden. Immerhin war das sein erster richtiger Auftrag: davor war noch kein Einziges der Versuchsobjekte ausgebrochen. \u201eEin gl\u00fccklicher Zufall.\u201c antwortete der Rothaarige steif und warf erneut einen Blick auf die Uhr, die Zeiger schienen sich extra langsam zu bewegen. \u201eAch? Gl\u00fccklich also? Naja wir werden sehen\u2026\u201c sagte Leon und strich sich die schwarzen Haare aus dem Gesicht, ehe er einen Schluck Wasser trank. \u201eUnd? Wie viele Menschen hast du schon umgebracht? Wie vielen von ihnen werden dich wohl in deinen Tr\u00e4umen heimsuchen?\u201c fragte der Junge mit einem Grinsen auf dem Gesicht. Alex bem\u00fchte sich sein Pokerface aufrecht zu erhalten als seine Gedanken kurz zu der alten Frau glitten. Zuvor hatte er sich gezwungen es zu verdr\u00e4ngen und keine Gef\u00fchle zuzulassen, doch nun wurde er direkt mit seinem Verbrechen konfrontiert. Und das ironischerweise von einem irren M\u00f6rder, der gerade ein St\u00fcck Kuchen a\u00df und so gef\u00e4hrlich aussah wie ein Welpe. \u201eL\u00e4ngst nicht so viele wie du!\u201c gab er schlie\u00dflich w\u00fctend zur\u00fcck. Was musste er sich von einem Verr\u00fcckten zulabern lassen? \u201eStimmt!\u201c, sagte Leon lachend, dann wurde er schlagartig wieder ernst, \u201eIch schlafe aber auch nicht mehr.\u201c Alex wusste nicht wirklich wie er darauf reagieren sollte, oder wollte, und so schwieg der Brite einfach. Leon schien aber auch nicht sonderlich viel daran zu liegen die Unterhaltung aufrecht zu erhalten, der Junge a\u00df unger\u00fchrt seinen Kuchen auf. \u201eSo, dann verzieh ich mich mal. Sch\u00f6nen Tag und vielleicht l\u00e4uft man sich mal wieder \u00fcber den Weg!\u201c sagte Leon und stand auf. \u201e\u00c4h\u2026\u201c brachte Alex nur perplex heraus und h\u00e4tte sich dann selber am liebsten daf\u00fcr geschlagen: er benahm sich nicht nur wie ein kompletter Vollidiot, sondern auch noch wie ein blutiger Anf\u00e4nger. \u201eNichts da!\u201c zischte er und packte den Jugendlichen am Arm, als er nach seinem Rucksack greifen wollte. \u201eDu bist hiermit festgenommen, Artur!\u201c Der Junge blickte ihn kurz perplex an, dann brach er in Gel\u00e4chter aus. \u201eUnd wie wollen Sie das machen?\u201c fragte er ebenso leise zur\u00fcck. \u201eSie sind erst seit kurzem dabei! Sie haben keine Ahnung welche Kr\u00e4fte mir gegeben wurden!\u201c Alex z\u00f6gerte kurz, dann packte er fester zu. \u201eDas interessiert mich einen feuchten Dreck! Mein Job ist es dich festzunehmen!\u201c gab er k\u00fchl zur\u00fcck und wurde im n\u00e4chsten Moment \u00fcber den Tisch geschleudert. Noch ehe er die Zeit hatte sich aufzurappeln, wurde sein Kopf auf den Boden geknallt und er sp\u00fcrte wie seine Nase brach und ihm Blut warm \u00fcber das Gesicht lief. Die anderen Leute in dem Cafe waren schreiend aufgesprungen. St\u00f6hnend rappelte er sich auf und sah sich hektisch um. Wo war sein Ziel? Er sah den Jungen mit dem Rucksack an einer Rolltreppe und st\u00fcrmte hinterher. Das Blut das ihm \u00fcbers Gesicht lief, und seinen Anzug versaute, ignorierte er und dr\u00e4ngte sich grob durch die Menge. Doch es brachte nichts mehr: er hatte den Jungen aus den Augen verloren. Er bemerkte einige andere M\u00e4nner in Anz\u00fcgen, Mitarbeiter der Organisation, welche kurz zu ihm sahen. Die stumm gestellte Frage beantwortete er mit einem Kopfsch\u00fctteln. Ein Handy wurde gezogen und Verst\u00e4rkung angefordert, Minuten sp\u00e4ter wurde das gesamte Geb\u00e4ude evakuiert, doch der Junge war nicht unter den Besuchern. \u201eWo ist der?\u201c blaffte ihn einer der M\u00e4nner an, doch Alex konnte nur den Kopf sch\u00fctteln. \u201eKommen Sie, Mister Irving, lassen Sie die das Geb\u00e4ude durchsuchen. Sie haben gute Arbeit geleistet.\u201c sagte ihm sein Vorgesetzter, ein schlanker Mann in den Drei\u00dfigern namens Smith und reichte ihm ein Taschentuch. \u201eEr ist mir entwischt.\u201c gab Alex w\u00fctend zur\u00fcck. \u201eAber Sie haben ihn gefunden und waren sogar in der Lage mit ihm zu reden. Das ist eine gro\u00dfe Leistung f\u00fcr Jemanden der erst seit einem Jahr dabei ist. Fahren Sie jetzt heim, wenn wir Sie wieder ben\u00f6tigen werden wir Sie anrufen.\u201c Alex nickte und wischte sich das Blut aus dem Gesicht. Sein Hemd war ruiniert, stellte er missmutig fest. In der U-Bahn wurde er angestarrt als w\u00e4re er entweder ein Massenm\u00f6rder oder ein betrunkener Schl\u00e4ger. Und im Moment f\u00fchlte er sich auch wie Ersteres. Sobald er endlich daheim angekommen war, eine schlichte Drei-Zimmer-Wohnung, warf er das Hemd in die Waschmaschine und goss sich ein Glas Wasser ein. \u201eSchicke Wohnung muss ich schon sagen.\u201c Er fuhr herum und hob automatisch das Wasserglas um es zu werfen. \u201eArtur?\u201c fragte er verwirrt und der schwarzhaarige Junge grinste, w\u00e4hrend er von dem Apfel abbiss, den er sich aus seiner Obstschale genommen hatte wie Alex bemerkte. \u201eWas tust du hier?\u201c fragte Alex misstrauisch und griff langsam in seine hintere Hosentasche, wo sein Handy steckte. \u201eSie k\u00f6nnen gerne ihre Kollegen rufen.\u201c, sagte der Junge gelangweilt, \u201eAber dann finden die hier nur noch eine Leiche, und zwar Ihre, und ich bin dann weg. Also w\u00fcrde ich vorschlagen Sie lassen das und ich bleibe f\u00fcrs Erste hier, gut?\u201c Alex z\u00f6gerte kurz, dann nickte er. Er w\u00fcrde das, sobald er morgen wieder zur Arbeit ging, sofort melden. \u201eWieso bist du eigentlich ausgebrochen?\u201c fragte er, als sie schlie\u00dflich Beide im Wohnzimmer sa\u00dfen. Alex hatte sich auf den Sessel gesetzt, w\u00e4hrend Leon das Sofa beansprucht hatte. \u201eKleiner Tipp, ganz kleiner Tipp nur:\u201c, sagte er leise und beugte sich n\u00e4her zu Alex hin, \u201eMach das n\u00e4chste Mal gef\u00e4lligst die Augen auf, wenn du mal in den Keller gehst!\u201c",
            "wordcount": "935",
            "chapter_release": "15.09.2014",
            "chapter_number": "2"
        },
        "3": {
            "text": "Danke an Nijey f\u00fcr das Kommi! *-* Freut mich das dir die Geschichte so gef\u00e4llt :D Hoffe dieses Kapitel gef\u00e4llt dir genauso gut ^^LGSchro__________________________________________________________________\u201eEy, Alex! Das du dich mal hierher verirrst!\u201c Alex grinste schwach, genauso hatte er den Blondschopf namens Nick in Erinnerung. Den Kerl ohne den er nie auf die Organisation gesto\u00dfen w\u00e4re. Auch wenn sie sich nun kaum noch sahen, Alex Arbeit war normalerweise damit zu Ende wenn er das Geb\u00e4ude verlie\u00df. Nicks Job war damit noch lange nicht zu Ende sondern fing erst an. Auch wenn er das freiwillig machte, Arbeit blieb Arbeit. \u201eIch soll einige Akten aus dem Keller holen und dachte ich schau mal schnell bei dir vorbei!\u201c sagte er grinsend und die L\u00fcge ging ihm ohne Probleme \u00fcber die Lippen. Was auch immer da oben war, ob nun Gott, das Schicksal oder doch Odin, besa\u00df eine gewisse Ironie: Wieso sonst sollte er, nicht mal einen Tag nachdem Leon bei ihm eingezogen war, ausgerechnet in den Keller? Nick nickte grinsend. \u201eNa dann viel Spa\u00df! Hab geh\u00f6rt da unten sind schon so einige umgekommen!\u201c neckte er seinen Kumpel. \u201eImmer noch besser als vor dem Schreibtisch zu versauern.\u201c gab der zur\u00fcck und lie\u00df ihn wieder alleine. Er wusste dass der Andere mehr als genug zu tun hatte. Es ging nicht darum die Ger\u00fcchte zu manipulieren, sondern auch deren Urheber aufzusp\u00fcren und die Informationen an die Men in Black weiterzugeben. Seufzend stieg er die abgetretenen Stufen in den Keller hinunter. Nat\u00fcrlich hatte er seinen neuen Mitbewohner nicht verraten, dazu war er zu neugierig. Auch wenn ihm das jetzt erst auffiel: Er war bereits seit einem Jahr dabei und war noch kein einziges Mal in diesem Keller gewesen. \u201eNaja\u2026 was kann da schon sein, au\u00dfer Akten?\u201c redete er mit sich selber und klopfte an die massive Stahlt\u00fcre. Nach einigen Sekunden wurde sie ge\u00f6ffnet und ein blasses Gesicht sah ihn aus zugekniffenen Augen an. \u201eWas?\u201c blaffte der alte Mann unfreundlich und machte keinerlei Anstalten ihn hereinzulassen. \u201eIch soll ein paar Akten holen\u2026\u201c begann Alex unsicher, und der Mann begann schnaufend die T\u00fcr weiter zu \u00f6ffnen. F\u00fcr einen kurzen Augenblick hatte er Angst der Alte k\u00f6nnte einen Herzinfarkt erleiden, doch dann winkte er den J\u00fcngeren mit einem Brummen hinter sich her. Z\u00f6gernd folgte er ihm durch den dunklen, engen Gang und so sehr er auch die Augen aufhielt: es gab nur die grauen Betonw\u00e4nde, unterbrochen von den Lichtern an der Decke. \u201eDa!\u201c Eine alte Holzt\u00fcre f\u00fchrte in das Archiv, das aussah wie aus einem drittklassigen Horrorfilm, nur ohne die flackernden Lichter. \u201eSuch was du willst und dann raus, du Gr\u00fcnschnabel.\u201c H\u00f6rte er den Alten noch sagen, dann war er alleine. Angespannt wartete er noch einige Minuten, dann lugte er vorsichtig aus der offenen T\u00fcr den Gang hinunter. Tatsache, er war alleine. Leise ging er den Gang weiter, die Akten konnte er auch sp\u00e4ter holen. Der Gang f\u00fchrte schlie\u00dflich in ein wesentlich freundlicheres und vor allem helleres Umfeld: aus dem engen, nackten Gang wurde, nun ja, ein breiterer und hellerer Gang, von dem in mehreren Metern Abst\u00e4nden T\u00fcren abgingen. Und zwar keine gew\u00f6hnlichen T\u00fcren: es waren massive Stahlt\u00fcren mit einem kleinen Fenster und Sicherheitscodes. Vorsichtig ging er zu einer der T\u00fcren und lugte hinein, er musste sich auf die Zehenspitzen stellen und was er sah h\u00e4tte ihn um ein Haar sein Fr\u00fchst\u00fcck wieder ans Tageslicht gebracht. Eigentlich war es gar nicht so schlimm\u2026 Ein junges M\u00e4dchen mit langen farblosen Haaren sa\u00df in der Mitte des Raumes, doch das Ekelerregende an dem Bild war das sie sich anscheinend verletzt hatte und blutete wie ein Schwein. Abgesehen davon war die Tatsache dass sie einige Zentimeter \u00fcber dem Boden schwebte recht\u2026 langweilig, auch wenn sie aussah wie ein kriegerischer Buddha. Hastig wandte Alex sich ab und ging hastig zur\u00fcck zum Archiv. Klar hatte er gewusst dass manche der Versuchspersonen eingesperrt waren, aber in so einer schlechten Verfassung?! Tief einatmend lehnte er schlie\u00dflich wieder an der Holzt\u00fcr. Jetzt war ein guter Zeitpunkt die Akten zu holen, abzugeben und sich unter einer genuschelten Entschuldigung nach Hause abzusetzen. In den braunen, abgewetzten Kartons, welche nach Jahreszahlen und dem Alphabet geordnet waren, fand er die ben\u00f6tigten Akten nach einigen Minuten. Neugierig hockte er sich auf den kalten Steinboden und bl\u00e4tterte sie durch. Ein Grinsen bildete sich auf seinem ramponierten Gesicht. Wenn das mal nicht der liebe Artur war\u2026 Hatte ihn der Bengel also angelogen was seinen Namen betraf. Das erste Blatt, vergilbt und uralt, steckte in einer Schutzh\u00fclle. Name, Alter, damaliger Wohnort, Familie und ein stichwortartiger Verlauf der Experimente. Er stie\u00df einen leisen Pfiff aus und machte sich wieder auf den Weg nach oben. Nun konnte er sich denken wieso der Junge lieber einen anderen Namen als seinen echte benutzt hatte. Menschen, egal ob unsterblich oder nicht, legten Unangenehmes gerne ab und bei nichts war es so einfach wie beim eigenen Namen. \u201eGrey! Ich hab deine Akten!\u201c Die Br\u00fcnette mit dem Pferdeschwanz und dem Arztkittel sah kurz auf, ehe sie unger\u00fchrt einen anderen Stapel Akten von ihrem Tisch fegte und ihm bedeutete die Akten \u00fcber Leon Wales an deren Platz zu legen. Charles Evelyn Grey machte von seinen Ausbildern den wortkargsten und unfreundlichsten Eindruck. Doch bei ihr wurde mal wieder klar das der Spruch \u201eHarte Schale, weicher Kern\u201c mehr als nur zutraf: sie hatte heute Morgen darauf bestanden sich seine Nase anzusehen. Eigentlich war die 30-j\u00e4hrige Frau f\u00fcr die medizinische Versorgung zust\u00e4ndig, doch im Moment k\u00fcmmerte sie sich mit um den entflohenen Leon, unwissend das der Gesuchte sich in der Wohnung ihres Sch\u00fctzlings befand. \u201eKann ich vielleicht\u2026\u201c Sie unterbrach ihn. \u201eNach Hause? Klaro! Bleib aber auf Abruf!\u201c winkte sie ihn bereits aus dem B\u00fcro heraus. Er grinste und verlie\u00df mit einer Menge Informationen, und Stoff f\u00fcr Alptr\u00e4ume, das Geb\u00e4ude. Wie immer benutzte er die \u00f6ffentlichen Verkehrmittel, sie waren billig und umweltschonend, au\u00dferdem brauchte man keinen Parkplatz. Das Treppenhaus war ungew\u00f6hnlich leer, was wohl an den Ferien lag und daran das er als so ziemliches einziger Junggeselle in dieses Haus gezogen war. Angespannt \u00f6ffnete er seine Wohnungst\u00fcr. Was der Kleine wohl angerichtet hatte. Doch zu seiner \u00dcberraschung stand noch alles an seinem alten Platz. \u201eHey\u2026\u201c, er z\u00f6gerte kurz, ehe er ihn wieder bei seinem selbst gew\u00e4hlten Namen ansprach, \u201eArtur, bist du da?\u201c Die Antwort lie\u00df auf sich warten, und fast hatte Alex die Hoffnung den Fl\u00fcchtling auf so eine bequeme Weise losgeworden zu sein, als er doch noch eine Antwort erhielt. \u201eImmer. Bin grad beim Fenster und f\u00fcttere Tauben.\u201c Alex blieb kurz stehen. Hatte er da richtig geh\u00f6rt? Der Kerl f\u00fctterte dreckige Tauben von seinem Fenster aus?! \u201eH\u00f6r sofort auf damit!\u201c rief er w\u00fctend, und rannte in die K\u00fcche, einen der zwei R\u00e4ume die \u00fcber ein Fenster verf\u00fcgten. \u201eDu\u2026 du Wannabe-Heiliger!\u201c stie\u00df er hervor, Leon hatte sich auf die Fensterbank gesetzt, mit dem Gesicht zu ihm und auf seinen Schultern hockten gurrend wei\u00dfe und graue Tauben. \u201eKusch! Kschkschksch!\u201c machte Alex w\u00fctend und klatschte laut in die H\u00e4nde. Die nervigen V\u00f6gel erhoben sich flatternd und flogen laut gurrend davon. \u201eBleibt blo\u00df weg!\u201c rief Alex genervt und sah Leon an. \u201eWieso Tauben?\u201c war Alles was ihm einfiel, auch wenn ihm die Informationen die er aus der Akte erfahren hatte auf der Zunge brannten. \u201eWieso nicht? W\u00e4ren dir Raben lieber gewesen?\u201c fragte Leon grinsend und pustete sich eine Feder von dem Pullover, einer von Alexanders wie der nicht sonderlich \u00fcberrascht feststellte, ehe er von der Fensterbank glitt und wieder auf dem Holzboden stand. \u201eJa!\u201c sagte Alex genervt. \u201eOkay. Dann versuche ich das n\u00e4chste Mal Raben anzulocken!\u201c sagte der Schwarzhaarige fr\u00f6hlich. \u201eIch war im Keller.\u201c Lie\u00df Alex die Bombe platzen und Leon hielt kurz inne. \u201eUnd? Nicht sonderlich h\u00fcbsch, ne?\u201c Alex ging schweigend ins Wohnzimmer, Leon folgte ihm lautlos. \u201eIch habe nur durch ein Fenster geschaut.\u201c \u201eUnd das hat dir gereicht?! Pussy!\u201c h\u00f6hnte der \u00c4ltere und beschlagnahmte erneut die Couch f\u00fcr sich. \u201eAber denkst du den Anderen da geht es besser? Tut es nicht!\u201c, fuhr er verbittert fort, \u201eKeiner von denen ist freiwillig da drinne! Aber Nein! Wir sind ja zu gef\u00e4hrlich als das wir in Freiheit leben k\u00f6nnen! Sag mir, Alex!\u201c, verlangte er und starrte ihn w\u00fctend an, \u201eWie ist Jemand der Vorh\u00e4nge bewegen kann, oder Jemand der aus Wasser Tee macht gef\u00e4hrlich f\u00fcr die Welt?!\u201c Alex presste die Lippen zusammen. \u201eEinige dort haben es sicher verdient!\u201c hielt er dagegen. \u201eNat\u00fcrlich! Einige verdienen es wirklich,\u201c, lenkte er ein, \u201eAber der Rest doch nicht!\u201c Alex seufzte, das Thema war ihm wirklich unangenehm. \u201eWo willst du morgen hin, Artur?\u201c Der Schwarzhaarige hielt verwirrt inne. \u201eWas?\u201c \u201eDu hast, laut der Akte, morgen Geburtstag:\u201c, sagte Alex schulterzuckend, \u201eAlso wohin willst du?\u201c",
            "wordcount": "1.429",
            "chapter_release": "15.09.2014",
            "chapter_number": "3"
        },
        "4": {
            "text": "\u201eWieso das Millennium Wheel?\u201c fragte Alex Leon und sah nach unten. \u201eWieso nicht? Hier oben ist es doch nett!\u201c sagte der Schwarzhaarige grinsend und geno\u00df den Ausblick, im Gegensatz zu seinem Begleiter. Der hatte auch allen Grund dazu: er hatte in der vergangen Nacht seine Ausbildende Charles Evelyn angerufen und sie dar\u00fcber informiert das sie Leon bei ihm befand. \u201eOh, schau mal! Raben!\u201c lenkte ihn der Schwarzhaarige ab und er sah auf. Tats\u00e4chlich flog gerade ein Schwarm Raben \u00fcber sie hinweg. \u201eWei\u00dft du\u2026\u201c, redete Leon dann weiter, \u201eich h\u00e4tte mehr von dir erwartet!\u201c Seine Stimme klang wie pures Eis und Alex zog seine Waffe. \u201eIch bin loyal!\u201c knurrte der junge Mann und Alex grinste. \u201eIm Moment bist du ziemlich gearscht! Wir sind hier ein paar Meterchen \u00fcber dem Boden, deine Knarre wird dir auch nichts bringen\u2026\u201c Er lachte und Alex dr\u00fcckte ab. Die Kugel traf Leon in den Kopf, Blut und Hirnmasse spritzen gegen das Glas und Leon sackte leblos gegen die Wand. Alex sah fasziniert und geschockt zu wie sich die Wunde langsam wieder schlo\u00df, ehe sich sein Gegner langsam wieder aufrichtete und sich das Blut abwischte. \u201eDas tat weh\u2026\u201c sagte er langsam und packte ihn am \u0001 \u0002 die Gondel wieder unten ankam, hielten die Mitarbeiter der Organisation das gesamte Riesenrad an, welches sie zuvor evakuiert hatten. Schon von oben hatten sie das Blut an dem Glas gesehen und so \u00f6ffneten sie die T\u00fcr, auf die sich zeitgleich mindestens zehn Waffen richteten. Leon war nicht mehr darin, daf\u00fcr die Leiche von Alexander Irving. Charles seufzte und senkte den Blick. Sie wusste dass sie sich seine Leiche sp\u00e4ter genaustens ansehen musste. Schon wieder war einer gestorben, dachte sie verbittert und drehte sich abrupt um. Soweit sie wusste hatte ihr Sch\u00fctzling einen Bekannten in der Internet-Abteilung gehabt, den w\u00fcrde sie nun informieren. Sie nahm ein Taxi, sie f\u00fchlte sich nicht in der Verfassung um nun Auto zu fahren. \u201eDanke.\u201c sagte sie automatisch, bezahlte den Fahrer und ging den Rest des Weges zu Fu\u00df. Sie atmete tief durch als sie die gro\u00dfe moderne Eingangshalle betrat. Nat\u00fcrlich war sie es gewohnt das Leute um sie herum starben, doch das war selten geworden seit sie ihre Versuchsobjekte nun einfach immer eingesperrt lie\u00dfen. Und jetzt hatten diese Monster auch Alex auf dem Gewissen. W\u00fctend und traurig zugleich ging sie zu dem Vorgesetzen der Internet-Abteilung. \u201eIch suche Jemanden, hat vor kurzem eine Ausbildung hier begonnen, gemeinsam mit einem Mib.\u201c sagte sie ruhig und wartete geduldig w\u00e4hrend der Mann nach einer zutreffenden Person suchte. Sie mochte es hier nicht: es gab kaum Fenster und die, die es gab waren klein und lie\u00dfen kaum nat\u00fcrliches Licht herein. Au\u00dferdem wurde jeder der Angestellten in ein kleines B\u00fcro gequetscht also war es nicht nur eng, dunkel und stickig sondern man bekam auch noch leicht Platzangst wenn man dort nur hindurchging. \u201eIch denke Sie suchen Nick, der ist in Raum 122.\u201c Die Frau bedankte sich und ging durch die schmalen G\u00e4nge bis sie den gesuchten Raum gefunden hatte. Sie klopfte und trat ein als ein \u201eHerein!\u201c ert\u00f6nte. Die einzige Lichtquelle war das Leuchten des Computerbildschirms das den Mann dahinter blass und krank wirken lie\u00df. \u201eSind Sie Nick?\u201c Der Blonde nickte, \u00fcberrascht. \u201eWas brauchen Sie denn?\u201c fragte er h\u00f6flich. \u201eIch muss Ihnen leider mitteilen das Alexander Irving vor kurzem verstorben ist\u2026\u201c sagte sie leise, doch er h\u00f6rte es trotzdem. Das L\u00e4cheln verschwand aus seinem Gesicht. \u201eW-Wie?\u201c fragte er ungl\u00e4ubig nach. \u201eEin entflohenes Projekt hat ihn umgebracht.\u201c sagte sie und senkte den Kopf. Leise verlie\u00df sie das Zimmer, sie wollte ihm etwas Zeit alleine geben. Au\u00dferdem musste eine Leiche untersucht werden. Sie atmete tief durch und machte sich einen neuen Pferdeschwanz, dann fuhr sie in den Keller wo unter anderem die R\u00e4ume f\u00fcr die Leichen waren. Inzwischen hatte man seine Leiche sicher schon dorthin geschafft. In den n\u00e4chsten Tagen w\u00fcrde seine Familie mit einer glaubw\u00fcrdigen Todesversion informiert werden\u2026 Unten erwartete sie bereits einer ihrer Assistenten, welcher ihr sowohl einen bedauernden Blick als auch einen wei\u00dfen Kittel zuwarf. Auf einer Bahre lag der Leichnam und sie schlo\u00df kurz die Augen. Leise trat sie zu ihm und schwieg einige Sekunden, ehe Brian ihr die Hand auf die Schulter legte. \u201eDrei Sch\u00fc\u00dfe in den Kopf. Er muss sofort tot gewesen sein.\u201c Evelyn sch\u00fcttelte heftig den Kopf. Sie war ein Profi! Aufmerksam begutachtete sie die unscheinbar wirkenden Eintrittsl\u00f6cher in der Stirn und Auge. Die Austrittsl\u00f6cher waren gr\u00f6\u00dfer, sodass von seinem Hinterkopf nicht mehr viel \u00fcbrig war. Das Haar war blutverklebt und es bildeten sich bereits Leichenflecken. Leon hatte es aber nicht gereicht den Verr\u00e4ter blo\u00df zu t\u00f6ten, davor hatte er ihm die Hand und die meisten Finger gebrochen, au\u00dferdem hatte er ihm ins Knie gescho\u00dfen. \u201eDieses Schwein!\u201c stie\u00df sie hasserf\u00fcllt hervor. Leon war derweil seinen Verfolgern entkommen und hockte nun in einer kleinen Gasse, seine Klamotten waren mit Blut bedeckt und er sah gleichg\u00fcltig auf den Boden. Er h\u00e4tte nie Jemandem vertrauen d\u00fcrfen! Seufzend stand er auf und machte sich auf den Weg zu Alex Wohnung, er w\u00fcrde dort sicher etwas finden was ihm n\u00fctzlich sein k\u00f6nnte. Es tat ihm nicht leid was er dem jungen Mann angetan hatte, immerhin befand er sich in einer besonderen Art des Krieges, Opfer gab es da immer. Es war sein Pech gewesen das er beschlo\u00dfen hatte sich einen Kaffe zu kaufen. Genauso wie es auch sein Pech gewesen war zu telefonieren, anstatt es per SMS zu regeln. So hatte er n\u00e4mlich Alles mit anh\u00f6ren k\u00f6nnen. Er stieg die Stufen hoch, es war ihm egal ob und wer ihn sah. Die T\u00fcr zu Alex ehemaliger Wohnung war ein Klacks f\u00fcr ihn und seine blutigen Sachen lie\u00df er einfach auf dem Boden liegen. Er nahm sich eine schwarze Hose und einen dunklen Pullover und stopfte einige Wechselklamotten, Kosmetikartikel und Essen und Trinken in seinen Rucksack, ehe er die Wohnung hinter sich lie\u00df. Nun ganz wieder auf sein altes Ziel fixiert: Die Vernichtung der Organisation und die Befreiung seiner Leidensgenossen.",
            "wordcount": "993",
            "chapter_release": "15.09.2014",
            "chapter_number": "4"
        },
        "5": {
            "text": "Danke an Nijey f\u00fcr das Kommi ^^ Hoffe das hier gef\u00e4llt dir auch! :) Schreibfehler im letzten Kapitel habe ich jetzt alle drau\u00dfen hoffe ich ^^ Und freut mich das du die L\u00e4nge so ansprechend findest, ich pers\u00f6nlich finde immer es ist zu wenig. Trotzdem viel Spa\u00df beim Lesen!LGSchro______________________________________________________________________\u201eFrau Stephanie Irving?\u201c Die blonde Frau, der man ihr Alter noch nicht ganz ansah, nickte verwundert. Vor der T\u00fcr stand eine braunhaarige Frau, die sie noch nie gesehen hatte. \u201eIch bin Charles Evelyn Grey, eine der Ausbilderinnen ihres Sohnes\u2026\u201c Sie brach kurz ab und Stephanie ahnte dass diese Nachricht ihr Leben ver\u00e4ndern w\u00fcrde. \u201eIch muss Ihnen leider mitteilen, dass ihr Sohn einem Raub\u00fcberfall zum Opfer gefallen ist.\u201c wiederholte sie tonlos die L\u00fcge die schlie\u00dflich am glaubw\u00fcrdigsten geklungen hatte. Stephanie sah sie fassungslos an. \u201eWas?\u201c fragte sie langsam nach, als hoffte sie sich verh\u00f6rt zu haben. \u201eIhr Sohn, Alexander Irving, ist tot.\u201c Sie brach weinend im Hausflur zusammen, w\u00e4hrend der Rest der Familie verwirrt angest\u00fcrzt kam, immerhin hatten sie nichts h\u00f6ren k\u00f6nnen. Schlussendlich standen noch Alexanders Vater und sein j\u00fcngerer Bruder im Flur, welchen Evelyn ebenfalls die Nachricht sagen musste. Sie gab ihnen noch eine Karte, die Leiche hatten sie n\u00e4mlich immer noch, und lie\u00df die trauernden Eltern alleine. Die Beerdigung war dreieinhalb Wochen sp\u00e4ter, seine Familie war da, ebenso Evelyn und wenn man dort nach ihm gesucht h\u00e4tte, h\u00e4tte man sogar Leon finden k\u00f6nnen, der sich verkleidet hatte und sich so unter die Trauergemeinde gemischt hatte. Nicht das er nun Schuldgef\u00fchle versp\u00fcrte, er zollte lediglich einem besiegten Gegner den letzten Respekt. \u201eHey!\u201c Evelyn sah zur Seite. Neben ihr stand Alexanders j\u00fcngerer Bruder, ein 16-j\u00e4hriger Junge namens Jack mit langen blonden Haaren und in einer Lederjacke als sie ihn das erste Mal gesehen hatte. Heute trug er einen schwarzen Anzug und trug seine Haare in einem Pferdeschwanz. \u201eWas?\u201c fragte sie leise, w\u00e4hrend der Priester etwas erz\u00e4hlte. Sie f\u00fchlte sich hier fehl am Platz, immerhin war sie daf\u00fcr verantwortlich das der Junge gestorben war! \u201eWie ist er echt gestorben?\u201c fragte Jack und sah sie fest an. \u201eIch wei\u00df nicht wovon du redest.\u201c sagte sie k\u00fchl und entfernte sich von der Trauergemeinde, Jack folgte ihr beharrlich. \u201eReden Sie keinen Stuss!\u201c knurrte er, \u201eEr hat mir nicht gesagt was er arbeitet, aber er hat Andeutungen gemacht das es etwas ganz Gro\u00dfes war\u2026 Ich will wissen was meinen Bruder get\u00f6tet hat!\u201c Evelyn verdrehte genervt die Augen. \u201eGlaub mir, das willst du nicht wissen Kleiner! Du k\u00f6nntest genauso enden wie er.\u201c \u201eAlso wurde er wegen seinem Job umgebracht!\u201c, sagte er triumphierend, \u201eWaren Sie es, weil er irgendwie gef\u00e4hrlich wurde, oder etwas Anderes?\u201c fragte er weiter. \u201eWieso willst du das wissen? Willst du so dringend sterben?!\u201c zischte sie leise. Er lachte leise. \u201eWissen Sie was? Das wissen meine Eltern zwar auch, aber sie ignorieren es: Ich leide an Alexithymie und auch an dem CIPA-Syndrom\u2026\u201c Evelyn sah ihn fassungslos an. Wenn das stimmte, dann hatte sie hier quasi ein medizinisches Wunder vor sich. Noch nie war Jemand aufgetaucht der sowohl keine Schmerzen als auch keine Gef\u00fchle empfand\u2026 oder vielleicht doch und dieser Jemand hatte sich schon l\u00e4ngst umgebracht. \u201eStimmt das?\u201c \u201eJa.\u201c sagte er schlicht und sie nickte langsam. Dann zuckte er mit den Schultern. \u201eIst mir schei\u00dfegal ob ich dabei draufgehe\u2026K\u00f6nnen Sie mir helfen?\u201c fragte er sie eindringlich. \u201eJa\u2026 Ja, ich glaube das k\u00f6nnen wir tun.\u201c sagte sie und zog ihr Handy aus der \u0001 \u0002 war den Beiden nachgeschlichen und hatte die Unterhaltung belauscht, auch wenn er sich auf die Krankheiten des Jungen keinen Reim machen konnte. Schlie\u00dflich verlie\u00df er sein Versteck, ein gro\u00dfer Grabstein der ihn ganz wunderbar verdeckt hatte, und auch den Friedhof. Er hatte immer noch jede Menge vorzubereiten. An einem Schaufenster blieb er kurz stehen und strich sich die Haare aus der Stirn. Gleich nachdem er die Wohnung von Alexander etwas gepl\u00fcndert hatte, hatte er sich die Haare schneiden und f\u00e4rben lassen, sodass er nun mit einem hellbraunen Undercut durch die Londoner Stra\u00dfen tingelte. Inzwischen war die Wohnung wahrscheinlich abgeriegelt, das fiel also als Schlafgelegenheit aus\u2026 Aber darum w\u00fcrde er sich sp\u00e4ter k\u00fcmmern. Jetzt brauchte er erstmal ein Internetcafe. Pfeifend ging er durch die belebten Stra\u00dfen bis er gefunden hatte, was er gesucht hatte und kurze Zeit sp\u00e4ter hatte er sich bei seinem Email Account angemeldet und grinste. Sechs hatten zugestimmt! Sechs von den Sieben, die er damals im Krieg kennen gelernt hatte. Er wusste wie stark sie waren und wie gro\u00df ihr Hass auf die Menschen. Immerhin hatte er sie, versehentlich, aus einem Konzentrationslager befreit. Wie hatten sie sich wohl bis heute beherrschen k\u00f6nnen? dachte er, w\u00e4hrend er ihnen knapp antwortete. Jeder von ihnen hatte unbeschreibliche F\u00e4higkeiten und sie w\u00fcrden der Organisation geh\u00f6rig einheizen! Sie w\u00fcrden allen Menschen zeigen das es sie gab und das man sich wahrlich vor ihnen f\u00fcrchten musste\u2026\u201eJack\u2026\u201c sagte Nick aufgebracht, als er den Jungen sah, \u201eWas tust du hier?!\u201c Dann sah er Evelyn w\u00fctend an. \u201eWas macht er hier, verdammt?! Was haben Sie vor?\u201c Sie hob die Hand und er sah sie erwartungsvoll an. \u201eJack ist aus eigenem Willen hier.\u201c informierte sie den Computerexperten, welcher noch etwas sagen wollte, doch die Zwei gingen bereits weiter und er lie\u00df es bleiben. Wahrscheinlich h\u00e4tte es eh nur damit geendet das er sie angeschrieen h\u00e4tte, dachte er w\u00fctend und ging ruckartig wieder an seine Arbeit.\u201eSo\u2026\u201c, sagte der Mann hinter dem Tisch, \u201edu bist also Jack Irving, der kleine Bruder von Alexander Irving. Wir bedauern den Verlust deines Bruders, er war trotz dessen das er erst seit einem Jahr hier war, ein f\u00e4higer Mitarbeiter.\u201c Jack zuckte mit den Schultern, f\u00fcr ihn h\u00e4tten sie auch \u00fcber einen komplett Fremden reden k\u00f6nnen. \u201eIch h\u00f6rte du sp\u00fcrst keine Schmerzen?\u201c Der Junge nickte. Der Mann beugte sich leicht vor und man konnte erkennen das es sich um einen ca. 50-j\u00e4hrigen Mann in einem billigen Anzug handelte. Er hielt Jack einen spitzen Brief\u00f6ffner hin. \u201eBeweise es.\u201c \u201eDas k\u00f6nnen Sie nicht tun!\u201c ging Evelyn dazwischen, ob er Schmerzen versp\u00fcrte oder nicht, sie wollte nicht dass sich der Junge verletzte. Doch der Blondschopf griff unger\u00fchrt an ihr vorbei und hatte den Brief\u00f6ffner schneller in der Hand als sie reagieren konnte. \u201eWo?\u201c fragte er ruhig. \u201eHm\u2026 bist du Rechts- oder Linksh\u00e4nder?\u201c fragte der Mann und Evelyn presste w\u00fctend die Lippen zusammen, w\u00e4hrend sie nach dem Erste-Hilfe-Kasten griff. \u201eRechtsh\u00e4nder.\u201c \u201eGut, dann in die rechte Hand!\u201c Im n\u00e4chsten Moment hatte sich Jack den Brief\u00f6ffner in die Handfl\u00e4che gerammt und nicht einmal das Gesicht verzogen. Unger\u00fchrt zog er es gleich wieder heraus und hielt seine blutige Hand hoch, wie eine Kriegstroph\u00e4e. Der Mann grinste. \u201eAusgezeichnet\u2026 Ihr k\u00f6nnt gehen, ich \u00fcberlege mir ob ich dich aufnehme, Jack Irving!\u201c \u201eAufnehmen?\u201c, rief Evelyn, \u201eEr ist noch nicht einmal 18! Das w\u00e4re nicht nur illegal, sondern einfach nur\u2026 unmoralisch! Was wenn er verletzt wird? Oder ihn dasselbe Schicksal ereilt wie seinen Bruder?\u201c Er sah sie kalt an. \u201eSagen Sie mir nichts von Moral, Evelyn Gray! Vergessen Sie nicht wem Sie es zu verdanken haben, das Sie hier ihre kleinen Experimente durchf\u00fchren konnten.\u201c sagte er leise. Evelyn knirschte mit den Z\u00e4hnen, dann verlie\u00df sie mit Jack das Zimmer. \u201eExperimente? An was?\u201c fragte der Blonde, als sie ihn in das Krankenzimmer gef\u00fchrt hatte. \u201eAn Sachen die deinen Bruder get\u00f6tet haben. Es sind grauenvolle Wesen, die zwar aussehen wie Menschen, aber innerlich sind es Teufel.\u201c sagte sie, w\u00e4hrend sie seine Wunde desinfizierte und verband. \u201eHier gibt es viel Grauenvolles\u2026\u201c sagte sie, mehr zu sich selber als zu ihrem Begleiter. \u201eIch bin gespannt darauf.\u201c h\u00f6rte sie ihn sagen und sah auf, in seine kalten hellen Augen. Sie zweifelte keine Sekunde an seinen Worten.",
            "wordcount": "1.272",
            "chapter_release": "09.01.2015",
            "chapter_number": "5"
        },
        "6": {
            "text": "\u201eSo\u2026\u201c, Leon fuhr sich durch die Haare, \u201eDas ist etwas erb\u00e4rmlicher als ich angenommen hatte\u2026\u201c Die anderen Anwesenden schnaubten. \u201eWas hast du erwartet?\u201c fragte ein achtzigj\u00e4hriger Rentner mit kr\u00e4chzender Stimme. \u201eNicht jeder hier ist unsterblich! Oder altert einfach nicht mehr.\u201c warf eine ebenfalls \u00e4ltere Frau ein. \u201eOh ja.\u201c, sagte Leon und lachte wieder, \u201eDas hei\u00dft wir sind ein unsterblicher Teenager, zwei Rentner, ein Geist und eine Zw\u00f6lfj\u00e4hrige die nicht mehr altert! Gro\u00dfartige Truppe die wir da haben, wirklich!\u201c Die Sechs die zugestimmt hatten ihm zu helfen, waren zwar nicht die St\u00e4rksten aber wahrscheinlich die Treuesten mit denen er da jetzt in einem \u00f6ffentlichen Park hockte. Und die Tatsache das es dann doch nur Vier waren, die sich nun um ihn versammelt hatten, war dadurch zustande gekommen das die restlichen Zwei kurz danach gestorben waren. Einer durch einen Herzinfarkt und die Andere war in einem Feuer umgekommen, was recht ironisch war: ihre F\u00e4higkeit war n\u00e4mlich die gewesen Feuer zu erzeugen. \u201eAber besser als du alleine!\u201c erklang die helle Kinderstimme von Marion und sie lie\u00df sich von dem Ast des Baumes h\u00e4ngen, auf den sie geklettert war. F\u00fcr andere, normale, Menschen h\u00e4tte die Gruppe recht seltsam ausgesehen: ein Rentner im Rollstuhl, eine Siebzigj\u00e4hrige die sich auf einen Stein gehockt hatte, ein Kind in einem Baum und ein Jugendlicher der im Gras lag und die Sonne geno\u00df. Niemand w\u00e4re auf die Idee gekommen dass diese Leute gerade planten London in Schutt und Asche zu legen. \u201eStimmt.\u201c pflichtete Leon Marion schlie\u00dflich zu und die Kleine setzte sich kichernd wieder aufrecht auf den Ast und lie\u00df die Beine baumeln. \u201eImmerhin wissen wir wo die sind\u2026 Jetzt brauchen wir nur noch einen Plan.\u201c meldete sich der Geist namens Samuel zu Wort, er war ebenso wie die anderen im KZ gewesen, jedoch bereits 1946 gestorben. \u201eJa\u2026 Der Plan\u2026 daf\u00fcr seid ihr zust\u00e4ndig!\u201c murmelte Leon und betrachtete seine Fingern\u00e4gel. \u201e\u00c4h\u2026 Nein?! Du hast uns herbestellt! Die Meisten von uns sind pleite wegen dir!\u201c Leon grinste. \u201eIhr h\u00e4ttet nicht kommen m\u00fcssen\u2026 Aber gut\u2026 Ich meine, wir wissen wo diese Saubande sich aufh\u00e4lt, wie sie arbeitet\u2026 Wir wissen nicht wie Viele genau und ob sie sich nicht mit dem MI5 oder so verb\u00fcndet haben\u2026\u201c Sie seufzten. \u201eSchei\u00df Voraussetzungen\u2026\u201c \u201eAlso, kannst du eine Waffe bedienen?\u201c Jack sch\u00fcttelte den Kopf. Woher sollte er das k\u00f6nnen? Sie waren hier ja nicht in Amerika!\u201eGut\u2026 Stell dich genau so hin wie ich!\u201c Der Blonde sah seinen neuen Lehrer an und imitierte die Handlung so gut er konnte. \u201eWenn du die Pistole mit beiden H\u00e4nden h\u00e4ltst hast du nicht so viele Probleme mit dem R\u00fccksto\u00df.\u201c Jack nickte und nahm die Waffe vorsichtig in die H\u00e4nde. \u201eGut, jetzt triff.\u201c Der blonde Junge atmete tief durch und zielte auf die Zielscheibe, dann krachte der Schu\u00df und ein Loch wurde in das Papier gerissen, fast genau in der Mitte. \u201eGut. Noch mal.\u201c sagte der Mann unerbittlich und Jack nickte. Die n\u00e4chsten Sch\u00fc\u00dfe trafen noch besser als der Erste. \u201eDu bist ein Naturtalent!\u201c sagte der gro\u00dfe Mann grinsend und Jack zuckte mit den Schultern. Evelyn betrat den Trainingsraum und winkte. \u201eIch w\u00fcrde dir den Keller zeigen, Jack. Seid ihr hier fertig?\u201c Der Mann nickte. \u201eDer Junge ist f\u00fcr einen Anf\u00e4nger ein Ass!\u201c Evelyn nickte und f\u00fchrte Jack aus dem Raum. \u201eWas macht deine Hand?\u201c fragte sie und sah auf den Verband. Jack zuckte mit den Schultern. \u201eIch verstehe\u2026. Ich werde es mir sp\u00e4ter anschauen.\u201c sagte sie dann seufzend. \u201eWo warst du denn?\u201c fragte Stephanie Irving ihren Sohn, als er heimkam. Er warf einen kurzen Blick auf die Uhr. Es war 22:20 Uhr. \u201eBei Freunden.\u201c sagte er und Beide wussten dass er log. Er hatte keine Freunde, Jeder fand ihn unheimlich und lie\u00df ihn lieber alleine. Aber er konnte schlecht sagen: Ich habe bei der geheimen Organisation angefangen bei der auch mein Bruder gearbeitet hat und durfte heute schie\u00dfen. \u201eAh, ich hoffe du hattest Spa\u00df. Willst du etwas essen?\u201c Sie stand auf und ging schon zum Herd. Er sch\u00fcttelte den Kopf.\u201eich hab schon was gegessen, Mama.\u201c Damit ging er in sein Zimmer und seine Mutter setzte sich seufzend wieder auf den Stuhl. Sie wusste nicht was sie tun sollte, ihr \u00e4ltester Sohn war tot und ihr J\u00fcngster war nicht in der Lage Gef\u00fchle zu empfinden. Sie hatte versucht ihn zu lieben, doch oft war sein Verhalten f\u00fcr sie zu schwer gewesen. \u201eWas habe ich nur falsch gemacht?\u201c Sie vergrub den Kopf in den Armen.",
            "wordcount": "738",
            "chapter_release": "17.05.2015",
            "chapter_number": "6"
        },
        "7": {
            "text": "Nick wurde durch ein Piepsen geweckt und schlug reflexartig nach seinem Wecker. Doch es war nicht der Wecker gewesen der ihn geweckt hatte, sondern sein uralter Computer, der nun den Raum erhellte. \u201eWas zum Arsch\u2026?\u201c murmelte er verschlafen und stand m\u00fcde auf. Er h\u00e4tte schw\u00f6ren k\u00f6nnen das Ding ausgeschaltet zu haben\u2026 Er hielt verwirrt inne und rieb sich \u00fcber die Augen. Das Textprogramm hatte sich ge\u00f6ffnet und einige W\u00f6rter standen auf dem Bildschirm. Nick, ich glaube ich bin tot.\u201eOh mein Gott\u2026\u201c murmelte der Computer-Experte, seit er bei der Organisation arbeitete war er was \u00dcbernat\u00fcrliches anging zwar offener, aber Geister? Nein, daran hatte er nicht geglaubt. Er leckte sich \u00fcber die Lippen und machte einen Absatz, dann schrieb er \u0001 \u0002 du das, Alex?Einige Sekunden vergingen, dann erschienen zwei Buchstaben: Ja. Nick fuhr sich \u00fcber sein Gesicht. Sein bester Freund war anscheinend zu einem Computergeist geworden\u2026 Wieso nicht? Er setzte sich auf den uralten Drehstuhl vor seinen Schreibtisch und z\u00f6gerte kurz. Was sollte er schreiben? Schlie\u00dflich begann er zu tippen was die letzten Tage geschehen war. Habe leider schlechte Nachrichten f\u00fcr dich, Jack hat da angefangen. Dein M\u00f6rder ist immer noch frei und meine Freundin hat mit mir Schlu\u00df gemacht. Wieder vergingen einige Sekunden bis Alex geantwortet \u0001 \u0002 Wixxer! Wieso hast du ihn nicht aufgehalten?! Gut, mein M\u00f6rderl ist mir eigentlich wurscht, ich habe sowieso nur die bekannten Informationen \u00fcber den Typen\u2026 Was hat dich je daran zweifeln lassen, Mann? Sie war Studentin aus Frankreich\u2026Nick lachte leise und seufzte dann. Ich habs ja versucht! Deine Ausbilderin hat ihn mit zum Boss genommen! Ich werd trotzdem die Augen aufhalten. Jaaaaa\u2026. Aber sie hat mir eine falsche Mailadresse \u0001 \u0002 bitte auf ihn auf, er ist zwar etwas wirr im Kopf aber wehe wenn du zul\u00e4sst dass ihm etwas zust\u00f6\u00dft. Nick seufzte leise. Du hast nicht vergessen, wo ich arbeite? Wechseln geht ja nicht. Aber ihm wird schon nix passieren. Er hat zwar keine Gef\u00fchle oder so, aber er ist klug. Der Kleine wird sich schon aus dem Gr\u00f6\u00dften raushalten. Die beiden Freunde schrieben sich noch einige Zeit, ehe Nick sich schlafen legte, auch wenn er keine festgelegten Arbeitszeiten hatte schien es ihm kl\u00fcger morgen dort aufzutauchen, und Alex ank\u00fcndigte er werde sich noch etwas im Internet umsehen. Jack hatte einen Gro\u00dfteil der Nacht damit verbracht an die Decke zu starren. H\u00e4tte der Blonde etwas f\u00fchlen k\u00f6nnen, so w\u00e4re es Verzweiflung gewesen die ihn beherrscht h\u00e4tte. Verzweiflung \u00fcber seinen Zustand, \u00fcber den Tod seines Bruders. Und h\u00e4tte er einen Wunsch frei gehabt, so w\u00e4re es der gewesen, das er normal sei. Er strich sich \u00fcber den Verband seiner Hand und dachte an das was er im Keller gesehen hatte. Wahrscheinlich w\u00e4re jeder normale Mensch schreiend davon gerannt\u2026 Seine Lippen verzogen sich zu einem L\u00e4cheln, nicht weil es ihn am\u00fcsierte sondern weil er sich \u00fcber die Jahre angew\u00f6hnt hatte. Um zumindest irgendwo den Schein zu wahren das er \u201enormal\u201c war. Er war mit Evelyn Grey durch die G\u00e4nge gelaufen, rechts und links waren die massiven T\u00fcren. Hin und wieder hatte er durch eine hindurch geblickt. Die meisten Leute die dort sa\u00dfen waren innerlich so tot wie er selber, nur war er auf der richtigen Seite. \u201eUnd?\u201c fragte Evelyn und sah ihn von der Seite an. Er zuckte blo\u00df die Schultern und sie gingen schweigend weiter. \u201eWieso haben Sie mich \u00fcberhaupt angeworben?\u201c durchbrach er schlie\u00dflich die \u0001 \u0002 z\u00f6gerte, dann antwortete sie. \u201eIch will dir helfen, daf\u00fcr wirst du uns helfen den M\u00f6rder deines Bruders zu stellen.\u201c Er nickte langsam. Ergab Sinn und Sinn war das Einzige was f\u00fcr ihn z\u00e4hlte.\u201eAlso, Leon\u201c, Marion setzte sich auf den Sessel und sah ihn aufmerksam an, \u201edas mit dem Plan glaube ich dir: du warst noch nie der Hellste, du bist purer Instinktmensch. Aber sogar du hast doch zumindest ansatzweise ein Konzept?\u201cDie Vier, rein theoretisch f\u00fcnf aber Samuel brauchte als Geist ja nichts, hatten sich in einem verlassenem Haus einquartiert und versuchten nun einen Plan zu entwickeln. Das Einzige was sie bis jetzt hatten war das Ziel die Organisation zu zerst\u00f6ren und ihre Gef\u00e4hrten zu befreien. \u201eNa ja, Samuel kann doch in das Geb\u00e4ude rein, oder? Er kann einen Lageplan erstellen, dann k\u00f6nnen wir angreifen!\u201c sagte Judith energisch und trommelte auf den Tisch. Leon lachte auf. \u201eUnd ihr zwei kommt dann nicht mal die Treppen hoch! Ich bin selber traurig das zuzugeben, aber: Wir sind am Arsch und zwar ph\u00e4nomenal!\u201c Im n\u00e4chsten Moment landete er krachend auf dem Boden und Judith sah ihn kalt an. Wie der Blick der Frau, so war auch ihre Kraft: sie konnte die Temperatur in ihrer Umgebung ver\u00e4ndern. Werner lachte kr\u00e4chzend und schlug sich auf die Schenkel. Seine Kraft war wohl so ungew\u00f6hnlich wie keine andere: er konnte Leute in H\u00fchner verwandeln. \u201eGut,\u201c, Leon richtete sich auf als w\u00e4re nichts gewesen, \u201eDann tun wir genau das! Samuel, raus mit dir!\u201c \u201eMiss Irving, tut mir leid Sie zu st\u00f6ren, aber h\u00e4tten Sie kurz Zeit f\u00fcr mich?\u201c Sie nickte und trat beiseite, als sie die T\u00fcr hinter ihm schlo\u00df wischte sie sich verstohlen \u00fcber die Augen. Nick setzte sich ihr gegen\u00fcber an den K\u00fcchentisch und atmete tief durch. \u201eIch finde es ist an der Zeit das sie die Wahrheit erfahren\u2026 \u00dcber den Tod von Alex und wo er wirklich gearbeitet hat.\u201c Sie nickte und beugte sich vor, sie sp\u00fcrte dass die folgenden Worte ihr Leben ver\u00e4ndern w\u00fcrden. \u201eAlex arbeitete f\u00fcr die Organisation, das ist der ganze Name, sie erforschen Menschen mit Kr\u00e4ften\u2026. Teleportation und so was. Auf jeden Fall ist eines dieser Experimente ausgebrochen, er hat es gefunden aber es hat ihn umgebracht.\u201c Stephanie ballte die H\u00e4nde zu F\u00e4usten. \u201eWer hat meinen Sohn get\u00f6tet, wissen Sie das?\u201c Er nickte. \u201eNat\u00fcrlich wissen wir das, ich dachte mir schon das Sie das gerne wissen w\u00fcrden also habe ich es mir erlaubt die Akte mitzunehmen.\u201c Er reichte ihr die schon ziemlich mitgenommene Akte und sie \u00fcberflog sie rasch. Dan sagte sie etwas was ihn \u00fcberraschte. \u201eDieser arme Junge\u2026\u201c \u201e\u00c4h\u2026\u201c, brachte er verwirrt hervor, \u201eDieser arme Junge ist eine unsterbliche Killermaschine die ihren Sohn auf dem Gewissen hat.\u201c Sie sah ihn an. \u201eDieser Junge wurde in den Krieg geschickt! Es ist doch v\u00f6llig nat\u00fcrlich das ihn das ver\u00e4ndert!\u201c \u201eJa schon\u2026\u201c sagte Nick langsam und musste zugeben dass sie Recht hatte. Stephanie seufzte leise und sah wieder auf. \u201eIch danke dir, Nick. Aber jetzt w\u00e4re ich gerne etwas alleine.\u201cNick nickte. \u201eNat\u00fcrlich, ich werde in der Organisation so gut es geht ein Auge auf Jack haben.\u201cKaum das sie wieder alleine war zog sie ihr Handy aus der Tasche und nahm die Akte in die Hand. \u201eJim? Ich muss dich um einen Gefallen bitten!\u201c",
            "wordcount": "1.112",
            "chapter_release": "14.06.2015",
            "chapter_number": "7"
        },
        "8": {
            "text": "\u201eWerner\u2026 Bist du jetzt unter die Selbstversorger gegangen oder was?\u201c fragte Leon ungl\u00e4ubig als er ihr momentanes Hauptquartier betrat und er erstmal von einem Haufen gackernden H\u00fchnern begr\u00fc\u00dft wurde, zwischen denen zwei H\u00e4hne herumstolzierten. Der Rentner sch\u00fcttelte genervt den Kopf und widmete sich wieder dem Tablettenhaufen auf dem Tisch. Er bemerkte Leons Blick und verzog die Lippen zu einem geh\u00e4ssigen Grinsen.\u201eGegen Bluthochdruck, Gelenkschmerzen, Herzprobleme.\u201c erl\u00e4uterte er ihm die kleinen Tabletten, und Leon nickte. \u201eMein Beileid, den Kack muss ich nicht durchmachen.\u201c Werner sah ihn neidisch an. \u201eAber denkst du es ist so toll unsterblich zu sein? Klar manchmal schon! Aber ich und Marion\u2026 Wir werden nun mal nicht \u00e4lter! Wir werden nie einen gescheiten Job kriegen, ich selber arbeite in einer verdammten Buchhandlung die nicht n\u00e4her nachgefragt hatte, wieso genau ich keinen schei\u00df Ausweis oder Versicherung habe!\u201c Werner seufzte und hob eines der H\u00fchner auf, das \u00e4ngstlich gackerte, um es beruhigend zu streicheln. Leon wies auf die Tiere die inzwischen immerhin ruhiger geworden waren. \u201eWissen die eigentlich noch wer sie mal waren?\u201c Werner zuckte die Schultern und hob die Henne hoch um ihr in die Augen zu sehen. \u201eWei\u00dft du noch wieso ich dich verwandelt haben, du bl\u00f6de Politesse, die hoffentlich keiner vermisst?\u201c Das Huhn gackerte und pickte nach ihm. Er drehte sich wieder zu Leon. \u201eJa tun sie!\u201c Samuel seufzte und ging durch die T\u00fcr. Zwar konnte er es kontrollieren wann er sichtbar sein wollte, aber immerhin brach er hier gerade in de Organisation ein\u2026 Und wie konnte er wissen dass da nicht ein Serien-Junkie drunter war der wusste wie man Geister fing? Er wich sorgsam den Leuten in den Anz\u00fcgen aus, den Menschen sp\u00fcrten es wenn er in der N\u00e4he war oder sie durch ihn hindurchgingen. Und er war der Einzige der das konnte: Leon konnte zwar einfach reinmarschieren, jede Verletzung \u00fcberleben aber er war nicht immun gegen Bet\u00e4ubungsmittel, genauso Marion. Und Werner und Judith waren einfach zu alt. Leon hatte ihm bereits einen ungef\u00e4hren Lageplan gegeben, sein Job war nun die Informationsbeschaffung zur Ausr\u00fcstung, Personen und eventuellen Verb\u00fcndeten. Er ging die Treppe hoch und machte sich auf den Weg zum B\u00fcro. Mechanisch wich er den Menschen aus und sah sich staunend um. Nat\u00fcrlich konnte es nicht einmal an einem Geist spurlos vor\u00fcbergehen wie sehr sich die Welt seit seinem Tod ver\u00e4ndert hatte. Pl\u00f6tzlich blieb er stehen. Er war nicht alleine. Aber gut, er hatte geh\u00f6rt wie viele hier umgekommen waren und wie viele Geister an diesen Ort gefesselt waren, an diese erb\u00e4rmlichen Zellen unter der Erde. Seufzend sch\u00fcttelte er den Kopf und ging weiter. Nur allzu bald w\u00fcrde von diesem Geb\u00e4ude nichts mehr stehen! Das B\u00fcro war gro\u00df, imposant und eindeutig noch nie renoviert worden: Der Teppichboden war alt, der massive Schreibtisch stand dort wahrscheinlich schon so lange das man die Abdr\u00fccke nie mehr raus bekam und die B\u00fccherregale waren mit antiken B\u00fcchern voll gestopft. Kurz lie\u00df er seinen Blick \u00fcber die Buchr\u00fccken wandern. Gut, was auch immer Die Anatomie des Menschen mit diesem Job hier zu tun hatte\u2026 Aber deshalb war er nicht hier. Er wartete geduldig bis der dicke Mann, wie auch immer der an den Job gekommen war, aufstand und das B\u00fcro verlie\u00df, dann warf er einen Blick auf den Bildschirm. Eine Personalakte war ge\u00f6ffnet, von einem Jungen namens Jack Irving. Er \u00fcberflog sie: guter Sch\u00fctze, keine Gef\u00fchle, kein Schmerzempfinden, Bruder von Alexander Irving der von Leon get\u00f6tet worden war\u2026 Mehr nicht. Er verkleinerte die Akte und \u00f6ffnete das Mail Programm, was die Menschen heutzutage alles per Mail verschickten grenzte schon an Dummheit. Dennoch musste er drei Jahre im Archiv zur\u00fcckgehen bis er einen Hinweis auf Verb\u00fcndete fand: MI5 sowie MI6 waren nicht auf ihrer Seite, wohl weil einer der Mitarbeiter der Organisation einige Leute, mit Kr\u00e4ften, umgebracht hatte die f\u00fcr Beide von unsch\u00e4tzbarem Wert waren. \u201eGut zu wissen.\u201c murmelte er grinsend. \u201eWas machst du da?\u201c Wenn man Geister zu Tode erschrecken k\u00f6nnte, dann wohl damit das sie pl\u00f6tzlich von einem anderen Geist angesprochen wurden. \u201eWer bist du?\u201c fragte Samuel misstrauisch und musterte den jungen Geist vor ihm. Billiger blutiger Anzug, sein eines Auge war weg gescho\u00dfen, seine Beine schienen auch verletzt zu sein und die Finger seiner Hand waren fast vollst\u00e4ndig zertr\u00fcmmert.\u201eIch bin Alex, der Bruder von dem K\u00fchlschrank da.\u201c Er deutete auf die Akte die Samuel wieder ge\u00f6ffnet hatte, \u201eAlso was tust du hier?\u201c Samuel z\u00f6gerte. \u201eIch bin zuf\u00e4llig vorbeigekommen, Jemand aus der Organisation hat mir mal das Leben gerettet und ich wollte schauen ob ich vielleicht etwas \u00fcber ihn herausfinden kann.\u201c sagte er das erste was ihm einfiel. Alex l\u00e4chelte leicht. \u201eEs freut mich dass wir auch Gutes tun.\u201c Fast erleichtert fuhr er sich durch die blutigen Haare an seinem Hinterkopf, oder h\u00e4tte es zumindest getan wenn von dem noch etwas \u00fcbrig geblieben w\u00e4re. \u201eAlso dann, ich gehe!\u201c murmelte Samuel hastig und lie\u00df den anderen Geist zur\u00fcck. Nicht auszudenken was passieren w\u00fcrde wenn der Kerl es sich zusammenreimen k\u00f6nnte was er hier trieb\u2026 Der w\u00fcrde ihren Plan zunichte machen. \u201eAlso Stephanie\u201c, sagte Jim leise und sah von der Akte auf, \u201edas ist echt?\u201c Sie nickte ernst. Ihr alter Freund war vor wenigen Stunden in England angekommen und hatte seitdem in ihrer K\u00fcche gesessen, sich die Alte durchgelesen und das Mikrowellenessen gegessen das sie ihm gemacht hatte. \u201eNicht nur dass Alexander tot ist\u2026 Jack hat dort auch angefangen!\u201c, sagte sie verbittert und umklammerte das Wasserglas, \u201eIch will nicht auch noch meinen letzten Sohn verlieren. Wir m\u00fcssen diese Organisation stoppen!\u201c\u201eUnd wie? Wir sind zwei Personen und unsere Kontakte sind schon tot.\u201c Stephanie seufzte, als w\u00fcsste sie das nicht! Aber Kontakte gab es immer\u2026 Auch wenn die Soldaten die ihnen etwas schuldeten gefallen sein mochten. \u201eGlaubst du an Geister, Jim?\u201c fragte sie, w\u00e4hrend sie einen Taschenkalender aus der Tasche zog. \u201eNein.\u201c kam die Antwort wie aus der Pistole gescho\u00dfen, Jim war derart gewillt an der \u00dcbernat\u00fcrliche zu glauben das sein Spitzname fr\u00fcher Scully gewesen war, w\u00e4hrend Stephanie nur Mulder genannt worden war, auch wenn nicht einmal sie an Aliens glaubte. \u201eGut, denn ich habe hier ein viel versprechendes Medium aufgest\u00f6bert, dem wir Beide einen kleinen Besuch abstatten werden.\u201c sagte sie grinsend und Jin fuhr sich st\u00f6hnend durch die get\u00f6nten Haare. \u201eJudith?\u201c, Marion hielt die alte Frau am \u00c4rmel fest, \u201eGuck mal! Ein Kleid!\u201c Sie folgte dem Blick des kleinen M\u00e4dchens, der sehns\u00fcchtig auf das schicke Kleid im Schaufenster gerichtet war. \u201eDaf\u00fcr bist du zu klein\u2026\u201c seufzte sie und fuhr ihr durch die feinen braunen Haare. Marion presste w\u00fctend die Z\u00e4hne zusammen und Judith zog sie sanft weiter. Sie wusste noch genau wie sie sich das erste Mal getroffen hatten: Judith war damals selber ein kleines M\u00e4dchen gewesen, gerade vier Jahre alt. Ihre Eltern waren tot, sie war durch die v\u00f6llig zerbombte Stadt geirrt und hatte geheult wie ein Schlo\u00dfhund. Marion, damals schon zw\u00f6lf, aber noch nicht \u00fcber ihre Alterslosigkeit bewusst, hatte sie gefunden und sie waren zusammen geblieben. Beide hatten nichts mehr, so kurz nach dem Krieg. Je mehr Jahre vergingen desto klarer wurde es das Marion nicht mehr alterte: Judith gab sich schlie\u00dflich als \u00e4ltere Schwester, sp\u00e4ter als Mutter, als sie schon eigene Kinder hatte, und dann als Gro\u00dfmutter, als ihre wirklichen Enkel ihrer Geschichte lauschten, aus. Sie konnte den Schmerz den die \u00c4ltere f\u00fchlte nur erahnen. \u201eMan h\u00e4tte mich Claudia nenne sollen.\u201c sagte Marion lachend und Judith sah zu ihr herunter. \u201eWie das Vampirm\u00e4dchen.\u201c erkl\u00e4rte sie l\u00e4chelnd und zog ihre Besch\u00fctzerin in eine Buchhandlung, wo sie zielstrebig auf die Fantasy-Ecke zuhielt. Zur selben Zeit hatte Jack wieder Training, zwar war er k\u00f6rperlich recht fit aber seine Gef\u00fchllosigkeit hatte ihm auch hier ein Bein gestellt: zum einen sah er keinen wirklichen Grund und zu anderen hatte er sich versehentlich vor Jahren einmal das Bein gebrochen, die Sportlehrerin war fast in Ohnmacht gefallen als sie den offenen Bruch gesehen hatte. Seine Mitsch\u00fcler hatten ihn v\u00f6llig schockiert angestarrt w\u00e4hrend er nur emotionslos auf das Blut sah und den Knochen begutachtete der durch die Haut gestochen hatte was, wohl f\u00fcr Andere, ziemlich widerw\u00e4rtig aussah. \u201eDas ist klasse!\u201c lobte ihn der Mann erneut, die Sch\u00fc\u00dfe mit der Pistole trafen ins Schwarze, bald w\u00fcrde er ohne Probleme auf sich bewegende Ziele schie\u00dfen k\u00f6nnen, hatte er ihm mitgeteilt. Dann w\u00fcrden andere Waffen kommen, Gewehre, Schrottflinten, Messer, Alltagsgegenst\u00e4nde. Er musste Nahkampftechniken beherrschen k\u00f6nnen, was f\u00fcr ihn nicht sonderlich problematisch war: er konnte ohne R\u00fccksicht auf Verluste k\u00e4mpfen, auch wenn Evelyn ihn danach jedes Mal schimpfte. Aber wie sollte er auf sich aufpassen wenn er nicht sp\u00fcren konnte wo er verletzt war? Er musste die Kr\u00e4fte die existierten kennen und ihre Schw\u00e4chen. Wo es keine t\u00f6dlichen Schw\u00e4chen gab musste er zumindest wissen wie er sie vor\u00fcbergehend ausschalten konnte. Alles andere, wie Mathe, Englisch oder Physik war unwichtig.",
            "wordcount": "1.453",
            "chapter_release": "29.11.2015",
            "chapter_number": "8"
        },
        "9": {
            "text": "So, nach sehr langer Wartezeit das n\u00e4chste, und letzte, Kapitel!LGSchro_________________________________________________________________________________________________\u201eAlso bitte, Mulder!\u201c, er betonte Stephanies Spitznamen extra, \u201eIst das dein Ernst? Du schleifst mich durch die halbe Stadt! Zu einem Obdachlosenwohnheim?!\u201c Die blonde Frau nickte nur und sah sich suchend um. \u201eJa, Scully!\u201c sagte sie gelangweilt und ging scheinbar ziellos durch die Gassen. Diejenige die sie suchte war zwar nicht wirklich obdachlos, aber sie hatte mal erz\u00e4hlt dass ihr die Freiheit mehr lag als der Zwang den eine Wohnung mit sich brachte. \u201eGeister? Na klar, wieso nicht\u2026\u201c, murmelte Jim leise vor sich hin, \u201eEine geheime Organisation? Auch okay\u2026 Ein Medium? Ja gut\u2026 Ein Obdachlosenwohnheim? Nicht gut!\u201c \u201eMargareth!\u201c rief Stephanie pl\u00f6tzlich aus und umarmte eine kleine Frau mit braunen, dicken Haaren, die die Umarmung ebenso herzlich erwiderte. \u201eStephanie!\u201c, sagte sie leise und legte ihr mitf\u00fchlend die Hand auf die Schulter, \u201cIch habe \u00fcber deinen Verlust geh\u00f6rt\u2026\u201c Jim vergrub unbehaglich die H\u00e4nde in den Hosentaschen, nat\u00fcrlich hatte auch er Stephanie zugeh\u00f6rt aber diese Situation war ihm unangenehm. \u201eSoll ich ihn holen?\u201c fragte Margareth leise und Stephanie nickte. \u201eWas denn? Kein dunkler Raum, H\u00e4ndchenhalten oder sowas?\u201c fragte er nerv\u00f6s und Margareth stemmte beleidigt die H\u00e4nde in die H\u00fcften. \u201eDas machen nur Amateure oder Geldgierige! Ich bin ein Profi!\u201c zischte sie leise und r\u00e4usperte sich. \u201eAlex Irving\u2026 Komm doch bitte mal her.\u201c Sekunden sp\u00e4ter wurde es k\u00fchler in der Gasse, Jim starrte mit offenem Mund auf den Umriss der sich langsam aus dem Nichts herausbildete und die Konsistenz von Nebel zu haben schien. \u201eMama!\u201c Stephanie schlug sich die Hand vor den Mund um nicht aufzuschluchzen, so hatte er sie seit Jahren nicht mehr genannt. \u201eAlex\u2026\u201c, sagte sie gefasster, \u201eDu wei\u00dft das von Jack?\u201c\u201eJa, habe mich schon mit Nick dar\u00fcber unterhalten.\u201c Kurz schwiegen die Zwei. \u201eLeute?\u201c, die drei Lebenden sahen von der Fertigpizza auf die Samuel ihnen verschafft hatte indem er den Lieferanten besetzt hatte, \u201eIch finde der Zeitpunkt passt um jetzt anzugreifen, oder nicht?\u201c fragte Leon grinsend und deutete auf die Uhr, die sie auch Dank Samuel hatten. \u201eErst essen wir die Pizza auf!\u201c Werner zerbr\u00f6selte die Rinde der Pizza so gut es ging, seine H\u00fchner hatten ebenfalls Hunger. Eine halbe Stunde sp\u00e4ter waren sie soweit, die Stra\u00dfen waren voller Menschen die von der Arbeit nach Hause oder noch einkaufen gingen. Etwas ratlos standen sie vor dem Plan der Londoner U-Bahn. \u201eOkay\u2026 Wenn wir die Central-Line nehmen und dann umsteigen\u2026\u201c Mit dem Finger fuhr Leon die rote Linie nach und tippte kurz auf die Haltestelle Oxford Circus. \u201eBrauchen wir dazu nicht erst mal Tickets?\u201c \u201eAch Quatsch! Das macht Samuel schon, der bringt die Ger\u00e4te durcheinander.\u201c sagte Leon selbstsicher. \u201eDas macht Samuel schon!!\u201c, \u00e4ffte Werner ihn kr\u00e4chzend nach, \u201eDer bringt die Ger\u00e4te durcheinander! Das wird schon! Ich habe zwar keinen Plan, wie immer, aber wenn wir einfach rein marschieren wird das schon!\u201c Leon seufzte genervt. \u201eDas habe ich euch von Anfang an gesagt! Ihr wart die Einzigen die gekommen sind. Wir sind die einzige Hoffnung unserer Leidensgenossen. Und jetzt verliert ihr wegen so einer Kleinigkeit den Kopf?!\u201c zischte er w\u00fctend und Judith legte Marion die Hand auf die Schulter. Evelyn Gray sah lange Zeit auf das Blatt Papier das sie in der Hand hielt. Adresse, Leerzeilen, die n\u00e4chste Adresse, noch ein paar Leerzeilen, in dicker Schrift der Grund dann die Anrede\u2026 Seufzend stand sie auf und schaltete das Licht in ihrem B\u00fcro aus, heute w\u00fcrde sie es wohl zum letzten Mal tun. Au\u00dfer ihr waren nur noch wenige, die unverbesserlichen Workaholics, in dem Geb\u00e4ude. Und ihr Chef, aber der hatte sein B\u00fcro seit Jahren nicht mehr verlassen. Wann wohl die Reporter kommen w\u00fcrden? W\u00fcrde man das \u00fcberhaupt glauben? Noch immer hatte sie Angst nicht genug Beweise beigelegt zu haben. Schweigend ging sie durch den Gang, erinnerte sich wie sie es Jahre zuvor schon einmal getan hatte, nur waren ihre Gef\u00fchle nun das genaue Gegenteil. \u201eHallo Jack.\u201c Der Junge ging stumm neben ihr her, warf nur kurz einen Blick auf den Brief den sie in den H\u00e4nden hielt. Aber es ging ihn nichts an. \u201eIch werde dir nicht mehr helfen k\u00f6nnen\u2026\u201c Das musste sie ihm sagen, wenigstens das war sie ihm schuldig. Er nickte blo\u00df und blieb auch bei ihr als sie vor der T\u00fcr stand, hinter der ihr Chef sa\u00df. Sie atmete tief durch und hob ihre Hand, konnte sich aber nicht dazu durchringen zu klopfen. Sie zitterte, was wenn sie hier ihr Leben wegwarf? Was der Chef mit unliebsamen Mitarbeitern machte war nur allzu bekannt. Ein Klopfen unterbrach die Ruhe und sie zuckte zusammen. Es war Jack der geklopft hatte und der jetzt wegging als w\u00fcrde es ihn nichts angehen. Sie schlo\u00df kurz die Augen als das \u201eHerein!\u201c ert\u00f6nte vor dem sie mit der Zeit immer mehr Respekt, und Angst, bekommen hatte. Den Raum fand sie, nichtsdestotrotz immer noch sch\u00f6n und die alten B\u00fccher beruhigten sie.\u201eChef, hiermit reiche ich meine K\u00fcndigung ein.\u201c sagte sie leise und legte das Blatt auf den Schreibtisch. Der Mann nahm es missmutig in die Hand und \u00fcberflog es kurz, dann legte er es seufzend beiseite. \u201eIch nehme an es ist besser f\u00fcr uns Beide wenn das fristlos geht.\u201c sagte er blo\u00df und z\u00fcndete sich eine Zigarre an. Die Glut glomm auf und stinkender Rauch stieg an die Decke, wo er sich rasch verfl\u00fcchtigte. \u201eEines sollten sie vielleicht noch \u00fcber mich wissen, Fr\u00e4ulein Gray\u2026\u201c, sagte der Mann leise, \u201eAuch ich bin kein normaler Mensch. Wissen Sie was meine Kraft ist? Sie sind eine intelligente Frau, f\u00e4llt es Ihnen ein?\u201c Doch bevor sie etwas sagen konnte, oder auch nur \u00fcber das Gesagte nachdenken konnte, klingelte das alte Telefon auf dem Schreibtisch. Genervt hob er ab, lauschte einige Sekunden, bis er ein einziges Wort ausstie\u00df. \u201eH\u00fchner?!\u201c Sie erlaubte es sich keine Sekunde \u00fcber die absolute Sinnlosigkeit dieses Wortes nachzudenken, sondern trat einige Schritte zur\u00fcck, tastete nach der T\u00fcrklinke und dr\u00fcckte sie hinunter. Seitdem sie hier arbeitete war sie um einiges besser darin geworden aus einem Zimmer zu schleichen, als sie es sich jemals zugetraut h\u00e4tte. Aber sie hatte schon vor der Organisation viel erlebt und w\u00fcrde auch nach diesem kurzen Zwischenstopp noch viel erleben. Auf dem Gang sah sie Niemanden und sie ging rasch zur\u00fcck in ihr B\u00fcro, packte ihre Tasche und schlug die T\u00fcr hinter sich zu, ein k\u00fchler Wind kam durch das offene Fenster. Als Jack pl\u00f6tzlich vor ihr stand zuckte sie zusammen und l\u00e4chelte leicht. \u201eSie verlassen uns.\u201c stellte er blo\u00df fest und sie nickte. \u201eSo leid es mir tut, aber andere L\u00e4nder warten nur darauf das ich sie bereise! Es gibt noch viel mehr Geheimnisse als diese hier! Wir werden uns vielleicht noch einmal \u00fcber den Weg laufen.\u201c sagte sie l\u00e4chelnd und kletterte auf das Fensterbrett und sprang in die Dunkelheit. Zumindest klang Dunkelheit cooler, als: sie sprang und landete in einem Baum, kletterte mit ruinierten Klamotten auf die Erde und verschwand auf Nimmerwiedersehen. Jack sah ihr kurz nach, dann drehte er sich um. \u201eHallo, Alex.\u201c Der durchscheinende Geist senkte kurz den Kopf. \u201eWir werden angegriffen\u2026\u201c Schweigend sahen die zwei ungleichen Br\u00fcder aus dem Fenster, die wenigen noch verbliebenen Angestellten waren wohl bereits damit besch\u00e4ftigt die Attacke abzuwehren. Die die bereits daheim waren, wurden gerade aus dem Bett geklingelt\u2026 Was machte dieser zeitungswagen da? \u201eDarf ich dich besetzen, Jack?\u201c Der Blonde zuckte blo\u00df die Schultern. Im n\u00e4chsten Moment f\u00fchlte er zum ersten Mal, zumindest teilte Alex s\u00e4mtliche Erinnerungen mit ihm, und die Tr\u00e4nen die ihm \u00fcber die Wangen flossen geh\u00f6rten beiden Br\u00fcdern. Der Alte der die Archive leitete hob m\u00fcrrisch den Kopf als er ein Klopfen an der T\u00fcr h\u00f6rte. Er hasste es wenn er gest\u00f6rt wurde! Wieso konnten ihn die Leute nicht einfach in Ruhe lassen? Wer brauchte denn heutzutage noch Akten? Murrend humpelte er zur T\u00fcr und \u00f6ffnete sie. Ein Huhn flatterte \u00e4ngstlich gackernd an ihm vorbei und er sah dem gefiederten Tier verwirrt nach. Wenn er jetzt ein Huhn hier hatte\u2026 Wer hatte dann geklopft? Er warf die T\u00fcr zu und sah sich nerv\u00f6s um. Oder war das blo\u00df ein Scherz? Ja, das musste es sein! Die Jungspunde von oben spielten ihm nur einen Streich\u2026 Er atmete tief durch und schrie im n\u00e4chsten Moment auf. \u201eNa, du alter Sack?\u201c zischte Leon und zielte mit der Pistole erneut auf den am Boden liegenden Mann, dann ging er neben ihm in die Knie, \u201eWei\u00dft du eigentlich wie sehr ich mich freue dich so richtig sch\u00f6n zu qu\u00e4len? Wei\u00dft du\u2026 Ich kenne mich inzwischen ganz gut mit dem menschlichen K\u00f6rper aus. Ich wei\u00df wie ich dich langsam und wie ich dich schnell sterben lassen kann. Aber rate mal! Ich lasse dich langsam sterben. Freu dich, du kannst bei deinen geliebten Akten bleiben\u2026\u201c Damit presste er ihm die Waffe an den Bauch und dr\u00fcckte ab. Er hatte keine Ahnung was genau er nun getroffen hatte, aber irgendein Organ hatte er schon getroffen! Stumm stand er auf und wandte sich der T\u00fcr zu. Jetzt musste er nur noch den Rest herauslassen. Er \u00f6ffnete die T\u00fcr und blieb noch kurz stehen. \u201eWie gesagt, ich habe dir einen langsamen Tod versprochen. Aber f\u00fcr die Anderen hier unten kann ich nicht sprechen!\u201c Der Mann presste sich w\u00fcrgend die Hand auf den Bauch und blieb keuchend auf dem staubigen Boden liegen. Er hatte diesen Raum von Grund auf sortiert, hatte \u00dcberstunden gesammelt wie andere Leute Briefmarken um Ordnung in das Chaos zu bringen\u2026 Und jetzt sollte er hier sterben? Es kam ihm seltsam fair vor. Werner war tot, Marion hockte gemeinsam mit Judith hinter einem Schreibtisch, die alte Frau hielt das M\u00e4dchen in den Armen. \u201eVerzeih mir Marion!\u201c, murmelte sie, w\u00e4hrend ihnen Kugeln um die Ohren flogen, \u201eIch h\u00e4tte dich nicht \u00fcberreden sollen!\u201c Die Angestellten hielten sich von ihnen fern, noch war es unklar mit welchen Kr\u00e4ften sie es zu tun hatten. Marion fuhr ihr sanft \u00fcber die d\u00fcrre Hand, mit Falten die sie nie haben w\u00fcrde. \u201eMuss es nicht\u2026 So muss ich dich nicht sterben sehen!\u201c Die Zwei lachten leise. \u201eEntschuldigen Sie, aber worum genau geht es hier?\u201c Der junge Reporter hielt ihnen mit zitternder Hand ein Mikro hin, hinter ihm kauerte ein Kameramann. \u201eJim\u2026 Es ist mir egal ob da Reporter, die Kinderkrippe oder ein Sondereinsatzkommando drin sind!\u201c, knurrte Stephanie und Jim hielt mit aller Macht die Autot\u00fcr geschlossen. \u201eMein einzig noch lebender Sohn ist da drinnen!\u201c \u201eEben! Und es hilft ihm nicht wenn du da rein st\u00fcrmst! Wir wissen nicht was uns dort erwartet.\u201c Stephanie deutete blo\u00df auf die Wagen von TV und sonstiger Presse. Jim warf geschlagen die H\u00e4nde in die Luft und kurz darauf schlichen auch die Beiden in das kurzfristig interessanteste Geb\u00e4ude der englischen Hauptstadt. Der Rest des Kampfes war rasch vor\u00fcber: Jack/Alex zeigte Leon den Weg zu ihrem Chef, das Leben des Mannes wurde mit einem gezielten Kopfschuss ausgel\u00f6scht und der ganze Spuk war vor\u00fcber. \u201eWas hatte der denn jetzt f\u00fcr eine Kraft?\u201c fragte Jack gelangweilt, jetzt da er die Gef\u00fchle und Schmerzen kannte konnte er sie immerhin besser nachvollziehen aber sonst war er immer noch der Alte. \u201eEs war wohl eine recht m\u00e4chtige, Leute steuern, aber das klappt nur wenn man ihm l\u00e4nger als zehn Sekunden in die Augen schaut\u2026 Hypnose quasi. Wie gut das er gleich erschossen wurde.\u201c\u201eUnd.. was jetzt?\u201c Alex grinste. \u201eDeine Karriere bei der Organisation ist beendet, kleiner Bruder! Aber ich hoffe die Sachen die du dort gelernt hast werden dir einmal n\u00fctzen.\u201c Er drehte sich zu Leon um, aber der war verschwunden, gleich nachdem er ein Interview abgegeben hatte. Die Leute waren ver\u00e4ngstigt, immerhin liefen Personen mit Kr\u00e4ften herum, aber die Lage w\u00fcrde sich wohl innerhalb weniger Tage beruhigt haben. Die Reporter durchforsteten das Archiv, in dem wundersamer weise noch ein ver\u00e4ngstigter Lieferjunge am Leben war, die Mitarbeiter die noch lebten versuchten ihre eigenen Unterlagen zu vernichten, die IT-Abteilung hatte gar nichts mitbekommen und die Regierung verlor dazu kein Wort.\u201eJack!\u201c Stephanie umarmte ihren Sohn, der ihr blo\u00df auf die Schulter klopfte bis sie ihn wieder los lie\u00df. \u201eMutter? Kennst du eine Charles Evelyn Gray?\u201c, sie sah ihn verwirrt an und er fuhr fort, \u201eIch werde sie suchen, sie hat versprochen mir zu helfen.\u201c Am anderen Ende der Stadt richtete sich eine Politesse verwirrt auf und spuckte ein St\u00fcck Pizzarinde aus.",
            "wordcount": "2.031",
            "chapter_release": "03.10.2016",
            "chapter_number": "9"
        }
    },
    "title": "Underground: London",
    "topic": "unspecified",
    "release": "\n15.09.2014\n\t\t\t\t\t\t",
    "author": "Schroedingers Kater"
}