{
    "tags": [],
    "chapcount": "12",
    "wordcount": "11.646",
    "chapters": {
        "1": {
            "text": "Hallo Zusammen :-) Durch das nette Review von Sisi12 entstand der Anfang dieser Geschichte, die eine Art Vorgeschichte zu meinem Oneshot \u201eDer Zeitzug\u201c darstellt. Ich bedanke mich an dieser Stelle bei Sisi12 f\u00fcrs Betalesen !Kritik, Meinungen und Anmerkung sind gerne gesehen ;-)Viel Spa\u00df beim Lesen!***Ganz leise ist das Schnaufen des Zuges in der Ferne zu vernehmen. Unruhig tritt der neue Schaffner auf der Stelle. Immer wieder schaut er sich nerv\u00f6s um. Es ist sein erster Arbeitstag, seitdem seine Bewerbung f\u00fcr die freie Stelle als Zeitzugschaffner angenommen wurde. Das Schnaufen wird lauter und nimmt an Intensivit\u00e4t zu. Ungeduldig blickt der neue Schaffner sich um. Kein Zug zu sehen. Ganz alleine steht er dort, nerv\u00f6s und \u00e4ngstlich auf das Kommende blickend. Er atmet einmal tief durch, versucht sich zu entspannen. \u201eIch schaffe das schon!\u201c Dann kommt der Zug endlich in Sicht. Langsam n\u00e4hert er sich dem kleinen Bahnhof. Immer nerv\u00f6ser schaut der Schaffner ihm entgegen. Zum einen kann er es kaum erwarten seinen neuen Kollegen, den Zugf\u00fchrer, kennenzulernen, aber zum anderen ist er auch \u00e4ngstlich, wie er wohl sein wird. Es k\u00f6nnte ja sein, dass er mit ihm nicht klarkommt, oder schlimmer noch: Der Zugf\u00fchrer mit ihm nicht!Mit einem lauten, lang gezogen Pfeifen f\u00e4hrt der Zeitzug langsam in den kleinen Bahnhof ein. Zischend entweichen an den Seiten dichte, wei\u00dfe Rauchschwaden, die dem Schaffner die Sicht nehmen. Als der Rauch sich legt, steht der Zugf\u00fchrer vor ihm. Er ist ein kr\u00e4ftig gebauter Mann, aber nicht mehr der J\u00fcngste. Ein dichter, wei\u00dfer Bart umrahmt sein gutm\u00fctiges Gesicht. Bekleidet ist er mit einer gro\u00dfen blau-wei\u00df gestreiften Latzhose, die \u00fcber einem passenden Hemd sitzt. Auf seinem Kopf sitzt eine blaue M\u00fctze. \u201eHallo, mein Lieber! Sie m\u00fcssen der neue Schaffner sein, richtig?\u201c, spricht ihn der Zugf\u00fchrer an. Er ist dem Schaffner auf Anhieb sympathisch. \u201eJa, das bin ich\u201c, antwortet der Schaffner ein wenig unsicher. \u201eNa dann einsteigen. Unser Vorsprung ist nicht gro\u00df. Bei der Zeitzugverbindung gibt es keinerlei Versp\u00e4tungen! Los, komm!\u201c Damit steigt der Zugf\u00fchrer ein. Der Schaffner beeilt sich, ihm hinterher zu kommen. Schnell klettert er die kleine Leiter zur Lok hoch. Da f\u00e4hrt diese auch schon ab. Schnell beschleunigt sie und rast durch das Land der \u0001 \u0002 f\u00e4ngt der Zugf\u00fchrer an, den Schaffner einzuweisen. Aufmerksam h\u00f6rt dieser ihm zu. \u201eAlso, ich erkl\u00e4re dir eben unsere Aufgabe: Der Zeitzug stellt die Verbindung zwischen Vergangenheit und Zukunft her. Wenn er steht, steht auch die Zeit. Wir haben jede Menge Passagiere an Bord. Diese steigen an einer bestimmten Station ein und an einer Anderen aus. All dies steht auf ihren Fahrkarten. Meine Aufgabe ist es, den Zeitzug ohne Zwischenf\u00e4lle und ohne Verz\u00f6gerung an sein Ziel zu bringen. Du bist f\u00fcr die Passagiere zust\u00e4ndig. Du kontrollierst ihre Fahrkarten und passt auf, dass auch jeder an der richtigen Station aussteigt.\u201c Er reicht ihm einen Fahrkartenknipser. \u201eHiermit entwertest du ihre Fahrkarten. Es ist sehr wichtig, dass die Passagiere an der richtigen Station aussteigen! Ich wei\u00df nicht was passiert, wenn sie dies vers\u00e4umen und ich will es auch nicht herausfinden!\u201c Er reicht ihm einen Notizblock. \u201eDein Vorg\u00e4nger hat sich hiermit gemerkt, wo wer aussteigen muss. Ich w\u00fcrde dir empfehlen, dies ebenfalls zu tun. Ganz hinten, im letzten Wagen, ist eine Umkleide. Dort findest du deine Uniform. Darin\u2026\u201c er zeigt auf den Anzug des Schaffners \u201e\u2026 kannst du auf keinen Fall arbeiten!\u201c Der Schaffner err\u00f6tet leicht. Er hatte extra f\u00fcr seine erste Fahrt seinen sch\u00f6nsten Anzug angezogen. Schnell verl\u00e4sst er das F\u00fchrerhaus und beeilt sich nach hinten zu \u0001 \u0002 Zug ist lang, sehr lang! Er z\u00e4hlt zehn Waggons und der Zug ist noch nicht zu Ende. Und alle sind nahezu voll besetzt. Nach zwanzig Waggons wird er stutzig. \u201eDas kann doch nicht sein! Von au\u00dfen sieht der Zug viel kleiner aus!\u201c Ein \u00e4ltere Frau spricht ihn freundlich an: \u201eHallo, junger Mann. Sie sehen etwas desorientiert aus. Kann ich Ihnen helfen?\u201c \u201eDurchaus. Ich suche das Ende des Zuges.\u201c, antwortet der Schaffner. Er kommt sich d\u00e4mlich vor, als er das sagt. \u201eDas ist ganz einfach.\u201c, sagt die \u00e4ltere Frau l\u00e4chelnd. \u201eSie m\u00fcssen sich einfach vorstellen, dass hinter der n\u00e4chsten T\u00fcr der Waggon ist, in den sie m\u00fcssen. Der Zeitzug hat n\u00e4mlich kein Ende!\u201c Sie zwinkert ihm zu. \u201eSie scherzen, oder?\u201c, fragt er misstrauisch. \u201eMir w\u00fcrde doch nicht einfallen mit einem Neuling zu scherzen\u201c, sagt sie mit einem schelmischen L\u00e4cheln auf dem Gesicht. \u201eNun geh schon!\u201c Nach kurzem Z\u00f6gern geht der Schaffner letztendlich zur T\u00fcr. Er schaut kurz zur\u00fcck, doch die Frau ist verschwunden. Verwirrt schaut er wieder die T\u00fcr an. Er befolgt den Rat der seltsamen Dame, schlie\u00dft kurz die Augen und stellt sich vor, hinter der T\u00fcr l\u00e4ge der letzte Waggon des Zuges. Dann \u00f6ffnet er \u0001 \u0002 scheint tats\u00e4chlich funktioniert zu haben. Der Waggon ist gem\u00fctlich eingerichtet. Es gibt ein Sofa und zwei Sessel. In einer Ecke steht ein gem\u00fctliches Bett. Ein Teil des Waggons ist durch eine Wand abgetrennt. Der Schaffner betritt den Waggon und marschiert geradewegs zur Trennwand. Sie l\u00e4sst sich zur Seite hin aufschieben. Hinter ihr befindet sich die vom Zugf\u00fchrer erw\u00e4hnte Umkleide. An einem Haken an der Waggonwand h\u00e4ngt seine Uniform. Sie ist dunkelblau, mit goldenen Kn\u00f6pfen und Schulterkappen. Daneben h\u00e4ngt seine M\u00fctze. Schnell zieht er sich um. Die Uniform ist bequemer als erwartet. Vor dem gro\u00dfen Spiegel betrachtet er sich kurz. Dann verl\u00e4sst er die Umkleide und l\u00e4uft schnurstracks zur\u00fcck zur T\u00fcr. Er \u00fcberlegt kurz und schlie\u00dft wieder die Augen. Diesmal um sich vorzustellen, dass auf der anderen Seite das F\u00fchrerhaus l\u00e4ge. Dann \u00f6ffnet er die T\u00fcr\u2026",
            "wordcount": "913",
            "chapter_release": "19.05.2016",
            "chapter_number": "1"
        },
        "10": {
            "text": "Der Schaffner schaut den Unterweltler etwas irritiert an.\u201eWas meinst Du mit bleiben?\u201c, fragt er leicht misstrauisch und ist sich doch nicht sicher, ob es eine gute Idee gewesen ist, dem Unterweltler zu folgen, aber hat er eine Wahl gehabt?\u201eNaja, alle die in das gro\u00dfe Licht gingen, kamen nicht zur\u00fcck\u2026\u201c, erkl\u00e4rt der Unterweltler etwas traurig, ehe er wieder seine gewohnt fr\u00f6hliche Miene aufsetzt.\u201eLos komm! Sie wartet bestimmt schon!\u201c Damit schwebt er voraus und in eine dichte Allee hinein, die aus sehr alten B\u00e4umen zu bestehen scheint. Der Schaffner bleibt immer noch sehr irritiert stehen und schaut dem Unterweltler nach. Erst ein weiteres fr\u00f6hliches Auffordern des Unterweltlers bewegt ihn dazu, sich weiter zu bewegen und ihm etwas zaghaft zu folgen. Wo ist er hier nur gelandet?Die Allee macht einen sanften Bogen und verschwindet hinter den m\u00e4chtigen St\u00e4mmen der B\u00e4ume, sodass der Schaffner nicht wirklich sehen kann, wohin es geht. Von Schritt zu Schritt scheint das Bl\u00e4tterdach der B\u00e4ume dichter zu werden und weniger Licht hindurch zu lassen. Schlie\u00dflich endet die Allee in einer Kreuzung, wo der Unterweltler nach rechts geht.\u201eKomm, komm! Beeil dich bitte ein bisschen\u2026\u201c, sagt er und klingt dabei etwas gehetzt. Eilig folgt der Schaffner ihm um die Ecke \u2013 und steht pl\u00f6tzlich vor einem riesigen Palast, der vollkommen aus B\u00e4umen gewachsen zu sein scheint. Die T\u00fcrme an den Seiten scheinen sich sogar in dem leichten Windhauch zu bewegen\u2026 Wieder steht dem Schaffner f\u00fcr einige Sekunden der Mund offen.\u201eKomm, Komm!\u201c, dr\u00e4ngt der Unterweltler wieder und das gro\u00dfe Tor \u00f6ffnet sich knarzend.\u201eJa, ja, ist ja gut!\u201c, fl\u00fcstert der Schaffner leicht genervt und folgt dem Unterweltler ins Innere des \u0001 \u0002 Innenleben unterscheidet sich kaum von der \u00e4u\u00dferen Erscheinung des Palastes. Alles besteht aus lebendem Holz und scheint aus einem kleinen Wald zusammengewachsen zu sein. Allerdings ist die Rinde der B\u00e4ume im Inneren komplett glatt und scheint, als w\u00e4re sie irgendwie poliert worden. Staunend folgt der Schaffner dem Unterweltler durch die verwinkelten G\u00e4nge des Palastes und verliert schon nach wenigen Minuten die Orientierung. Allerdings bleibt ihm nicht verborgen, dass die G\u00e4nge breiter und heller werden, je l\u00e4nger sie laufen. Allerdings kann er keinerlei Lichtquellen oder \u00e4hnliches erkennen, auch Fenster scheint es keine zu \u0001 \u0002 Wanderschaft endet letztendlich vor einer gro\u00dfen Doppelt\u00fcr, die von zwei Unterweltlern, in einer sehr komischen R\u00fcstung, bewacht wird. Beide tragen lange Speere, die neben ihnen in der Luft zu schweben scheinen.\u201eDer gro\u00dfe Schwarzmann erwartet den Schaffner des Zeitzuges.\u201c, erkl\u00e4rt der Unterweltler den beiden Wachen, welche sich kurz angucken und dann nicken, was bei ihren runden K\u00f6rpern sehr lustig aussieht. Die Doppelt\u00fcr \u00f6ffnet sich knarzend und Schaffner und Unterweltler betreten einen gigantischen Thronsaal. Die Decke scheint von den Baumkronen vieler riesiger B\u00e4ume gehalten zu werden, welche wie S\u00e4ulen in dem Saal verteilt sind. St\u00fchle sind in einem groben Halbkreis um den Thron ganz vorne angeordnet und scheinen aus dem Boden gewachsen zu sein. Der Thron selber ist verziert mit allerhand Symbolen und Zeichen und scheint zu strahlen wie poliertes Gold. Auf dem Thron sitzt eine schwarze Gestalt. Und sie ist wirklich schwarz! So schwarz, dass sie wie ein dunkler Schatten aussieht und einen solchen Kontrast zu dem strahlenden Thron herstellt, dass der Schaffner es kaum f\u00fcr m\u00f6glich h\u00e4lt! Eilig schwebt der Unterweltler auf den Thron zu, raunt dem Schaffner aber noch zu, er solle dem gro\u00dfen Schwarzmann keinesfalls in die Augen sehen oder sie zu sehr anstarren! Dem Schaffner ist es immer noch ein R\u00e4tsel, warum der Unterweltler den gro\u00dfen Schwarzmann als eine \u201esie\u201c bezeichnet. Er h\u00e4lt es aber f\u00fcr besser, den Rat des Unterweltlers zu befolgen und den Blick gesenkt zu halten. Vor dem Thron scheint der Unterweltler sich zu verbeugen, jedenfalls deutet der Schaffner die komische Bewegung die er vollf\u00fchrt als eine Verbeugung und h\u00e4lt es f\u00fcr am schlausten seinem Beispiel zu folgen und seine Knie zu beugen. Langsam kniet er sich auf eines, w\u00e4hrend er das andere Bein angewinkelt aufstellt. Den Blick h\u00e4lt er dabei gesenkt. W\u00fcrde er jetzt nach oben sehen, w\u00fcrde er sehr deutliche, weibliche Rundungen erkennen k\u00f6nnen, die unter dem schwarzen, eng anliegenden Anzug kaum verborgen werden. Der gro\u00dfe Schwarzmann tr\u00e4gt ihren Namen zu Recht! Sie ist von Kopf bis Fu\u00df von dem schwarzen, undefinierbaren Etwas bedeckt, das nur ihre eisblauen, stechenden Augen freil\u00e4sst.\u201eWas bringst du mir da, Luna!\u201c, fragt sie mit schneidender, herrischer Stimme und erhebt sich langsam und anmutig von ihrem Thron, w\u00e4hrend sie auf die Beiden hinab blickt.\u201eDen Schaffner des Zeitzuges, o gro\u00dfer Schwarzmann!\u201c, fl\u00fcstert der Unterweltler mit dem Namen Luna kleinlaut, fast schon ver\u00e4ngstigt. Die Miene des Schwarzmannes bleibt unver\u00e4ndert, selbst wenn sich eine Regung zeigen w\u00fcrde, w\u00fcrde man sie kaum erkennen \u2026\u201eIst dem so?\u201c, fragt der gro\u00dfe Schwarzmann an den Schaffner gerichtet.\u201eJa, gro\u00dfer Schwarzmann\u201c, best\u00e4tigt dieser leise.\u201eIch bin der neue Schaffner des Zeitzuges, auch wenn noch nicht sehr lange. Ich habe heute mei\u2026\u201c Er wird abrupt unterbrochen.\u201eDas habe ich nicht gefragt!\u201c, tadelt der Schwarzmann und wendet sich wieder an Luna.\u201eWarum bringst du ihn mir? Wir haben nichts mit diesen Trotteln von der Oberfl\u00e4che zu tun! Das habe ich dir doch gesagt!\u201c Langsam zweifelt der Schaffner daran, dass Luna ihm die ganze Wahrheit \u00fcber den Schwarzmann gesagt hat.\u201eEr ist gefallen.\u201c, beginnt Luna langsam zu berichten.\u201eVon ganz oben! Und er hat sich nichts getan! Ganz sanft ist er gelandet, nicht mal Staub wurde aufgewirbelt!\u201c, berichtet Luna begeistert und ihre Augen scheinen zu leuchten.\u201eDas muss ein Zeichen sein! Vielleicht sollten wir den Herrn der H\u00f6hle um Rat bitten und\u2026\u201c, sie wird scharf vom gro\u00dfen Schwarzmann unterbrochen.\u201eNichts da! Ich entscheide \u00fcber die Ankommenden hier, nicht der Herr der H\u00f6hle und sonst auch niemand, hast du das verstanden, Luna?!\u201c, zischt der gro\u00dfe Schwarzmann bissig und ihre Augen verengen sich zu Schlitzen. Der Schaffner wagt es nicht, aufzublicken oder gar etwas zu sagen. Luna schweigt betroffen und nickt nur stumm. Der gro\u00dfe Schwarzmann wendet sich dem Schaffner zu.\u201eUnd du! Sieh mich an!\u201c, knurrt sie leise, aber umso bedrohlicher. Ganz vorsichtig sieht der Schaffner nach oben. Z\u00f6gerlich schaut er in die zornigen Augen des Schwarzmannes und ihm wird ganz flau. Die Welt um ihn scheint zu verschwimmen, sich zu drehen, schwarz zu werden. Das Blau in den Augen des Schwarzmannes scheint intensiver zu werden. Der Schaffner kann sich auf nichts anderen konzentrieren, nichts au\u00dfer diesen Augen. Die Welt wird unwichtig, sein Leben wird unwichtig, er selbst wird unwichtig. Nur noch die W\u00fcnsche seiner Herrin sind wichtig. Sie ist das Einzige, was z\u00e4hlt. Grazil kommt der gro\u00dfe Schwarzmann auf ihn zu. Ihre zarten Finger legen sich unter sein Kinn. Er kann nicht anders, als sie anzusehen. Sein Blick scheint mit ihren Augen f\u00f6rmlich verschmolzen zu sein!\u201eKomm mit, mein S\u00fc\u00dfer\u201c, s\u00e4uselt die sanfte Stimme seiner neuen Herrin. Sofort kommt er dieser so nett formulierten Bitte nach, obwohl es in Wirklichkeit ein schneidender Befehl gewesen ist. Sie hat ihn vollkommen in ihren Bann gezogen.\u201eKomm, komm!\u201c, fl\u00fcstert sie wieder verf\u00fchrerisch. Sofort erhebt er sich. Er kann nicht anders, als ihr zu folgen. Mit gro\u00dfen Augen folgt er dem engelsgleichen Wesen in schwarzem Gewand, folgt der Sch\u00f6nheit in Person. Eine unscheinbare T\u00fcr \u00f6ffnet sich langsam und gibt den Blick auf einen langen Gang frei. Das alles bekommt der Schaffner aber nicht mit, f\u00fcr ihn z\u00e4hlt nur SIE! Er w\u00fcrde alles f\u00fcr sie tun und wenn es noch so unm\u00f6glich erscheinen sollte. F\u00fcr sie w\u00fcrde er es schaffen! Z\u00fcgig eilt der Schwarzmann durch den Gang. Der Schaffner folgt ihr auf Schritt und Tritt, Luna folgt in einiger Entfernung und ist ebenso vom Bann des Schwarzmannes befallen. Schlie\u00dflich endet der Gang und eine weitere T\u00fcr \u00f6ffnet sich. Ein grelles Licht scheint hindurch und der Schaffner muss f\u00fcr einen Augenblick die Augen schlie\u00dfen und seinen Blick von dem sch\u00f6nsten Wesen auf Erden abwenden. Die Sekunden, in denen er sie nicht ansehen kann, sind grausamer und qualvoller als der Sturz ins unendliche Nichts\u2026 So schnell er kann, \u00f6ffnet er die Augen wieder und heftet sich an seine Augenweide von Engel, stillt sein Verlangen nach ihr durchs blo\u00dfe Ansehen. Sie stehen auf einem Platz, hoch \u00fcber dem Palast. In die Mitte des Platzes ist ein riesiges Loch eingearbeitet worden, das mindestens vier Meter im Durchmesser misst. Es gibt keinerlei Abgrenzungen oder Gel\u00e4nder, die vor einem Sturz in das Loch sch\u00fctzen k\u00f6nnten. Ein schmaler Steg f\u00fchrt in die Mitte des Lochs und \u00e4hnelt sehr einer Planke. Das grelle Licht scheint direkt aus dem Loch zu kommen. Meinte Luna das hier mit \u201ein das gro\u00dfe Licht gehen\u201c?Dem Schaffner kommt dieser Gedanke zu keiner Sekunde. Seine Herrin w\u00fcrde ihm nie etwas antun, davon war er \u00fcberzeugt! Dieser Engel kann doch niemandem etwas tun, dieses Abbild einer G\u00f6ttin!\u201eKomm her!\u201c, fl\u00fcstert sie und winkt ihn, mit einem Finger, verf\u00fchrerisch heran. Sofort kommt der Schaffner ihrer Bitte nach und stellt sich neben sie. Der Abgrund des Loches ist nur Zentimeter von ihm entfernt. Unter ihm ist nichts zu erkennen, nur ein grelles Licht, was alles andere verschlingt und es unm\u00f6glich macht, etwas zu erkennen\u2026 Langsam legt sich ein Arm um den K\u00f6rper des Schaffners, streichelt ihn sanft. Genie\u00dferisch schlie\u00dft der Schaffner die Augen, er geh\u00f6rt nur ihr! Ihr ganz alleine und sonst niemandem, nicht mal ihm selbst. Ihre zarten, vollen Lippen sind ganz dicht an seinem Ohr.\u201eDu musst etwas f\u00fcr mich tun!\u201c, s\u00e4uselt sie leise.\u201eIch brauche dich und das ist unheimlich wichtig!\u201c, erkl\u00e4rt sie ihm und f\u00fchrt in sanft zum Steg.\u201eAlles, was Ihr wollt!\u201c, fl\u00fcstert der Schaffner entschlossen zur\u00fcck. Er w\u00fcrde alles f\u00fcr sie tun, um sie zufrieden zu stellen!\u201eSehr brav, mein S\u00fc\u00dfer!\u201c, raunt sie ihm ins Ohr und ber\u00fchrt ihn ganz sanft. Diese sanfte Ber\u00fchrung ist eine reine Wohltat f\u00fcr den Schaffner und er sehnt sich nach mehr, will mehr von ihr, mehr von diesen zarten Ber\u00fchrungen, doch sie bleiben ihm verwehrt. Der Arm l\u00f6st sich von ihm, zieht sich zur\u00fcck. \u00dcberrascht \u00f6ffnet der Schaffner die Augen und schaut auf die Planke vor sich.\u201eOh, du bekommst mehr!\u201c, fl\u00fcstert der gro\u00dfe Schwarzmann ihm ins Ohr.\u201eViel mehr, am Ende dieses Stegs erwartet dich ein Paradies und ich werde dort auf dich warten!\u201c, verspricht sie ihm. Vertr\u00e4umt l\u00e4chelt der Schaffner.\u201eWirklich?\u201c, nuschelt er zur\u00fcck.\u201eAber ja doch, du musst nur entlang gehen!\u201c Der Schaffner scheint am Ende des Steges ihre Umrisse erkennen zu k\u00f6nnen, die ihm verf\u00fchrerisch zu winken.\u201eNein, tue es nicht! Nicht in das gro\u00dfe Licht gehen!\u201c, kommt der verzweifelte, zaghafte Ruf von Luna, doch er erreicht sein Ziel nicht. Er wird vom gro\u00dfen Schwarzmann aufgefangen und in Anfeuerungsrufe umgewandelt. Wieder l\u00e4chelt der Schaffner gl\u00fccklich und tut seinen ersten Schritt.\u201eJa, so ist es gut! Komm zu mir!\u201c, ihre leichte Stimme begleitet ihn stetig, ermutigt ihn zu jedem weiteren Schritt. Zielsicher geht der Schaffner auf das Ende des Steges zu und nichts scheint ihn aufhalten zu k\u00f6nnen. Die verzweifelten Rufe von Luna bringen nichts, er ist verfallen! Verfallen dem verf\u00fchrerischen Zauber des Schwarzmannes, der unglaublich m\u00e4chtig ist und ihn nicht zur\u00fcckblicken l\u00e4sst. Er wird weitergehen und sich nichts denken. Es z\u00e4hlt nicht, was er will oder denkt, es z\u00e4hlt nur sie und ihr Wille! Und ihr Wille ist, ihn in das gro\u00dfe Licht gehen zu lassen\u2026",
            "wordcount": "1.858",
            "chapter_release": "26.01.2017",
            "chapter_number": "10"
        },
        "11": {
            "text": "Schritt f\u00fcr Schritt kommt der Schaffner dem Ende der Planke und somit dem Sturz ins gro\u00dfe Licht n\u00e4her. Stets begleiten ihn die verf\u00fchrerischen Worte des Schwarzmannes, die ein leises Fl\u00fcstern an seinem Ohr sind. Die verzweifelten Rufe Lunas helfen nicht, sie erreichen seinen Verstand nicht, zu sehr hat der Schwarzmann seinen Zauber schon gewirkt. Ein Schritt trennt den Schaffner noch von seinem Sturz. Er w\u00fcrde eins mit dem Licht werden. Seine Lebensenergie weitergeben, um es am Scheinen zu halten. Etwas, was der Schwarzmann schon l\u00e4nger macht: Er opfert Wesen, um das Licht zu erhalten und die namenlose Stadt weiter existieren zu lassen. Des Schaffners Fu\u00df schwebt in der Luft. Er ist bereit zu gehen! Bereit den Wunsch seiner Herrin zu erf\u00fcllen. Er tut seinen letzten Schritt und findet sich Sekunden sp\u00e4ter in der Luft wieder. Doch das Licht kommt nicht n\u00e4her! Es scheint hinweg zu fliegen, fort von ihm. Verwirrt blinzelt der Schaffner. Er f\u00e4llt nicht, er schwebt! Immer h\u00f6her geht es hinauf, beinahe durchbricht er das dichte Bl\u00e4tterdach der Baumkronen. \u201eWas zum\u2026?\u201c, fragt er sich verwirrt und sieht sich um. Luna blickt erleichtert zu ihm auf und ruft ihm irgendetwas zu, was er nicht verstehen kann. Der Schwarzmann hingegen scheint zu toben, zu zischen und zornig nach oben zu blicken. Dann, pl\u00f6tzlich, erscheint ein blauer Blitz, der den gesamten Platz grell erhellt. Der Schaffner muss ein weiteres Mal die Augen schlie\u00dfen, um nicht geblendet zu werden. Dann scheint er zu fallen\u2026 Etwas unsanft landet er sicher neben dem gro\u00dfen Loch im Boden, der Bann des Schwarzmannes scheint allerdings keinen Effekt mehr auf ihn zu haben, denn er hat nicht mehr das dringende Bed\u00fcrfnis ihr jeden Wunsch zu erf\u00fcllen. Er rappelt sich vorsichtig auf und blickt sich verwirrt um. Was ist passiert? Etwas unsicher sieht er zu Luna, die noch immer jubelt. Sie deutet in Richtung des Schwarzmannes. Ihr gegen\u00fcber steht ein Mann, der unheimlich alt aussieht. Sein wei\u00dfer Bart reicht bis zu seinen Kn\u00f6cheln. Sein sp\u00e4rliches Haar ist ebenfalls so unglaublich wei\u00df, dass es fast schon silbrig wirkt. Gekleidet ist er in ein schwarzes Gewand, das bis zum Boden reicht. Auf seinem Kopf thront ein kleiner, aber sehr spitzer, hoher Hut, der mit kleinen Kreisen \u00fcbers\u00e4t ist, in die kleine Bilder gezeichnet sind, die sich allerdings in unglaublicher Geschwindigkeit ver\u00e4ndern. Seine schwarze Robe besitzt ebenfalls solche Kreise, die aber wesentlich gr\u00f6\u00dfer sind. Man kann die sich ver\u00e4ndernden Bilder deutlich erkennen. Lange kann der Schaffner das Gewand aber nicht betrachten, da ihm davon ganz schwindelig wird. Er wendet seinen Blick dem Schwarzmann zu. Was geht hier vor sich?\u201eWie kannst du es wagen?!\u201c, h\u00f6rt er den gro\u00dfen Schwarzmann zischen. \u201eIch bin die H\u00fcterin des Lichtes und Herrscherin dieser Stadt! Ich entscheide, wen ich opfere, um unser \u00dcberleben zu sichern!\u201c, \u201eWenn du ihn opferst, sind wir alle verloren! Aber nicht nur wir, das ganze Land der Zeit steht vor einer Katastrophe, die aber noch abgewendet werden kann, durch ihn!\u201c Er deutet mit seinem langen Holzstab auf den Schaffner. Der eingearbeitete, blaue Kristall scheint f\u00fcr einen Moment zu leuchten. \u201eIch habe es gesehen! Die Bilder l\u00fcgen nicht, so wird es kommen!\u201c, f\u00fcgt der Herr der H\u00f6hle hinzu. \u201eDu nennst mich also eine N\u00e4rrin?!\u201c, faucht der gro\u00dfe Schwarzmann und st\u00fcrzt sich auf den Herrn der H\u00f6hle. Hat sie schon immer diese langen, krallenartigen Finger gehabt? Sie dr\u00fcckt sich vom Boden ab, fliegt durch die Luft, doch bevor sie den Herrn der H\u00f6hle erreichen kann, l\u00f6st sich dieser auf und erscheint nun auf der anderen Seite des Platzes wieder. \u201eWenn du an deinem Plan festh\u00e4ltst, ja!\u201c, gibt der Herr der H\u00f6hle zur\u00fcck. \u201eEine sehr gro\u00dfe N\u00e4rrin sogar!\u201c Der gro\u00dfe Schwarzmann br\u00fcllt auf, als h\u00e4tte man sie getreten. \u201eWir kannst du es wagen?!\u201c, braust sie auf und sprintet wieder los, scheint diesmal aber gegen eine unsichtbare Barriere zu sto\u00dfen und zur\u00fcckgeworfen zu werden. \u201eDu kannst dich nicht dem Schicksal widersetzen! Das kann normalerweise niemand! Nur der Schaffner des Zeitzuges ist in der Lage, das Schicksal zu ver\u00e4ndern, aber das hat die Zeitzuggesellschaft geschickt vertuscht und alle die es herausgefunden haben, wurden unbemerkt aus dem Weg geschafft. Nur bei ihm sind sie aus einem bestimmten Grund gescheitert!\u201c, erkl\u00e4rt der Herr der H\u00f6hle und wirft dem Schaffner einen kurzen Blick zu. Redet er gerade wirklich von ihm? Aber er hat doch nichts getan, er hat nur ein kleines M\u00e4dchen zum Lachen gebracht\u2026 Innerlich \u00e4rgert sich der Schaffner nun ein wenig dar\u00fcber. Es k\u00f6nnte alles so einfach sein, aber er musste ja eine Regel brechen! Oder ist es Schicksal, dass alles so gekommen ist? Hat er wirklich als Einziger die Gabe ein Schicksal zu \u00e4ndern? Kann er seines \u00e4ndern? Der Herr der H\u00f6hle kommt nun zum Schaffner hin\u00fcber und schaut ihn ernst an. Seine hellen, blauen Augen strahlen eine unheimliche Weisheit aus und sein breites L\u00e4cheln l\u00e4sst ihn sehr gutm\u00fctig wirken, fast wie einen Gro\u00dfvater der seine Enkel vor sich hat. \u201eEs ist mir eine Ehre Sie kennen zu lernen, Herr Schaffner!\u201c, setzt der Herr der H\u00f6hle an und streckt seine Hand aus, welche der Schaffner sofort ergreift. Der H\u00e4ndedruck ist \u00fcberraschend kr\u00e4ftig. \u201eMir ebenfalls!\u201c, beeilt sich der Schaffner zu sagen und ein kurzes L\u00e4cheln huscht \u00fcber sein Gesicht. \u201eDas sollte es eigentlich nicht.\u201c, murmelt der Herr der H\u00f6hle, \u201eIch bin nur ein alter, verwirrter Mann.\u201c Er zwinkert dem Schaffner kurz zu, dann lacht er auf. Ein helles, reines, fr\u00f6hliches Lachen. \u201eKomm mit! Ich muss dir etwas zeigen!\u201c, mit seinem Stab zeichnet der Herr der H\u00f6hle einen leuchtenden Kreis auf den Boden, in welchen er sich nun stellt. Auffordernd l\u00e4chelt er dem Schaffner zu. \u201eNur zu! Du auch Luna! Du warst mir heute eine gro\u00dfe Hilfe!\u201c Luna freut sich sichtlich \u00fcber das Lob und kommt aus dem Strahlen nicht mehr heraus. Eilig schwebt sie hin\u00fcber zum Herrn der H\u00f6hle und postiert sich neben ihm in den Kreis. Der Schaffner folgt ihrem Beispiel auf dem Fu\u00dfe. Nur der gro\u00dfe Schwarzmann bleibt tobend auf der Plattform zur\u00fcck, kann die unsichtbare Barriere aber nicht \u00fcberwinden. Der Herr der H\u00f6hle schenkt ihr keine weitere Beachtung. Langsam bewegt er seine H\u00e4nde durch die Luft und scheint Symbole zu zeichnen, die aber sofort wieder verschwinden. Langsam nimmt das Leuchten des Kreises, in dem sie stehen, an Intensit\u00e4t zu. \u201eWas machen wir jetzt?\u201c, will der Schaffner wissen. Ihm ist das Ganze nicht geheuer, aber wirklich schocken kann ihn heute nichts mehr. Oder doch\u2026? Er ist schlie\u00dflich fast geopfert worden!\u201eWir gehen jetzt in die H\u00f6hle! Wohin auch sonst?\u201c, antwortet der Herr der H\u00f6hle geheimnisvoll, als w\u00e4re es das Selbstverst\u00e4ndlichste auf der Welt. Ein kurzes, schelmisches L\u00e4cheln huscht \u00fcber seine Lippen.\u201eWohin auch sonst.\u201c, grummelt der Schaffner leicht entt\u00e4uscht und muss ein weiteres Mal die Augen schlie\u00dfen, um nicht geblendet zu werden\u2026",
            "wordcount": "1.117",
            "chapter_release": "23.02.2017",
            "chapter_number": "11"
        },
        "12": {
            "text": "Ich wei\u00df: lang lang ists her ^^ Tut mir leid, dass so lange nichts kam\u2026 Ich hoffe ihr k\u00f6nnt mir die Verz\u00f6gerung verzeihen und bleibt weiterhin der Geschichte treu :-) Ein kleines Dankesch\u00f6n an der Stelle noch f\u00fcr meine treue Betaleserin Sisi12 :-)Ich w\u00fcnschte viel Spa\u00df beim lesen! ***Das Leuchten nimmt immer mehr an Intensit\u00e4t zu, sodass der Schaffner es durch die geschlossenen Augen wahrnehmen kann. Dann, urpl\u00f6tzlich, gibt es einen Knall und die Welt scheint sich zu drehen. Als w\u00e4re er ein Blatt, wird der Schaffner durch die Luft geschleudert und hin und her geworfen. Er traut sich gar nicht die Augen zu \u00f6ffnen, aus Angst, ihm k\u00f6nnte schlecht werden. Dann, auf einmal, ert\u00f6nt ein weiterer Knall und der Boden scheint wieder fest zu sein. Vorsichtig testet der Schaffner diese Vermutung mit ein paar Schritten, was dem Herrn der H\u00f6hle ein kleines Lachen entlockt.\u201eKeine Sorge! Du kannst deine Augen wieder \u00f6ffnen!\u201c, meint er am\u00fcsiert und der Schaffner merkt erst jetzt, dass er seine Augen fest zusammen gekniffen hat. Schnell \u00f6ffnet er sie wieder und wirft dem Herrn der H\u00f6hle einen kurzen, b\u00f6sen Blick zu, welchen dieser mit einem kurzen Schmunzeln quittiert. Vorsichtig schaut der Schaffner sich in der H\u00f6hle um. Sie muss gigantisch sein! Das schwache Licht des Stabs des Herrn der H\u00f6hle reicht gerade einmal f\u00fcr einen kleinen Lichtkreis. Die W\u00e4nde und die Decke erreicht das Licht nicht, weswegen die wahren Ausma\u00dfe der H\u00f6hle dem Schaffner verborgen bleiben. Luna scheint diese Dunkelheit nicht viel auszumachen. Sie schaut sich mit offenem Mund und gro\u00dfen Augen um. \u201eWow\u201c, haucht sie leise, \u201eHier wollte ich schon immer mal hin!\u201c Der Herr der H\u00f6hle schmunzelt wieder ein wenig und geht voran. Bisher hat er, bis auf den Kommentar unmittelbar nach ihrer Ankunft, kein Wort gesagt, was den Schaffner doch ein klein wenig beunruhigt. \u201eWas wollen wir hier eigentlich? Ich kann nichts erkennen!\u201c, beschwert er sich, beeilt sich aber dennoch dem Herrn der H\u00f6hle zu folgen, um im Lichtkreis des Stabs zu bleiben. \u201eNur Geduld, Herr Schaffner!\u201c, beruhigt dieser ihn mit freundlicher Stimme, dreht sich aber nicht um. \u201eGeduld ist eine Tugend! Gerade im Land der Zeit\u201c, f\u00fcgt er an. Grummelnd gibt sich der Schaffner mit dieser Antwort zufrieden, zumindest vorerst. Die kleine Gruppe scheint auf einen schmalen Steg hinauszugehen. Der Lichtkreis erleuchtet einen kleinen Weg, ehe er in grenzenloser Tiefe zu verschwinden scheint. Das ungute Gef\u00fchl des Schaffners w\u00e4chst langsam, aber best\u00e4ndig. Zu sehr erinnert ihn der Abgrund an das Loch von vor wenigen Augenblicken. Wenige Momente sp\u00e4ter scheint der Herr der H\u00f6hle sein Ziel erreicht zu haben. Langsam wird das Licht seines Stabs heller und erleuchtet einen ovalen Stein, der vor ihnen in der Luft zu\u2026 schweben scheint. Der Herr der H\u00f6hle dreht sich zum Schaffner um und schaut diesen mit festem, ernsten Blick an. \u201eWas du gleich sehen wirst, k\u00f6nnte sehr verwirrend f\u00fcr dich sein, aber versuch dich dennoch darauf einzulassen!\u201c Er macht eine kurze Pause, w\u00e4hrend er auf eine Antwort zu warten scheint. Z\u00f6gerlich nickt der Schaffner und schaut unsicher zu Luna, welche ganz begeistert nickt. Sie scheint zu ahnen, was gleich passieren wird, was den Schaffner ein wenig neidisch macht. Er muss unsicher auf das warten, was gleich passieren wird, ohne sich irgendwie darauf einstellen zu k\u00f6nnen\u2026 Die Gesichtsz\u00fcge des Herrn der H\u00f6hle werden weicher. Er schenkt dem Schaffner ein aufmunterndes L\u00e4cheln, dann geht das Licht des Stabs aus und der Schaffner wird in vollkommene Dunkelheit geh\u00fcllt. Sofort versteift er sich, schaut sich suchend um und erkennt nur das schwache Leuchten von Luna neben sich. Er h\u00f6rt ein Klacken, der Herr der H\u00f6hle scheint mit dem Stab auf den Boden zu klopfen. Urpl\u00f6tzlich geht von der Spitze des Stabs ein grelles Licht aus. Sch\u00fctzend h\u00e4lt sich der Schaffner die H\u00e4nde vor das Gesicht, um nicht geblendet zu werden. Der Herr der H\u00f6hle scheint den Stab \u00fcber seinen Kopf zu heben und zu drehen. Immer schneller dreht sich das grelle Licht im Kreis, was eine fast schon hypnotische Wirkung hat. Mit aller Kraft l\u00e4sst der Herr der H\u00f6hle den Stab auf den Boden sausen. Es gibt einen lauten Knall, welcher von den W\u00e4nden widerhallt. Eine Welle aus reinem Licht scheint sich durch die gesamte H\u00f6hle auszubreiten. Es kribbelt, als sie den Schaffner passiert. \u201eWow!\u201c, h\u00f6rt er Luna neben sich rufen. Im ersten Moment versteht der Schaffner nicht warum. Erst als er genauer hinsieht, entdeckt er die riesigen Kugeln, welche aus dem Abgrund empor schweben. Sie leuchten in einem sanften Blau und sind mindestens doppelt so gro\u00df wie der Schaffner. Erst jetzt erkennt der Schaffner die gesamten Ausma\u00dfe der H\u00f6hle, die mindestens genauso gro\u00df zu sein scheint, wie die H\u00f6hle der namenlosen Stadt, wenn nicht gr\u00f6\u00dfer! Mit gro\u00dfen Augen beobachtet er, wie immer mehr Kugeln aus der Tiefe empor geschwebt kommen und sich an einen ganz bestimmten Platz in der H\u00f6hle zu bewegen scheinen. Ein wirkliches Muster kann der Schaffner noch nicht erkennen, aber es wird wohl eines dahinter sein, da ist er sich sicher. Die gro\u00dfen Kugeln verharren schlie\u00dflich in ihren Positionen, fast die ganze H\u00f6hle wird von ihnen ausgef\u00fcllt. Egal, wohin der Schaffner schaut - neben sich, \u00fcber sich, unter sich - es wimmelt nur von diesen Kugeln, aber bisher findet er diese Tatsache nicht wirklich verwirrend. Da muss noch etwas sein! Etwas unsicher schaut er zum Herrn der H\u00f6hle, der konzentriert die Augen geschlossen hat, sie nun aber langsam wieder \u00f6ffnet. Er wendet sich wieder dem Schaffner zu und l\u00e4chelt kurz. Dann hebt er seine Hand kurz an und schnippt laut mit dem Finger. Augenblicklich erwachen die Kugeln zum Leben. Es erscheinen Bilder, sich bewegende Bilder. Der Schaffner bemerkt er jetzt, dass sie sich auf einer Art rundem Podest befinden, welches sich recht mittig in der H\u00f6hle befindet und nur durch einen schmalen Steg mit dem Rand verbunden ist. Das gesamte Gestein der H\u00f6hle, aus welchem auch Podest und Steg gemacht worden sind, ist tiefschwarz, was den Schaffner etwas verwundert. Er hebt seinen Blick, um die Kugeln noch einmal genauer in Augenschein zu nehmen. Die Bilder scheinen einen Film zu zeigen. Oder sind es nur einzelne Szenen? Momente? Das Bild wechselt und der Schaffner weicht einen Schritt zur\u00fcck. Er kann sich selbst erkennen, wie er an einem Bahnsteig steht und anscheinend ungeduldig auf den Zug wartet. Gekleidet ist er in seinen besten Anzug. Sah er so etwa an seinem ersten Arbeitstag aus? Eine Hand legt sich sanft auf die Schulter des Schaffners, was ihn herumfahren l\u00e4sst. \u201eIch habe dir gesagt, dass es verwirrend werden wird.\u201c, raunt ihm der Herr der H\u00f6hle leicht grinsend zu. Man kann ihm ansehen, dass er guter Dinge ist, fast wie ein kleiner Junge, der einem Freund sein neustes Spielzeug zeigt. \u201eLass es mich dir erkl\u00e4ren!\u201c, beginnt er.",
            "wordcount": "1.114",
            "chapter_release": "23.04.2017",
            "chapter_number": "12"
        },
        "2": {
            "text": "Es funktioniert tats\u00e4chlich! Als er durch die T\u00fcr tritt, befindet er sich im F\u00fchrerhaus, wo ihn der Zugf\u00fchrer schon erwartet. Dieser mustert ihn kurz \u201eSchon viel besser!\u201c, meint er mit einem Grinsen. \u201eDu kommst gerade richtig! Gleich passieren wir den n\u00f6rdlichsten Teil unserer Reise. Vielleicht hast du Gl\u00fcck und kannst die Lichter vom Reich der Zukunft sehen\u201c Er deutet mit dem Finger nach drau\u00dfen. Der Zeitzug rast gerade \u00fcber einen riesigen See. Auf der rechten Seite ist ein gigantisches Gebirge zu erkennen. Und tats\u00e4chlich: \u00dcber diesen Himmel zuckt ein pr\u00e4chtiges Farbenspiel aus Rot, Gr\u00fcn und Blau, \u00e4hnlich den Polarlichtern der \u201enormalen\u201c Welt. \u201eUnser Ziel ist leider nicht so sch\u00f6n wie diese Lichter\u201c, murmelt der Zugf\u00fchrer mit finsterem Gesicht. \u201eDas hier wird mit die schwierigste Station werden. Mach dich auf was gefasst!\u201c In der Ferne wird ein kleiner, dunkler Bahnhof sichtbar. Die d\u00fcstere Atmosph\u00e4re ist jetzt schon deutlich sp\u00fcrbar. Der Zugf\u00fchrer schaut dem Schaffner tief in die Augen. \u201eSchau den Passagieren, die jetzt kommen nicht in die Augen! Auf gar keinen Fall!\u201c, warnt er ihn eindringlich. \u201eWarum nicht?\u201c \u201eDas hier ist der Bahnhof \u201eGescheiterte Zukunft\u201c. Diesen Leuten wurde der Eintritt in das Reich der Zukunft verwehrt. Wir bringen sie zur \u201eEndstation\u201c. Nimm diese Warnung ernst! In ihren Gesichtern wirst du nichts anderes als Schmerz und Traurigkeit finden. Nun geh! Hinter der T\u00fcr ist das Abteil f\u00fcr sie\u201c Der Schaffner nickt kurz betroffen, dann dreht er sich um und geht zur T\u00fcr. Ein letztes Mal blickt er sich um. Der Zugf\u00fchrer schaut finster dem Bahnhof entgegen. \u201eDa stimmt etwas nicht!\u201c, denkt sich der Schaffner. Dann \u00f6ffnet er die T\u00fcr und geht hindurch. Langsam f\u00e4hrt der Zeitzug in den Bahnhof ein. Mit einem traurigen Pfeifen bleibt er stehen. Dicke, wei\u00dfe Rauchschwaden entweichen und h\u00fcllen ihn ein. Der Schaffner \u00f6ffnet die T\u00fcr des Waggons. Durch den Rauch taumeln abgerissene Gestalten auf den Zug zu. Die Meisten halten ihren Kopf gesenkt. Einige schluchzen vor sich hin. Der Erste erreicht die T\u00fcr. Der Schaffner mustert ihn kurz. Seine Kleidung ist stellenweise in Fetzen gerissen, wie nach einem Kampf. Seine Haut hat einen gr\u00e4ulichen, trostlosen Farbton angenommen. Der Schaffner wagt es erst gar nicht, seinen Blick dem Gesicht zu n\u00e4hern. Er nimmt die graue Fahrkarte entgegen. Auf ihr steht in gro\u00dfer Schrift: \u201eAbfahrt: Station \u201eGescheiterte Zukunft\u201c Ziel: Endstation \u201eVerzweiflung.\u201c Schnell entwertet er die Fahrkarte und gibt sie dem Mann zur\u00fcck. Dieser schlurft zu seinem Platz in einer Ecke des Abteils. Der N\u00e4chste wartet bereits. Auf seiner Fahrkarte steht exakt dasselbe. Nach dem Neunten ist der Letzte an der Reihe. Der Schaffner schlie\u00dft schon mal die T\u00fcr und pfeift kurz in seine silberne Trillerpfeife, um die Weiterfahrt zu signalisieren. Dann widmet er sich dem letzten Fahrgast. Er erschrickt kurz. Vor ihm steht ein kleines, vielleicht zehnj\u00e4hriges M\u00e4dchen in einem trostlosen, grauen Nachthemd. In der einen Hand h\u00e4lt sie einen alten, zerfledderten Teddyb\u00e4ren und ihre Fahrkarte, in der anderen Hand h\u00e4lt sie eine schwarze, verwelkte Rose. Schnaufend f\u00e4hrt der Zug an. Der Schaffner nimmt vorsichtig dem M\u00e4dchen die Fahrkarte ab. Auf ihr steht: \u201eAbfahrt: Station \u201eGescheiterte Zukunft\u201c, Ziel: Endstation \u201eVergessen\u201c. Geschockt entwertet der Schaffner die Fahrkarte. Dem M\u00e4dchen l\u00e4uft eine Tr\u00e4ne \u00fcber die Wange, w\u00e4hrend ihr ein kleiner Schluchzer entf\u00e4hrt. Vorsichtig beugt sich der Schaffner zu dem M\u00e4dchen hinab und legt ihr eine Hand auf die Schulter. \u201eAlles in Ordnung?\u201c Sie blickt auf und schaut ihm, mit ihren vor Tr\u00e4nen glitzernden Augen, tief in seine. Eine tiefe K\u00e4lte ergreift sein Herz. Die H\u00e4nde des Schaffners fangen an sich Grau zu f\u00e4rben, seine Augen werden feucht. Am liebsten h\u00e4tte er sofort losgeheult. Schnell senkt das M\u00e4dchen ihren Blick. \u201eEntschuldigung\u201c, murmelt es hastig. Dann schlurft es zu einem Platz ganz hinten in der Ecke des Abteils. Der Schaffner schaut ihr missmutig hinterher. Er versp\u00fcrt den dringenden Wunsch sie aufzumuntern. Es missf\u00e4llt ihm einfach, das M\u00e4dchen so zu sehen. Sein Blick f\u00e4llt auf ihre Fahrkarte. Mit geschickten Fingern faltet er ein kleines Papierflugzeug daraus. \u201eDu hast was vergessen!\u201c, ruft er dem M\u00e4dchen zu und l\u00e4sst das Flugzeug fliegen. Das M\u00e4dchen schaut kurz auf, sieht das Flugzeug auf sich zukommen und f\u00e4ngt es aus der Luft. Ein kurzes L\u00e4cheln huscht \u00fcber ihr Gesicht. Der Schaffner meint erkennen zu k\u00f6nnen, dass f\u00fcr den Moment des L\u00e4chelns die Farbe des M\u00e4dchens zur\u00fcckkehrt. Er dreht sich auf dem Absatz um und st\u00fcrmt zur\u00fcck zum F\u00fchrerh\u00e4uschen. Eine Idee formt sich in seinem Kopf. \u201eDich bekomme ich noch zum Lachen!\u201c, denkt er sich schmunzelnd. Er muss nur noch den Zugf\u00fchrer von seinem Plan \u00fcberzeugen\u2026",
            "wordcount": "747",
            "chapter_release": "26.05.2016",
            "chapter_number": "2"
        },
        "3": {
            "text": "\u201eNein! Auf gar keinen Fall!\u201c, brummt der Zugf\u00fchrer. \u201eKomm gar nicht erst auf den Gedanken mich da mit reinzuziehen!\u201c \u201eAber\u2026\u201c, setzt der Schaffner an. \u201eNichts aber! Es gibt Vorschriften, an die wir uns halten m\u00fcssen!\u201c \u201eAber\u2026\u201c, versucht es der Schaffner erneut. \u201eWas habe ich denn gerade eben gesagt?!\u201c, sagt der Zugf\u00fchrer aufbrausend. \u201eGibt es denn wirklich keine M\u00f6glichkeit?\u201c, versucht es der Schaffner ein letztes Mal. Der Zugf\u00fchrer schaut ihn schief an. \u201eDu hast ihr in die Augen geschaut, richtig?\u201c \u201eIch\u2026 \u00e4hm, sie hat\u2026\u201c Er seufzt. \u201eJa, habe ich. Aber nicht absichtlich! Ich habe doch nur ihre Karte entwertet und dann\u2026\u201c Kraftlos lehnt er sich gegen die Wand. Eine gro\u00dfe Hand legt sich auf seine Schulter. \u201eIch verstehe dich. Diesen Fehler habe ich leider auch begangen. Diese Erinnerung schleppe ich jetzt schon Jahre lang mit mir herum und jedes Mal muss ich an dieser Station vorbei. Allerdings\u2026\u201c Der Zugf\u00fchrer legt die Stirn in Falten. \u201eJa?\u201c, fragt der Schaffner hoffnungsvoll. \u201eDein Plan k\u00f6nnte funktionieren. Im letzten Waggon ist glaube ich die beste M\u00f6glichkeit dazu. Tu, was du nicht lassen kannst. Um den Rest k\u00fcmmere ich mich. Aber\u2026\u201c Er hebt seinen Finger warnend. \u201eDas geht aber alles auf deine Verantwortung!\u201c \u201eGeht klar!\u201c, antwortet der Schaffner grinsend. Schnell st\u00fcrmt er zur\u00fcck zu dem M\u00e4dchen. \u201eDas muss einfach funktionieren!\u201cVor der T\u00fcr zu ihrem Abteil bleibt er kurz stehen, streicht seine Uniform glatt und r\u00fcckt seine M\u00fctze zurecht. Dann marschiert er zu ihr. Stumm hat das M\u00e4dchen seinen Blick auf den Boden gerichtet. Als es die kommenden Schritte h\u00f6rt, hebt es den Kopf. F\u00fcr einen kurzen Augenblick treffen sich ihre Blicke. Schnell blickt das M\u00e4dchen weg. Vorsichtig beugt sich der Schaffner zu dem M\u00e4dchen hinunter. \u201eKomm mit. Ich m\u00f6chte dir etwas zeigen!\u201c, fl\u00fcstert er ihr ins Ohr. Die Miene des M\u00e4dchens hellt sich f\u00fcr einen kurzen Moment ein bisschen auf. Dann steht es auf und folgt dem Schaffner. Vor der T\u00fcr zum n\u00e4chsten Waggon bleiben die Beiden kurz stehen. Der Schaffner schlie\u00dft kurz die Augen und stellt sich vor, hinter der T\u00fcr w\u00e4re der letzte Waggon. Dann \u00f6ffnet er die T\u00fcr. Schnell betreten beide den Waggon und der Schaffner schlie\u00dft die T\u00fcr hinter ihnen. Er durchquert ihn und \u00f6ffnet eine Schiebet\u00fcr der Seitenwand, kurz vor der Trennwand zur Umkleide. \u201eKomm her\u201c, fordert er das M\u00e4dchen auf. Vorsichtig n\u00e4hert sie sich der T\u00fcr. Die T\u00fcr f\u00fchrt nach drau\u00dfen. Rechts neben ihr ist eine Leiter angebracht, die auf das Dach des Waggons f\u00fchrt. Diese ist allerdings au\u00dfen angebracht, sodass man von der T\u00fcr aus klettern muss. Entgeistert starrt das M\u00e4dchen nach drau\u00dfen auf die vorbeifliegende Landschaft. \u201eIch kann das nicht!\u201c, sagt es \u00e4ngstlich und dr\u00fcckt ihren Teddyb\u00e4r fester. \u201eIch will zur\u00fcck!\u201c Der Schaffner \u00fcberlegt kurz. \u201eKomm, wir machen das zusammen.\u201c Er beugt sich zur ihr hinunter, nimmt seine M\u00fctze ab und setzt sie dem M\u00e4dchen auf. \u201eJetzt kann dir nichts passieren! Komm auf meine Schultern. Ich trag dich r\u00fcber\u201c Unschl\u00fcssig steht das M\u00e4dchen da. \u201eGlaub mir, auf dem Dach werden wir etwas ganz Tolles sehen!\u201c Das M\u00e4dchen \u00fcberlegt angestrengt und schaut immer wieder zwischen T\u00fcr und Schaffner hin und her. \u201eNa gut\u201c, meint es schlie\u00dflich und steigt auf seine Schultern. Vorsichtig steht der Schaffner auf und l\u00e4uft Richtung T\u00fcr. Er beugt sich unter dem T\u00fcrrahmen hindurch, greift die Leiter mit einem Arm und springt r\u00fcber. Sicher packt er mit dem anderen Arm die Leiter und klettert nach oben. Auf dem Dach kniet er sich hin und l\u00e4sst das M\u00e4dchen absteigen. \u201eWo ist jetzt das Tolle?\u201c, fragt das M\u00e4dchen ungeduldig. \u201eDas kommt gleich\u201c, meint der Schaffner grinsend. Klackend stellt sich die Weiche und f\u00fchrt den Zug auf eine neue Strecke. In einem gro\u00dfen Bogen f\u00fchrt diese an dem See vorbei zur\u00fcck zu dem Gebirge. Der Zug beschleunigt und f\u00e4hrt auf eine Schlucht zu, die in das Gebirge f\u00fchrt. Die Schlucht beschreibt eine leichte Kurve, bevor sie aufh\u00f6rt. Als sie aus ihr heraus fahren, ist der Himmel erf\u00fcllt von dem pr\u00e4chtigen Farbenspiel der Lichter. Ungl\u00e4ubig starrt das M\u00e4dchen auf diese Farbenpracht. Dann f\u00e4ngt es an zu l\u00e4cheln. Und wie der Schaffner vermutet hatte: Der Grauton ihrer Haut verschwindet und wird wieder \u201enormal\u201c. Auch der Teddyb\u00e4r wirkt nicht mehr so abgerissen und alt und die Farbe ihres Nachthemds wandelt sich langsam zu einem hellen Blauton. Strahlend schaut das M\u00e4dchen den Schaffner an. Keinerlei Traurigkeit ist mehr in ihrem Gesicht zusehen. Der Schaffner l\u00e4chelt ebenfalls. \u201eIch wusste doch, dass dir das gefallen wird.\u201c, denkt sich der Schaffner gl\u00fccklich. Pl\u00f6tzlich wird der Zug noch schneller, dann schie\u00dft er einen steilen Abhang hinunter, rast um eine Kurve und schleppt sich eine Steigung hinauf. Die beiden konnten sich gerade noch fest halten. \u201eDas war klasse!\u201c, jauchzt das M\u00e4dchen. \u201eIch glaube da kommt noch etwas\u201c, sagt der Schaffner schmunzelnd. Der Zug \u00fcberquert gerade den letzten Berg des Gebirges. An der obersten Stelle des Berges beschreiben die Schienen keine Kurve nach unten. \u00c4hnlich einer Achterbahn rast der Zug den Berghang hinab. Das M\u00e4dchen kommt aus dem Lachen gar nicht mehr heraus. Schlie\u00dflich endet die wilde Fahrt am Fu\u00dfe des Berges und der Zug wird wieder langsamer. Eine Weiche leitet ihn wieder auf sein normales Gleis. Vorsichtig klettern die beiden von dem Dach und gelangen sicher wieder in den letzten Waggon. Dort angekommen schlie\u00dft der Schaffner die T\u00fcr wieder. St\u00fcrmisch umarmt das M\u00e4dchen ihn. \u201eDanke!\u201c, haucht es ihm ins Ohr. Dann steckt sie ihm die Rose in die Brusttasche seiner Uniform, die mittlerweile rot bl\u00fcht. Das M\u00e4dchen hat sich komplett ver\u00e4ndert. Ein gro\u00dfes L\u00e4cheln ziert sein Gesicht, das Nachthemd ist zu einem sch\u00f6nen Himmelblau geworden, ihre Wangen sind immer noch vor Freude leicht ger\u00f6tet. \u201eDiese m\u00fcssen sie noch mal entwerten\u201c, sagt das M\u00e4dchen und reicht ihm ihre Fahrkarte. Verbl\u00fcfft starrt er die Karte an. Auf ihr steht: \u201eAbfahrt: Station: \u201eGescheiterte Zukunft\u201c Ziel: Station \u201eNeuanfang\u201c \u201eAber nat\u00fcrlich\u201c, sagt er leicht verwirrt, z\u00fcckt den Fahrkartenknipser und entwertet die Karte. Das M\u00e4dchen schenkt ihm noch ein L\u00e4cheln, nimmt die Fahrkarte entgegen und verschwindet durch die T\u00fcr. L\u00e4chelnd starrt der Schaffner ihm nach. \u201eIch hab\u2019s doch gewusst!\u201cDer Zugf\u00fchrer erwartet ihn mit einem Grinsen. \u201eUnd? Hat\u2019s geklappt?\u201c \u201eJa, hat es. Hast du die Strecke eigentlich absichtlich gew\u00e4hlt, um mir einen Schreck einzujagen? Wir w\u00e4ren beinahe vom Zug gefallen!\u201c, sagt der Schaffner lachend. \u201eIch wei\u00df nicht, was du meinst\u201c, sagt der Zugf\u00fchrer unschuldig. \u201eEs freut mich zu h\u00f6ren, dass es geklappt hat! Was ist eigentlich passiert?\u201c \u201eIhre Farbe ist zur\u00fcck und ihr Ziel hat sich ge\u00e4ndert. Sie steigt jetzt an der Station \u201eNeuanfang\u201c aus\u201c, antwortet der Schaffner. \u201eSie tut was?!\u201c, fragt der Zugf\u00fchrer entsetzt. Ein Gong erklingt. \u201eSonderhalt: \u201eHauptstelle\u201c, meldet sich ein weibliche Stimme. Der Zugf\u00fchrer legt dem Schaffner eine Hand auf die Schulter. \u201eDu hast m\u00e4chtige Probleme an der Backe, mein Freund. Du hast gerade das Schicksal eines Passagiers ver\u00e4ndert\u2026\u201c",
            "wordcount": "1.123",
            "chapter_release": "02.06.2016",
            "chapter_number": "3"
        },
        "4": {
            "text": "Bedr\u00fcckende Stille herrscht im Zug, als er in den Kopfbahnhof der Hauptstelle einf\u00e4hrt. Mit einem Zischen h\u00e4lt er und l\u00e4sst eine Wolke wei\u00dfen Dampfes entweichen. Der Schaffner dreht sich um und verl\u00e4sst das F\u00fchrerh\u00e4uschen. Der Zugf\u00fchrer schaut ihm mitf\u00fchlend nach. Als der Schaffner aussteigen will, kommt das M\u00e4dchen auf ihn zu. \u201eWohin gehst du?\u201c, fragt es. \u201eIch werde ein Gespr\u00e4ch f\u00fchren m\u00fcssen\u201c, antwortet der Schaffner seufzend. \u201eDas ist doch nicht\u2026 ist das wegen mir?\u201c, fragt das M\u00e4dchen, w\u00e4hrend ein leichter Anflug von erneuter Traurigkeit \u00fcber sein Gesicht huscht. \u201eNein, \u00fcberhaupt nicht!\u201c, l\u00fcgt der Schaffner. \u201eEs ist wegen der Arbeit\u2026\u201c Bevor das M\u00e4dchen etwas sagen kann, ist der Schaffner schon \u0001 \u0002 dem Bahnsteig erwarten ihn schon seine Abl\u00f6sung und zwei breitschultrige Beamte der Zeitzuggesellschaft. Die Abl\u00f6sung geht einfach an ihm vorbei und schaut ihn nur mitleidig an, betritt den Zug und dieser f\u00e4hrt los. Traurig schaut der Schaffner ihm hinterher. Dann wendet er sich den Beamten zu. Diese nehmen ihn in ihre Mitte und f\u00fchren ihn in das Hauptgeb\u00e4ude. Eine gef\u00fchlte Ewigkeit wandern sie durch die langen G\u00e4nge des riesigen Geb\u00e4udes. Schlie\u00dflich erreichen sie eine kleine, unscheinbare T\u00fcr. Vor dieser bleiben die beiden Beamten stehen. Einer \u00f6ffnet die T\u00fcr und bedeutet ihm einzutreten. Etwas unsicher kommt der Schaffner der Aufforderung nach. Der Raum ist nur sp\u00e4rlich m\u00f6bliert. Lediglich ein schlichter Tisch mit zwei St\u00fchlen steht dort. Ein gro\u00dfer Spiegel ziert die eine Wand. Der Schaffner f\u00fchlt sich wie bei einem Verh\u00f6r. Leise \u00f6ffnet sich die T\u00fcr auf der gegen\u00fcberliegenden Seite. Ein Mann in grauem Anzug, mit grauem Hut und mit nicht minder grauer Haut tritt durch die T\u00fcr. In der einen Hand tr\u00e4gt er einen gro\u00dfen, ebenfalls grauen Aktenkoffer. Mit einem lauten Knall platziert er diesen auf dem Tisch. Der Schaffner zuckt zusammen. Der Mann schaut ihn kurz schr\u00e4g an, dann setzt er sich. Er dreht den Aktenkoffer und \u00f6ffnet ihn. In der Innenseite des Koffers h\u00e4ngen vier Bilder. Auf dem einen ist eindeutig der Bahnhof \u201eGescheiterte Zukunft\u201c , auf dem Bild daneben eindeutig das M\u00e4dchen in \u201ealter\u201c Form zu erkennen. Daneben ist ein Foto eines fast komplett durchsichtigen Bahnhofs, vermutlich des Bahnhofs des Vergessens. Auf dem letzten Bild sieht man einen riesigen Krater in einer Wiese. Er scheint tief zu sein, es ist kein Ende zu sehen. Der Mann schaut den Schaffner durchdringend an. \u201eSie wissen sicher, weswegen sie hier sind. Bevor ich sie fristlos entlasse, m\u00f6chte ihn ihnen kurz erkl\u00e4ren, was sie gerade mit dieser Aktion angestellt haben. Sehen sie diesen Krater?\u201c Er tippt auf das letzte Bild. \u201eDer w\u00e4re nicht da, wenn sie\u2026\u201c Er tippt auf das M\u00e4dchen. \u201e\u2026 an ihrem \u201erichtigen\u201c Bahnhof angekommen w\u00e4re!\u201c Seine Stimme wird noch eine Spur durchdingender. \u201eH\u00f6ren Sie! Sie d\u00fcrfen nie, nie, niemals das Schicksal eines Passagiers in irgendeiner Weise st\u00f6ren oder gar ver\u00e4ndern! Das hat n\u00e4mlich zur Folge, dass solche Krater entstehen. Das Land der Zeit wird st\u00fcckweise verschwinden und zwar jedes Mal. Es gibt schon Hunderte davon. Wir haben Richtlinien und die sind nicht zum Spa\u00df da! Sie m\u00fcssen eingehalten werden. Wir haben ihnen doch vor ihrem Arbeitsantritt ein Exemplar der Richtlinien geschickt. Haben sie diese nicht gelesen?\u201c Der Schaffner erinnert sich vage, dass dies wohl das dicke Buch war, was bei ihm in der Ecke vor sich hinstaubte. Er hatte es nicht angefasst. \u201eDas habe ich mir gedacht!\u201c, sagt der graue Mann. \u201eDie Aktion war gut gemeint, aber es h\u00e4tte auch etwas Wichtigeres treffen k\u00f6nnen als diese Wiese. Die Hauptstelle zum Beispiel oder einen Teil des Schienennetzes. Haben sie das so gewollt?\u201c \u201eNein, nat\u00fcrlich nicht!\u201c, antwortet der Schaffner entsetzt. \u201eJetzt ist es zu sp\u00e4t daf\u00fcr es zu bereuen. Ich gebe Ihnen einen Rat: Bereiten sie sich auf ihre neue Arbeitsstelle besser vor!\u201c Der Mann holt ein Entlassungsformular aus dem Aktenkoffer und h\u00e4lt ihm einen Stift hin. Resigniert nimmt der Schaffner den Stift. \u201eBitte unterschreiben Sie hier\u201c, der Mann tippt auf eine Linie am Ende der Seite. Vor der T\u00fcr h\u00f6rt man zwei kurz aufeinanderfolgende Schl\u00e4ge, gefolgt von einem St\u00f6hnen. Die T\u00fcr schwingt auf. Eine Gestalt, die komplett in Schwarz gekleidet ist, springt herein. Ihr Gesicht wird von einer schwarzen Maske verdeckt, die nur ihre gr\u00fcnen Augen freil\u00e4sst. \u201eEin Schwarzfahrer!\u201c, ruft der Mann entsetzt. Der Schwarzfahrer springt hoch und knallt dem Mann eine heftige Ohrfeige, sodass dieser zur\u00fccktaumelt. Ohne ein Wort zusagen, packt er die Hand des Schaffners und zerrt ihn aus dem Raum. Schnell zieht er ihn durch die langen, trostlosen G\u00e4nge der Hauptstelle. \u201eHaltet sie!\u201c, br\u00fcllt der graue Mann durch die G\u00e4nge ihnen hinterher. Schnell verlassen sie die Hauptstelle durch einen Notausgang. Zum ersten Mal spricht der Schwarzfahrer. Seine Stimme h\u00f6rt sich sehr komisch dunkel und verzerrt an. \u201eH\u00f6r blo\u00df nicht darauf, was auch immer sie dir eingeredet haben. Du hast was Gutes getan, ich erkl\u00e4r dir sp\u00e4ter was genau. Erstmal m\u00fcssen wir hier weg!\u201c Er schaut auf seine Armbanduhr. \u201eSchneller, sonst verpassen wir ihn!\u201c \u201eWen verpassen wir?\u201c, fragt der Schaffner verdattert, doch er erh\u00e4lt keine Antwort. Er hat M\u00fche dem Schwarzfahrer zu folgen, als dieser sein Tempo erh\u00f6ht. Sie laufen eine Anh\u00f6he hinauf, die anscheinend auf der anderen Seite steil abf\u00e4llt. \u201eAm Ende m\u00fcssen wir springen!\u201c, ruft der Schwarzfahrer ihm zu. \u201eSpringen?!\u201c, fragt der Schaffner entsetzt. \u201eJa, vertrau mir!\u201c Der Schwarzfahrer packt seine Hand fester. Der Schaffner schlie\u00dft die Augen. \u201eDas kann nicht gut gehen!\u201c \u201eSpring!\u201c, br\u00fcllt der Schwarzfahrer und der Schaffner springt. Er f\u00fchlt, dass er in der Luft ist, rei\u00dft die Augen auf und findet sich \u00fcber einem tiefen Abgrund wieder. Er will aufschreien, doch da schie\u00dft schon der Zeitzug unter ihnen hindurch, auf dem er und der Schwarzfahrer sicher landen. \u201eP\u00fcnktlich wie immer!\u201c, meint der Schwarzfahrer. Er geht zum Ende des Waggons und f\u00e4ngt an, an der Leiter hinabzuklettern. \u201eWenn du dich nicht beeilst, mach der Tunnel Matsch aus dir\u201c, meint der Schwarzfahrer mit einem Augenzwinkern. Der Schaffner dreht sich um und tats\u00e4chlich rast der Zug geradewegs auf das gro\u00dfe Loch eines Tunnel zu. Schnell rappelt sich der Schaffner auf und rennt zum Ende des Waggons. In Panik springt er hinunter. Er landet etwas unsanft auf dem Hintern. Als er sich aufrappelt, schaut er direkt in das grinsende Gesicht des Zugf\u00fchrers. \u201eWillkommen zur\u00fcck an Bord, mein Freund!\u201c",
            "wordcount": "1.023",
            "chapter_release": "16.06.2016",
            "chapter_number": "4"
        },
        "5": {
            "text": "W\u00fctend und mit schnellen Schritten eilt der graue Mann durch die G\u00e4nge der Hauptstelle. Er betritt einen hohen langen Raum, an dessen Ende ein gigantischer Bildschirm angebracht ist. Ohne sein Tempo zu vermindern, marschiert der Mann auf diesen Bildschirm zu. Vor ihm beugt er sein Knie und senkt den Kopf. Der Bildschirm f\u00e4ngt an zu flackern und wird tief schwarz. Lediglich zwei bedrohliche, rot gl\u00fchende Augen durchstehen das Schwarz und funkeln den Mann bitterb\u00f6se an. Ein dunkle, tiefe Stimme erhebt sich aus den versteckten Lautsprechern. \u201eSie haben ein weiteres Mal versagt, Vorsitzender! Sie haben nun schon den zweiten Schaffner entkommen lassen, der seine F\u00e4higkeit mindestens einmal benutzt hat! Wollen sie mir wieder erz\u00e4hlen, es war eine Armee an Schwarzfahrern, die ihn befreit hat? Einen weiteren teuren Attent\u00e4ter wird die Spitze nicht genehmigen! Was haben Sie zu ihrer Verteidigung hervor zu bringen?\u201c \u201eIch\u2026\u201c, setzt der Mann an. \u201eIch versuche es ihnen zu erkl\u00e4ren!\u201c Er senkt seinen Kopf noch ein St\u00fcckchen tiefer. \u201eDiesmal war es nur ein Schwarzfahrer, aber es war DER Schwarzfahrer! Ihr Anf\u00fchrer ist pers\u00f6nlich gekommen, um ihn zu holen. Wir waren machtlos!\u201c \u201eSie wollen mir gerade erz\u00e4hlen, dass es ihnen nicht m\u00f6glich war, zwei fl\u00fcchtige Personen, in einem der bestgesichertsten Geb\u00e4ude im Land der Zeit, festzuhalten?\u201c \u201eJa! Wir konnten nichts tun!\u201c, antwortet der Mann kleinlaut. \u201eH\u00f6ren Sie! Die Spitze hat Sie bisher verschont, weil ich Sie gesch\u00fctzt habe! Wenn Sie sich nun als unf\u00e4hig erweisen, werde ich dies nicht mehr tun! Wo ist der Zug jetzt?\u201c \u201eEr sollte auf dem Weg zur Endstation \u201eVergessen\u201c sein\u201c, sagt der Mann selbstsicher. \u201eDas hoffe ich f\u00fcr Sie! Fangen Sie ihn ab. Wenn er dort nicht sein sollte, lassen Sie die Drohnen los! Sie m\u00fcssen ihn um jeden Preis finden und stoppen! Wie sieht es mit unserem Kontaktmann im Zug aus?\u201c \u201eEr hatte anscheinend bisher keine M\u00f6glichkeit uns zu kontaktieren. Er hat allerdings schon neue Befehle bekommen. Er wird den Zug im \u00e4u\u00dfersten Notfall stoppen. Wenn n\u00f6tig mit Gewalt!\u201c \u201eGut zu wissen. Was auch immer Sie tun, der Schaffner darf auf gar keinen Fall die Schlucht der vergangen Vergangenheit passieren! Sorgen sie daf\u00fcr! Falls es nicht anders geht, kappen Sie die Strecke und zerst\u00f6ren Sie diesen Zug! Dieses Opfer kann in Kauf genommen werden. Wir d\u00fcrfen auf gar keinen Fall zulassen, dass sich der Plan der Spitze noch weiter verz\u00f6gert. Das w\u00fcrde sehr\u2026 h\u00e4sslich ausgehen - f\u00fcr Sie und f\u00fcr mich! Entt\u00e4uschen Sie mich nicht, Vorsitzender!\u201c Der Bildschirm flackert und f\u00e4rbt sich wieder grau. Die Unterhaltung ist beendet. Mit einem dicken Klo\u00df im Hals verl\u00e4sst der Mann den Raum. Ihm ist bewusst, dass sein Leben an einem seiden Faden h\u00e4ngt. \u201eIch muss diesen Zug vernichten! Koste es was es wolle!\u201c",
            "wordcount": "447",
            "chapter_release": "23.06.2016",
            "chapter_number": "5"
        },
        "6": {
            "text": "Schnaufend rast der Zeitzug durch das Land der Zeit. Sein Ziel, die Endstation \u201eVergessen\u201c, kommt immer n\u00e4her! Der Schwarzfahrer, der Zugf\u00fchrer und der Schaffner stehen in der Lok und diskutieren, wie es jetzt weiter geht. \u201eDie ZZG wird uns an diesem Bahnhof auf jeden Fall auflauern!\u201c, meint der Zugf\u00fchrer ernst. \u201eWir k\u00f6nnten einfach durchrasen. Wir haben eh keine Passagiere, die dort aussteigen m\u00fcssen\u201c, \u00fcberlegt der Schaffner laut. \u201eDas ist keine gute Idee!\u201c, meint der Schwarzfahrer. \u201eDu musst so schnell wie m\u00f6glich durch die Schlucht der vergangenen Vergangenheit. Dort bist du in Sicherheit!\u201c \u201eDas liegt aber nicht auf dieser Strecke\u2026\u201c, wirft der Zugf\u00fchrer ein. \u201eDazu m\u00fcssten wir das unendliche Nichts \u00fcberqueren. Es gibt keine Zugverbindungen zu den Bergen des Endes, nicht mehr\u2026\u201c \u201eNat\u00fcrlich gibt es die! In ein paar Minuten erreichen wir die Weiche zu Strecke 2335B. Die nehmen wir, dort kommen wir dann auch \u00fcber das unendliche Nichts\u201c, sagt der Schwarzfahrer leicht genervt. \u201eNein, die Strecke ist mit der Verkleinerung des Schienennetzes vor zwei Epochen stillgelegt und gekappt worden!\u201c, sagt der Zugf\u00fchrer aufgebracht. \u201eOffiziell ja, aber jemand muss es verpennt haben. Die Strecke ist intakt und kann befahren werden! Wir haben es getestet\u2026\u201c, erkl\u00e4rt der Schwarzfahrer. \u201eUnd wie willst du bitte die Weiche stellen? Das kann nur die Zentrale und die k\u00f6nnen wir ja schlecht fragen\u2026.\u201c, meint der Zugf\u00fchrer skeptisch. \u201eLasst das mal meine Sorge sein!\u201c, sagt der Schwarzfahrer l\u00e4ssig. \u201eFahr lieber schneller! Sonst holt uns noch die ZZG ein!\u201c, \u201eIch lasse mir von dir nicht vorschreiben, wie ich zu fahren habe!\u201c, knurrt der Zugf\u00fchrer, beschleunigt aber dennoch. In einiger Entfernung sieht man, wie sich die Weiche auf das angeblich stillgelegte Gleis stellt. Gleichzeitig blinkt eine kleine, rote Lampe in der Schaltzentrale der Zeitzuggesellschaft auf\u2026Ungeduldig wandert der Vorsitzende in der Schaltzentrale auf und ab. \u201eIst der Zug schon angekommen?\u201c, knurrt er einen seiner Untergebenen an. \u201eNein, bisher noch nicht. Er m\u00fcsste aber jeden Moment ankommen! Die Kommandos stehen an der Endstation bereit, die Blockaden sind ebenfalls fertig.\u201c, meldet dieser. Weitere zehn Minuten verstreichen ereignislos. \u201eIst der Zug immer noch nicht da?\u201c, fragt der Vorsitzende unfreundlich. \u201eNein, Sir\u201c, meldet einer seiner Untergebenen. \u201eSchicken Sie ihm einen Panzerzug entgegen, vielleicht ist er ja stehen geblieben.\u201c, murmelt der Vorsitzende. \u201eJawohl, Sir\u201c Einer ruft aus einer Ecke des Raumes: \u201eSir, eine Weiche wurde unerlaubt gestellt?\u201c \u201eWas? Wo?\u201c, ruft der Vorsitzende entsetzt. \u201eEin Zug wurde von der Hauptstrecke auf Gleis 2335B umgeleitet.\u201c, meldet der Mitarbeiter. \u201eDas ist unm\u00f6glich! Diese Strecke ist stillgelegt und gekappt worden! Pr\u00fcfen sie das!\u201c, ruft der Vorsitzende aufgebracht. \u201eSofort, Sir!\u201c Kurze Zeit sp\u00e4ter meldet er: \u201eDie Strecke wurde gekappt, ob erfolgreich oder nicht, ist nicht vermerkt.\u201c \u201eDann sitzen sie in der Falle! Schicken Sie die Drohnen los, sie sollen das Gleis abfliegen. Ich muss wissen, wo dieser verdammte Zug ist!\u201c, befiehlt der Vorsitzende. \u201eSofort, Sir!\u201c, best\u00e4tigt der Mitarbeiter. \u201eDrohen gestartet!\u201c Der Vorsitzende starrt grimmig auf das gro\u00dfe Schienennetz, was als Karte an der Wand h\u00e4ngt. \u201eIhr k\u00f6nnt davon fahren, aber verstecken k\u00f6nnt ihr euch nicht! Nicht in meinem eigenen Schienennetz!\u201c",
            "wordcount": "501",
            "chapter_release": "30.06.2016",
            "chapter_number": "6"
        },
        "7": {
            "text": "Gespannt beobachtet der Vorsitzende die Punkte der Drohnen auf der gro\u00dfen Schienennetzkarte. Die H\u00e4lfte haben sie bereits hinter sich gelassen und haben bisher nichts gefunden. Doch da passiert es: Ein gr\u00fcner Punkt blinkt kurz vor den Drohnen auf, sie haben den Zug gefunden! \u201eSir, die Drohnen haben den Zug ausfindig gemacht. Er passiert gerade das unendliche Nichts und h\u00e4lt auf die Berge des Endes zu! Die Drohnen erwarten neue Anweisungen.\u201c, meldet ein Mitarbeiter. \u201eSie sollen auf Abstand bleiben und ihn nicht verlieren. Die Strecke wurde gekappt, das hei\u00dft, sie kommen nicht weit! Schicken Sie den Panzerzug hinterher!\u201c, befiehlt der Vorsitzende. \u201eMoment, Sir!\u201c, meldet sich ein anderer Mitarbeiter. Er schleppt ein dickes Buch auf den Schreibtisch des Vorsitzenden und schl\u00e4gt es auf. Eine gro\u00dfe Staubwolke steigt auf. Hustend versucht der Vorsitzende, den Staub zu vertreiben. \u201eWas ist?\u201c, knurrt er m\u00fcrrisch. \u201eHier, Sir!\u201c, sagt der Mitarbeiter und zeigt auf eine Stelle auf der vergilbten Seite. \u201eHier steht, dass die Strecke gekappt werden sollte, aber die Spitze die Sprengung verboten hat. Strecke 2335B ist noch vollkommen intakt!\u201c, \u201eVerdammt!\u201c, flucht der Vorsitzende und schl\u00e4gt mit der Faust auf den Tisch, worauf eine weitere Staubwolke aufsteigt. Hustend wendet er sich an den n\u00e4chsten Mitarbeiter: \u201eDie Drohnen sollen den Zug angreifen! Wir m\u00fcssen Zeit gewinnen!\u201c Er wendet sich an den vorherigen Mitarbeiter: \u201eSind die Sprengladungen noch scharf?!\u201c, fragt er bissig. \u201eNein, Sir, aber wir k\u00f6nnen sie wieder scharf machen!\u201c, kommt schnell die Antwort. \u201eDann machen Sie das!\u201c, sagt der Vorsitzende bissig. \u201eWir sprengen die Strecke samt Zug, zwei Probleme weniger.\u201c Ein L\u00e4cheln huscht \u00fcber sein Gesicht. \u201eFahrt ihr nur! Es wird eure letzte Fahrt sein!\u201cRatternd fliegen die R\u00e4der \u00fcber die Schienen. Die H\u00e4lfte der Strecke zu den Bergen des Endes hat der Zeitzug hinter sich gebracht. \u201eIn wenigen Minuten werden wir das unendliche Nichts erreichen.\u201c, meldet der Zugf\u00fchrer, mit leichter Besorgnis in seiner Stimme. \u201eWas ist das \u00fcberhaupt, das unendliche Nichts?\u201c, fragt der Schaffner. \u201eEs h\u00f6rt sich recht bedrohlich an\u2026\u201c \u201eNiemand wei\u00df, was das unendliche Nichts ist, oder wohin es f\u00fchrt. Es ist ein gewaltiger Abgrund, der das Land der Vergangenheit von den Bergen des Endes abgrenzt. Es scheint kein Ende zu haben und alle die reinfielen, kamen nie wieder zur\u00fcck\u201c, sagt der Schwarzfahrer mit finsterem Blick. \u201eAha\u201c, meint der Schaffner blo\u00df. \u201eWir sollten so schnell wie m\u00f6glich \u00fcber diese Strecke!\u201c, sagt der Schwarzfahrer besorgt. \u201eDie zur Sprengung angebrachten Ladungen sind zwar deaktiviert worden, aber ich bin mir sicher die ZZG wird einen Weg finden sie wieder zu reaktivieren\u2026\u201c \u201eBitte was?!\u201c, fragt der Zugf\u00fchrer entsetzt. \u201eWir fahren \u00fcber eine Strecke, die mit Sprengladungen vollgepackt wurde und jeder Zeit gesprengt werden kann?!\u201c Er will schon am Geschwindigkeitshebel ziehen und bremsen, doch der Schwarzfahrer h\u00e4lt ihn eisern am Arm fest. \u201eWenn du das tust, dann wird die ZZG uns auf jeden Fall schnappen! Sie wissen nicht, wo wir sind, au\u00dferdem denken sie, die Strecke wurde schon l\u00e4ngst gekappt.\u201c, zischt der Schwarzfahrer ihm ins Ohr. \u201eDas beruhigt mich aber nicht wirklich!\u201c, knurrt der Zugf\u00fchrer, l\u00e4sst aber seinen Arm sinken. Auf einmal ist der Luft von einem Summen und Brummen erf\u00fcllt. Blitzschnell lehnt sich der Schwarzfahrer aus dem Fenster. Seine Augen weiten sich vor Schreck! \u201eWir m\u00fcssen hier weg, schnell!\u201c, kreischt er. \u201eWas? Warum?\u201c, fragt der Schaffner verwirrt. \u201eDie ZZG hat uns gefunden, sie hat uns ihre Drohnen geschickt!\u201c, kreischt der Schwarzfahrer. \u201eWir m\u00fcssen schneller fahren!\u201c Der Zugf\u00fchrer springt nach vorne und schiebt den Geschwindigkeitshebel bis zum Anschlag nach vorne. Ein pfeifender Warnton erschrillt und der Zug macht einen Satz nach vorne und beschleunigt. Der Schwarzfahrer \u00f6ffnet die T\u00fcr und zieht einen Gegenstand aus seiner Jackentasche, der einer Pistole sehr \u00e4hnlich sieht. \u201eIch werde versuchen sie aufzuhalten!\u201c, meint er grimmig. \u201eIch komme mit!\u201c, ruft der Schaffner und folgt dem Schwarzfahrer aufs Dach. Schnell sprinten sie \u00fcber die D\u00e4cher des Waggons zum visuellen Ende des Zuges. Die riesigen Drohnen der ZZG haben den Zug fast erreicht. Die Drohnen haben eine gewisse \u00c4hnlichkeit mit m\u00e4nnlichen Bienen, nur das jede von ihnen fast so gro\u00df ist wie ein Waggon des Zuges! Im Sturzflug rasen sie auf den Zug zu. Schnell werfen sich die beiden auf den Boden, nur knapp entgehen sie den greifenden F\u00fc\u00dfen der ersten Drohne. Der Schwarzfahrer feuert auf die n\u00e4chstgelegene Drohne. Ein schwarzer Strahl l\u00f6st sich aus der Pistole und trifft eine der Drohnen am Fl\u00fcgel. Ein schwarzer Kreis entsteht dabei, der sich immer weiter ausbreitet und die Drohne aufzufressen scheint. Mit gr\u00e4sslichen Lauten st\u00fcrzt diese in das unendliche Nichts und verschwindet dort innerhalb von Sekunden. Der Schwarzfahrer zielt wieder, schie\u00dft und trifft eine weitere Drohne, danach noch eine. Die Drohnen gehen auf Abstand und \u00e4ndern ihre Taktik. Sie schie\u00dfen nach unten, um unter den Zug und somit aus dem Schussfeld des Schwarzfahrers zu kommen. Dann steigen sie auf H\u00f6he der Waggons\u2026 und rammen sie! Bedrohlich wackelt der Zug und Schwarzfahrer und Schaffner haben M\u00fche, sich auf den Beinen zu halten. Am Horizont werden langsam die Berge des Endes sichtbar. Der Schwarzfahrer legt sich auf den Boden und robbt zu Kante. Er feuert und eine weitere Drohne st\u00fcrzt in den Abgrund. \u201eSchnell, renn zum Zugf\u00fchrer! Sag ihm, dass er mehrmals mit der Pfeife des Zuges pfeifen soll. Wir brauchen hier dringend Verst\u00e4rkung! Lange kann ich sie nicht aufhalten\u2026\u201c, br\u00fcllt der Schwarzfahrer \u00fcber das Brummen hinweg. Der Schaffner nickt und spurtet \u00fcber die D\u00e4cher der Waggons dahin. Da rammt eine Drohne den Waggon, auf dem er sich gerade befindet. Dieser wackelt bedrohlich, fast w\u00e4re er \u00fcber den Rand gekippt. Der Schaffner verliert den Halt und st\u00fcrzt. Schnell rappelt er sich wieder auf, doch da wird der Waggon erneut gerammt und der Schaffner rutscht vom Dach. Verzweifelt versucht er sich an etwas festzuklammern, doch er greift ins Leere. Wie in Zeitlupe rutscht er \u00fcber die Kante und rast auf das unendliche Nichts zu\u2026",
            "wordcount": "963",
            "chapter_release": "07.07.2016",
            "chapter_number": "7"
        },
        "8": {
            "text": "Immer schneller wird der Fall, bodenlose Schw\u00e4rze umf\u00e4ngt ihn. \u00dcber sich h\u00f6rt er den entsetzten Schrei des M\u00e4dchens: \u201eNein!\u201c Er seufzt resigniert auf, das ist wohl das Ende\u2026 Der Wind pfeift an seinem Ohr, immer lauter je schneller er wird. Je weiter er f\u00e4llt, desto schw\u00e4rzer scheint die Dunkelheit zu werden. Nein, warte! War das eben nicht ein silbernes Leuchten? Nein, das kann nicht sein, hier ist nur Schwarz. Ein schwarzes, unendliches Nichts! Hier kann nichts sein! Seine Augen m\u00fcssen ihm einen Streich spielen! Oder doch nicht? Das Pfeifen wird immer lauter. Ein komisches Gef\u00fchl, zu wissen, dass man f\u00e4llt, aber keinen Bezugspunkt zu haben, an dem man das erkennen kann\u2026 Da wieder! Das war doch ein Leuchten. Schlagartig h\u00f6rt das Pfeifen auf und der Schaffner hat wieder Boden unter den F\u00fc\u00dfen. Verwirrt schaut er sich um, nichts als Schw\u00e4rze. Wie kann er diesen Sturz \u00fcberlebt haben? Er ist doch sicher mehrere Minuten gefallen, wenn nicht sogar mehr! \u201eHallo du!\u201c, meldet sich eine glockenhelle Stimme, die von allen Seiten zu kommen scheint. \u201eWer bist du?\u201c, fragt sie. \u201eWer ist da?\u201c, fragt er etwas unsicher in die Dunkelheit und macht einen etwas unbeholfenen Schritt nach vorne. \u201eErst sagst du mir, wer du bist!\u201c, verlangt die Stimme. \u201eDann zeig dich!\u201c, erwidert er etwas trotzig. Ein silbernes Leuchten huscht an ihm vorbei. Verwirrt f\u00e4hrt er herum. \u201eHier bin ich.\u201c, meldet sich die Stimme hinter ihm. Nun ist sie klar und deutlich zu h\u00f6ren. Er dreht sich um. Vor ihm steht, nein schwebt, eine kleine Gestalt. Eine wirkliche Form scheint sie nicht zu haben, die Konturen verschwimmen und ver\u00e4ndern sich laufend, wie eine schwebende Fl\u00fcssigkeit, sodass er ihnen kaum folgen kann. Ihre gro\u00dfen, blauen Augen scheinen das Einzige zu sein, was sich nicht ver\u00e4ndert. \u201eWer bist du nun?\u201c, fragt die Gestalt nun neugierig und scheint ihn aufmerksam zu mustern. \u201eIch bin der Schaffner des Zeitzuges.\u201c, antwortet er ihr wahrheitsgem\u00e4\u00df. Als die Gestalt ihn etwas komisch anschaut, deutet er zaghaft mit dem Finger nach oben. \u201eOh, ein Oberweltler!\u201c, ruft sie erfreut aus. \u201eDas wird den gro\u00dfen Schwarzmann sehr erfreuen! Oberweltler sterben meistens, wenn sie hier unten ankommen\u2026 Das Wesen schaut ihn an und die Augen scheinen noch ein wenig gr\u00f6\u00dfer zu werden. \u201eKommst du mit mir zum gro\u00dfen Schwarzmann?\u201c, fragt es vorsichtig. Der Schaffner \u00fcberlegt kurz. \u201eJa, ich komme mit. Was anderes bleibt mir wohl kaum \u00fcbrig\u2026\u201c, meint er mit einem Schulterzucken. \u201eWas bist du eigentlich?\u201c \u201eIch bin ein Unterweltler\u201c, meint das Wesen nur, als w\u00e4re das das Normalste auf der Welt. Es dreht sich um und schwebt voraus. \u201eOb das gut geht?\u201c, fragt sich der Schaffner, als er ihm folgt. \u201eAber irgendwie muss ich ja wieder nach oben\u2026\u201c",
            "wordcount": "445",
            "chapter_release": "11.08.2016",
            "chapter_number": "8"
        },
        "9": {
            "text": "Hallo zusammen ^^ Entschuldigt bitte, dass so lange nichts kam >.< Bei mir ging es privat etwas drunter und dr\u00fcber und auch die Schule hat mich echt viel gefordert\u2026 Ich hoffe aber, dass ich wieder regelm\u00e4\u00dfiger hochladen kann und ihr immer noch Interesse an der Geschichte habt! :-)Viel Spa\u00df! ***Der Schaffner und der Unterweltler wandern eine lange Zeit durch die Dunkelheit. Es scheint kein Ende zu nehmen, der Schaffner verliert jegliches Zeitgef\u00fchl. Das Einzige, was er sieht, ist der R\u00fccken des Unterweltlers, der immer im selben Abstand vor ihm schwebt. Ab und an st\u00f6\u00dft er gegen etwas, was auf dem Boden liegt. Klackend springt es davon, was dem Schaffner einen Schauer \u00fcber den R\u00fccken jagt. Das h\u00f6rt sich sehr nach Knochen an! F\u00fcr einen Moment ist er gl\u00fccklich nichts zu sehen\u2026\u201eWir sind gleich da!\u201c, meint die Gestalt \u0001 \u0002 es dort hinten etwa heller? Ja, es wird definitiv heller! Gibt es in dem unendlichen Nichts etwa Licht? F\u00fcr den Schaffner ist diese \u00dcberlegung unvorstellbar, doch er wird eines Besseren belehrt. Die Helligkeit dringt durch einen schmalen Einlass, der in einen gigantischen Fels geschlagen worden ist, zumindest sieht es f\u00fcr den Schaffner so aus. Durch die Dunkelheit kann er kaum was sehen, das Ende des Felsens scheint mit der Dunkelheit zu verschmelzen. \u201eHier entlang!\u201c, sagt der Unterweltler fr\u00f6hlich und schwebt durch den Einlass. Der Schaffner folgt ihm mit einem leicht mulmigen Gef\u00fchl. Die Helligkeit ist so ungewohnt, sie kneift f\u00f6rmlich in seine Augen und er muss diese zusammenkneifen. Sie gehen durch einen schmalen Gang, kaum haben sie diesen hinter sich gelassen, er\u00f6ffnet sich dem Schaffner eine gigantische H\u00f6hle. Mit weit aufgerissenen Augen, welche sich endlich an das ungewohnte Licht gew\u00f6hnt haben, sieht der Schaffner sich staunend um. \u201eWillkommen, Schaffner\u201c, kichert der Unterweltler vor ihm und schwebt zu einer Art Treppe, die nach rechts und links f\u00fchrt und sie von dem kleinen Eingangspodest nach unten bringt. Unter dem Schaffner breitet sich eine gigantische Stadt aus, die sich von einem Ende der H\u00f6hle bis zum anderen zu ziehen scheint. Ja, sogar an die W\u00e4nde scheinen sich kleine H\u00e4user zu schmiegen, bis hoch zur Spitze, wo eine riesige Plattform herunter ragt. Ungl\u00e4ubig starrt der Schaffner auf diese und glaubt seinen Augen nicht zu trauen. \u201eSind das Ranken, die an den Halterungen entlang wachsen?\u201c, fragt er den Unterweltler ungl\u00e4ubig. \u201eJa, Schaffner. Dort oben sind die h\u00e4ngenden G\u00e4rten der namenlosen Stadt.\u201c, erkl\u00e4rt dieser stolz und f\u00fchrt ihn weiter die Treppe nach unten. \u201eDer namenlosen Stadt?\u201c, spricht der Schaffner ihm verwirrt nach. \u201eJa, das alles hier!\u201c, grinst der Unterweltler ihm zu. \u201eDu befindest dich in der namenlosen Stadt des unendlichen Nichts. Es ist auch die einzige Stadt, die es hier gibt, also warum ihr einen Namen geben?\u201c Wieder kichert der Unterweltler leicht und den Schaffner beschleicht immer mehr das Gef\u00fchl, dass er es mit einer Unterweltlerin zu tun hat, verkneift sich aber eine weitere Frage. \u201eUnd nun bringe ich dich zum gro\u00dfen Schwarzmann! Los, komm, komm! Es wird dir gefallen!\u201c, meint der Unterweltler und schwebt schneller weiter. Der Schaffner hat M\u00fche ihm schnell zu folgen. Ihn besch\u00e4ftigt noch immer die Frage, was der gro\u00dfe Schwarzmann sein sollte, aber wirklich \u00fcberraschen konnte ihn heute nichts mehr, oder doch?Lange wandern sie durch die verwinkelten Gassen der namenlosen Stadt. Allerdings begegnet ihnen kein einziger Mensch oder ein anderes Wesen, das diese Stadt besiedeln k\u00f6nnte. Dem Schaffner wird immer mulmiger zumute und er schaut sich immer wieder fast schon panisch um. Warum ist hier niemand? Diese Stadt ist so riesig, hier muss doch irgendwer (oder irgendwas, er weigert sich immer noch den Unterwelter als normale Person anzusehen) sein! Die Stadt ist gr\u00f6\u00dfer als es von oben den Anschein gehabt hatte. Zwar wirkte sie schon von dort oben so gigantisch, aber hier unten ist das noch schlimmer! Sie scheinen schon seit Stunden unterwegs zu sein. Dem Schaffer wachsen schon Blasen auf den Blasen! Zumindest f\u00fchlt es sich so an\u2026 Sie scheinen sich dem Zentrum der Stadt zu n\u00e4hern. Die H\u00e4user werden immer h\u00f6her und sind immer pr\u00e4chtiger verziert. Steinerne Ornamente zieren Hausfassaden, kleine B\u00e4ume oder gar ganze Alleen scheinen sich der undefinierbaren Lichtquelle an der Decke der H\u00f6hle entgegenzustrecken. Zwar will der Schaffner unbedingt wissen, was dieses Licht erzeugt, zieht es aber doch lieber vor, zu schweigen. Hauptsache sie w\u00fcrden ihr Ziel bald erreichen, denn lange w\u00fcrde er das lange Laufen nicht durchhalten, das war er einfach nicht gewohnt\u2026 \u201eWir sind gleich da!\u201c, fl\u00f6tet der Unterweltler fr\u00f6hlich und dreht sich nach hinten, um den Schaffner anzusehen, beh\u00e4lt aber sein Tempo bei. \u201eAlles in Ordnung?\u201c, fragt er vorsichtig. Der Schaffner nickt nur leicht, ist aber schon deutlich ersch\u00f6pft, was man ihm auch ansieht. \u201eNur noch die Rampe hoch und dann \u00fcber die Br\u00fccke in die G\u00e4rten.\u201c, erkl\u00e4rt ihm der Unterweltler aufmunternd. Sie betreten eine freiere Fl\u00e4che, drehen sich zur Seite und stehen vor der anderen Seite der H\u00f6hle. \u201eDu\u2026 du\u2026 du hast mich einmal quer durch die Stadt gef\u00fchrt?\u201c, keucht der Schaffner fast schon ver\u00e4rgert. \u201eNat\u00fcrlich! Am Rand w\u00e4re es viel uninteressanter gewesen und du h\u00e4ttest kaum etwas von unserer sch\u00f6nen Stadt sehen k\u00f6nnen!\u201c, fl\u00f6tet der Unterweltler immer noch fr\u00f6hlich und schwebt auf eine unscheinbare Treppe zu, die in die Wand eingearbeitet ist. \u201eEs gibt keinen anderen Weg in die h\u00e4ngenden G\u00e4rten.\u201c, meint der Unterweltler entschuldigend, ehe er die Treppe nach oben schwebt. \u201eLos komm! Wir haben es fast geschafft!\u201c, t\u00f6nt er fr\u00f6hlich und scheint in keinem Ma\u00df ersch\u00f6pft oder m\u00fcde.\u201eDu hast gut reden\u2026 Du kannst schweben!\u201c, brummt der Schaffner vor sich hin, beeilt sich aber dennoch dem Unterweltler zu folgen. Die Treppe f\u00fchrt die beiden auf eine weitere Plattform, \u00e4hnlich der, auf der sie die H\u00f6hle betreten hatten. Erst jetzt erkennt der Schaffner, dass es an vier Punkten diese Plattformen gibt, die den gleichen Abstand in der nahezu kreisrunden H\u00f6hle haben. Vor ihm er\u00f6ffnet sich ein breiter Steg, auf dem locker zwei Zeitz\u00fcge nebeneinander h\u00e4tten fahren k\u00f6nnen! Er scheint sich von der Plattform nahtlos zu l\u00f6sen und ohne jegliche St\u00fctze oder Halterung bis auf die andere Seite zu den h\u00e4ngenden G\u00e4rten zu reichen. Allerdings besteht der Steg nicht nur aus normalem Stein, sondern in ihm ist ein Mosaik aus tausenden kleinen, bunt bemalten Steinchen eingearbeitet worden. An den Seiten sind kleine B\u00e4ume in gemei\u00dfelten Beeten gepflanzt worden und ihre Kronen reichen hoch hinauf und lassen ein sch\u00f6nes Spiel aus Licht und Schatten auf das Mosaik fallen. Dem Schaffner steht f\u00fcr einige Sekunden der Mund weit offen. Wer hatte so was erbauen k\u00f6nnen? Bisher hat er nie etwas auch nur ansatzweise Vergleichbares gesehen und er hat es vers\u00e4umt auf den Weg hier her nach oben zu sehen. \u201eKomm, komm!\u201c, rei\u00dft der Unterweltler den Schaffner aus seinen Gedanken. \u201eDer Schwarzmann wartet nicht gerne! Wir sind schon sp\u00e4t dran!\u201c Der Schaffner nickt nur schnell und beeilt sich dem Unterweltler hinterher zu eilen, der den Steg \u00fcberquert und dem baulichen Meisterwerk keinerlei Beachtung schenkt. Am Ende des Stegs scheint ein riesiges Tor den Eingang der G\u00e4rten zu besch\u00fctzen. Je n\u00e4her sie sich dem Tor n\u00e4hern, desto weniger traut der Schaffner seinen Augen. Das Tor besteht aus Holz, aus lebendem Holz! Eine Mauer umschlie\u00dft die gesamten G\u00e4rten und diese Mauer besteht, wie das Tor auch, aus B\u00e4umen, die so dicht nebeneinander stehen, dass sie miteinander verwachsen zu sein scheinen\u2026 \u201eWas\u2026 was zum\u2026?\u201c, murmelt der Schaffner etwas sprachlos vor sich hin. \u201eEs sieht wunderbar aus, nicht?\u201c, s\u00e4uselt der Unterweltler leicht vertr\u00e4umt. \u201eNiemand wei\u00df, wie es der Schwarzmann geschafft hat, die B\u00e4ume dazu zu bewegen, aber er hat es geschafft!\u201c, erkl\u00e4rt er kurz, ehe er dicht an das Tor schwebt. Er murmelt leise etwas in einer Sprache, die dem Schaffner fremd ist, worauf hin sich das Tor ganz langsam \u00f6ffnet. Es \u00e4chzt und knirscht, als es sich so weit \u00f6ffnet, dass der Unterweltler und der Schaffner es durchqueren k\u00f6nnen. \u201eDer Schwarzmann wird sehr erfreut sein dich zu sehen! Sie liebt menschliche Besucher, auch wenn diese meist nicht lang bleiben\u2026\u201c, murmelt der Unterweltler leicht betr\u00fcbt. Hinter ihnen schlie\u00dft sich das Tor unter Knirschen und \u00c4chzten wieder. \u201eAch tut\u2026 er das?\u201c, fragt der Schaffner kurz verwirrt. \u201eWarum freut es ihn den, wenn die Besucher nie lange bleiben\u2026\u201c, fragt er leicht misstrauisch. \u201eJa, sie liebt menschlichen Besuch, \u00fcberredet sie aber alle in das gro\u00dfe Licht zu gehen\u2026 Ich wei\u00df auch nicht warum\u2026\u201c Der Unterweltler dreht sich zum Schaffner und schaut ihn betr\u00fcbt, ja fast schon traurig an. \u201eDu bleibst doch oder?\u201c",
            "wordcount": "1.395",
            "chapter_release": "17.01.2017",
            "chapter_number": "9"
        }
    },
    "title": "Der Zeitzug - Die erste Fahrt des Schaffners",
    "topic": "unspecified",
    "release": "\n19.05.2016\n\t\t\t\t\t\t",
    "author": "Der Ghostwriter"
}