{
    "tags": [],
    "chapcount": "6",
    "wordcount": "11.042",
    "chapters": {
        "1": {
            "text": "Schweden, Juli 2068Elijah vermisste den Herbst. Er lie\u00df seinen Blick \u00fcber die Landschaft streichen. Die Sonne war so hell das die Steine ganz hei\u00df wurden, \u00fcberall lagen findlinge rum und beim Laufen bohrte sich immermal wieder ein spitzer Stein in seine Sohle. Vereinzelnt gab es Baumgruppen mit gelben Bl\u00e4ttern und s\u00e4mtliches Gras war ausgetrocknet. In der Ferne war ihr Lager zusehen. Die Sonne blendete ihn so das er garnicht richtig sah wo er hinlief und stolperte fast in ein Erdloch, das als Falle f\u00fcr die infizierten diente. \"Hey! Pass auf, du wei\u00dft doch wo die L\u00f6cher sind.\" Rief sein bester Freund Theo ihm von hinten zu. Die L\u00f6cher waren nicht besonders tief aber reinfallen wollte man trotzdem nicht. Infizierte gab es hier nichtmehr aber keiner hatte sich die M\u00fche gemacht die L\u00f6cher zu verschlie\u00dfen, und Tollpatsche wie Elijah konnten nun darunter leiden. \"Mann ich kann nichts sehen, ich brauche eine Sonnenbrille oder so.\" Sagte Elijah genervt. Seine Lichtempfindlichkeit ist ihm schon oft zum Verh\u00e4ngnis geworden. Theo lachte, \"Die werden doch schon seit 30 Jahren nichtmehr produziert.\" Sagte er und holte auf, er reichte Elijah eine M\u00fctze mit einem Schild, \"Hier, du Vampier.\" Elijah nahm sie dankend an und ging schnell weiter. Sie befanden sich auf dem weg zu ihrer Heimatbasis, im Herzen von Stonewood. Sie war die gr\u00f6\u00dfte und modernste Basis in ganz Schweden und mehr als 1000 Menschen lebten dort. Das gesicherte Gel\u00e4nde Drumherum wurde auch langsam wieder bewohnt. Man k\u00f6nnte meinen, solangsam baut sich wieder eine Zivilisation auf, die schlimmsten Jahre der Pandemie waren rum. Elijah und Theo kamen an das gro\u00dfe Metalltor das ihre Heimat und ihre Bewohner sch\u00fctzte, einer der Wachm\u00e4nner, der oben am Tor auf dem Ger\u00fcst stand, winkte ihnen zu und \u00f6ffnete es. \"Achtung!\" Rief er, \"Tor wird ge\u00f6ffnet!\" Und es \u00f6ffnete sich. Es Quietsche und knackte und die Rampe fiel schlie\u00dflich zu Boden. Kaum hatten sie die Rampe betreten, kam ihnen schon jemand entgegen, \"Jungs! Kommt schnell!\" Es war Janice, Elijahs beste Freundin und Theos Adoptivschwester. Sie war 12, zwei Jahre j\u00fcnger als Theo aber 5 Zentimeter gr\u00f6\u00dfer und zog ihn immer damit auf. \"Was ist denn?\" Fragte Theo , der sofort mit Janice's aufgeregtheit angesteckt war. \"Ein Wort: Welpen!\" Rief sie und zeigte zum Hauptgeb\u00e4ude. Theo l\u00e4chelte Elijah an, \"Nach komm schon du Vampir!\" Elijah nickte, \"Wenn's sein muss.\" Aber er konnte sich ein l\u00e4cheln nicht verkneifen, auf s\u00fc\u00dfe Hundewelpen freute man sich schlie\u00dflich immer, besonders wenn man sich einen davon aussuchen durfte den man behalten \u0001 \u0002 gingen quer durch die Basis, kamen am Pferde- und H\u00fchnerstall vorbei. \u00dcberall standen kleine H\u00fctten aus Holz und Metall, abundzu schauten Leute aus ihren H\u00fctten und winkten ihnen. Theo und seine Freunde waren hier gerne gesehen, als Kinder der Gr\u00fcnder dieses sicheren Hafen. \u00dcber ihnen strahlte der blaue Himmel aber die hohen W\u00e4nde verdeckten wenigstens die Sonne. Elijah folgte Theo und Janice bis zum Haupteingang des Forschungs- und Wohnzentrums. Kurz mussten sich Elijahs Augen an die Dunkelheit gew\u00f6hnen, der Strom war seid ein paar Tagen ausgefallen. Janice blieb an der T\u00fcr ein paar Schritte neben dem Eingang stehen. Ein Schild h\u00e4ngte daran wo draufstand: \"Nicht betreten!\" Aber sie hatten nat\u00fcrlich die Erlaubniss. Elijah konnte sich gl\u00fccklich sch\u00e4tzen die zwei als freunde zu haben, aber nichtnur weil sie Welpen hatten, sondern auch weil er sonst niemanden hatte. Janice schaute sie vielsagend an und legte einen Finger auf ihre Lippen. Dann \u00f6ffnete sie ganz langsam und leise die T\u00fcr. Sie betraten still den Raum. In der hintersten Ecke lag eine gro\u00dfe Decke auf der die H\u00fcndin Cora lag. Sie war der Hund von Theos Adoptivmutter. Neben ihr lagen ein Dutzend kleiner Fellkn\u00e4ule. Cora war noch sehr m\u00fcde von der Geburt und schlummerte vor sich hin. \"Die sind so s\u00fc\u00df...\" Fl\u00fcsterte Janice und ging in die hocke, \"Welchen wollt ihr?\" Fragte sie, \"Ich glaube ich nehme den schwarzen da, ganz links,\" f\u00fcgte sie hinzu und zeigte auf einen schwarzen mit einem kleinen wei\u00dfen Punkt auf dem R\u00fccken, der gerade versuchte an die Zitzen seiner Mutter zu kommen. Theo wollte daraufhin etwas erwidern, als pl\u00f6tzlich die T\u00fcr hinter ihnen aufging und Theos Adoptivmutter Danielle reinkam. Sie hatte Theo vor vierzehn Jahren zu sich genommen, er wurde in ein Erdloch f\u00fcr die Infizierte geworfen und dort zur\u00fcckgelassen. Elijah hatte eine \u00e4hnliche Geschichte, allerdings wollte ihn niemand hier wirklich baben und er wanderte von Familie zu Familie, bis er mit 10 Jahren eine eigene H\u00fctte bekommen hat. \"Na, sucht ihr euch schon einen aus? Es sind nicht alle dort, einer war zu schwach und musste zum Artzt.\" Sagte sie und hockte sich zu ihnen runter. Danielle hatte Cora wohl mal im Wald gefunden, und ein paar jahre sp\u00e4ter einen R\u00fcden welcher der Vater der Welpen ist. \"D\u00fcrfen wir ihn sehen?\" Fragte Janice, es war klar das Janice wieder dr\u00e4ngen musste aber Danielle nickte, \"Ich bringe ihn her.\" Sagte sie und verlie\u00df den Raum, mit einem l\u00e4cheln auf den lippen \u0001 \u0002, Theo und Janice warteten gespannt bis Danielle wieder kam, \"Ich frage mich was sie mit dem Kranken machen, wenn er zu schwach ist um ein Wachhund zu werden.\" sprach Janice ihre Gedanken laut aus. Sie alle wussten was sie mit kranken Tieren machten...hatte man keine M\u00f6glichkeit sie zu heilen, entlie\u00df man sie ausserhalb der Grenzen und jeder wusste das da keiner \u00fcberleben konnte. \"Ich frage mich was hinter den Grenzen ist. Ich wollte a schon immer hin!\" sagte Theo aufgeregt, er liebte as Abendteuer, was ihnen schon ein paarmal zum Problem geworden ist. Elijah wollte etwas dazu sagen, bevor Theo noch dumme Ideen bekam aber in diesem Moment kam Danielle rein und er hielt lieber die Klappe. Danielle war jetzt um die 40 Jahre und sie war in seinem Alter gewesen als der Ausbruch war, das fand er so faszinierend, wie die Welt wohl damals ausgesehen hatte? Danielle erz\u00e4hlte nicht viel von ihrer Vergangenheit. Sie schloss mit ihrer linken Hand die T\u00fcr hinter sich, in der rechten hatte sie ein sehr kleines und zebrechliches Lebewesen, eingewickelt in eine wolldecke. \"Das ist die kleine\", fl\u00fcsterte sie, alle starrten den Welpen mit Herzaugen an aber Elijah versp\u00fcrte sofort etwas als er den Welpen gesehen hatte, \"Sie sieht aus wie du Theo!\" sagte Janice, Theo verdrehte genervt die Augen und widersprach aber Elijah h\u00f6rte ihnen garnicht zu, er schaute faszieniert dieses viel zu kleine und verletztliche Wesen an. Danielle sah seine Blicke, \"Willst du sie mal halten?\" fragte Danielle ihn, Elijah schaute verwirrt zu ihr, \"Ich? Ich lasse sie bestimmt fallen oder so.\" wiederpsach er aber Danielle dr\u00fcckte sie ihm schon in de Hand. Sie hatte ein schneewei\u00dfes Fell, weshalb sie sich von ihren dunklen Geschwistern zus\u00e4tzlich abhebte. Die kleine bewegte ihren Kopf, grunzte leise und Elijah wusste es. Das war sein Hund. \"Sie wird nie \u00fcberleben. Sie ist zu schwach.\" sagte Janice, Elijah achtete nicht auf sie, \"Ich nehme sie, ich werde sie pflegen.\" sagte er und streichte ihr l\u00e4chelnt \u00fcber den kleinen, samtigen Kopf. \"Gute Endscheidung.\" sagte Danielle, \"Die Schwachen brauchen unseren Schutz.\"",
            "wordcount": "1.227",
            "chapter_release": "09.06.2022",
            "chapter_number": "1"
        },
        "2": {
            "text": "Zwei Jahre sp\u00e4terElijah starrte sein Spiegelbild an. Es starrte zur\u00fcck. Er hatte seine langen, schwarzen Haare lange nichtmehr richtig gewaschen. Sein Blick war Leer. Am liebsten w\u00fcrde er zuschlagen. Er sch\u00fcttelte sich aber die dunklen Schatten unter den Augen verschwanden nicht. \"Verdammt!\" fluchte er. Sein Hund Shimmer schaute ihn fragend an. \"Alles okay, ich muss nurnoch meine Z\u00e4hne putzen, dann gehen wir.\" und sobalt er das gesagt hatte wollte er am liebsten wieder ins Bett steigen, sich an Shimmer kuscheln und niewieder einen einzigen Menschen ansehen m\u00fcssen. Aber die H\u00fcndin wollte raus und wartete Geduldig an der T\u00fcr. Er schaute noch ein letztes mal in den Spiegel, dann riss er sich zusammen. Das Z\u00e4hneputzen w\u00fcrde er auf sp\u00e4ter verschieben. Er zog seine Schuhe an und machte die T\u00fcr auf. Shimmer rannte sofort nach drau\u00dfen. Elijah setzte die M\u00fctze auf, die ihm sein bester Freund Theo vor ein paar Jahren geschenkt hatte, und machte sich auf den Weg zur Essensausgabe. Er hatte sich da seit ein paar Wochen nicht blicken lassen, er fragte sich ob er Theo sehen w\u00fcrde. Und Janice. Was w\u00fcrden sie nur von ihm denken wenn sie ihn so sehen? Bei dem Gedanken das er Theo sehen w\u00fcrde, passierten gleich mehrere Sachen ihn seinem K\u00f6rper. Sein Herz fing an zu klopfen und er konnte nichtmehr klar denken. Er hatte in einem von Danielles alten B\u00fccher mal \u00fcber sowas gelesen, es nannte sich Liebe und nahm selten ein gutes Ende. Daf\u00fcr hatte er absolut keinen Nerv in seiner jetzigen Situation aber er musste sich zusammenrei\u00dfen, schlie\u00dflich konnte er nicht ewig drinne rumsitzen. Am Ende w\u00fcrde er noch rausgeschmissen werden weil er nur noch Platz und essen wegnahm aber nichts \u0001 \u0002 pfiff Simmer zu sich uns sie kam sofort, sie lief brav bei Fu\u00df und schaute ihn immer wieder erwartungsvoll zu ihm hoch. Die viele Zeit die er alleine mit ihr verbracht hat, hatte sich ausgezahlt. Sie verstand ihn ohne Worte und er sie. Elijah kam nun zum Haupteingang, dort waren schon mehrere Hunde angebunden die sich angeregt in hundesprache unterhielten. Er erkannte Theos dunkelbraunen R\u00fcden names Bolt, gro\u00df und kr\u00e4ftig ist er geworden, genauso wie Janice's schwarze H\u00fcndin Phantom. Aber beide waren weitaus gr\u00f6\u00dfer als Shimmer. Er fragte sich ob Shimmer je so gro\u00df wird wie ihre Geschwister und wenn nicht, ob sie das einschr\u00e4nken wird. \"Okay.\" Sagte er, \"Warte hier. Ich bin gleich wieder da.\" Er schluckte und lie\u00df Schimmer zu ihren geschwistern, die sie freudig begr\u00fc\u00dften. Er war es nicht gew\u00f6hnt ohne Shimmer irgentwo hinzugehen aber im Hauptgeb\u00e4ude war nunmal auch das Krankenhaus, und da durften keine Hunde rein. Er atmete tief durch und betrat den Eingangsbereich. Er h\u00f6rte schon ein paar stimmen in der ferne die wirr durcheinanderreden aber soviel war heute eigentlich nicht los, vielleicht waren es auch blo\u00df seine inneren stimmen die ihm sagten er solle wieder umkehren. Er nahm die M\u00fctze ab fuhr sich noch einmal durch seine Haare, bevor er den Essensraum betrat. An den paar Tischen sa\u00dfen vereinzelte Leute, die Elijah alle vom sehen her kannte. An der Essensausgabe standen auch ein paar Personen. Alles war friedlich, ein paar gr\u00fc\u00dften ihn sogar. Alles war gut, sagte er sich und wollte zur Essensausgabe gehen als er Theo und Janice am Ende des Raumes sah. Sie sa\u00dfen an ihrem Stammtisch, Theo redete angeregt mit Janice, er sah ernst aus und Elijah wurde unsicher. Er blieb stehen. Vielleicht war es besser er ginge wieder, nicht das sie ihn noch sahen. Sie schienen eigene Probleme zu haben. Er wollte sich gerade wieder umdrehen als Theo ihn entdeckte. \"Elijah!\", rief er und l\u00e4chelte ihn strahlend an, Elijah wurde ganz warm ums Herz und l\u00e4chelte zur\u00fcck. \"Hi Leute.\" Sagte er leise und kam unsicher zu ihnen an den Tisch. Janice stand auf, Theo folgte ihrem Beispiel. Ein paar Sekunden sagte keiner etwas. Theo sah Elijah an. Elijah wollte ihn jetzt so gerne umarmen und wie als h\u00e4tte er seine Gedanken gelesen breitete Theo wortlos seine arme aus. Er wusste nicht wie lange sie sich umarmt hatten, am liebsten wollte er ihn nie wieder loslassen aber Janice r\u00e4usperte sich. \"Sch\u00f6n das du wieder da bist! Wir haben jeden Tag extra lange hier gewartet, Theo wusste dass du wieder kommst.\" Sagte sie, \"Ich brauchte nur etwas Zeit, das ist alles.\" Antwortete er und wich ihren Blicken aus. Es war sch\u00f6n das sie verst\u00e4ndnisvoll waren aber er wusste das seine Batterie jetzt schon wieder leer war, er wollte schlafen. Theo dr\u00fcckte ihm ein Sandwich in die hand, \"Du siehst aus wie ein Zahnstocher.\" Sagte er, Elijah l\u00e4chelte. Er hatte in letzter Zeit wirklich unterdurchschnittlich viel gegessen, wenn er das mit dem verglich was er fr\u00fcher f\u00fcr Festessen hatte. Er setzte sich neben Janice und w\u00e4hrend er sein Brot a\u00df erz\u00e4hlte Janice was er alles verpasst hatte als er Krank war. Elijah konnte ihr aber garnicht richtig folgen denn er hatte damit zutun nicht wie ein Schwein zu essen, die Tomate viel beinahe auf seine Hose und die So\u00dfe tropfte ihm vom Kinn, Theo schien das aber nicht zu st\u00f6ren, er l\u00e4chelte ihm immer wieder zu. Als das Essen schlie\u00dflich im seinem Bauch war, auch die glitschige Tomate, f\u00fchlte er sich gleich besser. Theo erz\u00e4hlte gerade von seinen Zukunfspl\u00e4nen, Wir gehen raus. Richtig rau\u00df. Willst du mit?\" Fragte Theo und schuate ihn erwartungsvoll an, er wusste njcbt wie er antwlrten sollte also fing er an sein Geschirr aufzur\u00e4umen, Janice half ihm. \"\u00c4hm...Du meinst in den Wald? Gerne.\" Aber Theo sch\u00fcttelte den Kopf, \"Nein, wir verreisen. Ich erkl\u00e4re dir es drau\u00dfen.\" Sagte er und stellte sein Besteck und Glas ebenfalls auf den Geschirrwagen. \"Was hat er denn vor? Was meint er mit 'verreisen'?\" Fragte Elijah Janice, sie seufzte, \"Du wei\u00dft doch wie er ist. Er will ein Abendteuer.\" Ein Abendteuer? Was soll das denn bedeuten?, Elijah wusste das Theo Abendteuer liebte, fr\u00fcher bestanden diese daraus dass sie alle drei den Erwachsenen streiche gespielt haben, sich Nachst rausgeschlichen haben oder auf die D\u00e4cher der verlassenen Lagerhalle geklettert sind. Aber das hatten sie schon ewig nichtmehr gemacht, gr\u00f6\u00dftenteils weil Elijah nicht dabei sein konnte. Theo kam wieder und sie gingen raus zu den Hunden. Ihnen war inzwischen langweilig geworden und als sie ihre Besitzer sahen sprangen sie alle freudig auf. Shimmer lief zu Theo und Janice und begr\u00fc\u00dfte sie, sie freute sich m\u00e4chtig sie zusehen, \"Tut mir leid das ich so lange weg war.\" Sagte Elijah. Er erw\u00e4hnte nicht das Theo ihn kein einziges mal besucht hat, Janice kam wenigstens einmal und hat ihm neue B\u00fccher gebracht. Theo h\u00f6rte auf Shimmer zu streicheln, was ihr nicht so gefiel, und schaute Elijah in die Augen, er erwiderte den Blick aber musste dann doch wegschauen. \"Du musst dich daf\u00fcr nicht entschuldigen.\" Sagte er und legte ihm eine Hand auf die Schulter. Elijah nickte und versuchte bei Theo's sanften Ber\u00fchrungen nicht rot zu werden. , \"Es ist alles gut. Kommt, die Hunde werden ungeduldig.\"Sie gingen zum Tor raus, es wurde nach dem Fr\u00fchst\u00fcck f\u00fcr zwei Stunden ge\u00f6ffnet, damit andere Menschen reinkommen konnten und die Anwohner rausgehen konnten. Shimmer, Phantom und Bolt liefen vor und spielten fangen. Elijah hatte ganz vergessen wie sch\u00f6n es mit den beiden und den anderen Hunden war, er f\u00fchlte sich schlecht das er Shimmer die Hundegesellschaft vorenthalten hat, schlie\u00dflich konnte er diese nicht ersetzen. \"Also Elijah,\" sagte Theo als sie gerade an ihrem Treffpunkt am gro\u00dfen, h\u00e4sslichen Stein, der aussah wie ein Troll, angekommen waren. Theo lehnte sie an die gro\u00dfe Nase des Trolls, \"Wir wollen \u00fcber die Grenze gehen.\" Elijah starrte ihn nur an aber konnte sich dann ein Lachen nicht verkneifen, \"Ihr- ihr wollt was?, fragte er verbl\u00fcfft aber Theo blieb ernst. Elijah's L\u00e4cheln erstarb, er schaute Janice fragend an. \"Ernsthaft?\" Janice nickte nur und seufzte, Theo \u00fcbernahm wieder das Wort, \"\u00dcberleg doch mal, wir sind hier aufgewachsen. Wir wissen nicht wie die Welt da drau\u00dfen aussieht, m\u00fcssen das glauben was uns die Erwachsenen erz\u00e4hlen. Aber ich will es mit meinen eigenen Augen sehen!\" Sagte er, wobei er theatralisch in die Ferne schaute. \"Warum? Warum willst du in diese schreckliche Welt?\" Theo schaute ihn an und kam n\u00e4her, so nah das sich ihre Gesichter fast ber\u00fchrten, Elijah wurde ganz hei\u00df und er hielt die Luft an. Er hatte sich doch nicht die Z\u00e4hne geputzt oder die Haare gewaschen. \"Es gibt doch diese Erz\u00e4hlungen, von dieser Gang mit der Stonewood eine Rivalit\u00e4t hatte, vor zwanzig Jahren.\" Sagte er leise. Janice neben ihnen begutachtete ihre Fingern\u00e4gel und g\u00e4hnte w\u00e4hrend die Hunde immernoch spielten. Elijah nickte, \"Ja, nat\u00fcrlich. Danielle hatte doch davon erz\u00e4hlt, sie war dabei.\" Theo nickte und ging wieder einen Schritt zur\u00fcck, was Elijah wieder normal atmen lie\u00df. \"Sie sollen wieder da sein.\", er machte ein kunstpause, \"Und ich will losziehen und schauen ob da was dran ist, ob es sie wirklich gibt, das ist doch voll cool!\" Sagte er und lachte laut. Elijah war noch unsicher, er meinte das also wirklich ernst? Ein bisschen des alten Fernwehs hatte ihn ja jetzt schon gepackt, aber au\u00dferhalb der Grenzen? \"Ich muss mir das \u00fcberlegen.\" Sagte er, \"Bitte, Elijah.\" Funkte Janice lachend dazwischen, \"Du wei\u00dft er macht das, egal ob du ja oder nein sagst.\" Theo nickte zustimmend, \"Wiegesagt, ich \u00fcberlege es mir.\" Erwiderte er und damit war das Gespr\u00e4ch zu Ende. Elijah rief Shimmer zu sich und sie gingen alle schweigend zur\u00fcck zur Heimatbasis. Das Tor wurde geschlossen sobald sie innerhalb der Mauern waren. Elijah ging zu seiner H\u00fctte. Theo wohnte mit Janice und Danielle direkt im Haupthaus, da sie zur Gr\u00fcnderfamilie geh\u00f6rten und einen besonderen Stand oder so hatten, obwohl Danielle immer sagte es gab ihr keine sozialen Unterschiede. Aber Elijah hatte kein Problem damit, er war gerne f\u00fcr sich, und au\u00dferdem durften keine Hunde ins Haupthaus. Er schloss die T\u00fcr auf und wollte reingehen, als er bemerkte das Bolt noch neben ihm und Shimmer her lief. Er drehte sich um und sah das Theo ihnen gefolgt war, Janice war schon ins Haus gegangen. Elijah schaute ihn fragend an, \"Ist noch was?\" Fragte er, Theo antwortete erst nicht sondern schaute ihn nur an, wenn sich Elijah nicht irrte, sah er etwas traurig aus. Warum war er traurig? Elijah versuchte ihm weiter in die Augen zu schauen, \"Du...solltest heute bei uns schlafen, ich meine du musst nicht aber ich hab dich so vermisst und wenn du jetzt durch diese T\u00fcr gehst,\" er zeigte auf Elijahs Haust\u00fcr, \"Dann bist du wieder alleine aber Ich h\u00e4tte dich gerne bei mir, um Sicherzugehen das es dir gutgeht.\" Elijah war erstmal sprachlos, noch nie hatte Theo so was sch\u00f6nes zu ihm gesagt, noch nie hatte irgentwer so was zu ihm gesagt. Er drehte sich weg von ihm, wollte nicht das er sein Gesicht sieht, \"Ich...\" Er musste erstmal einen klaren Gedanken fassen aber Theo wartete geduldig. \"Ich bin nicht alleine, ich hab doch Shimmer.\" Sagte er schlie\u00dflich, auch wenn das nicht genau das war, was er sagen wollte. Theo nickte und pfiff Bolt zu sich, der gerade mit Shimmer irgenteinen Ast auseinandernahm. \"Du kannst immer hochkommen, das wei\u00dft du.\" Sagte er, \"Und \u00fcberleg dir ob du mitkommst, \u00fcber die Grenze.\" Er l\u00e4chelte Elijah ein letztes mal an und klopfte ihm aufmunternd auf die Schulter, bevor er mit Bolt zum Haus ging.---Soll ich das zweite Kapitel hochladen? :)",
            "wordcount": "1.958",
            "chapter_release": "09.06.2022",
            "chapter_number": "2"
        },
        "3": {
            "text": "Elijah lag den ganzen restlichen Tag nur in seinem Zimmer rum w\u00e4hrend alle anderen ihren Aufgaben nachgegangen sind. Janice und Theo waren warscheinlich bei Danielle gewesen, um kochen oder sowas zu lernen. Er ging nur zum Unterricht wenn er Lust hatte, das war hier keine Pflicht, schlie\u00dflich waren sie nur vier Kinder. Er konnte sich garnicht vorstellen wie jemand jeden Tag zur Schule gehen konnte, mit so vielen Leuten, er fand es schon laut genug in einer Klasse mit f\u00fcnf Leuten. Die Haust\u00fcr hatte er f\u00fcr Shimmer aufgelassen, so k\u00f6nnte sie raus wann sie will aber sie blieb die ganze Zeit an seiner Seite. Elijah streichelte ihr weiches Fell w\u00e4hrend er \u00fcber Theo und seinen Vorschlag nachdachte, abundzu fragte er Shimmer nach ihrer Meinung aber sie war nicht sehr gespr\u00e4chig. \"Dann Schlaf ich heute bei Theo....\" Sagte er und stand mit einen st\u00f6hnen auf. Shimmer hob \u00fcberrascht den kopf, sie wollte lieber mehr Streicheleinheiten. \"Du musst leider hierbleiben.\" Sagte er zu ihr, Shimmer legte ihren Kopf wieder ab und schloss die Augen. Manchmal w\u00fcnschte er, er w\u00e4re auch ein Hund. Er ging zum Spiegel und schaute sich an, \u00fcberlegte, und kam zu dem schluss das er sich die Z\u00e4hneputzen musste. Als er sich frisch gemacht hatte, f\u00fchlte er sich tats\u00e4chlich etwas besser und war bereit zu Theo und Janice zu gehen. Wenn er ehrlich war freute er sich sogar, er erinnerte sich an die vielen spa\u00dfigen N\u00e4chte, in denen sie bis vier Uhr Party gemacht haben und zusammen die Sterne angeschaut haben bis ihnen die Augen vor M\u00fcdigkeit zufielen. Er ging nach drau\u00dfen aber lie\u00df die T\u00fcr f\u00fcr Shimmer weiterhin offen. Drau\u00dfen d\u00e4mmerte es schon und es wurde k\u00fchler, die Sonne war njchtmehr zusehen, sie war schon hinter der Mauer verschwunden. Er verzichtete auf eine Jacke und ging \u0001 \u0002 f\u00fchlte sich wirklich komisch an ohne Shimmer aus dem Haus zu gehen aber er schaffte es dennoch bis in den Flur, vor die T\u00fcr und zu den Wohnr\u00e4umen, dann zweifelte er wieder. Vielleicht war es besser er ginge wieder zu Shimmer, sie war bestimmt einsam. Er \u00fcberlegte kurz und ein paar Leute kamen vorbei, welche ihn komisch ansahen. Aber er ver\u00fcbelt es ihnen nicht, er w\u00fcrde auch komisch gucken wenn er jemanden wie sich sehen w\u00fcrde. Also beschloss er schnell weiter zugehen, in Richtung Theo's Zimmer. Als er endlich da war klopfte er unsicher an der T\u00fcr und musste nicht lange warten bis Theo ihm die T\u00fcr \u00f6ffnete. Als er Elijah sah breitete sich sofort ein L\u00e4cheln auf seinem Gesicht aus, sodass sich Gr\u00fcbchen an seinen Wangen zeigten. Elijah musste ebenfalls l\u00e4cheln, es war wie ein Reflex. \"Komm rein!\" Sagte Theo und machte eine einladende Geste. Elijah wurde aus seinen Gedanken geholt und tritt ein. Er war so lange nicht hier gewesen, geschweige denn hier \u00fcbernachtet. Vieles hatte sich ver\u00e4ndert. Theo war eigentlich immer recht ordentlich gewesen aber jetzt lagen \u00fcber den ganzen Boden Landkarten und alte Stadtpl\u00e4ne, von St\u00e4dten die garnichtmehr existierten, auf dem Boden verteilt. Die sterilen wei\u00dfe W\u00e4nde hatte er Himmelblau gestrichen und alles sah ein bisschen freundlicher aus als bei seinem letzten Besuch, vor ungef\u00e4hr einem Jahr. \"Also, mach es dir gem\u00fctlich.\" Sagte Theo und zeigte auf sein Bett. Elijah zog seine Schuhe aus und sa\u00df sich auf das Bett, die Matratze war schon ganzsch\u00f6n durchgelegen und er hoffte das Theo noch die Isomatte hatte, damit sie nicht in einem Bett schlafen mussten, das w\u00fcrde er nie und nimmer aushalten. \"Und? Hast du dich entschieden?.\" Elijah war verwirrt, \"Was? F\u00fcr was entschieden?\" Theo st\u00f6hnte, \"Ob du mit \u00fcber die Grenze kommst nat\u00fcrlich!\", Das hatte Elijah schon wieder vergessen, wie Peinlich. Theo schaute ihn erwartungsvoll an. Diese Augen. Diese strahlenden blauen Augen. Elijah konnte ihnen nicht wieder stehen, also sagte er Ja, \"Okay, ich komme mit. Schlie\u00dflich w\u00fcrdet ihr ohne mich keine zwei Stunden \u00fcberleben.\" Theo sprang auf und ab vor freude, \"Ich wusste ich kann mich auf dich verlassen!\" Sagte er, dann wurde er wieder ernster und widmete sich seinen Karten. Er klopfte neben sich auf den Boden, \"Na komm, ich muss dir was zeigen.\" Sagte er, Elijah hockte sich zu ihm. Zusammen schauten sie sich den Lageplan von Stonewood an, wo es anfing, wo es aufh\u00f6rte und wo die Grenzen waren, die Nachbarorte und gro\u00dfen Stra\u00dfen. Sie gingen alles durch, sodass sie schon bald einen genauen Plan hatten. Sie wussten mit Sicherheit was sie machen w\u00fcrden, und das gab Elijah Sicherheit. Die \u00c4ngste verflogen und die anderen Gef\u00fchle kamen wieder zum Vorschein. \"Also wann gegen wir los?\" Fragte er aufgeregt, Theo l\u00e4chelte zufrieden, \"Das ist der Elijah den ich kenne.\" Und dann kam endlich Janice. Es war Mitternacht und sie beschlossen sofort aufzubrechen obwohl sich Elijah eigentlich auf eine ruhige Nacht mit Theo gefreut hatte. Janice hatte einen ganzen Rucksack voller Essen und Theo hatte drei Liter Wasserflaschen aus der K\u00fcche geklaut, \"Das wird super!\" Sagte Theo und rieb sich die H\u00e4nde, \"Also, du holst deine Sachen und Shimmer, da kannst du auch gleich gucken ob die Luft rein ist. Wir holen Phantom und Bolt und dann treffen wir uns alle beim Loch, so schnell wie m\u00f6glich.\" Das war der Plan soweit. Elijah fand das alles sehr schnell ging, aber was hatten sie zu verlieren? Er war so aufgeregt dass er glaubte gleich umzufallen aber gleichzeitig hatte er sich lange nichtmehr so lebendig gef\u00fchlt. Elijah schlich zur T\u00fcr raus. Alles war still. Es war stockdunkel also ging er f\u00f6rmlich blind den Flur entlang, hielt sich an dem Gel\u00e4nder fest. An der Treppe wurde es schwerer aber als er unten war strahlte der Mond zur Eingangst\u00fcr rein und er konnte besser sehen. Seit 10 Uhr war Bettruhe und Phantom und Bolt bewachten den Eingang aber sie erkannten ihn und bellten nicht, sondern verlangten nur Leckerlies. Er hatte keine dabei also ging er schnell weiter. Alles war ruhig. Die Wache oben am Tor war eingeschlafen. Alles schien friedlich und ruhig, alles war wie immer. Er schlich sich, im Schatten der Mauer, zu seiner H\u00fctte und holte seine Sachen. Er steckte hektisch alles ein was er sah. Shimmer beschn\u00fcffelt ihn nerv\u00f6s, seine Aufregung \u00fcbertrug sich auf sie. \"Wir gehen raus.\" Fl\u00fcsterte er und sie knurrte leise, manchmal glaubte er, sie versteht was er sagte. Als er wieder zur T\u00fcr rauslugte, sah er wie die Wache vom Tor runtergekommen war und bei den Pferdest\u00e4llen langlief, er schaute in die einzelnen Boxen rein. Schnell machte er die T\u00fcr wieder zu. Nachdem er seinen Herzschlag wieder beruhigt hatte, machte er die T\u00fcr einen kleinen Spalt breit auf und schielte nach drau\u00dfen, die Wache war wieder weg. Er atmete auf und trat zufrieden nach drau\u00dfen, als pl\u00f6tzlich jemand neben ihm stand. \"Was machst du da?\" Es war nat\u00fcrlich die Wache, Elijah zuckte erschrocken zusammen, \"Verdammt...Oh \u00e4hm ja, ich schlafe bei einem Freund und musste noch ein paar Sachen holen.\" Sagte er dumm l\u00e4chelnd und zeigte aufs Haupthaus. Die Wache musterte ihn skeptisch, \"Okay aber sei leise. Der Hund bleibt drau\u00dfen.\" Elijah nickte schnell und ging an ihm vorbei. Das war ja nochmal gut gegangen. Er w\u00fchlte in seinem Rucksack und tat so als w\u00fcrde er etwas suchen, bis die Wache hinter dem H\u00fchnerstall verschwunden war, jetzt konnte Elijah in Ruhe um das Hauptgeb\u00e4ube herum gehen, am Zaun entlang, bis zu dem Erdloch, das darunter hindurch ging so das man auf die andere Seite des Zaunes krabbeln konnte. Es war mit einer gro\u00dfen, schwarzen Plane, M\u00fcll und Zweigen gesch\u00fctzt, sodass es niemand au\u00dfer sie fand. Sie hatten es vor ein paar Jahren gegraben um ungesehen in der Nacht rausschleichen zu k\u00f6nnen. Er h\u00e4tte nicht gedacht das es so lange unendeckt bleiben w\u00fcrde. Theo und Janice kamen wenige Minuten sp\u00e4ter. Sie hatten zwei riesige Rucks\u00e4cke dabei, Elijah hatte nur einen kleinen Beutel. \"Wir m\u00fcssen schnell machen! Die Wache wird bald merken das die Hunde weg sind! Und die Alarmanlage in der K\u00fcche ist losgegangen weil Janice nicht aufgepasst hat...\" Sagte Theo und schaute Janice vorwurfsvoll an, sie verdrehte nur die Augen, \"Ist doch alles okay.\" Theo stie\u00df ein genervtes Ger\u00e4usch aus und schmiss seinen Rucksack \u00fcber den Zaun. Er war an der Stelle nicht hoch aber oben lief Strom lang darum konnten sie nicht einfach r\u00fcber klettern. Janice und Elijah warfen ebenfalls ihre Rucks\u00e4cke dr\u00fcber und Elijah realisierte erst jetzt das dass hier wirklich passierte. \"Machen wir das wirklich? Was ist wenn du stirbst? Wie soll ich das Danielle erkl\u00e4ren?\" Fragte er aber Theo schnitt nur eine Grimasse, \"Los gehts!\" Sagte Janice und verschwand als erstes im \u0001 \u0002 erinnerte Elijah daran als sie damals heimlich zur alten Lagerhalle, ein paar Kilometer entfernt, gegangen sind. Ob Theo damals auch schon ans abhauen gedacht hat? Sie liefen jetzt auch in Richtung der Lagerhalle. Sie war ein guter Orientierungenspunkt, von da aus waren es nurnoch ein paar hundert Meter zur \u00e4u\u00dferen Grenze. Theo ging voraus. Elijah sah das er sich freute. Und das freute ihn. Theo hatte recht gehabt, Ein neues Abendteuer w\u00fcrde ihn ablenken. Die Hunde liefen wie immer voraus und schauten ob alles sicher war, nur Shimmer klebte wieder mal an Elijah dran. \"Na los.\" Sagte er zu ihr und deutete nach vorne. Shimmer schaute ihn an aber rannte dann doch unsicher nach vorne zu den anderen. Das verbrannte Gras unter seinen F\u00fc\u00dfen ging nun langsam in hohe Gr\u00e4ser und Str\u00e4ucher \u00fcber. Die Sterne leuchten am Himmel und zeigten ihm den Weg. Die Luft war k\u00fchl, aber nicht zu k\u00fchl, genau richtig. Er hatte sich lange nichtmehr so wohl gef\u00fchlt. Elijah atmete tief ein und ging schneller um \u0001 \u0002 Lagerhalle wurde immer gr\u00f6\u00dfer, bis sie sich schlie\u00dflich in ihrer vollen Pracht neben ihnen erhob. Aber sie gingen nicht hin. Theo blieb stehen und schaute sich um. Er zeigte in die Ferne, \"Gleich sind wir da! Am \u00e4u\u00dferen Zaun. Das einzige was uns noch von der gro\u00dfen, weiten Welt trennt...\" Er sagte es sehr dramatisch und Janice kicherte. \" Ich glaube nicht das es da drau\u00dfen anders aussieht als hier.\" F\u00fcgte Elijah hinzu. Sie stampften durchs hohe Gras. Der, mehr oder weniger heile, Stacheldrahtzaun b\u00e4unte sich vor ihnen auf. An einigen Stellen waren kleine L\u00f6cher durch die sie vielleicht durchpassten k\u00f6nnten. Er war an verschiedienen stellen unterschiedlich hoch und davor war ein ungef\u00e4hr, fast zwei meter tiefer und knapp \u00fcber einen Meter breiter, Graben. Sie blieben alle davor stehen. Die Hunde schn\u00fcffelte nerv\u00f6s in der Luft herum, sie waren nie so weit weg von der Basis gewesen. Elijah schaute am Zaun entlang nach links und rechts aber er schien kein Ende zu nehmen also beschloss Theo \u00fcber den Graben zu springen. \"Das nimmt kein gutes Ende.\" wisperte Elijah, \"Ich wusste wir kommen nicht weit.\" Sagte Janice und lie\u00df frustriert ihren Rucksack auf den Boden plumsen aber Theo lie\u00df sich davon nicht abhalten, \"Es gibt keinen anderen weg.\" Sagte er und nahm Anlauf. Elijah konnte kaum hinsehen, er h\u00f6rte wie Theo an der anderen Seite aufkam und sich am Zaun festhielt der klapperte. Er drehte sich zu ihnen und l\u00e4chelte etwas gequ\u00e4lt, \" Na los.\" Sagte er und fing an sich durch das kleine Loch im Zaun zu schieben. Die Hunde schauten unsicher in den Abgrund. Bolt machte als Leithund den ersten Schritt und sprang mit einem kraftvollen Satz r\u00fcber zu Theo. Auch Janice und Phantom schafften es und es sah so m\u00fchelos aus. Shimmer und Elijah standen immernoch da. \" Kommt schon!\" Riefen Theo und Janice ihm zu. \"Okay.\" Sagte er zu sich selbst und wollte Anlauf nehmen, als er pl\u00f6tzlich Ger\u00e4usche h\u00f6rte. Er drehte sich um und sah wie Lichtstrahlen auf sie zukamen. Taschenlampen. Er h\u00f6rte Hunde bellen. Theo dr\u00e4ngte, \"Die suchen uns, macht schon!\" Rief Theo ihm zu, und Janice war schon bereit weiter zu rennen. Elijah hatte keine Zeit mehr um nachzudenken. Er rannte auf den Abgrund zu und sprang, Shimmer folgte ihm ohne zu z\u00f6gern. Er kam knapp auf der anderen Seite an und der Stacheldrahtzaun bohrte sich in seine H\u00e4nde. Er schaute noch einmal zur\u00fcck, Menschliche Silhouetten tauchten an der lagerhalle auf, dort wo sie gerade noch gestanden hatten, der Lichtstrahl einer Taschenlampe wurde direkt auf ihn gerichtet und er wurde geblendet. Theo rief ihm zu er solle schneller machen also quetschte er sich durch das Loch, wobei sein T-shirt am R\u00fccken aufriss. Dieses bl\u00f6de Shirt hatte er gerade erst geflickt aber er konnte sich jetzt nicht dar\u00fcber \u00e4rgern. Theo und Janice waren auf dem Sprung. Theo reichte ihm seine Hand und half ihm hoch, Elijah konnte sich nicht mal bedanken denn sie rannten schon los. Elijah hatte Schwierigkeiten mitzuhalten und Shimmer bellte ihn auffordern zu. Ja, er war ihr mal wieder zu langsam. Er hoffte nur das sie nicht anfing in seine Waden zu zwicken wie sie es damals gemacht hatte. Sie rannten eine ganze Weile, erst als sie in ein kleines Waldst\u00fcck kamen wagten sie es sich auszuruhen. Theo lachte laut, \"Das war...richtig heftig!\" Rief Janice keuchend. Theo nickte zustimmend w\u00e4hrend er sich flach auf den Boden legte. Elijah konnte garnichts sagen, er hielt sich die Seiten und versuchte nicht zu sterben. Seine Luftr\u00f6hre brannte und seine Lunge tat weh. Sie alle ruhten sich eine Weile aus. Elijah legte sich auch hin aber die Hunde waren noch nicht m\u00fcde, sie liefen mit der Nase auf dem Boden umher. \"Das war cool. Leute wir sind frei!\" Sagte Theo nach einer Weile und stand wieder auf. \"Wir m\u00fcssen unbedingt weiter!\" Elijah stand st\u00f6hnend auf, \"Nat\u00fcrlich, aber wo ist unser Ziel?\" Fragte er, Theo holte wieder seine Karte und Kompass raus. Er hatte an verschiedene stellen mit roten Stift Kreise gemalt, da wo sie langehen wollten aber einen Plan wo sie \u00fcberhaupt hinwollten hatten sie nkcht gemacht. \"Wir sind hier.\" Er zeigte auf einen roten Punkt aber es war eine alte Landkarte, da wo sie gerade standen war fr\u00fcher mal kein Wald gewesen. \" Ja, aber du wei\u00dft dass diese Karte \u00fcber 60 Jahre alt ist oder?\" Theo verdrehte die Augen als w\u00e4re Elijah der dumme, \"Ja nat\u00fcrlich, aber die alten sind gr\u00f6\u00dfer und man kann sich besser orientieren.\" Er zeigte auf einen anderen Punkt den er angemakert hat, es war eine kleine Stadt, die bestimmt 10 Kilometer entfernt war, \"Dahin brauchen wir, mit Elijah, bestimmt vier stunden.\" Sagte Janice, \"Halt die Klappe.\" Sagte Elijah aber schmunzelte, Theo blieb konzentriert, \"Wenn wir rennen brauchen wir vielleicht nur zwei Stunden.\" Sagte er, Elijah fragte sich wie er immer so positiv sein konnte, \"Wir sind sp\u00e4testens heute morgen da. Was kann ich daf\u00fcr wenn die Zivilisation so weit weg ist.\"\"Du glaubst da sind Leute?.\"Theo nickte aber wirkte unsicher, nat\u00fcrlich war es unwahrscheinlich das dort noch gesunde Menschen waren. Alle Leute die \u00fcberlebt hatten, hatten sich Danielle angeschlossen und so eine neue Zivilisation gebildet. \"Aber das ist doch auch v\u00f6llig egal, \u00fcberleg doch wie cool das ist, eine richtige Stadt!\" Also gingen sie los. Elijah fragte sich was sie dort finden w\u00fcrden, sie hatten keine Waffen und wenn wirklich noch infizierte da waren w\u00e4ren sie aufgeschmissen. Er versuchte seine zweifelden Gedanken zu ignorieren und so zu denken wie \u0001 \u0002.",
            "wordcount": "2.592",
            "chapter_release": "17.06.2022",
            "chapter_number": "3"
        },
        "4": {
            "text": "Der Tag brach langsam an, ein klarer oranger Himmel versprach einen sonnigen und hei\u00dfen Tag aber bis jetzt war die Luft noch angenehm k\u00fchl. Sie kamen gerade aus dem schattigen Wald und ihnen war nichts komischeres \u00fcber den Weg gelaufen als ein aggressives Eichh\u00f6rnchen, das Theos F\u00fc\u00dfe angegriffen hat. Die Stadt war erreicht. Oder besser gesagt, das was davon \u00fcbrig war. Es war ehereine kleiner Ansammlung von verfallen H\u00e4usern. Vielleicht war es mal ein Dorf gewesen. Elijah wusste nicht wie lange sie ungef\u00e4hr gelaufen waren aber jetzt taten seine Beine weh und er hatte Hunger. Theo und Janice wollten unbedingt in eines der H\u00e4user gehen, Elijah musste zustimmen denn er wollte nicht drau\u00dfen sein wenn die Sonne richtig aufgegangen war. Die Stra\u00dfe auf der sie liefen hatte tiefe Schlagl\u00f6cher und Gras traf durch den Beton, er konnte nicht glauben das hier mal Autos gefahren sind, aber am Stra\u00dfenrand und in Garageneinfahrten standen noch vereinzelt Autos die dass Gegenteil bewiesen. Fahren konnte man in denen nichtmehr, sie waren verrosten, hatten eingeschlagenen Fensterscheiben und Platte reifen. Elijah \u00fcberlegte ob er sich eine Spitze Scherbe als Verteidigung mitnehmen sollte, aber was sollge hier denn nach drei\u00dfig Jahren denn noch rumlaufen, au\u00dfer b\u00f6se Eichh\u00f6rnchen? Die Natur hatte sich dass zur\u00fcckgeholt, was schon immer ihr geh\u00f6rt hatte. Die H\u00e4user waren mit gr\u00fcn \u00fcberzogen, die V\u00f6gel hatten Nester auf den Schornsteinen gebaut, alles war friedlich. Dke Hunde liefen vor und erkundeten die stra\u00dfen, sie schienen spas zu haben. Am rande der stra\u00dfe stand eine Bank, er \u00fcberlegte kurz sich hinzusetzen aber lie\u00df es lieber. Bestimmt w\u00fcrde sie zusammenbrechen. Theo winkte ihn zu sich, \"Dahinten gehen wir rein!\" Er zeigte auf ein Haus am Ende der stra\u00dfe, es sah noch halbwegs begehbar aus, abgesehen davon dass die Fenster mit Holzbrettern vernagelt waren, sodass man nicht reinschauen konnte. Das Dach hatte ein Loch und ein Baum war vor die Haust\u00fcr gefallen. Als sie n\u00e4her kamen konnte man einen Schriftzug an der, warscheinlich mal blauen, Holzfassade erkennen. Es war schwedisch, Elijah konnte schwedisch aber die verschmierte, rote Schrift war so schlecht zu lesen das er Kopfschmerzen bekam, Janice \u00fcbersetzte, \"Kein Durchgang. Wir sind bewaffnet und schie\u00dfen bei Sichtkontakt.\" Janice schaute sie fragend an, \"Gilt das noch?\" Fragte sie, \"Ich glaube wenn, dann w\u00e4ren wir schon Tod.\" Sagte er zu ihr, sie alle warteten und lauschten aber es tat sich nichts. Nur die v\u00f6gel die langsam wach wurden, waren zu h\u00f6ren. \"Also los!\" Rief Theo fr\u00f6hlich und ging \u0001 \u0002 Haust\u00fcr war aus den Angeln gerissen worden, ein paar lose Holzbretter lagen im Weg. Sie r\u00e4umten sie weg und konnten das Haus betreten. Innen sah es genauso aus wie Elijah es vermutete hatte. Es war dunkel und die Luft war dick. Pflanzen traten durch das verrottete Holzparkett hervor und auf dem einsamen Holztisch in der Mitte des Raumes war Zentimeter dicker Dreck. Das soll wohl mal eine K\u00fcche gewesen sein. Theo ging mutig zusammen mit Bolt in den N\u00e4chten Raum, Janice und Phantom folgten ihm. Elijah ging z\u00f6gernd mit Shimmer hinterher, so war die Reihenfolge schon immer gewesen. Sie betraten das ehemalige Wohnzimmer. Die Couch sah nicht gerade gem\u00fctlich aus, Das Leder war aufgerissen und gelbe F\u00fcllung trat hervor und der Fernseher sah so aus als h\u00e4tte jemand bei einem Videospiel verloren und aus Wut den Bildschirm eingeschlagen. Die Tischplatte aus Holz wurde verwendet um das Fenster zu verbarrikadieren \"Also...gibt es jetzt fr\u00fchst\u00fcck?\" Fragte Janice, Die Hunde wurden bei dem Wort \"Fr\u00fchst\u00fcck\" ganz unruhig. Shimmer neben ihm stupst ihn mit der Nase auffordernd an. \"Gehen wir erstmal hoch.\" Sagte Theo, w\u00e4hrend Janice schon ihren Rucksack durchw\u00fchlte und schlie\u00dflich \u00c4pfel und Brote rausholte. \"Geht doch schon hoch, ich muss was reinschieben. \" sagte sie und versuchte es sich auf der Couch gem\u00fctlich zu machen, \"Viel Spa\u00df mit den Bettwanzen.\" Sagte Elijah und Theo \u0001 \u0002 folgte Theo nach oben. Er wusste garnicht was Theo eigentlich hier wollte, warscheinlich schauen ob alles sicher war. Elijah war trotzdem etwas nerv\u00f6s alleine mit ihm in einem Raum zu sein, selbst Bolt und Shimmer sind unten bei Janice und Phantom geblieben. Hier im ersten Stock sah es nicht anders aus als unten aber man sah das hier mal Menschen gewohnt hatten. In der Ecke neben einer weiteren verschlossenen T\u00fcr stand ein ranziges Bett, daneben ein Nachttisch auf dem ein auf geschlagenes Buch lag. Elijah hatte das starke Bed\u00fcrfnis es in die Hand zu nehmen und zu lesen aber es w\u00fcrde wohl zerfallen. In der Glast\u00fcr die auf einem Balkon f\u00fchrte war zersprungen. Vor der Balkont\u00fcr standen St\u00fchle, auf einem der St\u00fchle lag ein Gewehr, welches schon lange nichtmehr benutzt wurde. Spinnen hatten es schon flei\u00dfig eingesponnen. \"Ob die noch geht?\" Fragte Theo und ging hin, als pl\u00f6tzlich ein dumpfes Ger\u00e4usch hinter der verschlossenen Zimmert\u00fcr, gegen\u00fcber der Balkont\u00fcr, zu h\u00f6ren war. Theo erstarrte mitten in der Bewegung, auch Elijah wagte es nicht sich zu bewegen, \"Was war das?\" Fl\u00fcsterte er, Theo zuckte nur mit den Schultern und versuchte so leise wie m\u00f6glich das Scharfsch\u00fctzengewehr aufzuheben. Wieder erklang das Ger\u00e4usch. Es war wie ein dumpfer aufprall. Als w\u00fcrde jemand immer und immer wieder auf den Boden fallen. Theo hob die Waffe und deutete zur T\u00fcr, \"Mach die T\u00fcr langsam auf.\" Sagte er leise, Elijah zeigte ihm den Vogel, \"Spinnst du?!\" Sagte er so leise wie m\u00f6glich. In diesem Moment kam Janice hoch, \"Was dauert denn so lange? Knutscht ihr etwa?\" Fragte sie als sie in dem Raum gest\u00fcrmt kam. Als sie sah das Theo und Waffe hatte erstarrte sie, \"Was zum Teufel?- \" Theo presste einen Finger auf den Mund aber es war schon zu sp\u00e4t. Was auch immer das hinter der T\u00fcr war, wollte nun wirklich raus. Es schmiss sich gegen die T\u00fcr. Es knackte. Sie alle zuckten zusammen, Janice hielt sich ihre Hand vor den Mund als w\u00fcrde sie schreien wenn sie sie wegnehmen w\u00fcrde. Theo wollte etwas sagen aber wurde unterbrochen. Das Ding sprang nochmal gegen die T\u00fcr. Diesmal wurde die T\u00fcr \u00e4chzend aus den Angeln gesto\u00dfen, sodass Theo fast getroffen wurde. Die T\u00fcr war weg. Bestialischer Gestank schlug ihnen entgegen, zusammen mit einer Welle Staub. Sie hatten nicht mal mehr Zeit zu schreien, sondern rannten die Treppe runter ohne zuschauen was da aus dem Raum gekommen war. Elijah fiel fast Kopf\u00fcber die Treppe runter, Janice schubste ihn beinahe vorw\u00e4rts. Die Hunde bellten sie aufgeregt an und zusammen fl\u00fcchteten sie, durch das Fenster, raus aus dem \u0001 \u0002 dr\u00fcckte sich zwischen Theo und Janice an die Wand. Theos und seine Hand ber\u00fchrten sich fast aber Theo achtete garnicht auf ihn sondern versuchte einen Blick um die Ecke zu erhaschen. Auch Elijah konnte sich einmal auf etwas anderes als Theo konzentrieren. Elijah hatte damit zu tun Shimmer am Hausband zu halten, Janice hielt die anderen Hunde, welche aufgeregt in der Luft schn\u00fcffelten. Sie hatten sich in einem anderen Haus versteckt aber das \"Monster\" verfolgte sie noch immer. Sie standen alle beieinander in einem dunklen Nebenraum ohne eine T\u00fcr, betend, dass das Wesen an dem Haus vorbei ging. Warum waren bei fast jedem Haus diese bl\u00f6den T\u00fcren kaputt?, fragte Elijah sich. Sie h\u00f6rten die schnellen Schritte und den schweren Atem. Dann wurde es tats\u00e4chlich leise. Nur ihr Atem war zu h\u00f6ren. Elijah konnte nicht glauben dass das mal ein Mensch gewesen sein sollte aber ein Tier k\u00f6nnte es auch nicht gewesen sein. Es war Schnell, laut und doch schwerf\u00e4llig. Das einzige was Elijah erkennen konnte als er einmal einen Blick auf das Wesen erhaschen konnte waren gro\u00dfe, milchige Augen die aus einem Knochigen Sch\u00e4del hervor quollen. Lange, klauenartige Finger hatten nach ihm gegeriffen und es hatte unmenschlich geknurrt. Theo umklammerte mit seiner anderen Hand die Waffe w\u00e4hrend er um die Ecke sp\u00e4hte. Eigentlich wusste keiner hier wie man schoss, aber man konnte sie immernoch als Schlagstock benutze. Elijah bereute das er die glasscherbe, von dem kaputten Auto, nicht mitgenommen hatte. Die Schritte waren nun komplett verstummt. Theo atmete auf. Auch Janice und er wagten es wieder zu atmen. Jetzt mussten sie zur\u00fcck zu dem Haus aus dem sie gefl\u00fcchtet waren. Sie hatten dort all ihre Vorr\u00e4te zur\u00fcck gelassen. Theo machte einen Schritt aus dem dunklen Raum raus, in dem sie sich versteckt hatten. Er ging zu dem Fenster, dessen Glasscheibe kaputt war, schaute raus und lauschte aber nichts war zu h\u00f6ren. Er winkte Janice und Elijah zu sich. \"Glaubst du es ist weg?\" Fragte Janice, ihre Stimme zitterte aber sie versuchte trotzdem mutig auszusehen und stellte sich neben Theo ans Fenster. Elijah wollte sich am liebsten im n\u00e4chstbesten Schrank \u0001 \u0002 traten wieder aus der T\u00fcr raus. Theo schaute durch das Zielfernrohr der Waffe, alles schien sicher. \"Schnell rein, Sachen holen und dann weg hier.\" Sagte Theo au\u00dfer Atem. Janice und Elijah nickten nur. Der Schwei\u00df auf Elijahs Stirn lief ihn fast in die Augen, die Sonne war rausgekommen und machte ihnen zus\u00e4tzlich das Leben schwer. Sie \u00fcberquerten ohne Probleme die Stra\u00dfe, betraten das Haus und schnappten sich die Sachen. \"Alles klar?\" Fragte Theo Janice und legte eine Hand auf ihre Schulter, sie nickte nochmals, \"Sollten wir wieder nachhause?\" Fragte Elijah, vielleicht war es doch zu viel gewesen, besonders f\u00fcr Janice. Theo schaute ihn an, \"Nat\u00fcrlich nicht. Und selbst wenn wir es lebend nachhause schaffen...Danielle wird uns umbringen.\", Sie hatte auch vollen Recht dazu, fand Elijah, schlie\u00dflich waren sie einfach abgehauen. Er sagte aber nichts weiter, \"Jetzt schnell weg hier...\" Sagte Janice leise. Theo nickte und nahm sie an die Hand. Sie drehten sich um, um zur\u00fcck zur Haust\u00fcr zu gehen, aber so weit kamen sie nicht, denn vor ihnen tauchte der Infizierte mit gefletschten Z\u00e4hnen auf. Starrte sie an. Niemand bewegte sich. Er stand vielleicht einen Meter von ihnen entfernt. Elijah's Schleimh\u00e4ute wurden von dem Gestank fast wegge\u00e4zt aber er konnte sich nicht r\u00fchren. Alles war still. Sah der Infizierte sie \u00fcberhaupt? Theo tippte Elijah vorsichtig auf die Schulter, er zuckte zusammen. Theo zeigte auf eine verschlossene T\u00fcr hinter ihnen, sie war ihre einzige Chance. Janicd presste sich ihre freie hand wieder auf den. Theo zog Janice vorsichtig mit sich. Elijah folgte ihnen und versuchte so leise wie m\u00f6glich aufzutreten. Er sagte sich selbst in Gedanken das alles okay war und als sie bei der T\u00fcr waren wiegte er sich schon fast in Sicherheit. Theo nahm die Klinke, dr\u00fcckte sie langsam. Und die T\u00fcr war abgeschlossen. Zu fr\u00fch gefreut. Sie waren gefangen. Der infizierte br\u00fcllte und gew\u00e4hrte ihnen einen hervorragenden Blick in sein verfaultes Gebiss. Janice konnte ihren Schrei nichtmehr unterdr\u00fccken. Theo lie\u00df vor Schreck das Gewehr fallen. Die Hunde fingen wie wild an zu bellen und der Infizierte riss das Maul noch weiter auf, sein Kiefer \u00fcberdehnte sich beinahe. Er holte aus und ein paar Klauen kamen auf Elijah's Gesicht zu. Er schloss schnell die augen, rechnete mit einen Schlag. Aber pl\u00f6tzlich zerriss ein Schuss die Luft und alles wurde still. Nur das leise winseln der Hunde und Janice's Schluchster waren zu h\u00f6ren. Mit gurgelden Ger\u00e4usche klatschte der Infizierte Elijah vor die F\u00fc\u00dfe und war nurnoch eine H\u00fclle. Jemand hatte ihn erschossen und es war nicht Theo gewesen. Jemand hatte ihnen das Leben gerettet.",
            "wordcount": "1.893",
            "chapter_release": "08.08.2022",
            "chapter_number": "4"
        },
        "5": {
            "text": "\"Wer zum Teufel seid ihr denn? Wo sind eure Eltern?\" Ihre unbekannte Retterin hatte eine schrotflinte in der Hand und war gerade dabei sie neu zu laden. Ihre Stimme war durch die Gasmaske nur schwer zu verstehen. Keiner sagte etwas. Die Hunde winselten \u00e4ngstlich und beschnupperten den t\u00f6ten K\u00f6rper des infizierten. Eine schwarze Blutlache bildete sich um den K\u00f6rper, \"Hallo?\" Fragte die Frau nochmal, \" Ich dachte wenn ihr schreien k\u00f6nnt, k\u00f6nnt ihr auch sprechen.\" Elijah hatte garnicht registriert das sie was gefragt hatte, er hatte darauf vertraut das Theo oder Janice f\u00fcr ihn das sprechen \u00fcbernahm, wie sie es immer taten. Aber sie waren damit besch\u00e4ftigt die fremde erschrocken anzustarren. Die Frau starrte zur\u00fcck. Sie hatte auff\u00e4llige gr\u00fcne Augen, mehr konnte man von ihrem Gesicht aufgrund der Maske nicht sehen. Dazu trug sie eine ziemlich uralt aussehende Lederjacke und eine Hose mit vielen Taschen. Ihre braunen Stiefel sahen aus als w\u00e4re sie damit durch Blutpf\u00fctzen gelaufen. Sie sah ziemlich angsteinfl\u00f6\u00dfend und w\u00fctend aus. \" Wir...\u00e4hmm, dachten wir w\u00e4ren hier sicher und dann kam der... und wollte uns fressen.\" antwortete Elijah ihr und zeigte auf die Leiche des Infizierten. Die Frau schnaubte musterte sie kritisch, \"Die Zone haben wir noch nicht durchk\u00e4mmt...warum habt ihr keine Waffen wenn ihr hier rumrennt?\" Theo und Elijah sahen sich ratlos an. Sie wussten wohl doch weniger \u00fcber die Welt als sie dachten. \"Wer sind sie \u00fcberhaupt?\" Fragte Theo. Die Frau nahm ihre Maske ab, sie hing nun um ihren Hals. Sie atmete tief durch seufzte, \"Ihr werdet jetzt mit mir kommen und mir erz\u00e4hlen wo ihr herkommt.\" Elijah wechselte nochmal einen Blick mit Theo und Janice, warum sollten sie dieser Frau trauen? Die Hunde allerdings schienen sie nicht ganz so schlimm zu finden, Shimmer leckte ihre Schuhe ab und Bolt lie\u00df sich von ihr streicheln. \"Okay,\" Sagte Theo, \" Wir kommen mit...\" Die Frau nickte nur und ging wieder raus. Sie folgten ihr unsicher. Elijah rutschte fast auf dem Blut aus, Theo hielt ihn an der Schulter fest bevor er hinfiel, \"Pass auf! Ich will nicht auch noch dein Blut auf dem Boden sehen.\" Sagte er und l\u00e4chelte, Elijah schaute peinlich ber\u00fchrt zu Boden und ging schell wieder vor. Die Frau war zu einem Auto gegangen aber es war kein schwerer Gel\u00e4ndewagen wie sie sie in stonewood hatten, sondern ein Cabrio mit zerkratzten, lilanen Lack und vielen beulen. \"Das ist aber kein besonders sicheres Auto.\" Sagte Theo zu ihr. Die Frau lachte auf, \"Nein, aber es ist schnell. Und die Stra\u00dfen sind leer und ich kann ordentlich aufs Gas dr\u00fccken.\" - \"aber das ist Benzinverschwendung...\" - \"Man muss auch mal spa\u00df haben!\" - \"Aber-\" - \"Jetzt halt die Klappe!\" Theo verstummte, manchmal war er wirklich nervig. Was diese Fremde mit ihrem Benzin machte konnte ihm doch egal sein, aber er mischte sich halt gerne ein. \"Also...h\u00fcpft rein!\" Sagte sie. Sie packten ihre Rucks\u00e4cke in den Kofferraum. Keiner wollte vorne sitzen, also quetschen sie sich alle drei auf die R\u00fcckbank. Die Hunde machten es sich auf ihren Scho\u00df gem\u00fctlich. Elijah schwitze schon so und jetzt w\u00e4rmte ihn Shimmer's k\u00f6rper zus\u00e4tzlich, zum gl\u00fcck war sie nicht so gro\u00df wie andere Vertreter ihrer Art. \"Oh mann...\" fl\u00fcsterte Theo. Die Frau fuhr los, das Ger\u00e4usch des Motors war das einzige was in dieser Totenstille zu h\u00f6ren \u0001 \u0002 fuhren durch W\u00e4lder, \u00fcber Landstra\u00dfen und an Wiesen vorbei. Der Wind war k\u00fchl und hinterlie\u00df eine G\u00e4nsehaut auf Elijah's schwitzenden K\u00f6rper. Sie erntferten sich immer weiter von dem kleinen Dorf, Theo schien gl\u00fccklich zu sein das sie so gut vorran ging. \"Erz\u00e4hlen sie schon, wer sind sie und wie haben sie \u00fcberlebt?\" Fragte Theo nach zehn Minuten Fahrt. Nach ein paar Sekunden schweigen r\u00fcckte die Frau endlich mit der Sprache raus. \"Mein Name ist Marina...aber alle hier nennen mich Echo.\" Antwortete sie, \"Ich bin nicht hier geboren, sondern auf einer Insel.\" Sie redete langsam und vorsichtig, als m\u00fcsste sie aufpassen dass sie nicht ausversehen zu viel sagte, \"Ich war sechzehn als das Virus ausgebrochen ist und musste von der insel fl\u00fcchten.\" Sie schien also schon \u00fcber vierzig zu sein, Elijah h\u00e4tte sie ehrlichgesagt j\u00fcnger gesch\u00e4tzt aber er hatte auch nicht viele alte Leute in seinem Leben gesehen, also hatte er keinen Vergleich. Sie schien nicht vorzuhaben mehr zu erz\u00e4hlen aber Theo wollte nat\u00fcrlich noch mehr wissen. \"Also wer ist 'alle'? Haben Sie ein Lager?\" Echo seufzte und Stich sich ein paar nervende, braune st\u00f6hnen aus dem Gesicht. Sie sagte nichts weiter. \"Wir kommen aus einem gro\u00dfen Lager.\" Sagte Elijah, vielleicht w\u00fcrde sie mehr erz\u00e4hlen wenn sie was erz\u00e4hlen w\u00fcrden, wie ein Tausch von Informationen. Aber ihr Gesicht spannte sich an, \"Was f\u00fcr ein gro\u00dfen Lager?\" Fragte sie ernst, Elijah schaute zu Theo, \"\u00c4hmm...Stonewood. Kenne sie es?\"antwortete Theo. Echo antwortete nichts sondern verriegelte die T\u00fcren und fuhr das Dach hoch. Elijah h\u00e4tte nicht gedacht dass das noch funktionierte. Dann fuhr sie schneller, \"Was ist denn jetzt los?\" Fragte Janice, Echo antwortete nicht, Ihr Gesicht war eine steindernde Maske und verriet nichts. \"Kann es sein das wir jetzt Gefangene sind?\" Fragte Elijah Theo leise. Theo schien nachzudenken, dann lehnte er sich n\u00e4her zu Elijah, \"Ich denke wir haben die Mysteri\u00f6se Gang gefunden.\" Elijah schaute ihn ungl\u00e4ubig an, \"Das denkst du also?\", Theo nickte aufgeregt. \"Selbst wenn sie es sind, was willst du von ihnen? Ich glaube nicht das sie in Kaffeekr\u00e4nzchen mit uns halten werden, so wie Echo reagiert hat.\" Echo ignorierte sie. Im Auto wurde es langsam warm, die Hunde hechelten und in Elijah's Beine kam schon gar kein Blut mehr an, lange konnte er hier nichtmehr sitzen. Theo antwortete ihm nicht sondern zuckte nur ratlos mit den Schultern. Nat\u00fcrlich hatten sie nicht damit gerechnet das sie die ganz so schnell finden w\u00fcrden, schlie\u00dflich galt sie als \u0001 \u0002 sie am Rande einer unbekannten Stadt ankamen, wurde das Auto endlich wieder langsamer. Die Stadt war gr\u00f6\u00dfer, angsteinfl\u00f6\u00dfender und noch verwahrloster als die wo sie herkamen. Es sah aus als h\u00e4tte hier Krieg geherrscht, Elijah entdeckte sogar einen ausgebrannten Panzer. Die Stra\u00dfe war wieder freiger\u00e4umt worden aber hatte starke Schlagl\u00f6cher, sodass sie im Auto rumgesch\u00fcttelt wurden. Echo hatte sie nichtmehr angeguckt und erst recht nichts mehr gesagt seid sie erz\u00e4hlt hatten wo sie herkamen, deshalb hatten sie keine Ahnung in welcher Stadt sie waren. Ehemaliges Mora? Falun? Elijah wusste nicht wie Theo sich f\u00fchlen musste, schlie\u00dflich hatte er alles geplant und jetzt war alles schiefgegangen. Sie fuhren jetzt auf die Einfahrt eines gro\u00dfen Hauses aus Stein, am anderen Ende der Stadt. Es sah noch recht heile aus, bis auf ein paar Risse in der grauen Fassade. Aus dem Fenster des ersten Stockes hing ein wei\u00dfes Tuch mit einem roten Kreuz drauf. Die Garage wurde ge\u00f6ffnet und sie fuhr herein. Als der Motor aus war drehte Echo sich nach hinten um. Elijah konnte nun das erste mal ihr Gesicht von nahen sehen, sie hatte trockene Lippen und eine Narbe die sich von ihrem Kinn, bis unter ihr rechtes Auge zog. Ihre ausgefransten Haare wurden mit einem gr\u00fcnen Tuch zusammengehalten. Aber komischerweise sah sie nicht h\u00e4sslich aus, fand Elijah, H\u00fcbsche Menschen sehen halt in allen Klamotten gut aus, dachte er. Sie sah sie grimmig an und als sie redete konnte man sehen das ein st\u00fcck ihres linken eckzahn abgebrochen war, was sie dann doch nicht ganz so h\u00fcbsch machte. \"Ihr bleibt hier und r\u00fchrt euch nicht wenn ich jetzt mit dem Boss rede!\" Sagte sie. Dann stieg sie aus, kontrollierte ob das Auto zu war und verschwand hinter einem Vorhang der in einen dunklen Raum f\u00fchrte. Elijah h\u00f6rte Stimmengewirr hinter dem Vorhang aber konnte keinen Blick erhaschen was sie hinter befand. Theo r\u00fcttelte am T\u00fcrgriff aber selbst wenn sie offen gewesen w\u00e4re, sie konnten hier sowieso nicht weg, denn hinter ihnen schloss sich das Garagentor wie von Geisterhand. \"Sie sind es wirklich oder? Wir sind aufgeschmissen, sie werden uns t\u00f6ten oder schlimmeres! Ich h\u00e4tte nichts sagen sollen! Wenn ich nur die Klappe gehalten h\u00e4tte...\" Elijah verfiel in Panik, Shimmer auf seinem Scho\u00df knurrte leise und versuchte aufzustehen, \"Verdammt. Bleib sitzen!\" Sagte er zu shimmer, sie schaute ihn entt\u00e4uscht an. Theo versuchte ihn zu beruhigen, \"Bleib ruhig, wir schaffen das okay?\" Elijah zwang sich ruhig zu atmen, damit die Hunde nicht zu unruhig wurden. \"Sehe es positiv: Wir stehen im Schatten, wir haben uns nicht infiziert und wenn sie uns h\u00e4tte t\u00f6ten wollen, h\u00e4tte sie das bestimmt schon gemacht.\" Sagte er. Das beruhigte Elijah wirklich etwas. Er schaute zu Janice. Sie sa\u00df in der Mitte und war die ganze Zeit ganz ruhig gewesen, was eigentlich garnicht zu ihr passte. Normalerweise redetete sie zu viel. Phantom sa\u00df ruhig auf ihrem Scho\u00df und schaute immer wieder Fragend in ihr Gesicht, ihre Hand ruhte auf seinem r\u00fccken. \"Ist alles okay bei dir?\" Fragte Elijah sie, sie nickte langsam und seufzte, \"Br\u00e4uchte nur mal eine Toilette.\" Sagte sie leise. Elijah nickte, er h\u00e4tte auch mal wieder Lust sich das Gesicht zu waschen und in den Spiegel zu gucken, gegen eine saubere Klobrille hatte er auch nichts. Nach einer Weile kam Echo wieder, aber nicht alleine. Sie hatte eine weitere gro\u00dfe Frau, mit kurzen, schwarzen Haaren dabei, sie sahen sich von den Klamotten her \u00e4hnlich aber sie schien j\u00fcnger, sportlicher und b\u00f6ser zu sein als Echo. Sie riss die Autot\u00fcr auf, Theo wich zur\u00fcck. \"Das sind sie... Wie findest du den Plan Crow?\" Die Frau, die Echo 'Crow' genannt hatte und anscheind der Chef hier war, musterte die Kinder stumm als w\u00e4ren sie wertvolle Ware, ein kleines, hinterlistiges l\u00e4cheln umspielte ihre Lippen. Die Hunde knurrte sie an aber wagten es nicht anzugreifen, das w\u00e4re auch ung\u00fcnstig gewesen, denn um Crows Schulter hing eine Mascheinenpistole und an ihrem G\u00fcrtel hingen mehrere Messer und eine Axt. Sie w\u00fcrden sich nie gegen sie wehren k\u00f6nnen. Sie nickte Echo zu. \"Deine Idee ist brilliant Echo! Aber wir m\u00fcssen uns vorbereiten. Stonewood ist immernoch besser bewaffnet als wir. \" sagte sie, ihre Stimme war bedrohlich und rau als w\u00fcrde sie jeden Tag Kettenrauchen. \"Bring sie hoch zu den anderen Kindern, wir wollen das es ihnen halbwegs gut geht... schlie\u00dflich k\u00f6nnen sie nichts daf\u00fcr was ihre Eltern getan haben, aber durchsuch sie auf Kommunikationsger\u00e4te oder Waffen.\" Echo nickte und ging zum Kofferraum um ihre Rucks\u00e4cke zu holen. Elijah wechelste einen Blick mit Theo, \"\u00c4hm...habt ihr hier eine Toilette? Meine kleine Schwester muss mal.\" Fragte Theo vorsichtig. Echo antwortete: \"Ich bringe euch gleich hoch, dort habt ihr alles was ihr braucht.\" Sie stiegen aus. Die Hunde beschn\u00fcffelten alles ganz genau, Echo schaute befahl ihenen ihre taschen zubleeren, aber au\u00dfer Taschent\u00fccher und alte Kr\u00fcmel war nichts in ihren Hosentaschen. Sie schaute au\u00dferdem in ihren Schuhen nach. Dann schaute sie ihre Rucks\u00e4cke durch. Elijah hatte schon ganz vergessen was er alles eingepackt hatte. Hoffentlich nichts peinliches, dachte er. In Theo's Rucksack war nur essen, trinken, die Lesebrille die er nie aufsetzte und Unterw\u00e4sche f\u00fcr ihn und Janice. Janice hatte viele Sachen f\u00fcr die Hunde eingepackt: Leckerlies, Trinkn\u00e4pfe und Decken, au\u00dferdem eine Haarb\u00fcrste und Thirts f\u00fcr sie und Theo. Sie schienen bestens f\u00fcr einen mehrt\u00e4gigen, wenn nicht sogar Wochenlangen Trip vorbereitet gewesen zu sein. Elijah dagegen hatte nur drei Unterhosen, einen Tennisball, einen Kochen f\u00fcr Shimmer und ein Buch in einem Kleinen Beutel. \"Wie ich sehe hast du nur das wichtigste eingepackt Elijah.\" Kommentierte Janice, \"Theo hat auch Unterhosen und das findest du nicht lustig?\" Fragte er, \"Auf meinen Unterhosen sind aber keine roten Herzen drauf.\" Antwortete Theo und lachte. Sogar Echo musste sich ein lachen verkneifen, Elijah verdrehte die Augen und auch wenn er Theo gerne lachen sah, wollte er vor Scham im Erdboden versinken, jetzt wusste Theo auch noch wie seine Unterhosen aussahen. \"Man kann sich seine Unterw\u00e4sche halt nicht aussuchen wenn es keine Einkaufsl\u00e4den gibt...\" murmelte er nur, er erinnerte sich wie er diese Unterw\u00e4sche damals von Danielle bekommen hatte, sie hatte gesagt es w\u00e4re die einzige in seiner Gr\u00f6\u00dfe gewesen die sie in der Stadt gefunden hatten. \"Also gut.\", sagte Echo schlie\u00dflich, \"Kommt mit, nichts anfassen!\" Sagte sie und ging vor. Crow folgte ihnen mit ernstem Blick und einer Hand auf dem Griff ihrer Axt \u0001 \u0002 gingen nacheinanderns durch den Vorhang durch. Er hatte eine Art Partyraum verborgen. \u00dcberall sa\u00dfen Menschen in kriegsbekleidung oder mit Lederjacken und Cargohosen, alle hatten Waffen um ihre Schultern h\u00e4ngen und eine Flasche Bier in der Hand. Von irgendwo drang Musik mit starken Bass. Als der Vorhang hinter ihnen zufiel war es fast ganz dunkel. Elijah konnte grade noch so die Gesichter der Menschen sehen. Alle starrten, als w\u00e4ren sie gr\u00fcn und h\u00e4tten sechs Arme. Und E\u00f6ijah f\u00fchltre sich auch gerade wie ein Au\u00dferirdischer, mit seinem kaputten T-Shirt und den zerfledderten Turnschuhen. Shimmer dr\u00fcckte sich \u00e4ngstlich an Elijah so das er M\u00fche hatte geradeaus zu laufen. Buntes, flimmerdes Licht lie\u00df manchmal den Perserteppisch auf den Boden aufleuchten. Die Leute sa\u00dfen auf Tischen und B\u00e4nken oder Baumst\u00e4mmen. In den Ecken standen kerzen auf Weinf\u00e4ssern und in den Regalen stapelten sich Menschliche Sch\u00e4del. Das war eine au\u00dferordentlich seltsame Zimmereinlichtung, dachte Elijah, aber jedem das seine. Es wurde heller und die Musik leiser, als sie durch eine T\u00fcr in einen Flur gingen und bei der Treppe ankamen. Sonnenlicht strahlte durch das obere Flurfenster. \"Ihr geht da jetzt hoch, da sind noch andere Kinder, die k\u00f6nnen euch mal die Situation erkl\u00e4ren.\" Sagte Echo, Elijah schaute Theo verwirrt an. \"Dort oben sind auch, mehr oder wenig saubere, Toiletten.\" Sie l\u00e4chlte leicht, anscheinend konnte sie sich hier etwas entspannen. \"Aber bekommen wir unserere Sachen wieder?\" Fragte Theo, Echo zuckte nur mit den Schultern und ging. Klimpernt holte sie einen Schl\u00fcssel aus ihrer Tasche, \"Crow sagt ich soll euch einschlie\u00dfen.\" Sie winkte ihnen mit dem schl\u00fcssel und ging raus. Theo wollte was sagen aber sie schloss die T\u00fcr. Sie h\u00f6rten wie der Schl\u00fcssel im Schloss gedreht wurde. Elijah ging hin und r\u00fcttelte an der T\u00fcrklinke aber sie waren eingesperrt, \"Jetzt sind wir aber Gefangene.\" Stellte Theo fest. Elijah suchte mit den Augen den Raum ab, um eine andere Fluchtm\u00f6glichkeit zu einen, als eine fremde Stimme von oben erklang: \"Wen haben wir denn da? Sind das etwa die Ratten aus Stonewood?\"---Sagt mal ob euch das Kapitel zu lang ist?",
            "wordcount": "2.476",
            "chapter_release": "08.08.2022",
            "chapter_number": "5"
        },
        "6": {
            "text": "Ein kleiner Junge stand am Ende der Treppe und starrte verachtete auf sie hinunter. Er war viel j\u00fcnger als sie, vielleicht um die zehn aber er schien schon viel Hass auf sie zu haben. Er hatte keine Schuhe oder Socken an aber sonst sahen seine Klamotten ganz normal und heile aus. Er hatte neben dem Langarmshirt und der zu gro\u00dfen Jeans Shorts eine schwarze Jeansweste an. Elijah wechselte einen unsicheren Blick mit Theo. Was genau sollten sie jetzt tun? Aber dar\u00fcber brauchten sie gar nicht mehr nachdenken, denn neben dem jungen tauchte ein weiterer junge auf, er war \u00e4lter, in Elijahs Alter. Er hatte blonde, stachelige Haare und seine Klamotten sahen genauso aus die die von dem kleinen, abgesehen davon dass er unter der weste kein Hemd anhatte. An seinem G\u00fcrtel hingen zus\u00e4tzlich Messer und um seine Handgelenke waren schwarze Bandagen gebunden, als w\u00e4re er gerade mit Boxen besch\u00e4ftigt gewesen. Er machte eine einladende Geste aber schaute genauso verachtet wie der kleine Junge, \"Wollt ihr da unten verrotten oder was?\" Sagte er, seine Stimme war tiefer als Elijah gedacht hatte. Theo nahm Janice an die Hand und machte zusammen mit den Hunden den ersten schritt. \"Wir sind nicht bewaffnet...\" Sagte Theo, der Junge mit den igelhaaren lachte herablassend, \"Wir schon! Aber leider haben wir kein recht dazu euch zu t\u00f6ten.\" Elijah schluckte die Angst hinunter und sie folgten den Jungs in einen Raum. Elijah blieb fast die Luft weg als er das Zimmer sah. Der Raum war gr\u00f6\u00dfer als gedacht, dunkele Vorh\u00e4nge h\u00e4ngen vor den Fenstern. Auf den Sofas sa\u00dfen kleine und gro\u00dfe Kinder und auf den Couchtischen davor standen Sch\u00fcsseln mit, mehr oder weniger frischen essen drin. Auf einem Regal in der Ecke kam leise Musik, Elijah kannte sich nicht mit Musik auf aber es schien Rockmusik zu sein. Als sie reinkamen und die anderen sie bemerkten, standen sie auf, einige tuschelten leise miteinander. Ein kleines Kind, vielleicht 4 Jahre alt, kam angelaufen und wolle Shimmer streicheln aber sie knurrte. Elijah nahm Shimmer am Halsband und zog sie weiter in den Raum. \"Bitte zerfleischt sie nicht!\" Sagte der mit den igelhaaren zu den anderen Kindern, dann warf er Elijah einen drohenden Blick zu und verschwand im Nebenraum. Der kleine Junge der sie an der Treppe 'begr\u00fc\u00dft' hatte, ging wortlos an ihnen vorbei und machte dabei einen gro\u00dfen bogen um die Hunde, er setzte sich auf die couch und starrte sie weiter b\u00f6se an. \"Was genau sollen wir jetzt machen? Was haben wir falsch gemacht? \" fragte Janice, Theo sch\u00fcttelte den Kopf, \"Garnichts Janice. Ich werde mich jetzt erstmal mit diesem Typen unterhalten.\" Sagte er und wollte dem Igelhaarigen hinterher, Elijah legte ihm eine Hand auf die Schulter und hielt ihn so auf. \"Du solltest bei Janice bleiben, ich mache das.\" Elijah bereute es schon jetzt, Theo nickte und l\u00e4chelte dankbar. Er ging wieder zu Janice und setzte sich mit ihr in eine Ecke. Elijah machte sich auf den Weg, dem Jungen hinterher. Er war anscheinend der Chef hier und wusste warum sie hier festgehalten wurde. Die Blicke der anderen Kinder folgen ihm als er durch die T\u00fcr in den Nebenraum ging aber niemand sagte was. Der Raum war kleiner, \u00fcberall standen Sachen rum, in der Ecke neben dem Fenster stand ein Bett. Auf dem Bett sa\u00df der unbekannte junge und schien etwas in sein Notizbuch zu schreiben. Elijah stand in der T\u00fcr und wusste nicht was er sagen sollte, er r\u00e4usperte sich aber der Junge ignorierte ihn v\u00f6llig. Langsam bekam Elijah Panik, er h\u00f6rte wie ein paar Kinder im Hintergrund kichern. Elijah umklammerte Shimmer's Halsband wie einen rettungsring und endlich sagte der blonde was, \"Was willst du?\", er schaute ihn nichtmal an. \"\u00c4hm...ich wollte nur fragen was das hier soll? Ich meine wer seid ihr und warum hasst ihr uns?\" Der Junge schaute langsam von seinen Buch auf, ein l\u00e4cheln umspielte seine Mundwinkel aber es schien nicht freundlich gemeint zu sein, \"Du wei\u00dft es nicht? Du wei\u00dft nicht...?\" Fragte er und schien so als m\u00fcsste er einen Lachanfall unterdr\u00fccken, \"Das war ja klar...\" seine Miene verd\u00fcsterte sich wieder, Elijah f\u00fchlte sich immer unwohler, sein R\u00fccken war ganz nassgeschwitzt und Shimmer's hartes lederhalsband scheuerte seine Hand auf als sie sich hineinlehnte. Der Junge stand langsam auf, legte sein Buch weg und ging an Elijah vorbei. Sogar Shimmer schien Angst vor ihm zu haben denn sie dr\u00fcckte sich an Elijah's Bein, sodass er gleich nochmehr schwitzte, dabei war es hier drinne relativ k\u00fchl. Elijah folgte ihm zur\u00fcck in den Gemeinschaftsraum, wo Theo sich mit den Hunden und Janice in eine Ecke, weit weg von den anderen, gequetscht hatte. \u201eHey Leute!\" rief er, alle schauten von dem auf was sie gerade gemacht haben, \u201eWir haben unseren Neuank\u00f6mmlingen hier einiges zu erkl\u00e4ren wie es aussieht.\" er zeigte auf Elijah, \u201eWer will anfagen und diesen Leuten hier eine schlechte Zeit geben?\"HI INDIGO HIER ;)Ich habe jetzt einen neuen Laptop darum kann ich besser schreiben also erwartete mehr Updates! Allerdings hab ich dieses Kapitel mit meinem Tablet angefangen darum entschuldige ich mich f\u00fcr Fehler bei Satzzeichen oder Gro\u00df- und Kleinschreibung! Und sorry das dieses Kapitel so EXTREM kurz ist, hab zurzeit so ne SchreibblockadeBIS DANN!",
            "wordcount": "896",
            "chapter_release": "08.08.2022",
            "chapter_number": "6"
        }
    },
    "title": "Infected - Kaltes Leben",
    "topic": "unspecified",
    "release": "\n09.06.2022\n\t\t\t\t\t\t",
    "author": "LittleCreek"
}