{
    "tags": [],
    "chapcount": "7",
    "wordcount": "11.471",
    "chapters": {
        "1": {
            "text": "Es war sp\u00e4ter Nachmittag, als Schritte durch die Seitengassen hallten gepaart mit heftiger Atmung. Nat\u00fcrlich wurde Matt wieder einmal von einer, diesmal zur netten Abwechslung kleineren Horde Zombies gejagt.\u2018\u2019Nicht\u2026Schon\u2026Wieder! \u2019\u2019 schreite er in voller Lautst\u00e4rke, als er einen Rekordverd\u00e4chtigen Sprint aus einem halb zerfallenen, kleinen Supermarkt hinlegte. Er entdeckte ein Hochhaus welches noch ziemlich gut in Schuss zu sein schien. \u2018\u2019Was Solls...\u2019\u2019 Sagte er keuchend vor sich hin und bog nach links in dessen Richtung ab. Der Eingang war jedoch nicht einfach zu erreichen, da dieser hinter einigen Tr\u00fcmmerteilen lag. Er blickte kurz \u00fcber seine Schulter und sah, dass er einen guten Vorsprung hatte und fing an sich durchzugraben. \u2018\u2019Schneller! \u2019\u2019 Feuerte sich Matt selber an, und schnitt sich unmittelbar danach an einem Rostigen, Zerfledderten Stahlteil, was so aussah wie das T\u00fcrblatt eines Fahrzeuges. \u2018\u2019 Scheisse! \u2018\u2019 Rief er und verzog sein Gesicht vor Schmerz. Er schaffte es trotz seiner Verletzung das letzte Tr\u00fcmmerteil auf die Seite zu schieben und griff zur T\u00fcrklinke. Die T\u00fcr war zum Gl\u00fcck nicht abgeschlossen, er Schwang sie z\u00fcgig auf und verschwand dahinter, die T\u00fcre quietschte als sie nun schliesslich ins schloss \u0001 \u0002 v\u00f6lliger Dunkelheit suchte er hektisch seine Taschenlampe. Das ging nur erschwert, weil seine linke Hand mit einem feinen Film aus Blut \u00fcberzogen war.\u2018\u2019Da bist du ja. \u2018\u2019 Sagte er erleichtert und knipste sie an. Matt hatte nicht viel Zeit und musste sich \u00fcberlegen wie er die T\u00fcre verbarrikadieren konnte. Da standen noch haufenweise B\u00fcrotische und regale, die er elegant dazu einsetzte die T\u00fcr ganz im Stil einer hastigen Partie Tetris auf Level unm\u00f6glich, zu Blockieren. Keine Frage, das anschliessende heftige geklopfe, war alles anderes als beruhigend. Aber Matt wusste das er f\u00fcr den Moment in Sicherheit war. Er st\u00fctze sich auf sein Knie mit seiner noch heilen Hand. Als sich Matt nach ein paar Minuten wieder Beruhigen konnte und sein Adrenalinspiegel wieder sank, sp\u00fcrte er erst richtig wie der Schnitt anfing wie Feuer zu brennen. Er sackte mit schmerzverzerrter Mine auf den Boden und wusste nicht wohin mit seiner Hand. Sein Herz fing an zu Rasen, und ein Teil des Pulses sp\u00fcrte er direkt am Schnitt. Matt erhob sich langsam, griff vorsichtig zur Taschenlampe und Montierte sie an seinem Hosenbund. Eine Halterung daf\u00fcr hat er genau aus solchen gr\u00fcnden gebaut. In der Apokalypse oder wenn die scheisse anf\u00e4ngt zu brodeln wird und muss man sich schnell zu helfen wissen. Nun konnte er freih\u00e4ndig herumlaufen und hatte trotzdem gute Sicht. Er machte sich auf die Suche nach einem Verband oder etwas das er als solches benutzen konnte und stolperte immer wieder \u00fcber kaputte M\u00f6blierung. W\u00e4re ein Jammer jetzt zu st\u00fcrzen und sich das Genick an einem Sofakissen zu brechen, dachte er und sah eine kleine Vitrine ein St\u00fcck weiter vorne. Das Licht der Lampe wurde an der Vitrine stark in mehreren Richtungen gebrochen und es sah von weitem so aus, als w\u00e4ren zus\u00e4tzlich Glasflaschen in der Vitrine daf\u00fcr verantwortlich. Matt n\u00e4herte sich der ganzen Geschichte und sah das da Hochprozentiger Alkohol drin \u0001 \u0002 gab nur eins um einer grausigen Entz\u00fcndung der Wunde vorzubeugen, den Alkohol auf die Wunden zu Kippen und das \u00abSchmerz-Lass-nach\u00bb Lied zu singen. Matt zog eine Flasche heraus, und schaute sie kurz an. Z\u00f6gerlich zog er mit seinen Z\u00e4hnen den Korken heraus und spuckte in wieder aus.\u2018\u2019Ach scheiss drauf. \u2019\u2019 sagte er zu sich selbst und leerte die Flasche \u00fcber seine Hand. Sein schrei erf\u00fcllte die ganze Lobby, im gleichen Moment sackte er zu Boden und hielt die Hand nahe am K\u00f6rper. Der scheiss aus der Apotheke war Kindergeburtstag dagegen. Er lag einfach nur da wie ein H\u00e4ufchen Elend und liess es \u00fcber sich ergehen. Seine Hand wurde taub und schwoll ein wenig an. Er k\u00e4mpfte gegen seinen eigenen K\u00f6rper an, um nicht bewusstlos zu werden, denn die Gefahr das hier drin noch irgendwelche h\u00e4sslichen Zombie Gesch\u00f6pfe umherirrten, war noch pr\u00e4sent und dank seinem Geschrei, w\u00e4ren sie wahrscheinlich schon auf dem \u0001 \u0002 werden, war keine Option. Einige Zeit sp\u00e4ter liess der Schmerz ein wenig nach sodass er ertr\u00e4glicher wurde. Matt fiel dann ein das er noch einen halben Verband in seiner Hosentasche hatte. Den benutzte er schliesslich, um die Seine Hand so zu verbinden das die Blutung nur noch halb so schlimm war. \u2018\u2019Nur ein Kratzer\u2019\u2019 sagt Matt vor sich hin und taumelte schliesslich weiter bis er an eine stillgelegte Rolltreppe stiess, ihm wurde langsam \u00fcbel von der ganzen Aktion. Er blickte hinauf, doch erkennen konnte er nicht viel, alles war ein wenig \u0001 \u0002 kann\u2019s ja wohl nicht werden. Dachte Matt und schritt vorsichtig die Rolltreppe nach oben. Oben angekommen schaute er sich kurz um und fand, was ein kleines Camp zu sein schien. Doch da war keiner. Die \u00d6llampen, die da verteilt waren, brannten jedoch noch. Lauwarmes Essen lag neben dem Sofa, das offenbar zu \u00fcbernachtungszwecken diente. \u2018\u2019Hm... Hier muss doch jemand...\u2019\u2019 Pl\u00f6tzlich sp\u00fcrte er eine kalte Klinge an der Seite seines Halses.\u2018\u2019Wer bist du? \u2019\u2019 Eine k\u00fchle Frauenstimme. Matt nahm langsam die H\u00e4nde weg von seinem K\u00f6rper, um es nicht eskalieren zu lassen. Er blieb jedoch ruhig und sagte kein Wort. Die junge Frau lief um Matt herum, hielt dabei abstand und die Klingenspitze in seine Richtung. \u2018\u2019 Antworte oder du stirbst! \u2018\u2019 Die klinge kam Matt wieder bedrohlich nahe.\u2018\u2019Matt... bin auf Durchreise. \u2019\u2019 Die junge Frau senkte die klinge und setzte sich auf einem kleinen Tresen hinter ihr, liess Matt aber keine Sekunde aus den Augen. \u2018\u2019 So so... Wohin geht\u2019s denn? \u2019\u2019 sie musterte ihn. \u2018\u2019Raus aus dieser H\u00f6lle. \u2019\u2019 er zuckte kurz als er sich mit seiner verletzten Hand am Regal abst\u00fctzte. \u2018\u2019 Du bist verletzt\u2026 sieht \u00fcbel aus. \u2018\u2019 Aus dem Rucksack, der neben ihr auf dem Boden lag, kramte sie ein neuverpackter Verband hervor und warf es Matt zu. Ihm war das Ganze doch ein bisschen zu verr\u00fcckt. Warum sollte sie ihm helfen? Sie kannten sich nicht. \u2018\u2019Auf dem Dach ist ein Helikopter der Armee abgest\u00fcrzt. Alle tot. Da habe ich es gefunden und es liegt noch mehr Zeugs herum. \u2019\u2019 Sagte sie Locker. Er musterte sie ungl\u00e4ubig. Ihre K\u00f6rpersprache war sehr defensiv und aus ihrer Mimik konnte er auch nicht viel schliessen. \u2018\u2019 Was machst du hier. \u2019\u2019 Hakte Matt nach als er seinen Verband wechselte. Das Ganze sah echt \u00fcbel aus. \u2018\u2019Geht dich n\u2019 scheiss an. \u2018\u2019 Fuhr Sie Matt an.\u2018\u2019 Na dann eben nicht, danke f\u00fcr den Verband. \u2018\u2019 Sagte Matt genervt, sah sich um und erblickte einen \u0001 \u0002 lief dahin und dr\u00fcckte mehrmals den Knopf, er bemerkte eine Sekunde zu sp\u00e4t das so ziemlich jedem ger\u00e4t der Strom fehlte dem Aufzug ebenfalls. \u2018\u2019 Ups\u2026 Alte Gewohnheiten. \u2018\u2019 Er l\u00e4chelte kurz und stiess neben dem Aufzug eine T\u00fcr auf, die in ein dunkles Treppenhaus f\u00fchrte. Die junge Frau schlich hinter ihm her, sie wollte herausfinden was er vorhatte. ohne Zwischenf\u00e4lle erreichte Er das Dach. Matt stiess oben vorsichtig die T\u00fcr auf und trat hinaus. Die junge Frau hielt sich stets ein Stockwerk tiefer, um nicht gesehen zu werden. Sie war auffallend leise. Abgebrochener feiner Beton, welches sich von der Wand gel\u00f6st hatte umging sie wie eine flinke Katze. Das Bild, das sich Matt inzwischen bot, k\u00f6nnte direkt aus der H\u00f6lle stammen. Er kniff die Lippen zusammen, und Verdr\u00e4ngte einige Erinnerungen, die ihm in diesem Moment durch den Kopf schossen. Er b\u00fcckte sich nach einem Sturmgewehr und \u00fcberpr\u00fcfte deren Funktion. Alles schien in Ordnung. Das Magazin konnte man ohne widerstand einf\u00fchren und Durchladen. Der Hebel, der den Schussmodus wechselte, war ein wenig streng zu bedienen, war jedoch kein Problem. Sein blick wanderte zum fast v\u00f6llig zerst\u00f6rten Hubschrauber. Auf dem Weg dorthin sammelte er noch ein paar Magazine auf die die toten Soldaten noch nicht benutzt hatten. Am Hubschrauber lag eine halb verbrannte Vorratskiste. In seinem inneren bat er drum, dass da was Gutes drin ist. Und tats\u00e4chlich er fand eine Schutzweste mit Keramikplatten und einigen zus\u00e4tzlichen Taschen. Das grinsen wurde immer breiter. \u2018\u2019\u00c4h... Matt alles klar? \u2019\u2019 fragte die junge Frau und lehnte sich an den T\u00fcrrahmen und erschreckte dabei Matt fast zu Tode. Er drehte sich schnell um 180 Grad und zielte mit dem Montierten Holovisier direkt auf ihren Kopf. Sie erschrak ebenfalls und suchte hinter der T\u00fcre Deckung. \u2018\u2019 Ich bin\u2019s du nur! \u2018\u2019 Rief sie hervor.\u2018\u2019 Bist du lebensm\u00fcde!? \u2018\u2019 Matt war einen Millimeter davon entfernt den Abzug zu dr\u00fccken und senkte seine Waffe wieder bevor noch jemand ums Leben kommt oder schlimmeres. Matt lief langsam zur Kante des Daches, hob seinen Arm und zeigte in Richtung des Horizontes.\u2018\u2019Ich bin seit 4 Monaten unterwegs... Hab den ganzen Weg aus Ventura Bay hierher gemacht und da muss ich hin. Richtung S\u00fcden zum South Creek. Das sind noch gut 900 Kilometer. Wenn du weg willst dann ist das deine Chance. Die einzige Chance. \u2019\u2019 Sie senkte ihren Kopf und \u00fcberlegte kurz. \u2018\u2019 S\u00fcden h\u00f6rt sich gut an\u2026\u2019\u2019 sie legte ein wenig verlegen die Hand auf ihren Nacken. Die beiden tr\u00f6delten nicht lange und bahnten sich den Weg zur\u00fcck zur Lobby. Matt hatte sein Gewehr immer im Anschlag, nur so f\u00fcr den Fall. Er konnte sich jedoch nicht helfen und schaute immer wieder zu der jungen Frau. Sie trug, zumindest nicht offensichtlich, keine Waffe bei sich. Die auf dem Dach hat sie nicht einmal anger\u00fchrt. Und machte auch keine Andeutungen eine zu besitzen. \u2018\u2019Darf ich dich was fragen? \u2019\u2019 fragte Matt die junge Frau als sie quer durch die Lobby schritten. \u2018\u2019Ja? \u2019\u2019 sagte sie z\u00f6gerlich. \u2018\u2019Wie kommt es, dass du ohne Schusswaffe heruml\u00e4ufst, muss doch die H\u00f6lle sein immer nur weg zu laufen. \u2019\u2019 Es war einen Moment lang still und sie zuckte anschliessend nur mit ihren Schultern. Matt verdreht die Augen und sagt als er seinen Kopf von ihr abwandte. \u2018\u2019Dann eben nicht. \u2019\u2019Sie erreichten schliesslich die T\u00fcr durch die Matt reingerannt ist und entfernten alle Barrikaden. Er sah sie an und nickte. Sie erwiderte seinen Blick mit geweiteten Pupillen und fasste sich an den G\u00fcrtel mit mehreren kleinen Taschen. Aus irgendeinem Grunde schienen sie sich zu verstehen. Ausserdem breitete sich ein Gef\u00fchl der Vertrautheit aus, nicht viel. Nur ein kleiner funke. Matt riss die T\u00fcr auf und lief nach draussen, die junge Frau schnell hinter ihm her. Ungl\u00fccklicherweise, jedoch keineswegs \u00fcberraschend, war das ein bisschen zu Laut. Nat\u00fcrlich wunderten sich die Untoten in der N\u00e4he was das f\u00fcr ein Krach ist und liefen in die Richtung der beiden. \u2018\u2019Scheisse! \u2019\u2019 die junge Frau zuckte als Matt anfing die Dose Arschtritt in Form mehrerer Feuerstosssalven zu \u00f6ffnen. Er streckte in wenigen Sekunden eine beachtliche Summe Untote nieder. Der jungen Frau entwich ein leichtes l\u00e4cheln und rannte auf einige Zombies zu. Matt bemerkte sie aus dem Peripheren Blickwinkel und stoppte sein Feuer. \u2018\u2019Hey! Kreuzfeuer!\u2018\u2019 Schrie er ihr nach. Das k\u00fcmmerte sie nicht gross, denn sie wusste genau was sie Tat. Fast schon so leicht wie eine Feder, sprang sie von Kopf zu Kopf der Untoten und hinterliess mit Ihren Klingen enormen Schaden. Das Blut schoss aus den Adern der Zombies. Matt stand verdutzt da, mit aufgeklappter Kinnlade und es d\u00e4mmerte ihm langsam warum die junge Frau keine Schusswaffe besass. Schlicht und einfach, sie ben\u00f6tigte keine denn mit ihren Klingen war sie mehr als gut versorgt. Aus Matts Perspektive, sah das ganze ziemlich beeindruckend aus. Es machte ihm sogar ein wenig Spass ihr dabei zuzusehen.\u2018\u2019Achtung da ist noch einer. Autsch, da war einer\u2019\u2019 Rief Matt ihr nach als sie gerade den Letzten aufgekn\u00f6pft hatte. Sie kniete in fast heroischer Pose und hielt in jeder Hand eines ihrer Messer. Auf einmal begann Matt zu klatschen. \u2018\u2019Und das ohne einen Kratzer, sie an sieh an. \u2019\u2019 Die junge Frau dreht sich um und zeigt ihm still den Vogel, wischte das Blut von der Klinge und versorgte diese wieder in ihre Halterungen an ihrem G\u00fcrtel.\u2018\u2019Warte... wie ist eigentlich dein Name? \u2019\u2019 Sie strich sich ihr Haar hinter die Ohren und drehte sich um\u2018\u2019Jane\u2026 \u2019\u2019",
            "wordcount": "1.959",
            "chapter_release": "04.01.2019",
            "chapter_number": "1"
        },
        "2": {
            "text": "Die beiden schritten Seite an Seite die Strassen und Gassen des komplett heruntergekommenen Stadtbezirks entlang. Matt liess Jane ein paar Schritte voraus. Mit seinen Augen untersucht er jeden Winkel, denn er wusste ziemlich genau das die Zombies zwar keine hohe Intelligenz besassen, aber ein Hinterhalt funktionierte in der Regel ganz gut und ehe man sich versieht, ist man Zombie-M\u00fcsli. Vielleicht, und auch nur wenn man Gl\u00fcck hat, kehrt man nicht wieder als solch ein h\u00e4ssliches Ding \u0001 \u0002 war da anders, sie schien abgestumpft. Passte nicht sonderbar auf ihre Umgebung auf, zumindest machte sie nicht den Eindruck. Hielt den Kopf ein wenig gesenkt. Sie war in Gedanken als Matt auf einmal von hinten an sie heranschritt und sie an der Schulter nach unten in Deckung zog. \u2018\u2019Hey! Wa... Hpmf\u2019\u2019 Matt hielt ihr die Hand vor den Mund und zeigte nach vorne. Eine kleine Horde Totes Flesch machte gerade eine Volkswanderung. Etwa f\u00fcnfzehn st\u00fcck. Jane riss seine Hand von ihrem Mund weg. \u2018\u2019Lass den Scheiss... ich bin kein Kind! \u2019\u2019 Sie wollte gerade drauflos St\u00fcrmen als Matt sie wieder zur\u00fcckhielt. \u2018\u2019Matt las mich los! \u2019\u2019 Er sch\u00fcttelte den Kopf und zeigte auf einen, den Umst\u00e4nden entsprechend, sehr komisch aussehenden Zombie. Ein bisschen gr\u00f6sser und d\u00fcnner. Seine Haut gleichte Optisch einem ausgetrockneten, harten W\u00fcstenboden. Jedoch gr\u00e4ulicher, und noch verwesener als die anderen Untoten.\u2018\u2019Schreier... deine s\u00fcssen Klingen n\u00fctzen da nicht viel. du kommst h\u00f6chstens auf f\u00fcnf Meter an ihn ran\u2019\u2019 Jane schaute ihn Ungl\u00e4ubig an und f\u00fcgte hinzu. \u2018\u2019Aber deine Patronen schon? \u2019\u2019 Er sch\u00fcttelte den Kopf. \u2018\u2019Leider nein. wenn ich jetzt einen Schuss l\u00f6se dann wird das zu unserem Verh\u00e4ngnis. \u2019\u2019Die beiden sassen ganz sch\u00f6n in der Patsche. Matt blickte kurz aus der Deckung zu der Gruppe Zombies bevor er seine Augen zusammenkniff und vor Schmerz anfing zu Husten. Er sackte langsam zu Boden. \u2018\u2019Mach nicht so ein l\u00e4rm... Matt. Matt? \u2019\u2019 Jane Drehte sich zu ihm und sah das er am Boden lag seine Augen weit aufgerissen und der Schweiss lief von seiner Stirn \u00fcber seine Wangen und Ohren und landeten auf dem Asphalt. Ihm stand Panik ins Gesicht geschrieben. Etwas schien nicht in Ordnung.\u2018\u2019Matt! \u2019\u2019 Schrie sie und bemerkte das er sich an seine Brust fasste. Die Zombies wurden, aus offensichtlichen gr\u00fcnden, auf die beiden aufmerksam und fingen an interessiert in ihre Richtung zu laufen.\u2018\u2019Mist! \u2019\u2019 Dachte Jane und stand v\u00f6llig ratlos da. Ihr Blick wanderte \u00fcber seiner Brust, um herauszufinden was das Problem zu sein schien. Sie fummelte am Verschluss der Weste und riss sie vorne auf. Doch da war nichts. Von aussen schien alles in Ordnung.\u2018\u2019Die... Tasche... \u2019\u2019 \u00c4chzte Matt und zeigte auf diese an der Seite seines Beines. \u2018\u2019Die Rot markierte Spritze\u2026 schnell! \u2019\u2019 seine Stimme fing an unter der Belastung zu versagen. Jane kniete sich hin, und gr\u00fcbelte in der Tasche. Sie fand die Spritze neben Zwei weiteren Kan\u00fclen und bevor sie sie ihm verabreichen konnte, blickte sie zum Schreier, um herauszufinden wieviel Zeit sie noch hatten. Die Horde war nun ein wenig n\u00e4her, hatten die beiden jedoch noch nicht entdeckt. \u2018\u2019In den Oberschenkel! \u2019\u2019 Rief Matt. Sie zuckte vor Schreck als sie ihren Blick wieder zur\u00fcck zur eigentlichen Aufgabe wandte. \u2018\u2019Scheiss nadeln...\u2019\u2019 sagte sie sich und rammte ihm die Spritze in den Oberschenkel. \u2018\u2019Scheisse!!\u2019\u2019 St\u00f6hnte er in einer ung\u00fcnstigen Lautst\u00e4rke. \u2018\u2019Willst du meinen Oberschenkel \u0001 \u0002. schlagen?! \u2018\u2019 Das war ein bisschen zu fest, und Jane zuckte ein st\u00fcck \u0001 \u0002 Mittel in der Spritze wirkte in der Regel nach circa einer Minute, zeit die sie in diesem Moment nicht hatten. Die Horde kam immer n\u00e4her, Matt hielt Jane an ihr Handgelenk. Sie sah zu ihm r\u00fcber, er hielt sich mit einem zugekniffenen Auge den Zeigefinger vor dem Mund und sch\u00fcttelte langsam den Kopf \u2018\u2019Noch nicht... es f\u00e4ngt an zu wirken\u2019\u2019 Jane l\u00f6ste Matts griff und klatschte seine Hand von ihr \u0001 \u0002 konnte sich langsam wieder aufraffen und brachte kniend sein Gewehr in Anschlag. Jedoch nur langsam, seine Feinmotorik war noch nicht komplett wieder da und hinzu kam, dass seine H\u00e4nde durch den Anfall immer noch zitterten. \u2018\u2019Genug gepennt Cowboy? \u2019\u2019 Spottete Jane. Ihre Anspannung l\u00f6ste sich ein wenig und drehte sich um, um nach der Horde zu sehen. Zu ihrer grossen \u00dcberraschung stand der Schreier bereits auf der anderen Seite der Betonabsperrung, hinter der die beiden in Deckung gingen. Jane riss die Augen auf und schrie vor Schreck. Matt, der sich mit seiner Ausr\u00fcstung besch\u00e4ftigte, blickte mit seinen Nackenhaaren aufgestellt, hinauf zu Jane und sah den Schreier \u00fcber ihr stehen. \u2018\u2019Lauf!! \u2019\u2019 Schrie Matt und verpasste dem Monster, im Aufstehen, einen Schuss ins linke Auge. Das war ein fataler Fehler denn er taumelte ein Schritt nach hinten und fing an zu \u0001 \u0002 und Jane hielten sich die Ohren zu als sie aus der Deckung sprangen und sich vom Acker machten. Der L\u00e4rm war ohrenbet\u00e4ubend und mit ziemlicher Sicherheit im ganzen Block zu H\u00f6ren. Und so wie es kommen musste, orientierten sich alle Zombies im n\u00e4heren Umkreis dem Gekreische und folgten den beiden, die einen langsamer die anderen waren etwas zackiger unterwegs.\u2018\u2019Mir nach! \u2019\u2019 rief Jane als sie um eine Hausecke abbog. Matt war noch immer nicht ganz Hundert und konnte deshalb gerade noch, mit halber Schnappatmung, mithalten. Er musste ihr blind vertrauen, eine andere Wahl hatte er nicht. Er schaute immer wieder \u00fcber seine Schulter nach hinten um zu \u00fcberpr\u00fcfen wie weit weg die Zombies noch waren. Stellte sich einmal mehr heraus, die Dinger konnten rennen und das ziemlich schnell. Einige holten sogar ein St\u00fcck weit auf. \u2018\u2019Wo geht\u2019s \u00fcberhaupt hin? \u2019\u2019 Rief Matt Jane zu als sie in eine schmalere Gasse einbogen.\u2018\u2019Ein kleines versteck, du wirst sehen! \u2019\u2019 Antwortete Jane und zeigte nach vorne auf eine T\u00fcr \u2018\u2019Da rein, schnell! \u2019\u2019 Matt keuchte ziemlich heftig, sein Zustand schien sich durch die J\u00fcngsten Sportaktivit\u00e4ten zu verschlimmern. Jane riss die T\u00fcr auf und winkte ihn hinein.\u2018\u2019Los Lahmarsch! \u2019\u2019 Matt gab alles und sprintete die letzten dreissig Meter. Beide schafften es mehr oder weniger unversehrt und verbarrikadierten die T\u00fcr, zehn Sekunden sp\u00e4ter klopfte und kratzte es in einer haarstr\u00e4ubenden Lautst\u00e4rke an der T\u00fcre. Nochmal Schwein \u0001 \u0002 lief zur Werkbank und setzte sich hin, w\u00e4hrend Matt am Aktenschrank hinunterrutschte um sich hinzusetzten. Sein Kopf gesenkt und seine Augen geschlossen.\u2018\u2019Lass dir nicht zu viel zeit, hilf mir lieber mal\u2019\u2019 Sagte Jane trocken, sie lief mit Werkzeug hin und her. Matt sah zu ihr r\u00fcber als er das geklimper vernahm. Gleichzeitig bemerkte er in diesem Moment, das ein Fahrzeug dastand und sie sich in einer Garage befanden. Er richtete sich langsam wieder auf, sein blick auf das Fahrzeug fokussiert. Er konnte kaum glauben was er dastehen sah.\u2018\u2019Ein Fahrzeug...\u2019\u2019 murmelte er und sah verdutzt zu Jane r\u00fcber.\u2018\u2019Scharf kombiniert Sherlock\u2026 komm her! \u2019\u2019 Sie war vorne am Motorblock mit einem Problem \u0001 \u0002 lief langsam, fast schon vorsichtig zu ihr r\u00fcber, konnte seinen Augen kaum trauen. \u2018\u2019Ich meine... es ist ein Honda... aber es ist immerhin etwas. \u2019\u2019 Matt strich mit seiner Hand \u00fcber die hintere linke Seitenwand als er am Fahrzeug vorbei zu Jane schritt. Ihr entgleiste ein leichtes l\u00e4cheln. \u2018\u2019Keine Rasenm\u00e4her Witze\u2026 klar!?\u2019\u2019 Beide st\u00fctzten sich an der Stossstange und schauten den Motor an. \u2018\u2019Du steckst voller \u00dcberraschungen, h\u00e4tte nie im Leben gedacht, das ich noch ein funktionierendes Gef\u00e4hrt sehe. \u2019\u2019Freute sich matt und rieb sich die H\u00e4nde. \u2018\u2019Langsam Cowboy, das Ding f\u00e4hrt nicht, noch nicht. Letztens brachte ich ihn zum Laufen aber der Motor l\u00e4uft unruhig und hat praktisch keine Leistung. \u2019\u2019 Jane fasste sich an den Hinterkopf und machte nachdenklich einen Schritt zur\u00fcck. Matt \u00fcbernahm und fummelte an den Z\u00fcndkerzen. Das weckte Janes \u0001 \u0002 bemerkte nicht das sie bereits seit f\u00fcnf Minuten neben ihm stand und gebannt zuschaute als er Zielgerichtet das Problem anpackte. Sie Musterte ihn dabei immer genauer. Schweisstropfen liefen seiner Wange und Stirn hinunter, die er sich mehrmals abwischte und dabei leichte \u00d6lflecken und Dreck hinterliess. Sie beobachtete Brandnarben die von seinem Hals seitw\u00e4rts hinter sein Ohr gingen. Eine Narbe die sich etwa sieben Zentimeter seiner Schl\u00e4fe zu seiner Wange zieht.\u2018\u2019Feile. \u2019\u2019 Matt streckte seine Hand aus mit Blick auf die Z\u00fcndkerze.\u2018\u2019Was? \u2019\u2019 Jane war so vertieft in Matt, dass sie ihn beim ersten Mal nicht verstand.\u2018\u2019Feile bitte. \u2019\u2019 Freundlich wie Matt halt \u0001 \u0002 wurde rot, reichte ihm das Werkzeug und wandte sich ab. Sie musste sich ablenken und stieg ins Fahrzeug. Da fummelte sie an der Verkabelung des \u0001 \u0002 feilte zwei von vier Z\u00fcndkerzen wieder sauber und bog den Draht n\u00e4her an den Kontakt, sodass der funken besser springen konnte, so sollten keine Fehlz\u00fcndungen mehr auftreten und der Wagen wieder auf allen vier Zylindern sauber laufen. \u2018\u2019 Jane, lass den Wagen mal an bitte. \u2019\u2019 Sagte Matt als er sich die H\u00e4nde mit einem alten Lappen abrieb. Sie drehte den Z\u00fcndschl\u00fcssel und tats\u00e4chlich, der Wagen sprang an. Sie konnte es kaum fassen, ein Gelegenheit bot sich endlich aus dieser Stadt zu kommen. Nach aussen konnte Jane das nicht zeigen, aber sie war sehr froh dar\u00fcber. Matt hatte nat\u00fcrlich ein riesen Grinsen im Gesicht. M\u00e4nner und ihr \u0001 \u0002 schloss die Motorhaube, holte sein Gewehr und schwang sich auf den Beifahrersitz. Er grinste ungez\u00fcgelt zu ihr. Sie fasste sich nur an die Stirn und zeigte aufs Garagentor. Sein Blick folgte ihrem Finger, und merkte das er eine Sekunde zu lange gebraucht hatte, um zu begreifen, dass das Tor noch geschlossen war und sie so nat\u00fcrlich nicht entkommen \u0001 \u0002 war peinlich ber\u00fchrt, r\u00e4usperte sich und stieg aus dem Fahrzeug. Er \u00f6ffnete das Tor und begab sich schnell wieder neben \u0001 \u0002 legte den Gang ein und Beschleunigte aus der Garage.",
            "wordcount": "1.588",
            "chapter_release": "04.01.2019",
            "chapter_number": "2"
        },
        "3": {
            "text": "\u2018\u2019Wooohooo!\u2019\u2019Matt lehnte sich aus dem Fenster des fahrenden Fahrzeuges und schoss im Vorbeifahren ein ganzes Magazin leer.\u2018\u2019Nimm das du st\u00f6hnendes Gammelfleisch! \u2019\u2019Matt hatte sichtlich ein wahres Freudenfest. Dies lag daran, dass es einer dieser seltenen Momente war, in dem er die Oberhand hatte. Matt setzte sich wieder und lud sein Gewehr nach.\u2018\u2019Endlich l\u00e4uft es mal gut. \u2019\u2019 Er stiess ihr dabei seinen Ellbogen leicht in ihre Seite. Nat\u00fcrlich in einer verspielten Manier. \u2018\u2019Matt! \u2019\u2019 Jane war sichtlich genervt. \u2018\u2019H\u00f6r mit der Scheisse auf! H\u00e4ltst du das hier alles f\u00fcr einen Witz? Und h\u00f6r auf mich st\u00e4ndig irgendwie zu ber\u00fchren! \u2019\u2019 Die Stimmung kippte bei Matt, er sah zu ihr und gab keinen Ton von sich. Er verstaute sein Gewehr nach hinten auf die R\u00fcckbank und seufzte laut auf. Matt z\u00fcckte ein kleines Notizbuch und kritzelte darin, um sich die Zeit zu vertreiben. Die Fahrt danach verlief steril, keiner wollte irgendwie ein Wort mit dem anderen \u0001 \u0002 schaute auf die Uhr in der Schalttafel des Fahrzeugs. 19:20 Uhr, es war schon sp\u00e4t. Sie wurde langsam m\u00fcde, liess es sich jedoch nicht anmerken. Ihr Dickkopf stand ihr im weg sich schw\u00e4chen einzugestehen. Jane sagte Matt nichts, jedes G\u00e4hnen versuchte sie zu unterdr\u00fccken, schaute dabei immer links aus ihrem \u0001 \u0002 war in sein Notizbuch vertieft als espl\u00f6tzlich im Fahrzeug ratterte, es m\u00fcndete in ein lautes dr\u00f6hnen, so das Matt sein Notizbuch vor Schreck in den Fussraum fallen liess. Sein blick ging umgehend zu Jane die scheinbar \u00fcberhaupt nicht auf die Situation reagierte. Kein Wunder. Die Olle Schlaftablette war hinter dem Steuer eingenickt und fuhr auf halbem Wege Offroad. \u2018\u2019 Jane. \u2019\u2019 Sie reagierte kein bisschen. \u2018\u2019 Jane! \u2019\u2019 Er fing an sie zu sch\u00fctteln und sie sprang sofort auf und realisierte erst ein paar Meter vor einem Verkehrsschild das sie sekundenschlaf hatte und riss das Steuer nach \u0001 \u0002 Fahrzeug schleuderte seitw\u00e4rts die Strasse entlang, teilweise nur auf zwei R\u00e4der und drohte umzukippen, kam aber schliesslich \u00fcber beide Spuren zum Stillstand. Nach einem kurzen Moment der Ruhe fing Matt an zu lachen, fast schon hysterisch. Jane die mit v\u00f6llig zerzaustem Haar das Lenkrad festhielt, starrte durch die Frontscheibe und konnte nicht fassen was auf dem Beifahrersitz abging. \u2018\u2019Du findest das wohl lustig. \u2019\u2019 zischte Jane mit geschlossenen z\u00e4hnen. Matt, wie er halt ist, klopfte sich auf den Oberschenkel und konnte sich nur langsam wieder einkriegen. \u2018\u2019Ich sage dir, das war \u2018ne knappe Geschichte. Ein paar Meter mehr und aus uns w\u00e4re Strassenschildgulasch geworden. \u2019\u2019\u2018\u2019Es reicht! \u2019\u2019 Rief Jane aus. Das k\u00fcmmerte Matt nicht viel da er noch immer lachen musste. Sie seufzte, startete den Motor erneut und fuhr rechts an den Strassenrand. Sie stieg aus und lief draussen am Waldrand hin und her um frischen Sauerstoff in ihren K\u00f6rper zu lassen und die Situation gerade eben zu \u0001 \u0002 hatte sich Matt beruhigt, griff nach seinem Gewehr auf der R\u00fcckbank und stieg aus. Jane lehnte sich an einen Baum und schaute nach oben. Die Sonne war noch knapp \u00fcber dem Horizont zu sehen. Die Nacht stand kurz bevor.\u2018\u2019So kann ich nicht weiterfahren\u2019\u2019 gab Jane schliesslich zu w\u00e4hrend sie ihre arme Verschr\u00e4nkte. Sie wirkte fast \u0001 \u0002 traute seinen Ohren nicht.\u2018\u2019 Wie bitte, was war das? \u2018\u2019 Seine Mundwinkel bildeten ein leichtes L\u00e4cheln und er drehte sich Richtung Wald. \u2018\u2019Es war ein anstrengender Tag, lass uns irgendwo ein Lager Aufschlagen. \u2019\u2019 Er wollte nicht weiter auf Janes Aussage eingehen da er sich denken konnte wie schwer ihr das fallen musste, so etwas gegen\u00fcber einem fast Fremden zuzugeben. Das war keineswegs schwach, im Gegenteil, es zeugt von st\u00e4rke seine Grenzen zu \u0001 \u0002 l\u00f6ste sich vom Baum, Nickte leicht und lief an Matt vorbei in den Wald \u2018\u2019Deine erste anst\u00e4ndige Entscheidung heute, Cowboy\u2019\u2019 Er brachte sein Gewehr in Anschlag und schritt ihr \u0001 \u0002 herrschte eine ungem\u00fctliche Ruhe, abgesehen von den Knackger\u00e4uschen unter ihren F\u00fcssen die von den Zweigen ausgehen die sie mit den F\u00fcssen beim laufen zertrampeln. \u2018\u2019Da. \u2019\u2019 Jane zeigt auf eine stelle, die ein wenig Platz mit flachem Boden bietet. \u2018\u2019Alles klar. \u2019\u2019 Best\u00e4tigte Matt und warf sich sein Gewehr \u00fcber die Schulter. \u2018\u2019Wir brauchen ein Feuer, und Wasser. \u2019\u2019 Matt schaute sich um und hob hie und da einige Steine auf, die er Sp\u00e4ter f\u00fcr das Lagerfeuer benutzen wird. \u2018\u2019Was ist mit Nahrung? \u2019\u2019 Fragte Jane und brach einige Zweige ab. \u2018\u2019Der menschliche K\u00f6rper kann locker einige Tage ohne Nahrung auskommen. Ohne Wasser wird\u2019s schwieriger.\u2019\u2019Die beiden trafen sich mit allen ben\u00f6tigten Utensilien f\u00fcr das \u0001 \u0002 griff in eine Tasche der Schutzweste und z\u00fcckte ein St\u00fcck trockenes Moos heraus welches er vorhin beim Steine sammeln gefunden hatte. Aus seiner Hosentasche holte er die Packung \u0001 \u0002 kniete sich hin und begann das Moos in seiner Hand mit dem Streichholz zu entfachen. Wenn es anfing zu rauchen, blies er ganz sanft, dass die junge Glut genug Sauerstoff bekam um nicht zu \u0001 \u0002 steckte das St\u00fcck Moos nun vorsichtig zwischen alle Zweige, b\u00fcckte sich so das er seitlich weiterpusten konnte um das Feuer am Leben zu \u0001 \u0002 hatte es sich inzwischen auf einem umgest\u00fcrzten Baumstamm gem\u00fctlich gemacht und schaute wieder einmal Matt \u0001 \u0002 ihren Augen war er etwas zwischen einem verspielten Kindskopf, der scheinbar nichts ernst nimmt und einem Erwachsenen der irgendwie auf alles eine L\u00f6sung hat. Denn wenn es ums \u00dcberleben geht, war er immer absolut fokussiert. Er hatte den gleichen strengen Blick wie vorhin bei der Reparatur der Z\u00fcndkerzen. Jane entfloh ein l\u00e4cheln bei dem Gedanken. \u2018\u2019Das habe ich gesehen. \u2019\u2019 L\u00e4chelte Matt sanft und lief an ihr vorbei zu einem kleinen Vorsprung hinter ihr. Jane lief bei der Bemerkung Rot an und schaute mit Herzklopfen in die andere Richtung. \u2018\u2019Das Gl\u00fcck ist uns Hold. \u2018\u2019 Janes Interesse war geweckt. Weiter unten war ein kleiner Fluss der vor sich hin pl\u00e4tscherte.\u2018\u2019Ich hole Wasser, pass auf das Feuer auf\u2019\u2019 Jane wollte gerade den Vorsprung runterh\u00fcpfen, der gerade mal einen halben Meter hoch war.\u2018\u2019 Womit transportierst du das Wasser? Ich habe geh\u00f6rt die haben Hosen entwickelt mit wasserdichten Hosentaschen. \u2019\u2019 Matt grinste und streckte ihr eine Thermoskanne entgegen, die hinten an seiner Weste \u0001 \u0002 machte einen Schritt zur\u00fcck und riss ihm die Kanne aus der Hand \u2018\u2019Ich hasse dich. \u2019\u2019 Kl\u00e4ffte sie ihn an. \u2018\u2019Och nicht doch. \u2019\u2019 Sagte er ganz locker und setzte sich auf den Baumstamm. Jane verschwand bereits in den B\u00fcschen und bahnte sich einen Weg nach unten. Matt sass inzwischen da, starrte friedlich ins Feuer und war hin und weg. Das knistern bescherte W\u00e4rme und Frieden. Es zog Matt vollkommen in seinen Bann. Das weckte seine Primitive Seite, alles machte Sinn, alles war In Ordnung. Nebenbei zerbrach er einige \u00e4ste die neben dem Baumstamm lagen um sie sp\u00e4ter in das Feuer zu \u0001 \u0002 Geschrei ert\u00f6nte pl\u00f6tzlich aus der Richtung in die Jane gewandert ist. Matt erschrak sich zu Tode, und stand sofort auf. Das Gewehr innert Bruchteilen einer Sekunde im Anschlag. Kimme und Korn Richtung Schrei.\u2018\u2019Matt!! Hilfe! \u2019\u2019Das war definitiv Jane, Matt machte sich umgehend auf den Weg. Vorsichtig untersuchte er schritt f\u00fcr schritt seine Umgebung. Das Geschrei liess ihn Adrenalin aussch\u00fctten, er wusste Jedoch damit umzugehen und das Hormon zu kanalisieren. \u2018\u2019Ich bin hier! \u2019\u2019 rief Jane. Sie lag verletzt am Boden und konnte sich nicht bewegen. Eine Alte rostige B\u00e4renfalle, auch das noch. Wer h\u00e4tte das gedacht, es k\u00f6nnte ein Zombie, eine Schlange, Herrgott sie k\u00f6nnte sich an einem niedlichen Hasen erschrecken k\u00f6nnen. Aber eine B\u00e4renfalle? Hoffentlich war die Letzte Tetanus Impfung nicht allzu fern her. Jane lag mit blutigem Bein und Tr\u00e4nen in den Augen da. \u2018\u2019Matt bitte hilf mir...\u2019\u2019 Ihre Stimme zitterte und die Angst war deutlich zu h\u00f6ren. Matt rutschte das Herz in die Hose. So kannte er sie \u00fcberhaupt nicht. Man sagt, dass in einer brenzligen Situation der Wahre Charakter zum Vorschein kommt. F\u00fcr Jane war es die Ultimative Pr\u00fcfung. Die Toughness, war eine Fassade, dessen war sich Matt nun sicher.\u2018\u2019Halt still, ich versuch\u2019 den Ring zu l\u00f6sen! \u2019\u2019 Matt entlud das Magazin aus dem Gewehr und die Patrone aus der Kammer, damit sich w\u00e4hrend er mit dem Schaft des Gewehres auf die Falle einpr\u00fcgelte, kein Schuss l\u00f6st. Matt hatte kein Gl\u00fcck bei der Aktion, die Falle machte keinen Millimeter auf. Im gegenteil, es schien Jane noch mehr zu Verletzen. \u2018\u2019Matt!! \u2018\u2019\u2018\u2019Scheisse! Entschuldige. \u2019\u2019 Er suchte nach einer anderen L\u00f6sung w\u00e4hrend sich Jane weiter vor Schmerzen auf dem Boden kr\u00fcmmte. \u2018\u2019Befrei mich Matt... bitte\u2019\u2019 Sie war verzweifelt, ihr liefen Schweiss und Tr\u00e4nen die Wange hinunter.\u2018\u2019Halt dein Bein still! \u2018\u2019 Er Inserierte sein Magazin wieder in den Magazinschacht des Gewehres und zog den Ladehebel nach hinten. Sie Schaute zu ihm hinauf als er sein Gewehr in Anschlag brachte. \u2018\u2019Was, wird das? \u2019\u2019 Jane wurde nerv\u00f6s. \u2018\u2019 Vertrau mir, beweg dich nicht\u2019\u2019 Matt konnte sie ein wenig \u0001 \u0002 l\u00f6ste ein Schuss. Das Projektil traf die Feder die vom Teller aus den Ring spannte und die Falle l\u00f6ste sich.\u2018\u2019Gott sei Dank! \u2019\u2019 Jane war erleichtert, doch das schlimmste war nicht \u00fcberstanden. Matt schaute den Hang hinauf, und versuchte einen weg zu finden, um sie so einfach wie m\u00f6glich zur\u00fcck zum Lagerfeuer zu bringen.\u2018\u2019Huckepack, komm. \u2019\u2019 Matt drehte Jane den R\u00fccken zu und ging in die Knie. Sie willigte ein und kletterte auf seinen R\u00fccken. \u2018\u2019Tut mir leid.\u2019\u2019 Winselte sie mit Tr\u00e4nen in den Augen und grub ihr Gesicht in seinen Nacken. Matt l\u00e4chelte leicht und sagte mit ruhiger und versichernder stimme \u2018\u2019Du wirst wieder, keine Sorge. \u2019\u2019",
            "wordcount": "1.560",
            "chapter_release": "04.01.2019",
            "chapter_number": "3"
        },
        "4": {
            "text": "Matt setzte Jane nahe ans Lagerfeuer. Sie \u00e4chzte und jammerte vor sich hin. Die Blutung musste auf jeden Fall schnellstm\u00f6glich gestoppt werden. Die Rostpartikel an der B\u00e4renfalle waren auch nicht gerade ein beruhigender Faktor. \u2018\u2019Matt, mir ist \u00fcbel...\u2019\u2019 Jane fasste sich an den Bauch und legte sich auf den R\u00fccken.\u2018\u2019Ich weiss, beweg dich nicht zu viel. Tiefe Atemz\u00fcge. \u2019\u2019 Matt zog vorsichtig ihr Schuh aus und ihm bot sich ein Bild des Grauens. An der Innenseite des Kn\u00f6chels befand sich ein etwa f\u00fcnf Zentimeter langer, tiefer schnitt. Das Blut lief nicht gerade in kleinen Mengen aus dem Gelenk. \u2018\u2019H\u00f6r mal, ich kann das wieder geradebiegen du musst mir aber Vertrauen. \u2018\u2019Jane wurde wieder nerv\u00f6s und ihre \u00dcbelkeit schlimmer. \u2018\u2019Was habe ich denn f\u00fcr eine Wahl? \u2019\u2019 Sie fasste sie sich an die Stirn und schluchzte. \u2018\u2019Ich brauche dein Messer\u2019\u2019 Forderte Matt. Jane zeigte zu ihrem G\u00fcrtel, dort waren zwei Messer in einer selbstgebauten Halterung aus Leder und Stahl \u0001 \u0002 zog eins davon vom G\u00fcrtel und legte es auf einem der Steine, die das Lagerfeuer umrunden. Er drehte sich weg und zog seine Schutzweste und Shirt aus. Die Weste legte er auf den Boden und aus den \u00c4rmeln des Shirts einen Improvisierten \u0001 \u0002 h\u00f6rte das aufprallen der Weste auf dem Waldboden und schaute hoch. Sie sah Matt oben ohne irgendetwas werkeln. Ihr Magen drehte sich einen Moment sp\u00e4ter um als ihr sein R\u00fccken aufgefallen war, der mit kurzen und langen Narben \u00fcbers\u00e4t war. Durch die Reflektion des Lagerfeuers kamen die Verletzungen noch viel Pr\u00e4gnanter zur Geltung. Matt gab sich alle M\u00fche sich zu beeilen.\u2018\u2019 Ich brauche noch dein zweites Messer. \u2018\u2019 Er b\u00fcckte sich und zog nun auch das zweite Messer heraus. Die \u00c4rmel trennte er ab und schnitt daraus ein spiralf\u00f6rmiges, langes band. Die klinge hielt er zwischen seinen Arbeitsschritten mit den Z\u00e4hnen fest. Er verknotete ein ende beider \u00c4rmel und hatte nun den improvisierten Verband in der richtigen L\u00e4nge. Er kratzte sich am Kopf und suchte wie ein verr\u00fcckter die Baumrinden ab, er wusste das er vorhin etwas Vertrautes gesehen hatte, das ihm in diesem Moment behilflich sein wird. Da war es! Bartflechte. Ein nat\u00fcrliches Antibiotikum.\u2018\u2019Da bist du, du kleiner scheisser. \u2019\u2019 Er lief zu einem gr\u00e4ulich aussehenden Gestr\u00fcpp und pfl\u00fcckte eine Handvoll davon. \u2018\u2019Das hier wird dir dein Bein retten. \u2019\u2019 sagte er v\u00f6llig theatralisch, mit dem versuch die Situation ein bisschen aufzulockern und Jane abzulenken. Das schlug leider fehl. Ihr ging es richtig mies, sie lag nun auf der Seite und hielt sich in ihrer \u00dcbelkeit den \u0001 \u0002 kniete zu ihr nieder und ber\u00fchrte sie sanft an der Schulter. Er bemerkte wie ihr der Schweiss sehr stark von der Stirn floss. Der Puls raste. Sie zitterte am ganzen K\u00f6rper. \u2018\u2019Scheisse, nicht jetzt\u2019\u2019Den Verband und die Bartflechte legte er neben Jane\u2019s Bein zurecht.\u2018\u2019Jane, Jane h\u00f6r mir zu! \u2019\u2019 sie konnte ihre Augen vor Schmerz kaum noch \u00f6ffnen, murmelte jedoch etwas unverst\u00e4ndliches.\u2018\u2019Wir m\u00fcssen schnell sein, ich muss dir leider Wehtun, um dir zu helfen. Ich brenne die wunde aus. \u2018\u2019 Sein blick wanderte zum Messer, dessen Spitze aus einem orange in ein grelles gelb verl\u00e4uft. Die Temperatur \u0001 \u0002 zitterte weiterhin wie ein \u0001 \u0002 nahm nun das Messer in die Hand, und Fixierte ihr Bein mit der anderen. Er schaute kurz zu ihr, sie schien bet\u00e4ubt und bekam scheinbar nichts mit. Nun das wird sich gleich \u0001 \u0002 dr\u00fcckte auf die Wunde. Ein Gestank und Rauch bildeten sich. Das Ger\u00e4usch war zu vergleichen mit einem Steak, das in einer heissen Bratpfanne brutzelt. Sie schrie so laut, dass ihre Stimme unter der Belastung versagte und sie schliesslich ohnm\u00e4chtig wurde. Matt entfernte die Klinge und packte schnell die Bartflechte auf die betroffene stelle. Er hob vorsichtig ihr Bein an und wickelte schlussendlich den Verband um den \u0001 \u0002 der ganzen Aktion brachte er Jane in die Seitenlage und \u00fcberpr\u00fcfte Puls und Atmung. Alles schien in Ordnung zu sein. Er entschied sich sie so liegen zu lassen und nicht weiter zu st\u00f6ren, wahrscheinlich wird sie den Schmerz ausschlafen und am n\u00e4chsten Morgen wird alles ein wenig besser. \u0001 \u0002 Matt hatte langsam Erm\u00fcdungserscheinungen. Eins musste jedoch noch getan werden. Wasser holen. Das Shirt und die Weste zog er sich wieder \u00fcber und packte sein Gewehr. Er lief runter zum Fluss und f\u00fcllte die Kanne. Ganze zwei Liter fanden drin Platz. Ausserdem nahm er die Patrone mit die noch neben der B\u00e4renfalle lag und steckte sie in die Tasche.\u2018\u2019Dich lade ich sp\u00e4ter ins Magazin mein lieber. \u2018\u2019 Zur\u00fcck am Lagerfeuer \u00f6ffnete er den Deckel der Kanne und stellte sie neben das Feuer. Ein wenig Hitze schadet nicht, um ein paar Bakterien und Erreger abzut\u00f6ten. \u2018\u2019Vielleicht ist im Kofferraum eine Decke\u2019\u2019 Dachte sich Matt als er zur zitternden Jane hin\u00fcber schaute und machte sich auf in die Richtung des Wagens. Er \u00f6ffnete den Kofferraum aber ausser einem gammligen, alten Salami Sandwich und einer unge\u00f6ffneten f\u00fcnfer Packung Duftb\u00e4ume, war nichts drin. Da fiel ihm auf das da noch Seitenf\u00e4cher in der Verkleidung waren. Ein schwarzer Wollschal, Bingo!Fast ein halber Meter breit und zwei Meter lang. Die Heckklappe, fiel ins Schloss, das Fahrzeug war wieder abgeschlossen und Matt wieder auf dem R\u00fcckweg.\u2018\u2019Genau da wo ich dich zur\u00fcckgelassen habe. \u2019\u2019 Er deckte sie so gut es ging mit dem Schal zu. Bei der Gelegenheit kontrollierte Matt erneut Jane\u2019s zustand. Zwischenzeitlich schien es ihr bereits besser zu gehen. Sie zitterte deutlich weniger. Das beruhigte \u0001 \u0002 war es auch f\u00fcr ihn an der Zeit sich ein wenig aufs Ohr zu hauen. Er stellte die Kanne weg vom Feuer und legte noch ein wenig Holz nach. F\u00fcr die Nacht und bis zum n\u00e4chsten Morgen sollte die Flamme ausreichen. Das Wetter spielte soweit auch mit. \u2018\u2019 Wow... ich frage mich wann etwas so richtig in die scheisse geht. Gutes Karma gerade. \u2019\u2019 Sein blick wanderte zu Jane. \u2018\u2019Nun nicht f\u00fcr alle... \u2019\u2019 Er setzte sich hin und lehnte sich gegen einen Baum, mit seinem Gewehr quer im Schoss und schloss langsam seine \u0001 \u0002 horchte aufmerksam wie Jane atmete. Das knistern des Feuers. Das sanfte rascheln des Laubes. Das Pl\u00e4tschern des Flusses. Der Geruch des \u0001 \u0002 schliesslich sein Kopf zur Seite nickte.",
            "wordcount": "1.027",
            "chapter_release": "06.01.2019",
            "chapter_number": "4"
        },
        "5": {
            "text": "Ein neuer Tag brach \u0001 \u0002 Vogelgezwitscher. Die B\u00e4ume folgten dem Rhythmus des Winds. Und f\u00fcr einen kurzen Augenblick, k\u00f6nnte man annehmen, war alles in Ordnung. Doch wir wissen wie die Realit\u00e4t wirklich aussah, \u0001 \u0002 erwachte mit einem schrecken, sass schnell auf und suchte Verwirrt die n\u00e4here Umgebung ab um sich zu Orientieren. Sie ben\u00f6tigte einen kurzen Augenblick um zu realisieren wo sie war. Woher die leichten Ziehenden Schmerzen kamen oder was gestern \u00fcberhaupt passiert ist. Sie hatte nur noch das Feuer und Schmerzen in Erinnerung. Alles was sich danach ereignete war \u0001 \u0002 bemerkte einen Schwarzen Baumwollschal der von ihr runterfiel als sie sich aufrichtete. \u2018\u2019Wo kommst du den her? \u2019\u2019 Murmelte Jane vor sich hin bevor sie mit den Schultern zuckte und sich den Schal umwarf. Der Passte gut zu ihren schwarzen Haaren und stahlblauen Augen.\u2018\u2019Ahh... scheisse\u2019\u2019 Ein schmerz schoss durch Ihr Bein und sie sah zu ihrem eingebundenen Kn\u00f6chel. Ein klein wenig Blut war noch ausgetreten doch der Verband hatte gute Arbeit geleistet es aufzufangen. Sie rieb vorsichtig dran. Sie l\u00e4chelte und senkte ihren Kopf \u2018\u2019Oh Matt... du verr\u00fcckter Spinner\u2019\u2019. Da fiel ihr ein, wo war er eigentlich? Sie Realisierte erst jetzt das er nirgends zu sehen war. Das Gewehr, die Kanne alles weg. Jane stand langsam auf und hinkte hin\u00fcber zum umgekippten Baum um sich zu setzten.\u2018\u2019Matt! \u2019\u2019 Rief sie und suchte mit ihren Augen das Komplette, ihr ersichtliche Gebiet ab. Nichts und Niemand. Alles M\u00f6gliche schoss ihr durch den Kopf. Hatte er sie doch nur Benutzt um aus der Stadt zu kommen? Wie kommt sie klar mit ihrer Verletzung? Mit den Messern muss sie auf den Nahkampf z\u00e4hlen. Irgendwelche Erfahrungen mit Schusswaffen besass sie nicht. Sie steigerte sich hinein und fasste sich mit beiden H\u00e4nden an den Kopf und fluchte. \u2018\u2019Aaargh ich kann es nicht fassen! Matt du mieser stinkiger...\u2019\u2019\u2018\u2019Soll ich sp\u00e4ter wiederkommen? \u2019\u2019 Pl\u00f6tzlich tauchte Matt hinter ihr auf. Jane schrie vor Schreck auf und fiel vom Baumstamm auf den Boden. \u2018\u2019Wo kommst du denn Her!? Erschrick mich gef\u00e4lligst nicht so! \u2019\u2019 Befahl sie ihm.\u2018\u2019Ganz ruhig ich bin nur kurz Jagen, wir sollten den Tag mit einem Positiven Erlebnis Starten und etwas essen. \u2019\u2019 Jane schaute ihn finster an. Wenn man dem blick eine Farbe zuordnen w\u00fcrde dann w\u00e4re es definitiv ein Dunkles, sattes leck-mich-am-arsch- \u0001 \u0002 blick wanderte f\u00fcr einen kurzen Moment an ihren verletzten Kn\u00f6chel als er wieder ans Lagerfeuer sass. Er zog einen Mundwinkel nach oben und entlud die Beiden Wildkaninchen von seiner Schulter. Er legte seine Weste und das Gewehr auf dem Boden und Z\u00fcckte ein Improvisiertes Messer aus dem Hosenbund. Auf Primitiver weise selber gebaut. Die Klinge, ein Stein den er erst zurecht geklopft hatte und im Anschluss unten am Fluss auf einem zweiten Stein zurechtgeschliffen. Der griff war aus Holz zurechtgeschnitzt und festgebunden mit Fasern, hergestellt aus der Flora die im Wald zu finden ist. Jane staunte nicht \u0001 \u0002 begann damit die Kaninchen zu h\u00e4uten und zu zerlegen, das Ziel war es so viel Fleisch wie m\u00f6glich zu verwerten. Jane war wieder in einem dieser Momente gefangen. Gefesselt von seinem anblickt wie er aus jeder Situation etwas absolut Unglaubliches Zaubert. Matt war absolut Fokussiert, das kam Jane recht. So konnte sie ihn heimlich studieren.\u2018\u2019Danke... \u2019\u2019 Jane wurde leicht rot. \u2018\u2019Wenn du nicht gewes\u2026 \u2018\u2019 Matt fuhr dazwischen \u2018\u2019Du musst das nicht tun... ich weiss das es dir schwerf\u00e4llt. \u2019\u2019 Er schaute zu ihr und l\u00e4chelte. \u2018\u2019Ist gern geschehen. \u2018\u2019 f\u00fcgte er hinzu und widmete sich wieder seiner \u0001 \u0002 sich Jane geschworen hatte nie wieder eine pers\u00f6nliche Beziehung zu jemandem aufzubauen, war die Faszination und Neugier gr\u00f6sser. Daher gab sie sich einen Ruck und nahm allen Mut zusammen. \u2018\u2019Wie kommt es, dass du eine solch \u00dcberlebenskunst besitzt Matt? Ich meine, wie du st\u00e4ndig Improvisierst und einen k\u00fchlen Kopf bewahrst erscheint mir schleierhaft. \u2018\u2019 Matt hoffte solche Gespr\u00e4che zu vermeiden. Es war ihm stets unangenehm \u00fcber seine Vergangenheit zu Reden. Er vertraute Jane jedoch, trotz der kurzen Zeitspanne die sie miteinander verbrachten. Auch er musste seinen ganzen Mut zusammennehmen und seufzte laut. \u2018\u2019 Wo fange ich an\u2026 \u2018\u2019 Seine Stimmlage \u00e4nderte auf einen ruhigen, tiefen Ton. \u2018\u2019 Die Kanadische Regierung hat viel Zeit und Geld investiert mir das T\u00f6ten und \u00dcberleben beizubringen. Ich war Soldat. Eine Schachfigur. \u2019\u2019 Jane lehnte sich ein wenig vor. Sie hatte es irgendwie geahnt.\u2018\u2019 Ich hatte 12 Jahre meines Lebens damit verbracht Dinge zu tun \u00fcber die ich nie Reden durfte. \u2018\u2019 Er l\u00e4chelte \u2018\u2019 Du w\u00fcrdest dich wundern, wenn du w\u00fcsstest wie Korrupt dieses Land im Inneren wirklich ist.\u2019\u2019 Er schweifte ab ohne es zu bemerken. \u2018\u2019 Mein Letzter Job war ungef\u00e4r eine Woche bevor die ganze Scheisse hier angefangen hat.\u2019\u2019Er schnitt mit dem Messer ein bisschen h\u00e4rter und hastiger. \u2018\u2019 Wir mussten den Transport eines neuen \u2018Impfstoffes gegen Malaria\u2019 der von Biotenix entwickelt wurde, sichern. Das ich nicht lache, das war irgendein Biologischer Kampfstoff. Beim Beladen habe ich den Eierk\u00f6pfen zugeh\u00f6rt. \u2019\u2019 Er wurde sorgloser mit dem Fleisch und liess einiges zur\u00fcck. \u2018\u2019 Wir wurden, ohne es zu wissen, zu den Reitern der Apokalypse. Zwei Tage nach dem Transport starben alle die den Transport begleitet hatten. Wahrscheinlich wollten sie Schwachstellen Elimieren. Ich konnte untertauchen und entkommen. Was ein paar Tage sp\u00e4ter folgte wissen wir alle. \u2019\u2019 Er tat ihr leid, sie wusste genau was es bedeutete benutzt und im Stich gelassen zu werden. \u2018\u2019 Matt das war nicht dein Fehler. \u2019\u2019 sagte sie sanft und erinnerte sich gleichzeitig an seinen Anfall von gestern. \u2018\u2019Was sind das f\u00fcr Blaue Kan\u00fclen die du bei dir Tr\u00e4gst? \u2019\u2019 Jane konnte die Antwort bereits erahnen.\u2018\u2019Der Grund warum ich vor den D\u00e4monen weglaufe. Das ist das mittel was uns alle in dieses St\u00f6hnende pack verwandelt. Es enth\u00e4lt im Gegenzug auch das Gegenmittel, zumindest ben\u00f6tigt man es um es Herzustellen. \u2019\u2019 Ein Kaninchen war fertig und lag auf den Steinen neben dem Feuer um zu garen.\u2018\u2019Was finden wir im S\u00fcden ?\u2019\u2019 Jane strich sich durch ihr Haar und Atmete tief durch.\u2018\u2019Es gibt Orte auf der Welt die nicht betroffen sind. Im S\u00fcden gibt es einen Evakuierungspunkt, ein Flughafen. Wenn wir Gl\u00fcck haben gibt es reisende die uns auf Helikopter oder Flugzeuge mit nach Europa nehmen. Da ist noch einiges Heil. Ich kenne in Schweden jemand, der hat bei Biotenix gearbeitet, er weiss das Gegenmittel herzustellen. \u2018\u2019Jane nickte leicht. Ihr wurde bewusst, dass Matt kein gew\u00f6hnlicher Mensch war. Er hatte eine Aufgabe die er sich selber Aufb\u00fcrdete um einen unterschied auszumachen. Ihm gefiel die Welt nicht, und er war wahrscheinlich der einzige der etwas daran \u00e4ndern konnte und \u0001 \u0002 atmete Erleichtert aus, das loszuwerden tat gut und minderte den Druck ein wenig. \u2018\u2019 Ich bleibe bei dir, ich will zwar nichts von der alten Welt wissen aber so zu leben ist noch beschissener. \u2018\u2019 Matt nickte \u2018\u2019 Danke, ich kann jede Hilfe ben\u00f6tigen. Oh und \u00e4h.. danke f\u00fcrs zuh\u00f6ren Jane.\u2019\u2019 Sie schaute in eine andere Richtung um Augenkontakt mit Matt zu \u0001 \u0002 zweite Kaninchen war inzwischen auch soweit und lag am Feuer. \u2018\u2019 Was macht dein Kn\u00f6chel?\u2019\u2019 Matt stand auf um nach der Verletzung zu sehen. \u2018\u2019Taub, aber soweit sind die schmerzen fast weg. \u2018\u2019 sie schaute Matt zu wie er den verband l\u00f6ste. Er entfernte die Bartflechte und packte den Verband wieder darauf. Die wunde war Noch sehr dunkel, und ben\u00f6tigte einige Wochen um komplett zu verheilen. Nichts desto trotz, die wunde schien sauber und gesund. Gl\u00fcck im Ungl\u00fcck. W\u00e4hrend Matt mit dem Verband hantierte fing Jane an zu kichern. \u2018\u2019So kenne ich dich ja gar nicht. \u2018\u2019 Matt war \u00fcberrascht, und sah zu ihr hoch. \u2018\u2019 Ich musste gerade an den Moment denke als du dein Gewehr in meine Richtung gehalten hast um die B\u00e4renfall aufzuschiessen. Ich kam mir wie ein Verdammtes Pferd vor das sich ein Bein gebrochen hatte und auf den Gnadenschuss wartet. \u2018\u2019 sagte Jane und konnte ihr Lachen nicht mehr zur\u00fcckhalten. Sie steckte dabei Matt an. Beide Genossen es ein wenig Auflockerung zu erleben, den selben Humor schienen sie ja zu \u0001 \u0002 dem Essen, l\u00f6schte Matt das Feuer und half ihr zur\u00fcck zum Fahrzeug, Er liess sie auf den R\u00fccksitz einsteigen. So konnte sie sich ein wenig hinlegen, wenn sie einen Schmerzschub bekam. \u2018\u2019H\u00f6r mal, wir machen einen kleinen Abstecher in ein kleines St\u00e4dtchen das auf dem Weg liegt. Ich m\u00f6chte mich nach Medizin umsehen. \u2018\u2019 Jane nickte nur und fummelte an Matt\u2019s Gewehr \u0001 \u0002 startete den Wagen und fuhr los, sie hatten einen langen Weg vor sich. Matt schaute auf die Uhr. Diese zeigte 8:32. Das versprach ein Langer Tag zu werden. Zumindest waren es Noch ein paar Stunden Autofahrt durch den Wald. Das kleine St\u00e4dtchen kam gleich danach.",
            "wordcount": "1.425",
            "chapter_release": "12.01.2019",
            "chapter_number": "5"
        },
        "6": {
            "text": "Es war kurz vor Mittag, als die beiden es in das kleine St\u00e4dtchen schafften. Im Gegensatz zu den Grossst\u00e4dten sah es hier nicht ganz so \u00fcbel aus. Auch die Zombiepopulation war nicht so dicht. Das machte die ganze Sache zwar nicht Ungef\u00e4hrlich aber wenigstens musste man sich nicht alle paar Meter mit dem Mundgeruch eines Zombies herumschlagen. Der war definitiv schlimmer als der Untote selbst. Und Schreier. Schreier sind auch \u0001 \u0002 ist w\u00e4hrend der Fahrt auf dem R\u00fccksitz eingeschlafen, sie lag auf der Seite und umarmte ihren Schal. Kein Wunder, es war auffallend kalt, denn das kleine St\u00e4dtchen lag in einem Tal, umzingelt von hohen Bergen und weiten W\u00e4ldern. Die Sonne war erst sp\u00e4t am Nachmittag zu sehen und w\u00e4rmte den Ort nur kurz bevor es ein paar stunden sp\u00e4ter wieder dunkel \u0001 \u0002 hielt Ausschau nach einem geeigneten Lokal, um nach Medizinischen Produkten zu suchen. Es bot sich nicht viel Auswahl an. Hie und da kleine L\u00e4den, die haupts\u00e4chlich Esswaren anboten, und bereits gepl\u00fcndert waren. In gutem Schuss schienen die Geb\u00e4ude auch nicht, es war teilweise schwer auszumachen welchem zweck sie einst \u0001 \u0002 bog mehrmals in alle m\u00f6glichen Richtungen von der Hauptstrasse ab und war fast verzweifelt, als er am ende einer Nebenstrasse, in einer Sackgasse, eine kleine Praxis entdeckte. Ein leichtes grinsen machte sich \u00fcber Matt\u2019s Gesicht breit. Er blickte kurz nach hinten zu Jane, die noch immer tief und fest Schlief. Er fuhr langsam rechts ran, mit beiden Reifen auf den Gehweg. Das einfedern und leichte rumpeln der R\u00e4der weckte Jane aus ihrem Schlaf.\u2018\u2019Sind wir da? \u2018\u2019 Sie rieb sich die Augen, sass auf und Schaute aus dem Seitenfenster. \u2018\u2019 Na du Schlafm\u00fctze, endlich fertig gepennt? \u2018\u2019Matt schaltete den Motor aus und nahm den Schl\u00fcssel aus dem Z\u00fcndschloss. \u2018\u2019 Da vorne ist eine Praxis, ich schaue mich kurz um. \u2018\u2019 Sagte er und stieg aus. Er lief nach hinten und machte die T\u00fcr auf. Jane streckte ihm bereits das Gewehr entgegen und Matt nahm es mit einem dankenden L\u00e4cheln entgegen \u2018\u2019 Ich w\u00fcrde ja mit, aber mit meinem Fuss bin ich dir eher eine last. \u2018\u2019 f\u00fcgte sie hinzu, sass auf und warf sich ihren Schal um.\u2018\u2019 Keine Sorge, wenn ich in eine B\u00e4renfalle trete schreie ich ganz laut, dann kannst du mich auch mal retten. Nat\u00fcrlich werde ich, bis du endlich bei mir bist, ausbluten und sterben. \u2018\u2019 scherzte Matt. Jane zeigte ihm ganz trocken den Vogel und Matt schloss die T\u00fcr lachend. Jane sah wie Matt ein paar schritte weiter, mit dem Gewehr im Anschlag, in die Praxis verschwand. Sie schaute sich w\u00e4hrenddessen im Fahrzeug um. Sie fand eine CD h\u00fclle in einem der F\u00e4cher der T\u00fcrverkleidung. Sie fand darin eine CD mit der Aufschrift \u2018Jamies Rock Compilation #4\u2019Ein Radio war zwar eingebaut, aber ob es auch funktionierte? Das wollte Jane herausfinden und schob die CD ein. Siehe da, es funktionierte. Der erste Song war von Stone Sour und trug den Namen \u2018Through Glass\u2019 Der gefiel ihr und sie rutschte ein wenig in den Sitz und versuchte ein wenig zu entspannen, w\u00e4hrend Matt noch da drin \u0001 \u0002 entspannte Stimmung kippte pl\u00f6tzlich als sie das Gef\u00fchl hatte beobachtet zu werden. Sie drehte sich nach rechts und sah eine fremde Person am Fenster stehen, mit einer Kalaschnikow im Anschlag und auf sie gerichtet. Der unbekannte Mann \u00f6ffnete die T\u00fcr und sagte mit seiner rauchigen Stimme \u2018\u2019 Ein Mucks und du stirbst, nimm die H\u00e4nde hoch. \u2018\u2019 Jane war sprachlos und sie tat wie ihre befohlen wurde. Sie liess ihn nicht aus den Augen und bemerkte das auf der anderen Seite ein weiterer Mann, mit einer Kalaschnikow bewaffnet, neben dem Wagen stand. Sie war umzingelt und hatte keine Chance. \u2018\u2019 Wir haben ihn, kommen raus, Over. \u2019\u2019 Ert\u00f6nte es aus dem Funkger\u00e4t, dass an der Schulter des unbekannten Mannes befestigt war. Jane d\u00e4mmerte wen sie damit meinten und sah mit weit aufgerissenen Augen in Richtung der Praxis. Und so sicher wie das Amen in der Kirche, liefen Matt und 2 weitere Typen aus dem Geb\u00e4ude. Er hielt die H\u00e4nde hinter seinem Kopf und der Mann hinter ihm zielte auf seinen Hinterkopf. Der vordere war entspannter und sprach in sein Funkger\u00e4t. \u2018\u2019 Alles klar Leute, zur\u00fcck zum Checkpunkt. \u2018\u2019 Jane und Matt hielten blickkontakt. Er nickte, signalisierte damit das sie einfach mitmachen sollte. Sie vertraute ihm und stieg vorsichtig aus dem Fahrzeug. Sie humpelte ein paar schritte weg als der Typ hinter ihr den Vorschlag brachte sie zu \u00fcberpr\u00fcfen. \u2018\u2019 Lass die H\u00e4nde oben. \u2018\u2019 Der Typ mit der rauen Stimme schien sehr professionell und ruhig. Er hatte einen dementsprechenden Ausdruck in seinem Gesicht. Der Typ, der sie Untersuchen wollte, schien eher locker und schien nicht grossartig aufmerksam. \u2018\u2019 Lass mal sehen was du dabei hast, na Sch\u00e4tzchen. \u2018\u2019 Er fuhr ihr eher grob \u00fcber beide Arme, den Torso und beide Beine hinab. Und beschlagnahmte unterwegs ihre Messer. \u2018\u2019 Verflixte scheisse, das nenn ich mal heisses Besteck. \u2018\u2019 sagte er und steckte es ein. Jane liess es \u00fcber sich ergehen und sagte kein Wort. Innerlich kochte ihre Wut \u00fcber. Sie k\u00f6nnte ihm die Eier abschneiden und sie an ihm Verf\u00fcttern. Matt wurde ebenfalls gefilzt, er verlor dabei sein Gewehr und seine Weste. \u2018\u2019Wer seid ihr? \u2018\u2019 fragte Matt genervt.\u2018\u2019 Schnauze! \u2019\u2019 rief der Typ, der vorhin ins Funkger\u00e4t gesprochen hat und dreht sich zu seinem Partner der hinter Matt stand \u2018\u2019 Wo bleibt Red Fox? \u2018\u2019 sein Partner zuckte mit den Schultern. Eine Sekunde sp\u00e4ter hallte ein Motorenger\u00e4usch durch die Strassen. Ein Grauer, rostender Lieferwagen bog in die Strasse ein und bremste abrupt. Fast gleichzeitig riss Eine frau von innen die Schiebet\u00fcr auf und Schrie \u2018\u2019 Los! Steigt ein! Sie haben uns gefu\u2026! \u2018\u2019 Bevor sie den Satz zu ende bringen konnte schlug eine Rakete in die Praxis ein und entfachte eine Explosion gefolgt von flammen und herumfliegenden Tr\u00fcmmerteilen. Jane und ihre Entf\u00fchrer torkelten in den Lieferwagen, Matt und einer seiner Entf\u00fchrer auch. Der zweite hatte weniger Gl\u00fcck. Er wurde von einem herumfliegenden Stein am Kopf getroffen und fiel tot zu Boden. Einen Moment sp\u00e4ter sah und h\u00f6rte man den Hubschrauber am Horizont auftauchen, der die Rakete abfeuerte. Nun hagelte es Kugeln die rund um den Lieferwagen einschlugen. Grosses Kaliber, das zerfetzte alles was ihnen in die Quere kam. \u2018\u2019 Los Gina! FAHR LOS! \u2018\u2019 rief die Frau nach \u0001 \u0002 Fahrerin des Lieferwagens trat voll aufs Gaspedal und nur schwerf\u00e4llig kam er ins Rollen. Alle beteiligten wurden durchgesch\u00fcttelt w\u00e4hrend man draussen die Rotorbl\u00e4tter des Hubschraubers und die Kugeln einschlagen h\u00f6rte. \u2018\u2019 Was zum Teufel ist hier los? \u2018\u2019 rief Matt und versuchte sich im inneren der Kabine festzuhalten.\u2018\u2019Nicht jetzt! \u2019\u2019 rief die frau und lud ihre Kalaschnikow durch. Im hinteren teil der Kabine war ein langer, robuster Koffer. \u2018\u2019 Viper, los den Raketenwerfer! \u2018\u2019 Jane kannte nun den Namen zu ihrem Entf\u00fchrer. Es war der mit der rauen Stimme.\u2018\u2019 Wir m\u00fcssen ins Hauptquartier! Schiesst den Vogel endlich ab! \u2018\u2019 Rief Gina und fuhr Richtung Osten in den Wald. Viper war bereit und wartete darauf das sein Kollege die Schiebet\u00fcr \u00f6ffnet. \u2018\u2019 Tiger. Jetzt! \u2018\u2019 rief die Frau und der Typ der Jane ihre Messer abgenommen hatte riss die Schiebet\u00fcr auf. Viper lehnte sich hinaus und feuerte eine Rakete auf den Hubschrauber. Dieser versuchte auszuweichen, doch das Geschoss traf noch den Heckrotor und er kam ins Taumeln, fing an sich, um seine eigene Achse zu drehen und st\u00fcrzte schliesslich ab. Es folgte eine Explosion und schwarzer Rauch stieg empor. Viper warf die Waffe aus dem Lieferwagen und schwang sich wieder ins Fahrzeuginnere und Tiger Schloss die T\u00fcre hinterher.\u2018\u2019 Guter Schuss Viper \u2018\u2019 Lobte die Frau. Er nickte still und setzte sich wieder hin. Die Stimmung beruhigte sich wieder. Es war eine Ruppige fahrt da der Waldboden weder geteert noch mit feinem Schotter bedeckt war. Alle Insassen Fokussierten ihren blick auf Matt und \u0001 \u0002 unbekannte frau fing an zu reden. \u2018\u2019 Woher wusste Die Blaue Krone das wir die Praxis ausr\u00e4umen wollten? \u2018\u2019 Matt sah sie verdutzt an \u2018\u2019 Die Blaue was? \u2018\u2019 Prompt kriegte er von Tiger mit seinem Gewehrkolben eine Reingedr\u00fcckt. Matt \u00e4chzte und Jane schrie seinen Namen. \u2018\u2019 Falsche Antwort! Ich frage noch einmal. Woher wusste die Blaue Krone das wir dort sein werden? Ihr habt uns verpfiffen! Ihr arbeitet als Spione f\u00fcr sie! \u2019\u2019\u2018\u2019 F\u00fcr wen?! \u2018\u2019 Erwiderte Matt. Tiger holte f\u00fcr den n\u00e4chsten schlag aus. \u2018\u2019 Wir sind zuf\u00e4llig hier! \u2018\u2019 Schrie Jane dazwischen. Die Frau schaute zu ihr. \u2018\u2019 Mein fuss ist verletzt und wir haben nach Medikamenten gesucht. Wir kommen den langen weg von Arcadia Valley her. \u2018\u2019 Jane versuchte die Situation zu \u0001 \u0002 unbekannte Frau schien die Spannung zu verlieren und wurde ein wenig lockerer. \u2018\u2019 Nun ihr seht nicht gerade aus wie Mitglieder der Blauen Krone \u2018\u2019 F\u00fcgte sie hinzu und schaute zu Viper. \u2018\u2019 Sie sagt die Wahrheit, ich habe die beiden noch nie gesehen. \u2018\u2019 antwortete Viper und strich sich ein paar Schweisstropfen von der Stirn.\u2018\u2019 Na gut... aber ihr beiden kommt trotzdem mit, wenn ihr nicht f\u00fcr die Arbeitet k\u00f6nnt ihr vielleicht uns von nutzen sein. \u2018\u2019 \u2018\u2019Wir sind gleich da. \u2018\u2019 Rief Gina nach hinten. \u2018\u2019 Wer seid ihr nun eigentlich? \u2018\u2019 fragte Jane und die Frau antwortete \u2018\u2019 Die Rote Wolke. Ich bin Red Fox\u2026 die Anf\u00fchrerin. Das ist Viper mein bester Aufkl\u00e4rer. Das sind Tiger und Rio. Unsere Rennfahrerin im Cockpit ist Gina. \u2018\u2019\u2018\u2019Red..\u00e4h Fox ? \u2018\u2019 sagte Matt in einer fast schon sp\u00f6ttischen Manier. \u2018\u2019 Matt nicht.. och. \u2018\u2019 Jane fasste sich an die Stirn und konnte es nicht glauben. \u2018\u2019Hermano, h\u00fcte dein sunge. Oder ich schneide sie dir ab\u2019\u2019 Kam Rio dazwischen, er sprach in einem mittelamerikanischen Dialekt.\u2018\u2019 Entspann dich Amigo. \u2018\u2019 gab Matt zur\u00fcck\u2018\u2019 Entspann du dich doch Hombre! \u2018\u2019 Rio wurde aufbrausend und Baute sich vor Matt \u0001 \u0002 fing an zu lachen \u2018\u2019 M\u00e4nner\u2026 \u2018\u2019 Sie fuhren inmitten des Waldes auf ein verlassenes Gel\u00e4nde eines S\u00e4gewerks. Rundum waren Patrouillen und das S\u00e4gewerk selbst war umz\u00e4unt. Gina hielt den Lieferwagen an sodass alle aussteigen konnten, Fox ging voran. Sie durchschritten das Sicheheitstor, Matt und Jane schauten sich um. Es wurde an vielen Teilen der Struktur gearbeitet und renoviert. Es sah richtig gut aus im vergleich zu dem was es sonst da draussen gab.\u2018\u2019Unser Hauptquartier, es gibt Essen, Wasser, Elektrizit\u00e4t und Betten. \u2018\u2019 Fox blieb stehen und drehte sich um. \u2018\u2019Viper, zeige den beiden Ihre Quartiere. In einer Stunde will ich euch in meinem B\u00fcro sehen. \u2018\u2019 Viper nickte, w\u00e4hrend Rio und Tiger sich abmeldeten, um zu ihren eigenen Quartieren zur\u00fcckzukehren.\u2018\u2019Hier entlang. \u2018\u2019 Die beiden folgten Viper durch einen Langen Korridor. Am ende des Korridors war ein Zimmer, ausgestattet mit Drei Betten und einem Tisch. Das Zimmer war nicht Besonders ger\u00e4umig, bot jedoch genug platz um aneinander vorbei zu kommen. \u2018\u2019 In einer stunde komme ich wieder, die K\u00fcche ist den Korridor zur\u00fcck, die Treppe hoch. Esst etwas. \u2018\u2019 sagte Viper und verschwand wieder.\u2018\u2019Wenigstens ein richtiges Bett. \u2018\u2019 sagte Jane w\u00e4hrend sie auf eines aufsass.\u2018\u2019 Home Sweet Home \u2018\u2019 f\u00fcgte Matt hinzu und Legte sich hin.",
            "wordcount": "1.778",
            "chapter_release": "07.02.2019",
            "chapter_number": "6"
        },
        "7": {
            "text": "Der Raum war relativ abgeschottet vom Rest des Perimeters. Durch die Decke drang ein dumpfes Ger\u00e4usch eines Gemenges im Raum direkt \u00fcber ihnen. Matt versuchte w\u00e4hrenddessen die Augen ein wenig zu schliessen. Das bisschen Erholung w\u00fcrde ihm guttun. Dies gelang ihm nicht wirklich, und er fing an sich zunehmend dar\u00fcber zu \u00c4rgern. Jane war wie sie halt ist, in Gedanken vertieft und v\u00f6llig in ihrer eigenen Welt. Von alle dem bekam sie nichts mit. Sie sass ruhig auf der Bettkante, ihre Beine hingen herunter und ber\u00fchrten kaum den \u0001 \u0002 reichte es. Er wippte sich auf, konnte jedoch erst beim zweiten Versuch aufsitzen, schnaubte laut und sprang vom Bett. \u2018\u2019Verdammte \u00c4rsche... was ist da oben bloss los!?\u2019\u2019 Er stampfte den langen Flur entlang und ging am ende dessen eine Treppe in den zweiten Stock hinauf. Das Geraufe wurde lauter je n\u00e4her er der Cafeteria kam. Er trat die T\u00fcre ohne Vorwarnung auf, und es entfaltete sich ein Ohrenbet\u00e4ubender L\u00e4rm. W\u00e4hrend einer Pause fingen zwei Mitglieder sich an zu streiten und Gaben sich nun ordentlich auf die L\u00f6ffel. Die Menge tobte und Matt sah noch einer wie er um die Gruppe lief, um Wetten anzunehmen. \u2018\u2019 Kameradschaft h\u00e4. \u2018\u2019 sagte er und Stampfte auf den Kampf zu. Er fuhr seine Ellbogen aus und dr\u00e4ngelte sich zur Mitte durch. \u2018\u2019HEY!\u2019\u2019 Die beiden Streith\u00e4lse, wurden auf ihn aufmerksam und einer rief \u2018\u2019 Verpiss dich Newbie, die grossen Jungs spielen jetzt. \u2018\u2019 Die Zuschauer fingen an zu lachen und vereinzelt h\u00f6rte man rufe, Matt solle sich verpissen. \u2018\u2019 Hier gibt es Leute, die Pennen wollen! \u2018\u2019 Rief Matt hinein und schritt auf den Typen zu, der ihm sagte, er solle sich verpissen. Die Meute beruhigte sich und sahen gebannt zu Matt. \u2018\u2019 Ooh klein Daisy will ihren sch\u00f6nheitsschlaf, klar Prinzessin den kannst du haben \u2018\u2019 sagte das Grossmaul und holte zu einem rechten haken aus. Den sah Matt kommen, Parierte ihn mit seinem linken Unterarm und verpasste ihm ein Schlag in die Rippen bevor er ihm dann das Bein stellt und nach hinten schubst. Das Grossmaul stolperte nach hinten und viel auf den R\u00fccken. Er rang nach Luft und hielt sich den Brustkorb. \u2018\u2019 Der argh\u2026 hat gesessen... heilige scheisse... \u2018\u2019 \u00c4chzte das Grossmaul und blieb sogleich liegen. In der Zwischenzeit kam Jane wieder zu sich, weil sie Zugluft aus dem Korridor sp\u00fcrte. Sie drehte sich um, wollte Matt etwas fragen und bemerkte das dieser nicht anwesend war. \u2018\u2019 \u00d6h.. Matt? \u2018\u2019 Sie kratzte sich am Kopf und h\u00f6rte ein Dumpfes \u2018\u2019 Ja Newbie! Gib ihm eine! \u2019\u2019 Newbie? Newbie! Ihr d\u00e4mmerte das es Matt sein muss. \u2018\u2019 Matt, du d\u00e4mlicher Affe! \u2018\u2019 Zischte sie und machte sich auf in Richtung Korridor. Auch sie folgte der Ger\u00e4uschkulisse des Kampfes und erreichte ebenfalls die Cafeteria. Sie \u00f6ffnete vorsichtig die T\u00fcre, und wagte kaum hineinzuschauen. Doch sie tat es, und sah zwei Blutige, schwitzende k\u00e4mpfende M\u00e4nner. Einer davon war Matt und der andere war der zweite Raufbold, der ihn inzwischen Herausgefordert hatte. \u2018\u2019 Als ob es nicht schlimm genug ist\u2026 \u2018\u2019 Jane fasste sich an die Stirn. \u2018\u2019 Hierher! \u2019\u2019 H\u00f6rte sie eine Frauenstimme rufen. Sie drehte sich zu einem Tisch, zur ihrer rechten. Dort fand sie Gina, \u00fcber den halben Tisch gelehnt und wild fuchtelnd, um Janes Aufmerksamkeit zu erlangen. Jane folgte der Einladung, lief zu Gina und setzte sich hin. Neben Gina sassen auch noch ein paar andere Mitglieder am Tisch die sich aber um ihren eigenen kram k\u00fcmmerten. Einer davon ritzte mit einem Steakmesser lauter Einsen und nullen in die Tischplatte. Kurios, keine Frage. \u2018\u2019Dein Freund kann ja m\u00e4chtig austeilen. \u2018\u2019 Rief Gina und zeigte zum Kampf. Jane fasste sich kopfsch\u00fcttelnd an die Stirn \u2018\u2019 Er isn Idiot. \u2018\u2019 Gina l\u00e4chelte sie an und f\u00fcgte hinzu \u2018\u2019 Heiss noch dazu. Kuck ihn dir an. Meow. \u2018\u2019 Jane sah zu Matt als er gerade voll eins in den Kiefer gesetzt bekam. Jane zuckte weg von dem Anblick. \u2018\u2019 Scheisse ja, gib ihm Matt! \u2019\u2019 rief Gina in den Kampf.\u2018\u2019Was soll diese Unruhe!?\u2019\u2019 Alles und jeder blieb stehen und schaute nach hinten zum Eingang der Cafeteria. Auch Matt und der Raufbold h\u00f6rten damit auf sich die K\u00f6pfe einzuschlagen. Red Fox stand mit Viper im T\u00fcrrahmen. Fox war offensichtlich ver\u00e4rgert. Das ganze Geschrei und Tumult waren \u00fcberall im Hauptquartier zu h\u00f6ren, bis schliesslich auch der Boss genug hatte. \u2018\u2019 Genug ist Genug! Tyler, lass dir die Wunden versorgen! Matt, Jane! Ins B\u00fcro, sofort! \u2018\u2019 Entt\u00e4uschung machte sich breit in der Menge als Fox wieder nach draussen Verschwand. Alle wollten das Ende des Kampfes sehen. Matt reichte seinem Gegner die Hand und wurde f\u00fcrstlich daf\u00fcr respektiert. \u2018\u2019 Das n\u00e4chste Mal hau ich dich um \u2018\u2019 sagte Matt. Tyler l\u00e4chelte nur m\u00fcde, klopfte ihm auf die Schulter und verliess den Raum. Viper hielt mit strengem Blick die T\u00fcr f\u00fcr die Komplette Belegschaft auf, w\u00e4hrend sich diese auf dem Weg nach draussen machten. Matt hat sich inzwischen neben Jane gesetzt die mit verschr\u00e4nkten Armen dasass. Er drehte seinen blutenden Kopf in ihre Richtung und grinste sie, mit einer kleinen Platzwunde \u00fcber der rechten Augenbraue, an. Jane versuchte sich das lachen zu verkneifen, scheiterte jedoch erb\u00e4rmlich als die nun stille Cafeteria mit ihrem lauten Gelache f\u00fcllte. Matt entglitt ein l\u00e4cheln \u2018\u2019 So schlimm, was? \u2018\u2019 \u2018\u2019 Mindestens! \u2018\u2019 sagte sie und stand auf. Sie lief an Viper vorbei in den Gang. Matt schaute auf und sah sein Spiegelbild in einem Kaputten Spiegel, der noch zur H\u00e4lfte an der wand hing. \u2018\u2019 Du siehst scheisse aus. \u2018\u2019 Sagte er trocken vor sich hin und stand ebenfalls auf. Viper schritt Matt und Jane voraus, drehte sich nach einer Weile um und warf Matt ein Tuch zu. \u2018\u2019 Mach dich sauber, du blutest. \u2019\u2019 Sagte Viper trocken und bog in den Gang ab, der zum B\u00fcro der Chefin f\u00fchrte. Matt entfaltete das Tuch und band es um seine Stirn um die Blutung zu beruhigen.\u2018\u2019Hier rein, ich warte draussen\u2019\u2019 Viper hielt die T\u00fcr offen. Red Fox war ganz allein im B\u00fcro und sichtlich angespannt. \u2018\u2019 Setzten! \u2018\u2019 ein ziemlich eindeutiger Tonfall, sehr direkt. Jane setzte sich, sie war angespannt. Fast schon nerv\u00f6s. Red Fox hatte eine sehr bestimmte und Starke Ausstrahlung und die sp\u00fcrte man in diesem Moment sehr stark.\u2018\u2019 Ach komm das war nur ein wenig Spass unter Kollegen, ich meine wir ha\u2026 \u2018\u2019 Matt versuchte vergebens seinen Charme wirken zu lassen. Fox fuhr dazwischen und unterbrach ihn sofort. \u2018\u2019 Schnauze, Setzen! \u2018\u2019 Fox lehnte sich hastig \u00fcber ihren Schreibtisch und zeigte auf den Stuhl. Matt verwarf seine Arme und setzte sich schliesslich. Die Szene erinnerte ein wenig an das B\u00fcro des Rektors mit Schlitzohr-Sohn und Mutter bin-am-Ende. \u2018\u2019 Ich habe euch nicht hierhergeholt dass ihr euch mit meinen Leuten pr\u00fcgelt, wir haben genug Probleme da draussen. Da soll es hier nicht auch noch zum Chaos kommen. \u2018\u2019 Matt wusste das sie recht hatte und entschuldigte sich bei Fox umgehend. Ihm war bewusst, dass das Tagesgesch\u00e4ft kein Zuckerschlecken ist. Egal wer man war und wo man sich befand. Das stimmte Fox ein wenig friedlicher, sie mochte Leute, die mitdenken und sich anpassen k\u00f6nnen. Qualit\u00e4ten einer waschechten F\u00fchrungsperson im 21. \u0001 \u0002 Fox holte zwei Akten hervor, setzte sich hin und fing an in einer davon zu Bl\u00e4ttern.\u2018\u2019 Jane\u2026 \u00dcber dich ist nicht viel bekannt. Master of Science am MIT. Lebt allein, mit drei Katzen. \u2018\u2019 Fox Schloss die Akte und legte sie beiseite. Jane sah sie an und war innerlich erleichtert.\u2018\u2019 Wo hast du das her? \u2018\u2019 Jane stand auf und machte einen halben Schritt in Richtung Fox. Matt hielt sie zur\u00fcck und versuchte sie zu beruhigen. \u2018\u2019 Daf\u00fcr gibt\u2019s bestimmt \u2018ne Erkl\u00e4rung. \u2018\u2019 Jane setzte sich mit genervtem Ausdruck und verschr\u00e4nkte die Arme.\u2018\u2019 Ja die gibt es. Wir haben offensichtlich sehr Kompetentes Personal im Umgang mit Informationsbeschaffung. \u2018\u2019 Fox lehnte sich in ihren Stuhl zur\u00fcck und drehte sich zu Matt, nahm dabei seine Akte und schlug sie auf. Die war dicker als ein Steak.\u2018\u2019 Matt Frye. Sohn von Dr. Eric Frye dem Inhaber von Biotenix. \u2018\u2019 Jane drehte den Kopf zu Matt, er sah dies aus seinem Augenwinkel liess sich jedoch nichts anmerken. \u2018\u2019 Eric Frye? Echt jetzt? Das ist dein Vater?! \u2018\u2019 sagte Jane v\u00f6llig \u00fcberrumpelt. Sie schrie Matt fast an.\u2018\u2019 Jane... das ist\u2026 \u2018\u2019 Matt versuchte sich zu erkl\u00e4ren. Jedoch wollte Jane nichts davon h\u00f6ren. Obwohl sie wusste was seine Motivation war und nichts mit Biotenix mehr zu tun hatte. Irgendwie f\u00fchlte sie sich hintergangen. Sie stand auf und scheuerte Matt eine. \u2018\u2019 Dein Vater ist an allem schuld\u2026 \u2018\u2019 sie konnte ihre Tr\u00e4nen nicht zur\u00fcckhalten. Jane schaute angewidert auf ihn herab. Im Hintergrund schloss Fox die Akte und lehnte sich zur\u00fcck in ihren Sessel. Ihr war nicht bewusst, dass sie da in ein Hornissennest gestochen hatte.\u2018\u2019 Darum versuche ich es wieder gerade zu biegen. \u2018\u2019 sagte Matt in fast einem Fl\u00fcsternden Ton. Im B\u00fcro war es mucksm\u00e4uschenstill und die Stimmung gedr\u00fcckt. Jane lief schluchzend aus dem B\u00fcro, an Viper vorbei den Gang runter zur\u00fcck zum Zimmer. Viper schien das nicht zu k\u00fcmmern und schloss die T\u00fcre wieder.\u2018\u2019 Was meintest du damit, geradebiegen? \u2018\u2019 Fox lehnte sich interessiert nach vorne. Matt kramte in seiner Hosentasche. Fox griff langsam zu ihrer Pistole, die sie am G\u00fcrtel befestigt hatte, in dem glauben Matt sei weiterhin bewaffnet.\u2018\u2019 Ganz ruhig. \u2018\u2019 sagte Matt trocken und z\u00fcckte die Zwei Ampullen des WO-Virus. Fox liess von der Pistole ab und schaute abwechslungsweise die Ampullen und Matt an. \u2018\u2019 Ist das... das ist\u2026 \u2018\u2019 \u2018\u2019 Jup ist es. \u2018\u2019 sagte Matt und legte die Ampullen auf den Tisch.\u2018\u2019 In diesem Fall habe ich ein Angebot f\u00fcr euch. Ich weiss nicht was Jane\u2019s Deal ist aber ich weiss das du Ausbildner bei der Spezialeinheit warst. Du w\u00e4rst eine Bereicherung f\u00fcr uns. Hier ist der Deal. Du kriegst ein zuhause und eine Aufgabe, und wir die Ampullen. \u2018\u2019\u2018\u2019 Ich habe meine eigene Pl\u00e4ne Fox\u2026 ich will nach Europa. Das Gegenmittel l\u00e4sst sich dort herstellen. \u2018\u2019 Matt packte den Virus wieder in seine Tasche. \u2018\u2019 Danke aber nein danke. \u2018\u2019\u2018\u2019 Nein du verstehst nicht, wir haben einen Wissenschaftler hier gefangen. Er war einer der Eierk\u00f6pfe bei Biotenix. Dr. Greene . \u2018\u2019 Da klingelte etwas bei Matt und er setzte sich wieder hin. \u2018\u2019 Das ist nicht schlecht, und du denkst er sagt es dir einfach so frei heraus? Ganz zu schweigen vom Equipment, das ben\u00f6tigt wird. \u2018\u2019 Matt wurde ein wenig sp\u00f6ttisch und Fox f\u00fchlte sich ein wenig herausgefordert.\u2018\u2019 Schon vergessen? Wir haben Personal die auf eine sehr Kreative Art und weise das herausfinden was wir ben\u00f6tigen. \u2018\u2019 Matt fasste sich an den Hinterkopf und traute seinen Ohren nicht.\u2018\u2019 Du redest nicht gerade dar\u00fcber den armen Bastard zu foltern? \u2018\u2019 Fox zuckte mit den schultern und streckte ihre Hand aus.\u2018\u2019 Deal? \u2018\u2019 Matt hielt kurz inne und schloss frieden mit der Situation. Es schien ein fairer Deal. Sie kriegten ein zuhause und eine M\u00f6glichkeit auf das Gegenmittel. \u2018\u2019 Deal. \u2018\u2019 Matt schlug ein und lehnte sich nach vorne.\u2018\u2019 Wenn ihr mich verarscht, bring ich euch alle im schlaf um. \u2018\u2019 Fox erschrak ein wenig \u00fcber diese Aussage und Matt lief nach draussen nachdem er Ihr die Ampullen \u00fcberreicht hatte. \u2018\u2019Viper, bring das zu Greene! Wir haben es! Eine Chance! \u2018\u2019 Fox war selten so erfreut. Sogar Viper entwich ein klitzekleiner Ansatz von einem L\u00e4cheln.\u2018\u2019 Ach und Matt, Morgen 0900 Im Innenhof. Melde dich bei Cross. \u2018\u2019 rief Fox Matt hinterher der sich bereits auf den R\u00fcckweg zum Zimmer machte. Er streckte, ohne nach hinten zu schauen den Daumen hoch und lief l\u00e4ssig \u0001 \u0002 stand Matt vor dem Zimmer. Bereits von draussen h\u00f6rte man Jane immer noch schluchzen. Die Sache im B\u00fcro ging ihr aus irgendeinem Grund sehr nahe. Er war aufgeregt und z\u00f6gerte aber klopfte schliesslich doch an der T\u00fcr und trat ein.\u2018\u2019 Jane\u2026 k\u00f6nnen wir reden? \u2018\u2019 Matt stand im T\u00fcrrahmen. Jane sass auf ihrem Bett mit den Knien zur Brust angezogen. Sie wischte sich ein paar Tr\u00e4nen von der Wange. \u2018\u2019 Entschuldige\u2026 \u2018\u2019 Jane murmelte die Entschuldigung in ihren Schal. Matt schritt langsam ins Zimmer und setzte sich auf das Bett gegen\u00fcber.\u2018\u2019 Ich werde so w\u00fctend, wenn ich mit solchen dingen konfrontiert werde. Ich weiss das du ein guter Mensch bist aber dein Vater, Biotenix\u2026 da breitet sich der Pure hass in mir aus wenn ich nur daran denke. Und als ich vorhin erfahren habe wer du bist\u2026 ist es mit mir durchgegangen. \u2018\u2019\u2018\u2019 Mach dir nichts draus, ob du es glaubst oder nicht. Wenn du es auf diese weise erkl\u00e4rst macht es sogar Sinn. Kein B\u00f6ses Blut, versprochen. \u2018\u2019Jane sah r\u00fcber zu Matt der sich gerade hinlegte und sich dabei \u00fcber seine Wange strich.\u2018\u2019Du hast ne starke Hand Jane. \u2018\u2019 Sie war heilfroh das er das so gelassen hinnahm. Aber irgendwie kannte sie es nicht anders von ihm. Und sie \u00fcberkam ein Gef\u00fchl von Vertrautheit, so eines das man hat, wenn man einen Menschen schon Jahre kennt.\u2018\u2019 Mensch M\u00e4dchen\u2026 die Backpfeife gesessen. Das brennt richtig! \u2018\u2019 Matt versuchte die Stimmung zu heben, es gelang ihm nat\u00fcrlich auch dieses Mal. Jane kicherte und warf das Kissen nach ihm. Es traf ihn an der Brust und er packte es sich schnell unter seinen Kopf.\u2018\u2019 Ooh ein zweites Kissen, Daaank\u00f6! \u2018\u2019 \u2018\u2019Hey gib es mir wieder! \u2018\u2019\u2018\u2019 N\u00f6! \u2018\u2019\u2018\u2019 Matt!! \u2018\u2019",
            "wordcount": "2.134",
            "chapter_release": "08.05.2019",
            "chapter_number": "7"
        }
    },
    "title": "Jane - Dem Wahnsinn Entgegen",
    "topic": "unspecified",
    "release": "\n04.01.2019\n\t\t\t\t\t\t",
    "author": "Sarkario"
}