{
    "tags": [],
    "chapcount": "20",
    "wordcount": "12.319",
    "chapters": {
        "1": {
            "text": "Von kurzer Hand geplant, komplett spontan und erfrischend gut: Zusammen mit Outcast Saviour schreibe ich ein postapokalyptisches Szenario im zerbombten M\u00f6nchengladbach. W\u00e4hrend bei mir der Handlungsstrang gepostet wird, postet sie parallel das Tagebuch von Danny...unbedingt reinlesen!(...auch ihre anderen Stories;) )Und jetzt viel Spass mit...\"R i s e n f r o m R u i n s\"-------------------------------------------------------------------------------Es war mal wieder so weit. Die Menschheit hatte sich selbst an den Rand der Ausrottung bef\u00f6rdert. An sich ja nichts ungew\u00f6hnliches. Aber ein nuklearer Winter nervt. Besonders wenn der 16 Jahre dauert. \u00dcberall herrschte Chaos und \u0001 \u0002 ist so verdammt kalt, dachte Antonia, w\u00e4hrend sie auf ihre Finger hauchte, die in l\u00f6chrigen Handschuhen steckten. Die Stadt, in der sie lebte, oder eher vagabundierte, soll fr\u00fcher mal eine gro\u00dfe, stolze Hauptstadt gewesen sein. Doch als ihre Mutter schwanger mit ihr war, begannen die Bombardements. Nun bestand die Stadt nur noch aus \u0001 \u0002, was an Bev\u00f6lkerung noch \u00fcbrig war, litt Hunger. Sie hatten kein Dach \u00fcberm Kopf und auch sonst keinen Besitz. Man schlief unter l\u00f6chrigen D\u00e4chern, freute sich bereits \u00fcber Ratten. Es herrschte keine Solidarit\u00e4t, jeder ist sich selbst der n\u00e4chste, homo homini lupus, besonders wenn man Waise ist. Oder eher Halbwaise. Antonia hatte nie erfahren, wer ihr Vater war, ihre Mutter hatte nicht einmal mehr Andeutungen \u0001 \u0002 wollte es aber auch nicht wissen, denn schlie\u00dflich hatte er sie hochschwanger sitzen lassen. Seufzend erhob sich Antonia. Betteln brachte gerade eh nichts, Wetschewell war das mieseste Viertel. Obwohl, Viertel ist relativ, denn es ist nur eine einzige lange Stra\u00dfe, parallel zum Moor und dem Niersbruch, eine Verbindung zwischen Wickrath und \u0001 \u0002 machte sie sich auf den Heimweg. Eine Stunde Fu\u00dfmarsch mit leerem Magen, das schlauchte. Die anderen w\u00fcrden entt\u00e4uscht \u0001 \u0002 anderen. Antonia dachte an ihre Clique. Eigentlich waren sie eine dieser Gangs. Nach der Zerst\u00f6rung der St\u00e4dte hatten sich Jugendliche zusammengeschlo\u00dfen. Dies war eine problematische Sache: einerseits wurde die Ordnung zum Teil wieder hergestellt, allerdings gab es \u00f6fters mal Konflikte; es gab offene Rivalit\u00e4ten, B\u00fcndnisse und sogar kleine \u0001 \u0002 war zusammen mit einigen anderen, etwa 30 Leuten, in der Gruppe \"Icewind\". Dieser Name war komplett sinnlos, er sollte nur cool klingen. Dachte Antonia jedenfalls, aber Tim, dem Anf\u00fchrer der Gruppe, h\u00e4tte sie das nicht sagen \u0001 \u0002 mochte bereits 25 Jahre alt sein; mindestens aber 20. Was das anging, war er sehr verschwiegen. Er war generell sehr \u0001 \u0002 der Gruppe an sich hatte Antonia nur wenig Freunde, gute noch weniger. Eigentlich nur zwei. Da waren erst einmal Matthias, ein kleiner, aufgeweckter Junge. Und Sophia, ihre \u201eSeelenverwandte\u201c. Die drei bildeten so etwas wie eine \u0001 \u0002 geh\u00f6rten sie zum pazifistischen Teil der Gang, \u0001 \u0002. sie waren mit allen Versorgungsaufgaben betreut, Essen, Unterschlupf, Hygiene, \u0001 \u0002 war sie angekommen. Ihr Lager war an der ehemaligen Kirche in Wickrath; sie war zerbombt, aber Teile des Dachstuhls waren nicht eingest\u00fcrzt, und sie hatten wasserdichte Planen gespannt. Vor dem Wind waren sie sowieso gesch\u00fctzt, und noch schneite es nicht.",
            "wordcount": "508",
            "chapter_release": "16.09.2013",
            "chapter_number": "1"
        },
        "10": {
            "text": "\u201eAlso, hat jemand konkrete Ideen, was er machen will? Und einen Raum, der daf\u00fcr geeignet ist?\u201cDanny meldete sich. \u201eIch fand die Kellerr\u00e4ume interessant. Die w\u00fcrde ich gerne benutzen. Au\u00dferdem w\u00fcrde ich dann da einen Behandlungsraum einrichten, falls irgendwer krank wird.\u201c\u201eOkay, den Keller kriegst du auf jeden Fall. Irgendjemand noch besondere W\u00fcnsche?\u201c \u201eIvan und ich h\u00e4tten gerne die R\u00e4ume unterm Dach, f\u00fcr die Sicherheit. Der Rest soll sich woanders breitmachen.\u201cUnd so endete das ganze:Danny:Ich winkte Ry zu. Ich war mir sehr sicher, dass sie dabei sein wollte. Ich schnappte mir eine Fackel; wir stiegen die alte, knarzende Treppe herunter, Modergeruch stieg in unsere Nasen.\u201eHeilige Schei\u00dfe, ist das hier dreckig. Die Kellerr\u00e4ume wurden ges\u00e4ubert, oder?\u201c Ry nickte, aber auch sie verzog angewidert das Gesicht.\u201eIch wette, du wei\u00dft schon, was ich hier vorhabe, was? Jap, ich richte mir hier auch eine kleine Pathologie ein, davon habe ich schon immer getr\u00e4umt. Also...wir brauchen einen Sektionstisch. Fangen wir mal an.\u201cFaith:Herrgott, was soll ich denn mit einem eigenen Raum? Hier gab es ja keine Arbeit, au\u00dferdem hatte ich eh damit aufgeh\u00f6rt, seit Tim tot war. Tim...noch immer war ich schockiert von Tims Tod; er war wie ein Vater f\u00fcr mich gewesen, und das r\u00e4chte sich \u0001 \u0002, wenn schon ein Raum, dann ein kleiner, als Abstellkammer. Brauch ich noch irgendwas besonderes? N\u00f6, das reicht v\u00f6llig. Bei den anderen wird\u2019s sicher \u0001 \u0002:Ich brauchte auf jeden Fall ein Spielzimmer, das war doch klar. Das muss sch\u00f6n gro\u00df sein und Fenster haben. Da gibt\u2019s diesen riesigen Raum im ersten Stockwerk, den schnapp ich mir! Allerdings fehlen da noch die Spielsachen, aber die besorg ich mir noch. Au\u00dferdem konnte ich ja jetzt mehr Klamotten haben...einen Mantel! Einen Mantel und eine Krone! Schlie\u00dflich war ich Prinz. Und Danny \u0001 \u0002 und Zac:\u201eIch w\u00fcrde sagen, wir richten uns auf'm Dachboden 'ne h\u00fcbsche Waffenkammer ein, wa'?\u201c Ivan grinste Zac an, dem es deutlich besser ging. \u201eDann k\u00f6nnen wir auch endlich mal schweres Gesch\u00fctz horten, ich kenne jemanden, der sowas verkauft...\u201c \u201eOh yeah, da bin ich auch f\u00fcr.\u201c Immer wenn er aufgeregt war, verfiel Zac ins Denglische. \u201eWas haben wir denn schon alles? Hast du something new bekommen?\u201c \u201eIn der kurzen Zeit? N\u00f6. Aber ich hab hier im Wohnzimmer zwei alte Degen \u2013 total stumpf, aber Danny kann die ja sch\u00e4rfen \u2013 und ein paar Schrotpatronen gefunden, damit k\u00f6nnen wir Niederwild jagen.\u201c\u201eWas bittesch\u00f6n ist das? Red Deutsch!\u201c \u201eMusst gerade du sagen...Hasen, Kaninchen, V\u00f6gel. Und Enten sollen unheimlich lecker sein, hab ich mir sagen lassen.\u201c\u201eGut, dann holen wir mal alles, was wir nicht immer bei uns tragen hoch, ne?\u201cGrace, Sophia und Antonia:\u201eAlso, ich brauche nur eine Abstellkammer f\u00fcr Rys Gitarre und f\u00fcr andere Instrumente.\u201c, sagte Grace. \u201eWillst du ein Orchester aufmachen oder wozu?\u201c, frotzelte Sophia. \u201eIch brauch keinen Raum.\u201c \u201eIch auch nicht.\u201c Antonia sah die beiden anderen an. \u201eIch mein, was soll ich da bitte reintun? Sobald ich mehr Zeugs habe, okay, aber jetzt...? N\u00f6.\u201c\u201eIch werde die meiste Zeit eh in der K\u00fcche stehen.\u201c, behauptete Sophia resigniert. \u201eDa k\u00f6nntest du Recht haben...aber eine Speisekammer richten wir uns ein, oder?\u201c \u201eJa...\u201cGong. Gong. Gong. Die Standuhr hatte dreimal geschlagen, das Zeichen f\u00fcr alle sich wieder unten zu \u0001 \u0002 zusammen:\u201eHat jeder einen Raum gefunden?\u201c \u201eJa...\u201c Alle nickten. \u201eIrgendwelche Besonderheiten?\u201c \u201eJa.\u201c Danny strahlte alle an. \u201eRy und ich haben uns ein kleines Krankenhaus eingerichtet, wir br\u00e4uchten aber noch Laborger\u00e4te und so. Ausnehmen k\u00f6nnen wir dort auch, und wir haben uns sogar \u00fcberlegt, dass man drau\u00dfen Leder gerben k\u00f6nnte oder die Felle reinigen. Das k\u00f6nnte man auch wieder verkaufen!\u201c\u201eAhja, gut.\u201c Ivan \u00fcberging Daniel. Mal wieder. Dauernd. So wie immer eigentlich. \u201eWir haben eine Waffenkammer unterm Dach, wir brauchen noch Munition etc.\u201c \u201eIch hab ein Spielzimmer!\u201c, rief Matthias dazwischen. \u201eIst ja toll! Sollen wir uns das mal ansehen?\u201c Danny und Sophia nahmen Matze an die Hand und gingen los. Damit war die Sitzung (in)offiziell beendet.",
            "wordcount": "667",
            "chapter_release": "16.09.2013",
            "chapter_number": "10"
        },
        "11": {
            "text": "Hier auch mal was neues:D-----------------------------\u201ePsscht, leise!\u201c \u201eBin ich doch!\u201c Auf Samtpfoten schlichen drei Gestalten im Kaminzimmer herum. \u201eSind die Kerzen an?\u201c \u201eJa.\u201c \u201eDann auf drei. Eins...zwei...drei!\u201c\u201eHappy Birthday to you! Happy Birthday to you!\u201cAlle wachten von dem schr\u00e4gen Gesang auf. Sophia, Grace und Daniel standen mit einem Kuchen in der Hand vor Matthias. \u201eHerzlichen Gl\u00fcckwunsch zum elften Geburtstag, Sheriff!\u201c Danny zwinkerte ihm zu.\u201eJaaa! Geburtstag! Juhuuh!\u201c Matze machte regelrechte Luftspr\u00fcnge vor Begeisterung, w\u00e4hrend er den Kuchen annahm. \u201eUnd jetzt gibt\u2019s sogar Geschenke!\u201cAlle hatten eine Schlange gebildet und jeder holte was hervor. Als erstes kam Ivan und reichte ihm eine Schleuder. \u201eHier...ich dachte, du k\u00f6nntest eine neue gebrauchen. Die ist auch viel robuster und st\u00e4rker.\u201cDann kam Riley. Sie l\u00e4chelte sch\u00fcchtern und gab ihm ein kleines Spielzeugauto. \u201eWooow, wo hast du das denn her?\u201c Sie sch\u00fcttelte den Kopf und legte einen Finger auf ihre \u0001 \u0002 kamen Faith, Zac und Grace. \u201eWir haben zusammen was f\u00fcr dich gebastelt.\u201c Sie hielten ein Holzschwert, -schild und einen Helm hoch. \u201eDamit du ein tapferer Recke wirst!\u201c \u201eEin was?\u201c \u201eEin Ritter.\u201c \u201eAch so. Dankee!\u201c Den Schluss bildeten Sophia und Danny. Sie holten einen Stuhl \u201eKnie dich hin.\u201c, sprach Sophia huldvoll. Sie schnappte sich das Holzschwert. \u201eHiermit schlage ich dich zu Ritter Matthias von Eiswind.\u201c Pl\u00f6tzlich stand Danny mit einer Krone und einer Kette in der Hand vor Matthias.\u201eUnd da du jetzt adlig bist, kr\u00f6ne ich dich zu K\u00f6nig Matthias I.\u201cDer Tag war komplett f\u00fcr Matthias reserviert.\u201eNa, schon was vor heute?\u201c \u201eN\u00f6\u00f6\u00f6, ich will blo\u00df Spa\u00df haben! Onkel Danny, zeigst du mir gleich mal, was du immer mit Riley im Keller machst?\u201c \u201eMit Vergn\u00fcgen. Aber das kann blutig und qualvoll werden, ich warne dich! Kann aber auch viel Spa\u00df machen.\u201c\u201eAlso als erstes will ich ein Lied h\u00f6ren!\u201c Und so kramte Riley ihre Gitarre hervor, und Grace erhob ihre sch\u00f6ne Stimme. \u201eDas Redhead-Dou live und gratis.\u201c, kicherte \u0001 \u0002 n\u00e4chstes wollte Matthias einfach nur spielen. Er wuselte rum, lachte und alle machten mit. Dann wurde das Mittagessen bereitet. \u201eDanny, kannst du das Karnickel schlachten? Essen ist in knapp zwei Stunden.\u201c \u201eJetzt schon?\u201c, fragte Ivan verwundert. \u201eNaja, Danny und Ry wollen auch mal ab und zu ihren Spa\u00df haben.\u201c Sophia l\u00e4chelte ihn doppeldeutig \u0001 \u0002 Ry, Danny und Matze in den Keller gingen, eilte Ivan zu Zac. \u201eBoah ey, Sophia hat gesagt, dass es Danny und Ry miteinander treiben.\u201c, sagte er erstaunt. \u201eJaja, und ich bin Franzose. Denk mal lieber nach, Ivo.\u201c Ivo war ein Spottname f\u00fcr den armen Ivan, denn aufgrund einiger \u201eethnischer Schwierigkeiten\u201c war der eindeutig kroatische Name Ivo f\u00fcr ihn wie ein rotes Tuch. Die drei stiegen die knarzende Holztreppe in die Kellerr\u00e4ume hinab. \u201eVorsicht, es ist echt dunkel und gef\u00e4hrlich hier. Auch wenn du ein K\u00f6nig bist, geh nie ohne mich und Riley hierhin. Au\u00dferdem \u2013 das hier ist unser Paradies.\u201cNat\u00fcrlich hatten Ry und Daniel nichts miteinander. Aber ihren Spa\u00df hatten sie hier trotzdem; denn sie hatten sich ein bescheidenes Labor eingerichtet. OP, verschiedene Gef\u00e4\u00dfe, Lupen, das Beste, was man unter solchen Umst\u00e4nden bekam. Ganz wichtig: Papier.\u201eEin Kaninchen hatten wir noch nicht. Neue Akte. S\u00e4ugetiere.\u201c \u201eWow, das ist aber gruselig hier! Was macht ihr jetzt?\u201c \u201eUnser Mittagessen. Wir m\u00fcssen dieses arme Kaninchen jetzt leider t\u00f6ten.\u201c Und sezieren, dachte Riley. Sie strubbelte Matze durch die Haare und l\u00e4chelte ihn an. Sie \u00fcbersah die Tr\u00e4nen in den Augenwinkeln nicht und wischte sie weg.\u201eKomm, Tante Ry bringt dich jetzt hoch. Das wird jetzt b\u00f6se, das solltest du besser nicht sehen.\u201c",
            "wordcount": "589",
            "chapter_release": "16.09.2013",
            "chapter_number": "11"
        },
        "12": {
            "text": "Okay, hier kommt der Anfang einer wichtigen Nebenstory! Wichtig hei\u00dft diesmal ECHT wichtig!^^---------------------------------Das anschlie\u00dfende Essen war hervorragend. Sophia hatte sich einmal mehr selbst \u00fcbertroffen. Als alle fertig waren und sich die B\u00e4uche hielten, wurden erst mal m\u00fcde Blicke hin und her geworfen. \u201eIch bin so voll.\u201c, r\u00fclpste Danny, worauf ihn Sophia und Riley r\u00fcgten. \u201eWas hast du denn f\u00fcr Manieren? Wer hat dich blo\u00df erzogen?!\u201cDaniel zuckte zusammen. \u201eAach, keiner...merkt man doch!\u201c Er lachte, aber es wirkte irgendwie aufgesetzt. Die beiden M\u00e4dels sahen ihn schr\u00e4g an, aber kein anderer schien etwas bemerkt zu \u0001 \u0002 gab es Gekreische. Matthias hatte mit Zac gebl\u00f6delt, war dabei gegen Ivan gesto\u00dfen, der hei\u00dfen Tee \u00fcber sich sch\u00fcttete, dabei Grace umstie\u00df, die voll auf die arme Faith fiel. Gro\u00dfes Geschrei, gro\u00dfes Gel\u00e4chter. Dann wurde gespielt. Daniel, der zusammen mit Sophia gestern eingekauft hatte, hatte wohl auch irgendwie ein Kartenspiel organisiert, und so wurde erst einmal kr\u00e4ftig gezockt. Um den Nachtisch. Den kriegten dann nur Faith und Matthias. \u201eIhr habt doch geschummelt!\u201c, behauptete Ivan und schon begann die Kebbelei von \u0001 \u0002 war etwas sp\u00e4ter als sonst geworden, aber alle lagen friedlich vorm Kaminfeuer und schliefen, nur Sophia r\u00e4umte das restliche Geschirr ab, Riley half. \u201eDanke Ry.\u201c, fl\u00fcsterte sie. Sie wollten sich dazu legen, aber...\u201cWo ist Danny?\u201c Die beiden sahen sich verwirrt an.\u201eLass uns ihn suchen gehen.\u201c Ry zeigte auf sich und dann auf den Boden, und signalisierte Sophia, diese solle nach oben \u0001 \u0002 war tats\u00e4chlich Sophia, die Daniel fand. Eher durch Zufall, er sa\u00df auf dem Dach und sah zum Tagebau hin\u00fcber. Kurz sp\u00e4ter kam Riley. \u201eWas machst du denn hier?\u201c Er antwortete nicht. Stumm griff er nur neben sich und holte eine Flasche hervor. Er drehte sie auf und nahm einen Schluck. Dann z\u00fcndete er sich eine Zigarette an, zog tief und lie\u00df den Rauch langsam wieder ausstr\u00f6men.\u201eWarte mal...ist das Schnaps?!\u201c Nicken. \u201eUnd rauchst Du gerade etwa?!\u201c Erneutes \u0001 \u0002 zupfte ihn sanft am \u00c4rmel. Er reagierte nicht. Seufzend setzte sie sich neben ihn, Sophia auf der anderen Seite, sodass er flankiert wurde.\u201eSag mal, was ist eigentlich dein Problem? Du hast das Zeugs ja wohl schon fr\u00fcher dabei gehabt, was? Und warum sagst Du nichts? Sind wir Dir egal?\u201c Sophia funkelte ihn zornig an. Er seufzte. \u201eNein.\u201c, sagte er mit einer Stimme, die so klang, als h\u00e4tte er jahrelang nicht gesprochen. \u201eAber ihr k\u00f6nnt mir nicht helfen. Geht schlafen.\u201cKlatsch. Bevor Sophia etwas sagen konnte, hatte ihm Riley eine Ohrfeige verpasst. \u201eRy...warum tust Du das...?\u201c, fl\u00fcsterte Danny, doch sie sah ihn nur an und in ihren Augen glitzerten Tr\u00e4nen. \u201eWieso vertraust du uns nicht? Wir haben so viel durchgemacht, und du verschweigst uns einfach nur so was?\u201c Riley nickte. \u201eDu bist so, seit wir gesagt haben, du h\u00e4ttest keine Erziehung genossen. Bist du deswegen so beleidigt?\u201c \u201eNun gut...ich werde euch mal meine Story erz\u00e4hlen. Danach nehme ich meinen Hut, seit unbesorgt.\u201c",
            "wordcount": "490",
            "chapter_release": "16.09.2013",
            "chapter_number": "12"
        },
        "13": {
            "text": "Kurz, vllt etwas traurig, und definitiv ein Cliffhanger! :P ist aber ganz gut geworden :D-------------------\u201eDas Problem ist jenes: Ich habe eine sehr gute Erziehung genossen.\u201c Ry und Sophia sahen ihn erstaunt an. \u201eWar ja klar, dass ihr so guckt. Ich bin auch kein Stra\u00dfenkind. Ich hei\u00dfe eigentlich Daniel Schr\u00f6dinger.\u201c \u201eSchr\u00f6dinger? Wie der gro\u00dfe Konzern?\u201c, hauchte Sophia erschrocken.\u201eJa. Ich bin der j\u00fcngste Sohn der Familie Schr\u00f6dinger, ihres Zeichens Eigent\u00fcmer der Firma Schr\u00f6dinger Arms AG, der Firma, deren Waffen erst all dieses Chaos hier erm\u00f6glicht haben.\u201c Er starrte d\u00fcster vor sich hin und nahm noch einen Schluck, zog wieder ein, zwei mal an seiner Zigarette, hob den Kopf und fuhr fort.\u201eIch wei\u00df, was ihr jetzt denkt...ich bin beh\u00fctet aufgewachsen, in dem Glauben, mir geh\u00f6re die Welt. Es war wie im Paradies, ich hatte mein eigenes Haus, eigene Bedienstete, eine Schule nur f\u00fcr mich, so gro\u00df ist der Reichtum der Familie Schr\u00f6dinger. Doch dann, mit 12, erfuhr ich, wie es drau\u00dfen aussah.\u201c\u201eDrau\u00dfen?\u201c \u201eJa, hier. In der H\u00f6lle. Mein Mathelehrer war einer der wenigen Gro\u00dfstadtjungs, der es zu etwas gebracht hatte. Ich erkannte, was meine Familie getan hatte, und \u2013 rannte weg.\u201c \u201eDu bist von zuhause abgehauen? Mit 12? Du hattest doch ein perfektes Leben!\u201c Sophia dr\u00fcckte seine Hand, doch er sch\u00fcttelte sie w\u00fctend ab.\u201eEin perfektes Leben? Perfekt? Du musstest nie als Kind erfahren, wie es ist, in einer Scheinwelt zu leben, Schuld an all dem zu sein, was auf der Welt passiert ist! Du wei\u00dft gar nichts!\u201c Er br\u00fcllte jetzt, Sophia schlug unwillk\u00fcrlich die Hand vor den Mund; Riley hatte sogar begonnen, leise zu \u0001 \u0002 atmete schwer. \u201eJa, seht mich so an. Ich wei\u00df genau, was ihr jetzt denkt: das beh\u00fctete reiche S\u00f6hnchen, der kleine Prinz im Himmel, der aus Lust und Laune weggelaufen ist, der verw\u00f6hnte, verweichlichte Junge, der f\u00fcr den TOD eurer FAMILIE verantwortlich ist!\u201cEr war mittlerweile aufgestanden, hatte die Arme ausgebreitet; sein Gesicht war ger\u00f6tet, in seinen Augenwinkeln waren Zornestr\u00e4nen zu sehen. Dann legte er die Flasche weg und schmiss die Kippe vom Dach. \u201eIch gehe jetzt.\u201c Und damit lie\u00df er eine weinende Riley und eine fassungslose Sophia zur\u00fcck.",
            "wordcount": "357",
            "chapter_release": "16.09.2013",
            "chapter_number": "13"
        },
        "14": {
            "text": "So, jetzt wirds noch mal spannend, dann traurig, dann eklig :D l\u00e4uft nbei mir^^---------------------------\u201eMorg'n...\u201c, g\u00e4hnte Ivan. Er sah sich um. Faith, Grace, Zac und Matthias schliefen noch, aber er h\u00f6rte Ger\u00e4usche aus der K\u00fcche. 'Werden wohl Danny und die anderen sein...' Er stand auf und ging in die K\u00fcche, doch dort waren nur Riley und Sophia; Riley war an der Wand zusammengesunken, hatte sich kleingemacht und weinte, w\u00e4hrend Sophia auf einem Stuhl sa\u00df und mit starrem Blick tonlos die Wand anguckte.\u201e\u00c4\u00e4h...was'n los? Und wo ist Danny?\u201c Kaum hatte er ausgesprochen, schluchzte Ry laut. \u201eWeg.\u201c, fl\u00fcsterte Sophia. \u201eWie jetzt, 'weg' ? Was meint ihr damit? Ist der abgehauen? Einfach so?\u201c\u201eJa...nein...ach, egal. Vergiss es einfach.\u201c \u201eNein, tu ich nicht!\u201c, rief Ivan w\u00fctend. \u201eWo ist er, verdammt!\u201c \u201eDas wei\u00df ich doch auch nicht!\u201c, schrie Sophia zur\u00fcck, und Riley heulte noch lauter.\u201eIst was passiert?\u201c Alle anderen st\u00fcrmten in die K\u00fcche. Es gab ein kleines Durcheinander, aber als alles ruhig war, kam Matthias an: \u201eWo ist denn Onkel Danny? Er hat mich gar nicht wach gemacht!\u201c Er blickte vorwurfsvoll in die Runde. \u201eTja, also, nochmal f\u00fcr alle...Danny ist weg.\u201c Und Ry schluchzte erneut \u0001 \u0002 herrschte Chaos bei Icewind. Jeder hatte ein Problem, jeder ging es anders an. Matthias weinte, Sophia tr\u00f6stete ihn. Riley hatte sich im Keller eingeschlossen. Ivan putzte die Waffen schon zum 15. mal. Zac murmelte irgendetwas. Faith starrte nur dumpf in die Gegend. Und Grace zupfte auf der Gitarre irgendwelche Melodien, k\u00e4mpfte aber mit den \u0001 \u0002 alle hatte Daniel liebgewonnen; sein Humor, sein Optimismus, seine Arbeitsleistung und sein medizinisches Wissen hatten ihnen und dem (tragisch verstorbenen) Rest der Gang immer neue Hoffnung gegeben. Und jetzt war er weg.'Es ist alles meine Schuld', dachte Sophia 'H\u00e4tte ich blo\u00df niemals von Erziehung geredet...die ganze Zeit...fast 5 Jahre...jedenfalls kennen wir uns nur so lange...'Dann fiel ihr Ry ein. Sie eilte zum Keller, h\u00f6rte aber nur ein leises Weinen. 'Gut so, lass es raus...' Dann kochte sie einen Riesenpott Tee f\u00fcr alle. Mit zwei dampfenden Tassen ging sie in den Keller, nachdem sie die anderen versorgt hatte. Sie klopfte leise an. Riley sa\u00df im Schein einer d\u00fcnnen Kerze auf dem Tisch, ihre Augen waren rot und verweint. Sophia reichte ihr eine Tasse. \u201eHier, trink mal was, das tut gut.\u201c Sie setzte sich neben Riley und starrte die Decke an. \u201eDu mochtest ihn sehr, oder?\u201c Unvermutet sprach Sophia das aus, es war ihr einfach rausgerutscht. Riley zuckte zusammen, nickte dann aber langsam. Sie nippte an ihrem Tee und sah Sophia eindringlich an. 'Daniel h\u00e4tte sie sofort verstanden', dachte Sophia. Riley stellte den Becher neben sich und beugte sich zu Sophias Ohr. \u201eKannst du ihn f\u00fcr mich zur\u00fcckholen?\u201c, fl\u00fcsterte sie und legte dann einen Finger auf Sophias Lippen. \u201eVersprich es mir.\u201c \u201eIch...ich verspreche es\u201c, sagte Sophia mit einem leichten Zittern in der \u0001 \u0002 konnte sprechen? Wieso tat sie es blo\u00df nie? Und ihre Stimme hatte so komisch geklungen...Sophia konnte es nicht genau sagen, aber die Stimme gefiel ihr nicht, obwohl es zweifelsohne ein wundersch\u00f6ne Stimme \u0001 \u0002 sie den anderen sagen, dass Ry sprechen konnte? Es w\u00fcrde alle aufmuntern...aber sie hatte ihre Gr\u00fcnde, Stummheit vorzut\u00e4uschen, und deshalb sollte sie auch vorerst stumm bleiben, nicht wahr?Danny zur\u00fcckholen...eine Sisyphusarbeit. Wie sollte sie das schaffen? Und konnte sie ihn \u00fcberhaupt zur Umkehr bringen? Oder sollte sie nicht lieber Ivan oder Zac schicken? Aber das w\u00fcrde in Gewalt enden...nein, das musste sie selber tun, und die anderen m\u00fcssten mal wohl oder \u00fcbel ein, zwei Tage ohne sie auskommen. 'Ja, so werde ich es machen!', dachte Sophia und ging nach oben.",
            "wordcount": "628",
            "chapter_release": "16.09.2013",
            "chapter_number": "14"
        },
        "15": {
            "text": "Jetzt wird es mal aus zwei Sichten (Danny und Soso abwechselnd) eine Mischung aus Bear Grylls und Old Shatterhand geschrieben :3-------------------------------Alle sa\u00dfen immer noch bedr\u00f6ppelt im Wohnzimmer und starrten d\u00fcster vor sich hin. Zaghaft begann Sophia leise, aber bestimmt zu sprechen: \u201eIch hole Daniel zur\u00fcck.\u201c Protest brandete auf, \u201eIch will auch!\u201c \u201eIch komme mit!\u201c und \u00e4hnliches schallte durch den Raum, aber Sophia wimmelte alle ab. \u201eNein.\u201c, entschied sie \u201eIch bin nun mal so was wie eure Mutter, und ich bin f\u00fcr euch verantwortlich. Ich hole ihn. Bis bald.\u201cDanny hatte bereits in aller Fr\u00fche gepackt und war entschwunden. Es war drau\u00dfen noch dunkel, doch langsam ging die Sonne auf. Wo sollte er blo\u00df hin? Nach Hause konnte er definitiv nicht, dort w\u00fcrde er wohlwollend aufgenommen werden, dann verpr\u00fcgelt, neu erzogen und abschlie\u00dfend Erbe. Und er m\u00fcsste seine Prinzipien \u0001 \u0002 Wickrath? Er wusste nicht, wie es dort aussieht. Au\u00dferdem kannte man ihn dort, er k\u00f6nnte schnell ausgeschaltet werden. Nein, er musste raus, irgendwohin, wo kaum einer war, er aber leben konnte. Ums Essen brauchte er sich ja keine Sorgen zu machen. Der Fr\u00fchling w\u00fcrde bald kommen, er hatte eine Schleuder und ein perfektes Messer \u2013 beides hatte er schon vorher, er hatte den anderen nichts weggenommen, nicht mal etwas Essen \u2013 und so w\u00fcrde er auch jagen \u0001 \u0002 ginge vielleicht im Dreil\u00e4ndereck, aber dorthin zukommen (ohne Karte!) w\u00fcrde mehrere Tage beanspruchen. Aber er konnte dort auch Angeln. Er suchte die ungef\u00e4hre Richtung und stiefelte \u0001 \u0002 sollte sie ihn blo\u00df finden? Sophia verzweifelte, als sie ihren Rucksack packte. Er w\u00fcrde schnell gehen, sie musste sich beeilen. Was sollte sie alles einpacken? Hmm...etwas Wegzehrung, ein Messer, eine Decke, etwas zum Feuermachen, eine Wasserflasche...ja, das sollte wohl genug sein. Es w\u00e4re wohl am besten, erst den Fu\u00dfstapfen zu folgen, aber zu bedenken, wo er wohl hin wolle. Sie verlie\u00df das Haus und fand sofort einige deutliche Spuren. Sie f\u00fchrten weg vom Tagebau, weg von der Stadt. Nat\u00fcrlich, wir k\u00f6nnen nie wieder zur\u00fcck, wir w\u00fcrden sofort umgenietet, und er wird auch nicht nachhause gehen. Er ist ein einsamer Wolf, der eine Heimat gefunden hatte und jetzt von seiner Vergangenheit eingeholt \u0001 \u0002 wird er als Intelligenzbestie irgendwo hingegangen sein, wo er alleine ist, aber gute Lebensqualit\u00e4t vorfinden wird: Nahrung und Unterschlupf. Dummerweise kannte sich Sophia geografisch \u00fcberhaupt nicht aus und musste sich ganz auf ihre miserablen F\u00e4higkeiten als Spurenleser verlassen.\u201eSchei\u00dfe Man, was machen wir jetzt?\u201c \u201eNa, das \u00dcbliche.\u201c Im Haus herrschte gro\u00dfe Verwirrung. Es war wie ein Schiff ohne Kapit\u00e4n, keiner wusste, wie man alles koordinieren sollte. Man dachte und dachte und dachte und \u00fcberlegte und sprach und redete und dachte dann wieder nach, aber keiner hatte eine Idee. \u201eAlso, ich finde die Idee ja gut, alles so wie vorher zu machen.\u201c Grace war mal wieder sehr direkt. \u201eZac und Ivan bewachen alles und reparieren alles, was man reparieren muss, Faith macht den Haushalt und Matze hilft, ich k\u00fcmmer mich um das Besorgen von Essen und Riley hilft \u00fcberall einfach mal mit.\u201c \u201eWieso muss ich den Haushalt schmei\u00dfen und kochen?\u201c, warf Faith ein. \u201eWeil du's am besten kannst.\u201c, entgegnete Zac trocken. Sie guckte immer noch etwas ungehalten, aber lenkte ein.\u201eOkay...was meint ihr, wie lange brauchen sie?\u201c \u201eAch, nur zwei, drei Tage.\u201c",
            "wordcount": "546",
            "chapter_release": "16.09.2013",
            "chapter_number": "15"
        },
        "16": {
            "text": "Noch ein Update...und vllt heute noch zwei mehr^^ au\u00dfer hagelt es, w\u00e4hrend die Sonne scheint *-* richtig geiles Wetter hier *-*---------------------------Daniel ging z\u00fcgig, aber als es Mittag war, bekam er Hunger. Bei einem langen Marsch steigt der Normalverbrauch eklatant, und das musste ausgeglichen werden. Er sah sich um. Gab es hier etwas zu essen oder zu trinken? Er fand lediglich eine leere Plastikflasche, aber als er etwas weiterging, h\u00f6rte er einen Bach \u0001 \u0002 fand ihn recht schnell und f\u00fcllte die Flasche, trank aber nichts, denn er wusste, dass das Wasser verunreinigt war. Dann sah er die Amsel. Seine Hand fuhr zu der Schleuder. Langsam legte er einen flachen, runden Kiesel ein, drehte die Schleuder, lie\u00df sie los und \u2013 traf. Er ging zum Vogel und hob ihn auf, aber verstaute ihn im Rucksack, als Abendmahl. Er sah weiter. \u00dcberraschend viele Pflanzen hatten den recht milden Winter \u0001 \u0002 fand ein paar Bl\u00e4tter L\u00f6wenzahn, etwas Sauerampfer und ein kleines B\u00fcschel wilden Feldsalat. Den Ampfer steckte er ein, aber L\u00f6wenzahn und Salat a\u00df er sofort. Der L\u00f6wenzahn war alt, trocken und eklig bitter, aber der Feldsalat rundete ihn etwas ab. Gest\u00e4rkt und mit Vitaminen versorgt (Daniel kannte sich aus) setzte er seinen Weg \u0001 \u0002 fand seine Spuren im frischen Matsch schnell. Sie waren deutlich zu erkennen, er trug Nagelstiefel, um genau zu sein, Springerstiefel mit Stahlkappe. Fr\u00fcher hatten sie ihn oft damit aufgezogen. Manche hatten sich gewundert, wo er die herhatte, so was war rar und teuer geworden, aber er war eh damals merkw\u00fcrdig \u0001 \u0002 kam einfach irgendwann nach Wickrath, keiner kannte ihn, niemand wusste, wo er herkam. Er trug nicht viel bei sich, aber es schien alles teuer gewesen zu sein. 'Jetzt wissen wir ja, wieso', dachte sie. Aber das machte ihn nicht schlechter, er war sogar netter und bescheidener gewesen als die \u00e4rmeren der \u0001 \u0002 kam hohes Gras, aber die schweren Stiefel dr\u00fcckten die Halme erbarmungslos nieder, und die Spur war auch noch relativ frisch. Es ging auf Mittag zu, auch sie musste etwas essen. Sie k\u00f6nnte sich f\u00fcnf Minuten Ruhe, a\u00df ein paar N\u00fcsse, stand auf und ging \u0001 \u0002 wurde dunkel. Daniel musste sich nach einem Schlafplatz umsehen. Nicht allzu weit weg sah er eine Baumgruppe. Er hielt auf sie zu. Ja, dort konnte er schlafen. Es waren Nadelb\u00e4ume, sie waren noch begr\u00fcnt, der Boden war weich und das Holz trocken. Doch er sah eindeutige Zeichen menschlicher Anwesenheit, die erst k\u00fcrzlich \u0001 \u0002 konnte also nicht auf dem Boden n\u00e4chtigen, er musste in die B\u00e4ume, aber die Zweige schienen zu d\u00fcnn, ihn zu tragen. Am Rande jedoch, zwischen einigen Farnen, standen zwei gr\u00f6\u00dfere B\u00e4ume, deren \u00c4ste ihn tragen konnten. Er schaffte seinen Rucksack dort hoch. Dann sammelte er Feuerholz, Farne und Zweige und einen \u0001 \u0002 begann, den Platz unter sich mit Zweigen abzudecken, sodass er verborgen w\u00e4re. Dann nahm er die Farne und baute sich ein Dach, falls es regnen oder schneien sollte. Jetzt kam er zum Feuer. Es war kompliziert, eines ohne Rauch zu machen, und er konnte den Vogel nicht einfach so grillen, man w\u00fcrde es riechen. Er holte eine alte Blechtasse mit Holzgriff aus seinem Rucksack, entz\u00fcndete ein kleines Feuer auf dem Stein und kochte Wasser ab, in das er einige Fichtennadeln \u0001 \u0002 trank es, f\u00fcllte nach und kochte mehr Wasser ab; parallel dazu rupfte er den Vogel und weidete ihn aus, war das ungenie\u00dfbare Gekr\u00f6se weg und f\u00fcllte dann die Tasse noch mit dem Fleisch, dem Sauerampfer und einigen \u0001 \u0002 stapfte weiter tapfer voran. Sie hatte sich bisher wacker geschlagen, doch jetzt wurde es dunkel und sie m\u00fcde. Ganz in der N\u00e4he sah sie einen alten Schuppen. Dort legte sie sich hinein, wickelte sich in ihre Decke und schlief \u0001 \u0002 erwachte fr\u00fch, bei Sonnenaufgang. Ihr war kalt, der R\u00fccken schmerzte, aber da war wohl nichts zu machen. Sie schulterte ihren Rucksack und ging los; sie a\u00df im Gehen einige N\u00fcsse, das musste reichen. \u0001 \u0002 hatte sie ein Problem: Viele der Spuren waren verschwunden. Sophia sucht und suchte, aber sie brauchte f\u00fcr eine Strecke, die Daniel in 15min bew\u00e4ltigt hatte, fast doppelt soviel. Sie ging trotzdem z\u00fcgig weiter und ersp\u00e4hte eine Baumgruppe, Fichten vermutlich. Hatte er dort gepennt? Wahrscheinlich ja.",
            "wordcount": "706",
            "chapter_release": "16.09.2013",
            "chapter_number": "16"
        },
        "17": {
            "text": "UNd noch ein neues! >.< Arbeitswut!!!--------------------------Daniel war ebenfalls fr\u00fch erwacht und packte sofort zusammen. Er trank den Rest Br\u00fche von gestern \u2013 er hatte nicht alles gegessen \u2013 und wickelte auch noch ein Br\u00f6ckchen Amsel in ein Sauerampferblatt, f\u00fcr unterwegs. Er sah sich um. Unter ihm war alles leer, und keiner war in der N\u00e4he. Er kletterte hinab und merkte, wie durchgefroren er war. Wenn das so weitergehen w\u00fcrde, w\u00fcrde er sich noch den Tod holen, er musste bessere Unterk\u00fcnfte finden. Er sah sich ein letztes Mal um und entdeckte eine Plastikt\u00fcte. Der Tau hatte sie zum gr\u00f6\u00dften Teil ges\u00e4ubert. 'Da kann ich Schnecken und Insektenlarven drin aufbewahren...', dachte \u0001 \u0002 hasste es, so was essen zu m\u00fcssen, aber er war es von fr\u00fcher gewohnt. Flugs stiefelte er los. Er hielt die Augen offen. War hier noch jemand? Und gab es hier was zu essen? Oder einen kleinen Bach?Sophia war sich ganz sicher: er musste dort hinten gepennt haben. Sie hielt stur auf die Baumgruppe zu. Sie merkte, dass sie durstig wurde, und sie hatte auch noch kaum was zu essen. Schlecht, aber wie sollte sie sich helfen? Wasser musste sie erst finden und abkochen, und was konnte sie essen? Daniel hatte mal in einer sternenklaren Nacht angedeutet, wie er fr\u00fcher gelebt hatte. \u201eWie ein Penner.\u201c, hatte er gesagt, \u201eZiellos umhergelaufen und als gefressen, was man essen konnte.\u201cIhr schwante \u0001 \u0002 stapfte weiter. Die Fichten waren vielleicht noch 2km weit weg, sie sch\u00e4tzte, dass es etwa 10:00 waren. Sie hatte einen kleinen Bach entdeckt und ihre Flaschen gef\u00fcllt, aber was essbares hatte sie noch nicht gefunden, bis sie...Schnecken sah. Oh Gott...sie sahen nicht sehr lecker aus, aber \u2013 nun ja, sie packte sie angeekelt \u0001 \u0002 sah sich um. Wo war er jetzt? Er sah die Sonne an. Okay, also da ist Osten, dann ist da Westen, also muss ich...hier lang. Und flugs ging es weiter. Unterwegs sah er best\u00e4ndig nach neuem Essen...vor allem an Bachl\u00e4ufen. Er fand einen Frosch in Winterstarre, noch etwas Ampfer, einige andere Pflanzen. Erstmal genug. Er lebte jetzt sofort von der Hand in den Mund \u2013 jedenfalls nur bei den Pflanzen, Tiere sollte man garen \u2013 und ging immer \u0001 \u0002 war gerade erst 16:00, aber es w\u00fcrde in einer Stunde dunkel werden, und dieses Mal wollte er ein gutes Lager haben. Er sah sich nach einer geeigneten Stelle um. Dort hinten...da sah er Haselnussstr\u00e4ucher, und Kirschlorbeer in der N\u00e4he. Er war meilenweit weg von jeglicher Art menschlicher Besiedlung, er musste weniger vorsichtig \u0001 \u0002 ging zu der Stelle. Es lag trockenes Holz vor, allerdings nur kleinere Zweige. Er musste gr\u00f6\u00dferes Holz finden, aber nirgendwo waren B\u00e4ume. Erstmal den Unterschlupf herrichten, etwas Holz hatte er ja \u0001 \u0002 legte den Boden mit den immergr\u00fcnen Kirschlorbeerzweigen aus, dar\u00fcber h\u00e4ufte er Gras. Aus denselben Materialien baute er sich auch ein Dach und W\u00e4nde. Das Ganze dauerte in etwa eine halbe Stunde. Dann sah er sich um. Unter dem Kirschlorbeer waren noch einige dicke \u00c4ste. Sophia wusste nicht, wo sie schlafen sollte. Sie hatte sich gnadenlos dazu durchgerungen, immer weiter zu marschieren. Sie sah sich um; in weniger als 20min w\u00fcrde es stockfinster sein. Es war alles Flachland, abgesehen von einem kleinen Schuppen \u2013 den Daniel ignoriert hatte \u2013 und einer \u0001 \u0002 w\u00fcrde sie in der H\u00fctte pennen. Sie ging dort hin. Sehr gut, keiner war dort, und es roch zwar eklig, aber sie schien schon lange verlassen zu sein. Trotzdem wagte sie es nicht, ein Feuer zu entfachen. Sie wickelte sich in ihre Decke ein, a\u00df die letzten N\u00fcsse und schlief ein.",
            "wordcount": "603",
            "chapter_release": "16.09.2013",
            "chapter_number": "17"
        },
        "18": {
            "text": "Okay, f\u00fcr alle Aufmerksamen: Antonia kommt bald wieder vor! Sie wurde blo\u00df nicht erw\u00e4hnt, weil...sie weg war! Nein, ich hab sie blo\u00df vergessen (^_^;)-------------------------------Danny hatte ein besseres Abendessen als sonst genossen; er zog Fr\u00f6sche den meisten V\u00f6geln vor, sie waren einfacher zuzubereiten. Er hatte das Feuer so gel\u00f6scht, dass er es sofort entfachen k\u00f6nnte, falls etwas passieren sollte. Er d\u00f6ste langsam vor sich \u0001 \u0002, wo er auf freiem Feld lag, abseits aller Stadtlichter, sah er die Sterne in ihrer ganzen Pracht. Er w\u00fcnschte, er k\u00f6nnte wie sie sein. Frei. \u0001 \u0002 strahlten so sch\u00f6n, sie sahen so gl\u00fccklich aus, wie eine gro\u00dfe Familie. \u201eFamilie...\u201c, fl\u00fcsterte er. Ja, er hatte eine Familie gehabt, und die hatte er verlassen. In ihm stiegen Tr\u00e4nen auf. Es war verdammt egoistisch von ihm gewesen, einfach abzuhauen. Aber \u2013 sie mussten ihn ja auch hassen, daf\u00fcr, was er ihnen angetan \u0001 \u0002 streckte seinen Arm aus, als wolle er nach den Sternen greifen. An diesen H\u00e4nde klebt das Blut unschuldiger Menschen...er m\u00fcsste \u0001 \u0002 h\u00f6rte Gemurmel. Tr\u00e4umte sie? Nein, daf\u00fcr waren die Stimmen zu tief. Sie sp\u00fcrte W\u00e4rme. \u0001 \u0002 \u00f6ffnete langsam die Augen. Zwei Penner hatten ein Lagerfeuer entfacht und sa\u00dfen nun auch in der H\u00fctte. Sie redeten leise, sie verstand nicht, was. Noch hatten sie sie nicht entdeckt, denn sie war hinter einigem Ger\u00fcmpel versteckt, aber wie lange noch?\u201eOah Alter, ich muss mal richtig pissen!\u201c \u201eJa dann geh doch du Idiot!\u201c Er stand auf. Bitte geh zum Busch, bitte geh zum Busch...er sah sich kurz um. \u201eDrau\u00dfen isses viel zu kalt...ich piss hier drin...\u201c \u201eDann aber nich so nah bei uns, Alter, ich habe immer noch ne Nase!\u201c \u201eJaja\u201c, grummelte er. Und ging zu dem Stapel mit \u0001 \u0002 \u00f6ffnete bereits seinen Hosenstall, als er Sophia sah. \u201eNa, was hamma denn hier?\u201c Er grinste schmierig. \u201eEy Kalle, komma bei mich bei. Da hamma aba ma richtig Gl\u00fcck jehabt, meinste nich auch?\u201c \u201eOh ja, Olaf, oh ja...\u201c Der, der Kalle genannt wurde, griff Sophia grob am Arm. \u201eLass uns ma wat Spa\u00df ham, M\u00e4del.\u201c Er grinste auch noch anz\u00fcglich. Dann zog er sie hoch und schubste sie Richtung Lagerfeuer. \u201eAaaaah!\u201c Sophia schrie so laut es ging. Aber w\u00fcrde sie jemand h\u00f6ren?Daniel lag angespannt unter seiner Decke, die Hand an seinem Kampfmesser, dass er immer griffbereit dabei hatte, seit er Icewind verlassen hatte. Er hatte vor einiger Zeit Rauch gerochen und schwachen Feuerschein beim Schuppen gesehen. Wer war dort?\u201eAaaaah!\u201c Er h\u00f6rte einen lauten Schrei. Es war eine Frau. Irgendwoher kam ihm die Stimme sogar bekannt vor...aber egal, er musste helfen!Rasch stand er auf und rannte auf etwa 20m Entfernung hin, dann ging er in die Hocke, um die Lage zu sondieren. Was er sah, lie\u00df ihn beinahe schreien.\u201eSei ruhig und halt still, dann tuts auch nich so sehr weh!\u201c Kalle lachte dreckig, w\u00e4hrend Sophia sich wand und zu entkommen suchte. Dann kam der erste Schlag. Er traf sie in der Magengrube, sodass sie aufkeuchte und sich kr\u00fcmmte. Dann einer ins Gesicht, noch einer ins Gesicht. Kalle schlug brutal \u0001 \u0002 kam Olaf. Er hielt ihr die Arme fest, so dass sie sich nicht wehren konnte. Dann spreizte Kalle gewaltsam ihre Beine und \u00f6ffnete ihre Jacke. Sophia konnte nur st\u00f6hnen, ihre Lippen waren geplatzt und ihr Gesicht so verschwollen, dass sie nicht reden konnte. Dann griff er ihr unter den Pullover und schob ihn langsam hoch...",
            "wordcount": "572",
            "chapter_release": "16.09.2013",
            "chapter_number": "18"
        },
        "19": {
            "text": "ziemlich kurz, ziemlich wichtig-------------------------Daniel begriff, dass er sofort handeln musste. Er hatte sich bereits so nah wie nur m\u00f6glich herangepirscht, ohne entdeckt zu werden. Lautlos zog er sein Messer. Dann schnellte er aus seiner Deckung hervor, stellte sich hinter Kalle, der sich ja nicht richtig bewegen konnte, und schnitt diesem die Kehle \u0001 \u0002 schoss sofort aus der Wunde und bespritzte Sophia und f\u00e4rbte Daniels H\u00e4nde rot. \u201eWer bist du? Lass mich in Ruhe!\u201c Olaf schrie und griff nach etwas, vermutlich eine Waffe, aber Daniel war schneller. Er warf einen Kiesel, den er griffbereit vorher in der Hand \u0001 \u0002 wich problemlos aus, aber schon hatte Daniel einen Satz \u00fcber Sophia gemacht und ihm sein Messer in den Bauch gerammt. Olaf hustete, aus seinem Mund kam Blut. Daniel umarmte ihn nun beinahe. Langsam zog er es wieder hinaus und rammte es dann wieder hinein. Raus. Rein. Raus. Rein. Dann stie\u00df er den nur noch zuckenden Leib weg.\u201eDanny...\u201c, fl\u00fcsterte Sophia. Er wandte ihr nur den R\u00fccken zu. \u201eZieh dich an.\u201c Er drehte sich um, sein Gesicht war voller Blut. Er sah w\u00fctend aus, aber es lag auch eine Spur Einsamkeit in seinem Blick. \u201eGeh nach Hause.\u201cSophia wollte aufstehen, doch sie zuckte zusammen und fiel sofort wieder um. Sie st\u00f6hnte schmerzerf\u00fcllt. Daniel sah sie an, unsicher, was er tun sollte. Jedenfalls konnte er nicht einfach gehen. Er seufzte sanft und begann sanft sie zu untersuchen. \u201eDein Kn\u00f6chel ist verstaucht, zwei Rippen angebrochen, dir fehlt ein Zahn, und bis dein Gesicht wieder menschlich aussieht, dauerts locker noch zwei Wochen.\u201c Er l\u00e4chelte schief. \u201eWieso rennst du mir nach? Du bringst dich nur unn\u00f6tig in Gefahr. Du hast gesehen, wie ich in Wahrheit bin. Ich bin ein Monster. Jetzt geh!\u201c\u201eDaniel\u201c Sophia nuschelte undeutlich, sie konnte kaum reden. \u201eIch kann doch gar nicht laufen. Entweder nimmst du mich mit oder du bringst mich zur\u00fcck. Bist du denn so herzlos?\u201c \u201e...Ja. Ich gehe, und du gehst auch. Aber zur\u00fcck.\u201c\u201eDanny!\u201c, schrie sie, \u201eWieso haust du ab? Was hast du f\u00fcr ein Problem? Alle vermissen dich!\u201c Sie weinte. \u201eDu...du geh\u00f6rst doch zu uns...\u201c Ihre Schultern zuckten.\u201eNein. Ich bin ein Monster.\u201c Er setzte sich ins Gras und sah in den dunklen Himmel. \u201eSiehst du die Sterne? Sie sind so frei, sind sind eine wunderbare Familie. Ich habe eine wundervolle Familie gefunden.\u201c Er l\u00e4chelte schwach. \u201eAber ich muss jetzt gehen. Ich bin ein D\u00e4mon auf Wanderschaft; jetzt, wo ihr wisst, dass der Teufel mitten unter euch war...es tut mir leid.\u201c \u201eEs tut dir gar nicht leid!\u201c, heulte Sophia, \u201eZac und Ivan wollen dich umbringen, weil du abgehauen bist, Matthias weint den ganzen Tag, Antonia hat Fieber und keiner kann helfen! Und du haust einfach ab!\u201c\u201eAber ich kann jetzt nicht mehr zur\u00fcck.\u201c \u201eDoch! Denk an Riley!\u201c Daniel zuckte merklich und versp\u00fcrte einen Stich im Herzen. \u201eIch...ich hab ihr versprochen, dich zur\u00fcckzuholen...ich lasse dich nicht gehen...wir lassen dich nicht gehen...\u201cDann wurde sie ohnm\u00e4chtig.",
            "wordcount": "494",
            "chapter_release": "16.09.2013",
            "chapter_number": "19"
        },
        "2": {
            "text": "Nach dem doch recht kurzen Kapitel 1 mal ein etwas l\u00e4ngerer Part;)--------------------------------------------------Antonia kam endlich an, m\u00fcde, hungrig und halb erfroren. \u201eHallo Sch\u00e4tzchen\u201c, gr\u00fc\u00dfte sie Sophia. \u201eMeine G\u00fcte, wie siehst du denn aus? Komm, kuschel dich erst mal unter die Decke.\u201c Sophia reichte Antonia einen Fetzen Stoff; was besseres konnte man sich kaum leisten. \u201eHast du etwas bekommen?\u201c Antonia sch\u00fcttelte betr\u00fcbt den Kopf. \u201eNein...ihr?\u201cEin kleines L\u00e4cheln erschien auf Sophias Gesicht. \u201eDer gute alte Matthias hat ganze drei Ratten erwischt.\u201c \u201eJaaa!\u201c Etwas kleines mit wuscheligem, verfilztem braunen Haar kam angelaufen. Es war Matthias, wie \u00fcblich dreckverkrustet und etwas muffig riechend. Aber man konnte um diese Jahreszeit nicht baden.\u201eHabe ich das gut gemacht?\u201c Matthias strahlte die beiden an. Antonia l\u00e4chelte matt. \u201eJa, das hast du.\u201c Sie setzte sich auf, es wirkte m\u00fcde und schlapp. \u201eMeinst du, dass das wirklich f\u00fcr uns alle reicht?\u201c Besorgt sah sie Sophia an. \u201eUm ehrlich zu sein...nein. Wir werden wohl heute mal wieder hungern. Und es ist gerade erst November...aber wir haben genug, um \u00fcber den Winter zu kommen.\u201c \u201ePuh.\u201c Antonia atmete erleichtert aus. \u201eWie sieht es mit neuen Waren aus?\u201c \u201eOlek hat kaum was...viele wollen was, die Preise sind hoch. Mittlerweile ist man mal wieder auf Tauschhandel umgestiegen, wobei die h\u00f6chsten Kurse gerade f\u00fcr Fleisch gelten. Man kann mit einer Maus schon drei \u00c4pfel kriegen.\u201cDrei \u00c4pfel. Das war viel. Und Vitamine waren wichtig.\u201eHaben wir noch irgendwelche Reserven?\u201c Sophia lachte. \u201eJa, die haben wir tats\u00e4chlich. Aber nicht viel...einen Eimer Bucheckern, Wal- und Haseln\u00fcsse. Macht kaum satt, gibt aber wenigstens etwas Energie. Woran es uns zurzeit nicht mangelt, sind Gew\u00fcrze. Wir haben noch Salz, Thymian und Rosmarin.\u201cSalz war diesen Sommer billig gewesen; das Meer war nicht allzu weit entfernt, und zwei Leute waren mit Fahrr\u00e4dern hingefahren. Sie hatten Hin- und R\u00fcckfahrt sowie das Trocknen des Meerwassers in knapp zwei Wochen geschafft und waren mit mehreren Eimern Salz zur\u00fcckgekehrt. Ein anderer Vorteil war, dass nicht alle Wert auf K\u00f6rperhygiene legten. Zahnpasta war ein Relikt vergangener Zeiten, Salz war wieder gang und \u0001 \u0002 als Antonia sich nach dem Verbleib der anderen erkundigen wollten, kamen Grace und \u0001 \u0002 beiden nannte man gerne das \u201eRedhead-Duo\u201c, was daran lag, dass Grace dunkelrote Haare hatte und Riley orange; w\u00e4hrend Rileys Haare jedoch lockig waren und wuschelig vom Kopf abstanden, k\u00e4mmte Grace ihre Haare dauernd, damit sie weiterhin glatt blieben, was ihr auch besser stand.\u201eNaa, wo wart ihr denn?\u201c Matthias sah die beiden erwartungsvoll an. \u201eNana, Matze, begr\u00fc\u00df die beiden doch erstmal.\u201c Sophia wurde wieder zur Mutter, die sie Matthias ersetzte.\u201eAchso, jaja, hallo!\u201c Er strahlt \u00fcbers ganze Gesicht. \u201eHi Kleiner!\u201c Grace umarmte ihn, w\u00e4hrend Riley ihn anl\u00e4chelte. Sie war stumm, aber ihre Mimik war ausdrucksstark genug, um dies wettzumachen.\u201eWir waren in Wanlo, musizieren.\u201c \u201eWanlo?\u201c Antonia sah die beiden desillusioniert an. \u201eDas ist doch das totale Pissdorf. Da kriegt man doch nichts.\u201cRiley sch\u00fcttelte fr\u00f6hlich den Kopf und hielt ihr einen Becher hin. Es klingelte darin. \u201eGanze \u0001 \u0002\u20ac.\u201c, verk\u00fcndete Grace \u0001 \u0002 Euro waren nicht viel. Geld war fast wertlos, da nicht genug Waren vorhanden waren, und so war man oft wieder auf Tauschhandel umgestiegen. Sechs Euro reichten meistens f\u00fcr einen Apfel oder \u00e4hnliches, aber im Winter war es nur ein Tropfen auf den hei\u00dfen Stein.\u201eEgal, pflanzt euch einfach irgendwo hin, wir warten mal auf den Rest, dann bringe ich euch auf den neuesten Stand und wir kochen.\u201c Als Sophia dies sagte, wirkte sie \u0001 \u0002 Rest \u2013 das waren Ivan, Zac, Daniel und Faith. Zusammen bildeten sie alle eine gro\u00dfe Familie; sie waren alle zusammen zu Icewind gesto\u00dfen und waren als einzige keine \u0001 \u0002 meisten schlossen sich einer Gang nur an, um in einem lockeren Sozialverband zu sein, der Schutz und Unterkunft \u0001 \u0002 den neun war das jedoch das Gegenteil, alle anderen nannten sie deshalb spa\u00dfeshalber \u201eDie Familie\u201c, jedoch im Sinne von Mafiagruppe. Was den neun sinnlos erschien, denn sie waren die am wenigsten Kriminellen der \u0001 \u0002 und da lie\u00df jemand mal was mitgehen, sch\u00f6n und gut, aber das wars auch schon. Selbst die eher gem\u00e4\u00dfigte Icewind-Gang hatte Dreck am Stecken; haupts\u00e4chlich Raub\u00fcberf\u00e4lle oder Auftragsmorde. Es herrschten raue Sitten, und mit Gewalt konnte man gut \u0001 \u0002 am lukrativsten waren immer noch Drogen und Prostitution. Tim hielt Icewind da raus. Vermutlich jedenfalls...Als erstes trudelten Ivan, Zac und Daniel ein. Ivan und Zac waren eng befreundet und die \u00c4ltesten innerhalb der Familie; Daniel war erst 16 \u00bd, w\u00e4hrend die beiden anderen 18 bzw 19 \u0001 \u0002 waren von ihren Aufgaben zur\u00fcckgekehrt: Ivan und Zac waren Wachen, und Daniel hatte ihnen geholfen.\u201eHey Leute!\u201c Zac grinste breit. Er sprach mit einem britischen Akzent, er war aus England immigriert. \u201eWir haben einen Hasen gefangen!\u201cDie Neuigkeit wurde von allen mit Begeisterung aufgenommen. \u201eDann gibt es heute eine Br\u00fche: Hase und Ratte mit Rosmarin. W\u00e4rmt euch alle nach diesem anstrengenden Tag auf. Danny, du hilfst mir.\u201c Sophia koordinierte wie \u00fcblich alles und rekrutierte Daniel, der ein M\u00e4dchen f\u00fcr alles \u0001 \u0002 war auch Faith angekommen, und so sa\u00dfen sie alle ums Feuer und a\u00dfen still. Als alle fertig war, brachte Sophia sie auf den neuesten Stand.\u201eTim und der Rest sind weg, sie m\u00fcssen sich mit Firecore rumschlagen.\u201cFirecore war eine der gr\u00f6\u00dften Gangs von M\u00f6nchengladbach; sie kamen aus Odenkirchen und bestanden zum Gro\u00dfteil aus Migranten, meist t\u00fcrkischer Abstammung. Sie waren haupts\u00e4chlich im Drogengesch\u00e4ft, und wollten ihr Gebiet st\u00e4ndig ausweiten. Mit Gewalt nat\u00fcrlich.\u201eSie wollen sich G\u00fcdderath unter den Nagel reissen, und alle umliegenden Gangs haben nat\u00fcrlich was dagegen, weshalb sich G\u00fcdderath, Wetschewell, Wickrath und Wickrathberg zusammengeschlossen haben, um das zu verhindern. Wird wahrscheinlich ziemlich brutal.\u201cOftmals gab es lockere Allianzen zwischen den einzelnen Gangs, wenn eine Gang zu viel Stress machte.\u201eWir sind mit 20 Mann vertreten, die anderen schicken auch den Gro\u00dfteil ihrer M\u00e4nner. Insgesamt sind wir wohl 60 Mann; Firecore wird etwa mit 80 Mann dagegenhalten. Hoffen wir das beste.\u201cAlle sahen besorgt drein. Wenn das in die Hose ging, konnte es gut sein, dass sich Firecore nicht nur G\u00fcdderath schnappte, und dann w\u00fcrden alle restlichen Mitglieder der einzelnen Gangs exekutiert.\u201eWas sollen wir sonst noch tun?\u201c Grace sah Sophia fragend an. \u201eWir haben mal wieder Versorgungsaufgaben. Ein Lazarett muss gebaut werden, und wir brauchen genug Vorr\u00e4te f\u00fcr einige Tage, f\u00fcr etwa 15 Leute pro Tag. Au\u00dferdem m\u00fcssen Barrikaden errichtet werden, wer wei\u00df, was passiert, und dann m\u00f6chte ich nicht \u00fcberrascht werden. Zu guter Letzt packt jeder sein B\u00fcndel. Auf geht\u2019s.\u201c",
            "wordcount": "1.079",
            "chapter_release": "16.09.2013",
            "chapter_number": "2"
        },
        "20": {
            "text": "Soo, jetzt schreib ich wieder l\u00e4ngere Kapis ;)------------------Sophia erwachte erst sp\u00e4t. Sie sah sich um. Sie war nicht mehr in der H\u00fctte. \u201eWo bin ich blo\u00df?\u201c, murmelte sie und wollte aufstehen, aber versp\u00fcrte einen pl\u00f6tzlichen Schmerz im Kn\u00f6chel. Sie sank zu Boden und sah sich um. Irgendwer hatte sie in einen Unterstand aus \u00c4sten und Gras geschleppt. In nicht allzu gro\u00dfer Entfernung sah sie die H\u00fctte. Die H\u00fctte...dann h\u00f6rte sie ein leises Schnarchen. Sie fuhr herum. Neben ihr lag Daniel. Z\u00e4rtlich r\u00fcttelte sie ihn an der Schulter. \u201eAufstehen...\u201c, doch er brummelte nur und drehte sich \u0001 \u0002 kam eine Idee. Sie schmiss sich auf ihn drauf und strampelte. \u201eAua! Ist ja gut Matze, ich steh ja auf...\u201c Doch als er die Augen aufschlug, sah er direkt in das \u2013 ziemlich ramponierte \u2013 Gesicht von Sophia. \u201eAch, scheinst uns ja doch zu vermissen.\u201c Sie grinste.\u201eNaja, vielleicht etwas...\u201c, sagte er. \u201eWie dem auch sei, steh auf!\u201c \u201eAber ich kann nicht! Au\u00dferdem habe ich noch nichts gefr\u00fchst\u00fcckt.\u201c \u201eIch auch nicht.\u201c \u201eDu bist ein Junge!\u201c \u201eDie brauchen sogar mehr als Frauen.\u201c \u201eIch will aber was essen!\u201c \u201eNa gut...\u201cSeufzend griff er in seinen Rucksack. \u201eHier.\u201c Er reichte ihr Amsel in Sauerampfer. \u201eKannst du beides essen.\u201c Sie be\u00e4ugte es misstrauisch. \u201eWas genau ist das?\u201c \u201eVogel und Salat. Iss jetzt.\u201c Sie schlang es herunter. \u201eWillst du nichts essen?\u201c \u201eWenn ich was essbares finde...\u201cDann fiel ihr die Lage wieder ein. \u201eMoment, wohin gehen wir?\u201c \u201eIch gehe. Du kannst nicht gehen.\u201c Sie wollte was einwenden. \u201eKeine Sorge, ich trage dich. Aber ab jetzt muss ich dir die Augen verbinden, nur zur Sicherheit.\u201c \u201eOkay...\u201c Hoffentlich geht er zur\u00fcck, dachte \u0001 \u0002 wusste nicht, wie lange sie schon gegangen waren. Ab und zu hielt er an, sammelte wohl etwas oder machte einfach nur eine Pause. Trotzdem merkte sie irgendwann, dass es dunkel wurde. \u201eHey, willst du kein Lager bauen? Oder was essen?\u201c \u201e\u0001 \u0002 \u2013 es geht schon so.\u201c, presste er angestrengt hervor. \u201eGleich \u2013 sind wir da, wo \u2013 ich \u2013 hrrng, etwas habe.\u201c \u201eEtwas habe?\u201c \u201eJa...egal.\u201cEtwas sp\u00e4ter setzte er sie ab. Er atmete schwer. \u201eIch hole kurz etwas. Wenn ich weg bin, bleibt die Binde da, wo sie ist, okay? Ich vertraue dir. Ansonsten bleibst du hier! Verstanden?\u201c \u201eJa.\u201cDerweil in Borschemich:\u201eSchei\u00dfe! Antonia geht\u2019s immer schlechter! Wenn blo\u00df Danny hier w\u00e4re...\u201c \u201eRy macht ihren Job so gut sie kann!\u201c, herrschte Zac Faith an. \u201eAber wenn er nicht bald da ist, komm ich und bring ihn um!\u201c \u201eMachst du doch auch, wenn er kommt.\u201c, meinte Ivan gelassen. \u201eSchnauze, Ivo!\u201c \u201eHey Jungs.\u201c, murmelte Antonia, \u201ekommt mal...hust...wieder runter...\u201c Antonia l\u00e4chelte schwach. Riley hielt ihre Hand und k\u00fchlte ihre Stirn.\u201eEs wird schon irgendwie...hoffe ich. Wer k\u00fcmmert sich eigentlich um Matthias?\u201c Alle zuckten zusammen. \u201eNaja...also...wir. Sollten wir jedenfalls.\u201c, sagten Ivan und Zac schuldbewusst. \u201eNa dann beeilt euch mal! Geht mit ihm jagen oder sonst was!\u201c Faith war w\u00fctend. \u201eIhr m\u00fcsst ihn endlich ablenken!\u201c \u201eFaaaith! Hilf mir mal kurz!\u201c Grace brauchte anscheinend Hilfe in der K\u00fcche. Der Raum leerte sich. Riley sa\u00df weiterhin neben Antonia und machte ihr k\u00fchle Wickel und fl\u00f6\u00dfte ihr Tee ein. 'Danny, wo bist du blo\u00df?' sie verzweifelte und Trauer und Wut stiegen in ihr hoch. 'Wir brauchen dich jetzt mehr denn je!'Daniel hatte ein Nachtlager bereitet. Er nahm Sophia die Binde ab. \u201eDu bleibst mit deinen Augen hier drin, ist das klar?\u201c \u201e...Ja, meinetwegen.\u201c \u201eGut so.\u201c Er zeigte herum. \u201eDa k\u00f6nnen wir liegen. Wenn du mal musst, sag mir Bescheid. Da hab ich \u2013 un\u00fcbersehbar \u2013 ein kleines Feuerchen angez\u00fcndet. Jetzt gibt\u2019s erst mal was zu essen.\u201c Er hielt ihr seinen Becher hin. Etwas undefinierbares schwamm darin herum. \u201eWas ist das?\u201c, fragte Sophia z\u00f6gernd. \u201eNaja, Proteine und Vitamine und ein paar Kalorien. Trink, Soso. Ich habs auch schon oft gegessen, so oder etwas anders, und \u2013 es ist zumindest gesund.\u201cSie musterte ihn. Seinem Blick nach zu urteilen, waren da haufenweise eklige Dinge drin, aber alles genie\u00dfbar. Sie w\u00fcrgte es hinunter, f\u00fchlte sich aber sofort besser. \u201eHier.\u201c Er gab ihr eine ihrer Flaschen. \u201eTee. Noch sch\u00f6n hei\u00df.\u201c \u201eTee? Woraus?\u201c \u201eIch hab mehr als nur ein Geheimnis.\u201c Er zwinkerte freundlich, doch Sophia kam es so vor, als w\u00e4re die Temperatur im Unterschlupf pl\u00f6tzlich um einige Grad gesunken.\u201eHat's geschmeckt?\u201c Sophia sch\u00fcttelte ihren Kopf. \u201eGut, dann wird dir das hier besser gefallen: gebratenes Eichh\u00f6rnchen mit Liebst\u00f6ckel. Ich kann sehr gut kochen, was...\u00dcberlebenskochk\u00fcnste angeht.\u201c Er hielt ihr dampfendes Fleisch unter die Nase. Es roch \u0001 \u0002 sie gegessen hatte (\u201eEs war sehr lecker, danke.\u201c), sagte Daniel, dass sie nun schlafen m\u00fcsse. Sie wickelten sich in ihre Decken. Es herrschte Stille. Pl\u00f6tzlich begann Sophia zu sprechen: \u201eDu liebst Riley, oder?\u201c Eisernes Schweigen. \u201eMan merkt es, gib es zu. Ich behalte es f\u00fcr mich. Also, liebst du sie?\u201c. Nach langem Z\u00f6gern antwortete er: \u201eJa. Jedenfalls...in dem Ma\u00dfe, in dem ich gelernt habe, Liebe zu definieren.\u201cSophia dachte kurz nach. W\u00fcrde es Sinn machen, die Verkupplerin zu spielen? Nein, wohl eher nicht. Das w\u00fcrde alles von alleine kommen. Dann schlief sie ein.\u201eHey Sophia! Aufwachen!\u201c Danny r\u00fcttelte sie unsanft am Arm. \u201eHier, was zu trinken und ein kleiner Happen zu essen. Frag nicht, was es ist. Wenn du mal musst, beeil dich, wir brechen auf.\u201c Kurze Zeit sp\u00e4ter humpelte eine mittlerweile am Kn\u00f6chel geschiente Sophia mit verbundenen Augen durch die Gegend; sie kamen deutlich schneller voran als gestern, aber Daniel hielt auch seltener an. Was allerdings auch Nahrungs- und Wassermangel \u0001 \u0002 sprach er wieder. \u201eOkay, es sind jetzt etwa 17:00, wir m\u00fcssen ein Lager aufschlagen. Dummerweise sind wir in einer eventuell bewohnten Gegend. Das hei\u00dft, absolute Ruhe, kein Feuer, und vielleicht muss ich unsere Spuren verwischen.\u201c Er f\u00fchrte sie ein St\u00fcck herum, dann nahm er ihr die Augenbinde ab. \u201eSieh dich nicht um!\u201c Dann gab er ihr noch ein langes, angespitztes St\u00fcck Holz. \u201eNur f\u00fcr den Fall.\u201cGrace tischte auf. \u201eWas ist denn DAS?\u201c, murrte Ivan. \u201eTja, das ist Pflanze mit...Pflanzen und Tee. Ich wei\u00df blo\u00df, dass das Ganze essbar und gesund ist. Es ist genug f\u00fcr alle da, haut rein.\u201cKeiner wusste, was da vor ihnen lag, es waren Rauke und Feldsalat mit einem Hauch von Schnittlauch (der Winter ist gerade so mild, man k\u00f6nnte Palmen z\u00fcchten-.- bei uns w\u00e4chst das alles noch :D).\u201eAlso, irgendwie schmeckt das...fad.\u201c, nuschelte Faith, w\u00e4hrend sie an dem Salat m\u00fcmmelte. \u201eMach es selber!\u201c, entgegnete Grace w\u00fctend. Ohne Sophia begannen sofort Streitereien. \u0001 \u0002 und Antonia kriegten davon allerdings nichts mit; Riley f\u00fctterte die langsam dahinschwindende Antonia, die immer noch fieberte. Sie l\u00e4chelte schwach. \u201eKommt...Danny?\u201c, fragte Antonia leise. Riley nickte schwach. \u201eWird er...wirklich kommen?\u201c Riley nickte richtig. Ja, er w\u00fcrde kommen, da war sie sich sicher.",
            "wordcount": "1.118",
            "chapter_release": "16.09.2013",
            "chapter_number": "20"
        },
        "3": {
            "text": "Sein B\u00fcndel packen...das war ein b\u00f6ses Omen. Es impliziert bereits, dass man den Kampf f\u00fcr verloren h\u00e4lt. Antonia seufzte. Das waren schlechte Nachrichten. Aber wenigstens w\u00fcrde die Arbeit sie von alledem \u0001 \u0002. Sie brauchten viel Feuerholz. Danny hatte schon viel gesammelt, aber wenn man gewinnen w\u00fcrde, w\u00fcrden sie mehrere, gro\u00dfe Feuer brauchen, und auch so mussten sie einen gro\u00dfen Vorrat anlegen, bevor der Schnee alles feucht machen w\u00fcrde. Sie seufzte \u0001 \u0002 mussten sie noch gro\u00dfe Vorr\u00e4te anlegen. Aber woher nehmen, wenn nicht stehlen? Und selbst das ging nicht, weil niemand etwas besa\u00df. Vielleicht gab es noch ein, zwei Ratten, die sie r\u00e4uchern konnten...und einige M\u00e4use, die man p\u00f6keln konnte...Sie seufzte noch tiefer. Himmelherrgott, das wird ein \u0001 \u0002 k\u00fcmmerte sich Matze um neue Vorr\u00e4te. \"Ich geh in den Wald, auf die Jagd!\" \"Beeil dich, es wird gleich dunkel!\", rief Grace ihm nach. Sie und Riley begannen gerade damit, die H\u00fcttenw\u00e4nde zu verst\u00e4rken, als Danny mit noch einer Portion Holz reinkam.\"Hey Dannyschatz, hol mal gr\u00f6\u00dfere, stabile \u00c4ste f\u00fcr die W\u00e4nde, Feuerholz haben wir genug bis jetzt.\" \"Ist gut, Gracy!\" \"Und reparier danach mal die T\u00fcr!\" \"Jaja...\" Er trollte sich, doch er sah noch, wie Riley ihn entschuldigend anl\u00e4chelte. Er zwinkerte ihr zu, nun etwas \u0001 \u0002 und Zac waren nat\u00fcrlich auch nicht unt\u00e4tig, obwohl ihnen ihre Arbeit weniger gefiel: Nahrungsbeschaffung. Normalerweise bedeutete das f\u00fcr sie, jagen zu gehen, doch Faith hatte sie dazu verdonnert, ihr zu helfen, und so mussten sie auch noch nach Bucheckern, N\u00fcssen, Eicheln oder Beeren suchen, die den Herbst \u00fcberstanden hatten.\"Wie die Weiber...\", knurrte Ivan \u00e4rgerlich, wobei das \"r\" wunderbar gerollt wurde. Pl\u00f6tzlich holte Zac seine Schleuder hervor. \"Eichh\u00f6rnchen!\"Ein Stein sirrte durch die Luft, baff! - ein Quieken und ein mageres Eichh\u00f6rnchen fiel vom Baum.\u201eDa ist ja kaum was dran.\u201c, beschwerte sich Faith. \u201eNa, du hast ja genug Vorr\u00e4te.\u201c Ivan grinste h\u00e4misch und Faith' Augen begann sich mit Tr\u00e4nen zu f\u00fcllen. Sie hasste Spr\u00fcche \u00fcber ihre Figur.\u201eEy sorry Faith, es tut mir sauleid.\u201c Ivan sah sie besorgt an. \u201eAch, ist schon gut.\u201c, schniefte sie und wischte sich mit dem \u00c4rmel \u00fcber die \u0001 \u0002 d\u00e4mmerte es und alle sammelten sich in der H\u00fctte. \u201eOkay, wie siehts aus?\u201c Sophia \u00fcbernahm mal wieder \u2013 oder eher wie immer \u2013 den Vorsitz \u00fcber die kleine Versammlung.\u201eRy und ich haben die H\u00fctte verst\u00e4rkt, Danny hat die T\u00fcr repariert und kleine Ziegelbarrieren errichtet. Die werden kaum halten, sch\u00fctzen aber vor Sch\u00fcssen.\u201c Grace sah in die \u0001 \u0002 begann: \u201eWir haben dank Danny und mir jetzt etwa einen bis anderthalb Kubikmeter Holz, alles trocken. Matze hat nichts mehr gefangen, der Rest hat aber immerhin ein Eichh\u00f6rnchen und ein paar magere Brombeeren, die irgendwie den Frost und die V\u00f6gel \u00fcberlebt haben.\u201cSie machte eine Pause. \u201eZusammenfassend k\u00f6nnte man sagen, dass wir zwar genug haben f\u00fcr die n\u00e4chsten Tage, aber sobald der Rest kommt...sind wir wohl aufgeschmissen.\u201c",
            "wordcount": "502",
            "chapter_release": "16.09.2013",
            "chapter_number": "3"
        },
        "4": {
            "text": "Hatte noch alte Sachen rumliegen und vergessen sie zu posten, sorry (v_v)--------------------------------------Sie verbrachten eine unruhige Nacht. Zum einen, weil es kalt war und der Wind drau\u00dfen heulte, mitunter sich auch zwischen die Bohlen fra\u00df, die doch eigentlich mit Moos dichtgemacht wurden, und durch den einzigen gro\u00dfen Raum fegte, alles durcheinanderwirbelte, und so laut war, dass man geweckt wurde, aber das waren sie gewohnt, nein, zum anderen, weil die Zukunft und das eigene Leben auf dem Spiel \u0001 \u0002 einer konnte schlafen, jedem geisterte irgendwas im Kopf rum; alle machten sich Sorgen, au\u00dfer Matze, der dachte an \u0001 \u0002 die wichtigste Frage am Abend war sehr negativ beantwortet worden: \u201eWie sieht es mit unserer Bewaffnung aus?\u201cIvan und Zac hatten nur finster dreingeblickt. \u201eSchei\u00dfe...nein, ganz ehrlich: Wir haben unsere Schleudern und haufenweise Steine, aber sowas geht h\u00f6chstens zum Jagen. Was Feuerkraft angeht...Ivan und ich haben jeder eine Pistole, jeder hat noch etwa 20 Schuss. Dann haben wir noch den uralt Karabiner von anno tobakko und anno driet inne pief...f\u00fcr den vielleicht noch 50 Schuss.\u201c \u201eDas hei\u00dft, wenn jeder Schuss von euch t\u00f6dlich treffen w\u00fcrde, k\u00f6nnten wir etwa 80 von diesen Bastarden platt machen?\u201c \u201eJa.\u201c\u201eZumindest theoretisch. Aber selbst wenn jeder zweite Schuss trifft, wird auch gleichzeitig auf uns geschossen, so schnell k\u00f6nnen wir nicht schie\u00dfen, dass wir alle erledigen. Gegen mehr als 20 Mann auf einmal kommen wir nicht an.\u201cAntonia lag am l\u00e4ngsten wach. Was w\u00fcrde wohl passieren? Wer w\u00fcrde gewinnen? Und was geschah dem Besiegten? Tod? Sklaverei? Sie \u0001 \u0002 war nichts ungew\u00f6hnliches; als Frau musste man sich prostituieren, die M\u00e4nner mussten bei der Ernte helfen, H\u00e4user bauen, was der Sklaveneigner so \u0001 \u0002 sie wurden von Gangs gerne als K\u00e4mpfer eingesetzt. Firecore geh\u00f6rte dazu. \u201eIch will nicht irgendjemandes Matratze werden.\u201c, dachte sie flehentlich. \u201eUnd schon gar nicht ein Hotelbett.\u201cAm n\u00e4chsten Morgen erwachten alle fr\u00fch. Und unausgeschlafen. \u201eKeine M\u00fcdigkeit vorsch\u00fctzen, Jungens, jetzt wird weitergearbeitet!\u201c Sophia zwang alle mal wieder, harte Arbeit ohne Fr\u00fchst\u00fcck zu bew\u00e4ltigen. Was zu allgemeinem Unmut f\u00fchrte.\u201eOkay, diesmal ist die Arbeitsverteilung so: Zac, Ivan und Danny halten abwechselnd Wache, die anderen beiden bauen dann in der Zwischenzeit W\u00e4lle. Ry und Graygray (Sophias \u00e4u\u00dferst merkw\u00fcrdiger Kosename f\u00fcr Grace) gehen musizieren, und die anderen k\u00fcmmern sich um Nahrung, Decken usw.\u201cLustlos, aber dennoch hochkonzentriert, arbeiteten sie mit einem Tempo, als ginge es um ihr Leben \u2013 was es ja auch tat. Bereits gegen Mittag hatten die Jungs es geschafft, drei komplette W\u00e4lle um die H\u00fctte zu \u0001 \u0002 kamen einige kleine Barrikaden und Stolperfallen; Danny hatte au\u00dferdem den Kirchturm mit einem B\u00fcndel Holz, etwas Essen, Wasser, einer Decke und dem Karabiner ausgestattet, damit man als Wache einen guten \u00dcberblick hatte und ein Heckensch\u00fctze sein konnte, der l\u00e4ngere Zeit durchzuhalten \u0001 \u0002 wurde alles noch einmal beim Abendessen diskutiert. Doch die wichtigste Frage war noch immer ungekl\u00e4rt, n\u00e4mlich die Situation in \u0001 \u0002 immer noch keine Nachricht gekommen war, machte man sich geh\u00f6rig Sorgen, doch alle gingen schnell zu Bett, nachdem ein Schichtplan mit Nachtwachen eingeteilt worden war.",
            "wordcount": "506",
            "chapter_release": "16.09.2013",
            "chapter_number": "4"
        },
        "5": {
            "text": "Langsam wirds dramatisch:3-------------------------------------------------Alle wurden vom \u00fcblichen Morgenritual von Matze und Danny geweckt: der \u201eKuschelkampf\u201c.Der Morgen verlief auch anfangs weiterhin gew\u00f6hnlich; die Jungs wuschen sich, dann wuschen sich die M\u00e4dels, dann nahm man eine kleine Mahlzeit zu \u0001 \u0002 noch keine Nachricht. Riley machte sich langsam ernsthafte Sorgen. War es ein aufreibender H\u00e4userkampf? Die Allianz hatte doch sicher Versorgungsengp\u00e4sse. Sie musste etwas \u0001 \u0002 Grace fragte sich das gleiche. Sollten sie mal in der Stadt nachfragen?Sophia hatte nichts mehr zu tun. Alles organisatorische war geregelt, sie mussten jetzt einfach auf die kommenden Ereignisse warten. Hoffentlich war nichts passiert.\u201eSophia! Sophia! Sophia!!!\u201c Ein junger Mann kam angerannt. Es war Leon, ein Vertrauter von Tim. Hechelnd und ausgepowert begann er zu sprechen.\u201eEs ist schrecklich! Wir sind am Ende!\u201cDie Worte hallten durch die H\u00fctte. Am Ende. Sie waren alle verloren, Tod, Versklavung, Prostitution und Billigd\u00f6ner ausgeliefert.\u201eWas ist? Hat Firecore gesiegt?\u201c Sophia sah ihn eindringlich an; Angst flackerte in ihren Augen und Furcht bestimmte ihre Z\u00fcge.\u201eNein, nein, wir haben gewonnen...aber um welchen Preis! Wir sind tot Sophia, alle tot! Nur ich bin der einzige \u00dcberlebende von Icewind, und selbst ich bin verwundet, sieh her!\u201cEr zog sein Hemd herunter und entbl\u00f6\u00dfte seine Schulter, zeigte ihr eine tiefe, schw\u00e4rende Schusswunde, deren R\u00e4nder bereits braun waren, es wimmelte von kleinen, gelblichen, fetten Maden, die sich durch das Fleisch fra\u00dfen und dabei Eiter und Gestank hinterlie\u00dfen.\u201eOh Gott.\u201c Sophia schlug die Hand vor den Mund, kurz vorm Erbrechen.\u201eIhr m\u00fcsst euch alleine durchschlagen. Noch k\u00f6nnt ihr die Stellung halten, h\u00f6chstens die Rheydter Gangs k\u00f6nnten euch was anhaben, aber die liegen eh im Clinch miteinander. Gott sei mit euch.\u201cEr erbrach Blut und \u0001 \u0002 sah das erste mal jemanden durch sowas sterben...Gewalt und Leid hatte sie gesehen, aber Wundbrand...sie bek\u00e4mpfte ihre \u00dcbelkeit. Was jetzt?\u201eSchnell, alle m\u00fcssen sich versammeln!\u201c Sophia alarmierte Ivan, der auf dem Turm sa\u00df. \u201eMach das Signal!\u201cDas Signal war ein weit h\u00f6rbarer Trompetenton. Innerhalb weniger Minuten waren alle versammelt, au\u00dfer \u0001 \u0002 weiterhin Wache hielt.\u201eWir sind am Arsch.\u201c Sophia benutzte sonst nie derbe Ausdr\u00fccke, irgendwas lag in der Luft. Irgendwas bedrohliches.\u201eWas ist los, Soso?\u201c Daniel sah sie besorgt an. \u201eHat Firecore gesiegt?\u201c Alle hielten erschrocken die Luft an. Was, wenn sie gesiegt h\u00e4tten? Ihr Schlafplatz w\u00e4re verloren...\u201eNein...schlimmer...Icewind existiert nicht mehr.\u201c \u0001 \u0002 begannen durcheinander zu rufen. \u201eRuuuhe!\u201c, dr\u00f6hnte Faith. \u201eLasst Sophia erstmal erz\u00e4hlen.\u201c\u201eDanke Faith. Es ist so: Firecore wurde besiegt und erst einmal unsch\u00e4dlich f\u00fcr die n\u00e4chste Zeit. Aber unsere ganze Truppe wurde ausgel\u00f6scht. Nur wir sind noch \u00fcbrig. Die Family ist jetzt Icewind.\u201c",
            "wordcount": "438",
            "chapter_release": "16.09.2013",
            "chapter_number": "5"
        },
        "6": {
            "text": "Das Ding gibts echt, und es ist echt langweilig-.------------------------------------------------------Die Stille war ohrenbet\u00e4ubend. Es war, als w\u00e4re die Welt stehen geblieben. \u201eUnd...und was jetzt?\u201c Zac hatte die bedeutendste Frage gestellt. Sophia seufzte schwer. \u201eKeine Ahnung.\u201c\u201eWir k\u00f6nnen hierbleiben, aber bald werden wohl die kleinen Gruppen aus der Umgebung versuchen, Wickrath zu \u00fcbernehmen. Aber wo sollen wir denn hin?\u201c Antonia sah verzweifelt alle an. \u201eIch will nicht weg!\u201c, schluchzte Matze. \u201eKeine Sorge.\u201c, beruhigte Faith ihn, \u201eWir m\u00fcssen hier nicht weg.\u201c\u201eNoch nicht.\u201c, sagte Danny \u0001 \u0002 wurde lange diskutiert. Man einigte sich darauf, erstmal in der Kirche zu bleiben und dann nachher sich nach einem anderen Platz umsehen. Vielleicht eines der D\u00f6rfer, das abgebaggert werden sollte, bevor die Bomben fielen. Die waren alle fast intakt. Nur voll mit \u0001 \u0002 Umzug w\u00fcrde lange dauern; nicht, dass sie viel zu tragen hatten, nein, aber zu Fu\u00df war es auch so schon eine Zeit von knapp zwei \u0001 \u0002 Plan war, nachdem das Brennholz aufgebraucht war, \u0001 \u0002 war ein kalter Sonntagmorgen. Die Sonne schien, es war alles gefroren und voller Eiszapfen. Jeder hatte sich ein B\u00fcndel umgeschnallt, manche ein gro\u00dfes, manche ein kleines, das waren nat\u00fcrlich Matze und die M\u00e4dchen.\u201eWohin gehen wir eigentlich?\u201c \u201eKeine Ahnung. Erstmal Garzweiler oder so.\u201c \u201eHmm...wird besser sein als hier, denke ich...\u201cSolche und \u00e4hnliche Gespr\u00e4che f\u00fchrten sie, als sie losgingen. Sophia machte riesige Umwege, aber lieber zehnmal l\u00e4nger laufen als abgeknallt zu werden, dachte \u0001 \u0002 waren bereits f\u00fcnf Stunden vergangen, als die ersten H\u00e4user in Sicht kamen. \u201eSollen wir im Wasserschloss pennen?\u201c Sophia grinste.\u201eAujaa!\u201c Matze schrie so laut er konnte und strahlte dabei \u00fcbers ganze Gesicht. Er war schlie\u00dflich noch ein Kind.\u201e\u00c4hh, Soso, gibt\u2019s das echt?\u201c Zweifelnd sah Danny sie an. Auch alle anderen schienen ihr nicht zu glauben.\u201eEy Leute, ich war hier als Kind schon \u00f6fters. Das gibt\u2019s, denn vor den Baggern kamen die Bomben. Und deshalb sollte es das Wasserschloss noch geben.\u201cUnd tats\u00e4chlich: Nach etwa zehn Minuten sahen sie ein Haus, dass etwa aus dem 17. Jhdt. zu stammen schien. Es stand auf einem kleinen H\u00fcgel, der durch einen gro\u00dfen Wassergraben entstanden war.\u201eSophia Productions proudly present: Das Wasserschloss.\u201c Sie grinste breit.",
            "wordcount": "368",
            "chapter_release": "16.09.2013",
            "chapter_number": "6"
        },
        "7": {
            "text": "\"Wooow!\" Matze sprang vor Freude in die Luft. \"Jetzt bin ich ein Prinz!\" Er rannte auf das Schloss zu und zog Danny mit, der ihn an der Hand gehalten hatte.\"Nicht schlecht, nicht schlecht\", nickte jetzt auch Ivan anerkennend. \"Sieht ganz gem\u00fctlich aus\", sagte nun auch Faith.\"Aber hier kann man schlecht arbeiten\", meckerte Grace, und Riley nickte zustimmend mit aufgeplusterten Wangen, was unheimlich komisch aussah und nicht beleidigt. Auch Faith nickte.\"Komisch\", dachte Antonia, \"Faith arbeitet doch gar nicht...?\"\"Kommt man hier ohne weiteres rein?\" Sophia sah Danny fragend an. \"Ne, leider nicht...da muss wohl jemand die T\u00fcr aufbrechen. Schade um das T\u00fcrschloss, das w\u00e4re enorm n\u00fctzlich gewesen.\"Kurze Zeit sp\u00e4ter hatten Ivan und Zac die T\u00fcr eingetreten und man sah sich im Haus um.\"Alles voller Spinnweben...\" Die M\u00e4dchen schauderten. \"Das hier ist ja schon irgendwie gruselig...\"\"Ach, seid leise und macht 'ne Fackel an!\" Zac dr\u00e4ngte Faith und die Redheads zur Seite. \"M\u00e4nner voraus! Sichert das Gel\u00e4nde! Vertreibt alle Geister!\" Ivan l\u00e4rmte rum und fuchtelte mit seiner Fackel. \"Immer diese Machos...\", dachten Antonia, Sophia, Danny, Grace, Riley und Faith \u0001 \u0002 und Zac schritten durch die R\u00e4ume, Ivan hielt die Fackel in der einen und die Pistole in der anderen Hand, w\u00e4hrend Zac hingegen sein geliebtes Parang, eine Art Machete, in der Hand hielt.\"Ganz sch\u00f6n still hier...\" \"Was erwartest du, hier wohnt ja auch keiner mehr.\" Trotzdem blieben sie still und \u0001 \u0002 waren gerade die Treppe ins Obergeschoss hochgestiegen, als sie ein Knarzen und Rascheln h\u00f6rten, direkt hinter ihnen. Sie wirbelten herum, ein paar M\u00e4use flohen vorm Licht der Fackel. Sie atmeten erleichtert aus. \"Na, das wird dann wohl unser Abendessen...\"Sie \u00fcberh\u00f6rten ein zweites Knarzen. Bamm! Ein unterdr\u00fccktes Aufschreien und ein widerliches Ger\u00e4usch unterbrach die Stille. Ivan sprang zur\u00fcck und drehte sich dabei. Im schwachen Schein der Fackel sah er lediglich eine Silhouette, doch das interessierte ihn nicht; die Waffe war bereits entsichert gewesen, er gab einen Schuss aus der H\u00fcfte ab, der R\u00fccksto\u00df war allerdings zu gro\u00df, so dass er nicht traf, aber direkt nach dem ersten Schuss hatte er bereits besser gezielt. Blamm! Blamm! Zwei weitere Sch\u00fcsse fielen, ein Schrei und etwas weiches schlug auf dem Boden auf.\"Ivan! Zac! Was ist los?!\" Riley und Danny st\u00fcrmten den Raum, beide bewaffnet; Riley hatte Verbandsmaterial und Kerzen dabei. Die Sachen lagen wie zuf\u00e4llig auf der Kommode unten im Flur.\u201eMir geht\u2019s gut...da war irgendwer! Er hat Zac niedergekn\u00fcppelt...ich habe ihn erschossen. Macht mal Licht hier! Oh Gott, sind hier denn nirgendwo Fenster?!\u201cKurze Zeit sp\u00e4ter hatte man zwei Fensterl\u00e4den ge\u00f6ffnet. Kaltes Winterlicht schien durch die erstaunlich klaren Scheiben.\u201eWie geht\u2019s ihm?\u201c Ivan sah \u00e4u\u00dferst besorgt auf den am Boden Liegenden; Zac war sein bester Freund, er wollte ihn nicht verlieren, nicht jetzt, nicht hier, nicht so. \u201eEs ist alles meine Schuld...\u201c, murmelte er, \u201ealles meine Schuld...\u201cRiley sah sich Zac genau an. Eine Platzwunde am Kopf, das Schl\u00fcsselbein f\u00fchlte sich gebrochen an. Sie konnte keine Sch\u00e4delfraktur finden, es gab keinen hohen Blutverlust.\u201eWir m\u00fcssen ihn aufrichten, die Wunde s\u00e4ubern und n\u00e4hen, solange er noch pennt. Au\u00dferdem darf er seinen Arm nicht mehr bewegen.\u201c wollte sie sagen. Doch sie war \u0001 \u0002 sah Danny hilfesuchend an. Irgendwie schien er ihr alles von den Augen ablesen zu k\u00f6nnen, beinahe sogar den genauen Wortlaut. Konnte er Gedanken lesen? Es war ihr aber egal, sie f\u00fchlte sich bei ihm geborgen. Er h\u00e4tte niemals ein Geheimnis weitererz\u00e4hlt, er hatte niemals \u00fcber sie gelacht. Falls er ihre Gedanken gelesen \u0001 \u0002 sagte, was Riley hatte sagen sollen, dann sahen er und Ry sich noch einmal genauer den Leichnam des Angreifers an. Es war ein \u00e4lterer Mann, so um die 50.\u201eWir h\u00e4tten \u00c4rzte werden sollen.\u201c, scherzte Danny, \u201eOder Pathologen.\u201c Ry sah ihn an und grinste. Ja, da hatte er recht.\u201eMal sehen...m\u00e4nnlich...vom Gesicht her um die 50. Eine Schusswunde in der Schulter, eine in der Brust. Kein hoher Blutverlust, Einschusskanal sehen wir dann bei der Autopsie.\u201cJa, Danny wollte die Leiche obduzieren. Er war eh das M\u00e4dchen f\u00fcr alles, aber medizinisch war er hochbegabt; Riley auch, aber selbst ihre \u00fcberragenden K\u00fcnste waren denen Dannys weit unterlegen.\u201eKeine anderen sichtbaren Verletzungen.\u201c Er machte eine kurze Pause. \u201eGleich sehen wir, was das f\u00fcr ein Typ war.\u201c",
            "wordcount": "751",
            "chapter_release": "16.09.2013",
            "chapter_number": "7"
        },
        "8": {
            "text": "Ookay, nur mal so am Rande...liest echt niemand den Sidekick? \u0001 \u0002, war im \"Urlaub\" ;)------------------------------------------------------------In der Zwischenzeit waren die anderen dabei, das Geb\u00e4ude vollends zu erkunden. \u201eWooow, hier gibt\u2019s ja eine noch komplett eingerichtete K\u00fcche.\u201c Alle schauten verdutzt drein. \u201eDas es sowas noch gibt...hat hier denn keiner gepl\u00fcndert?\u201c\u201eN\u00f6, eher nicht...das ist doch ein totales Kaff, das fr\u00fcher schon verlassen war, wegen...wie hie\u00dfen die noch...\u201c Sophia dachte kurz nach. \u201eAchja, Rheinbraun oder so! Die wollten hier irgendwas abbauen.\u201c\u201eOh mein Gott, wir haben sogar ein Klo!\u201c \u201eKlo? Davon hab ich mal geh\u00f6rt...aber ohne flie\u00dfend Wasser...\u201c \u201eSchei\u00dfe Mann, das haben wir!\u201cFlie\u00dfend Wasser. FLIESSEND Wasser. Das war ja wie bei der Oberschicht. \u201eJetzt bin ich wirklich ein totaaal echter Prinz!\u201c Matze machte Luftspr\u00fcnge vor Freude.\u201eKomm mal wieder auf den Boden, Kleiner. Wo pennen wir?\u201c Faith ging die ganze Sache sehr praktisch an. \u201eGibt es irgendwo genug Platz?\u201c\u201eNaja, im Wohnzimmer...da stehen sogar noch einige M\u00f6bel, und es gibt einen Kamin. Wir sollten aber checken, ob der Schornstein frei ist, Rauch- und Kohlenstoffmonoxidvergiftung m\u00f6chten wir ja nicht haben.\u201c\u201eSophia, rede mal normales Deutsch! Selbst Ivan kann man besser verstehen!\u201c, unkte Antonia. \u201eAber du hast Recht...nur was machen wir mit den anderen R\u00e4umen?\u201c\u201eDas entscheiden wir sp\u00e4ter, erstmal richten wir uns ihr h\u00e4uslich ein.\u201cEine Stunde sp\u00e4ter. Zac war auf ein Sofa verfrachtet worden; er wach kurz aufgewacht, aber schnell wieder eingeschlafen, was Danny etwas beruhigte. Er und Riley hielten trotzdem Wache an seiner \u0001 \u0002 anderen hatten das Haus vollends durchsucht, haufenweise n\u00fctzliches Zeugs, M\u00fcll und Spinnen entdeckt, aber das Haus war frei von menschlichem \u0001 \u0002 sa\u00dfen alle zusammen.\u201eSchei\u00dfe, wieso musste das passieren?!\u201c Ivan war immer noch aufgeregt, er gab sich die Schuld an dem Ungl\u00fcck.\u201eReg dich mal ab, das hilft uns jetzt auch nicht weiter.\u201c Faith t\u00e4tschelte im beruhigend den Arm. \u201eWir haben jetzt alle was wichtigeres zu tun. Zac \u00fcberlassen wir Danny und Riley, die wissen, was sie tun.\u201cSophia sah sich jeden genau an. \u201eAlso...es steht viel an. Wo sollen wir schlafen? Hier am Kamin? Oder woanders?\u201c Alle riefen durcheinander, aber langsam beruhigten sie sich. \u201eEurer verbalen Keilerei habe ich entnommen, dass ihr beschlossen habt, die Parterre aufgrund der thermischen Bedingungen und \u00f6konomischen Vorteile zu nutzen.\u201c Sophia sprach absichtlich kompliziert; dies tat sie \u00f6fters, wenn sie ihre Meinung unterschwellig einbringen \u0001 \u0002 sahen sie erstaunt oder angepisst an; besonders Ivan (und normalerweise dann auch Zac), da sie nicht nur mit Akzent sprachen, sondern auch nicht alles verstanden. Und W\u00f6rter, die man in der Schule lernt...die kannte keiner.\u201eJedenfalls sind ja alle daf\u00fcr, hier im Kaminraum zu pennen. Das ist ja schonmal gut. Also dann: Ivan und Matthias, ihr checkt den Schornstein. Faith und Grace, ihr r\u00e4umt mal das Haus auf. Antonia, du sorgst daf\u00fcr, dass alle leeren Zimmer auch leer bleiben. Ich richte den Schlafraum her. Danach treffen wir uns wieder hier.\u201cAuch wenn sie sich mal wieder ungerecht behandelt und unn\u00f6tig herumkommandiert f\u00fchlte, widersprach Antonia nicht und begann die R\u00e4ume abzuschlie\u00dfen und die T\u00fcren zu \u0001 \u0002, dass wusste sie nicht, denn es war ja keiner mehr im Haus. Aber trotzdem, Sophia hatte Recht, sicher ist \u0001 \u0002 war sie wieder unten angelangt. \u201eSophia, was soll ich mit der Eing...mpfh!\u201cEine dreckige Hand schloss sich um ihren Mund. Ein stinkender, schwerer Atem h\u00fcllte sie ein und sie f\u00fchlte, wie eine kalte Messerklinge sich an ihren Hals schmiegte. Eine verdammt scharfe Klinge.\u201eAntonia, was ist...\u201c Sophia erstarben die Worte im Mund. Sie sah geschockt auf den Junkie, der Antonia zur Geisel gemacht hatte.\u201eR\u00fcck deine Kohle und dein Essen raus, Schlampe.\u201c, kr\u00e4chzte er heiser. \u201eOder der Kleinen passiert was.\u201cDie T\u00fcr ging auf. \u201eHey, was ist hier los?\u201c Ivan trat ein. \u201eHalts Maul!\u201c, schrie der Junkie und packte Antonia fester. \u201eUnd lass die Waffe fallen!\u201c Er zeigte mit dem Kinn auf die Pistole in Ivans Hosenbund.\u201eAlso los, wird\u2019s bald?!\u201c \u201eJ...ja, moment.\u201c Sophia drehte sich langsam um und ging zu ihrem Rucksack, indem sich die Kasse der Family befand.\u201eMach hinne!\u201c, schrie der Junkie, Speichel verspr\u00fchend. \u201eUnd du..\u201c Er zeigte auf Ivan. \u201eH\u00e4nde in die Luft und stell sich neben sie!\u201cWar es das? War es das etwa schon? Muss mein Leben so fr\u00fch enden? Antonia verzweifelte. Wann lie\u00df der Typ sie endlich los?Der Stahl ritzte schon ihre Haut, sie sp\u00fcrte warmes Blut laufen. Gott, warum? Warum?",
            "wordcount": "741",
            "chapter_release": "16.09.2013",
            "chapter_number": "8"
        },
        "9": {
            "text": "Uuund sofort noch eines^^----------------------------------------------------Sophia und Ivan starrten verzweifelt auf Antonia. Erste Blutstropfen liefen an ihrem jungen Hals herab. Doch sie waren machtlos; Sophia hatte mittlerweile ihr Portemonnaie rausgeholt, bereit, es dem Junkie zu \u0001 \u0002 w\u00fcrde er wirklich Antonia gehen lassen? Und was w\u00e4re, wenn er auch noch sie t\u00f6ten will? Es war alles so ungewiss. Und keiner kam ihnen zur \u0001 \u0002 kraxelte immer noch auf dem Dach herum und spielte Schornsteinfeger, als er sah, wie etwas struppiges, ungewaschenes Etwas das Haus betrat. Kurz danach h\u00f6rte er einen Schrei. Da stimmt doch was nicht!Danny hatte ihm beigebracht, dass man ganz still sein soll, wenn so jemand kommt. \u201eUnd danach\u201c, hatte er ihm beigebracht, \u201eDanach musst du ein Held sein, Sheriff.\u201cUnd jetzt war die Zeit \u0001 \u0002 wurde es eng f\u00fcr Antonia. \u201eLeg das Geld auf den Boden und dann dreh dich um, Fotze! Und du kleiner Wichser schiebst mir die Knarre r\u00fcber, aber ah-es-ah-peh!\u201c Der Junkie wurde immer aggressiver, und seine Anglizismen waren auch mies. Ivan legte langsam und vorsichtig die Pistole auf den Boden und stie\u00df sie an; sie schlitterte \u00fcber den \u0001 \u0002 Penner lugte vorsichtig nach unten; er schien zu \u00fcberlegen, wie er die Waffe am besten \u0001 \u0002 sah nicht viel. Sie nahm lediglich einen kleinen Schatten wahr, irgendwo im Augenwinkel. Dann machte es \u201eKnacks!\u201c und der Junkie taumelte und fiel \u0001 \u0002 sprintete sofort los und hob die Pistole auf. \u201eWer ist da?\u201c, rief er.\u201eDer Prinz! Der Ritter! Der Held!\u201c, schrie eine Kinderstimme, und freudestrahlend rannte Matthias ins Zimmer und sprang in Sophias Arme, die ihn hochhob und herumwirbelte.\u201eHabe ich was verpasst?\u201c, fragte ein Stimme mit starkem britischen Akzent. Zac lehnte am T\u00fcrrahmen und l\u00e4chelte schief.\u201eNa, wiederauferstanden von den Toten?\u201c, scherzte Ivan, sichtlich erleichtert. Er hatte vorher den Junkie entsorgt; alle sa\u00dfen jetzt vorm Kamin, es brannte ein Feuer, und Danny kochte Tee. \u201eTja, wir haben ja zum Gl\u00fcck hier zwei Personen, die das wunderbar hinkriegen, M\u00e4rtyrer wiederzubeleben.\u201c Zac sah Danny und Riley an.\u201eOh, die k\u00f6nnen noch viel mehr...deshalb m\u00fcssen die ja auch alles machen...\u201c, grummelte Danny, aber so leise, dass es nur Riley verstand, die neben ihm hockte. Sie kicherte. Naja, sie grinste und ihre Schultern bewegten sich, sie konnte ja nicht einmal mehr Laute \u0001 \u0002 und Riley verstanden sich in letzter Zeit immer besser. Menschliche Distanz war nichts f\u00fcr Danny, auch wenn er versucht hatte, sich mit keinem anzufreunden. Au\u00dferdem war er eh schon von Anfang an mit Grace befreundet; und nur sie kannte ihn genau, vielleicht sogar zu genau.\u201eGut, wir haben hier die Stellung gesichert, wir haben was zu essen, whats next?\u201c Faith schwang sich zur Wortf\u00fchrerin \u0001 \u0002 sahen sie verwirrt an. \u201eJa, was sollen wir machen? Habt ihr Hohlk\u00f6pfe euch noch nichts \u00fcberlegt?\u201c \u201eJetzt wo du so fragst...nee.\u201c\u201eOh Gott, seid ihr denn alle so hohl? Das darf doch wohl nicht wahr sein...\u201c W\u00e4hrend Faith lamentierte, sahen sich Ry und Danny nur an; ja, nachgedacht hatte keiner.\u201eAlso...ich finde es eigentlich ganz nett hier. Und wir sollten erst mal alle R\u00e4ume nutzen, und Vorr\u00e4te brauchen wir auch.\u201c\u201eNaja, als Festung kann man das Ding schon nutzen...Zac und ich k\u00f6nnen hier problemlos alles \u00fcberwachen und uns perfekt verteidigen. Wir sollten hier solange wohnen, wie es irgend m\u00f6glich ist, vielleicht f\u00fcr immer.\u201c Ivan klang von seiner Meinung sehr \u00fcberzeugt.\u201eDas Haus kann man gut instand halten, Matze kann hier spielen und hier k\u00f6nnte man sogar Gem\u00fcse anbauen. Wir sollten hierbleiben.\u201c Sophia war von der Idee begeistert.\u201eKriegt auch jeder einen Raum f\u00fcr sich?\u201c Grace sah sie hoffnungsvoll an. \u201eDas f\u00e4nde ich auch toll\u201c, sagten Antonia und Faith. Auch Danny und Riley schien die Idee zu gefallen.\u201eNicht zum schlafen, das steht fest.\u201c Zac war eingeschritten. \u201eWieso das denn?!\u201c \u201eWeil es hier unten viel sicherer ist. Basta.\u201c Alle murrten. \u201eAber tags\u00fcber k\u00f6nnt ihr gern alle einen Raum belegen.\u201c Sophia l\u00e4chelte gro\u00dfz\u00fcgig.",
            "wordcount": "656",
            "chapter_release": "16.09.2013",
            "chapter_number": "9"
        }
    },
    "title": "Risen from Ruins",
    "topic": "unspecified",
    "release": "\n16.09.2013\n\t\t\t\t\t\t",
    "author": "Criostoir"
}