{
    "tags": [],
    "chapcount": "5",
    "wordcount": "11.143",
    "chapters": {
        "1": {
            "text": "Vorwort:In einer Welt voller Ungerechtigkeit kann es keine Zukunft geben. D\u00e4monen und Monster herrschen seit geraumer Zeit \u00fcber die Menschen, seit sie den Krieg verloren haben. Kein Mensch auf Erden vermag es, einem m\u00e4chtigen D\u00e4mon das Wasser zu reichen. Die vergossenen Tr\u00e4nen flie\u00dfen heimlich in das Meer, so wie sie auf ewig vergessen bleiben. Zu viele Menschen sind im Krieg gefallen. Einer Legende nach wird eines Tages ein Krieger erscheinen und die Scharen der Finsternis auf ewig verbannen in der eigenen so geliebten Finsternis und das Licht bringen. \u201eDu hast ihn vor dem Schloss gefunden?\u201c, h\u00f6rte ich eine fremde Stimme sprechen. Mein K\u00f6rper zitterte vor K\u00e4lte und aufkommender Angst. \u201eJa, Herr. Eine kleine Gruppe von D\u00e4monen hat sich auf ihn gest\u00fcrzt, als er bewusstlos am Boden lag.\u201c\u201eAlso haben sie ihn verfolgt und er ist gefl\u00fcchtet vor ihnen. Demzufolge kann er kein starker Krieger sein. Hatte er etwas von Wert bei sich?\u201c\u201eMit Verlaub, aber er f\u00fchrte eines der drei Legendenschwerter mit sich.\u201c\u201eTats\u00e4chlich?\u201c, er hielt kurz inne, \u201eAber wenn er es schwingen k\u00f6nnte, w\u00e4ren nicht nur diese paar D\u00e4monen von der Bildfl\u00e4che verschwunden\u2026\u201cIch sp\u00fcrte eine kalte Brise an meinem Nacken. Mein Blick war zwar noch getr\u00fcbt, doch vernahm ich au\u00dferdem noch die Anwesenheit einer teuflischen Seele. \u201eGlaube ja nicht, dass du uns entkommen kannst, Tsuyoshi. Sobald deine Waffe in unserem Besitz ist, wirst du der erste sein, der damit get\u00f6tet wird\u2026\u201c Eine noch schw\u00e4rzere Gestalt als der Schatten selbst erschien vor meinen Augen und ich konnte seinen ekelhaften Gestank f\u00f6rmlich greifen. Ich bekam es nun mit der Panik zu tun. Sein Gesicht n\u00e4herte sich mir langsam. Mein Atem wurde \u0001 \u0002 hatte ich zu diesem Zeitpunkt keine Stimme und meine Beine waren wie tot. Ich fuchtelte wild mit den H\u00e4nden umher in der Hoffnung, von den beiden Stimmen geh\u00f6rt oder gesehen zu werden. \u201eNaja, siehst du mal nach unserem Gast? Vielleicht ist er schon aufgewacht.\u201c\u201eNicht n\u00f6tig, Herr. So lange er in unserem Schloss ist, kann ihm ohnehin keine Fliege etwas zuleide tun.\u201c, h\u00f6rte ich diese Stimme lauter werden und sah eine schwarze Silhouette mit gehobener Hand. Ein leises Ger\u00e4usch ert\u00f6nte und das Monster ging st\u00f6hnend zu Boden. Ich kauerte mich \u00e4ngstlich unter die Bettdecke und betete leise. Woher kannte ich dieses Gebet? Ich wusste es nicht, jedoch spendete es mir ein wenig Trost in dieser aussichtslosen Situation. Genug Trost, um ins Land der Tr\u00e4ume zu wandern\u2026 Am n\u00e4chsten Morgen h\u00f6rte ich Vogelgezwitscher und das Sonnenlicht erhellte den Raum, in dem ich mich befand. Ich gierte danach zu erfahren, wo ich war und vor allem wer mir das Leben zwei Mal gerettet hatte. Ich setzte mich auf und suchte vergeblich das Monster, das mir gestern beinah ein t\u00f6dliches Ende beschert h\u00e4tte. Lediglich ein paar Tropfen Blut an der Wand erinnerten an dieses Wesen, welches ohne gr\u00f6\u00dferen Aufwand von einer fremden Person get\u00f6tet wurde. Die T\u00fcr ging \u00e4u\u00dferst schwer auf. Mit ganzer Kraft riss ich die Klinke nach unten und mit Donnergrollen bekam ich sie letztlich auf. Ich schrak auf und sah gen Fenster. Gewitterwolken zogen pl\u00f6tzlich auf und lie\u00dfen die Luft prompt k\u00e4lter werden. Mit einer satten G\u00e4nsehaut trabte ich langsam aus dem Raum und musterte meine Umgebung. Ein langer, finsterer Gang offenbarte sich meiner. Vorsichtig tastete ich mich an der Wand ab und trat pl\u00f6tzlich auf etwas Pelziges. Da es zappenduster war, erkannte ich es nicht. Als ich das Bein hob, zischte es rasend schnell davon und machte schauderhafte Laute. \u201eWo zur H\u00f6lle bin ich hier blo\u00df\u2026\u201c, sagte ich leise zu mir selbst. Eine Stimme in mir sagte, ich solle blo\u00df nichts \u00fcberst\u00fcrzen, da es meinen sofortigen Tod bedeuten k\u00f6nnte. Am Ende des Ganges sah ich eine riesige Halle mit prunkvoller Einrichtung. Gro\u00dfe \u00c4xte, Schwerter und hohe Ritterr\u00fcstungen. Ich konnte mich gar nicht satt sehen, doch handelte ich stets mit \u00fcberlegter Vorsicht.\u201eHubertos!\u201c, h\u00f6rte ich pl\u00f6tzlich jemanden schreien. Schnell versteckte ich mich hinter der n\u00e4chsten Mauer. \u201eIch wei\u00df genau, dass du dich hier befindest! Verstecken hilft dir nicht, weil du deinem Schicksal nicht entrinnen kannst\u2026 zeig dich!! Ich werde dich zur H\u00f6lle schicken, so wie du es bei meinem Bruder getan hast! Die Zeit der Rache ist gekommen!!\u201c, schrie ein gro\u00dfer Mann in einer Art Ritterr\u00fcstung. Auf dem R\u00fccken hatte er eine Axt, die doppelt so gro\u00df war, wie der Mann selbst. \u201eDu da oben!! Wo ist Hubertos Rangenhardt?! Rede!!\u201c, rief er wohl mir zu. Mein Herz raste, die Schwei\u00dftropfen perlten meine Haut hinab und ich betete zu Gott, dass ich verschont bleiben w\u00fcrde. Ich h\u00f6rte ihn eine Treppe hoch steigen und seine Schritte wurden immer lauter. Ein Blitz von drau\u00dfen zeigte mir, dass er in unmittelbarer N\u00e4he war, immerhin war sein Schatten gut zu sehen. Ich nahm die Beine in die Hand und floh in den Raum zur\u00fcck, in dem ich die Nacht verbrachte. Anschlie\u00dfend kroch ich unter das Bett. \u201eIch k\u00f6nnte schw\u00f6ren, dass ich jemanden gesehen habe\u2026 Komm auf der Stelle raus und mach dein Testament!!\u201c, br\u00fcllte er weiterhin und ich sah, wie er die T\u00fcr einschlug. Dann nahm er seine Waffe in eine Hand und ging b\u00fcckend in meine Richtung. Was f\u00fcr ein Monster! Ich wurde nur noch \u00e4ngstlicher. \"Er ist viel zu langsam mit dieser Waffe, du kannst ihn schlagen.\", h\u00f6rte ich jemanden \u0001 \u0002 ich mich wirklich auf meine innere Stimme verlassen konnte? Letztlich entschied ich mich weiterhin unter dem Bett zu verweilen\u2026 wo ich mich nicht mehr lange verstecken konnte! Er packte das Bett an einer Latte und hob es hoch! \u201eHab ich dich\u2026\u201c, schnaubte er mir widerlich ins Gesicht. \u201eIch\u2026 ich kann dir nicht sagen wo\u2026!\u201c, \u201eWo er sich befindet? Willst du mich zum Narren halten?! Na warte, B\u00fcrschchen. Ich treib\u2019 dir deine Flausen noch aus\u2026\u201c Mein ganzer K\u00f6rper war starr vor Angst. So konnte ich es auch nicht verhindern, dass er mich am Hals packte und nach drau\u00dfen warf, dass die Mauer zu Bruch ging. Ich war wohl kurz ohnm\u00e4chtig, jedenfalls taten mir alle Knochen weh. Unter Schmerzen hob ich die Hand und sah, dass sie blutverschmiert war. \u201eDu bist ja ganz sch\u00f6n z\u00e4h! Nicht jeder w\u00fcrde einen Sturz aus dieser H\u00f6he \u00fcberleben!\u201c, rief er mir von da oben zu. Mein einziger Gedanke in dieser Situation war die Flucht. Zitternd stand ich auf ging weg von diesem\u2026 ich blickte zur\u00fcck und erkannte, dass ich mich in einem Schloss befand. Sehr prachtvoll wohl \u0001 \u0002 aus dem nichts stand mein Peiniger nun vor mir und warf einen gro\u00dfen Schatten auf mich. Die Gewitterwolken verzogen sich und die Sonne zeigte ihren Glanz. \u201eEs macht mir \u00fcberhaupt keinen Spa\u00df einen Wurm wie dich zu zertreten\u2026 Sag mir einfach, wo sich Hubertos aufh\u00e4lt und ich lasse dich in Ruhe.\u201cDoch pl\u00f6tzlich h\u00f6rte ich eine Stimme, die mir bekannt vor kam. Es waren meine Retter, ohne Zweifel!\u201eWenn das nicht mein guter alter Freund Rhino Zeros ist! Was verschafft mir die Ehre?\u201c, sagte ein junger Mann mit Brille mit einem vermeintlichen Butler neben sich. \u201eF\u00fcr dich Herr Rhino Zeros Ramazotti!! Du hast meinen Bruder zur H\u00f6lle geschickt, daf\u00fcr wirst du bezahlen du Bastard!!!\u201c Lediglich sein Butler stellte sich dem Riesen und hielt nur seine Axt \u0001 \u0002 Mann ging einfach an ihm vorbei und stellte sich zu mir. \u201eMeine G\u00fcte, was hat er denn mit dir angestellt? Dabei haben wir uns gro\u00dfe M\u00fche gegeben, unserem Gast eine erholsame Genesung zu verschaffen\u2026\u201c\u201eNoch ein falsches Wort und du bist tot\u2026\u201c, h\u00f6rte ich den Butler leise sagen. Hubertos bat mich, zur\u00fcck ins Schloss zu gehen. Dabei tapste er mir an den R\u00fccken. Des Weiteren solle ich seinem Butler den Rest \u00fcberlassen. Ein \u201eOkay.\u201c, gen\u00fcgte und wir marschierten Richtung Schlosseingang. \u201eTolles Schloss, oder? Gef\u00e4llt es dir?\u201c, fragte er mich l\u00e4chelnd und legte vertrauensvoll einen Arm um mich. \u201eEhm, ja. Vielen Dank \u00fcbrigens\u2026\u201c, stockte ich. \u201eNicht der Rede wert. Setz dich schon einmal an den gro\u00dfen Tisch in der Empfangshalle, ich muss ein paar Dinge mit dir besprechen. \u00dcbrigens, wei\u00dft du, was mit diesem Loch da oben ist?\u201c\u201eDa hat er mich runter geworfen\u2026\u201c, sprach ich zur\u00fcckhaltend. Ihn schien das nicht gerade gl\u00fccklich zu stimmen, als ich das sagte. Verst\u00e4ndlich. Da sa\u00df ich nun. Das Sitzfleisch schmerzte ungemein. Hubertos und der \u00e4ltere Herr- der Butler- machten jedenfalls einen freundlichen Eindruck auf mich.\u201eEine Tasse Tee, hier. Lass uns ein wenig reden.\u201c, sagte Hubertos, als ich einen lauten Schrei h\u00f6rte. Es h\u00f6rte sich nach Rhino Zeros an. \u201eVerzeiht Herr, dass es nicht schneller ging. Ich habe ihn f\u00fcrs erste ruhig gestellt.\u201c, kam der Butler herein und zog sich seine blutigen Samthandschuhe aus. \u201eDamit wir wissen, wen wir da vor einer Woche gerettet haben, stell dich bitte kurz vor. Ach wie ungehobelt von mir. Ich selbst hei\u00dfe Hubertos Rangenhardt, mir geh\u00f6ren dieses Schloss und der nette Butler, den du bereits kennen lernen durftest.\u201c Ich z\u00f6gerte etwas mit meiner Vorstellung. \u201eTsuyoshi. Tsuyoshi Yamada und ich bin 15. Das letzte was ich wei\u00df, ist, dass ich in einem Eurer Betten aufgewacht bin. Was vorher war\u2026 kann ich mich einfach nicht erinnern. Da f\u00e4llt mir ein; wo ist mein Schwert hin??\u201c\u201eWelches Schwert?\u201c, fragte er mich skeptisch und blickte zu seinem \u0001 \u0002 stand auf und schlug auf den Tisch: \u201eTut nicht so! Ich habe euch letzte Nacht geh\u00f6rt und ihr habt von meinem Schwert gesprochen! Es ist mir wirklich wichtig, also gebt es mir bitte!!\u201c, sagte ich laut und w\u00fctend. \u201eZuerst gew\u00f6hnst du dir diesen lauten Umgangston ab. In meinem Reich ist es nicht erlaubt zu br\u00fcllen. Andernfalls muss ich dich bitten, es hurtig zu verlassen.\u201c\u201eAber versteht bitte, dass es das wichtigste f\u00fcr mich ist!\u201c, rief ich. \u201eIhr habt meinen Herren geh\u00f6rt. H\u00fctet Eure Zunge.\u201c, mischte sich der Butler mit ein. Ich starrte ihn w\u00fctend an. \u201eDu hast Recht, wir haben dich angelogen. Wir haben deine Waffe an uns genommen.\u201c, sagte Hubertos mit ruhiger Stimme und schob den Sessel zum Tisch, nachdem er aufstand. \u201eNa also. Dann bitte ich Euch, Schlossherr, sie mir zur\u00fcck zu geben.\u201c\u201eWei\u00dft du eigentlich was f\u00fcr ein Schwert das ist? Welche Macht es hat?\u201c\u201eIch sagte- glaube ich- schon, dass ich mich an nichts erinnern kann\u2026\u201cHubertos wandte seinen Blick von mir ab und ging scheinbar planlos durch den Raum: \u201eWie kommt es dann, dass du dich \u00fcberhaupt an das Schwert erinnern kannst? Ist ja auch nicht relevant. Es steht mir nicht zu, dir eine Macht zur\u00fcck zu geben, die du nicht einmal kontrollieren kannst. Als w\u00fcrde man einem Baby die Krone eines Herrschers aufsetzen\u2026 Genug geschwafelt. Erhole dich von deinen Verletzungen, danach beginnen wir mit der Ausbildung.\u201c\u201eWas, Ausbildung?! Aber ich will mein Schwert wieder haben!!\u201c, rief ich laut, aber ich sp\u00fcrte, dass mir jemand einen Klaps auf den Kopf gab und alles schwarz wurde. Im n\u00e4chsten Augenblick fand ich mich auf einem kalten Erdboden \u0001 \u0002 mir erblickte ich den unendlichen und klaren Nachthimmel. Ein Schrei lenkte meine Blicke auf eine brennende Stadt. Ich lief von ganz alleine darauf zu. Ich konnte meine Bewegungen nicht steuern, mein K\u00f6rper bewegte sich von ganz alleine. Vor einer- am Boden liegenden- Frau machte ich Halt und fragte sie nach ihrem Zustand. Da sie keine Reaktion zeigte, war die Antwort klar. Ich ging behutsam und z\u00f6gerlich auf die Flammen zu und es offenbarte sich ein Bild des Schreckens. Verbrannte Menschen, schauderhafte D\u00e4monen, die sich am Fleisch jener Menschen zu schaffen machten, die in den Flammen umgekommen waren. Ihre Blicke durchbohrten schmerzend meine Seele, sodass ich zu Boden ging. Der Anblick war einfach zu schrecklich, als dass es mich kalt lie\u00dfe. Pl\u00f6tzlich sah ich einen Mann aus den Flammen hindurch gehen. Seine blo\u00dfe Gegenwart lie\u00df mein Herz noch schneller pochen als jemals zuvor. \u201eIn diesem\u2026 oder im n\u00e4chsten Leben wird ein Gewinner fest stehen.\u201c, sprach er und wandte sich wieder von mir ab. So wie er, verzogen sich auch die D\u00e4monenscharen, die ihre Mahlzeit sichtlich genossen hatten. Mir kam diese Stadt so bekannt vor\u2026 Ich f\u00fchlte an meiner Wange etwas feuchtes, Kaltes\u2026 es waren Tr\u00e4nen. \u201eAufwachen, Schlafm\u00fctze.\u201c, holte mich Hubertos aus dem Schlaf.\u201eIch hatte einen Albtraum\u2026\u201c, st\u00f6hnte ich und bemerkte, dass ich nicht nur im Traum geweint hatte. Hubertos stellte sich mit dem R\u00fccken zu mir hin und sah Richtung T\u00fcr.\u201eDu hast deine Vergangenheit gesehen. Was sich da abgespielt hat, bedarf keiner Erkl\u00e4rung. Deine innere Zerrissenheit spricht B\u00e4nde, mein Freund.\u201c\u201eWie lange habe ich geschlafen?\u201c, fragte ich. \u201eDrei Tage. Und nun folge mir in den Speisesaal. Mein Butler hat gute Speisen angerichtet. Du willst doch nicht, dass es kalt wird?\u201c, sagte er mit schauderhafte Miene. Ich folgte ihm aufs Wort. Hubertos hatte etwas Merkw\u00fcrdiges, Mysteri\u00f6ses an sich. Ich wollte mehr \u00fcber ihn und den Butler \u0001 \u0002 war ein wenig geschockt \u00fcber die Dauer, jedoch lie\u00df mich mein Hunger keinen weiteren Gedanken mehr dar\u00fcber verlieren. Und was dieser Butler letztlich auf den Tisch zauberte, war mehr als g\u00f6ttlich. Speisen aller Art wurden aufs feinste zubereitet und machten optisch was her. Wo ich mich wieder fragte\u2026Durfte ich \u00fcberhaupt diese Speisen essen? Und warum gaben mir diese Leute ein Zuhause? Wieso haben sie mich nicht sterben lassen, als ich den D\u00e4monen hilflos ausgeliefert war? Keinen einzigen Gedanken konnte ich zu Ende denken, das Essen war vorz\u00fcglich. Ich genoss jeden Bissen. Als h\u00e4tte ich nie etwas Besseres gegessen.\u201eDa wir nun alle wieder zu Kr\u00e4ften gekommen sind, w\u00fcrde ich nun sagen\u2026 Beginnen wir mit deiner Ausbildung, Tsuyoshi Yamada!\u201c Ich hatte noch nicht runter geschluckt und als er das sagte, blieb mir eine Keule im Hals stecken. Ein Schluck Wasser gen\u00fcgte. \u201eWas f\u00fcr eine Ausbildung bitte?\u201c\u201eNun. Da wir uns im Krieg befinden, ist jeder Krieger herzlich willkommen, der auf unserer Seite k\u00e4mpft. Und so ganz umsonst kannst du dir den Wanst auch nicht voll schlagen, ohne nicht eine kleine Leistung erbracht zu haben. Soll hei\u00dfen; solange du unseren Befehlen gehorchst und alles mit Bravour meisterst, bekommst du zu Essen und zu Trinken. Sollte dies nicht der Fall sein\u2026 Lassen wir dich elendig verhungern, kleiner.\u201cWenn Blicke t\u00f6ten konnten. Seine kleine Ansprache spornte mich nur an, mein bestes zu geben. Etwas anderes konnte ich zurzeit sowieso nicht glauben\u2026 Woher ich kam und wohin ich gehen werde war stets ungewiss. \u201eDeine erste Aufgabe besteht darin, eine Stadt vor dem gro\u00dfen Unheil zu befreien. Das Unheil hierbei ist ein abscheulicher D\u00e4mon, der glaubt, er sei der Gr\u00f6\u00dfte. Seine Kraft ist nicht unbetr\u00e4chtlich.\u201c\u201eIst das euer Ernst?! Der wird doch bestimmt hunderte Diener an seiner Seite haben\u2026 das ist doch v\u00f6llig unm\u00f6glich! Dann gebt mir wenigstens mein Schwert zur\u00fcck!\u201c, rief ich aufgeregt. Hubertos und der Diener griffen sich zeitgleich auf den Kopf und wunderten sich \u00fcber meine eigene Dummheit.\u201eWie oft denn noch\u2026 Wir k\u00f6nnen dir deine Waffe nicht geben, weil du noch nicht bereit bist.\u201c, \u201eUnd wann bin ich bereit?!\u201c, \u201eDas entscheide alleine ich\u2026\u201cHubertos \u00fcberreichte mir eine einfache Lederr\u00fcstung und ein Holzschwert. Zun\u00e4chst fragte ich ihn, ob das ein schlechter Scherz sei:\u201eAbsolut nicht. Gedenke deine Waffe klug einzusetzen.\u201c",
            "wordcount": "2.472",
            "chapter_release": "21.12.2015",
            "chapter_number": "1"
        },
        "2": {
            "text": "Und da stand ich nun. \u201eNicht einmal wohin ich gehen muss, haben sie mir gesagt. Mann ey, was f\u00fcr eine beschissene Ausbildung das ist.\u201cSofort stellte ich mir das Szenario vor, wenn ich sie bel\u00fcgen und den Auftrag ignorieren w\u00fcrde\u2026 Keine gute Idee. Und so ging ich nun meine kleine Reise auf der Suche nach diesem D\u00e4monen, der eine ganze Stadt unterdr\u00fcckt. Ich untersch\u00e4tzte den Fu\u00dfmarsch durch diese trostlose Ein\u00f6de. Hoffentlich fand ich auch wieder zur\u00fcck. Als dann auch noch ein Regenfall herein brach, war ich mir \u00fcber die jetzige Situation bewusst. \u201eF\u00fcr\u2019n Arsch\u2026\u201c\u201eMeister, habt ihr ernsthaft einen Gedanken an einen Erfolg des Jungen verschwendet?\u201c, fragte der Butler Hubertos. \u201eAbwarten, mein lieber Butler. Sagt dir der Name Pestozito etwas?\u201c\u201eDoch nicht der Halbd\u00e4mon Pestozito?!\u201c, \u201eGenau der ;).\u201c Hunger und Durst\u2026 Auf dem Zahnfleisch kroch ich dahin, ohne mir im Klaren zu sein, wohin mich mein Weg noch f\u00fchrte. Irgendwann befand ich mich auf einem langen, geraden Weg und seitlich standen blattlose und verrottete B\u00e4ume. Hier und da einige Lichtstrahlen, die sich durch den bew\u00f6lkten Himmel bahnten. Es war eine sehr gruselige Gegend und ich verlor bereits die Hoffnung hin zu kommen. Geschweige denn jemals wieder zum Schloss zur\u00fcck zu finden. Dann- ein leises Erdbeben. Kieselsteine begannen f\u00f6rmlich zu tanzen. Ein Hilfeschrei. Sofort stand ich vom Boden auf, um Herr der Lage zu werden. Jedoch zwang mich mein Hunger erneut auf die Knie und mein Blick war keineswegs klar. \u201eSo hilft mir doch jemand!\u201c, h\u00f6rte ich eine junge Frau rufen, die vor einer Gruppe D\u00e4monen verfolgt wurde. Einer der Verfolger war ein ungef\u00e4hr drei Meter gro\u00dfer Orc, der mit seinen Schritten die Erdbeben ausgel\u00f6st hatte. \u201eLasst eure dreckigen Finger von der Frau, verstanden?!\u201c, hatte ich v\u00f6llig den Verstand verloren?! Wie sollte ich mich diesem Gegner entgegenstellen? Mit einem Holzschwert und einer besch\u00e4digten Lederr\u00fcstung? \u201eIhr seid meine Rettung, tapferer Held!\u201c, sagte sie und versteckte sich hinter mir. Damit lockte sie nat\u00fcrlich die Feinde an, die mehr als erfreut waren mich zu sehen.\u201eSieh dir das an, Palgor, noch mehr f\u00fcr den Suppentopf!\u201c, sabberte der Orc und fletschte die Z\u00e4hne. Wenn ich nur daran dachte, wie seine fette Pranke nach mir fasste, wurde mir Angst und Bang. \u201eAus dem Weg du Dreik\u00e4sehoch! Wir wollen uns an diesem Weib laben! Ihr wundersch\u00f6ner K\u00f6rper erregt uns so!\u201cIch war verloren. Egal wie oft ich die Situation durchdachte, es hatte keinen Sinn. Andererseits kann ich mich nicht schon wieder retten lassen oder das Handtuch werfen... Wenn ich doch noch w\u00fcsste wie man k\u00e4mpft!\u201eWas willst du mit diesem Zahnstocher gegen uns ausrichten? Dir m\u00fcsste l\u00e4ngst klar sein, dass du nur verlieren kannst.\u201c, spuckte mir der Orc ins Gesicht, als er sich zu mir runter b\u00fcckte. \u201eDu hast Mundgeruch!!!\u201c, schrie ich und bohrte ihm vom Kinn aufw\u00e4rts mein Schwert in den Sch\u00e4del. Bevor ich verstand was geschah, gingen seine beiden Begleiter auf mich los und versuchten mich in der Luft zu zerfetzen. Ich wusste nicht woher ich das konnte, aber ich parierte ihre Angriffe lediglich mit meinem Einh\u00e4nder und besch\u00fctzte so die unbekannte Frau. Als ich dann zum Angriff \u00fcbergehen wollte, verlie\u00df mich pl\u00f6tzlich meine Kraft und sie schlugen mir meine Waffe aus der Hand. \u201eOh nein! Pass auf!\u201c, h\u00f6rte ich sie rufen, als wieder alles um mich herum schwarz wurde... Diese Kraftlosigkeit machte mir mehr zu schaffen als die Ungewissheit \u00fcber die Vergangenheit. Wann blo\u00df konnte ich wieder das sehen, was geschehen war? Du willst dich an mir r\u00e4chen? Nur weil ich euer Dorf vernichtet habe? Pha, welch belangloser Grund mir den Tod zu \u0001 \u0002 hast du das Zeug dazu, deine Kraft spricht f\u00fcr sich. Jeder andere w\u00e4re l\u00e4ngst zur H\u00f6lle gefahren, wenn du ihm das Herz aus der Brust gerissen h\u00e4ttest. Aber ich bin eine andere Liga, mein Freund. Damit t\u00f6test du mich nicht. Ich bin gespannt auf unser Wiedersehen, junger Tsuyoshi. \u201eHerta!! Herta siehst du nicht?! Er wacht auf!\u201c, \u201eGott sei Dank, ich bin so froh.\u201cBevor ich verstand, was \u00fcberhaupt passierte, wurde ich von dem M\u00e4dchen umarmt, welches von den D\u00e4monen bel\u00e4stigt wurde.\u201eIch bin so froh, dass es dir gut geht!\u201c, sagte sie und umklammerte mich schon herzerw\u00e4rmend. \u201eWas ist passiert? Wie haben wir diese D\u00e4monen... und warum bin ich hier?\u201c\u201eEin Wanderer kam auf einmal her und hat sie mit einem Schlag umgebracht!Dann hab ich meinen Onkel und meine Tante geholt, damit sie sich um dich k\u00fcmmern!\u201c\u201eIch danke euch. Aber du sagst, ein einfacher Wanderer hat sich um sie gek\u00fcmmert? Muss der stark gewesen sein...\u201c, sagte ich und senkte den Blick ein wenig entt\u00e4uscht. Immerhin wollte ich mich nicht schon wieder retten lassen. \u201eWas hast du? Du wirkst bedr\u00fcckt.\u201c, fragte sie.\u201eEs ist nichts. Ich muss jetzt weiter, ich danke euch f\u00fcr alles.\u201c, sagte ich etwas voreilig, denn das M\u00e4dchen hatte es scheinbar auf mich abgesehen.\u201eJetzt warte doch mal! Mensch, du kannst doch nicht einfach so wieder abhauen!\u201c\u201eKann ich nicht?\u201c\u201eDu musst mich besch\u00fctzen! Ich habe Angst, au\u00dferhalb der Stadt zu sein... Ich muss die Medizin- Lieferung von meinem Onkel in die Nachbarstadt bringen und von den Dorfbewohnern traut sich sonst keiner!\u201c\u201eIst das nicht ein wenig dreist, ein einfaches M\u00e4dchen dort hin zu schicken?\u201c\u201eNaja... vielleicht haben wir auch nicht gerade den besten Ruf... wir haben letzte Woche eine Packung Medizin an Pestozito verkauft, seitdem meiden uns die Menschen...\u201c\u201eHast du Pestozito gesagt?!\u201c, packte ich sie an den Schultern und spuckte ihr ins Gesicht. \u201e\u00c4hm, ja... Behalte deine Keime f\u00fcr dich... Also kann ich auf deine Unterst\u00fctzung z\u00e4hlen?\u201c, noch bevor sie den Satz ausgesprochen hatte, stand ich schon mit ihrem Rucksack am gro\u00dfen Dorftor und wartete ungeduldig auf sie. \u201eWo bleibst du denn, mach mal hinne!\u201c \u201eWie ging das jetzt?!\u201cEin kurzer Griff auf der H\u00fcfte versicherte mir, dass ich mein Schwert noch \u0001 \u0002 wunderte mich, wie einfach es durch den D\u00e4mon schnitt. Ich holte es wenige Zentimeter aus der Scheide, da konnte ich den Blutgestank schon riechen. Es war auch noch voller Blut... \u201eBevor ich es vergesse! Mein Name ist Belika, Belika Traysor und wie hei\u00dft du?\u201c\u201eTsuyoshi Yamada. Gehen wir?\u201cDie Hitze war kaum auszuhalten und wir hatten v\u00f6llig vergessen, etwas mit zu nehmen. Merkt euch liebe Leser, niemals unvorbereitet ein Abenteuer bestreiten!Nach einer halben Stunde verlie\u00dfen Belika die Kr\u00e4fte und ging auf die Knie.\u201eSo schaffen wir das nicht\u2026 auch wenn uns die D\u00e4monen jetzt vorerst in Ruhe lassen und wir ein ganzes St\u00fcck weitergekommen sind\u2026\u201c, st\u00f6hnte sie und versuchte wieder zu Atem zu kommen.\u201eWenn du weniger jammern w\u00fcrdest, w\u00e4ren wir schon l\u00e4ngst da. Wie weit ist es noch?\u201c, fragte ich und wunderte mich \u00fcber meine Ausdauer.\u201eWer hat dich nach deiner Meinung gefragt?!\u201c\u201eWarum so zickig, kann ich was daf\u00fcr, dass du nicht mehr kannst?\u201c\u201eAch verdammt es wird schon dunkel und wir haben noch ein ganzes St\u00fcck! Wir m\u00fcssen zusehen, dass wir von hier weg kommen!\u201cAuf einmal packte sie mich an der Hand und rannte wie von der Tarantel gestochen. Sie konnte also doch noch ;-)Ein merkw\u00fcrdiges Gef\u00fchl so von einem M\u00e4dchen gehalten zu werden. Ich wurde rot beim Gedanken, wenn sie\u2026 ach vergesst es. \u201eDa unten ist eine H\u00f6hle! Dort k\u00f6nnen wir uns verstecken! Aber wie kommen wir da hinunter?!\u201c, fragte sie \u0001 \u0002 sie fragte, war ich bereits am Hinunterklettern.\u201eWorauf wartest du?\u201c\u201eDu kannst dich festhalten, obwohl du den dicken Rucksack angeschnallt hast?!\u201c\u201eJa, keine Probleme.\u201c\u201eIch schaff das nicht! Ich bin noch nie eine Steinwand runter geklettert!\u201c\u201eSoweit ich wei\u00df, ich auch nicht, aber wie du siehst, klappt das ganz gut.\u201cStein, f\u00fcr Stein kam ich immer ein St\u00fcckchen weiter nach \u0001 \u0002 konnte sehen, wie sich ein Nebel bildete beim dichten Wald, der aber noch weiter unter uns war. Ich wollte keine Zeit verlieren, denn vielleicht wurde dieser Nebel noch dichter und breiter, dann s\u00e4\u00dfen wir in der Patsche.\u201eWie meinst du das, soweit du wei\u00dft?\u201c\u201eIch habe mein Ged\u00e4chtnis verloren und kann mich nicht an meine Vergangenheit erinnern.\u201c\u201eIst das wahr?\u201c fragte sie, als sie versuchte hinunter zu klettern, pl\u00f6tzlich ausrutschte, laut schrie und auf mir landete. \u201eOh Gott, ist den Medikamenten was passiert?! Schau doch nach!!\u201c, schrie sie, w\u00e4hrend sie sich hoch rappelte. \u201eNett von dir, dass du nach mir fragst, mir geht\u2019s noch ganz gut\u2026\u201c\u201eEin Gl\u00fcck, den Verpackungen ist nichts passiert. Pass besser darauf auf! Wir sind auf diesen Rucksack angewiesen, sonst t\u00f6tet uns Pestozito!\u201cWer hier wohl besser aufpassen sollte\u2026 Ich antwortete nicht darauf und versuchte uns schnell in die H\u00f6hle zu bringen, wo wir die Nacht verbringen konnten. Der Nebel wurde immer dichter und die Sonne ging auch schon unter. Belika h\u00f6rte auch allm\u00e4hlich mit der N\u00f6rgelei auf und merkte wohl, dass sie besser den Mund hielt. Ich besorgte uns noch auf die Schnelle ein wenig Brennholz und Belika z\u00fcndete es in der H\u00f6hle an, damit es in der Nacht nicht zu kalt \u0001 \u0002 sa\u00dfen wir nun. Starrten stumm in die Flammen, die uns Licht und W\u00e4rme spendeten.\u201eUnd du kannst dich an gar nichts mehr erinnern? Wie lange schon?\u201c, fragte sie mich auf einmal. \u201eSeit ein paar Tagen. Ich bin von D\u00e4monen geflohen und hatte ein Schwert bei mir. Ich glaube\u2026 ja, ich glaube dieses Schwert hatte ich von meinem Vater.\u201c\u201eVon deinem Vater?\u201c\u201eJa er wollte mich damit besch\u00fctzen. Aber mehr\u2026\u201c, verstummte ich wieder. Ich bekam Kopfschmerzen im Versuch, mich an mehr zu erinnern. \u201eUnd was dann? Hast du die D\u00e4monen besiegt?\u201c\u201eNein, ein Typ hat mich gerettet. Sein Name ist Hubertos und\u2026 meine Fresse, hat der ein fettes Schloss, das glaubst du nicht!\u201c\u201eDoch nicht etwa das Schloss Rangenhardt?! Da warst du drin?!\u201c, fragte sie mich aufgeregt aus und wusste anscheinend mehr als ich.\u201eWei\u00dft du denn etwas dar\u00fcber?\u201c, fragte ich sie neugierig. \u201eKennst du denn nicht den Weisen Regato Rangenhardt? Es hei\u00dft, er sei der kl\u00fcgste Mensch der Welt gewesen und hatte auf jede Frage eine Antwort parat!Man erz\u00e4hlt sich, dass er ein Schloss besa\u00df, wo unsch\u00e4tzbare Sch\u00e4tze waren, die er von Ganoven erbeutet hat! In der Hauptstadt soll er mal gesagt haben, dass derjenige, der ein Schloss finden w\u00fcrde, all die Reicht\u00fcmer bekommt, die dort drin sind! Bis heute hat dieses Schloss aber niemand gefunden. Scheint, als h\u00e4tte sich sein Sohn dort eingenistet. Also dieser Hubertos.\u201c\u201eUnd wo ist dieser Regato jetzt?\u201c\u201eEr ist von einem D\u00e4mon get\u00f6tet worden, soweit ich wei\u00df. Mit einem Schwert.\u201c\u201eSchrecklich\u2026 wer macht sowas?\u201c, fragte ich und starrte wieder ins Feuer.\u201eNaja, es ist eben Krieg. Da passiert sowas schon mal.\u201c\u201eWie kannst du so leichtfertig dar\u00fcber reden?\u201c\u201eNa\u2026 ist doch so? Wenn Krieg herrscht, muss man sich doch sch\u00fctzen! Au\u00dferdem war Regato ein m\u00e4chtiger Magier, wieso hat er sich nicht wehren k\u00f6nnen? Geschweige denn einen Leibw\u00e4chter, der das h\u00e4tte verhindern k\u00f6nnen?\u201c\u201eScheint wohl heftige Typen da drau\u00dfen zu geben, die ziemlich m\u00e4chtig sind.\u201c\u201eIch hasse D\u00e4monen\u2026\u201c, schluchzte sie mit gesenktem Kopf und geballter \u0001 \u0002 traute mich nicht nachzufragen. Sollte ich es gut sein lassen und einfach...\u201eDu, Belika sag mal\u2026 sollten wir nicht Schmiere stehen, falls wir angegriffen werden?\u201c, fragte ich und sie kauerte sich schlafend auf dem H\u00f6hlenboden zusammen und schnarchte laut dabei.\u201eDass sie hier so einfach einpennen kann? Ob sie mir\u2026 vertraut?\u201c\u201eAltarion, wo willst du hin?!\u201c\u201eIch muss das verbleibende Legendenschwert in Sicherheit bringen. Hier ist es in den falschen H\u00e4nden.\u201c\u201eVertraust du dem K\u00f6nig so sehr, dass du ihm dein Schwert einfach \u00fcberl\u00e4sst?\u201c\u201eEr ist ein guter Mann und vertrauensw\u00fcrdig. Au\u00dferdem hat Nero es fast zerst\u00f6rt. In des K\u00f6nigs H\u00e4nden h\u00e4tte es nie seine wahre St\u00e4rke entfalten k\u00f6nnen\u2026\u201c\u201eGerade deswegen solltest du es dir zur\u00fcckholen! Altarion ich flehe dich an, geh nicht nach Zargaroth\u2026\u201c\u201eIch muss. Du kannst leider nicht verstehen, warum ich es Aurasio \u0001 \u0002 in diesem Zustand kann es keinen weiteren Schaden anrichten. Pass gut auf Tsuyoshi auf\u2026\u201c",
            "wordcount": "1.959",
            "chapter_release": "21.12.2015",
            "chapter_number": "2"
        },
        "3": {
            "text": "\u201eTsuyoshi!!! Du Schlafm\u00fctze, warum pennst du hier einfach ein?! Wo ist der Rucksack?! Du sollst aufwachen, hab ich gesagt!!\u201c, schlug sie mir ins Gesicht, dass ich weg flog.\u201eGuten Morgen\u2026\u201c\u201eWo ist der Rucksack?!\u201c, schrie sie mich an.\u201eDer m\u00fcsste doch\u2026 Verdammt wo ist er hin?!\u201c\u201eDu hast ihn aus den Augen gelassen und dabei ist er uns gestohlen worden! Es ist alles deine Schuld, dass Pestozito uns alle umbringen wird!!!\u201c\u201eRuhe jetzt! Aufregen hilft uns auch nicht weiter, wir sollten \u00fcberlegen, was wir jetzt machen!\u201c\u201eUnd was schl\u00e4gst du vor du Schlaumeier?\u201c\u201eAm besten wir gehen zu Pestozito und erz\u00e4hlen ihm, dass wir mit leeren H\u00e4nden\u2026\u201c \u201eDAS WERDEN WIR BESTIMMT NICHT TUN!!!\u201c, schlug sie mich erneut. Wir teilten uns auf und suchten nach dem Rucksack. Unter jedem Busch und Dickicht, auf jedem Ast, \u00fcberall. Doch er war nicht auffindbar.\u201eVerdammt, wo hast du den Rucksack verschlampt Tsuyoshi?!\u201c\u201eIch bin auch nur ein Mensch, meine G\u00fcte! Irgendwann schl\u00e4ft jeder ein!\u201c\u201eNicht wenn er ein Mann ist, der eine junge Frau besch\u00fctzen muss!\u201c\u201eAch du bist eine Frau?! Ganz was neues!\u201c, schon hagelte es schon wieder Schl\u00e4ge. Die taten aber wirklich weh.\u201eUnd nun?\u201c, fragte ich sie, w\u00e4hrend ich nach meinen Beulen griff. Sie stand nur da, blickte nach oben und sagte nichts mehr. \u201eBelika? Alles in Ordnung? Ist er etwa da oben der Rucksa\u2026 warte wo l\u00e4ufst du hin?!\u201c, sprintete ich ihr hinterher. Wie von der Tarantel gestochen lief sie pl\u00f6tzlich in den Wald hinein und lie\u00df mich einfach stehen. Was war blo\u00df in sie gefahren?Obwohl sie ein M\u00e4dchen war, hatte sie ein ordentliches Tempo drauf, das man ihr nicht so schnell ansah. Ich h\u00e4tte sie beinah verloren, als ich ein grelles Licht am Ende der B\u00e4ume und Str\u00e4ucher sah. Eine hohe Stadtmauer mit einem Torbogen, wo ein Schild \u0001 \u0002 stand ein durchgestrichenes Raizan-City und dar\u00fcber Pesto-City mit einer merkw\u00fcrdigen Karikatur eines Menschens mit dem Victory- \u0001 \u0002 stand Belika. \u201eDa bist du ja! Ich dachte schon ich h\u00e4tte dich verloren! \u00c4hm, Belika?\u201cSie sprach noch immer nicht mit mir. Sie ging pl\u00f6tzlich ganz normal weiter und schien die Stadt zu kennen. Viele Menschen mit traurigem Gesichtsausdruck. Wachen, die so gro\u00df waren wie der Orc, dem ich vor kurzem mein Schwert ins Maul gerammt hatte. Ihre Speere sahen schon sehr gef\u00e4hrlich aus.\u201eJetzt warte doch mal, was ist nur in dich gefahren? Hey du ignorierst mich die ganze Zeit, das mag ich\u2026 nicht!\u201c, versuchte ich mich vor sie zu stellen, aber sie ging ohne Interesse einfach an mir vorbei. Sie war ziemlich flink. Dann blieb sie an einem riesigen Palast stehen. Wieder \u00fcberall diese Wachen, die von weitem alle gleich aussahen. Ob dieser \u201ePalgor\u201c auch einmal einer dieser Wachen war? Am Haupteingang des Palastes standen zwei noch gr\u00f6\u00dfere Wachen. Sie lie\u00dfen Belika ohne weiteres hineingehen, aber mich stie\u00dfen sie sogar zur\u00fcck.\u201eHalt! Hast du eine Audienz bei unserem Herr und Gebieter Pestozito?\u201c\u201eAudienz? Pestozito?\u201c, fragte ich nur und verstand sofort, was zu tun war. Aber an diesen Monstern kam ich partout nicht vorbei.\u201eVerdammt, lasst mich vorbei! Ich\u2026 ich bin der Bodyguard von dem M\u00e4dchen, das ihr gerade vorbei gelassen habt!\u201cSie sahen sich an und b\u00fcckten sich zu mir herunter.\u201eWelches M\u00e4dchen meinst du denn? Wir haben keines gesehen.\u201cPl\u00f6tzlich stand da wieder Belika vor mir und sagte: \u201eIhr k\u00f6nnt ihn durchlassen. Es stimmt, was er sagt. Er ist mein Bodyguard.\u201cWieder sahen sie sich an, der eine, der sich geb\u00fcckt hatte, stand wieder auf und beide machten mit ihren anfangs gekreuzten Speeren jetzt den Weg frei und gingen einen Schritt zur Seite. \u201eHast du echt prima hingekriegt, Belika!\u201c\u201ePestozito Rimarez!!!\u201c\u201eIch bin hier dr\u00fcben mein Schatz, komm doch her!\u201c\u201eMein\u2026 Schatz?!\u201c, wunderte ich mich. \u201eWelch Wunder, dass du \u00fcberhaupt noch aufkreuzt. Ich dachte schon du w\u00e4rst von D\u00e4monen zerfleischt und gefressen worden. Welch Irrglaube.\u201c\u201eDu hast den Rucksack bereits, stimmts?\u201c, fragte sie und ich verstand die Welt nicht mehr. Zum ersten Mal sah ich ihn. Er sa\u00df breitbeinig auf einem riesigen Thron, w\u00e4hrend er den Kopf eines abgetrennten D\u00e4monenkopfes \u0001 \u0002 war auch fast so gro\u00df wie seine Wachen am Eingang, ein riesiger Mann einfach.\u201eBlitzmerkerin. Wenn du- ungeschicktes Ding- auch \u00fcber eine Woche brauchst, um meine Lieferung zu schicken, dann muss ich es mir ganz einfach selbst abholen.\u201c\u201eDu l\u00e4sst mich den weiten Weg gehen nur um letztlich zu erfahren, dass du es dir auch selbst holen kannst?\u201c, fragte sie vorlaut. Ich darf die Mission von Hubertos nicht vergessen\u2026\u201eNa, na, na, nicht so frech du vorlautes Weib! Was glaubst du denn was es mich kostet einen Boten zu schicken, der deine verdammte Arbeit erledigen soll!\u201c, rief er, verl\u00e4ngerte pl\u00f6tzlich seinen Arm, packte ihr Kinn und zog sie zu sich. Ich wollte eingreifen. \u201eVergiss nicht, mit wem du redest\u2026 ich versorge euer verdammtes Dorf mit finanziellen Mitteln und Ressourcen, die ihr zum Leben braucht! Also h\u00fcte deine Zunge!\u201cIch musste einschreiten. \u201eHey! Pestozito! Glaub ja nicht, dass Belika und ihre Leute das nicht von alleine hinkriegen! Du glaubst sie sind von dir abh\u00e4ngig? Das sind alles hart arbeitende und faire Menschen! Ich lasse es nicht zu, dass du sie unterdr\u00fcckst und ihnen das Leben zur H\u00f6lle machst!\u201c, rief ich mit dem Holzschwert in beiden H\u00e4nden und in Kampfstellung.\u201eWas wei\u00dft du denn schon du Dreik\u00e4sehoch! Wer zur H\u00f6lle bist du \u00fcberhaupt?!\u201c, fragte er laut mit ger\u00fcmpfter Nase und warf Belika wie einen Sack zur Seite. \u201eMoment\u2026 ich rieche\u2026 Blut\u2026\u201c, fl\u00fcsterte Pestozito zu sich selbst. \u201eGanz recht! Ich habe diesen Orc auf dem Gewissen, der Belika ein Haar kr\u00fcmmen wollte. Verdammt, wie hie\u00df er doch gleich\u2026 Palto\u2026 Panzo\u2026 Pelgo\u2026\u201c\u201eSein\u2026 Name\u2026 ist\u2026 PALGOR!!!\u201c, schrie er und sprang blitzschnell auf mich zu und donnerte mir seine Rechte ins Gesicht, dass ich in die Luft flog und am Deckenboden abprallte. Belika kam auch wieder zu sich: \u201eTsuyoshi nein!\u201c\u201eDu miese\u2026 kleine\u2026 dreckige K\u00fcchenschabe!!! Was erlaubst du dir meinen besten Mann einfach umzubringen!!!\u201c, schrie er und schlug immer weiter auf mich ein. Er war st\u00e4rker, als ich gedacht hatte. Ich hatte keine Chance gegen ihn. Wenn ich Hubertos wieder sehe, schlag ich ihm seine Fresse ein und frage ihn, was er sich dabei denkt mich auf so eine Mission zu schicken.\u201ePestozito h\u00f6r auf! Du darfst ihn nicht t\u00f6ten!!\u201c, rief Belika, w\u00e4hrend sie versuchte wieder auf die Beine zu kommen und ihn aufzuhalten.\u201eH\u00e4? Wer hat dich nach deiner Meinung gefragt, du G\u00f6re. Wenn ich ihn t\u00f6ten will dann tu ich das auch, hast du verstanden? Wie\u2026 was?!\u201c, ich konnte seinen letzten Schlag noch gerade noch mit dem Holzschwert parieren und sagte:\u201eDas soll dein bester Mann gewesen sein? Der war doch die reinste Lachnummer. Hohl in der Birne und einfach nur schwach\u2026 Ich konnte ihn geschmeidig mit meinem Zahnstocher hier aufspie\u00dfen. Sch\u00f6n durch den Kopf, verstehst du?\u201cDass er eine zweite Hand hatte, hatte ich wohl missachtet und schon wieder nahm ich Flugstunden. Mir tat schon jeder Knochen weh. \u201ePalgor war\u2026 wohl wirklich hohl in der Birne, da hast du nicht unrecht, du l\u00e4stiger Zwerg. Er hat den Dienst quittiert, weil er meinte, zu wenig Bezahlung von mir erhalten zu haben und war l\u00e4ngst \u00fcber alle Berge, als ich es erfuhr. Nett, dass du mir die Arbeit abgenommen hast, ihn daf\u00fcr zu bestrafen\u2026 Aber dass er der beste Mann war, war nicht gelogen\u2026\u201c\u201eWie du mit deinen Dienern umgehst, ist ja wirklich grausam\u2026 Was bist du nur f\u00fcr ein Herrscher\u2026\u201c\u201eIch werde deinen Ungehorsam mit dem Tod bestrafen, du Zwerg. Dann habe ich noch ein Problem weniger an der Backe, worum ich mich k\u00fcmmern \u0001 \u0002 bist du dran, du dreckige G\u00f6re! Glaub ja nicht, dass du mir so einfach davon kommst!\u201cIch wich seinen Schl\u00e4gen gekonnt aus, konnte ihn aber mit meinem Schwert nicht erwischen. Auch er war schnell und wendig. Just in diesem Moment kamen seine beiden Diener herein.\u201eMeister Pestozito, alles in Ordnung?\u201c\u201eSieht das etwa so aus? Dieser Zwerg hat Palgor auf dem Gewissen und ihr Idioten lasst ihn einfach passieren?! Ich sollte euch den Flugd\u00e4monen zum Fra\u00df vorwerfen, ihr unw\u00fcrdigen Kreaturen!\u201c\u201eEs tut uns unendlich leid, Meister!\u201c\u201eAber, aber meine Diener! Ihr k\u00f6nnt euren Fehler wieder gut machen, indem ihr mir helft, diesen Zwerg jetzt umzubringen! Lasst ihn eure F\u00e4uste schmecken!\u201c Da sie mich untersch\u00e4tzten, warfen sie ihre Speere weg und pr\u00fcgelten ungehemmt auf mich ein, als w\u00e4re ich ein Sandsack. Belika brach weinend \u0001 \u0002 konnte h\u00f6ren, wie allm\u00e4hlich jeder meiner Knochen zu bersten begann. Hatte meine Reise jetzt schon ein Ende? War dieser Pestozito wirklich ein so starker Gegner? Und seine Diener? Mama, Papa\u2026 es tut mir leid\u2026 Ich habe versagt\u2026 \u201eUnd jetzt den finalen Schlag! Fahr zur H\u00f6lle und richte Palgor meine Gr\u00fc\u00dfe aus du Zwerg!!!\u201cEs war, als h\u00e4tte er mir alle Rippen gebrochen. Seine Diener hielten meine Arme und Beine fest und mein Holzschwert fiel zu Boden. Trockenes Blut l\u00f6ste sich vom Holz und setzte sich am edlen Bodenteppich ab. Ich \u0001 \u0002 verstand die Welt nicht mehr. Gerade hatte er mir seinen st\u00e4rksten Schlag vorgef\u00fchrt und mich doch zu Tode gepr\u00fcgelt. \u201eDas\u2026 kann nicht sein\u2026 wie kannst du\u2026\u201c\u201eHahahahahaha\u2026\u201c\u201eTsuyoshi?\u201c, fragte Belika und wischte sich die Tr\u00e4nen weg.\u201eWie ist das m\u00f6glich du\u2026\u201c, stockte Pestozito der Atem.\u201eRichte ihm die Gr\u00fc\u00dfe doch selbst aus, du Bastard. Sagte ich und l\u00f6ste mich von den Griffen, indem ich mich mit Armen und Beinen zusammenzog und den Dienern damit die Arme ausriss. Unter Schmerzen und Schreien gingen sie zu Boden. Sie zappelten und weinten.\u201eWer\u2026 bist du\u2026\u201c, fragte Pestozito zitternd am ganzen Leib und wich zur\u00fcck.\u201eIch bin Tsuyoshi, Sohn von Altarion Yamada und ganz am Rande bemerkt\u2026 dein schlimmster Albtraum.\u201c\u201eDas ist nicht wahr\u2026 das ist einfach nicht wahr\u2026 Meine Diener, ergreift ihn!!!\u201c, schrie er, als ich kurz hoch sprang, mich an der Luft abprallte, sein Kinn packte und ihn gegen den Thron- der auf der Stelle zerbrach- und gegen die meterdicke Wand donnerte, das einen heftigen Aufprall verursachte. \u201eWillst du mir wieder mit deinem Abfall kommen? Das l\u00e4uft so nicht, Alter.\u201c\u201eMeister!!! Was ist hier blo\u00df passiert?!\u201c\u201eSoll ich sie mir auch noch vorkn\u00f6pfen?\u201c\u201eNicht! Bleibt zur\u00fcck! Ihr habt keine Chance gegen ihn\u2026 Sag mir was du\u2026 was du willst, Sohn von Altarion! Ich bin ein kleiner, schwacher Halbd\u00e4mon, der nichts mit dem Tod Eures Vaters zu tun hat! Das schw\u00f6re ich!!!\u201c\u201eAllein, dass du es wagst, dich hier in Denunzio breit zu machen, hat bereits die Todesstrafe verdient du stinkender Halbd\u00e4mon\u2026\u201c\u201eIch bedaure\u2026 aber seid Ihr nicht selbst ein stinkender Halbd\u00e4\u2026\u201c,ich machte seinem Gerede ein Ende, indem ich mit der anderen Hand seinen Sch\u00e4del zertr\u00fcmmerte und sein Inneres an der Wand verteilte. \u201eSelbst im Angesicht des Todes hast du noch W\u00fcrde bewiesen, Pestozito. Allerdings waren deine F\u00e4higkeiten\u2026 mangelhaft\u2026\u201c\u201eDas\u2026 bist doch nicht du Tsuyoshi, oder? Warte doch! Erinnerst du dich als du mich vor Palgor gerettet hast? Da warst du genauso drauf wie jetzt! Nicht dieser mysteri\u00f6se Mann hat uns vor den D\u00e4monen und Orcs gerettet, sondern du allein! Allerdings\u2026 hat genau dieser Mann\u2026 mich vor dir gerettet und dich zu Boden geschlagen!\u201c\u201eSchweig, M\u00e4dchen. Du musst mich nicht an alte Geschichten erinnern. Mit Aotar habe ich sowieso noch eine Rechnung offen, das habe ich noch nicht vergessen. Mich wundert ohnehin, wieso er mich nicht sofort an Ort und Stellte get\u00f6tet hat.\u201c\u201eAotar, wer? Tsuyoshi warte doch!\u201cPestozitos Diener wichen von mir zur\u00fcck. Ich war eine Gefahr f\u00fcr sie. Stillschweigend und zitternd lie\u00dfen sie mich nach drau\u00dfen gehen, Belika rannte mir hinterher. Am Ausgang st\u00fcrmten die Leute reihenweise in den Palast um sich vom Tod des \u201eHerrschers\u201c zu \u00fcberzeugen. Ich hatte keine Kontrolle \u00fcber \u0001 \u0002 umarmte mich Belika von hinten und weinte. Du wirst ihr kein Haar kr\u00fcmmen, hast du verstanden?!Sie ist ein unn\u00f6tiger Ballast f\u00fcr uns. Vernichten wir \u0001 \u0002! Das lasse ich nicht zu!Willst du mich etwa daran hindern?Du wagst es dich meinen Befehlen zu widersetzen?! Wer bist du denn?!Du fragst wirklich wer ich bin? Bist du von Sinnen?Antworte!Ich bin du. Genauso wie du ich bist. Wir sind zwei Seiten einer Medaille. Und ich werde sie nicht t\u00f6ten. Aber ganz bestimmt nicht, weil ich dir gehorche. \u201eBe\u2026 Belika? Was ist passiert\u2026\u201c, stand ich fragend da und fasste mir an den Kopf. Brach aber im n\u00e4chsten Moment zusammen, da meine Beine zu schwach waren, um mein Gewicht zu tragen. Belika fing mich auf.\u201eDu bist wieder der alte, wie sch\u00f6n\u2026 wei\u00dft du wieder nicht, was passiert ist?\u201c\u201eNaja\u2026 ich antworte mal mit einer Gegenfrage. Habe ich Pestozito gerade wirklich umgebracht?\u201cIhr Atem stockte, als ich das sagte.",
            "wordcount": "2.093",
            "chapter_release": "21.12.2015",
            "chapter_number": "3"
        },
        "4": {
            "text": "Pl\u00f6tzlich vernahm ich von Weitem ein Ger\u00e4usch. Es klang wie das Galopper von Pferden. Das Ger\u00e4usch wurde f\u00fcr mich immer leiser. Mein Blick immer tr\u00fcber. Belika versuchte mich wach zu \u0001 \u0002 war eine kleine Kutsche mit einem Pferd. Und es waren\u2026\u201eHalli, Hallo! Lange nicht mehr gesehen Tsuyoshi! Geh mal weg M\u00e4dchen und gib uns den Jungen, den du da fest h\u00e4ltst.\u201c, sagte einer der zwei M\u00e4nner auf der Kutsche. \u201eNiemals! Was habt ihr mit ihm vor?! Verschwindet auf der Stelle!\u201cDie Diener von Pestozito kamen nun auch noch dazu:\u201eDieser Bengel hat unseren Herr und Gebieter umgebracht! Daf\u00fcr wird er\u2026\u201cDer Mann auf der Kutsche unterbrach seine Rede: \u201eWird er was? Er hat euch von Pestozitos Terrorherrschaft befreit. Ihr solltet ihm dankbar sein! Und am Rande bemerkt\u2026 seht, wen ich mal eben von den Schlosskerkern befreit habe!\u201c, der Mann fasste nach etwas in der Kutsche und hatte einen anderen Mann am R\u00fccken des Gewandes gepackt und ihn aus der Kutsche geworfen.\u201eB\u00fcrgermeister Raizan!\u201c, riefen die Wachen und schreckten zur\u00fcck. Er war nur ein kleiner, gebrechlicher und lachender Mann:\u201eWar das nicht etwas grob von Ihnen, Herr Rangenhardt? Das n\u00e4chste Mal setzen Sie mich etwas sanfter ab.\u201c, lachte er dabei.\u201eRangenhardt?\u201c, fragte sich Belika und sah den Mann an.\u201eSei doch froh, dass ich dir den Arsch gerettet habe, Alter.\u201c, sagte Hubertos, der sich stolz in der Sonne br\u00fcstete und seine Arme verschr\u00e4nkte, dabei seinen Butler- der vorne an der Kutsche sa\u00df- ansah und ein breites Grinsen aufsetzte. \u201eDieser Junge hat uns von einem D\u00e4mon befreit, der mich eingesperrt und meine sch\u00f6ne Stadt unterdr\u00fcckt hat! Wir sollten nun Richtung Zukunft schauen und alles so machen, wie es fr\u00fcher war. Wir wissen nicht, wie wir uns erkenntlich zeigen k\u00f6nnen, junger Mann.\u201c\u201eAch schon gut\u2026 Keine Ursache\u2026 bist du gekommen, um mich\u2026 abzuholen, Hubertos?\u201c, fragte ich st\u00f6hnend und schwach. Belika lockerte ihren Griff.\u201eBist du Hubertos Rangenhardt, der Tsuyoshi vor den D\u00e4monen gerettet hat?\u201c\u201eLive und in Farbe!\u201c\u201eHeute habt Ihr gute Laune, stimmt\u2018s Meister?\u201c, fragte der Butler.\u201eSelbstverst\u00e4ndlich, immerhin hat unser kleiner Sch\u00fctzling hier ganze Arbeit geleistet, die ich ihm nicht zugetraut h\u00e4tte! Apropos\u2026 siehst du echt beschissen aus, Tsuyoshi. Wir sollten uns um deine Knochenbr\u00fcche k\u00fcmmern und dann sehen wir weiter. Verabschiede dich von deinen Freunden und dann fahren wir zu unserem Schloss!\u201cBelika sah mich daraufhin an und sagte: \u201eMusst du jetzt gehen?\u201c\u201eJa, aber\u2026 wir werden uns ganz bestimmt wieder sehen.\u201c, darauf umarmte sie mich und dr\u00fcckte mich gegen ihren Busen.\u201eIch wei\u00df auch nicht, wie ich dir danken kann\u2026 Du hast uns vor diesem Verbrecher besch\u00fctzt\u2026 Und ich\u2026 ich\u2026\u201c\u201eMein lieber Butler? Wir sollten schnell aufbrechen, ich sehe schon Sturmwolken hinter uns aufziehen.\u201c\u201eIhr habt Recht, Herr.\u201c\u201eWir werden auf deinen Tsuyoshi schon aufpassen, werte Dame. Du kannst dich auf mich- Hubertos Rangenhardt- auf jeden Fall ver\u2026laaaaaassen!!!\u201c, schrie er pl\u00f6tzlich, da wir von einer Druckwelle aufgescheucht wurden, die von einer Person aus ging. Das Pferd wurde unruhig und schrak auf. Der Butler gab sein Bestes, um es in Zaum zu halten.\u201eEndlich habe ich Euch gefunden, Sohn von Rangenhardt dem Weisen.\u201c\u201eDer kennt mich?\u201c, fragte er, ohne nachgesehen zu haben, wer es war, brachte seine Frisur wieder in Ordnung und setzte sich seine Brille \u0001 \u0002 B\u00fcrgermeister sprach: \u201eBitte sorgt nicht f\u00fcr so einen Tumult, Schwertk\u00e4mpfer! Nicht in meiner Stadt!\u201c\u201eEs tut mir ausgesprochen leid. Wird nicht wieder vorkommen.\u201c\u201eMeister, ist er das?\u201c, fragte der Butler.\u201eAu Backe, jetzt wird\u2019s brenzlig! Komm schon Tsuyoshi, wir hauen ab!\u201c, packte Hubertos vom Wagen aus meine Hand und wir d\u00fcsten mit einem Affenzahn davon. Der Mann hatte zwei Schwerter an den Seiten und trug eine Maske. Seinem Aussehen nach zu beurteilen war er- wie der B\u00fcrgermeister bereits sagte- ein Schwertk\u00e4mpfer. Er kam langsam n\u00e4her und verbeugte sich vor dem B\u00fcrgermeister.\u201eIhr seid ein ehrenwerter Mann, B\u00fcrgermeister Raizan. Die Menschen wissen zu wenig \u00fcber Eure guten Taten. Umso mehr tut es mir leid, dass ich Euch und Eure Mitb\u00fcrger erschreckt habe. Leider habe ich sehr wenig Zeit und die Auftr\u00e4ge stapeln sich, wenn Ihr versteht. Gehabt euch wohl.\u201cFast schon wie eine Fata Morgana verschwand er in Richtung, wo ich mit Hubertos und seinem Butler hin verschwand. Einer aus der Menschenmenge verabschiedete sich mit einem wei\u00dfen Tuch und hoch springend. Dessen Frau zog ihn am Kragen wieder zur\u00fcck und schimpfte ihn. Ein lustiger \u0001 \u0002 sah meiner Staubwolke nur noch hinterher. Mit einem \u201eMach\u2019s gut\u2026\u201c, fl\u00fcsterte sie in meine Richtung.\u201eKann der Esel nicht schneller, verdammt?!\u201c, schrie Hubertos.\u201eDas ist das einzige Pferd, das ich so schnell auftreiben konnte, Meister! Es tut mir leid!\u201c, da erschien der Schwertk\u00e4mpfer pl\u00f6tzlich vor uns.\u201eStehen geblieben!\u201c, sagte er und als ob das Pferd auf seinen Befehl h\u00f6ren w\u00fcrde, wurde es wenig sp\u00e4ter immer langsamer, bis es langsam zu Boden ging und unsere Kutsche am Fleck stand. \u201eOh nein, Lucky!!! Was hast du mit unserem Gaul angestellt, Adema?!\u201c, rief Hubertos und sah f\u00fcrsorglich nach ihm.\u201eIhm fehlt nichts. Ich habe einen Nerv bei ihm eingeklemmt und ihn damit kurz bewusstlos gemacht.\u201c\u201eWar das unbedingt n\u00f6tig? Meine G\u00fcte, komm mal wieder runter.\u201c\u201eNach all diesen Jahren\u2026 diesen schmerzhaften Jahren\u2026 habe ich euch endlich gefunden. Ich wei\u00df nicht, wo ihr euch aufgehalten habt, aber das Versteckspiel ist nun endg\u00fcltig vorbei.\u201cIch bekam nur noch schemenhaft mit, dass wir standen. Ich war wie bet\u00e4ubt.\u201eUnd jetzt willst du ausgerechnet mir das Lebenslicht auspusten? Sag, hast du etwa schon wieder vergessen, wie es das letzte Mal geendet hat, Anthrazit Adema?\u201c, sagte Hubertos und wandte sich mit den H\u00e4nden in den Taschen dem Schwertk\u00e4mpfer zu. Er schien nicht so fr\u00f6hlich zu sein wie zuvor.\u201eIch habe seit dem trainiert wie eine Bestie, um Euch ebenb\u00fcrtig zu sein. \u201eT\u00f6te ihn nicht!!! Das macht deinen Vater auch nicht wieder lebendig! Er hat nur seinen Auftrag ausgef\u00fchrt, sonst nichts! Denkst du, das\u2026\u201c\u201eDas wei\u00df ich verdammt nochmal selbst!!!\u201c\u201eIch werde nie vergessen, was du uns angetan hast, Adema. Und auch du sollst nicht vergessen, dass dein Fluch nach meinem Tod nicht aufgehoben wird. Selbst Aotar wird dazu nicht in der Lage sein, geschweige denn\u2026 es wollen.\u201c\u201eDas ist mir inzwischen egal. Alles, was ich jetzt noch will\u2026 ist Euch zu vernichten!!!\u201c, er fasste nach seinen zwei Schwertern, schwang sie blitzschnell und erschaffte eine Sense aus zerschnittener Luft, die auf uns \u0001 \u0002 Hubertos \u00f6ffnete sich auf der Stirn ein drittes Auge, welches den Angreifer ins Visier nahm und stark konzentriert blinzelte, danach blockte er die Sense einfach mit seiner Hand ab, diese prallte ab, flog in Richtung eines hohen Felsens, der sofort mehrfach v\u00f6llig zerschnitten \u0001 \u0002 hatte jetzt eine d\u00e4monische Stimme: \u201eZieh die beiden damit nicht hinein, sie haben dir nichts getan. Ich bin es, den du tot sehen willst.\u201cAnthrazit nahm seine Maske ab und lie\u00df sie zu Boden \u0001 \u0002 Gesicht war v\u00f6llig entstellt und zur H\u00e4lfte nur noch schwarz. \u201eEuer Vater hat mir das angetan. Die Schmerzen werden unertr\u00e4glich, das k\u00f6nnt Ihr nicht verstehen.\u201c\u201eDu hast meinen Vater und meine Mutter auf dem Gewissen. Glaubst du allen Ernstes ich kann deinen Schmerz nicht nachvollziehen?\u201c\u201eIch wei\u00df gar nicht, warum ich mich mit Euch herumplage? Lasst mich Eurem Leiden ein f\u00fcr alle Mal ein Ende setzen!\u201c Der Butler stellte sich ihm in den Weg mit nur einem Schwert und war sichtlich geplagt damit, ihm stand zu halten. \u201eMeister!\u201c, rief er, \u201elange schaffe ich das nicht! Er ist zu stark!\u201cIch bekam von all dem nichts mehr mit, ich war bewusstlos. \u201eMein Vater hat dir deine Strafe bereits auferlegt. Tot wirst du nur von deinen Leiden erl\u00f6st und das w\u00e4re jammerschade. Ich sehne mich nach deinem Schmerzverzerrten Gesicht, wenn sich deine Haut nach und nach in Finsternis aufl\u00f6st und du vor Wahnsinn schreist. Diesen Fluch meines Vaters hast du schlie\u00dflich selbst heraufbeschworen.\u201c\u201eMein Leben hat erst einen Sinn, wenn Ihr aus dem Weg ger\u00e4umt seid!!!\u201c\u201eIch werde dich am Leben und leiden lassen. Jedoch\u2026 solltest du noch einmal meine N\u00e4he suchen und dich r\u00e4chen wollen, werde ich dein Leiden vergr\u00f6\u00dfern\u2026\u201c\u201eFahrt verdammt nochmal ZUR H\u00d6LLE!!!\u201c, schrie er und attackierte uns unaufh\u00f6rlich mit seinen Schwertern und seiner meisterhaften Kampfkunst. Jeder Schwerthieb l\u00f6ste einen riesigen Sichelf\u00f6rmigen Riss auf der Erde \u0001 \u0002 waren durch einen Schutzschild gesch\u00fctzt. Und dann\u2026Fand ich mich wieder in diesem Raum wieder. Ich wachte schwei\u00dfgebadet wie aus einem Albtraum auf, fasste mir an den Kopf und sp\u00fcrte einen stechenden Schmerz. Es war der Raum von Hubertos\u2018 \u0001 \u0002 Sonne drang durch das kleine Fenster hindurch und die Gitterst\u00e4be warfen leichte Schatten auf den \u0001 \u0002 konnte einen Fluss h\u00f6ren. Und Kindergeschrei. Ich verstand nicht, was vor sich ging, immerhin war neben dem Schloss kein Fluss, stattdessen alles in v\u00f6lliger Ein\u00f6de! Unter Schmerzen stand ich auf und erhaschte schlie\u00dflich einen Blick durchs Fenster. Wundersch\u00f6ne Blumenwiesen und kleine H\u00e4user. Tramhafte B\u00e4ume und Wege, wie man sie nur aus Bildern kennt. Zwei Kinder rannten um eine sitzende Frau und spielten. Sie waren sehr aufgeweckt und fr\u00f6hlich, welch wunderbares Bild. Der Mann daneben schien der Vater zu sein. Stolz sah er den Kindern beim Spielen zu.\u201eSagt mal ihr zwei, was wollt ihr mal werden?\u201c, fragte die Frau.\u201eEin Superheld!\u201c, der andere \u201eEin genauso toller Magier wie Papa!\u201cDer Mann lachte und fragte: \u201eEin Superheld? Was f\u00fcr ein Superheld, Aotar?\u201c\u201eEiner, der Gutes tut und f\u00fcr alle da ist! Und, und f\u00fcr mein kleines Br\u00fcderchen Hubi da sein!\u201c, wieder lachten sie. Es war wie Musik in den Ohren. Es tat so gut, sie zu h\u00f6ren. Ich konnte nicht verstehen warum\u2026 ich anfing zu weinen\u2026\u201eHubertos, Aotar! Wenn ihr gr\u00f6\u00dfer seid, m\u00fcsst ihr ganz besonders auf Mama aufpassen, wenn euer Papa mal nicht zu Hause ist, ja?\u201c\u201eJaaaaa!\u201c\u201eWarum gehen wir nicht dahin, wo du bist, Papa? Dann kannst du auf uns aufpassen und wir auf uns alle!\u201c\u201eSo einfach ist das leider nicht, mein Junge. Oft muss ein Mann tun, was ein Mann tun muss. Jedenfalls\u2026 bin ich mir sicher, dass aus euch beiden einmal zwei st\u00e4rke M\u00e4nner werden, die ihre Familien besch\u00fctzen und f\u00fcr das Gute k\u00e4mpfen!\u201c \u201eWas siehst du da?\u201c, fragte mich pl\u00f6tzlich Hubertos. Ich erschrak vor Schreck und fiel zur\u00fcck ins Bett, das ja unter dem Fenster stand. \u201eGar nichts! \u00dcberhaupt nichts!\u201c, stockte mir der Atem und ich zog die Decke \u00fcber mir zu. \u201eWar nicht einfach die richtigen Heilkr\u00e4uter zu finden, um dich wieder hin zu kriegen. Fast alle deine Knochen waren gebrochen, als ich dich untersucht habe. Mich wundert dennoch, warum sie alle binnen k\u00fcrzester Zeit wieder verheilten. Deine Selbstheilungskr\u00e4fte scheinen enorm zu sein. Faszinierend.\u201c\u201eSelbstheilungskr\u00e4fte?\u201c, fragte ich und lugte aus der Decke hervor.\u201eJa, so als w\u00e4rst du kein richtiger Mensch.\u201c, h\u00f6rte ich Hubertos sagen, doch seit der Geschichte mit Pestozito verschreckte mich diese Aussage nicht \u0001 \u0002 musterte Hubertos ein wenig, weil ich aus den j\u00fcngsten Ereignissen nicht schlau wurde. Immerhin hatten wir als letztes gegen diesen Schwertmeister gek\u00e4mpft. Ich weigerte mich zu hinterfragen, was passierte. Dann sah ich seinen rechten Arm. Er war schwarz.\u201e\u00c4hm, Hubertos? Was ist mit deinem Arm passiert?\u201c, im selben Moment, als ich es aussprach, bereute ich es, \u00fcberhaupt gefragt zu haben. Ich wollte ihm nicht zu nahe treten. Demjenigen, der f\u00fcr mich \u0001 \u0002 neigte den Kopf und biss sich in die Lippe, dass sie blutete.\u201eHubertos?\u201c, fragte ich erneut. Am liebsten w\u00e4r ich still geblieben, aber diese Neugierde fra\u00df mich innerlich auf. In dem Moment kam der Butler herein.\u201eAlles in Ordnung, Meister?\u201cSein Bluten wurde st\u00e4rker. Er zitterte f\u00f6rmlich am Kopf; ich machte mir Sorgen und Vorw\u00fcrfe. Ich rappelte mich auf, der Butler rannte zu Hubertos und war kreidebleich im Gesicht. An Hubertos\u2018 Stirn tat sich eine Falte \u0001 \u0002 bekam Angst.\u201eMeister! Ihr habt Euer bestes getan gegen Adema! Macht Euch bitte keine Vorw\u00fcrfe, immerhin leben wir noch!\u201cVon Hubertos ging just eine m\u00e4chtige Aura aus, die uns zur\u00fcckstie\u00df.\u201eDieser j\u00e4mmerliche Bastard hat meinen rechten Arm abgeschnitten!!! Ich werde ihn augenblicklich aufsuchen und ihn vernichten, bevor er weiteren Schaden anrichtet\u2026\u201c\u201eIn diesem Zustand ist es eine zu gro\u00dfe Gefahr f\u00fcr Euch, Meister!! Hier kann er Euch ohnehin nicht finden!\u201cIch wusste nicht, was ich sagen sollte. Wieder war ich in diesem Zustand der Starre. Hubertos\u2018 Blick war be\u00e4ngstigend und stach f\u00f6rmlich in meine Seele.\u201eMeister\u2026\u201c, sprach der Butler, \u201eIch habe Tee gekocht f\u00fcr Euch\u2026 wollt Ihr etwa, dass er kalt wird?\u201c, sagte er und seine Aura ging augenblicklich zur\u00fcck. Ebenso diese d\u00e4monische Stimmte, mit der er gerade sprach. \u201eIch danke Euch\u2026 Fahrt mit der Ausbildung von Tsuyoshi fort. Ich werde mir dieses Spektakel mit Eurem Tee vers\u00fc\u00dfen\u2026\u201c, sprach Hubertos mit verschatteten Augen und geschw\u00e4chter K\u00f6rperhaltung. Dann verlie\u00df er den Raum.\u201eDer arme Hubertos\u2026 k\u00f6nnt Ihr mir sagen, was passiert ist, Butler?\u201c, fragte ich, als er mir einen bestialischen Blick zuwarf. \u201eNur, wenn Ihr mich in einem Kampf besiegen k\u00f6nnt\u2026\u201cMeinen Schrei konnte man schon von Weitem h\u00f6ren. Der Butler verlie\u00df schon den Raum, als er wieder zur\u00fcck kam und mit etwas nach mir warf mit den Worten: \u201eDas h\u00e4tte ich beinah vergessen!\u201cBevor ich realisierte, was geschah, hatte ich es schon mit der linken Hand aufgefangen. Es war mein Holzschwert!\u201eDas werdet Ihr brauchen, Meister Rangenhardt hat es angeordnet. Bevor wir von Raizan-City abgereist sind, hat es mir Eure Freundin noch \u00fcberreicht.\u201c\u201eDen ollen Zahnstocher? Ich will mein Schwert wieder haben, so sieht\u2018s aus!\u201cSeine b\u00f6sen, blinkenden Augen au\u00dferhalb des Raumes sprachen B\u00e4nde.",
            "wordcount": "2.226",
            "chapter_release": "21.12.2015",
            "chapter_number": "4"
        },
        "5": {
            "text": "Angezogen und mit dem Holzschwert in der Hand \u00f6ffnete sich mir das Haupttor am Eingang. Nachdem, was ich vom Fenster aus gesehen hatte, erwartete ich wieder diese saftigen Blumenwiesen, aber es entpuppte sich\u2026Als tote Ein\u00f6de in der Wildnis\u2026 Ich wurde zum kleinen \u00dcbungsplatz au\u00dferhalb des Schlosses gebracht, welches ummauert war und inmitten standen ein paar Attrappen, auf denen man wohl seine Schwertk\u00fcnste \u00fcben konnte. Ich h\u00f6rte noch ein \u201eHey!\u201c, und sah nach oben. Da schaute Hubertos von einem Schlossfenster auf uns herab und trank gen\u00fcsslich seinen Tee. Zum Gl\u00fcck machte er wieder einen so gl\u00fccklichen Eindruck, wie sonst auch.\u201eHeute werden wir Eure Schwertkunst ein wenig verbessern. Wenig sp\u00e4ter erhaltet Ihr von mir noch einen Schild, um Euch zu sch\u00fctzen. Das wird Euch sp\u00e4ter im Kampf eine gro\u00dfe Hilfe sein, glaubt mir.\u201c\u201eGinge es nicht besser, wenn ihr mir mein eigenes Schwert zur\u00fcck gebt?\u201c, da raste pl\u00f6tzlich der Butler herbei und verpasste mir einen Schlag auf den Hinterkopf, der ordentlich schmerzte und eine Beule verursachte.\u201eWie oft denn noch?! Ihr werdet Euer Schwert nicht so schnell erhalten!\u201c\u201eIch hab\u2019s ja schon verstanden! Aber wann kriege ich es wieder!\u201cHubertos sprach von da oben: \u201eWenn ich es erlaube. Und nun fangt an. Mein Butler wird dir ein paar Techniken beibringen. Alles klar, Tsuyoshi?\u201cDoch ich h\u00f6rte nicht auf \u0001 \u0002 wurde alles stumm um mich herum, mein Blick tr\u00fcb. Ich hatte mich wieder nicht mehr unter \u0001 \u0002 w\u00fcrde mich jemand \u0001 \u0002 lie\u00df die Schultern h\u00e4ngen, den Kopf seitlich. Sabbernd stand ich nun \u0001 \u0002 Butler stand nur fragw\u00fcrdig da. \u201eDas wird ein Spa\u00df.\u201c, fl\u00fcsterte Hubertos zu sich selbst und nahm einen \u0001 \u0002 umkreiste den Butler mit schleppenden \u0001 \u0002 wollte er nichts sagen oder mich fragen, was ich vor \u0001 \u0002 h\u00e4tte er damit gerechnet, dass ich so handeln w\u00fcrde. Ich k\u00e4mpfte nicht dagegen an und lie\u00df mich einfach leiten. Meine Schritte wurden schneller. Und noch schneller. Staub wirbelte sich auf. Mein Tempo wurde immer rasanter. Der Butler schien aber mit den Augen hinterher zu \u0001 \u0002 der Angriff von \u0001 \u0002 blockte mit seinem Gehstock m\u00fchelos meinen Schwertangriff ab. Das Holzschwert hielt mehr aus, als ich vermutet hatte. Wieder versteckte ich mich im Schutze meines Tempos. \u201eIhr scheint bereits eine Ausbildung erhalten zu haben, Tsuyoshi! Ihr habt in Eurer Vergangenheit garantiert einige K\u00e4mpfe bestritten. Schade, dass Ihr Euch noch immer nicht daran erinnern k\u00f6nnt.\u201cIch versuchte seine augenscheinliche Unachtsamkeit auszunutzen. Aber anstatt ab zu blocken, wich er einfach aus und lie\u00df sich weiter von mir zu umkreisen. Ich warf pl\u00f6tzlich mit dem Schwert nach ihm und konnte Ihm einige Haare vom Kopf ausrei\u00dfen. Da ich so schnell war, konnte ich das Schwert in seiner Flugbahn wieder auffangen. \u201eSelbst in dieser Gestalt besitzt er schon erstaunliche F\u00e4higkeiten. Deine Person wird immer interessanter, Tsuyoshi Yamada\u2026\u201c\u201eBeeindruckend! Aber wie lange k\u00f6nnt Ihr diese Geschwindigkeit beibehalten?\u201c, fragte er und schon wenig sp\u00e4ter wurde ich tats\u00e4chlich \u0001 \u0002 war au\u00dfer Atem. Schon erstaunlich, dass ich so schnell sein konnte und nicht einmal selbst davon eine Ahnung hatte\u2026 Obwohl ich wusste, dass es weh tat, versuchte ich mich daran zu erinnern, was vor meiner Amnesie passierte\u2026Ich kr\u00fcmmte mich vor Schmerzen und ging zu Boden, worauf sich der Butler um mich sorgte und blitzschnell neben mir erschien.\u201eWas habt Ihr?\u201c, fragte er beinahe schon unterw\u00fcrfig. \u201eAch der arme\u2026 Muss nicht leicht sein, sich an nichts zu erinnern\u2026\u201c\u201eEs\u2026 geht einfach nicht\u2026 egal wie oft ich es versuche\u2026 ich schaffe es nicht\u2026\u201c, st\u00f6hnte ich und hielt mit beiden Armen meinen Kopf. Der Butler wusste nicht, ob er das Training unterbrechen oder weitermachen sollte. Er sah zu Hubertos \u0001 \u0002 gab ihm das Zeichen weiter zu machen.\u201eAtmet tief ein und aus. Versucht an nichts zu denken. Lediglich an das hier und jetzt. Niemand wird Euch Leid zuf\u00fcgen. Niemand Euch schaden. Ihr seid hier.\u201cNach seinen Worten ging es mir tats\u00e4chlich besser. Die Kopfschmerzen lie\u00dfen nach und ich konnte mein Schwert wieder fester umfassen und die Augen wieder \u00f6ffnen. Der Butler war ein freundlicherer Mensch, als ich dachte. \u201eWir k\u00f6nnen weitermachen. Es geht mir besser, danke.\u201c, bedankte ich mich und er verbeugte sich vor mir, was mir sichtlich peinlich war. Das h\u00e4tte er wahrlich nicht tun brauchen, worauf ich mir den Hinterkopf kratzte und verschmitzt lachte. In den darauf folgenden Stunden zeigte er mir einige Techniken und Schwerthiebe, die wenig Kraft erforderten, aber eine hohe Wirksamkeit \u0001 \u0002 gab es anstrengende Techniken, aber die lehrte er mir nur beil\u00e4ufig. Er meinte nur, dass meine Attacken ohnehin mehr Schaden verursachen, wenn ich mehr Kraft in den Armen hatte. Dann, als ich v\u00f6llig ausgepowert war: \u201eDas reicht f\u00fcr heute! Kommt in den Speisesaal, es gibt zu essen!\u201c, rief Hubertos von oben und lie\u00df versehentlich eine von 20 Tassen fallen, welche der Butler gerade noch auffing. \u201eIhr solltet besser aufpassen, Meister! Hat der Tee gemundet?\u201c\u201eEr war wie immer vorz\u00fcglich. Und jetzt kommt, ich habe gekocht!\u201c, sprach Hubertos und verschwand aus unserem Blickfeld. Der Butler sah mich mit einem verst\u00f6rten Blick an, so als w\u00fcrde er etwas erwarten\u2026 Etwas\u2026 Grauenhaftes\u2026\u201eDa ihr beiden so tapfer wart, habe ich mir die Zeit genommen und in der K\u00fcche ein paar Zutaten genommen und f\u00fcr uns gekocht! Lasst es euch schmecken!\u201cDie Teller str\u00f6mten einen gr\u00fcnen Rauch aus, der einige Totenk\u00f6pfe in der Luft bildete. Der Gestank allein war \u0001 \u0002 der erste Bissen\u2026 ich dachte, mir w\u00fcrde mein Inneres mit hoch kommen, aber ich konnte es relativ gut verbergen.\u201eEs schmeckt\u2026 au\u00dfergew\u00f6hnlich\u2026\u201c, schluckte \u0001 \u0002 Butler hatte ebenfalls ein gr\u00fcnes Gesicht: \u201eDas N\u00e4chste Mal lasst mich besser kochen, Meister\u2026\u201cDoch unserem Koch selbst schien es gen\u00fcsslich zu schmecken.\u201eIch bin selbst \u00fcberw\u00e4ltigt von meinen Kochk\u00fcnsten! Scheint, als k\u00f6nnte ich dir sogar noch etwas beibringen, mein lieber Butler!\u201cWir sahen uns an und wussten beide, dass dies nicht m\u00f6glich sein konnte. Als wir aufgegessen hatten, zog ich mich in mein Zimmer zur\u00fcck. Hubertos hatte das Meiste gegessen und sa\u00df mit einem dicken Wanst noch im Speisesaal, zusammen mit dem Butler.\u201eEs war vorz\u00fcglich Meister, ich danke Euch untert\u00e4nigst.\u201c\u201eWar das lecker! Verflucht noch eins, ich k\u00f6nnte B\u00e4ume ausrei\u00dfen!\u201cDas Mondlicht schien durch das Fenster \u0001 \u0002 mir noch ein wenig schlecht war, hielt ich ein wenig meinen Bauch und versuchte ihn zu beruhigen. Aber alles in allem war es ein wundervoller Tag.\u201eIch konnte mit dem Butler trainieren und vielleicht verstehen wir uns jetzt auch besser. Nicht so wie fr\u00fcher, als ich bei den beiden aufgetaucht war. Das war schon eine komische Gesichte\u2026 Vater\u2026 ob du wohl stolz auf mich w\u00e4rst?Ich habe eine Stadt von einem D\u00e4monen gerettet und die Menschen\u2026 waren alle so freundlich zu mir\u2026 Mutter, wie w\u00fcrdest du mich ansehen, wenn ich dir das sagen w\u00fcrde? Und was\u2026 sind das f\u00fcr Tr\u00e4nen\u2026 warum weine ich jetzt? Ich\u2026 vermisse euch so sehr\u2026\u201c\u201ePass gut auf Tsuyoshi auf\u2026\u201c, sagte der gro\u00dfe, stattliche Mann und konnte seinen Blick nicht von der Ferne wenden, die ihn au\u00dferhalb des Hauses erwartete. \u201ePapa!\u201c, rief ich und lief auf den gro\u00dfen Mann zu. \u201eTsuyoshi? Warum bist du denn noch wach?\u201c, fragte mein Vater, als er mich zu sich hoch hob und stolz lachte.\u201ePapa wo hin gehen?\u201c, fragte ich und tapste sanft und Papas \u0001 \u0002 Mutter hielt sich die Stirn und schluchzte.\u201eDein Papa muss etwas erledigen. Ihr beiden wartet hier besser. Mein Junge ich\u2026 ich h\u00e4tte dir noch so viel beibringen wollen\u2026 dir die Welt zeigen wollen\u2026 sei sp\u00e4ter\u2026 nicht zu grausam zu dieser Welt, h\u00f6rst du?\u201c\u201ePapa?\u201cMeine Mutter nahm mich und dr\u00fcckte mich gegen sich. Ich streckte die Hand zu ihm aus. Ich rief nach ihm. Ich wollte nicht, dass er uns verlie\u00df. \u201ePapa\u2026\u201c, wachte ich unter Tr\u00e4nen auf. Es war noch Nacht. Die Sterne schimmerten hell. Da sich meine Augen an die Dunkelheit gew\u00f6hnt hatten, konnte ich sie noch besser erkennen. Ich wusste nicht, wie lang ich am Bett sa\u00df und zu den Sternen blickte. Erhoffte ich mir Antworten auf meine Fragen? Mich an alles zu erinnern, was passierte?Als ich pl\u00f6tzlich\u2026Jemanden an meinem Bett sitzen sah. Er sah so aus wie\u2026\u201eVater?\u201cEr antwortete nicht. Er sah mich einfach nur an. Ich bekam eine G\u00e4nsehaut am ganzen K\u00f6rper. War er das wirklich? Bildete ich mir das ein? Ich vertraute darauf, dass er mich h\u00f6ren konnte, obwohl ich wusste\u2026 nein, obwohl ich annahm, dass er nicht mehr auf dieser Welt weilte\u2026\u201eVater\u2026 ich habe mich gerade daran erinnert, als du uns verlassen hast, wei\u00dft du noch? Mama hat mich zur\u00fcckgehalten. Und sie hat geweint. Wegen \u0001 \u0002 verstehe nicht\u2026 was das zu bedeuten hat. Und was ihr zwei damals gesprochen habt, ergibt f\u00fcr mich auch keinen Sinn. Was hat es mit den Legendenschwertern auf sich? Und ist das Schwert, welches du mir hinterlassen hast auch eines von denen?\u201cIch hatte insgeheim nicht einmal mit einer Antwort gerechnet. Er starrte nur ins Freie hinaus und sa\u00df nur da. Ich verstand noch nicht einmal, warum ich ihn \u00fcberhaupt sehen konnte oder warum er \u00fcberhaupt hier war? \u201eMein Junge\u2026 eines Tages wirst du Antworten auf alle deine Fragen bekommen.\u201c, h\u00f6rte ich ihn sprechen, als er sich wieder in Luft aufl\u00f6ste und aus dem Raum flog. Ich quetschte mein Gesicht gegen die Gitterst\u00e4be und griff mit der Hand nach drau\u00dfen. Vielleicht konnte ich ihn zur\u00fcckzerren. Ihn fragen, was es mit allem auf sich \u0001 \u0002 n\u00e4chsten Tag wurde ich vom Butler unsanft aufgeweckt. Die Sonne war noch heller als sonst. Und irgendwie\u2026Kam mir der Butler so merkw\u00fcrdig jung vor\u2026\u201eLos, steht auf! Meister Rangenhardt erwartet Euch bereits unten!\u201c\u201eWo ist denn Ihr Bart hin, Herr Butler? Steht Ihnen gut!\u201c, meinte ich und fing mir gleich einen schiefen Blick von ihm ein:\u201eBart?! Wovon sprecht Ihr, ich lasse mir nie einen Bart wachsen! H\u00f6rt auf mit diesen Dummheiten und zieht Euch an!\u201c, gesagt getan. Die W\u00e4nde des Schlosses sahen so poliert aus und gl\u00e4nzten schon \u0001 \u0002 Boden war so geputzt, fast wie geleckt. Keine Ratten und kein Staub in Sicht. \u201eMorgen, Tsuyoshi! Na endlich hat dich mein Butler aufbekommen!\u201c, auch Hubertos sah sichtlich j\u00fcnger aus und hatte viel k\u00fcrzere Haare als sonst. \u201eGuten Morgen, Hubertos. Habt Ihr euch die Haare geschnitten \u00fcber Nacht?\u201cEr sah mich nur fragw\u00fcrdig an und verstand den Inhalt meiner Frage nicht.\u201eIch sehe so aus wie immer? Warum fragst du so etwas? Ach und bevor du dich fragst wo meine Eltern sind, die mussten mal wieder in die Stadt, kennst du ja.\u201c, sagte er und blies seine Backen entt\u00e4uscht auf. Jetzt verstand ich gar nichts mehr.\u201eAber sind Eure Eltern nicht\u2026\u201c, stockte ich, als Hubertos pl\u00f6tzlich hinter mir stand und mich an schubste, dass ich schneller machte. \u201eWas haben wir jetzt \u00fcberhaupt vor? Warum stresst Ihr mich so?\u201c, fragte ich ihn. \u201eWarum so f\u00f6rmlich auf einmal? Willst du mich aufziehen? Ach komm schon Alter, so einen Scherz kannst auch nur du dir einfallen lassen. Sind wir denn keine besten Freunde mehr?\u201cIch sah ihn nur noch entgeistert an und blieb wie versteinert stehen. \u201eWas ist?\u201c, fragte er und hatte ein breites Grinsen im Gesicht. Noch fr\u00f6hlicher, als ich es in Erinnerung hatte. Der Butler machte das Schlosstor auf, verbeugte sich mit geschlossenen Augen und Hubertos zerrte mich unentwegt nach drau\u00dfen. Da war es \u0001 \u0002 wundersch\u00f6ne Gegend. Blumen, so weit das Auge blicken \u0001 \u0002 dieser toten Ein\u00f6de war nichts mehr \u00fcbrig. Sch\u00f6n langsam fragte ich mich\u2026 War ich etwa durch die Zeit gereist?\u201eMeister, die Kutsche. Wir sind bereit, um in die Stadt auf zu brechen.\u201c, war der Butler schon bereit und voller Tatendrang. Ich verstand \u00fcberhaupt nichts mehr.\u201eWo\u2026 fahren wir hin?\u201c, fragte ich.\u201eIn die Hauptstadt, Belaskia-City! Mein Vater hat eine \u00dcberraschung f\u00fcr uns angek\u00fcndigt, bist du baff? Ich bin schon so gespannt, was es sein wird! Leider hat er noch nichts gesagt! Achja und Br\u00fcderchen\u2026 also Aotar\u2026 ist schon ohne uns vorgefahren. So ein Egoist! Das treibe ich ihm noch aus, darauf kannst du Gift nehmen!\u201c, br\u00fcstete er sich. Ich sa\u00df wortlos neben ihm und lie\u00df es einfach \u00fcber mich ergehen. Ich sah meine H\u00e4nde an und bemerkte lauter Absch\u00fcrfungen und Wunden. Woher hatte ich diese? Und\u2026 was um alles in der Welt geht hier vor sich?!Belaskia-City, die Stadt, der ewigen Sch\u00f6nheit. Die Leute sahen alle so fr\u00f6hlich aus. Das kannte ich auch noch nicht\u2026Mit einem Affenzahn fuhren wir durch die Stadt, dass die Leute ausweichen mussten und sich sogar dar\u00fcber beschwerten. Gut, wer w\u00fcrde das nicht tun? Diese scheinbar k\u00fcnstliche Fr\u00f6hlichkeit gab es also nicht. Die Leute hatten also einen ehrlichen Grund zur Freude, den ich aber noch nicht \u0001 \u0002 blieben wir stehen und Hubertos zerrte mich an der Hand aus der Kutsche und lief ihm nach. Wir zw\u00e4ngten uns durch Menschenmassen, was nicht immer schmerzfrei verlief\u2026 Dann standen wir schlie\u00dflich ganz vorne. Riesige Bauten offenbarten sich meinen Augen. Ein kreisf\u00f6rmiger Hof, wo in der Mitte eine Art Podest stand. Ich hatte noch nie so etwas Riesiges gesehen.\u201eAotar! Verdammt, wo hast du gesteckt?!\u201c\u201eDas k\u00f6nnte ich dich fragen, verdammt. Immerhin seid ihr doch noch rechtzeitig gekommen. Vater wird gleich mit seiner Rede beginnen.\u201cEndlich lernte ich seinen Bruder kennen. Sie \u00e4hnelten sich wirklich sehr. Ein Wunder, dass Hubertos unter all den Menschen seinen Bruder finden \u0001 \u0002 auf einmal ein lauter Ton, eine Art Mikrofon-St\u00f6rung.\u201eLiebe Mitb\u00fcrgerinnen und Mitb\u00fcrger von Belaskia-City.\u201c, sagte der Mann mit dem Magiergewand und einem langen Holzstab auf dem Podest.\u201eDa! Papa f\u00e4ngt mit seiner Rede an!\u201c, schrie Hubertos ganz aufgeregt. Aotar sch\u00e4mte sich sichtlich f\u00fcr ihn. Er schien ein interessanter Junge zu sein. \u201eSeit Anbeginn der Zeit\u2026 haben wir Menschen in Frieden gelebt. Die kleinen Auseinandersetzungen haben wir mit Gesetzen und St\u00e4rke Gott sei Dank gut \u00fcberstanden und unter uns ausgemacht. Doch gestern gab es einen Anschlag in Raizan-City durch einen D\u00e4mon, der aus Zargaroth gekommen ist. 421 Menschen wurden durch seine Krallen get\u00f6tet und uns blieb keine andere Wahl als ihn zu stoppen! Nun planen die obersten Gener\u00e4le auf dem D\u00e4monenkontinent Zargaroth Rache an uns zu \u00fcben!\u201cDie Menschen gerieten in Panik und schrien wild umher. Laut wird getratscht und geflucht. Ihre Schreie waren schmerzhaft\u2026\u201eDoch seid versichert, dass es keine weiteren Opfer mehr geben wird! Unser aller K\u00f6nig Aurasio von Belaskia ist vor vielen Jahren zum Gl\u00fcck heil aus Zargaroth zur\u00fcck gekehrt und wird nun meine kleine Rede fortsetzen. Ich danke Euch f\u00fcr Eure Aufmerksamkeit.\u201c",
            "wordcount": "2.393",
            "chapter_release": "21.12.2015",
            "chapter_number": "5"
        }
    },
    "title": "Seelenlicht",
    "topic": "unspecified",
    "release": "\n21.12.2015\n\t\t\t\t\t\t",
    "author": "Azorion"
}