{
    "tags": [],
    "chapcount": "5",
    "wordcount": "10.473",
    "chapters": {
        "1": {
            "text": "Mit einem blutrotem Sonnenuntergang endete der Tag und die letzten Strahlen der Sonne gaben die Umrisse einer menschenleeren und bis zur Unkenntlichkeit zerst\u00f6rten Stadt preis. Auf einem der wenigen unversehrten Geb\u00e4ude war eine sitzende Gestalt zu erkennen. Es war ein junger Mann, dessen zerfetzte Kleidung an seinem nicht weniger in Mitleidenschaft gezogenem K\u00f6rper herunter hing. Er war stark verwundet, doch in seinen Gesichtsz\u00fcgen war kein Anzeichen von Schmerz zu erkennen. Stattdessen bargen seine Mundwinkel ein sichtlich erleichtertes L\u00e4cheln. Nicht nur sein hochstehendes und kurzes, schneewei\u00dfes Haar, welches in der Abendr\u00f6te gl\u00e4nzte, war von \u00fcberaus merkw\u00fcrdiger Natur. Denn seine Wunden, waren sie noch so schwer, heilten ohne irgendwelches Zutun. Seine Gedanken hallten in den K\u00f6pfen aller Menschen und jeder konnte seine durchdringliche Stimme h\u00f6ren, obwohl er nicht ein einziges Wort sprach.>>In letzter Zeit ereilten uns viele Probleme und die meisten von euch wissen nicht einmal um die Gefahr in der wir uns alle befinden. An dem Leid, welches \u00fcber uns kam, bin ich selbst nicht ganz unschuldig und auch wenn es f\u00fcr euch eigenartig klingen mag m\u00f6chte ich euch meine Geschichte erz\u00e4hlen. Vermutlich k\u00f6nnte dies meine letzte Chance dazu sein...<<",
            "wordcount": "195",
            "chapter_release": "13.04.2016",
            "chapter_number": "1"
        },
        "2": {
            "text": "Durch das Fenster hindurch erhellte die Morgensonne das Zimmer eines ganz gew\u00f6hnlichen Teenagers. Poster und zahlreiche gezeichnete Bilder schm\u00fcckten die W\u00e4nde und es herrschte eine gewisse 'kreative Unordnung'. Der Junge, dem dieses Zimmer geh\u00f6rte, war wie viele in seinem Alter ein ziemlicher Au\u00dfenseiter. Viele Freunde und gro\u00dfe Beliebtheit z\u00e4hlten also zu den Luxusg\u00fctern, welche er nicht sein Eigen nennen konnte. Und auch wenn er sich vermutlich oft genug w\u00fcnschte, sein Zimmer nie mehr verlassen zu m\u00fcssen, weckte ihn seine Mutter trotz allem wie jeden Morgen. >>Zeit zum aufstehen Jason!<< Er seufzte in sein Kissen und war wohl nicht besonders begeistert von dem Gedanken zur Schule zu gehen, da er dort nicht selten schikaniert wurde. F\u00fcr ihn war es immer wieder ein Graus und mit Sicherheit w\u00fcrde er diese 'Fakult\u00e4t der seelischen Leiden' nie wieder von innen sehen wollen, wenn es nicht eine ganz spezielle Person geben w\u00fcrde. Nat\u00fcrlich handelte es sich bei besagter Person nicht etwa um seinen besten und auch einzigen Freund Shori Aki, sondern um seinen heimlichen Schwarm Sarah Layfield, welche nun auch die selbe Klasse an der Universit\u00e4t besuchte wie er. Jason stand z\u00f6gerlich auf und w\u00e4rend er sich mit der Hand verschlafen durch die vom Kopfkissen zerzausten, pechschwarzen Haare fuhr ging er schon fast schleichend langsam richtung Badezimmer. >>Shit verschlossen.<< Entt\u00e4uscht musste er feststellen, dass ihm seine gro\u00dfe Schwester Lana wiedereinmal zuvorgekommen war. >>Da musst du schon fr\u00fcher aufstehen haha.<< Lana trieb wegen seines ruhigen Charakters gern solche Sp\u00e4\u00dfe mit ihm und Jason wiederum hielt sich meist vornehm zur\u00fcck, da sie manchmal gewisse 'Mittel' gegen ihn hatte. Dabei handelte es sich gr\u00f6\u00dftenteils um Geheimnisse, welche nicht ans Tageslicht kommen sollten. Zum Beispiel, wer letztes Jahr wirklich die Hecke abfackelte. Aber auch seine geheime Liebe zu Sarah Layfield war ein Kapitel in seinem Leben, welches er lieber der \u00d6ffentlichkeit vorenthalten w\u00fcrde, da er sie schon seit Jahren anhimmelte. Nachdem er gefr\u00fchst\u00fcckt hatte und auch endlich das Bad betreten konnte wurde er von seinem besten Freund Shori abgeholt, welcher aufgrund seiner japanischen Wurzeln meist einfach nur 'Sho' genannt wurde. Die Beiden waren schon lange befreundet, was sich wohl dadurch erkl\u00e4rte, dass beide nicht besonders 'cool' oder 'angesagt' waren. Jeder der beiden zog die Antipathie der \u00fcbrigen Sch\u00fcler aus anderen Gr\u00fcnden auf sich. W\u00e4rend der siebzehnj\u00e4hrige, schm\u00e4chtige Jason aufgrund seiner ruhigen und freundlichen Art oft f\u00fcr einen Waschlappen und Loser gehalten wurde erntete der ein Jahr j\u00fcngere Shori eindeutig die Missgunst anderer, weil er ein \u00fcberdurchschnittlich guter Sch\u00fcler war. Zwar war er sehr gesellig und ein Witzbold obendrein, aber da er sogar ein Schuljahr \u00fcberspringen durfte und den anderen permanent als Mustersch\u00fcler vorgehalten wurde, hatte man ihn schnell zum Streber abgestempelt und somit zur Zielscheibe gemacht. Beide hatten also in den Pausen und Freistunden nicht wirklich viel zu lachen. Als sie sich auf den Schulweg machten fiel Jason wie so oft nur ein Gespr\u00e4chsthema ein. >>Hey Sho' du bist doch Asiate. Wie macht man das denn so dort? Du weist schon. Wie hat man bei euch einem M\u00e4dchen klar gemacht, dass man es mag?\" Der Lohn f\u00fcr diese Frage war einer von den vielen skeptischen Blicken, welche Jason im Laufe ihrer Freundschaft schon von Shori zu sehen bekam und eine Antwort, welche ihn nicht zufrieden stellte. >>Keine Ahnung. Woher soll ich'n das wissen? Bin doch hier geboren. Mit alten Sitten und Br\u00e4uchen hab ich eh nix am Hut. Und davon Sarah anzubaggern w\u00fcrd' ich dir sowieso abraten, solange dieser Kotzbrocken Bradley was von der will. Damit handelste dir doch nur 'n Satz hei\u00dfe Ohren ein.\" Damit hatte der kleine, manchmal etwas freche Japaner wohl oder \u00fcbel Recht. Bradley Nash war zwar nicht der typische Schl\u00e4ger, welcher durch seine gro\u00dfe und muskul\u00f6se Erscheinung Angst verbreitete. Dennoch war er ungemein fies und jeder hatte Angst davor sich mit ihm anzulegen. Obendrein kursierten einige Ger\u00fcchte \u00fcber ihn, welche keinem auch nur den geringsten Zweifel daran gaben, dass man sich ihm besser nicht in den Weg stellte. Er und Jason kannten sich schon eine ganze Weile und es war bestimmt nicht so, dass einer einen Narren an dem jeweils anderen gefressen h\u00e4tte. Schon seit ihrer ersten Begegnung war der ruhige und zur\u00fcckhaltende Jason sein Lieblingsopfer. Und dass beide auf das selbe M\u00e4dchen standen machte es nur noch heikler. Obwohl Sarah selbst Gewalt sehr verabscheute war Bradley jedes Mittel recht seine Konkurrenz auszuschalten und das h\u00fcbsche M\u00e4dchen mit den haselnussbraunen Augen f\u00fcr sich zu beanspruchen. >>Au\u00dferdem ist sie das beliebteste und h\u00fcbscheste M\u00e4dchen der ganzen Uni. Du hingegen bist nur der Loser vom Dienst verstehste? Selbst wenn sie sich auf dich einl\u00e4sst, w\u00e4r ihr Ruf dann bestimmt im Eimer und du w\u00fcrdest die ein oder andere Faust von du weist schon wem kosten...ist's das wert?<< Das waren, wie f\u00fcr Shori typisch, ziemlich gute Argumente. Doch gerade als Jason ihm wiedersprechen wollte gingen sie auf das Universit\u00e4tsgel\u00e4nde und er h\u00f6rte seine Lieblingsstimme. >>Na Jungs...wie gehts euch?<< Sie waren an Sarah vorbei gegangen, die mit einigen anderen M\u00e4dchen am Zaun stand. Der nun sehr geistesabwesende Jason konnte gar nicht anders, als sie anzuschmachten, doch wie so oft war es nur ein kurzer Plausch im Vor\u00fcbergehen. Manchmal fragte er sich in wie weit man sich Sarah n\u00e4hern d\u00fcrfte, ohne dass Bradley Verdacht sch\u00f6pfte. Wenn man in seiner Haut steckte war dies wohl nicht gerade weit, denn besagter Widerling hatte seine Hand von hinten auf Jasons Schulter gelegt. >>Komm' blo\u00df nicht auf falsche Gedanken Loser...<< Gut m\u00f6glich, dass Jason noch geistig abwesend war und daher nicht auf seine Worte acht gab, denn er drehte sich um und konterte unerwartet frech. >>F\u00fcr jemanden, der so derma\u00dfen verbl\u00f6det ist wie du ist es bestimmt schon schwierig auf \u00fcberhaupt einen Gedanken zu kommen.<< Es kam oft vor, dass Jason im Eifer des Gefechts eine gro\u00dfe Klappe hatte, doch dieses Mal war es besonders gef\u00e4hrlich, da er Sarah mit dieser Aussage zum Lachen brachte und dies Bradley ganz und gar nicht schmeckte. >>H\u00f6r' gut zu Freundchen...wenn du deinen achtzehnten Geburtstag noch erleben m\u00f6chtest, solltest du dich lieber von meinem M\u00e4dchen fernhalten!<< Zwar war er noch lange nicht fertig mit Jason und wollte diesen gerade am Kragen packen, doch Sarah schreitete ein. >>Seit wann bin ich bitte DEIN M\u00e4dchen h\u00e4?<< Sie packte sich Jason und Shori und zog beide mit sich ins Schulgeb\u00e4ude. Im Klassenzimmer angekommen entschuldigte sich Sarah sofort f\u00fcr das geschehende. >>Tut mir Leid, dass er dich immer so runtermacht...<< Dieser Satz verunsicherte Jason ein wenig. >>Warum entschuldigst du dich f\u00fcr ihn?<< Er hatte wohl Angst sie w\u00fcrde Bradley nun in Schutz nehmen, was wohl bedeutet h\u00e4tte, dass zwischen ihnen etwas lief. Gl\u00fccklicherweise waren diese Sorgen unberechtigt, wie sich sofort herausstellte. >>Er \u00e4rgert dich doch nur, weil er glaubt, dass du in mich verliebt bist. Dieser Spinner stellt ziemliche Anspr\u00fcche oder? Selbst wenn wir mehr als nur Freunde w\u00e4ren w\u00fcrde ihn das doch nichts angehen. Aber, dass er tats\u00e4chlich denkt du liebst mich zeigt nur wie unglaublich bl\u00f6d er ist.<< Jason nickte nur zustimmend auch wenn er sich innerlich sehr dar\u00fcber freute, dass sie ihn als Freund betitelte. Tats\u00e4chlich hatten er und Sarah eine bedeutende, wenn auch kurze gemeinsame Vergangenheit. Als Sarah n\u00e4mlich neu in die Stadt zog kannte sie niemanden und war auch nicht sehr beliebt. Nur Jason war immer nett zu ihr gewesen und hatte ihr geholfen. Mit ihrer wachsenden Beliebtheit verlor sich der Kontakt im Nichts und Jason hatte schon fast die Tage vergessen an welchen er das nun angesehenste M\u00e4dchen der Uni aufmunterte. Wohl m\u00f6glich hatte er diese Erinnerungen schon 'zu den Akten gelegt', da er der Auffassung war sie selbst w\u00fcrde keinen Gedanken mehr an diese Zeit und ihn verschwenden. Der weitere Schultag verlief erstaunlich ruhig und Bradley machte wenig \u00c4rger. Zumindest dachte Jason das...bis er nach dem Unterrichtsschluss das Gel\u00e4nde verlie\u00df. Ihn erwartete nicht nur Bradley selbst, sondern auch dessen komplette Anh\u00e4ngerschaft. >>Du nimmst meine Warnungen scheinbar nicht besonders ernst. Das schreit doch geradezu nach einer Lektion meinst du nicht auch?<< Noch bevor Jason irgendetwas entgegen setzen konnte wurde er auch schon von zweien der Handlanger Bradleys festgehalten und bekam ein paar saftige Schl\u00e4ge in den Magen. >>Pass' auf was du machst kleiner...ich hab meine Augen und Ohren \u00fcberall.<< Jason sammelte sich und seine \u00dcberreste vom Boden auf und klopfte sich den Dreck von den Klamotten. Er machte sich sofort auf den Heimweg und da er nicht der Typ Junge war, der sich gern helfen lie\u00df, versuchte er daheim seiner Mutter aus dem Weg zu gehen um l\u00e4stige Fragen zu vermeiden. Einer Person konnte er allerdings nicht aus dem Weg gehen...seiner Schwester. >>Ich wusste es! Warum l\u00e4sst du sowas mit dir machen?!<< Lana hatte bereits in Jasons Zimmer gewartet, was vermuten lie\u00df, dass nicht nur Bradley seine Augen und Ohren \u00fcberall haben konnte. Dennoch wusste Jason sofort, dass eine solch l\u00e4ppische Frage kommen w\u00fcrde. Immerhin hatte sich Lana Zeit ihres Lebens nie mit solchen Problemen auseinandersetzen m\u00fcssen. >>Naja ich empfinde es ja nicht als so einfach sich zu wehren, wenn man von zwei Typen festgehalten wird und der dritte Sandsack mit dir spielt. Aber, dass du 'Miss Kung-Fu' bist konnte ich ja nicht wissen. Ich bitte vielmals um Entschuldigung.<< Jason war ein gro\u00dfer Fan von Sarkasmus und das merkte man oft an seiner ganzen Art. >>Glaubst du etwa es wird besser, wenn du dich st\u00e4ndig verm\u00f6beln l\u00e4sst? Solche Probleme h\u00e4ttest du nicht, wenn du selbstbewusster w\u00e4rst. Vielleicht w\u00fcrde dich dannauch dieses M\u00e4dchen beachten.<< Lana l\u00e4chelte und verlie\u00df das Zimmer. Aus Jasons Sicht machte sie oft den Fehler gravierende Sorgen und Probleme mit total banalen Dingen aufl\u00f6sen zu wollen. F\u00fcr ihn stand ganz klar fest...dieser Ratschlag h\u00e4tte nicht nur nicht geholfen, sondern h\u00e4tte alles nur noch sehr viel schlimmer gemacht. Jedoch musste er etwas unternehmen und dabei auch M\u00f6glichkeiten in betracht ziehen, welche ihm sehr d\u00e4mlich vorkamen. In der Nacht passierte allerdings etwas merkw\u00fcrdiges. Jason hatte einen unglaublich real wirkenden Traum, in welchem er verfolgt wurde und in ein gro\u00dfes Lagerhaus fl\u00fcchtete. \u00dcberall sah er kleine rote Lichter und eine Stimme ert\u00f6nte, welche ihn warnte. Was danach folgte, waren Schmerzen am Kopf und grelles Licht. Alles war so verwirrend und dennoch so erschreckend realistisch. Als er am n\u00e4chsten Morgen aufwachte hatte er ein ungutes Gef\u00fchl, doch von einem einfachen Alptraum wollte er sich nicht verunsichern lassen. An diesem Morgen wartete er nicht auf Shori, sondern ging, fest entschlossen das alles zu beenden, zur Uni und sprach Bradley sofort frontal an. >>Ich muss mit dir reden. Allein wenn's geht...<< Die Entschlossenheit, welche Jason an den Tag legte, beeindruckte Bradley ein wenig. >>Okay wie du willst. Was ist denn los Kleiner? Willst du um Gnade betteln?<< Dass er sofort versuchte sich wieder \u00fcber Jason lustig zu machen wunderte diesen keinesfalls. >>Mach' dich nicht l\u00e4cherlich. Ich will einen Waffenstillstand vorschlagen. Wir wissen beide, dass Sarah Gewalt hasst und wenn du einen guten Eindruck auf sie machen willst, solltest du deine F\u00e4uste k\u00fcnftig in den Taschen lassen.<< Entgegen aller Erwartungen willigte Bradley halbherzig ein. >>Na gut...ich lass' dich zufrieden. Aber glaub' jetzt blo\u00df nicht, dass du dir alles erlauben kannst. Solange sie nichts davon mitbekommt kann ich dich immer noch fertig machen wenn ich will...kapiert?<< Danach drehte er Jason den R\u00fccken zu und ging. Anfangs hatte Jason seine Bedenken ob es eine gute Idee w\u00e4re Bradley so zu sagen einen Tipp zu geben, wie er besser ankommt. Doch nun formte sich seine zerstreute Mine zu einem breiten Grinsen. >>Ich glaub's ja nicht...der hatt's tats\u00e4chlich geschluckt?<< Freudestrahlend ging der ins Klassenzimmer, doch schon am Ende dieses Schultages sollte sein Plan total zerst\u00f6rt werden...von Sarah.",
            "wordcount": "2.056",
            "chapter_release": "13.04.2016",
            "chapter_number": "2"
        },
        "3": {
            "text": "Als er das Schulgeb\u00e4ude verlie\u00df traf er auf Sarah, welche bereits auf ihn zu warten schien. >>Ich habe von deinem Gespr\u00e4ch mit Bradley geh\u00f6rt.<< Der etwas \u00fcberraschte Jason wusste nicht wirklich, was er dazu sagen sollte oder konnte. >>Im Prinzip wollte ich ja nur, dass er mich in Ruhe l\u00e4sst und eine Pr\u00fcgelei kommt f\u00fcr mich nicht in Frage. Schon gar nicht mit ihm.<< Sarah l\u00e4chelte ihn an, da ihr seine Denkweise offenbar gefiel. >>Jedenfalls wollte ich dir sagen, dass ich es total klasse finde, dass du das Problem auf diese Weise aus der Welt geschafft hast und nicht versucht hast Feuer mit Feuer zu bek\u00e4mpfen, wie man so sch\u00f6n sagt.<< Sie trat etwas n\u00e4her an ihn heran und gab ihm einen Kuss auf die Wange. Obwohl ein Kuss auf eine solche Stelle ja in der heutigen Zeit etwas ziemlich l\u00e4ppisches ist zitterte Jason am ganzen Leib und ihm wurde hei\u00df und kalt. Im Augenwinkel bemerkte er allerdings, dass Bradley sie beobachtete und sofort die F\u00e4uste ballte und verschwand. Zwar freute sich Jason \u00fcber den Kuss, doch Bradley sah wirklich w\u00fctend aus und das war mit Sicherheit kein gutes Vorzeichen f\u00fcr \u0001 \u0002 Tage darauf hatte Jason immer das Gef\u00fchl beobachtet zu werden. An einem Tag verlie\u00df ihn jedoch seine Aufmerksamkeit. Er war gerade mit Shori durch die Stra\u00dfen gezogen, als sie hinter sich etwas h\u00f6rten. >>Was war das?!<< Schon jetzt geriet Shori in Panik. >>Keinen Schimmer...es ist viel zu dunkel. Ich kann gar nichts erkennen.<< Kaum hatte sich Jason \u00fcber die schlechten Eigenschaften der Nacht beklagt tauchten aus einer dunklen Gasse ein paar Gestalten auf. Es war Bradley, gefolgt von seinen beiden Lakaien Greg und Steve, welche Bradley zwar geistig weit unterlegen waren, daf\u00fcr aber eine geh\u00f6rige Menge an Muskeln und Gewaltbereitschaft mitbrachten.>>Na wenn das mal keine \u00dcberraschung ist. Wie sch\u00f6n dich hier ganz allein mit deinem kleinen Freund in so einer entlegenen Gegend anzutreffen. Dummerweise kenne ich diesen Teil der Stadt nicht sehr gut. Ich kann dir aber gern den Weg zur n\u00e4chsten Notaufnahme zeigen, denn scheinbar sitzt du ja gewaltig auf deinen Ohren. Gl\u00fccklicherweise kenne ich eine spa\u00dfige Methode diesen kleinen H\u00f6rschaden deinerseits zu beheben.<< Sie meinten es wohl sehr ernst, denn in diesem Augenblick sahen die beiden Freunde die Baseballschl\u00e4ger, welche dieses 'dynamische Trio' mit sich f\u00fchrte. Nun war nicht der Zeitpunkt f\u00fcr lange Diskussionen. Jason rannte mit Shori im Schlepptau los. >>Shit! Ist der verr\u00fcckt geworden?! Was hast du gemacht, dass der uns zu Mu\u00df hauen will???<< Nat\u00fcrlich hatte Shori keine Ahnung was vorgefallen war und wunderte sich nun \u00fcber die derben Methoden Bradleys.>>Das ist 'ne lange Geschichte! Ich hab' jetzt nich' unbedingt genug Luft dir das zu erkl\u00e4ren!<< Wie so oft tat Shori nichts anderes als Jason einen seiner skeptischen Blicke zu zuwerfen, aber dies war im Moment ihr geringstes Problem. Nach etlichen Minuten der Flucht fanden sie sich inmitten zahlreicher Lagerh\u00e4user wieder und irgendwie kam Jason das alles so vertraut vor. >>Sind wir jetzt zum Hafen gerannt oder was?!<< Shori bemerkte, dass sie zumindest f\u00fcr eine Weile ihre Verfolger abh\u00e4ngen konnten und begutachtete erst jetzt die Umgebung. >>Wir sollten uns am besten irgendwo verstecken. Aber wo?<< Das war wohl das Beste, was man in dieser Lage tun konnte. Offenbar plante Jason sich zu verstecken, bis Bradley die Suche nach ihnen aufgeben w\u00fcrde. W\u00e4rend dessen sah sich Shori um und hielt wohl nach einem geeigneten Versteck ausschau. >>Am besten wir klettern dort rein...<< sagte Shori und deutete auf ein paar gestapelte Holzkisten, \u00fcber welche man zu den Fenstern eines der Lagerh\u00e4user gelangen konnte. Sie kletterten also hinauf und stellten erstaunt fest, dass das Fenster sogar offen war. >>Na wer sagt's denn? Gl\u00fcck muss man eben haben!<< Shori grinste breit, doch Jason wusste nicht ob man irgendetwas an ihrer derzeitigen Lage h\u00e4tte mit Gl\u00fcck betiteln k\u00f6nnen. >>Wow! Wo sind wir denn hier gelandet?! Guck dir mal die kranken Apparaturen an! Ich komm' mir vor wie in Star Trek!<< Shori neigte schon immer zu eigenartigen Ausschweifungen, doch dieses Mal musste man ihm Recht geben. \u00dcberall sah man seltsame Maschinen, Chemiekalientanks, Bildschirme und kleine rote Lichter. Etwas vergleichbares hatten sie noch nie zuvor gesehen und es erinnerte wirklich stark an einen dieser futuristischen Filme. Trotzdem hatte gerade Jason das eigenartige Gef\u00fchl schon einmal an diesem Ort gewesen zu sein.>>Da sind sie Leute! Schnappt sie euch!<< Das ge\u00f6ffnete Fenster blieb wohl nicht unbemerkt und so kam es, dass auch Bradley und seine beiden Muskelprotze den Weg in das Lagerhaus fanden. Er st\u00fcrmte auf Jason zu und dieser hatte gro\u00dfe M\u00fche damit seinen Schl\u00e4gen auszuweichen. Die komplette Situation kam Jason so erschreckend bekannt vor und als urpl\u00f6tzlich das Licht anging und er besser sehen konnte, wusste er auch warum. Es war alles haargenau so wie in seinem Traum. >>Was habt ihr hier zu suchen?! Diese Maschinen sind \u00e4u\u00dferst empfindlich! Nicht auszumalen, was passiert, wenn sie Schaden nehmen!<< Ein \u00e4lterer Mann hatte das Lager betreten und war entsetzt als er die, in seinen Augen wohl randalierenden, Jugendlichen sah. Das \u00e4nderte die komplette Sachlage nat\u00fcrlich total, doch am meisten wunderte sich Jason, der mit diesem Mann wieder etwas gefunden hatte, was auch in seinem Traum vorkam. Bradley hingegen schien das alles gar nicht zu interessieren, denn wieder holte er zum Schlag aus und traf Jason am Hinterkopf, der daraufhin mit dem Kopf gegen die Betriebs Amaturen eines der Tanks knallte und zu Boden ging. >>H\u00f6rt sofort auf! Ihr bringt uns alle in Gefahr!<< Jetzt wusste man erst recht, dass hier etwas nicht stimmen konnte. Nicht nur, dass dieser Mann nicht versuchte die Polizei zu alarmieren. Jetzt redete er sogar davon, dass es f\u00fcr alle Anwesenden gef\u00e4hrlich w\u00e4re. Einige Sekunden sp\u00e4ter wusste man auch warum, denn Jasons Aufprall auf der Amatur hatte einen Kurzschluss zur Folge und eine Computerstimme ert\u00f6nte. >>Achtung! Druckanstieg in Beh\u00e4lter NP-13!<< Bradley und seine beiden Handlanger rannten davon, doch f\u00fcr die \u00fcbrigen drei Personen sah es \u00fcbel aus. Vor allem f\u00fcr Jason, der noch immer genau vor dem Tank lag. Man h\u00f6rte schon das \u00e4chzende Ger\u00e4usch, der sich verformenden Au\u00dfenh\u00fclle des Tanks. >>Zu sp\u00e4t! Das Neutronenplasma im Tank kollabiert. In Deckung!<< Shori und der alte Mann suchten Schutz hinter einigen Kisten, doch Jason, der gerade wieder zu sich kam, stand auf und blickte in das Licht, welches aus den Rissen der Tankverkleidung hervortrat. >>Druckausgleich fehlgeschlagen.<< Das war das letzte, was man h\u00f6rte. Shori hielt sich Augen und Ohren zu, denn der Ger\u00e4uschpegel war unertr\u00e4glich und das Licht war so hell, als w\u00e4ren hunderte Blitze auf einmal eingeschlagen. Nur Jason stand inmitten des Lichtes und wurde mit voller Wucht von der darauf folgenden Explosion getroffen. An das darauf folgende konnte er sich nicht erinnern, denn als er die Augen \u00f6ffnete und zu sich kam lag er in seinem Zimmer auf dem Bett. Neben ihm sa\u00df Shori, welcher ihn mit weit aufgerissenen Augen unerm\u00fcdlich anstarrte.>>Was ist passiert? Man hab ich'n Sch\u00e4del!<<Jason f\u00fchlte sich als w\u00fcrde sein Kopf jede Sekunde explodieren. >>Man ich hatte echt Angst um dich. Ich dacht' schon du stirbst mir weg!<< Dem sonst so fr\u00f6hlichen und optimistischen Jungen standen wahrhaftig die Tr\u00e4nen in den Augen, doch Jason konnte die gro\u00dfe Aufregung um ihn gar nicht verstehen. >>Krieg dich mal wieder ein...mir dr\u00f6hnt doch nur der Sch\u00e4del wie sonstwas. Erz\u00e4hlst du mir nun was passiert ist, oder muss ich nochmal fragen?<< Der immer noch leicht angeschlagene Jason setzte sich auf und schaute sich um. >>Sag blo\u00df, dass du dich an nichts mehr erinnerst. So ein komischer Kessel hat genau vor deinen Augen den L\u00f6ffel abgegeben. Danach hab ich dich hergebracht.<< Die Sorgen Shoris lie\u00dfen Jason offenbar kalt, denn dieser schaute lediglich anteilnamslos auf die Uhr. >>Man war ich lange weg...es ist ja schon 18 Uhr! Was war denn heute in der Schule los? Und was ist mit Bradley?<< Wieder sah Shori ihn nur verwundert an. >>Wieso heute? Es ist Samstag. Du warst zwei Tage bewusstlos!<< Nun verstand Jason auch warum sich sein bester Freund so hysterisch verhielt. Dieser hingegen schien sich aber schon wieder etwas beruhigt zu haben und begutachtete sich nun in dem gro\u00dfen Spiegel, welcher die T\u00fcr des Kleiderschranks zierte. >>Und was hast du gesagt, was passiert ist? Du hast doch nicht etwa erz\u00e4hlt, was im Lagerhaus abging oder?<< Die Situation war scheinbar nicht so, wie Jason sie sich erhoffte, denn es war sicherlich nicht sehr leicht einer Mutter zu erkl\u00e4ren warum ihr Sohn zwei Tage bewusstlos war, ohne dabei die Wahrheit zu sagen oder unglaubw\u00fcrdig zu klingen. Doch f\u00fcr Shori war das scheinbar eine eher kleine H\u00fcrde. >>Ich sagte ihr, dass du zu viel getrunken hast und in deinem \u00dcbermut an einem Bauger\u00fcst hinaufklettern wolltest, dabei gest\u00fcrzt bist und dir ziemlich die R\u00fcbe angehauen hast...<< Sein Einfallsreichtum, was Notl\u00fcgen anbelangte war scheinbar nicht zu toppen. Manchmal glaubte Jason, es w\u00e4re jahrelange \u00dcbung n\u00f6tig um sich eine solche F\u00e4higkeit anzueignen. Gerade wollte Jason seinen Lebensretter fragen, wie oft er t\u00e4glich f\u00fcr seine musterhaften F\u00e4higkeiten trainierte, doch dieser stand immer noch vor dem Spiegel und be\u00e4ugte sich selbst. Eine solche Eitelkeit war Jason gar nicht von ihm gewohnt. >>Meinst du mir w\u00fcrde sowas auch stehen?<< Fragte er schlie\u00dflich, doch Jason wusste gar nicht worauf er damit hinaus wollte. >>Was zum Teufel meinst du?<< Ohne gro\u00dfe Worte nahm Shori ihn an den Schultern und zerrte ihn vor den Spiegel. Die Haare Jasons waren schneewei\u00df und das Blau seiner Augen war viel heller geworden und schimmerte richtig. es sah auch so aus, als w\u00e4re er in der Statur etwas sportlicher geworden. Allerdings konnte er sich nicht einmal daran erinnern, wann er das letzte Mal bereitwillig irgendeine Sportart betrieben hatte, geschweige denn ein richtiges Training. >>Und was hast du meiner Mutter dar\u00fcber erz\u00e4hlt?!<< Diese Situation wirkte auf Jason wie ein schlecht gemachter Kinofilm. >>Naja eigentlich habe ich ihr nur gesagt, dass du dir die Haare bleichen wolltest um mal was neues auszuprobieren. Deine Mum ist ganz sch\u00f6n leichtgl\u00e4ubig. nach den anderen Sachen hat sie ja nicht mal gefragt. Bestimmt dachte sie es w\u00e4re mal wieder so eine ber\u00fchmte pupert\u00e4re Phase oder sowas.<< Das Leben Jasons schien total auf den Kopf gestellt worden zu sein und er wollte schon fragen ob irgendwo eine versteckte Kamera war und er nur an der Nase herumgef\u00fchrt wurde. Doch das alles war viel zu verr\u00fcckt, als das sich jemand h\u00e4tte diese Geschichte ausdenken k\u00f6nnen. >>Was ist blo\u00df mit mir passiert?<< Er vergrub das Gesicht in den H\u00e4nden und schnaufte, w\u00e4rend Shori versuchte ihm die vergangenen Geschehnisse so gut es ging zu erkl\u00e4ren. Noch einmal wurde alles, was passiert war genauestens \u00fcberdacht. Die Explosion im Lagerhaus und auch was danach geschah. Zudem gab Shori seinem immer noch verst\u00f6rten Freund die Zeitung vom \u0001 \u0002 Lagerhaus aufgefundenNach einem anonymen Anruf wurde am Hafen von Calm ein verlassenes Lagerhaus durchsucht. Es wurden zahlreiche Maschinen und Chemikalien aufgefunden, welche der Forschungskonzern Icarus inc. schon vor einigen Monaten als verschwunden meldete. Von Augenzeugen, Verd\u00e4chtigen, oder gar T\u00e4tern fehlt jede \u0001 \u0002 Zeilen setzten dem ganzen Spektakel noch die Sahnehaube auf. >>Krank oder so biste jedenfalls nicht. Hab' sogar ein paar Ger\u00e4te aus dem Labor meines Onkels mitgehen lassen um dich zu untersuchen, aber du bist 'sauber'.<< Die famili\u00e4ren Kontakte Shoris sprachen f\u00fcr sich. Dennoch wollte Jason sich nicht vorstellen, welche Untersuchungen sein manchmal etwas makaberer Freund an ihm durchgef\u00fchrt haben k\u00f6nnte. Zudem erschreckte ihn die Tatsache, dass der Name des besagten Forschungskonzerns ihm durchaus gel\u00e4ufig war. Vor langer Zeit war der Vater Jasons ein begabter Wissenschaftler, welcher auch einige Jahre f\u00fcr Icarus inc. arbeitete. Doch bei einem Laborbrand vor zehn Jahren kam er ums Leben. Die giftigen D\u00e4mpfe, welche beim verbrennen der Chemiekalien entstanden, machten es den Feuerwehrleuten unm\u00f6glich tiefer ins das Brennende Geb\u00e4ude vorzudringen, sodass jegliche Hilfe zu sp\u00e4t kam. Damals konnte der noch kleine Jason nicht verstehen, warum sie es nicht wenigstens versucht hatten. Als er aber \u00e4lter wurde, begriff er, dass sie seinen Vater nicht einmal h\u00e4tten retten k\u00f6nnen, wenn sie ihn gefunden h\u00e4tten. >>Und in der Schule?<< Nat\u00fcrlich ging es Jason nicht darum, ob die Lehrer nach ihm fragten, sondern vielmehr darum ob Bradley irgendetwas \u00fcber diesen Abend ausgeplaudert hatte. >>Da l\u00e4uft alles nach Plan. Die glauben alle, was sie glauben sollen. Nur wir beide und die anderen drei wissen was passiert ist, aber um die musst du dir keine Gedanken machen. Bradley hat n\u00e4mlich \u00fcberraschenderweise ein Stipendium bekommen und ist auf eine andere Uni \u00fcbergewechselt. Und die anderen beiden Idioten haben doch viel zu gro\u00dfen Schiss vor der Polizei.<< das waren wirklich au\u00dfergew\u00f6hnlich gute Neuigkeiten und vor Shoris organisatorischen Talenten konnte man ebenso den Hut ziehen wie vor seiner F\u00e4higkeit, L\u00fcgengeschichten zu erfinden um ein Alibi zu haben. >>Und was sollen wir jetzt tun?<< Trotz dieser vorteilhaften Wendung des Schicksals blieben in Jason nat\u00fcrlich noch einige Sorgen bestehen. >>Na gar nichts. Es gibt doch kein Problem oder etwas doch?<< Jason blickte nur genervt drein und zeigte erst auf seine Haare und dann auf seine Augen. >>Was ist damit? Was soll ich denn sagen, wenn ich danach gefragt werd'? Ich kann ja wohl schlecht sagen, dass mir 'ne Explosion die Farbpikmente von der R\u00fcbe geballert hat.<< Er war sichtlich unzufrieden. >>Bleib' locker Kumpel. Bei den Haaren kannst du doch sagen, dass du sie dir gebleicht hast. Tja und bei den Augen sagst du einfach, dass die schon immer so aussahen. Schlie\u00dflich kann man ja nicht so ohne weiteres seine Augenfarbe \u00e4ndern. Als ob da jemand drauf achten w\u00fcrde. Die haben sich doch eh nie f\u00fcr uns interessiert. Die w\u00fcrden den Unterschied nicht mal dann merken, wenn du ihnen ins Gesicht springst und schreist 'Seht mich an ich bin anders!'.<< Der darauf folgende Montagmorgen war der beste Morgen seit langem. Au\u00dfer einem 'Hey Albino!' h\u00f6rte Jason auch keine dummen Spr\u00fcche auf dem Weg zur Schule. Als er im Klassenzimmer ankam und sich hinsetzte wunderte er sich nicht \u00fcber die neugierigen Blicke seiner Mitsch\u00fcler, welche ihn f\u00f6rmlich zu durchbohren schienen. Abgesehen vom Sportunterricht lief der Tag auch sehr gut. Jason konnte den Schul Sportunterricht nicht ausstehen, da er sich albern vorkam, wenn er sich vor den Augen seiner Mitsch\u00fcler k\u00f6rperlich bet\u00e4tigen sollte. >>Warum machst du eigentlich beim Sportunterricht nie mit? Und was ich dich schon die ganze Zeit fragen wollte...warum sind eigentlich deine Haare wei\u00df?<< Sarah hatte eine Sportbefreiung vom Arzt bekommen und sa\u00df daher zusammen mit Jason auf der Bank. Zudem wunderte Jason die Frage \u00fcber seine etwas eigenartige Frisur nicht im geringsten. >>Ich mag diese Art von Sport nicht. St\u00e4ndig solche doofen Spiele zu Spielen und dabei herum zu hampeln wie ein Kleinkind entspricht nicht wirklich meiner Vorstellung von sinnvoll verbrachter Zeit weiste? Naja und meine Haare hab' ich mir bleichen lassen. Sieht sicher total \u00e4tzend aus...<< Manchmal hatte er die Angewohnheit sich etwas zu gew\u00e4hlt auszudr\u00fccken. F\u00fcr Sarah war dies allerdings kein Problem, da Jason sie so schon oft zum lachen brachte. >>Ehrlich gesagt steht dir das sogar ziemlich gut. Was sagt denn deine Freundin dazu?<< Zwar verstanden die beiden sich in der Schule recht gut, aber sie hatten schon seit einigen Jahren keinen n\u00e4heren Kontakt mehr. Daher wusste sie auch nicht, dass er noch nie eine Freundin hatte. >>Um es mal so zu sagen...ich hab' keine Freundin, die das schei\u00dfe find'n k\u00f6nnt'.<< Sarah sah ein wenig verwundert aus und schaute ihn ungl\u00e4ubig an.>>Warum das denn? Bist du denn so w\u00e4hlerisch...oder einfach nur sch\u00fcchtern?<< Dass sie sich so f\u00fcr Jasons Leben zu interessieren schien wunderte diesen arg. >>Ob ich w\u00e4hlerisch bin kann ich nicht beurteilen, aber das zweite trifft schon eher auf mich zu.<< Beide waren so in ihr Gespr\u00e4ch vertieft, dass sie gar nicht bemerkten, wie einige Jungs wieder etwas gegen Jason ausheckten. >>Wenn du m\u00f6chtest stelle ich dir meine beste Freundin vor...die ist auch Single.<< Fast hatte Jason schon geglaubt sie w\u00fcrde sich selbst f\u00fcr ihn interessieren, doch dieser Satz lie\u00df diese Vorstellung wie eine Seifenblase platzen. >>Ich weis nicht so recht...au\u00dferdem bin ich schon in ein anderes M\u00e4dchen verliebt. Daher ist das wohl keine so gute Idee.<< Sarah l\u00e4chelte ihn an. Es schien fast so, als w\u00fcrde sie sich f\u00fcr sein Gl\u00fcck freuen.",
            "wordcount": "2.892",
            "chapter_release": "13.04.2016",
            "chapter_number": "3"
        },
        "4": {
            "text": ">>Das ist doch toll. Wer ist denn die Gl\u00fcckliche?<< Nun war Jason in einer ziemlich prik\u00e4ren Lage, doch im n\u00e4chsten Augenblick bekam er einen Medizinball ins Gesicht, welcher ihm ein dickes Feilchen verpasste. Sp\u00e4testens jetzt wusste man, was die anderen Jungs vor hatten und auf Anweisung des Sportlehrers brachte Sarah Jason in den Sanit\u00e4rraum. Mit einem feuchten Tuch tupfte sie das Blut von der Platzwunde an seiner Stirn und erstarrte pl\u00f6tzlich in einem Moment der Verwunderung. >>H\u00e4 wo ist die Wunde?<< Der von dieser ganzen Lage nat\u00fcrlich sehr genervte Jason antwortete nicht. Wo sollte die Wunde schon gewesen sein? >>Sag mal willst du mich verkohlen? Wo ist die Wunde hin?<< Allm\u00e4hlich wurde ihm Sarahs Fragerei suspekt und er sprang auf um sich vor dem Spiegel selbst von der Lage der Dinge zu vergewissern. Eigenartigerweise war da wirklich keine Wunde zu sehen. Dennoch wusste er genau, dass er eine hatte und schlie\u00dflich blutete er ja auch. Die Verletzung, welche er vor nicht einmal f\u00fcnf Minuten zugef\u00fcgt bekam war verschwunden und er hatte absolut keine Erkl\u00e4rung daf\u00fcr. Um aber leicht aus dieser Situation heraus zu kommen log er Sarah schlichtweg an. >>Ah da ist sie ja!<< Schnell wetzte er zum Erste Hilfe Kasten und klebte sich ein Pflaster auf die angebliche Wunde, gab ein entwarnendes Handzeichen in Sarahs Richtung und verschwand zur\u00fcck in den Unterricht. Den ganzen restlichen Schultag besch\u00e4ftigte Jason dieses Ereigniss, doch ihm kam keine L\u00f6sung in den Sinn. Nach Schulschluss wurde es sogar noch verr\u00fcckter. Zusammen mit Sarah hatte er das Schulgel\u00e4nde verlassen und sich kurz darauf von ihr verabschiedet, da sie in eine andere Richtung musste. Nur wenige Schritte sp\u00e4ter h\u00f6rte er Shori hinter sich. >>Jason warte mal kurz!<< Unvorsichtig wie immer lief Shori einfach \u00fcber die Stra\u00dfe, um so zu Jason zu gelangen. Als er aber in der Mitte der Stra\u00dfe angekommen war h\u00f6rte er ein Hupen hinter sich und war vor Angst wie gel\u00e4hmt, als er den riesigen Laster sah, welcher auf ihn zu raste. Jason war ebenfalls wie gefesselt, doch aus einem ganz anderem Grund. Er sah alles nur noch in schwarz-wei\u00df und die Sonne, sowie der gesamte Himmel waren verschwunden. Alles stand still und ohne weiter zu \u00fcberlegen zog er Shori von der Stra\u00dfe in Sicherheit. Danach wirkte alles schlagartig wieder normal. >>Wow danke mann! Du hast mich gerettet. Krasse Reflexe!<< Ohne einen einzigen Ton von sich zu geben packte Jason seinen total verdatterten Freund am Arm und zog ihn mit sich. Bis zu sich nach Hause schleifte er ihn ohne auch nur einen Mucks zu machen. In seinem Zimmer angekommen setzte Jason sich an seinen Schreibtisch und vergrub das Gesicht in den H\u00e4nden. >>Sho...ich hab' die Zeit angehalten.<< Dieser verschr\u00e4nkte nur Grinsend die Arme. >>Ja is klar. Willste mich verarschen oder was? Ja sorry, dass ich ohne zu gucken \u00fcber die Stra\u00dfe rennen wollte, aber das is ja noch lange kein Grund mich jetz ver\u00e4ppeln zu wollen.<< Doch Jason, der immer noch nervig ziemlich fertig war, sah nicht so aus, als wollte er scherzen. >>Wirklich...das ist mein Ernst! Und vorhin Im Sportunterricht ist die Platzwunde an meiner Stirn einfach so geheilt...hier guck!<< Die total platzwundenfreie Stirn pr\u00e4sentierend sa\u00df Jason seinem Kumpel gegen\u00fcber. Dieser hingegen sah eher wie ein kleiner Junge aus, welcher gerade einen riesengro\u00dfen Lutscher erblickt hatte und seine Augen waren weit aufgerissen vor Begeisterung. Aber anders als Jason hatte Shori sofort eine Vermutung und sprach diese auch sogleich aus. >>Das hat hundert pro was mit diesem komischen Kessel zu tun, der letztens im Lagerhaus vor die hops gegangen is...<< Sofort fiel Jason ihm ins Wort. >>Und was zum Teufel soll ich jetzt machen?!<< Doch Shori hingegen blieb ganz ruhig. >> Ja nix halt. Was is daran denn so schlimm? Andere w\u00fcrden ihre Mutter daf\u00fcr verkaufen um sowas zu k\u00f6nnen. Klar wissen wir noch nichts genaueres, aber wenn ich so \u00fcberleg was du kannst, dann werd ich schon irgendwie neidisch Kumpel.<< Er l\u00e4chelte begeistert, doch Jason fand seine Lage wohl ganz und gar nicht beneidenswert. >>Ich hab aber nie darum gebeten den Schei\u00df zu k\u00f6nnen!<< Irgendwie f\u00fchlte er sich wie ein fehlgeschlagenes Experiment und hatte Angst, dass jemand davon erfahren k\u00f6nnte. >>Auf jeden Fall sollten wir das geheim halten und versuchen heraus zu finden, was du alles kannst und wie das funktioniert.<< Von negativen Gedanken \u00fcbermannt lies Jason seinen Kopf auf den Schreibtisch knallen. >>Und wie soll ich das anstellen? Dass es hier in der Stadt 'ne Mutantenschule gibt is mir leider entfallen.<< Shori hingegen grinste wieder nur. >>Mal gucken was du so kannst...<< F\u00fcr einen kurzen Moment verlie\u00df er das Zimmer Jasons und kam mit Gl\u00e4sern und Limonade zur\u00fcck. >>Ich glaube, dass das eher so geistige F\u00e4higkeiten sind. So in Richtung Telekinese weiste...w\u00e4r zumindest saugeil!<< Ungl\u00e4ubig zog Jason die Augenbraue hoch, w\u00e4rend Shori die Gl\u00e4ser auf den Tisch stellte und mit Limonade f\u00fcllte. Dabei achtete er aber ganz genau darauf, dass sie au\u00dferhalb der Reichweite Jasons standen. >>Erstmal was trinken...das belebt die Geister. Hol dir dein Glas.<< Ohne gro\u00dfartig nachzudenken stand Jason auf und wollte sich gerade das Glas nehmen, als Shori es ihm wegschnappte. >>Du sollst es mit den Gedanken holen...nicht mit den H\u00e4nden.<< Jason ging also zur\u00fcck an seinen Platz und setzte sich wiederwillig hin.>>Schau das Glas an und versuche es zu dir zu ziehen. Aber nur mit den Gedanken.<< F\u00fcr einen kurzen Moment brach Shori in Gel\u00e4chter aus, welches ebenso abrupt endete, wie es anfing. >>Das hab ich mal in einem Film gesehen.<< Mit konzentriertem Gesichtsausdruck starrte Jason das Glas mit Limonade an. Nat\u00fcrlich h\u00e4tte er viel lieber daraus getrunken, als es sich schlichtweg nur Minute f\u00fcr Minute ansehen zu m\u00fcssen. >>Ich glotz hier seit drei Stunden so ein bescheuertes Glas an und nichts passiert!<< Daran, dass der Plan seines manchmal etwas wirschen Freundes funktionieren w\u00fcrde, glaubte er wohl nicht. >>Naja, dann war das ja schon mal ein Schlag ins Wasser. Okay dann eben was anderes. Versuche meine Gedanken zu lesen!<< Nun setzte er sich genau vor Jason und erwartete wohl tats\u00e4chlich vielversprechenden Erfolg dabei. >>Du denkst an\u2026Carmen Electra?<< Die Augen weit aufgerissen vor Erstaunen kippte Shori fast nach hinten, als er das h\u00f6rte. >>Wow! Ich wusste doch, dass du es kannst!<< Entgegen seiner anf\u00e4nglichen Vermutungen wurde Shori dennoch sehr schnell wieder auf den Boden der Tatsachen zur\u00fcck geholt. >>Sho\u2026krieg dich mal wieder ein. Ich hab deine Gedanken nicht gelesen. Du denkst blo\u00df immerzu an Carmen Electra. Und soll ich dir auch sagen wieso? Weil dein Hirn auch gleichzeitig der einsame Bewohner deiner Unterhose ist!<< Von einen Moment auf den anderen \u00e4nderte sich Shoris Mine schlagartig, denn nun sah er eher aus wie ein beleidigtes Kind. >>Naja egal. Ich muss los\u2026is schon verdammt sp\u00e4t. Wenn sich was tut rufst du mich an klar?<< Zwar sah Jason nicht so aus, als w\u00fcrde er auch nur einen halben von Shoris bescheuerten Tests wiederholen, aber dennoch sagte er zu, auch wenn er dadurch Gefahr lief, sich seine ohnehin schon fragw\u00fcrdige Nachtruhe vollends zu versauen. Durstig wachte Jason mitten in der Nacht auf und nahm das Limonadenglas. Als er gerade zum Trinken ansetzte riss er die Augen auf, als h\u00e4tte er einen Geist gesehen, oder etwas weitaus unappetitlicheres getrunken als er dachte. Er lies seinen Blick nach rechts zum Tisch schweifen und sah, dass dieser viel zu weit vom Bett entfernt stand, als das er sich das Glas h\u00e4tte einfach so nehmen k\u00f6nnen. Normalerweise h\u00e4tte er es nie mit der blosen Hand erreichen k\u00f6nnen, aber er hatte es durch seine Geisteskraft zu seiner Hand gef\u00fchrt, genau wie Shori es zuvor sagte. Noch eine ganze Weile starrte Jason einfach ungl\u00e4ubig auf das Glas, als ihm klar wurde, dass er es nur konnte, weil er nicht gro\u00dfartig dar\u00fcber nachdachte, sondern es einfach tat. Nat\u00fcrlich erz\u00e4hlte er seinem besten Freund erst am folgenden Tag davon und nicht mitten in der Nacht, so wie er es eigentlich zuvor ausdr\u00fccklich verlangt hatte. >>Es hat also funktioniert? Man ist das geil! Also kannst du jetzt wann immer du willst die Zeit anhalten und solchen Kram???<< Entt\u00e4uschend musste der quirlige Asiate sehen, wie Jason mit dem Kopf sch\u00fcttelte. >>Nein. Ich kann nur solche harmlosen Dinge, wie kleinere Gegenst\u00e4nde bewegen und so. Trotzdem glaub ich, dass da noch mehr ist, aber dass ich es nicht so richtig kontrollieren kann. So eine Art Notfallmodus weist du? Ich komme mir echt wie eine tickende Zeitbombe vor. Wenn das rauskommt rennen mir die Reporter die Bude ein und ich lande auf dem Seziertisch von irgendwelchen Professoren\u2026ne danke. Besser wir halten das so geheim wie es nur geht.<< Doch Shori schwirrten scheinbar ganz andere Gedanken durch den Kopf. >>Hey\u2026\u00e4hm\u2026du weist doch sicher wozu du jetzt in der Lage bist oder? Ich meine\u2026du k\u00f6nntest so viele krasse Sachen machen!<< Als sein nicht nur manchmal etwas wirscher, sondern auch zweideutiger Freund anfing zu sabbern, wusste Jason ganz genau worauf dieser Satz hinaus lief. >>Sho\u2026du bist pervers weiste das?<< Wiedereinmal grinste Shori nur. Offensichtlich war er, was M\u00e4dchen anging Jason zumindest im punkto Interesse weit voraus. >>Wenn du glaubst, dass ich mich zu sowas herablasse, dann hast du dich geschnitten Kumpel. Ich bin nur an Sarah interessiert und sonst an keiner.<< Wenn man, sei es nur auf indirektem Wege, seine Liebe zu Sarah in Frage stellte, f\u00fchlte Jason sich wohl sehr angegriffen. >>War ja nur so eine Idee.<< Normalerweise redeten die beiden nie \u00fcber solche Themen, aber das lag wohl eher daran, dass sie auch meist keinen Nutzen darin sahen. Am Wochenende war Jason allein daheim und so kam es, dass er Shori zu sich einlud, um gemeinsam mit ihm seine F\u00e4higkeiten zu trainieren. Dieser hatte n\u00e4mlich immer die besseren Ideen und sah sich selbst auch gewisserma\u00dfen als eine Art Manager Jasons. Zu seinen Einf\u00e4llen z\u00e4hlten beispielsweise beim Fernsehen mit den Gedanken auf ein anderes Programm zu wechseln, aber auch anspruchsvolleres, wie Gegenst\u00e4nde mit Telekinese anzuheben. Zwischendurch sa\u00dfen sie sich einfach gegen\u00fcber und Shori warf Jason einen Tennisball zu der diesen wiederum per Gedankenkraft zur\u00fcckwarf. >>Wir wissen aber immer noch nicht wie du es geschafft hast deine Wunde heilen zu lassen.<< F\u00fcr einen kurzen Moment bef\u00fcrchtete Jason, dass nun ein weiterer Test folgen w\u00fcrde, welcher ihm eine schmerzende Wunde verpassen w\u00fcrde, um zu sehen was passiert. >>Ich denke, dass der Selbstheilungsprozess nun einfach viel schneller ist. Und bei diesem Gedanken w\u00fcrde ich es auch ganz gerne belassen\u2026<< Shori l\u00e4chelte, als er dies h\u00f6rte. >>Dachtest wohl ich hol jetz ein Messer raus mhh?<< Nachdem das Training abgeschlossen war gingen beide in Jasons Zimmer und unterhielten sich noch eine Weile. Und auf die Frage Shoris, wie es sich angef\u00fchlt hatte die Zeit anzuhalten sagte Jason nur dies : >> Das ist ziemlich schwer zu beschreiben. Anfangs wurde mir ein wenig \u00fcbel und danach kam immer wieder so ein Wechsel von hei\u00df auf kalt. Als w\u00e4re erst Hochsommer und danach sofort Winter. Achja\u2026das Gehen fiel mir irgendwie total schwer, obwohl es sich auch so anf\u00fchlte als k\u00f6nnte ich mich viel besser bewegen verstehst du? Fast so als w\u00e4re ich wieder in so einem Traum, wo ich von weit oben herunterspringe, aber mir nichts passiert.<< Wortlos lies Shori diesen komplizierten Versuch einer artikulierten Erkl\u00e4rung \u00fcber sich ergehen. Er verstand beim besten Willen nicht alles, was Jason ihm da sagte, aber er verstand genug um zu wissen, dass es ziemlich verr\u00fcckt gewesen sein muss. Zwar wollten beide nicht sofort den Teufel an die Wand malen, aber innerlich wussten beide sehr wohl, dass solche Ereignisse in Zukunft h\u00e4ufiger vorkommen w\u00fcrden. In der Nacht wurde Jason wiedereinmal wach und schlenderte, auf dem weg zum Bad, durch das Dunkle Zimmer. >>Autsch!! Warum zum Teufel muss dieser beknackte Stuhl hier stehen?!<< Offensichtlich kollidierte sein kleiner Zeh irgendwo auf dem Weg von Bed zu Zimmert\u00fcr mit einem massiven Stuhlbein, was seine Laune wohl nicht gerade in den Himmel hob. >>Man sollte meinen mit neuen, verbesserten Sinnen w\u00fcrde einem sowas nicht passieren!<< Leise fluchend ging er verschlafen aus dem Zimmer und trottete langsam \u00fcber den dunklen Flur, als er aus dem Nebenzimmer etwas h\u00f6rte. >>H\u00e4? Geigenmusik? Seid wann h\u00f6rt Lana denn so alte Schinken?<< Doch statt sich weiter darum zu k\u00fcmmern, setzte er seinen weg zum Bad fort und vollrichtete dort seine Gesch\u00e4fte um, ohne die andersfarbigen Fliesen auch nur zu registrieren, sich wieder genauso schnell auf den R\u00fcckweg zu machen. Wieder zur\u00fcck im Bett versuchte er wieder einzuschlafen, als ihm etwas aufs Gesicht knallte. Schlaftrunken drehte er sich einfach weg, als sei gar nichts gewesen. Erst, als etwas warmes gegen seine Beine stie\u00df drehte er sich zur Seite und sprang erschrocken aus dem Bett, als er sah, wer dort neben ihm lag. >>Sarah?!<< Wie Schuppen fiel es ihm von den Augen. Er war nicht bei sich daheim, sondern bei Sarah. >>Oh Gott! Was mache ich jetzt?! Ich m\u00f6chte gar nicht wissen, was passiert, wenn sie aufwacht und mich hier sieht.<< Sofort \u00f6ffnete er das Fenster und kletterte \u00fcber das Terassendach nach drau\u00dfen. Bis vor kurzem hatte er noch gedacht, dass es vielleicht nur ein Traum war. Aber in Tr\u00e4umen w\u00fcrden nie solche Kleinigkeiten passieren, wie H\u00e4nde die einem aufs Gesicht fallen, oder die Beine anderer Leute unter der Bettdecke zu sp\u00fcren. Obwohl er halbnackt durch den Regen der Nacht lief konnte er sich das Grinsen einfach nicht verkneifen. Er war doch tats\u00e4chlich im Haus seiner gro\u00dfen Liebe und hatte keinen Schimmer, wie er dort hingekommen war. W\u00e4rend er durch die Nacht rannte versuchte er nicht entdeckt zu werden und mied daher gr\u00f6\u00dfere Stra\u00dfen. Schon zwei Stunden war er unterwegs und fand den Heimweg einfach nicht. Erst als er in der Ferne ein gro\u00dfes Geb\u00e4ude sah, welches er wenig sp\u00e4ter als die Schule identifizieren konnte, wusste er wie er zur\u00fcck kam. Daheim angekommen wartete Shori bereits an der T\u00fcr. >>Wie gest\u00f6rt muss man eigentlich sein um halbnackt stundenlang durch die Stadt zu marschieren?<< Shori lachte \u00fcber Jason, welcher ziemlich m\u00fcde aussah. >>Wo warts du eigentlich?<<Klitschnass schlurfte Jason ersch\u00f6pft an ihm vorbei. >>Ich war bei Sarah...<< Noch bevor er weitererz\u00e4hlen konnte schrie Shori vor lauter Erstaunen auf. >>Echt?! Davon wusste ich ja gar nichts. Ich meine...wie lange seid ihr schon...?<< Jason konnte gar nicht fassen, dass sein bester Freund, welcher eigentlich alles \u00fcber ihn wusste, tats\u00e4chlich naiv genug war um zu glauben Jason h\u00e4tte eine heimliche Beziehung. >>Da l\u00e4uft gar nichts. Ich bin einfach aufgewacht und war in ihrem Zimmer. Keine Ahnung wie ich dorthin gekommen bin.<< Nat\u00fcrlich waren Shoris Augen durch diese Aussage wiedereinmal weit aufgerissen vor Erstaunen. >>Du warst in ihrem Zimmer? Hat sie dich denn gar nicht gesehen??<< Beide waren bereits in Jasons Zimmer angekommen und Sho konnte immer noch nicht aufh\u00f6ren Fragen zu stellen. >>Ich bin mir recht sicher, dass sie mich nicht gesehen hat. Sie schlief tief und fest...<< Hysterisch wie immer fiel Shori ihm ins Wort. >>Wie willst du dir da denn bitte sicher sein?! Ich meine, von der Entfernung sieht man das doch nicht so genau.<< Es war nur verst\u00e4ndlich, dass jemand, der nicht dabei war, so dachte. >>Was f\u00fcr eine Entfernung? Ich hab genau neben ihr gelegen. So ziemlich dichter gehts glaub ich nicht.<< Nun blieb Shori auch noch der Mund weit offen stehen. Jason freute sich sogar ein wenig, eine solche Reaktion sehen zu d\u00fcrfen. Normalerweise w\u00fcrden Shori ja alle M\u00e4dchengeschichten, welche Jason aufbieten k\u00f6nnte, kalt lassen. Aber diese zog ihm wohl buchst\u00e4blich die Schuhe aus. >>Jason ich ziehe meinen Hut vor dir. Deine jetzige Situation ist einfach nur grandios. Wenn ich nur daran denke, dass du richtige Superkr\u00e4fte hast, dein gr\u00f6\u00dfter Widersacher durch seinen Schulwechsel aus den Weg geschafft ist und du dich einfach mal so in das Bett deiner gro\u00dfen Flamme teleportieren kannst, glaub ich fast, dass das alles hier nur ein unglaublich krasser Traum ist.<< Entgegen aller Vermutungen schien Jason selbst nicht so wirklich auf das zu h\u00f6ren, was sein vor Begeisterung strotzender Freund da von sich gab. >>Du k\u00f6nntest so viel tun. Einfach schnipsen und steinreich sein. Also nur im \u00fcbertragenen Sinn weiste. Aber du bist von jetzt an allen anderen Menschen absolut \u00fcberlegen und du k\u00f6nntest dir alles was du willst ohne gro\u00dfe M\u00fche in den Scho\u00df fallen lassen.<< Jason setzte sich nur an seinen Tisch und seufzte ersch\u00f6pft. >>Das w\u00e4re nicht gerecht, denn alle anderen m\u00fcssen sehr hart daf\u00fcr arbeiten und viel aufgeben um das zu bekommen, was sie anstreben. Wenn ich der einzige auf der Welt bin, der es sich so leicht machen kann ist das einfach nicht fair.<<",
            "wordcount": "2.952",
            "chapter_release": "13.04.2016",
            "chapter_number": "4"
        },
        "5": {
            "text": "Shori sch\u00fcttelte betroffen den Kopf. >>Wie kann man nur so unglaublich stur sein? Irgendwas musst du doch damit anfangen. Ansonsten w\u00e4r\u2019s doch die reinste Verschwendung.<< Eine ganze Weile wurde Jason einfach nur angeschaut, bis Shori letztendlich in lautes Gel\u00e4chter ausbrach. >>Was ist so komisch? Sag blo\u00df es ist schon wieder etwas mit mir passiert...das w\u00fcrd' mir n\u00e4mlich gerade noch fehlen!<< Von pl\u00f6tzlichen Ver\u00e4nderungen hatte der neue \u201cWei\u00dfkopf Adler\u201d der Stadt wohl die Nase gestrichen voll. Am deutlichsten wurde dies durch die Tatsache veranschaulicht, dass er just in diesem Augenblick ver\u00e4ngstigt sein Gesicht abtastete, nur um festzustellen, dass alles in bester Ordnung war. W\u00e4renddessen versuchte der immer noch kichernde Asiate lediglich seinen Lachanfall unter Kontrolle zu bringen. >>Ne es is' alles okay. Ich hatte mir nur gerade vorgestellt, wie du in einem dieser typischen Heldenkost\u00fcme aussehen w\u00fcrdest. Weist schon...Cape und enge Strumpfhose.<< F\u00fcr Jason selbst war dieser Gedanke wohl nur halb so lustig, weswegen sich auch seine Begeisterung f\u00fcr diese Idee deutlich in Grenzen hielt. >>Nein mal ernsthaft. Du willst doch nicht etwa behaupten, dass du keine deiner F\u00e4higkeiten irgendwie nutzen m\u00f6chtest. Also sag schon. Was wirst du tun?<< Diese Frage Shoris war durchaus berechtigt. Wenn er schon so ein riesiges Spektrum an M\u00f6glichkeiten hatte, sollte er wirklich in Erw\u00e4gung ziehen, dies zu seinem Vorteil zu nutzen. So dachte zumindest sein bester und auch einziger Freund dar\u00fcber. >>Um ehrlich zu sein weis ich nicht genau, was ich machen m\u00f6chte. Aber diese Superhelden-Nummer kannste getrost vergessen Kumpel.<< Eine solche Antwort hatte Shori wohl nicht erwartet. >>Was?! Also Jason...willst du mir jetzt damit sagen, dass du deine Kr\u00e4fte f\u00fcr b\u00f6ses nutzen m\u00f6chtest?!<< Durch die h\u00f6chst abnormale Fantasie des kleinen Japaners kam es ab und an vor, dass er manche Aussagen ganz anders deutete als er es eigentlich sollte. >>H\u00e4? B\u00f6ses?! Biste bekloppt? Ich will nur kein Superheld sein. Das w\u00e4re doch total sinnbefreit. Ohne gleichwertige \u201cB\u00f6sewichte\u201d w\u00e4re das doch unsinn. Wenn ich mich um die ganzen Kleinkriminellen und anderen Pfeifen auf der Stra\u00dfe k\u00fcmmere verliert hier jeder Polizist seinen Job. Au\u00dferdem w\u00fcrden dann von \u00fcberall her Leute kommen und mich voll quasseln, von wegen \"Mach mal dies...\" und \"Mach mal das...\" und \"Warum hast du nicht...?\". Sowas tu ich mir bestimmt nicht an.<< Obwohl Jason mit seiner etwas harten Aussage total richtig lag, wurde er wie so oft nur skeptisch angeschaut. >>Wenn ich jetzt was dagegen sage haust du mir doch sowieso nur wieder so einen langen Text an die R\u00fcbe...also lass ichs bleiben.<< Als Shori sich am n\u00e4chsten Morgen auf den Heimweg machte, hatte Jason viel Zeit zum nachdenken, welche er ausnahmsweise auch genau daf\u00fcr nutzen wollte. Allerdings wurde er durch einen Streit zwischen seiner Schwester und seiner Mutter dabei gest\u00f6rt. >>Lana Matthews du wirst dich nicht weiter mit diesem Jungen treffen! Er ist kein guter Umgang f\u00fcr dich!<< So wie es sich anh\u00f6rte hatte Jasons Schwester wohl wieder einen neuen Freund, welcher den hohen Anspr\u00fcchen ihrer Mutter nicht gewachsen war. >>Du kannst mir nicht vorschreiben, mit was f\u00fcr Leuten ich in Kontakt bin!<< W\u00fctend ging seine Schwester die Treppe hinauf und verschwand fluchend in ihrem Zimmer. Jason, der im Wohnzimmer auf einem Sessel sa\u00df, wohnte diesem Spektakel jedes Mal nur widerwillig bei. >>Was ist denn jetzt schon wieder los? Hat Lana wieder \u2018nen neuen Kerl? Und was wird \u00fcber den wieder schlimmes erz\u00e4hlt? deine Freundinnen von der \u201cnachbarschaftlichen Tratsch-Vereinigung\u201d wissen doch alles \u00fcber jeden.<< Offenbar kam es nicht selten vor, dass Jasons Mutter, zumindest dem Anschein nach, mehr \u00fcber Lanas Freunde wusste als sie selbst. >>Ich habe geh\u00f6rt, dass dieser Junge Mitglied in einer Bande ist, die bekannterma\u00dfen regelm\u00e4\u00dfig krumme Dinger dreht.<< Das war wenigstens mal etwas handfestes. Normalerweise missbilligte sie die Freunde Lanas immer wegen totaler Lappalien. Oft sogar nur, weil sie die falsche Musik h\u00f6rten, oder einen gew\u00f6hnungsbed\u00fcrftigen Haarschnitt hatten. >>Manchmal w\u00fcnsch ich mir eure Probleme...<< Leise lachend sch\u00fcttelte er nur den Kopf. Als er aber etwas sp\u00e4ter auf sein Zimmer gehen wollte, h\u00f6rte er aus Lanas Zimmer seltsame Ger\u00e4usche, welche sich anh\u00f6rten, als st\u00fcnde das Fenster bei ihr weit offen. Neugierig \u00f6ffnete Jason die T\u00fcr und musste feststellen, dass Lana nicht mehr da war. Wohlm\u00f6glich war sie schon vor einer ganzen Weile durch das Fenster abgehauen, um unbemerkt zu ihrem Freund zu kommen. Da es schon sp\u00e4t war und Jason sich wegen dieser Ger\u00fcchte um ihren Freund auch Sorgen um seine Schwester machte, verlie\u00df er leise das Haus um sie zu suchen. Als er dann wenig sp\u00e4ter \u00fcber eine alte Br\u00fccke ging sah er jemanden auf dem Boden, dem scheinbar \u00fcbel mitgespielt wurde. Jason eilte sofort zu ihm. Es war ein junger Mann, welcher wohl etwa zwanzig Jahre alt sein musste. Am Handgelenk trug dieser das selbe Armband wie Lana, weswegen Jason vermutete, dass es sich wohl um ihren umin\u00f6sen Freund handelte.>> Was ist denn mit dir passiert? Siehst ja echt \u00fcbel aus.<< Zwar \u00f6ffneten sich seine Augen nur langsam, aber dennoch hatte er noch gen\u00fcgend Kraft um Jason verwundert anzusehen. >>Meine angeblichen Freunde haben mich aufgemischt. Ich wusste nicht, dass sie in krumme Gesch\u00e4fte verwickelt sind. Und als ich dann herausbekam, dass sie heute Abend das Elektrocenter auspl\u00fcndern wollten, stieg ich aus. Naja und dann haben sie mich fertig gemacht damit ich sie nicht verpfeife. Wer bist du \u00fcberhaupt? Kenne ich dich nicht irgendwoher?<< Mit ein wenig M\u00fche half Jason ihm wieder auf die Beine. >>Ich bin Lanas Bruder. Sie wollte wohl zu dir und ist von Zuhause abgehauen. Weist du vielleicht wo sie ist?<< W\u00e4hrend Jason sprach hatte er eine \u00fcble Vorahnung, was die Antwort auf seine Frage betraf und f\u00fchlte, dass an diesem Abend noch einiges auf ihn zukommen d\u00fcrfte. >> Wenn sie zu mir wollte ist sie bestimmt zum alten Kino gegangen. Das ist unser Bandentreffpunkt. Lana steckt bis zum Hals in Schwierigkeiten, wenn die anderen vom Einbruch zur\u00fcck kommen und sie dort finden. Hol sie schnell von dort weg, bevor jemand merkt, dass ihr dort wart! << Ohne ihn auch nur anzusehen gab Jason dem Freund seiner Schwester sein Handy. >> Ruf dir erstmal \u2018nen Krankenwagen Kumpel. Das Handy kannste mir wieder geben, wenn wir da heil herauskommen. << Noch w\u00e4hrend des letzten Satzes lief Jason los und machte sich auf dem Weg zum Kino so einige Gedanken. Auf wie viele Bandenmitglieder er wohl schlimmstenfalls treffen w\u00fcrde und ob sie wohl bewaffnet w\u00e4ren. Lana k\u00f6nnte sich bestimmt nicht zur Wehr setzen, wenn man sie dort erwischen w\u00fcrde. Als Jason beim alten Kino ankam, fing er sofort an nach seiner Schwester zu suchen und fand sie wenig sp\u00e4ter in der vordersten Reihe des ersten Vorf\u00fchrsaals. >> Lana wir m\u00fcssen hier sofort weg! << Er packte sie am Handgelenk und zog sie hinter sich her. >> Lass mich los Jason! Woher wusstest du \u00fcberhaupt, dass ich hier bin?? << W\u00e4hrend sie Richtung Ausgang liefen, versuchte Jason ihr so gut es ging die Situation zu erkl\u00e4ren. >> Die \u00dcberreste deines Freundes haben mir das gesagt. Seine tolle Bande hat ihm die Melone weich gepr\u00fcgelt. Und weist du was? Wenn wir uns hier nicht schnell verpissen, geht\u2019s uns auch nicht besser. Will gar nicht wissen, was die mit dir angestellt h\u00e4tten, wenn du hier ganz allein gefunden worden w\u00e4rst. << Dass ihr Bruder sich selbst in Gefahr brachte um sie zu retten wunderte Lana etwas. Nat\u00fcrlich hatte sie keine Ahnung, dass f\u00fcr ihn, durch seine nun erlangten Kr\u00e4fte, keinerlei Gefahr bestand. Kurz bevor sie den Ausgang des Vorf\u00fchrsaals erreichten, \u00f6ffnete sich die T\u00fcr von au\u00dfen und es traten um die zwanzig M\u00e4nner ein. Der vorderste von ihnen war wohl der Anf\u00fchrer. Er musste um die f\u00fcnf Jahre \u00e4lter gewesen sein als seine Bandenmitglieder und er war mit zahlreichen Tattoos und Piercings \u00fcbers\u00e4ht. >> Hey Spike, sieht so aus als h\u00e4tten wir ungebetene G\u00e4ste. << Ein schm\u00e4chtiger Typ war aus der Menge hervorgetreten und hatte seinem Boss gerade diese bahnbrechende Information zugetragen. Dieser hob nur genervt und mahnend die Hand. >> Ich bin nicht blind du Vollidiot! << Spike n\u00e4herte sich Jason und seiner Schwester mit einem h\u00e4mischen Grinsen im Gesicht. >> Wenn ich mich euch so ansehe, kann ich mir nicht vorstellen, dass ihr unserer Bande beitreten wollt. Also\u2026was macht ihr hier? << Jason stellte sich sch\u00fctzend vor seine Schwester und beide gingen langsam r\u00fcckw\u00e4rts. >> Wir haben uns nur verlaufen. Wir verschwinden sofort\u2026<< Spike ging s\u00fcffisant l\u00e4chelnd auf die beiden zu. >> Kannste knicken kleiner. Ihr habt gesehen, was wir von unserem kleinen \u201cFischzug\u201d mitgebracht haben. So ohne weiteres kann ich euch nicht gehen lassen. Ihr w\u00fcrdet uns doch sofort an die Bullen verpfeifen und ich hab\u2019 echt kein Bock schon wieder im Knast zu landen. Daher wird das mit dem gehen wohl nichts\u2026<< Die beiden Geschwister waren bereits umzingelt. Als Jason sp\u00fcrte, dass es keinen anderen Ausweg mehr gab, stie\u00df er Lana auf einen der Kinositze und hob sie, samt neuen Sitzplatz, mit der Kraft seiner Gedanken auf einen der Dachbalken. In den n\u00e4chsten Sekunden konnte diese nur total verbl\u00fcfft beobachten, wie, wie von Geisterhand, Kinositze durch die Luft geschleudert wurden und die Bandenmitglieder nach und nach ausschalteten. Schon nach wenigen Sekunden stand nur noch Spike wie angewurzelt inmitten deiner verletzten Lakaien. >> Was bist du denn f\u00fcr\u2019n Freak ?! Wenn du glaubst, deine Tricks machen mir angst, dann t\u00e4uscht du dich! Ich puste dich einfach um!! << Sofort z\u00fcckte Spike eine Pistole, richtete sie auf Jason, und dr\u00fcckte ab. Dieser wiederum war \u00fcberaus entspannt, denn gerade in diesem Augenblick war er gl\u00fccklicherweise in eine vertraute Umgebung getaucht, deren Farblosigkeit ihm seine Angst sofort nahm. Nun war Jason der vollkommene Herr der Lage und dies nutzte er auch aus. Er schaute sich in aller Ruhe um, nahm die Pistolenkugel aus der Luft und l\u00e4chelte. >> Mit dir habe ich noch was vor. << Mit der Kugel in der Hand ging er zur\u00fcck auf den Platz, wo er zuvor Stand, nahm die Pistolenkugel zwischen die Z\u00e4hne und als die Zeit wieder normal weiter lief, zeigte er sein schauspielerisches Talent und warf den Kopf ruckartig nach hinten, als w\u00e4re er getroffen worden. Danach schaute er Spike mit einem breiten Grinsen an. Als dieser die Kugel zwischen Jasons Z\u00e4hnen sah, lie\u00df er vor Schreck seine Waffe fallen. Mit einer l\u00e4ssigen Handbewegung l\u00f6ste Jason eine Art Druckwelle aus, die Spike gegen die Wand schleuderte und au\u00dfer Gefecht setzte. Danach hob er Lana wieder vom Dachbalken herunter und verlie\u00df mit ihr das Kino. Sie selbst war total verbl\u00fcfft und wollte gerade fragen, was dort drinnen eigentlich vor sich ging, doch Jason unterbrach sie. >> Warte mal einen Moment\u2026ich hab noch was vergessen. << Jason lief zur\u00fcck in das Kino und kam erst einige Minuten sp\u00e4ter wieder zur\u00fcck. >> So\u2026alles erledigt. Wir sollten wieder nach Hause gehen. Ich sch\u00e4tze ich habe dir eine Menge zu erkl\u00e4ren. << Auf dem Heimweg erz\u00e4hlte Jason seiner Schwester alles, was in letzter Zeit passiert war. Vom Vorfall im Lagerhaus bis hin zur Teleportation in ein fremdes Haus. >> Also hast du richtige \u201cSuperkr\u00e4fte\u201d?! << Eigentlich w\u00fcnschte Jason sich, seine F\u00e4higkeiten nicht noch einmal jemandem erkl\u00e4ren zu m\u00fcssen. Erstrecht dann nicht, wenn das Wort \u201cSuperkr\u00e4fte\u201d verwendet wurde. Besonders sch\u00e4mte er sich aber, wenn Shori sein Gespr\u00e4chspartner bei diesem Thema war. Er beneidete Jason um seine Kr\u00e4fte und hatte auch schon mehrfach angedeutet, gern mit ihm zu tauschen. Jason versuchte dies aber immer zu ignorieren, da Shori seiner Meinung nach, nicht wusste wovon er da sprach. >> Ja so k\u00f6nnte man es nennen, aber ich habe eigentlich noch gar keine Ahnung, was ich damit anfangen soll. << Anders als Shori, war Lana \u00fcberhaupt nicht \u00fcberrascht, dies zu h\u00f6ren. >> Ob nun mit oder ohne diese Kr\u00e4fte. Du bist immer noch der Selbe. << Jason war ziemlich \u00fcberrascht, als er dies h\u00f6rte. Lana hatte sonst, zumindest scheinbar, nie viel f\u00fcr ihn \u00fcbrig gehabt. Und nun schien es sogar so, als w\u00fcrde sie ihn sehr m\u00f6gen und sogar versuchen ihn zu verstehen. Diese Kr\u00e4fte halfen Jason zwar nicht andere zu verstehen, aber durch die vielen intensiven Gespr\u00e4che, die er seit seinem Unfall hatte, f\u00fchlte er sich mehr und mehr mit seinen Mitmenschen verbunden. Nun waren sie endlich daheim und Jason hob seine Schwester mit seiner Telekinese einfach auf das Terrassendach, wodurch sie, durch das Fenster hindurch, wieder unbemerkt in ihr Zimmer kam. Am n\u00e4chsten Morgen erfuhr Lana auch, was Jason noch im Kino zu erledigen hatte. Ihre Mutter las gerade die Zeitung und auf der R\u00fcckseite war ein Artikel, samt Bild, auf welchem Spike und seine Gang gefesselt um alten Kino zu sehen waren. Jason war also zur\u00fcck gegangen um der Polizei ein kleines Pr\u00e4sent zu hinterlassen. Bald traf auch Shori ein um Jason abzuholen und beide begaben sich auf den Weg zu Schule. Fr\u00fcher war es dort immer nur langweilig f\u00fcr die beiden Freunde gewesen. Doch nun, da Jason diese Kr\u00e4fte hatte, freuten sie sich auf jeden neuen Tag, voller ungeahnter \u00dcberraschungen. Meist passierte gar nichts, aber allein die Aussicht auf ein wenig Action, lie\u00df die Vorfreude in beiden brodeln. >> Warst du gestern Abend zuf\u00e4llig im alten Kino? << An diesem Morgen hatte wohl auch Shori ausnahmsweise die Zeitung gelesen und ihm fiel nur eine Person ein, die einfach mal so, eine komplette Bande im Alleingang \u00fcberw\u00e4ltigt. >> Ja, aber das war eigentlich nur ein Zufall\u2026<< Er wollte Shori wohl nicht denken lassen, dass er nun st\u00e4ndig den Helden spielen w\u00fcrde. >> Hab\u2019s doch gewusst! Und was machste heute? L\u00e4sst du mal den Rock, von der neuen, h\u00fcbschen Lehrerin hochfliegen?? << Ausnahmsweise hatte er diese Anspielung wohl nicht so ernst gemeint, wie es f\u00fcr ihn \u00fcblich war.",
            "wordcount": "2.378",
            "chapter_release": "13.04.2016",
            "chapter_number": "5"
        }
    },
    "title": "Spirit Force",
    "topic": "unspecified",
    "release": "\n13.04.2016\n\t\t\t\t\t\t",
    "author": "NovaLetsplay"
}