{
    "tags": [],
    "chapcount": "9",
    "wordcount": "13.285",
    "chapters": {
        "1": {
            "text": "Hallo zusammen und willkommen bei dieser Geschichte! Sch\u00f6n, dass ihr euch hierher verirrt habt! Ein paar Worte vorweg f\u00fcr alle, die es interessiert (diejenigen, die direkt loslesen wollen, k\u00f6nnen einfach ein St\u00fcck runterscrollen). Eine allgemeine Triggerwarnung findet ihr am Ende dieser Einf\u00fchrung. Der Gro\u00dfteil dieser Geschichte (Figuren, Orte, Handlung) entstammt meiner Fiktion. Die Findigen von euch (und alle, die sich ein Bisschen mit Videospielen auskennen) werden vielleicht gewisse Parallelen zu den Videospielen \u201eGhost Recon Wildlands\u201c und \u201eGhost Recon Breakpoint\u201c von Tom Clancy erkennen, bei denen ich mich, was den Namen der Spezialeinheit und einige kleine Details angeht, ein wenig bedient habe. \u201eMeine Ghosts\u201c weichen jedoch so stark von den \u201eoriginalen Ghosts\u201c ab, dass ich diese Geschichte nicht im entsprechenden Fandom, sondern hier gelistet habe. Im Gro\u00dfen und Ganzen ist das hier keine Fanfiction, sondern die Geschichte meiner eigenen Charaktere, die frei von mir erfunden sind und auch nichts mit den Spielen zu tun \u0001 \u0002 kann diese Geschichte definitiv lesen, ohne die Spiele zu kennen. Falls ihr dennoch Fragen habt, etwas nicht verstanden habt oder euch etwas unschl\u00fcssig erscheint, scheut euch nicht, mich darauf hinzuweisen! Das hier ist mein erster Versuch seit knapp zehn Jahren, etwas von meinem Geschreibsel zu ver\u00f6ffentlichen, ich bin also \u00fcber jeden Hinweis, Verbesserungsvorschlag und \u00fcber jede Form von Feedback dankbar. Obwohl ich viel f\u00fcr diese Geschichte recherchiert habe, bin ich nat\u00fcrlich bei Weitem keine Expertin, was das amerikanische Milit\u00e4r anbelangt. Ich habe mir M\u00fche gegeben, alles einigerma\u00dfen realistisch darzustellen, wei\u00df aber selbst, dass es sicherlich die ein oder andere L\u00fccke gibt. Falls sich von euch also jemand besser mit der Army oder den anderen Themen, die angerissen werden, auskennt, freue ich mich \u00fcber neuen Input :) An dieser Stelle spreche ich auch einmal die obligatorische Triggerwarnung aus. In dieser Geschichte werden die Themen Drogen, Gewalt, Tod, Mobbing, Traumata, sexualisierte Gewalt und Gewalt gegen Minderj\u00e4hrige angerissen. Nichts davon wird explizit beschrieben, es geh\u00f6rt aber zum Familienhintergrund meines Hauptcharakters dazu. Ich werde die entsprechenden Kapitel kennzeichnen, aber solltet ihr euch bei einem dieser Themen unwohl f\u00fchlen, ist das hier m\u00f6glicherweise nicht das Richtige f\u00fcr euch. Schreibt mich gerne an, dann gebe ich euch eine harmlose Zusammenfassung der entsprechenden Textstellen. Und jetzt \u2013 last, but not least \u2013 w\u00fcnsche ich euch ganz viel Spa\u00df beim Lesen! Kapitel 1Der sechzehnj\u00e4hrige Taron Wiley war das, was man gemeinhin als \u201aProblemkind\u2018 bezeichnen w\u00fcrde. Wenn man eine Fernsehdoku \u00fcber Amerikas schwierigste High-School-Sch\u00fcler drehen w\u00fcrde, so w\u00fcrde er vermutlich eine tragende Rolle besetzen. Die meisten Unterrichtsstunden schw\u00e4nzte er, um hinter dem Jungenklo zu rauchen. Und in den wenigen Stunden, in denen er anwesend war, ging er den Lehrern mit frechen Kommentaren auf die Nerven. Eigentlich war Taron ein intelligenter Junge. Seine Noten k\u00f6nnten bedeutend besser sein, wenn er sich zumindest ein klitzekleines Bisschen anstrengen w\u00fcrde. Aber der Teil seines Gehirns, der sich f\u00fcr die Schulnoten interessierte, war die meiste Zeit des Tages vollkommen zugedr\u00f6hnt mit irgendwelchen bewusstseinstr\u00fcbenden Substanzen. Vorzugsweise Gras. Er hatte ein Lebensmotto: YOLO \u2013 You Only Live Once. Es war nicht nur sein Lieblingsspruch, seine Lieblingsausrede oder sein Profiltitel in allen Sozialen Medien. Es war auch die Philosophie seiner gesamten Existenz. Man lebte nur einmal. Und dieses eine Leben wollte Taron nicht mit langweiligem Unterricht oder dem Befolgen von Regeln verschwenden. Er wollte Spa\u00df haben. Sein Ding durchziehen. Nicht mehr und nicht weniger. \u201eLassen Sie uns \u00fcber Ihre Noten sprechen, Taron.\u201c Die Stimme des Vertrauenslehrers Mr. Porter riss ihn aus seinen Gedanken. \u201eSie wollen doch sicher aufs College gehen, oder?\u201cTaron verschr\u00e4nkte demonstrativ die Arme vor der Brust. \u201eNope.\u201c College war schei\u00dfe. Mal abgesehen davon, dass er sowieso nicht angenommen werden w\u00fcrde mit seinen Noten und seiner Arbeitseinstellung, hatte er keine Lust darauf, drei weitere Jahre mit Lernen zu verbringen. Nicht, dass er f\u00fcr die High-School irgendwas lernen w\u00fcrde, aber ihm gings hierbei einfach ums Prinzip. Mr. Porter war sichtlich irritiert. \u201eKein College? Was wollen Sie stattdessen machen?\u201c\u201eGeht Sie nen Schei\u00dfdreck an.\u201c Es war ja nicht so, als w\u00fcrde Taron sich \u00fcber die Frage seiner Zukunft keine Gedanken machen. Er dachte viel \u00fcber seine Zukunft nach. Haupts\u00e4chlich dar\u00fcber, endlich von zu Hause wegzuziehen und seine Mutter mit ihrem bl\u00f6den Macker alleinzulassen. Seth. Allein schon der Gedanke an die Hackfresse dieses Typen brachte Tarons Magen zum \u00dcbersch\u00e4umen. Warum nur musste Mum immer wieder solche Arschl\u00f6cher ins Haus bringen? \u201eOkay\u201c, sagte Mr. Porter langgezogen. \u201eWie w\u00e4re es dann hiermit?\u201c Aus einem Schubkasten auf seinem Schreibtisch zog er einen Flyer, den er zu Taron hin\u00fcberschob. \u201aPerspektivlos? Gib deinem Leben eine neue Richtung. US Army\u2018 stand darauf. Taron konnte nicht anders, ein sp\u00f6ttisches Lachen kam \u00fcber seine Lippen. \u201eDie Armee. Ist klar.\u201c \u201eNaja\u201c, hielt Mr. Porter tapfer dagegen. \u201eEin wenig Disziplin w\u00fcrde Ihnen guttun. Viele junge M\u00e4nner, die \u00fcber die Str\u00e4nge schlagen, finden ihre wahre Berufung bei der Armee. Besonders Jungs aus\u2026 so schwierigen Verh\u00e4ltnissen wie Sie.\u201c\u201eAch ja?\u201c Taron griff den Flyer, stopfte ihn in seinen Rucksack und sprang auf die F\u00fc\u00dfe. \u201eSie wissen einen Schei\u00dfdreck \u00fcber mich, Mr. Porter.\u201c Und bevor ihn der Vertrauenslehrer aufhalten konnte, war er auch schon aus dem B\u00fcro gest\u00fcrmt, hatte sich Kopfh\u00f6rer \u00fcber die Ohren gezogen und die Musik voll aufgedreht. Schwierige Verh\u00e4ltnisse? Was f\u00fcr ein Schei\u00df! So beschissen, wie die Lehrer immer taten, war sein Leben eigentlich gar nicht. Okay, sein Dad war abgehauen als Taron vier gewesen war. Hatte sich verpisst, weil er lieber irgendeine andere Frau v\u00f6geln wollte. Aber seine Mum hatte das mit der Erziehung eigentlich auch ganz gut alleine hinbekommen. Sie hatte Taron die meiste Zeit einfach in Ruhe gelassen. Eine gro\u00dfartig andere Option hatte sie auch nicht, weil sie als Krankenschwester arbeitete und die meiste Zeit damit zubrachte, irgendwelchen alten M\u00e4nnern den Arsch abzuwischen. Taron war schon immer viel alleine gewesen. Das war kein Problem f\u00fcr ihn \u2013 er war gerne allein. Dann ging ihm zumindest niemand auf die Nerven. Er war fr\u00fch selbstst\u00e4ndig gewesen. Hatte fr\u00fch gelernt, sich selbst zu versorgen, sich um seine Probleme selbst zu k\u00fcmmern. Schwierige Verh\u00e4ltnisse? Am Arsch. \u201eHee Bro!\u201c Sein Kumpel Justin rupfte ihm die Kopfh\u00f6rer von den Ohren. \u201eSchw\u00e4nzen wir Bio?\u201cTaron zuckte mit den Achseln. Der Tag, an dem er freiwillig in den Biologieunterricht ging, musste noch erfunden werden. Aber er hatte nicht wirklich viel Lust darauf, sich mit den Jungs hinters Kloh\u00e4uschen zu verkr\u00fcmeln und sich voll zuzudr\u00f6hnen. Viel lieber wollte er ein wenig Dampf ablassen. \u201eKomm mit\u201c, sagte er daher zu Justin und zog ihn durch den Hinterausgang des Schulgeb\u00e4udes hinaus auf den Lehrerparkplatz. \u201eDieser beschissene Mr. Porter hat mir heute ernsthaft vorgeschlagen, zur Armee zu gehen. Da w\u00fcrde ich Disziplin lernen und so ein Schei\u00df.\u201c Taron grinste abf\u00e4llig. \u201eZeigen wir dem Arschloch, dass er sich seine Disziplin sonst wo hinschieben kann?\u201c\u201eWas immer du willst\u201c, erkl\u00e4rte Justin sich einverstanden und fischte die Spraydose, die Taron ihm zuwarf, ungelenk aus der Luft. Taron grinste. Zum Teufel mit Mr. Porter und seinen \u201eschwierigen Verh\u00e4ltnissen\u201c. Er ging hin\u00fcber zum Auto des Vertrauenslehrers \u2013 einem silbergrauen Volvo auf dessen R\u00fcckbank ein Kindersitz lag \u2013 und pfl\u00fcckte die Kappe von seiner Spraydose. Kunst war zwar nicht so wirklich sein Ding, aber selbst der gr\u00f6\u00dfte Kulturbanause w\u00fcrde die Linien, die kurz darauf auf der Motorhaube prangten, als die Karikatur eines m\u00e4nnlichen Geschlechtsorgans identifizieren k\u00f6nnen. \u201eNen Pimmel!\u201c, applaudierte Justin gr\u00f6lend. \u201eKomm, ich spr\u00fche noch ne Muschi daneben!\u201c Tarons Grinsen wurde breiter. \u201eAber mach schnell. Bevor uns wer sieht.\u201c Der Lehrerparkplatz war zwar vom Inneren der Schule aus nicht wirklich gut einzusehen, aber es konnten trotzdem jederzeit irgendwelche Leute vorbeikommen. Einem inneren Instinkt folgend zog sich Taron daher die Kapuze \u00fcber den Kopf. \u201ePornokarre\u201c, gr\u00f6lte Justin. \u201eGeil, Mann! Was h\u00e4ltst du davon, wenn ich jetzt auch noch Titten auf die Windschutzscheibe spraye?\u201c Taron sp\u00fcrte ein seltsames Kribbeln im Bauch, als w\u00fcrde irgendein Teil seines K\u00f6rpers Gefahr wittern. \u201eIch wei\u00df nicht, Justin\u201c, zischte er. \u201eHab nen ungutes Bauchgef\u00fchl. Lass uns lieber abhauen.\u201c\u201eChill mal, Alter.\u201c Sein Kumpel lie\u00df sich nicht aus der Ruhe bringen. \u201eHier ist niemand. Au\u00dferdem war das Ganze doch deine Idee. Jetzt sei nicht so eine Pussy.\u201c\u201eIch bin keine Pussy. Aber wenn Seth spitzkriegt, dass ich hier Schei\u00dfe baue, dann\u2026\u201cTaron konnte diesen Satz nicht zu Ende sprechen. Einerseits, weil er nicht genau wusste, was Seth mit ihm anstellen w\u00fcrde und andererseits, weil pl\u00f6tzlich ein zornerf\u00fclltes \u201eHey!\u201c ert\u00f6nte. Schei\u00dfe, schoss es ihm durch den Kopf. H\u00e4tte er mal auf sein Bauchgef\u00fchl und nicht auf Justin geh\u00f6rt. Der Sportlehrer und Trainer des Football-Teams, Mr. Scott, sprintete quer \u00fcber den Parkplatz in die Richtung der beiden Jungen. Taron war im ersten Moment wie erstarrt. Eine halb fertig gespr\u00fchte weibliche Brust schaute ihn wie ein vorwurfsvolles Auge an, dann endete dieser kurze Schockmoment und er \u00fcberlie\u00df seinen Instinkten das Handeln. Unsanft packte er Justin am \u00c4rmel und zog ihn mit sich. \u201eLauf!\u201c, zischte er seinem Freund zu. \u201eUnd dreh dich blo\u00df nicht um! Wenn der unsere Gesichter sieht, sind wir geliefert!\u201cObwohl Taron zahlreiche Sportstunden geschw\u00e4nzt hatte und seine Zeit lieber mit Ballerspielen und Kiffen verbrachte als damit, auf einen gesunden Lebensstil zu achten, hatte er einen von Natur aus athletischen K\u00f6rperbau. Das einzig Gute, das er von diesem Weichei eines Vaters geerbt hatte. Justin hingegen war vollkommen au\u00dfer Form. Kein Wunder bei den Mengen an Junkfood, die er in sich hineinstopfte. Ein Minijob bei Burger King brachte eben nicht nur Vorteile mit sich. \u201eLauf schneller, Mann!\u201c, rief Taron seinem Kumpel zu, wohlwissend, dass Justin bereits sein Bestes gab. \u201eFick dich\u201c, kam die gekeuchte Antwort. \u201eWohin laufen wir \u00fcberhaupt?\u201cGute Frage. Verdammt gute. Irgendwohin, wo sie untertauchen und in der Menge verschwinden konnten. Irgendwohin, wo viele Menschen waren. Wo sie nicht auffielen. \u201eZur\u00fcck in die Schule\u201c, antwortete er intuitiv. Justin w\u00e4re vermutlich auf der Stelle stehengeblieben und h\u00e4tte Taron einen entgeisterten Blick zugeworfen, wenn dieser ihn nicht immer noch mit sich ziehen w\u00fcrde. \u201eDu willst mich doch verarschen!\u201c\u201eNein, will ich nicht. Ums Geb\u00e4ude rum und dann durch den Haupteingang wieder rein. Vertrau mir.\u201cDie Beiden sprinteten die letzten paar Meter bis zum Haupteingang des Schulgeb\u00e4udes, platzten durch die T\u00fcr und fanden sich in einem menschen\u00fcberlaufenen Flur wieder. Taron riss sich die Kapuze vom Kopf und zog Justin mit sich, wo sie in der Menge untertauchten. \u201eDeine Spraydose!\u201c, raunte er seinem Freund zu und hielt ihm die ausgestreckte Hand entgegen. \u201eWir m\u00fcssen die Dinger loswerden, falls die unsere Taschen durchsuchen.\u201c Justin nickte und \u00fcberlie\u00df ihm die Dose, die Taron sogleich im n\u00e4chstbesten M\u00fclleimer versenkte. \u201eFuck! Du bist der Oberhammer, Wiley. Ganz ehrlich!\u201c\u201eHalt die Klappe.\u201c Taron zog seinen Freund mit zu ihren Spinden. \u201eBenimm dich vollkommen normal. Mr. Scott hat uns im Auge.\u201c Er hatte sich zwar immer noch nicht zu dem Sportlehrer umgedreht, sp\u00fcrte dessen kritischen Blick aber dennoch im Nacken. Darum bem\u00fcht, wie ein normaler Sch\u00fcler auszusehen, \u00f6ffnete Taron seinen Spind und packte ein paar B\u00fccher, die er in dessen Inneren aufbewahrte, in seinen Rucksack. Nicht, dass er vorhatte, darin zu lesen. Das Ganze diente einfach nur der Tarnung. \u201eWiley!\u201c, rief da auch schon die Stimme des Lehrers nach ihm. Taron warf Justin einen letzten warnenden Blick zu, ehe er sich zu dem Mann umdrehte. \u201eWas?\u201c, fragte er in dem, f\u00fcr ihn \u00fcblichen, genervten Tonfall. \u201eWarum bist du nicht im Unterricht?\u201c Der Sportlehrer warf ihm einen durchdringenden, strengen Blick zu, der vielen Leuten sicherlich eine Schei\u00dfangst gemacht h\u00e4tte. Taron hingegen zuckte blo\u00df gleichg\u00fcltig mit den Achseln. \u201eHatte keine Lust\u201c, murrte er. \u201eUnd wo warst du stattdessen?\u201c Taron grinste. \u201eWas glauben Sie denn?\u201c\u201eIch glaube\u201c, erwiderte Mr. Scott forsch, \u201edass du und dein kleiner Freund dr\u00fcben auf dem Lehrerparkplatz Sachbesch\u00e4digung begangen habt. Mach den Rucksack auf.\u201c \u201eNope.\u201c Taron knallte seinen Spind zu und umklammerte seine Tasche mit beiden H\u00e4nden. \u201eDas werde ich nicht tun. Sie d\u00fcrfen n\u00e4mlich nicht einfach so unsere Sachen durchsuchen.\u201c\u201eBei begr\u00fcndetem Tatverdacht darf ich das sehr wohl\u201c, hielt der Lehrer dagegen. \u201eUnd jetzt her mit dem Rucksack!\u201c Er riss Taron die Tasche aus der Hand, \u00f6ffnete den Rei\u00dfverschluss und sch\u00fcttelte den Inhalt des Rucksacks quer \u00fcber den Boden. Eiskalte Wut kochte in Tarons Innerem auf, als er seine Sachen durch den Flur kullern sah. Zwei Dosen Energy-Drink, sein komplett unbeschriebener Collegeblock, ein paar B\u00fccher und Stifte, sein Portemonnaie, das Handy, das halb aufgegessene K\u00e4sebr\u00f6tchen, sein Feuerzeug und eine Schachtel Zigaretten kamen zum Vorschein. Und obwohl Taron dem Sportlehrer am liebsten an die Gurgel gesprungen w\u00e4re, zwang er sich dazu, tief durchzuatmen. \u201eWonach suchen Sie eigentlich?\u201c, knurrte er und fing an, seine Sachen einzusammeln. \u201eJustin und ich waren eine rauchen, hinten beim Jungenklo. Keine Ahnung, was f\u00fcr eine Sachbesch\u00e4digung Sie gesehen haben wollen, aber wir haben nichts angestellt.\u201cMr. Scott nahm die Zigaretten an sich. \u201eDie behalte ich besser bei mir\u201c, knurrte er und lie\u00df sie in den Taschen seiner Trainingshose verschwinden. Dann packte er Taron am Kragen und schaute ihm forsch in die Augen. \u201eUnd dich, Wiley, behalte ich besser im Auge.\u201c\u201eSchon klar\u201c, erwiderte dieser und k\u00e4mpfte sich aus dem Griff des Lehrers frei. \u201eSie machen ja auch nicht gerade einen Hehl draus, mich zu hassen.\u201c Und mit diesen Worten stapfte er an Mr. Scott vorbei, vergrub die H\u00e4nde tief in den Taschen seiner Jeans und drehte sich kein einziges Mal um.",
            "wordcount": "2.180",
            "chapter_release": "20.04.2023",
            "chapter_number": "1"
        },
        "2": {
            "text": "Triggerwarnung: Gewalt/ Gewalt gegen Minderj\u00e4hrigeSchreibt mich gerne an, wenn ihr eine harmlose Zusammenfassung des Textes wollt :)Kapitel 2\u201eOnspot! Die Bombe ist Onspot, Alter!\u201c Ein leises Piepen drang durch das Headset in Tarons Ohren, wurde jedoch von Justins nerv\u00f6sem Gekreische \u00fcbert\u00f6nt. \u201eSei mal f\u00fcr eine fucking Millisekunde leise\u201c, zischte er seinem Freund \u00fcber das Headset zu. \u201eIch h\u00f6re jemanden.\u201c Justin verstummte und Taron lauschte. Seine Hand mit der Maus darin schwenkte nach rechts. Eine Bewegung am Bildschirmrand hatte seine Aufmerksamkeit erregt. \u201eHab dich\u201c, grinste er und dr\u00fcckte die linke Maustaste. Sch\u00fcsse ert\u00f6nten und der gegnerische Spieler war tot, ehe er Tarons Avatar bemerkt hatte. Mehr Sch\u00fcsse fielen, dieses Mal hatten sie Taron zum Ziel. Er reagierte blitzschnell, lie\u00df seinen Avatar Deckung hinter einer Holzkiste suchen und seine Waffe nachladen. Dann st\u00fcrzte er sich wieder ins Gefecht. Tarons Finger flogen \u00fcber die Tastatur, als er auch die \u00fcbrigen zwei Gegenspieler mit gezielten Kopfsch\u00fcssen au\u00dfer Gefecht setzte. \u201eGut geschossen!\u201c, lobte die Stimme seines Gaming-Kumpels Mike. \u201eDas waren alle.\u201cJetzt galt es nur noch, die Bombe zu deaktivieren. Taron steuerte seine Spielfigur hin\u00fcber zu dem Ursprung des leisen Piepens und dr\u00fcckte die Taste, mit der sie entsch\u00e4rft wurde. \u201eGeil!\u201c, freute sich Justin. \u201eDas gibt nen fettes Uprank!\u201c \u201eNicht f\u00fcr dich\u201c, lachte Taron. \u201eDu bist im ersten Feuergefecht draufgegangen wie ne Pussy.\u201c Und wie immer, dachte er, musste ich die ganze Arbeit machen. \u201eBevor wir das n\u00e4chste Match reinsuchen\u201c, \u00e4chzte Mike, \u201emuss ich mal pissen gehen. Bin kurz AFK.\u201c \u201eBye\u201c, rief Justin ihm hinterher. Dann war durch das Headset sein Seufzen zu h\u00f6ren. \u201eFuck, warum bist du nur so eine Legende in cs:go, Wiley?\u201cTaron grinste. \u201eHab wohl gute Instinkte. Keine Ahnung.\u201c Er trank einen Schluck Energy-Drink. \u201eWei\u00dft du was? Wenn Mikey pissen gegangen ist, dann mach ich das auch.\u201cEr setzte das Headset ab, stie\u00df sich mit seinem Schreibtischstuhl vom Tisch ab und sprang auf die F\u00fc\u00dfe. Es war dunkel in seinem Zimmer. Einzig das Licht des Computermonitors erhellte den kleinen Raum mit dem ungemachten Bett, den Kleiderhaufen auf dem Boden und den Band-Postern an der Wand. Er schnappte sich sein Handy, das die vergangenen Stunden \u00fcber am Ladeger\u00e4t gehangen hatte, und tapste hinaus auf den Flur. Im Wohnzimmer brannte Licht, der Fernseher war eingeschaltet, Bass wummerte. Wahrscheinlich schauten Mum und Seth einen Film. Im Badezimmer hatte das Fenster offen gestanden, sodass Taron schauderte, als er es betrat. Es schellte an der T\u00fcr. Halb zehn an einem Dienstagabend, das konnte niemals ein Postbote sein. Vielleicht hatten Mum und Seth was zu Essen bestellt. Oder Seth erwartete irgendeinen obskuren Kumpel, mit dem er Poker spielen wollte oder so. Das kam h\u00e4ufiger vor, weil dieser Mistkerl andauernd irgendwelche zwielichtigen Gestalten in ihre Wohnung lie\u00df. Taron dachte sich nicht viel dabei, verrichtete sein Gesch\u00e4ft und bet\u00e4tigte die Sp\u00fclung. Er wollte sich gerade wieder an seinen PC setzen, als die Stimme seiner Mutter ert\u00f6nte: \u201eTaron! Komm mal bitte!\u201c Fuck, schoss es ihm durch den Kopf. Wenn Mum nach ihm rief, bedeutete das jedes Mal \u00c4rger. Von einer weiteren Runde cs:go mit seinen Kumpels konnte er sich jetzt jedenfalls verabschieden. Er schlurfte hin\u00fcber ins Wohnzimmer, wo seine Mum und Seth standen und ihm seltsame Blicke zuwarfen. Bei ihnen war eine dritte Person, deren Anblick \u00dcbelkeit in Taron aufkochen lie\u00df. Mr. Porter, der Vertrauenslehrer, dessen Auto er und Justin heute beschmiert hatten. \u201eHallo Taron\u201c, sagte der Lehrer mit tonloser Stimme. \u201eDu wei\u00dft sicherlich, warum ich hier bin?\u201cTaron zog es vor, zu schweigen. Er machte es wie diese Gangster in den Filmen \u2013 jedes Wort, das er jetzt von sich gab, w\u00fcrde hinterher nur gegen ihn verwendet werden. \u201eMr. Porter hat uns von seinem Auto erz\u00e4hlt\u201c, sagte Mum und warf ihm einen ihrer entt\u00e4uscht-hilflosen Blicke zu. \u201eEr ist sich ziemlich sicher, dass du dahintersteckst.\u201c Tarons Mund wurde trocken. \u201eWas ist mit Ihrem Auto, Mr. Porter?\u201c, spielte er den Unschuldsraben. Seth lie\u00df die Faust auf den Esstisch krachen. \u201eDu wei\u00dft ganz genau, was mit diesem Auto passiert ist, du kleiner Schei\u00dfer!\u201c, br\u00fcllte er. Mum fasste ihn am \u0001 \u0002 jetzt, sagte ihr Blick. \u201eIch bin heute hergekommen, weil ich von einer Anzeige wegen Sachbesch\u00e4digung absehen m\u00f6chte\u201c, meinte Porter. \u201eIch will das auf die freundliche Art und Weise regeln, Taron. Weil ich Ihnen helfen m\u00f6chte, wieder auf die richtige Spur zu kommen. Ich habe Ihre Eltern \u00fcber den Vorfall in Kenntnis gesetzt und es wird eine schulische Strafe geben, aber\u2026 keine Anzeige.\u201c\u201eIch hab nichts gemacht\u201c, hielt Taron wenig \u00fcberzeugt dagegen. \u201eJustin und ich haben nur ein bisschen gechillt. Hinter dem Jungenklo. So wie immer.\u201c\u201eMit Justin habe ich bereits gesprochen\u201c, sagte Porter. \u201eEr hat alles gebeichtet.\u201cTaron ballte die H\u00e4nde zu F\u00e4usten. Dieses kleine Arschloch! Ritt ihn hier in die Schei\u00dfe, petzte wie ein Siebenj\u00e4hriger und besa\u00df dann noch die Frechheit, vollkommen entspannt cs:go mit ihm zu spielen?! So, als w\u00e4re nichts gewesen?! \u201eEs wird nicht nur eine schulische Strafe geben\u201c, f\u00fcgte Mum hinzu. \u201eDu hast einen Monat Hausarrest. Und du wirst Mr. Porter den Schaden ersetzen. Von deinem Taschengeld.\u201c\u201eFuck\u201c, entfuhr es Taron, \u201edas ist doch nicht fair, Mum! Justin hat viel mehr\u2026\u201c\u201eWas Justin getan hat, ist mir egal\u201c, ging sie dazwischen. \u201eIch bin wirklich entt\u00e4uscht von dir, Taron. Wirklich. Jetzt geh auf dein Zimmer. Wir reden sp\u00e4ter.\u201cWutentbrannt stapfte Taron an seiner Mutter vorbei, polterte hin\u00fcber in sein Zimmer und knallte die T\u00fcr hinter sich ins Schloss. Zuallererst versetzte er seinem Kleiderschrank einen w\u00fctenden Tritt, dann zog er sich das Headset \u00fcber die Ohren. \u201eFick dich, Justin!\u201c, br\u00fcllte er hinein. \u201eWas soll die Schei\u00dfe?!\u201c\u201eWas denn? Wovon redest du?\u201cTaron umklammerte mit beiden H\u00e4nden seine Tischplatte. So fest, dass die Fingerkn\u00f6chel wei\u00df hervortraten. \u201eDu hast mich an Mr. Porter verpetzt, du Arschloch!\u201cJustin gab ein \u00fcberfordertes Quietschen von sich. \u201eSorry, Mann!\u201c, rief er. \u201eIch\u2026 ich hab das nicht gewollt, klar? Aber der Kerl hat bei uns in der Wohnung gestanden, hat mit meiner Mum geredet und gesagt, dass ich nicht von der Schule verwiesen werde, wenn ich jetzt gestehe.\u201c\u201eFick dich!\u201c, br\u00fcllte Taron, den all die Rechtfertigungen nicht interessierten. Und dann schaltete er seinen Computer aus, schmetterte das Headset beiseite und warf sich auf sein Bett. So ein hirnrissiger Feigling! Mr. Porter hatte absolut nichts gegen sie in der Hand gehabt! Es war nur ein Verdacht gewesen. Aber klar, Justin, die Pussy, musste nat\u00fcrlich weiche Knie bekommen. Und Taron war jetzt der Angeschmierte. Wie eigentlich immer. Er h\u00f6rte, wie Mum und Seth im Flur auf Wiedersehen zu Porter sagten und wappnete sich innerlich f\u00fcr die Standpauke, die er jetzt bekommen w\u00fcrde. Normalerweise hielt Mum sich aus seinen Angelegenheiten heraus, wenn er Schei\u00dfe baute. Wenn er wieder einmal ein D- mit nach Hause brachte, seufzte sie blo\u00df. Wenn er einen b\u00f6sen Brief vom Direktor bekam, weil er zu viel fehlte, seufzte sie blo\u00df. Wenn er vollkommen zugedr\u00f6hnt mitten in der Nacht in den Hausflur kotzte, seufzte sie blo\u00df. Eigentlich seufzte sie immer, ganz gleich, was er anstellte. Nur heute machte sie richtig einen auf strengen Vormund. Das passte nicht zu ihr. \u201eTaron, wir m\u00fcssen reden\u201c, sagte sie und trat zu ihm ins Zimmer. \u201eSo kann das nicht weitergehen.\u201c Er schaute sie aus zusammengekniffenen Augen an. \u201eWas willst du von mir, Mum?\u201c\u201eDass du nicht andauernd so\u2026 so eine Schei\u00dfe baust, verdammt!\u201c In ihren Augen standen Tr\u00e4nen. \u201eIch habe dir immer viele Freiheiten gelassen. Hab dich dein Leben leben lassen. Aber anscheinend bist du noch nicht alt genug f\u00fcr diese Freiheiten. Darum haben Seth und ich entschieden, dich\u2026\u201cTaron lachte auf. \u201eSeth und du, ja?\u201c, h\u00f6hnte er. \u201eMischt sich das Arschloch jetzt auch noch in meine Erziehung ein, oder was?\u201c\u201eNein, er\u2026\u201c\u201eVon ihm lasse ich mir nichts sagen, Mum. Er ist nicht mein Dad. Und solange du Typen wie ihn hier reinschleppst, werde ich auch nicht auf dich h\u00f6ren.\u201c Er sprang auf, warf sich eine Kapuzenjacke \u00fcber und st\u00fcrmte an seiner Mutter vorbei in den Flur. \u201eWohin willst du?\u201c, br\u00fcllte Seth aus dem Wohnzimmer. \u201eIrgendwohin, wo ein wenig mehr Niveau herrscht\u201c, br\u00fcllte Taron zur\u00fcck und schl\u00fcpfte in seine Schuhe. Er hatte gerade den ersten Schn\u00fcrsenkel zugeknotet, als Seth ihn am Kragen packte und seine Faust in Tarons Magen versenkte. \u201eWas hast du gesagt?\u201c, bellte er. Taron hustete, das Gesicht vor Schmerz verzogen. Aber Angst sp\u00fcrte er keine. \u201eNur weil du meine Mum v\u00f6gelst\u201c, kr\u00e4chzte er, \u201ebist du noch lange nicht mein Dad.\u201cDer n\u00e4chste Schlag traf ihn mitten ins Gesicht. Taron sp\u00fcrte, wie seine Lippe aufplatzte. Blut lief sein Kinn hinunter. Ein Teil von ihm wollte sich wehren, wollte zur\u00fcckschlagen, aber Seth war zu stark. Er schlug erneut zu, erwischte Taron an der Wange, landete einen weiteren Hieb in seine Nieren und einen gegen die Rippen. Taron brach zusammen. Seine Welt schien nur noch aus Schmerz zu bestehen. Seth fing an, auf ihn einzutreten. Mum rief panisch, dass er aufh\u00f6ren sollte, aber das tat er nicht. Er trat solange auf Taron ein, bis dieser irgendwann nur noch winselnd in Embryostellung auf dem Boden kauerte und Blut hochw\u00fcrgte, das sich mit seinen Tr\u00e4nen vermischte. Er realisierte erst, dass die Tritte aufgeh\u00f6rt hatten, als Mum ihn an den Schultern fasste und ihm aufhelfen wollte. Tr\u00e4nen hatten Fl\u00fcsse aus Mascara auf ihre Wangen gemalt und ihre Lippe zitterte. \u201eTaron\u201c, wisperte sie und streichelte ihm \u00fcber die Wange. \u201eEs\u2026 es tut mir so leid!\u201cIm ersten Moment f\u00fchlte er sich zum ersten Mal seit Jahren wieder wie ein kleiner Junge, der sich in der Liebe seiner Mutter suhlt. Doch dann schwang dieses Gef\u00fchl des Vertrauens \u00fcber in blanke Abscheu. \u201eFick dich, Mum\u201c, hustete er und schlug ihre H\u00e4nde beiseite. \u201eUnd lass dir endlich mal ein R\u00fcckgrat wachsen.\u201cDann hievte er sich st\u00f6hnend und unter Schmerzen auf die F\u00fc\u00dfe und humpelte in sein Zimmer. Die T\u00fcr schloss er hinter sich ab, weil er f\u00fcrchtete, Seth w\u00fcrde ihn im Schlaf umbringen. Taron war noch nie in eine Schl\u00e4gerei geraten. Bei seinem Verhalten m\u00fcsste man eigentlich meinen, dass er andauernd in Auseinandersetzungen mit seinen Mitsch\u00fclern geriet, aber wie durch ein Wunder lie\u00dfen diese ihn meistens in Ruhe. Sie lie\u00dfen ihn sein Ding machen, mischten sich nicht ein und gingen ihm die meiste Zeit des Schuljahres aus dem Weg. Daher war das hier auch das erste Mal, dass er so richtig verpr\u00fcgelt worden war. Er sog scharf die Luft ein und f\u00fchlte \u00fcber seine Rippen, auf denen sich bereits ein gr\u00fcn-blaues Fleckenmuster ausgebreitet hatte, das jeder Giraffe Konkurrenz machen k\u00f6nnte. Das war alles Justins Schuld. Wenn diese Pussy ihn nicht an Mr. Porter verpetzt h\u00e4tte, w\u00e4re er jetzt nicht von diesem Vollidioten Seth krankenhausreif geschlagen worden. Taron lie\u00df sich auf sein Bett fallen und starrte ins Leere. Das Blut aus seiner aufgeplatzten Lippe tropfte auf sein Kissen, die Gegend rund um sein rechtes Auge pochte wie bl\u00f6d und in seinem Unterleib rumorte ein stechender Schmerz. Aber das Schlimmste an den Pr\u00fcgeln waren gar nicht die Schl\u00e4ge und Tritte gewesen, sondern das Wissen, dass er sich absolut nicht zur Wehr hatte setzen k\u00f6nnen. Er hatte hilflos abwarten m\u00fcssen, bis Seth irgendwann Gnade walten lie\u00df. Er hatte sein Schicksal in die H\u00e4nde eines Wahninnigen legen m\u00fcssen. YOLO. Nun, es stimmte. Man lebte nur einmal. Aber das Leben konnte verdammt schnell enden, wenn man an einen Mann wie Seth geriet. Tarons Blick schwenkte hin\u00fcber zu seinem Rucksack, den er nach Schulschluss einfach in eine Ecke seines Zimmers gepfeffert hatte. Ein paar B\u00fccher und Zettel ragten hinaus. Darunter ein Flyer. \u201aPerspektivlos? Gib deinem Leben eine neue Richtung. US Army\u2018Ein heiseres Lachen kam \u00fcber seine Lippen. \u201eSchei\u00dfe\u201c, murmelte er. \u201eIhr wollt mich doch verarschen.\u201cEr griff nach dem Flyer, kn\u00fcllte ihn zu einer Kugel zusammen und schmetterte ihn in den M\u00fclleimer. Sein Leben war perspektivlos, das stimmte. Aber die fucking Armee konnte ihm keine neue Richtung verleihen. Nichts konnte das. Und mit dem Gedanken daran, dass die Lehrer vielleicht doch Recht hatten, wenn sie von \u201eschwierigen Verh\u00e4ltnissen\u201c sprachen, fiel Taron in einen unruhigen, traumlosen Schlaf.",
            "wordcount": "1.985",
            "chapter_release": "20.04.2023",
            "chapter_number": "2"
        },
        "3": {
            "text": "Kapitel 3Schon wieder ein graues Haar. In letzter Zeit hatte Jonathan Turner das Gef\u00fchl, sie w\u00fcrden sich exponentiell vermehren. Vorgestern noch eins, gestern schon zwei und heute vier. Morgen dann acht. \u00dcbermorgen sechzehn. Und so weiter, bis er irgendwann nur noch graue Haare hatte. Er seufzte und griff nach dem Rasierer. Den Kampf gegens Altwerden konnte er nicht gewinnen, aber er konnte ihn zumindest hinausz\u00f6gern. Damit, sich diesen f\u00fcrchterlichen, dunkelblond-grauen Bart abzurasieren, beispielsweise. F\u00fcnf Minuten sp\u00e4ter war er zwar immer noch 48 Jahre alt, sah aber wieder ein St\u00fcck weit j\u00fcnger aus. Ohne Bart zwar, sodass man die Narbe auf seiner Wange sehen konnte, aber daf\u00fcr hatte er keine grauen Haare mehr im Gesicht. \u201eSusan!\u201c, rief er seiner Frau \u00fcber den Flur hinweg zu. \u201eWir brauchen neuen Rasierschaum!\u201c \u201eDann schreib es auf die Einkaufsliste!\u201c, kam die Antwort von unten aus der K\u00fcche. \u201eOder besser noch: Kauf dir selber welchen!\u201c Jonathan warf seinem Spiegelbild einen letzten, skeptischen Blick zu, dann ging er die Treppe nach unten ins Wohnzimmer, wo Susan und ihr gemeinsamer Sohn Adrian bereits \u00fcber dem Fr\u00fchst\u00fcck sa\u00dfen. \u201eWie jetzt? Ihr habt nicht auf mich gewartet?\u201c, emp\u00f6rte Jonathan sich grinsend und sch\u00fcttete sich ein paar Cornflakes in die Sch\u00fcssel. \u201eNein\u201c, brummte Adrian. \u201eWeil du voll die Diva geworden bist, Dad.\u201c Jonathan fasste sich spielerisch an die Brust und tat so, als h\u00e4tte sein Sohn ihm ein Messer ins Herz gestochen. \u201eAutsch!\u201c, rief er theatralisch. \u201eSowas bin ich ja von deinen Schwestern gewohnt, nicht aber von dir!\u201cAdrian grinste frech und fischte sich die Haare aus der Stirn. \u201eDann freu dich aufs Wochenende, wenn die Zwei uns besuchen kommen\u201c, grinste er. Er schlang den letzten Rest M\u00fcsli hinunter und h\u00fcpfte auf die F\u00fc\u00dfe. \u201eIch muss zur Schule. Wird sp\u00e4t heute, wir haben noch Basketballtraining.\u201c Susan fasste ihren Sohn am Handgelenk. \u201eMeld dich zwischendrin mal!\u201c, forderte sie ihn auf. \u201eSonst kriegen deine armen, alten Eltern noch Sorgenfalten im Gesicht!\u201cAdrian lachte. \u201eDie \u00fcberdecken dann nur eure normalen Falten.\u201c Und mit diesen Worten schnappte er sich seinen Rucksack und war verschwunden. \u201eAutsch\u201c, machte Jonathan erneut. Bedr\u00f6ppelter, diesmal. \u201eDas hat gesessen.\u201cSusan l\u00e4chelte m\u00fcde. Ihr standen die grauen Haare bedeutend besser als ihm. Sie reihten sich in ihre dunkelblonden Locken ein, als w\u00e4re es das Nat\u00fcrlichste auf der Welt. \u201eFalls es dich tr\u00f6stet\u201c, sagte sie und t\u00e4tschelte ihm liebevoll die Schulter, \u201eso viele Falten hast du gar nicht.\u201c \u201eDas tr\u00f6stet mich jetzt ungemein\u201c, erwiderte er sarkastisch. Ungemein. Einige Zeit sp\u00e4ter parkte Jonathan sein Auto vor dem Verwaltungsgeb\u00e4ude der Milit\u00e4rbasis, auf der er seit rund acht Jahren als Ausbilder arbeitete. Damals hatte er diesen Job hier angenommen, weil er sich aus dem aktiven Einsatzdienst zur\u00fcckgezogen hatte. Vorher war er Soldat gewesen. Teil einer der ber\u00fcchtigtsten Spezialeinheiten des amerikanischen Milit\u00e4rs \u2013 der Ghost Recon. Und er war wirklich gut in seinem Job gewesen. \u201aAlpha\u2018 hatte man ihn genannt. Und wie ein Alphatier hatte er sich damals auch aufgef\u00fchrt. Heute hingegen war Jonathan ein anderer Mann. Das lag nicht nur daran, dass er langsam aber sicher auf die f\u00fcnfzig zuging, sondern auch daran, dass er mit diesem Abschnitt seines Lebens abgeschlossen hatte. \u201eWo ist dein Bart hin?\u201c, riss ihn die Stimme seiner Freundin und Vorgesetzten Skylar Jocelyn Price aus den Gedanken. Sie kam in ihrem Rollstuhl, an den sie aufgrund einer Kriegsverletzung gebunden war, in seine Richtung gerollt. Jonathan strich sich \u00fcber die glattrasierten Wangen. \u201eAch, wei\u00dft du\u201c, seufzte er achselzuckend, \u201eich war ihn einfach leid. Und wenn Ava und Zoey am Wochenende auf Heimatbesuch sind, sollen sie nicht denken, ich w\u00fcrde mich gehen lassen.\u201c Skylar l\u00e4chelte. \u201eWie gef\u00e4llt ihnen die Uni?\u201c\u201eGut. Sagen sie zumindest.\u201c Jonathan hatte sich nach wie vor nicht an den Gedanken gew\u00f6hnt, dass seine beiden T\u00f6chter jetzt tats\u00e4chlich erwachsen waren. Aber Ava war schon 22 und ihre j\u00fcngere Schwester Zoey w\u00fcrde in ein paar Monaten 21 werden. Seine beiden kleinen M\u00e4dchen waren zu jungen, h\u00fcbschen, intelligenten Frauen geworden, die mit beiden Beinen fest im Leben standen. Eine Tatsache, die er einfach nicht begreifen konnte. \u201eSei nur froh, dass sie euch \u00fcberhaupt besuchen kommen\u201c, kommentierte Skylar seufzend. \u201eGarret und ich sehen Alisha vielleicht dreimal im Jahr.\u201cBevor das hier in einem \u201ewer von uns hat die unabh\u00e4ngigeren Kinder\u201c-Wettstreit enden konnte, machte sich Jonathan lieber auf den Weg zum Trainingsplatz, um die neuen Rekruten zu begr\u00fc\u00dfen. Wie jedes Jahr kurz vor den Sommerferien schickten diverse Schulen der Umgebung sozial auff\u00e4llige Teenager zu ihnen auf die Milit\u00e4rbasis, um die Kids einer sporadischen Grundausbildung zu unterziehen. F\u00fcr manche der Jungs war das eine Perspektive. F\u00fcr die Mehrheit von ihnen eine Strafe. Jonathan \u00fcbernahm die Kids nicht zum ersten Mal. Aus irgendeinem Grund fanden die anderen Ausbilder, dass er der Beste f\u00fcr diesen Job w\u00e4re. Vielleicht, weil er selbst Kinder hatte. Oder, weil keiner der anderen Lust auf pubertierende, aufm\u00fcpfige Halbstarke hatte. Skylar rollte ihm hinterher. \u201eViel Spa\u00df mit den Kids!\u201c, rief sie ihm noch zu, bevor sie im Inneren des Verwaltungsgeb\u00e4udes verschwand. Ja, dachte Jonathan, den werde ich sicherlich haben...",
            "wordcount": "829",
            "chapter_release": "20.04.2023",
            "chapter_number": "3"
        },
        "4": {
            "text": "Kapitel 4\u201eUnd, was hast du ausgefressen?\u201c Ein Junge mit schwarzem Pferdeschwanz und Nasenpiercing beugte sich zu Taron hin\u00fcber. Dieser rupfte sich die Kopfh\u00f6rer aus den Ohren. \u201eWas?\u201c\u201eWas du ausgefressen hast. Warum du hier bist\u201c, wiederholte der Junge. \u201eSchau dich doch mal um, wir sind alle ausgesto\u00dfene, ungeliebte Problemf\u00e4lle, die hierhin abgeschoben wurden, weil sich sonst niemand f\u00fcr uns zust\u00e4ndig f\u00fchlt. Also, Suchender, was ist deine Geschichte?\u201c \u201eAhja\u201c, machte Taron langgezogen. Ausgesto\u00dfen und ungeliebt f\u00fchlte er sich in der Tat, aber das w\u00fcrde er Mr. Nasenpiercing gegen\u00fcber niemals zugeben. \u201eIch bin hier, weil ich nen Schwanz auf das Auto meines Lehrers gesprayt habe.\u201c Nasenpiercing lachte. \u201eStark.\u201cTaron zuckte mit den Achseln. Er wusste, dass weitaus mehr als das Anspr\u00fchen von Mr. Porters Auto ihn hierher bef\u00f6rdert hatte. Es war vermutlich seine allgemeine Einstellung Autorit\u00e4ten gegen\u00fcber, denn sonst w\u00e4re Justin ebenfalls hergeschickt worden. Der hatte aber blo\u00df einen Monat Nachsitzen und ein paar Sozialstunden aufgebrummt bekommen, w\u00e4hrend Tarons schulische Strafe vorsah, dass er diesen bescheuerten Schnupperkurs auf dieser bescheuerten Milit\u00e4rbasis besuchte. Wobei alles besser war, als bei Mum und Seth in der bescheuerten Wohnung zu hocken. Das ordentliche Veilchen, das nach Seths Pr\u00fcgeln sein Gesicht geschm\u00fcckt hatte, sah man nur noch ansatzweise, aber Tarons Rippen waren immer noch gr\u00fcn und blau. Mr. Porter hatte ganz sch\u00f6n erschrocken ausgesehen, als er seine Verletzungen tags darauf bemerkt hatte. So nach dem Motto \u201aDas hab ich nicht gewollt\u2018 oder so. Tja, hatte Taron gedacht, da haben Sie jetzt ihre schwierigen Verh\u00e4ltnisse. Zufrieden? \u201eIch bin Zach\u201c, sagte Nasenpiercing und hielt ihm die Hand entgegen. \u201eTaron\u201c, erwiderte dieser und sch\u00fcttelte die Hand leicht. Er hatte nicht vor, Freundschaften zu schlie\u00dfen \u2013 wie ein Oberarsch wollte er sich aber auch nicht verhalten. Ein Mann in Uniform, mit kurzen, dunkelblonden Haaren, die stellenweise grau wurden, trat zu Taron und den anderen auf den Sportplatz. Der Kerl war gro\u00df, sch\u00e4tzungsweise \u0001 \u0002, hatte breite Schultern und stechende, hellblaue Augen. Quer \u00fcber seine linke Gesichtsh\u00e4lfte erstreckte sich eine helle Narbe, die von der Augenbraue bis zum Mundwinkel reichte. Taron konnte nicht genau sagen, was der Ausl\u00f6ser daf\u00fcr war, aber aus irgendeinem Grund lie\u00df ihn der Anblick dieses Mannes die Schultern straffen und eine aufrechte K\u00f6rperhaltung einnehmen. Und er war offensichtlich nicht der einzige ihrer Truppe, dem es so erging. Auch Zach und die anderen, deren Namen Taron noch nicht kannte, unterbrachen ihre Gespr\u00e4che und schauten zu Mr. Scarface hin\u00fcber. Dieser schob seelenruhig die H\u00e4nde in die Hosentaschen und wartete, bis ausnahmslos jeder Blick auf ihm ruhte, dann l\u00e4chelte er. \u201eHi\u201c, sagte er in einem Tonfall, der wohl Sympathien wecken sollte. Normalerweise fiel Taron auf solche Spielchen nicht herein. Die Kumpel-Masche zog bei ihm nicht. Aber Scarface gegen\u00fcber traute er sich nicht, einen bl\u00f6den Kommentar abzulassen. Vielleicht, weil der Kerl so aussah, als k\u00f6nne er lediglich unter Zuhilfenahme des kleinen Fingers jeden von ihnen hier auf der Stelle umlegen. \u201eIch bin Lieutenant Colonel Jonathan Turner, f\u00fcr euch Colonel Turner und Sir, und in den kommenden Wochen habt ihr das Vergn\u00fcgen, euch von mir etwas beibringen zu lassen\u201c, fuhr Scarface, immer noch grinsend, fort. \u201eVorausgesetzt, ihr haltet so lange durch.\u201c Er fing an, vor den versammelten Jungs auf und ab zu marschieren. \u201eEs gibt hier genau zwei einfache Regeln. Wenn ihr sie brecht, werdet ihr bestraft und glaubt mir, darauf wollt ihr es nicht anlegen. Regel Nummer eins: Ihr befolgt meine Befehle. Widerstandlos, ausnahmslos, unverz\u00fcglich. Regel Nummer zwei: Keine Drogen. Kein Alkohol, keine Zigaretten, kein Koks, gar nichts. Und jetzt schnappt euch eure Taschen \u2013 ich f\u00fchre euch herum.\u201c Ohne Fragen oder Wiederworte abzuwarten, setzte er sich in Bewegung. Taron und die anderen hatten M\u00fche, ihm zu folgen. \u201eWow\u201c, raunte Zach, der einen riesigen, schwarzen Koffer mit sich schleppte. \u201eDer Kerl ist cool.\u201cTaron zuckte mit den Achseln. \u201eWegen der Narbe, oder was?\u201c\u201eNee. Er gibt mir einfach diesen Krasser-Typ-Vibe, falls du verstehst, was ich meine.\u201c\u201eKeine Ahnung. Ich glaube, dass es auf dieser Welt keinen einzigen coolen Erwachsenen gibt. Ist nen Widerspruch \u2013 cool zu sein und alt zu sein, meine ich.\u201c Zach \u00e4chzte unter dem Gewicht seines Koffers. \u201eWenn wir wirklich wie in diesen ganzen Milit\u00e4rfilmen in einem Etagenbett schlafen m\u00fcssen \u2013 sollen wir uns zusammentun?\u201c, fragte er. \u201eUns ein Bett teilen?\u201c\u201eMeinetwegen. Ich schlafe oben.\u201c\u201eCool.\u201c Zach lachte nerv\u00f6s. \u201eIch\u2026 ich schlafe sowieso lieber unten.\u201c Mr. Scarface, der in Wirklichkeit Colonel Turner hie\u00df, f\u00fchrte sie in einer kurzen Tour \u00fcber die Milit\u00e4rbasis: Im S\u00fcden lag der Eingang mit den Parkpl\u00e4tzen und dem Verwaltungsgeb\u00e4ude, in der Mitte der Anlage fand sich ein gro\u00dfer Sandplatz mit einigen Sportger\u00e4ten, der von einer typisch-roten Laufbahn umrandet wurde. Direkt daneben lag ein Schwimmbecken mit Sprungt\u00fcrmen. Am n\u00f6rdlichen Ende befand sich ein gro\u00dfer Hangar mit einem Hubschrauber-Rollfeld, auf dem zwei Blackhawks standen. Colonel Turner bl\u00e4ute Taron und den anderen jedoch ein, dass sie dort unter keinen Umst\u00e4nden hingehen durften, wenn sie nicht hochkant rausfliegen wollten. Im Osten der Anlage gab es noch einige weitere kleine Geb\u00e4ude, unter anderem den Speisesaal, eine Sanit\u00e4tsstation, mehrere Lagerr\u00e4ume sowie Seminarr\u00e4ume. Zuletzt zeigte Turner ihnen ihre Unterkunft, die am Westende der Basis lag, genau neben den R\u00e4umlichkeiten der hier stationierten Soldaten. Er f\u00fchrte Taron und die anderen Jungs in ein l\u00e4ngliches Zimmer mit vier Etagenbetten und einem angrenzenden Waschraum. Die W\u00e4nde waren mit grauem Putz vermauert, die Fenster waren klein und spendeten nur wenig Licht. Eine nackte Gl\u00fchbirne baumelte von der Decke und es gab weder Bilder noch Pflanzen. Luxuri\u00f6s sah diese Unterkunft nicht gerade aus, aber es war allemal besser als bei Mum und Seth in der Wohnung. Taron hievte seine Reisetasche die Leiter des metallenen Etagenbettes hinauf und breitete sich auf der oberen Matratze aus. Wobei \u201aausbreiten\u2018 definitiv der falsche Begriff daf\u00fcr war, lediglich seinen Pyjama unter die Decke zu stopfen und dann mit im Nacken verschr\u00e4nkten Armen an die Decke zu starren. Er fand, dass es ihn hier eigentlich gar nicht ganz so schlecht getroffen hatte. Alle anderen waren jetzt noch in der Schule, mussten zum Unterricht gehen und sich am Ende der Woche die langweilige Ferienbeginn-Rede ihres Schulleiters anh\u00f6ren. Und Justin, der Arsch, w\u00fcrde auch die ersten zwei Ferienwochen noch nachsitzen m\u00fcssen. Taron selbst hing hier zwar auf einem bl\u00f6den Milit\u00e4rst\u00fctzpunkt fest, blieb daf\u00fcr aber zumindest vor \u00e4tzenden Sozialstunden verschont, bei denen er die Jungentoiletten putzen oder den Schulhof fegen musste oder so. Er schloss die Augen und ein L\u00e4cheln schlich sich auf seine Lippen. Auch wenn er absolut keine Lust auf diesen Mist hier hatte, w\u00fcrde er es zumindest als Auszeit von der Schule und von zu Hause betrachten k\u00f6nnen. Und wenn er hier vielleicht noch lernte, jemanden zu verpr\u00fcgeln, w\u00fcrde er sich bei Seths n\u00e4chstem Wutanfall sogar zur Wehr setzen k\u00f6nnen. \u201eIhr habt es heimelig genug\u201c, riss ihn Scarfaces Stimme aus den Gedanken. \u201eUnd jetzt raus auf den Sportplatz mit euch \u2013 ich will sehen, was ihr so draufhabt.\u201c Auch wenn jede Faser Tarons Seins bei dem Gedanken an Sport das kalte Kotzen bekam, leistete er dem Befehl Folge. War ja schlie\u00dflich Regel Nummer eins. Er kletterte die Leiter nach unten und war schon auf halber Strecke nach drau\u00dfen, als einer der \u00fcbrigen Jungs \u2013 ein schlaksiger Schwarzer mit s\u00fcndhaft teuer aussehenden Schuhen \u2013 das Wort ergriff: \u201eD\u00fcrfen wir uns vorher wenigstens Sportsachen anziehen?\u201c\u201eNein.\u201c Colonel Turner warf ihm einen eiskalten Blick zu. \u201eIch habe jetzt gesagt.\u201c \u201eSchon klar\u201c, hielt Sch\u00fchchen dagegen. \u201eAber\u2026\u201c\u201eWas an der Bedeutung von jetzt begreifst du nicht?\u201c\u201eGar nichts. Aber\u2026\u201c Scarface erstickte die Rechtfertigungsversuche des Jungen mit einem warnenden R\u00e4uspern im Keim. \u201eFalls du dein Schuhwerk f\u00fcr ungeeignet h\u00e4ltst\u201c, knurrte er, \u201ehast du jetzt ganz einfach Pech gehabt. Und derjenige von euch, der immer noch hier drinnen ist, wenn ich bis drei gez\u00e4hlt habe, l\u00e4uft f\u00fcnfzig Extrarunden. Und zwar barfu\u00df.\u201c Er stemmte die H\u00e4nde in die H\u00fcften. \u201eEins\u2026\u201cSch\u00fchchen gab eine Art Jammern von sich und sprintete los. \u201e\u2026 zwei\u2026\u201cDie anderen, Taron eingeschlossen, hetzten hinterher.\u201e\u2026 drei.\u201c Es konnte auch t\u00e4uschen, aber der Anblick der panisch nach drau\u00dfen fl\u00fcchtenden Jungs schien ein Grinsen auf Scarfaces Lippen zu malen. Taron hatte einen Moment lang sogar den Eindruck, ihn schadenfroh kichern zu h\u00f6ren\u2026",
            "wordcount": "1.343",
            "chapter_release": "21.05.2023",
            "chapter_number": "4"
        },
        "5": {
            "text": "Kapitel 5Das mit dem bis drei z\u00e4hlen hatte Jonathan sich von seiner Frau abgeguckt. Bei ihrem Job als Vorschullehrerin musste Susan andauernd solche Ma\u00dfnahmen ergreifen, um die Kinder zu b\u00e4ndigen. Nur dass sie es in aller Regel mit unschuldigen F\u00fcnfj\u00e4hrigen und nicht mit aufm\u00fcpfigen Teenies zu tun hatte. Aber ganz gleich wie aufm\u00fcpfig sie auch zu sein versuchten \u2013 Jonathan hatte bisher noch jeden von ihnen gebrochen. Schwer erziehbare Jugendliche waren nur so lange schwer erziehbar, bis ihnen ein kr\u00e4ftezehrendes Sportprogramm und dauerhaftes Anschreien den Rest gaben. Es war vielleicht ein sadistischer Gedanke, aber manchmal war das Sch\u00fcren von Angst der effizienteste Weg zum Ziel. Und nun standen die acht Spezialisten vor ihm, in einer Reihe nebeneinander, und starrten ihn hin- und hergerissen zwischen Ehrfurcht und Panik aus gro\u00dfen Augen an. Acht Jungs im Alter von sechzehn bis siebzehn Jahren, die unterschiedlicher nicht sein k\u00f6nnten. Jonathan lie\u00df seinen Blick einen Moment lang \u00fcber ihre verunsicherten Gesichter schweifen. So gab es beispielsweise den t\u00e4towierten Latino mit dem F\u00fcnf-Millimeter-Haarschnitt, der Jonathan an seine Zeit in Lateinamerika erinnerte, als er und sein Team ein bolivianisches Drogenkartell zerschlagen hatten, oder den schn\u00f6selig aussehenden Jungen mit den teuren Schuhen, der ein derart buntes Hemd trug, als wolle er jedem seine afrikanischen Wurzeln unter die Nase reiben. Au\u00dferdem auffallen tat ihm ein Junge mit pechschwarzen Haaren und grau-braunen Augen, dessen Gesicht noch von den letzten Ausl\u00e4ufern eines blauen Auges geziert wurde. Er stand neben einem Jungen mit Nasenpiercing und Pferdeschwanz, der ein T-Shirt mit der Aufschrift \u201eIch mache keine Fehler, ich erschaffe Katastrophen\u201c trug. Jonathan nahm sich vor, den Jungs gleich morgen fr\u00fch eine Uniform zu geben, damit er solche f\u00fcrchterlichen Spr\u00fcche nicht l\u00e4nger lesen musste. \u201eWorauf wartet ihr noch?\u201c, rief er ihnen entgegen, nachdem er ihre verunsicherten Blicke noch einen Moment lang ausgekostet hatte. \u201eDrei\u00dfig Runden f\u00fcr den Anfang sollten gen\u00fcgen.\u201c Er klatschte ein paarmal in die H\u00e4nde, gab dadurch ein Tempo vor, in dem sie laufen sollten und beobachtete mit einer gewissen Genugtuung, wie sie tats\u00e4chlich alles aus sich herausholten. Ein paar Minuten schaute er ihnen zu, bellte ihnen den ein oder anderen Kommentar in Richtung \u201eEure Oma l\u00e4uft schneller als ihr\u201c hinterher, dann gesellte sich irgendwann sein Mit-Ausbilder Jeffrey Dalton zu ihm. Jeffrey war, genau wie Jonathan, Soldat gewesen. Hatte sich eine Kugel eingefangen, weshalb er sein linkes Bein nicht mehr richtig bewegen konnte und seither einen Gehstock ben\u00f6tigte. Aber abgesehen davon, dass Jeffrey die Geschichte, wie es zu dieser Verletzung kam, hundertmal am Tag erz\u00e4hlte, war er eigentlich ein netter Kerl. Meistens, jedenfalls. \u201eNa?\u201c, fragte er und klopfte Jonathan auf den R\u00fccken. \u201eL\u00e4sst du die Kids laufen?\u201cJonathan nickte und schob die H\u00e4nde in die Hosentaschen. \u201eSind wieder ein paar Koryph\u00e4en dabei, sag ich dir.\u201c Er machte eine schwammige Kopfbewegung in Richtung des Jungen mit den feinen Ledersch\u00fchchen und dem Hippie-Hemd. \u201eEr zum Beispiel. Definiert sich \u00fcber seine Schuhe.\u201c Eine weitere schwammige Geste auf einen Jungen mit blauen Haaren und riesigen Tunneln in den Ohren. \u201eOder er hier. Denkt, ich h\u00e4tte nicht gemerkt, wie er ein T\u00fctchen mit Gras in seinen Kopfkissenbezug gestopft hat.\u201cJeffrey lachte. \u201eDie Jugend von heute\u201c, kommentierte er achselzuckend. \u201eWas hast du noch alles mit ihnen vor? Scheuchst du sie \u00fcber den Parcours? Oder lieber durchs Schwimmbecken?\u201c\u201eMal sehen. Kommt drauf an, wie erledigt sie gleich sind.\u201c Jonathans Blick fiel auf den Jungen mit den schicken Schuhen, der mittlerweile nur noch humpelnd vorw\u00e4rtskam. Trug vermutlich keine Socken in diesen Tretern und lief sich jetzt die Hacken wund. Anf\u00e4ngerfehler. \u201eWenn sie dir zu sehr auf die Nerven gehen\u201c, meinte Jeff grinsend, \u201eschick ein paar r\u00fcber zu mir. Die k\u00f6nnen mir beim Sortieren der Munition helfen.\u201cEin heiseres Lachen kam \u00fcber Jonathans Lippen. \u201eKamerad Lackschuh hier dr\u00fcben kannst du gerne haben. Er klappt zusammen in drei, zwei\u2026\u201cAls w\u00e4re das sein Stichwort gewesen, lie\u00df sich der Junge auf die Knie fallen und w\u00e4lzte sich kurz darauf auf dem Boden.\u201eOh weh\u201c, machte Jeffrey grinsend. \u201eArmes W\u00fcrstchen.\u201cJonathan ignorierte ihn und joggte zu dem Jungen hin\u00fcber, der schwer atmend am Boden hockte und von dessen Kinn eine Mischung aus Schwei\u00df, Speichel und Tr\u00e4nen tropfte. Der erste von acht jungen M\u00e4nnern, dem Jonathan heute seine Grenzen aufgezeigt hatte. Das Geheule des Teenagers verbuchte er als einen Sieg auf sein Konto. Dann ging er neben ihm in die Hocke und schaute ihm forschend in die Augen. \u201eWas ist los?\u201c\u201eIch\u2026 kann\u2026 nicht\u2026 mehr\u201c, keuchte der Junge mit rasselndem Atem. \u201eSeitenstiche. Und\u2026 meine F\u00fc\u00dfe\u2026\u201cJonathan half ihm beim Aufstehen und zog die Arme des Jungen in die Luft. \u201eTief und gleichm\u00e4\u00dfig atmen\u201c, wies er ihn an. \u201eNicht verkrampfen. Wie hei\u00dft du?\u201c\u201eO-O-Oliver\u201c, japste er. \u201eOliver Wilson.\u201c \u201eOkay.\u201c Jonathan legte ihm eine Hand auf den R\u00fccken. \u201eH\u00f6r mir gut zu, Oliver. Das hier werden nicht deine ersten und mit Sicherheit auch nicht deine letzten Seitenstiche sein. Wenn du jetzt ein echter Rekrut in der Grundausbildung w\u00e4rst, w\u00fcrde ich dich solange weiterlaufen lassen, bis du ohnm\u00e4chtig wirst. Aber heute will ich mal nicht so sein. Ist ja dein erster Tag hier.\u201c Er zeigte hin\u00fcber zu Jeff. \u201eDer Kerl da dr\u00fcben ist mein Kollege Major Dalton. Du kannst ihn begleiten und dir von ihm ein Bisschen was \u00fcber Munition beibringen lassen. Und wenn du dich erholt hast, kommst du wieder her.\u201c Oliver nickte und wischte sich die K\u00f6rperfl\u00fcssigkeiten aus dem Gesicht. \u201eDanke\u201c, kr\u00e4chzte er. Jonathan hob mahnend den Zeigefinger. \u201eDanke, Sir\u201c, korrigierte er. \u201eUnd benimm dich, ja? Wenn mein Kollege mir heute nach Feierabend sagt, dass du Mist gebaut hast, lasse ich dich morgen nicht so glimpflich davonkommen. Ist das klar?\u201c\u201eJa, Sir.\u201c Der Junge hatte nicht nur erstaunlich schnell begriffen, wie das Machtgef\u00fcge hier funktionierte, er salutierte sogar schlampig. Jonathan klopfte ihm grinsend auf den R\u00fccken. \u201eDas \u00fcben wir noch. Und jetzt geh und zieh dir vern\u00fcnftige Schuhe an.\u201c",
            "wordcount": "973",
            "chapter_release": "21.05.2023",
            "chapter_number": "5"
        },
        "6": {
            "text": "Triggerwarnung: Drogenkonsum Kapitel 6Taron war fix und alle, als er am Nachmittag unter die Dusche stieg. Colonel Turner hatte sie nicht nur laufen, sondern auch Klimmz\u00fcge, Liegest\u00fctze sowie Burpees machen lassen. Ein strammes Sportprogramm lag hinter ihm, jeder seiner Muskeln brannte und er bezweifelte wirklich stark, dass er es morgen \u00fcberhaupt aus dem Bett schaffen w\u00fcrde. Vielleicht h\u00e4tte er es wie Oliver machen sollen. Wobei, eigentlich beneidete er ihn nicht wirklich. Olivers F\u00fc\u00dfe sahen n\u00e4mlich so aus, als h\u00e4tte man sie mit Schmirgelpapier bearbeitet. Taron seufzte und drehte das Duschwasser hei\u00dfer, denn er hatte mal auf einem dieser Fitness-Channel auf Instagram gelesen, dass hei\u00dfes Wasser Muskelkater vorbeugen konnte. Sie hatten den Nachmittag zur freien Verf\u00fcgung. Eigentlich hatte er in dieser Zeit seinen Laptop aufbauen und vielleicht eine Runde League of Legends zocken wollen. Aber erstens traute er dem WLAN-Empfang in ihrer Unterkunft nicht \u00fcber den Weg und zweitens h\u00e4tte er auch nicht gewusst, wen er zum Zocken auffordern sollte. Justin nicht, soviel stand mal fest. Er lie\u00df sich mit seiner Dusche daher reichlich Zeit \u2013 davon hatte er ja anscheinend mehr als genug \u2013 und zog sich dann ein sauberes T-Shirt und eine Jeans \u00fcber. In ihrem Schlafraum sa\u00dfen nur Zach und einer der anderen, dessen Namen Taron nicht kannte, die beide aber in ihre Handys vertieft waren. Sonderlich gespr\u00e4chig schien keiner von ihnen zu sein, weshalb Taron es vorzog, sich drau\u00dfen nach einer Besch\u00e4ftigung umzusehen. Wenn er jetzt zu Hause w\u00e4re, w\u00fcrde er sich mit Gras zudr\u00f6hnen. Das half n\u00e4mlich mindestens genauso gut gegen Muskelschmerzen wie eine hei\u00dfe Dusche. Justin hatte immer Stoff dabei, weil er den von seinem \u00e4lteren Bruder gesteckt bekam. Aber Justin, der Verr\u00e4ter, war nicht hier. Und Mum hatte Taron vor seiner Abreise s\u00e4mtliche Zigaretten aus der Tasche entwendet. \u201eWenn du weg bist, h\u00f6rst du vielleicht endlich auf, diese Dinger zu rauchen\u201c, hatte sie gesagt, \u201eund begreifst, was f\u00fcr ein Gift die sind!\u201c Gift. Pah. Schei\u00df drauf, ob er in f\u00fcnfzig Jahren an Lungenkrebs sterben w\u00fcrde. YOLO. Mum konnte nur froh sein, dass Taron von Heroin und Meth die Finger lie\u00df. Er war zwar ein Junkie, aber ein Junkie mit Prinzipien. Gedankenverloren schlenderte er durch die Gegend. Es war warm, f\u00fcr Ende Juli allerdings kein Wunder. Wenn er jetzt nicht hier festsitzen w\u00fcrde, w\u00e4re er mit den Jungs vielleicht raus zum Baggersee gefahren, h\u00e4tte sich volllaufen lassen und ein paar M\u00e4dels abgecheckt. Nicht, dass Taron scharf drauf w\u00e4re, eine Freundin zu haben oder so. Aber gucken war trotzdem gut. Oh fuck, was w\u00fcrde er jetzt f\u00fcr eine Zigarette und einen Porno geben?! \u201eDu siehst so aus, als k\u00f6nntest du Stoff gebrauchen.\u201c Eine Stimme riss Taron aus den Gedanken. Der Typ mit den blauen Haaren und den gewaltigen Tunneln in den Ohren sa\u00df rauchend auf einer Mauer und grinste Taron frech entgegen. Dann hielt er ihm einen Joint entgegen. \u201eWillste nen Zug?\u201cHimmel, der Kerl kam wie gerufen. Taron nickte und inhalierte tief. \u201eIst das so offensichtlich?\u201c, fragte er, nachdem er den Joint an Mr. Blauhaar zur\u00fcckgegeben hatte. Dieser zuckte mit den Achseln. \u201eIch erkenne einen Gleichgesinnten, wenn ich ihn sehe.\u201c Dann l\u00e4chelte er. \u201eBin \u00fcbrigens Conor.\u201c\u201eTaron.\u201c Conor paffte eine nach Gras riechende Wolke in die Luft und verschr\u00e4nkte die Arme im Nacken. \u201eSo ein Schei\u00df, sag ich dir. Dieses Weed ist das Letzte, das mein Dad mir nicht weggenommen hat. Ich hatte es drau\u00dfen im Gartenhaus versteckt, hinter dem beschissenen Kaninchenstall. Fuck, als der Idiot herausgefunden hat, dass ich kiffe, hat er mein gesamtes Zimmer auf den Kopf gestellt und mich f\u00fcr diesen Schei\u00df hier angemeldet. Aber bei den kack Hasen hat er nicht gesucht. Gl\u00fcck f\u00fcr uns, was?\u201c\u201eMeine Mum hat mir auch all mein Zeug weggenommen\u201c, entgegnete Taron. \u201eSie hat meine Tasche durchw\u00fchlt, bevor sie mich hier abgesetzt hat.\u201c \u201eEltern\u201c, postulierte Conor rauchend, \u201esind Arschl\u00f6cher.\u201cPl\u00f6tzlich sp\u00fcrte Taron wieder dieses seltsame Kribbeln im Bauch, das er bereits bei seiner Flucht vor dem Sportlehrer gesp\u00fcrt hatte. Als w\u00fcrde irgendein Teil von ihm Gefahr wittern. Und dieses Mal h\u00f6rte er auf sein Bauchgef\u00fchl, sprang von der Mauer und trat den Joint aus. Leider nicht schnell genug. Eine gro\u00dfe, furchteinfl\u00f6\u00dfend kr\u00e4ftige Hand packte ihn im Nacken. \u201eWas wird das hier?\u201c, fragte Colonel Turner und besah Taron und Conor mit einem eiskalten Blick. Am liebsten h\u00e4tte Taron jetzt die Beine in die Hand genommen und das Weite gesucht. Aber nach dem beschissenen Sportprogramm w\u00e4re er vermutlich keine zehn Meter weit gekommen. \u201e\u00c4h\u201c, stammelte Conor nerv\u00f6s. \u201eWir haben\u2026 nur ein bisschen gechillt?\u201c\u201eAufstehen\u201c, blaffte Turner, woraufhin Conor ebenfalls von der Mauer sprang. \u201eArme zu den Seiten ausstrecken.\u201c Taron tat, wie ihm gehei\u00dfen. Zorn und Furcht fochten in seinem Inneren gegeneinander an, aber er stand ganz still und lie\u00df es zu, dass Turner seine Kleidung abtastete. Bei Taron fand er nichts, aus Conors Jackentasche zog er allerdings ein T\u00fctchen Gras. \u201eIch habe euch heute Morgen erkl\u00e4rt\u201c, knurrte er, \u201edass es hier genau zwei Regeln gibt. Wer von euch erinnert sich an diese Regeln?\u201cTaron schwieg. Er erinnerte sich zwar, w\u00fcrde aber keinen Mucks von sich geben. Das hatte er inzwischen perfektioniert \u2013 Schweigen brachte die Menschen aus dem Konzept. Leider war Conor nicht ganz so clever. \u201eW-wir sollen Ihren Befehlen folgen\u201c, antwortete er. \u201eUnd\u2026 Drogen sind verboten.\u201cTurner nickte und schnippte mit dem Zeigefinger gegen das T\u00fctchen aus Conors Jackentasche. \u201eUnd ich wei\u00df ja nicht, wie es euch geht, aber f\u00fcr mich sieht das ganz stark nach Marihuana aus. Oder?\u201c Dieses Mal schwieg selbst Conor. \u201eOder?\u201c, wiederholte Turner nun etwas sch\u00e4rfer. \u201eJ-j-ja\u201c, stammelte Conor. \u201eDas ist Gras.\u201cTaron beobachtete immer noch schweigend, wie Turner das T\u00fctchen in seiner Brusttasche verschwinden lie\u00df und dann ein wirklich d\u00fcsteres Gesicht machte. \u201eMitkommen\u201c, befahl er. Beide Jungs hetzten ihm hinterher, als er strammen Schrittes in Richtung des Verwaltungsgeb\u00e4udes ging. Taron wusste nicht, was jetzt passieren w\u00fcrde. Vermutlich w\u00fcrden sie eine Strafe bekommen. Oder nach Hause geschickt werden? Oh schei\u00dfe, Seth w\u00fcrde ihn umbringen, wenn er hier rausflog! Turner f\u00fchrte ihn und Conor einen schmalen, mit braunem Teppichboden bezogenen Flur entlang und stie\u00df die T\u00fcr zu einem B\u00fcro auf. Vor dem kleinen Fenster stand ein Schreibtisch, auf dem ein Computermonitor und ein Telefon platziert waren. Au\u00dferdem fanden sich ein paar Bilderrahmen daneben, aber von seiner Position aus sah Taron nur die R\u00fcckseiten und nicht die Fotos, die in ihnen klemmten. Dann gab es noch einen mit einem Vorh\u00e4ngeschloss versperrten Schrank und ein Regal mit ein paar B\u00fcchern darin. Lexika, Gesetzestexte, Atlanten. Sonderlich oft schienen sie nicht benutzt zu werden. \u201eHinsetzen\u201c, befahl Turner. Die Jungen lie\u00dfen sich schweigend auf die zwei Plastikst\u00fchle sinken, die neben dem Schrank standen. Er selbst umrundete den Schreibtisch, zog aus dessen Schublade einen Ordner hervor und knallte ihn auf die Tischplatte. \u201eEure Namen.\u201c\u201eDesmond\u201c, stammelte Conor. \u201eConor Desmond.\u201c\u201eTaron Wiley.\u201c Turner bl\u00e4tterte in dem Ordner, dann griff er nach dem Telefon auf dem Schreibtisch. \u201eWas haben Sie vor?\u201c, kr\u00e4hte Conor panisch. \u201eEure Eltern anrufen. Ich muss sowas melden.\u201c\u201eBitte nicht! Wenn Sie das meinem Dad sagen, wird er mich umbringen!\u201c\u201eNicht mein Problem.\u201c Turner w\u00e4hlte, dr\u00fcckte das Telefon an sein Ohr und wartete. Taron sp\u00fcrte einen Klo\u00df in seinem Hals, als er das Tuten durch den H\u00f6rer vernahm. Das hier war keine blo\u00dfe Einsch\u00fcchterungstaktik, Turner rief ihre Eltern wirklich an. Und mit jedem Tuten des Telefons schien ein Teil von Taron immer weiter zu schrumpfen. Mum w\u00fcrde ausflippen, wenn sie hiervon erfuhr. Und Seth w\u00fcrde ihn vermutlich gleich wieder verpr\u00fcgeln. \u201eDu hast Gl\u00fcck, Wiley\u201c, sagte Turner und legte auf. \u201eGeht keiner ran bei dir zu Hause.\u201cOh, danke Gott f\u00fcr Mums Arbeitszeiten! Sie hatte sicherlich Nachtschicht und Seth war bestimmt in der Kneipe nebenan abgestiegen. Er atmete kaum h\u00f6rbar \u0001 \u0002 hingegen hatte nicht ganz so viel Gl\u00fcck. Keine zehn Sekunden nachdem Turner die Nummer seiner Eltern gew\u00e4hlt hatte, meldete sich eine M\u00e4nnerstimme am anderen Ende der Leitung. \u201eHi, Mr. Desmond. Hier ist Jonathan Turner von der\u2026\u201c Aufgeregtes Stimmengewirr war zu h\u00f6ren. Dann wieder Turner: \u201e\u2026ja, genau, ich rufe an wegen Ihres Sohnes.\u201c Conor gab ein leises Winseln von sich. Taron empfand Mitleid. \u201eIch wollte Sie nur dar\u00fcber in Kenntnis setzen\u201c, sagte Turner seltsam ruhig, ohne den Blick von den beiden Jungen abzuwenden, \u201edass ich Conor heute bei der Einnahme von Marihuana erwischt habe. Jetzt lieg es in Ihrem Ermessen, ob Sie ihn von hier abholen m\u00f6chten oder ob er bleiben soll.\u201c Erneut die M\u00e4nnerstimme, aber Taron verstand kein Wort auf die Distanz. \u201eNein, nein, das wird selbstverst\u00e4ndlich geahndet. Aber falls Sie ihn in medizinische oder psychologische Betreuung geben wollen\u2026\u201cDann wieder die M\u00e4nnerstimme, lauter diesmal, sodass Taron ein paar Fetzen aufschnappen konnte. \u201eKleiner Hurensohn\u201c, h\u00f6rte er Conors Vater rufen. \u201e\u2026 mit ihm sprechen.\u201cTurner nickte und beorderte Conor mit einem Kopfnicken an seine Seite. Dann hielt er ihm kommentarlos das Telefon entgegen. \u201eHi Dad\u201c, winselte Conor. Bei dem darauffolgenden Gebr\u00fcll aus dem Telefonh\u00f6rer bekam selbst Taron eine G\u00e4nsehaut. Der Junge schluchzte leise auf, murmelte ein \u201ekommt nie wieder vor\u201c und legte auf. Er gab Turner das Telefon zur\u00fcck und wischte sich die Tr\u00e4nen aus dem Gesicht. \u201eMitkommen\u201c, befahl dieser. \u201eNur du, Desmond. Wiley \u2013 du bleibst hier. Ich bin gleich zur\u00fcck.\u201c Taron lauschte Conors verzweifeltem Schniefen, das mit jedem Schritt, den er und der Ausbilder sich von dem B\u00fcro entfernten, ein Bisschen leiser wurde. Dann, als er ganz sicher war, dass die Beiden au\u00dfer H\u00f6r- und vor allem Sichtweite waren, sprang er auf die F\u00fc\u00dfe und umrundete den Schreibtisch. Zuerst stachen ihm die Fotos ins Auge, die er vorhin nicht hatte sehen k\u00f6nnen. Familienaufnahmen, vorrangig \u2013 Turner mit einer Frau und drei Kindern. Ein Familienvater also. Irgendwie passte das nicht zu ihm. Dann noch ein Bild von ihm in Einsatzkleidung mit zwei weiteren Soldaten. Einem Mann und einer Frau. Rein vom Optischen her schien diese Aufnahme etwa zehn Jahre her zu sein. Schlie\u00dflich wandte Taron den Blick ab von den Fotos, denn von gr\u00f6\u00dferem Interesse war f\u00fcr ihn der Ordner, der immer noch aufgeschlagen auf der Tischplatte lag. Mit flinken Fingern bl\u00e4tterte er hindurch. Er fand einen Haufen Adresslisten, Zeugnisse und Schulgutachten, alphabetisch sortiert. Er bl\u00e4tterte zum W und suchte nach seinen eigenen Unterlagen. Sein letztes Zeugnis mit den ganzen Fehlkursen war dort abgeheftet, genauso wie ein Schreiben des Direktors, das ihn als einen \u201eschwer beschulbaren Jugendlichen\u201c auswies. Vollidiot. Und dann noch ein polizeiliches Gutachten \u00fcber einen Fall von Sachbesch\u00e4digung mit dem Datum des Tages, an dem Taron und Justin das Auto des Vertrauenslehrers bespr\u00fcht hatten. Er fand, dass er vorerst genug gesehen hatte, bl\u00e4tterte schnell zur\u00fcck auf die urspr\u00fcnglich offenliegende Seite und huschte zu seinem Stuhl zur\u00fcck. Mr. Porter, dieses Arschloch, hatte also doch Anzeige erstattet. Soviel dazu, die Angelegenheit auf dem friedlichen Wege zu kl\u00e4ren. Beschissener Heuchler. Ging ihm wahrscheinlich nur ums Geld. Aber als kurz darauf Colonel Turner zur\u00fcck ins B\u00fcro kam, zwang sich Taron dazu, seinen Zorn wegen Porters Heuchlerei tapfer hinunterzuschlucken. Er hatte schlie\u00dflich schon genug \u00c4rger am Hals \u2026",
            "wordcount": "1.809",
            "chapter_release": "20.06.2023",
            "chapter_number": "6"
        },
        "7": {
            "text": "Kapitel 7Turner f\u00fchrte Taron in Richtung eines kleinen, unscheinbaren Geb\u00e4udes, das ein wenig abseits der \u00fcbrigen stand. Das Geb\u00e4ude hatte keine Fenster, im Inneren war es stockduster und staubig und es roch nach abgestandener Luft. Doch dann schaltete Turner das Licht ein und Taron fand sich in einem Raum wieder, in dem sich vom Boden bis zur Decke Milit\u00e4rausr\u00fcstung stapelte. Uniformen, schusssichere Westen, Helme, Munition, Waffen. Taron konnte nicht anders, ein \u00fcberrumpeltes \u201eBoah\u201c kam \u00fcber seine Lippen. Noch im selben Augenblick kam er sich vor, wie ein Vollidiot. Turner hingegen schmunzelte und klopfte ihm auf den R\u00fccken. \u201eWillkommen im Waffenlager, Wiley\u201c, sagte er. \u201eHier darfst du mir die n\u00e4chsten zwei Stunden Gesellschaft leisten.\u201c Er dr\u00fcckte Taron einen handbeschriebenen Zettel in die Hand. \u201eInventur\u201c, kommentierte er. \u201eMit der Kiste mit dem gro\u00dfen \u201aA\u2018 darauf geht\u2019s los. Z\u00e4hl alles durch und trag die Anzahl in die Liste ein. Unbrauchbare Dinge sortierst du aus und schmei\u00dft sie hier rein.\u201c Er zeigte auf einen gewaltigen gelben Sack neben der \u0001 \u0002 verbiss sich einen Kommentar dar\u00fcber, dass sie damit ja wohl noch die n\u00e4chsten f\u00fcnf Wochen besch\u00e4ftigt sein w\u00fcrden und machte sich an die Arbeit. Er schnappte sich die von Turner beschriebene Kiste und klappte den Deckel auf. Ein Haufen Stiefel purzelte ihm entgegen. Ein paar funkelnagelneue Paare waren dabei und auch einige, die so aussahen, als h\u00e4tten sie schon zu Zeiten der Weltkriege existiert. Wenn das hier eine Schulaufgabe gewesen w\u00e4re, h\u00e4tte er sich einfach verpisst. Aber er war hier nicht in der Schule und aus irgendeinem Grund hatte er gewaltigen Respekt vor Colonel Turner. Respekt und irgendwie auch ein wenig Angst. Er notierte daher brav, was er im Inneren der Kiste vorfand. Insgesamt 30 Paar Stiefel. Zehn in Schuhgr\u00f6\u00dfe 10, zehn in \u0001 \u0002, f\u00fcnf in 11 und f\u00fcnf in 12. F\u00fcr unbrauchbar befand er eines der Paare in 10, bei dem die \u00d6sen f\u00fcr die Schn\u00fcrsenkel herausgerissen waren, und eines in 12, das ein gro\u00dfes Brandloch aufwies. Blieben also 28 Paar Stiefel \u00fcbrig, die er in die Liste eintrug. Zufrieden mit seinem Werk schaute er zu Turner hin\u00fcber, der \u00fcber den Campingkochern aus Kiste B br\u00fctete. \u201eWie funktioniert so ein Teil?\u201c, fragte Taron neugierig und kam sich deswegen quasi noch in derselben Sekunde d\u00e4mlich vor \u2013 schlie\u00dflich war das hier eine Strafe und keine Unterrichtsstunde. Doch Turner schaute mit einem L\u00e4cheln auf den Lippen zu ihm auf und klopfte einladend auf den Boden neben sich. \u201eSetz dich und ich zeige es dir.\u201c Er griff in die Kiste und zog eine kleine Metalldose heraus. Esbit stand darauf. \u201eDas hier\u201c, erkl\u00e4rte er, \u201eist Trockenspiritus. Das Zeug brennt lichterloh, wenn du es anz\u00fcndest. \u00dcber die Flamme kannst du dann eine von denen hier stecken.\u201c Er nahm sich eine metallische Klemm-Konstruktion und dr\u00fcckte sie Taron in die Hand. \u201eProbier\u2018s mal aus.\u201cTaron nickte und nachdem die ersten Versuche ungeschickt gescheitert waren, schaffte er es schlie\u00dflich, den Kocher fach- und sachgerecht aufzubauen. \u201eUnd jetzt\u201c, fuhr Turner fort, \u201eleg mal ein St\u00fcckchen Esbit unten rein.\u201c Taron tat, wie ihm gehei\u00dfen. Die wei\u00dfen W\u00fcrfelchen aus Trockenspiritus stanken wie vergammelter Fisch. Er r\u00fcmpfte angeekelt die Nase. Dann z\u00fcckte Turner aus seiner Hosentasche ein Feuerzeug, lie\u00df eine kleine Flamme aufschnappen und hielt sie an den Brennstoff. Sofort fing dieser Feuer, verbreitete aber eine ordentliche Wolke weiteren Gestankes in dem fensterlosen Raum. Taron wedelte sich mit der Hand vor der Nase herum und verzog das Gesicht. \u201eDas Zeug stinkt abartig!\u201cTurner grinste blo\u00df und lie\u00df das Feuerzeug in seiner Tasche verschwinden. \u201eNaja, das hier soll ja auch eine Strafe sein, Kleiner. Also, nimm einen tiefen Atemzug, lass mich bei den Kochern weitermachen und kn\u00f6pf dir die Feldflaschen aus Kiste C vor. Und deine Neugierde, Wiley, find ich gut. Wenn du Fragen hast \u2013 immer her damit.\u201cEr schenkte Taron ein L\u00e4cheln, das dieser wirklich gern erwiderte, ehe er sich besagter Kiste C \u0001 \u0002 gute Stunde sp\u00e4ter hatten sich die Beiden bis zu den Kisten mit den Waffen vorgearbeitet. Taron schwirrte der Kopf vor lauter Listenf\u00fchrung, aber bei dem Anblick der gewaltigen Scharfsch\u00fctzengewehre, die sie nun zu inspizieren hatten, schlug sein kleines Gamer-Herzchen bedeutend schneller. \u201eHey, Colonel Turner\u201c, rief er. \u201eIch hab mich gerade gefragt, wie das mit dem Aussortieren bei den Waffen funktionieren soll. Also\u2026 wie finden wir raus, wann man sie wegtun soll?\u201cTurner, der bis zuletzt verschiedene Wasserfiltersysteme gecheckt hatte, kam ein wenig steif auf die F\u00fc\u00dfe und klopfte sich den Staub aus der Hose. \u201eNicht hier drinnen, so viel steht fest. Nimm die Kiste mit nach drau\u00dfen \u2013 wir statten dem Schie\u00dfstand einen kleinen Besuch ab.\u201c Kindliche Vorfreude kam in Taron auf, als er und der Ausbilder die Kiste mit den Gewehren darin nach drau\u00dfen wuchteten. Turner f\u00fchrte ihn zu einer gro\u00dfen Freifl\u00e4che, an deren Ende kleine Zielscheiben aufgebaut waren. \u201eDas hier\u201c, erkl\u00e4rte er und zog eines der Gewehre aus der Kiste, \u201eist ein M24-Scharfsch\u00fctzengewehr. Schon mal gesehen?\u201cTaron sp\u00fcrte, wie seine Handfl\u00e4chen das Schwitzen anfingen. \u201eNur in Videospielen\u201c, antwortete er. Aber auf seinem Computerbildschirm hatte die Waffe nicht so gro\u00df ausgesehen; sie ma\u00df mindestens einen Meter. \u201eHier.\u201c Turner hielt ihm das Gewehr entgegen. \u201eIst nicht geladen, keine Angst.\u201c Ehrf\u00fcrchtig nahm Taron die Waffe an sich. Sie war schwer, sch\u00e4tzungsweise f\u00fcnf Kilo. Schwerer, als man sich vorstellte, wenn man sie sonst nur per Mausklick steuerte. Probehalber legte er sie an seine Schulter und richtete den Lauf in Richtung der Zielscheiben. Es war ein unglaubliches Gef\u00fchl. Kurz schloss er die Augen und stellte sich vor, ein Soldat im Kampfeinsatz zu sein und die B\u00f6sewichte aus der Distanz abzuknallen. \u00dcberw\u00e4ltigt lie\u00df er das Gewehr sinken und gab es zur\u00fcck an Turner, welcher ihm im Gegenzug einen Satz Ohrensch\u00fctzer in die Hand dr\u00fcckte. \u201eHier. Die wirst du brauchen, wenn dir dein Trommelfell am Herzen liegt.\u201c Taron beeilte sich, die Kopfh\u00f6rer aufzusetzen und schaute dann abwartend zu Turner hin\u00fcber.\u201eGut. Dann sehen wir mal\u201c, meinte dieser und schob ein paar Patronen in den daf\u00fcr vorgesehenen Spalt, \u201ewas das Baby noch draufhat.\u201c Er legte die Waffe an, was bei ihm unglaublich professionell aussah, und lud sie durch. Taron hatte das Gef\u00fchl, ihm w\u00fcrden trotz der Kopfh\u00f6rer die Ohren wegfliegen, als sich kurz darauf ein Schuss l\u00f6ste. Turner bet\u00e4tigte einen kleinen Hebel an der Seite des Gewehrs, der die leeren H\u00fclsen nach drau\u00dfen spuckte und eine neue Patrone bereitmachte. \u201eEingerostet\u201c, kommentierte er mit einem gequ\u00e4lten L\u00e4cheln auf den Lippen. \u201eDas Gewehr?\u201c, fragte Taron und widerstand der Versuchung, sich nach den leeren Patronenh\u00fclsen zu b\u00fccken und als Andenken mitzunehmen. Turner lachte. \u201eNein. Ich. Das Gewehr funktioniert einwandfrei. Willst du es testen?\u201c Tarons kindliche Vorfreude wuchs ins Unermessliche. \u201eJa!\u201c, platzte es ihm heraus. Und wie er das wollte! \u201eDarf\u2026 darf ich denn?\u201c\u201eHmmh\u201c, kam die gutm\u00fctig gebrummte Antwort. \u201eIch zeig dir, wie.\u201c Turner half ihm dabei, das Gewehr anzulegen und die richtige Haltung einzunehmen. \u201eErschrick dich nicht vor dem R\u00fccksto\u00df\u201c, warnte er noch, aber Taron h\u00f6rte ihn kaum. Er schaute durch das Zielfernrohr, das auf der Oberseite der Waffe montiert war, und nahm die Zielscheibe ins Visier. Sein Atem ging ruhig und gleichm\u00e4\u00dfig. Er konzentrierte sich auf seinen Herzschlag. Und dann schoss er. Der Knall war ohrenbet\u00e4ubend. Vor dem R\u00fccksto\u00df war er zwar gewarnt worden \u2013 er riss ihm trotzdem den Boden unter den F\u00fc\u00dfen weg. Das Gewehr krachte unsanft gegen seine Schulter und Taron stolperte einen Schritt nach hinten. Genau in die Arme von Colonel Turner. \u201eHoppla\u201c, lachte dieser. \u201eAlles okay?\u201cTaron nickte und lief knallrot an. \u201eSorry\u201c, nuschelte er. \u201eHab nicht erwartet, dass der R\u00fccksto\u00df so krass wird.\u201cTurner klopfte ihm auf den R\u00fccken. \u201eTja, wenn man sonst nur auf seiner Playstation herumballert, untersch\u00e4tzt man solche Dinge im echten Leben eben.\u201c Er nickte in Richtung Zielscheibe. \u201eZiemlich guter Schuss, \u00fcbrigens. Daf\u00fcr, dass es dein erster Versuch war, meine ich.\u201cTaron lief noch ein wenig r\u00f6ter an. \u201eDanke\u201c, stammelte er. Endlich machten sich die \u0001 \u0002 Spielstunden Counterstrike mal bezahlt \u2013 er hatte die Zielscheibe genau in der Mitte getroffen! Das hier, schoss es ihm durch den Kopf, ist die beste Bestrafung meines Lebens!",
            "wordcount": "1.333",
            "chapter_release": "20.06.2023",
            "chapter_number": "7"
        },
        "8": {
            "text": "Kapitel 8Diesem Wiley-Jungen war es tats\u00e4chlich gelungen, Jonathan zu beeindrucken. Am Morgen war er ihm eigentlich nur wegen seines halb verheilten blauen Auges aufgefallen. Sein blauhaariger Junkie-Freund oder Kamerad Lackschuh hatten da schon weitaus mehr von Jonathans Aufmerksamkeit beansprucht. Wiley hingegen war unauff\u00e4llig. Wie ein Schatten, von dem niemand Notiz nahm. Aber dass er es dennoch faustdick hinter den Ohren hatte, hatte Jonathan seiner Akte entnehmen k\u00f6nnen. Ein grottig schlechtes Zeugnis (f\u00fcr das er seinem eigenen Sohn beide Ohren langgezogen h\u00e4tte) reihte sich an das n\u00e4chste. Wiley war, wenn man seinen Lehrern Glauben schenkte, nicht zwingend dumm, sondern einfach nur faul und frech. Der Direktor seiner High-School wies ihn als schwer erziehbaren Jungen aus und \u00e4u\u00dferte begr\u00fcndeten Verdacht auf famili\u00e4re Vernachl\u00e4ssigung sowie einen gewaltbereiten Erziehungsstil. Das blaue Auge hatte der Junge daher vermutlich aus seinem Elternhaus und mit Sicherheit w\u00fcrde Jonathan an seinem K\u00f6rper auch noch andere Blessuren finden, die diese Vermutung best\u00e4tigten. Aber obwohl der Kleine aussah, wie ein gepr\u00fcgelter Hund, hatte der Schuldirektor keinerlei Kontaktaufnahme zu Jugendamt oder anderen Beh\u00f6rden in die Wege geleitet. Die Schule hatte Wiley aufgegeben, soviel stand fest. Eigentlich traurig um diesen cleveren Jungen. Mit der richtigen Anleitung h\u00e4tte aus ihm gewiss ein guter Sch\u00fcler werden k\u00f6nnen. Dann war da noch die Sache mit der Sachbesch\u00e4digung. Das Auto seines Lehrers zu bespr\u00fchen war sicherlich nicht die feine englische Art, aber noch lange kein Grund, einen ansonsten einfach nur fehlgeleiteten Jugendlichen zu einem Programm wie diesem hier anzumelden. Nein, es musste wohl noch mehr dahinterstecken. Vermutlich hatte Wiley, wie jeder der Jungs hier, ein Problem mit Autorit\u00e4ten. Damit, das zu tun, was man von ihnen verlangte. Regeln zu befolgen. Und seine Eltern und Lehrer sahen vermutlich keinen anderen Ausweg, als ihn mal f\u00fcr ein paar Wochen einer knallharten Konfrontation auszusetzen. Wenn alle Stricke rei\u00dfen, schick sie zur Armee. Das hatte man schon zu Jonathans Schulzeiten gesagt und das war vermutlich auch der Grund, warum er sich bei der Army immer so wohlgef\u00fchlt hatte. Er war auch einer von diesen Jungs gewesen, denen alle Stricke gerissen waren. Und er hatte beim Milit\u00e4r ein Zuhause gefunden. Einen Ort, an dem er sich neu hatte erfinden k\u00f6nnen. Aus dem emotional \u00fcberforderten Teenager, der er damals gewesen war, war wie der Ph\u00f6nix aus der Asche \u201aAlpha\u2018 auferstanden. Jedes Mal, wenn Jonathan einer neuen Gruppe Teenager gegen\u00fcberstand, musste er an diese Geschichte denken. An seine Geschichte, die viele seiner Kameraden sicherlich eine Erfolgsgeschichte nennen w\u00fcrden. Er selbst war da anderer Meinung, denn er w\u00fcrde es keineswegs als Erfolg bezeichnen, dass er nach wie vor Therapiesitzungen n\u00f6tig hatte, um ein Ereignis aufzuarbeiten, das ihm vor acht Jahren den Boden unter den F\u00fc\u00dfen weggerissen hatte. Mittlerweile konnte er sich das Foto von Bravo und Charlie auf seinem Schreibtisch anschauen, ohne bei ihrem Anblick in Tr\u00e4nen auszubrechen und er hatte auch keine Panikattacken oder Albtr\u00e4ume mehr, in denen er den Helikopterabsturz, bei dem die Beiden ums Leben gekommen waren, wiedererlebte. \u00dcber ihren Verlust hinweg war er aber trotzdem noch nicht und vermutlich w\u00fcrde er das auch nie verarbeiten. Zu viel war damals bei ihrem Tod in seiner Seele zerbrochen. Am Abend sa\u00df er neben seiner Frau auf dem Sofa und war vollkommen erledigt. Man verga\u00df schnell, wie anstrengend es sein konnte, sich einen ganzen Tag lang mit einem Haufen Teenager herumzuschlagen. St\u00e4ndig auf Zack zu sein hatte ihm fr\u00fcher noch nichts ausgemacht \u2013 heute f\u00fchrte es ihm hingegen abermals vor Augen, dass er langsam aber sicher alt wurde. Adrian war noch beim angek\u00fcndeten Basketball-Training, m\u00fcsste aber jeden Moment nach Hause kommen. Das Abendessen stand quasi schon bereit und um die Zeit bis zu seiner R\u00fcckkehr totzuschlagen, hatte Susan den Fernseher eingeschaltet. Eine Nachrichtensprecherin in geschmacklosem Kost\u00fcm berichtete von tagespolitisch aktuellen Ereignissen. Sonderlich viel Spannendes war nicht dabei, weshalb Jonathan sich mit seinem Sudoku-Heft besch\u00e4ftigte. Seine Tochter Zoey hatte es ihm geschenkt, damit er \u201eauch im Kopf fit\u201c blieb. Aber so wirklich konnte er sich nicht auf die R\u00e4tsel konzentrieren, weil er immerzu an Taron Wiley und seine gottgegebene Intuition beim Zielschie\u00dfen denken musste. Der Junge hatte noch nie zuvor eine Waffe in den H\u00e4nden gehalten und dennoch alle drei Sch\u00fcsse, die er hatte machen d\u00fcrfen, beinahe genauso gut getroffen wie Jonathan selbst, der \u00fcber drei\u00dfig Jahre Berufserfahrung auf dem Buckel hatte. Da war etwas an dem Jungen, das ihn faszinierte. Er brachte quasi die idealen Voraussetzungen mit, ein wahnsinnig guter Soldat zu werden. Wenn da nicht die Sache mit den Drogen w\u00e4re. Rauschmittel jedweder Art waren ein absolutes Tabu beim Milit\u00e4r. Gut, was Alkohol anbelangte, sah Jonathan das Ganze nicht allzu eng, schlie\u00dflich trank er selbst ab und an auch gerne einen \u00fcber den Durst. Aber abgesehen vom Alkohol war er bei Drogen ein strikter Verfechter der Keine-Toleranz-Politik. Es interessierte ihn nicht, ob seine Rekruten nur \u201ezum Runterkommen\u201c einen Joint drehten. Wenn er sie beim Rauchen erwischte, wurden sie bestraft. Und wenn sie es nicht schafften, von dem Teufelszeug wegzukommen, gab es bei der Armee keine Zukunft f\u00fcr sie. Schade eigentlich, dass sich so viele gute Soldaten ihre Chancen auf eine glanzvolle Karriere kaputtmachten, nur weil sie verfluchte Junkies waren. \u201eDu, Susan?\u201c, fragte er daher gedankenversunken und legte sein Sudoku beiseite. \u201eDarf ich dich\u2026 um\u2026 einen p\u00e4dagogischen Rat bitten?\u201cSie schaute \u00fcberrascht zu ihm hin\u00fcber. Es kam selten vor, dass er sich ihre Meinung zu seiner Arbeit einholte. \u201eEinen p\u00e4dagogischen Rat?\u201c, lachte sie. \u201eKlar.\u201cJonathan l\u00e4chelte m\u00fcde. \u201eWie\u2026 wie machst du das auf der Arbeit, wenn einer deiner Sch\u00fcler eigentlich wirklich clever ist, ihm aber sein Verhalten im Wege steht? Also, wenn er sich quasi selbst blockiert und durch irgendwelche Dummheiten seine Zukunft ruiniert?\u201cSusan z\u00f6gerte. \u201eIch\u2026 ich gebe ihm etwas, um ihn zu motivieren\u201c, antwortete sie schlie\u00dflich. \u201eIch wei\u00df, sowas wie positive Verst\u00e4rkung kennt ihr Milit\u00e4r-Machos nicht, aber\u2026 wenn man erw\u00fcnschtes Verhalten belohnt anstatt unerw\u00fcnschtes zu ma\u00dfregeln, dann erreicht man meistens viel mehr.\u201c Jonathan lie\u00df sich ihre Worte durch den Kopf gehen. Belohnen statt bestrafen. Motivieren statt dem\u00fctigen. Susan hatte Recht, das entsprach nicht unbedingt den Prinzipien einer milit\u00e4rischen Grundausbildung, die eigentlich nach dem Grundsatz lebte, den Willen junger M\u00e4nner durch schiere Dem\u00fctigung und Entw\u00fcrdigung zu brechen. Aber da war etwas an diesem Taron Wiley, das ihn irgendwie gek\u00f6dert hatte. Etwas, das er noch nie zuvor bei einem seiner Rekruten gesehen hatte. Talentiert waren viele von ihnen, aber auf eine v\u00f6llig andere Art und Weise. Und Jonathan w\u00fcrde nicht eher ruhen, bis er wusste, was diese besondere Sache an dem Jungen war. Anders als seine Schule w\u00fcrde er Taron Wiley nicht einfach als Kiffer abstempeln und ihn dann als hoffnungslosen Fall in der Versenkung verschwinden lassen. Er w\u00fcrde den Jungen testen \u2013 auf Herz und Nieren. Und vielleicht konnte er ihn dann sogar dazu bewegen, \u00fcber eine Karriere als Soldat nachzudenken. Denn dass er das Zeug dazu hatte, daran hatte er keine Zweifel\u2026",
            "wordcount": "1.140",
            "chapter_release": "20.06.2023",
            "chapter_number": "8"
        },
        "9": {
            "text": "Kapitel 9Tarons erste Nacht auf der Milit\u00e4rbasis verlief \u2013 gelinde gesagt \u2013 beschissen. Als ihn die Sirenen um f\u00fcnf Uhr in der Fr\u00fch aus den Federn scheuchten, f\u00fchlte sich sein gesamter K\u00f6rper so an, als w\u00e4re er von einem Lastwagen \u00fcberrollt worden. Er hatte irrsinnigen Muskelkater, was zu erwarten gewesen war, aber obendrein auch die Kopfschmerzen seines Lebens. Vermutlich, weil er die gesamte Nacht \u00fcber kaum ein Auge zugetan hatte. Die anderen Jungs in den Betten um ihn herum hatten geschnarcht, irgendwer hatte im Schlaf sogar geredet. Und Taron, der schon immer einen sehr leichten Schlaf gehabt hatte, hatte deswegen quasi die ganze Nacht \u00fcber nicht einschlafen k\u00f6nnen. Einer der Ausbilder, ein junger Mann mit Glatze und Gehstock, br\u00fcllte ihnen Befehle entgegen, um sie aus den Betten zu beordern. Schnell anziehen, dann Fr\u00fchsport. Laufen. Wer die drei\u00dfig Runden geschafft hatte, durfte fr\u00fchst\u00fccken gehen. Taron qu\u00e4lte sich die Leiter des Etagenbettes nach unten und schl\u00fcpfte geistesabwesend in die ersten Kleidungsst\u00fccke, die er in seiner Tasche fand. Irgendein T-Shirt, saubere Unterw\u00e4sche und eine Jogginghose. Er war einer der Ersten, die mit dem Ausbilder nach drau\u00dfen auf den Sportplatz traten. Obwohl er die F\u00fc\u00dfe angesichts seiner schmerzenden Muskeln kaum h\u00f6her als zwei Zentimeter vom Boden heben konnte, begann er, zu laufen. Eine gro\u00dfartig andere Option blieb ihm schlie\u00dflich nicht, wenn er sich nicht direkt die n\u00e4chste Strafe einhandeln wollte. Zugegeben, die Inventur mit Colonel Turner war nicht zwingend das gewesen, was Taron sich unter einer Strafe beim Milit\u00e4r vorstellte. Er hatte viel gelernt und sogar mit einem echten Gewehr schie\u00dfen d\u00fcrfen. Klar, man hatte ihn dadurch seiner Freizeit beraubt und diesem stinkenden Trockenspiritus ausgesetzt, dessen Geruch noch immer in seiner Nase haftete, aber an einem Ort wie diesem war Freizeit herzlich wenig wert. Nein, er hatte gestern Nachmittag tats\u00e4chlich sogar irgendwie Spa\u00df gehabt. Deutlich mehr als Conor jedenfalls, der zum Putzen der Gemeinschaftsduschen abgestellt worden war und irgendwie immer noch nach diesem Chlor-Reiniger roch, den er dazu hatte benutzen m\u00fcssen. Je l\u00e4nger er lief, desto weniger sp\u00fcrte er von seinen Muskelschmerzen. Irgendwann hatte Taron das Gef\u00fchl, sein Geist h\u00e4tte den K\u00f6rper verlassen. Seine Muskeln funktionierten wie eine mechanische Apparatur, wie ein Roboter ohne Seele und Verstand. Es war ein seltsames Gef\u00fchl, aber nicht zwingend ein schlechtes. Er lief und z\u00e4hlte die Runden. 24. 25. 26. 27. 28. 29. Und als er die drei\u00dfigste Runde absolviert hatte, komplett durchgeschwitzt war und in einem Zustand vollst\u00e4ndiger Lethargie schwebte, staunte er nicht schlecht \u00fcber sich selbst, dass er es tats\u00e4chlich durchgezogen hatte. Schwer atmend st\u00fctzte er sich auf seinen Knien ab und versuchte, seinen rasenden Puls unter Kontrolle zu bekommen. Es gelang ihm nur so mittelm\u00e4\u00dfig. Justin, dieses Arschloch, schoss es ihm durch den Kopf, w\u00e4re jetzt zusammengebrochen. Und vermutlich h\u00e4tte sein Ex-bester-Freund anstellte von Schwei\u00df Fritteusenfett ausgeschwitzt oder so. Langsam, mit vor Anstrengung zitternden Muskeln, taumelte Taron hin\u00fcber in die Kantine, um sich sein Fr\u00fchst\u00fcck zu holen. Sonderlich viel Appetit hatte er zwar nicht, aber er w\u00fcrde die N\u00e4hrstoffe brauchen, wenn er diesen Tag \u00fcberleben wollte. Er lud sich daher ein proteinreiches Fr\u00fchst\u00fcck auf sein Tablett \u2013 Haferflocken, Eier, Obst, Saft und dazu eine gro\u00dfe Tasse Kaffee \u2013 und setzte sich zu einem der anderen Jungs, der ebenfalls fertig mit dem Fr\u00fchsport war. Der Junge war unscheinbar, sah aber sportlich aus und war Taron bisher nicht wirklich aufgefallen. Was nicht zwingend etwas Schlechtes sein musste. \u201eHi\u201c, sagte er und deutete auf den Sitzplatz neben dem Jungen. \u201eIst hier noch frei?\u201cDer Kerl nickte und l\u00e4chelte einladend. \u201eKlar.\u201c\u201eCool.\u201c Taron stellte sein Tablett auf den Tisch und plumpste auf den Stuhl. Zuallererst g\u00f6nnte er sich einen gro\u00dfen Schluck Kaffee und hatte das Gef\u00fchl, das Koffein w\u00fcrde ein paar abgestorbenen Teilen seines K\u00f6rpers neues Leben einhauchen. Er unterdr\u00fcckte ein erleichtertes Seufzen. Dank des Kaffees w\u00fcrde er vielleicht diese f\u00fcrchterlichen Kopfschmerzen loswerden. Als sein Gegen\u00fcber das gen\u00fcssliche L\u00e4cheln auf Tarons Lippen bemerkte, grinste er. \u201eLass mich raten\u201c, sagte er, \u201edu hast genau wie ich vielleicht zwei Stunden geschlafen?\u201cTarons L\u00e4cheln schrumpfte zu einem gequ\u00e4lten Grinsen. \u201eIch w\u00fcnschte, es w\u00e4ren zwei\u201c, seufzte er und rieb sich demonstrativ \u00fcber die Augen. \u201eSo fr\u00fch bin ich in meinem gesamten Leben noch nicht aufgestanden.\u201c Nein, nat\u00fcrlich war er das nicht. Die erste Unterrichtsstunde, die um acht Uhr begann, schw\u00e4nzte er n\u00e4mlich grunds\u00e4tzlich. Meistens fand er sich erst um zehn oder elf auf dem Schulgel\u00e4nde ein. Fr\u00fches Aufstehen war er daher keineswegs gewohnt. Der Junge schenkte ihm ein mitf\u00fchlendes Schulterzucken. \u201eMein Bruder ist Soldat\u201c, erz\u00e4hlte er. \u201eEr hat \u00fcber seine eigene Grundausbildung immer gesagt, dass die ersten drei Tage die schlimmsten waren. Irgendwann stumpfst du ab und merkst nicht mehr, wie erledigt und kaputt du bist.\u201c Er rupfte gedankenverloren die Schale von seiner Mandarine. \u201eFalls\u2026 dich das jetzt irgendwie motiviert oder tr\u00f6stet oder so.\u201c\u201eSchon irgendwie.\u201c Taron zuckte mit den Achseln. Motivieren vielleicht nicht unbedingt, aber tr\u00f6sten tat es ihn mit Sicherheit. Drei grausige Tage von insgesamt drei\u00dfig, die es zu absolvieren galt. Zehn Prozent Qual zu neunzig Prozent Gew\u00f6hnung. Und einen dieser drei Tage hatte er bereits hinter sich gebracht. Den Rest w\u00fcrde er also auch irgendwie \u00fcberstehen. Der Junge grinste. \u201eIch bin \u00fcbrigens Alex.\u201c \u201eTaron.\u201c Die verbleibende Fr\u00fchst\u00fccks-Zeit schwadronierte Alex noch ein wenig von seinem Soldaten-Bruder und Taron lauschte ihm mit m\u00e4\u00dfigem Interesse. War ja nicht so, als w\u00fcrde er sich neuerdings f\u00fcr die Armee interessieren, nur weil er gerade mittendrin war\u2026 Immer mehr der Jungs gesellten sich zu ihnen, vollkommen verausgabt vom Laufen, und schaufelten das Fr\u00fchst\u00fcck in sich hinein, als h\u00e4tten sie jahrelang kein Essen bekommen. Dann irgendwann scheuchte sie der glatzk\u00f6pfige Ausbilder von heute Morgen nach drau\u00dfen, direkt in die Arme von Colonel Turner, der sie breit grinsend auf dem gro\u00dfen Vorplatz erwartete. \u201eGuten Morgen\u201c, gr\u00fc\u00dfte er fr\u00f6hlich, nachdem die Jungs eine ordentliche Reihe gebildet hatten. \u201eHeute machen wir eine kleine \u00dcbung in voller Montur und statten unserem Hindernisparcours einen Besuch ab. Ich hab euch Ausr\u00fcstung auf eure Betten gelegt \u2013 Kleidung und Gep\u00e4ck. Wer seinen Rucksack als erstes fertig gepackt und sich marschbereit hier eingefunden hat, darf auf dem R\u00fcckweg bei meinem Kollegen Mr. Dalton\u201c, er deutete auf den Glatzkopf, \u201eim Pickup mitfahren, w\u00e4hrend die anderen laufen m\u00fcssen. Also, beeilt euch lieber.\u201c Er klatschte auffordernd in die H\u00e4nde und alle acht Jungs st\u00fcrmten gleichzeitig in Richtung ihrer Schlafkammer. An der T\u00fcr entstand ein heilloses Gedr\u00e4nge. Jeder wollte der erste im Raum sein und einige der Jungs lie\u00dfen ihre Ellenbogen umherwirbeln, um m\u00f6gliche Konkurrenten fernzuhalten. Taron fiel ein St\u00fcck zur\u00fcck. Auf eine Schl\u00e4gerei im T\u00fcrrahmen konnte er getrost verzichten. Schlie\u00dflich schl\u00fcpfte auch er in den Raum, hetzte zu seinem Bett hin\u00fcber und verschaffte sich einen \u00dcberblick \u00fcber die Lage. Eine Uniform lag bereit \u2013 Hose, T-Shirt, Jacke, Schuhe. Die w\u00fcrde er anziehen m\u00fcssen. Au\u00dferdem lag ein Rucksack auf seinem Bett, zusammen mit drei gro\u00dfen Wasserflaschen, einem Erste-Hilfe-Kasten, einem Taschenmesser, einer Iso-Matte, einem Schlafsack, einem Handtuch und einem der Campingkocher, deren Funktionsweise ihm Turner gestern erkl\u00e4rt hatte. Viel zu viel Zeug f\u00fcr diesen kleinen Rucksack. Aus dem Augenwinkel sah Taron, wie einige der anderen Jungs die Sachen komplett unordentlich in die Tasche zu stopfen versuchten. Und kl\u00e4glich scheiterten. Er selbst w\u00fcrde es besser machen. Die Isomatte rollte er sorgsam auf und platzierte sie ganz unten in seinem Rucksack. Dar\u00fcber den Schlafsack, der sich leicht zusammendr\u00fccken lie\u00df. Gefolgt von den Wasserflaschen. Eine an jede Seite des Rucksacks, eine in die Mitte. Den Kocher wickelte er in das Handtuch und den Erste-Hilfe-Kasten platzierte er obendrauf. So lie\u00df sich der Rucksack mit ein wenig M\u00fche verschlie\u00dfen. Fehlte nur noch die Uniform. Taron zwang sich im Rekordtempo in die viel zu lange Hose, schl\u00fcpfte in die Jacke und anschlie\u00dfend in die Schuhe, die tats\u00e4chlich einigerma\u00dfen passten, nur vorne ein wenig weit waren. Das Taschenmesser, das noch auf dem Bett lag, lie\u00df er in einer seiner Hosentaschen verschwinden. Dann schnappte er sich seinen Rucksack und sprintete los. Zach und Alex waren ebenfalls fertig \u2013 es entbrannte ein regelrechtes Wettrennen. Schlie\u00dflich war Alex der erste, der zu Turner zur\u00fcck auf den Platz stolperte, dicht gefolgt von Taron und danach Zach. Turner musterte jeden der drei Jungs von oben bis unten, stemmte die H\u00e4nde in die H\u00fcften und gab eine Art \u201eTss\u201c von sich. \u201eDu warst vielleicht der erste, Williams\u201c, sagte er zu Alex, \u201eaber deine Schuhe sind nicht zugebunden. Ich hab gesagt, ihr sollt marschbereit hier aufkreuzen. Das bist du nicht.\u201c Dann musterte er Taron. \u201eDu bist auch nicht marschbereit, Wiley. Deine Hose rutscht.\u201c Taron reckte trotzig das Kinn nach vorne. Das war ja wohl nicht seine Schuld! \u201eIch\u2026 es\u2026 gab keine andere, Sir\u201c, rechtfertigte er sich. \u201eUnd einen G\u00fcrtel hab ich auch nicht gesehen. Wenn Sie mir keine passende Hose rauslegen, ist das\u2026\u201c\u201eSpar dir das.\u201c Turner besah ihn mit einem forschen Blick. \u201eBist du marschbereit oder nicht?\u201cTaron schluckte den aufkommenden Zorn hinunter. \u201eNein\u201c, erwiderte er z\u00e4hneknirschend. \u201eNein, Sir\u201c, korrigierte ihn sein Ausbilder. Dann hielt er ihm einen G\u00fcrtel entgegen. \u201eBring das in Ordnung.\u201cWas f\u00fcr eine Laus war dem denn \u00fcber die Leber gelaufen? Gestern Nachmittag war er freundlich und beinahe schon cool gewesen. Jetzt hingegen verhielt er sich unfair. Wirklich unfair. Mithilfe des G\u00fcrtels schaffte Taron es, seine Hose halbwegs herzurichten, sodass sie ihm nicht l\u00e4nger in die Kniekehlen zu rutschen drohte. Dann krempelte er noch die Hosenbeine nach oben und fand sich schlie\u00dflich wieder ordentlich in der Reihe ein. \u201eKeiner von euch\u201c, verk\u00fcndete Turner tadelnd, \u201ehat begriffen, was das Wort marschbereit bedeutet. Schade, weil Mr. Dalton wirklich gerne jemanden mitgenommen h\u00e4tte. Schnelligkeit ist eben nicht alles, das Achten auf Details ist viel wichtiger, und ihr seid hier, um genau das zu lernen. Also h\u00f6rt ihr k\u00fcnftig besser zu, wenn ich euch etwas befehle, klar? Morgen probieren wir es nochmal. Wer es dann nicht schafft, seinen Rucksack ordentlich zu packen\u2026\u201c, er warf einen Blick auf Oliver, dessen Rucksack sich nicht verschlie\u00dfen lie\u00df, \u201e\u2026 oder seine Uniform vern\u00fcnftig anzuziehen\u2026\u201c, sein n\u00e4chster Blick galt Taron, \u201e\u2026 \u00fcbt es einfach so lange, bis ich zufrieden bin. Klar soweit?\u201cEin kollektives \u201eJa, Sir\u201c erklang. Zufrieden, dachte Taron geringsch\u00e4tzig. Der Kerl ist doch niemals zufrieden. Aber er hatte inzwischen begriffen, dass man eine Meinung wie diese an diesem Ort besser f\u00fcr sich behielt\u2026",
            "wordcount": "1.693",
            "chapter_release": "18.07.2023",
            "chapter_number": "9"
        }
    },
    "title": "A Way Out",
    "topic": "unspecified",
    "release": "\n20.04.2023\n\t\t\t\t\t\t",
    "author": "werbekind"
}