{
    "tags": [],
    "chapcount": "13",
    "wordcount": "14.125",
    "chapters": {
        "1": {
            "text": "\u201eWillkommen in der Zukunft der Technik. Darf ich Ihnen vorstellen, das aller erste virtuelle Spiel \u201aFantasia Online\u2018. Es wurde erfolgreich getestet und stellt keine Gefahren dar. Wer m\u00f6chte es ausprobieren? Irgendwelche Freiwilligen?\u201c Es war das Jahr 2026, die Technik hatte sich entwickelt und im Jahr 2020 wurden die ersten Maschinen f\u00fcr virtuelle Spiele erfunden, doch keine war erfolgreich genug. Es wurden riesige Maschinen erfunden, die sich keiner leisten konnte. Erst im Jahr 2024 hatte ein Erfinder es geschafft einen Chip zu erfinden, der auch funktionierte. Es dauerte jedoch etwas, diesen zu entwickeln und auf den Markt zu bringen. Da der Chip sehr klein war mussten sie noch eine L\u00f6sung finden, das Spiel auf dem Chip spielen zu k\u00f6nnen. Es dauerte ein Jahr bis sie endlich eine L\u00f6sung gefunden hatten. Das Spiel wird \u00fcber den PC gestartet und per Bluetooth auf den Chip \u00fcbertragen. Im Jahr 2025 wurde der Chip zusammen mit einem neuen Spiel vorgestellt und auf der Messe konnte es kostenlos ausprobiert werden. Ein junger Mann hatte sich freiwillig gemeldet und ihm wurde erkl\u00e4rt was er tun sollte und auf was er achten musste. Der Chip wird an die Schl\u00e4fe gesetzt. Er hatte oben einen On Knopf und bevor dieser bet\u00e4tigt werden durfte, musste man sich in eine gem\u00fctliche Lage hinlegen. Keiner konnte zusehen was der Junge im Spiel machte. Durch den Chip wurde sein K\u00f6rper gel\u00e4hmt, sodass er, nicht wie bei der Brille, die vor Jahren erfunden wurde, sich frei bewegen konnte, was auch bedeutete, dass er sich nicht verletzten und im Spiel in alle Richtung laufen konnte. Das virtuelle Spiel und der Chip waren nur nach wenigen Wochen ausverkauft und es wurde in der ganzen Welt verbreitet. Es wurden nat\u00fcrlich auch andere Spiele erfunden, doch keiner mochte diese so gerne wie Fantasia Online, bis etwas geschehen war, etwas sehr Schlimmes und das nicht nur einmal. Das Spiel war noch nicht lange drau\u00dfen, h\u00f6chstens 3 Monate, als sich jemand im Spiel aufh\u00e4ngte. Eigentlich konnte man im Spiel nicht sterben, man wurde nur ausgeloggt und wachte wieder auf, doch bei dem Jungen war dies nicht der Fall. Er wohnte zum Gl\u00fcck nicht alleine, weshalb auch fr\u00fch erkannt wurde, dass er nicht mehr Zuhause war. Nur eine Stunde, nach dem er vom Spiel ausgeloggt wurde, wurde eine Vermisstenanzeige erstattet. Seine Freundin hatte ihn zum Essen holen wollen, da es immer eine abgestimmte Zeit gab, in der er sich ausloggte. Doch als sie in seinem Zimmer stand, war es leer. Sein Chip wurde auch nicht entdeckt. Es wurden nur stunden sp\u00e4ter weitere vermisste gemeldet, die sich ebenfalls im Spiel erh\u00e4ngt haben sollen. Die Polizei suchte Monate nach den Vermissten, doch sie waren spurlos verschwunden. Nach den verschwundenen Personen wurde nicht mehr gesucht, die Ermittlungen wurden abgebrochen und sie wurden alle als verstorben gemeldet. Das Spiel wurde nach dem Ereignis sofort gesperrt und durfte nicht weiter hergestellt werden, die Chips wurden nicht verboten, da nicht vermutet wurde, dass es an den Chips liege, da so etwas nur in dem einen Spiel passiert war. Die Firma, die das Spiel hergestellt hatte, ging pleite und wurde geschlossen. Keiner der Familien war damit zufrieden und verlangten, dass die Ermittlungen wiederaufgenommen wurden, doch die Polizei lehnte \u0001 \u0002.\u0001 \u0002 Heute haben wir es endlich geschafft! Es ist fertig geworden! Wir m\u00fcssen es nur noch ausprobieren und wenn es funktioniert, k\u00f6nnen wir das Spiel zusammen spielen! Leider m\u00fcssen wir noch ein bisschen warten bis wir zusammen spielen k\u00f6nnen. Es ist erst vor kurzem ein neues Spiel auf den Markt gekommen, es hei\u00dft Afterlife. Es wurde schon getestet und soll sehr gut sein, besser als die anderen Spiele, die auf den Markt gekommen sind. Doch ich bin nicht wirklich reich und kann mir das nicht leisten. Jays Familie ist reich, doch die w\u00fcrden ihm kein Geld f\u00fcr Online Spiele geben. Deshalb habe ich mich f\u00fcr ein Event angemeldet, bei dem man das Spiel gewinnen kann. Es ist wie eine Aufnahmepr\u00fcfung. Wer am schnellsten das Spiel beendet, bekommt es. Nat\u00fcrlich wird nicht das Spiel Afterlife benutzt, sondern ein anderes, was sie extra f\u00fcr das Event vorbereitet haben. Es ist Afterlife \u00e4hnlich, nur k\u00fcrzer und so, dass man es auch in k\u00fcrzerer Zeit schaffen kann. Wir d\u00fcrfen nicht l\u00e4nger als 24 Stunden brauchen. Der Schnellste brauchte bis jetzt 20 Stunden. Heute, in ein paar Minuten, bin ich dran. Mein Ziel ist nicht l\u00e4nger als 10 Stunden. Ich bin eine Expertin in Online Spielen und es ist das erste virtuelle Onlinespiel, was ich spielen w\u00fcrde. Da diese Spiele teuer sind, musste ich bei den normalen bleiben. Ich bereite mich jetzt vor, wenn ich Zeit habe schreibe ich den Rest sp\u00e4ter auf. \u201eAuf, Punkt.\u201c Ich legte meinen Stift beiseite und stopfte mein Heft in das Geheimfach unter meinem Schreibtisch. Es war kein Tagebuch, daf\u00fcr bin ich zu alt. Es war ein Heft worin ich all die sch\u00f6nen und nicht so sch\u00f6nen Erinnerungen reinschrieb. Ich habe erst, als ich im Krankenhaus lag damit angefangen, da ich nichts zu tun hatte. Ich hatte mir meine Kniescheibe gebrochen und musste operiert werden, doch weil sich das irgendwie infiziert hatte musste ich f\u00fcr zwei Monate im Krankenhaus liegen bleiben. Die ersten Tage war es total langweilig, weil ich alleine in einem Zimmer lag und nichts machen durfte. Eine Schwester hatte mir vorgeschlagen, einfach etwas zu schreiben und brachte mir ein Heft und einen Stift. Dadurch verging die erste Woche sogar schneller als erwartet und es war nicht mehr all zu langweilig. Am Ende kam eine Schwester in mein Zimmer und sagte mir, ich w\u00fcrde besuch bekommen. Ein Junge in meinem Alter wurde nur Minuten sp\u00e4ter in das Zimmer gebracht. Er verbeugte sich leicht und stellte sich kurz vor: \u201eIch bin Jay.\u201c Er sah von au\u00dfen sehr gesund aus und man w\u00fcrde denken er sei nur zum Spa\u00df im Krankenhaus, da er vielleicht nicht zur Schule will oder so. Doch Jay ist sehr krank, sein K\u00f6rper und seine Organe sind schwach, manchmal f\u00e4llt er in Ohnmacht, da er nicht genug Luft bekommt. Die \u00c4rzte meinten, er k\u00f6nnte auch Zuhause leben, aber seine Familie m\u00f6chte sich nicht um einen kranken Jungen k\u00fcmmern, weshalb er schon sehr lange im Krankenhaus ist. Er war anfangs sehr ruhig und hat kein Wort gesagt, doch in den 2 Monaten in denen ich im Krankenhaus lag, wurden wir beste Freunde. Als ich vom Krankenhaus entlassen wurde, besuchte ich ihn in jeder Sekunde, in der ich Zeit hatte. Ich habe seine Familie kennengelernt, er hat einen gro\u00dfen Bruder und keiner von ihnen hatte sich wirklich sorgen um ihn gemacht, sie sind nur ins Krankenhaus gegangen, um die Kosten zu bezahlen. Es war schwer, ihn jeden Tag zu besuchen, da ich wieder in die Schule gehen musste. Doch jetzt wohnt Jay bei mir, im alten Zimmer meines Bruders. Er hat alles was er braucht und geht mit mir zur Schule. Naja, er ist nicht wirklich dort, ich nehme immer eine kleine Kamera mit und habe die Erlaubnis von den Lehrern bekommen, den Unterricht aufzuzeichnen. Die Kamera ist mit dem PC von Jay verbunden, wodurch er dann live den Unterricht miterleben kann. Als das neue Spiel rausgekommen ist, haben wir uns vorgenommen, es zusammen zu spielen. Jay ist sehr intelligent, er ist auch ein guter Hacker und kennt sich gut mit der Technik aus. Als ich den Chip bekommen habe, wollte er ihn sofort auseinandernehmen. Er meinte, wenn er den Chip kaputt macht, kauft er mir einen neuen. Ich habe ihn mir n\u00e4mlich nicht selber gekauft, sondern bei einem Gl\u00fccksspiel gewonnen. Eigentlich mache ich nicht so gerne bei Gl\u00fccksspielen mit, doch ich wollte unbedingt einen Chip und am Ende habe ich ihn auch gewonnen. \u201eAri! Komm schnell! Du bist dran!\u201c Ich stand von meinem Schreibtischstuhl auf, nahm meinen Chip und lief in Jays Zimmer. Es war jetzt 14 Uhr und ich war an der Reihe den Rekord zu brechen. \u201eAria, du musst dir ein neues Ziel setzten\u201c, Jay seufzte und \u00fcberreichte mir die Rekordtabelle, \u201eDu darfst nicht l\u00e4nger als 6 Stunden spielen! Der vorletzte Spieler war echt gut, ich konnte ein paar Sachen mitansehen. Glaubst du, du schaffst das?\u201c 6 Stunden? Wow, das muss wohl einer mit Erfahrung gewesen sein. Was mach ich jetzt? Ich holte tief Luft und zeigte Jay einen Daumen hoch. \u201eIch schaff das, wir werden dieses Spiel zusammen spielen k\u00f6nnen. Vertraust du mir?\u201c Jay nickte und setzte sich aufrecht hin. Sechs Stunden, weniger als sechs Stunden hatte ich Zeit bis Level 50 zu kommen und das Spiel zu beenden. Ich legte mich auf Jays Bett und setzte den Chip an meine Schl\u00e4fe. Jay w\u00fcnschte mir noch viel Gl\u00fcck und ich bet\u00e4tigte den On Knopf. \u201eNa dann, los geht\u2019s!\u201c Ich schloss meine Augen und alles wurde wei\u00df. Wie aus dem nichts tauchte eine Tastatur vor mir auf und eine weibliche Stimme sagte: \u201eWillkommen, Spieler. Bitte tippen sie ihren Benutzernamen ein.\u201c Ich sah mich im Raum um, es war nichts zu sehen, ich war umzingelten von schwarzen W\u00e4nden, nur die Tastatur schwebte in der Luft und verlangte von mir einen Benutzernamen. Ich \u00fcberlegte kurz und tippte meinen Benutzernamen ein. \u201eAriverse, wollen Sie mit dem Namen fortfahren?\u201c Eine Anzeige tauchte vor mir auf Ja und Nein, ich tippte auf Ja und die weibliche Stimme w\u00fcnschte mir viel Spa\u00df und Erfolg beim Spiel. Es wurde wieder hell und ich verdeckte meine Augen mit meinem Arm, bis die Helligkeit runterging. Ich war in der Anf\u00e4ngerstadt gelandet, auf einem riesigen Platz mit einer seltsam aussehenden Statur in der Mitte. Pl\u00f6tzlich tauchte ein Mann vor mir auf und breitete seine Arme aus. \u201eWillkommen, Ariverse! Der letzte Spieler hat das Spiel mit einer Zeit von sechs Stunden und 20 Minuten beendet, schaffen Sie es ihn zu schlagen? Wenn der Timer auf null liegt k\u00f6nnen Sie anfangen, achten sie drauf, die Regeln einzuhalten. Das Harken vom Spiel ist strengstens verboten, Hilfe von NPCs wird Ihnen nichts bringen, die sind nicht daf\u00fcr programmiert. Viel Spa\u00df und seien Sie immer vorsichtig.\u201c",
            "wordcount": "1.652",
            "chapter_release": "11.10.2018",
            "chapter_number": "1"
        },
        "10": {
            "text": "Reflexartig wandte ich mich um und vergas, dass ich mich hinter einer Maske versteckte. Angewurzelt blieb ich stehen und sah Meris auf mich zu laufen. Verflucht seist du Meris! Ich h\u00f6rte das Gefl\u00fcster der vorbeilaufenden Spieler und wollte am Liebsten Meris den Kopf abrei\u00dfen! W\u00fctend nahm ich die Maske ab und das Gefl\u00fcster wurde schlagartig lauter. Meris war sein Fehler bewusst, denn als er meinen Blick sah \u00fcberlegte er nicht lange und rannte davon. Fluchend rannte ich ihm hinterher. \u201eDas wirst du sowas von bereuen Meris!\u201c Ich rannte ihm bis zu den Feldern hinterher. \u201eJetzt w\u00e4re der Stachel ganz n\u00fctzlich.\u201c Ich grinste, Jay hatte recht. Ich \u00f6ffnete im Laufen mein Inventar und tippte auf den Stachel. Eine Art Zepter erschien in meiner Hand. Jetzt wollen wir doch mal sehen ob das auch funktioniert. Ich streckte meine Hand aus und schrie: \u201eH\u00f6rt mich an!\u201c Die Monster wandten sich zu mir um und als sie das Zepter erblickten, verbeugten sie sich. Ich zeigte auf den wegrennenden Meris und befahl: \u201eErgreift ihn und bringt ihn zu mir, lebendig nat\u00fcrlich.\u201c Ohne zu z\u00f6gern liefen die Monster zu Meris und ergriffen ihn. Unter Protesten wurde er mir anschlie\u00dfend vor die F\u00fc\u00dfe geworfen. Ich verschr\u00e4nkte meine Arme vor meiner Brust und sah w\u00fctend auf ihn hinab. \u201eWie willst du das wiedergutmachen?\u201c Hastig stand Meris vom Boden auf und sah mich entschuldigend an. \u201eDas ist mir nur so herausgerutscht\u2026 Ich kann dir eine neue Maske besorgen. Es soll wohl versteckte Quests geben, die Belohnungen sollen seltene Materialien f\u00fcr besondere R\u00fcstungen sein.\u201c H\u00f6rte sich anspruchsvoll an. \u201eUnd wie findet man diese Quests?\u201c Meris seufzte und zuckte mit den Schultern. \u201eDie NPCs sind in den W\u00e4ldern der Etagen f\u00fcnf bis zehn. Ich kann sie leider nicht genau Orten.\u201c Na toll, danke f\u00fcr nichts\u2026\u201eSorry, Ari. Ich kann leider auch nichts finden.\u201c Ich seufzte: \u201eDann, auf zum Wald.\u201c Ich lie\u00df das Zepter zur\u00fcck in mein Inventar verschwinden und gemeinsam, machten Meris und ich uns auf den Weg die versteckten NPCs zu suchen. Der Wald, in dem wir uns befanden, war riesig und jemanden hier zu finden war, wie die Suche nach einer Nadel im Heuhaufen. Unm\u00f6glich. \u201eMeris, bist du sicher das hier ein NPC sein soll?\u201c Meris nickte: \u201eGanz sicher. Versuch doch mit dem Zepter, die Monster hier zu fragen. Das ist deren Territorium, die m\u00fcssen eigentlich \u00fcber alles was hier im Wald passiert Bescheid wissen.\u201c Keine so schlechte Idee. Ich \u00f6ffnete mein Inventar und holte das Zepter hervor. Ich hielt es ausgestreckt vor mir in der Hand und pfiff so laut ich konnte. Der Pfiff halte durch den Wald. Doch nichts bewegte sich. Kein Monster kam angerannt. Entt\u00e4uscht senkte ich meine Hand und \u00f6ffnete wieder mein Inventar. \u201eKomisch, ich dachte es w\u00fcrde funktionieren. Tut mir leid, Ariverse.\u201c Ich sch\u00fcttelte den Kopf. \u201eAri, leg das Zepter noch nicht weg, ich glaube da kommt was.\u201cIch sah gespannt auf und wie Jay gesagt hatte, kam etwas auf uns zu gelaufen. Die Erde bebte und laute schreie waren zu h\u00f6ren. Eine Horde Monster kam auf uns zu gerannt. Schnell hob ich das Zepter in die Luft und die Monster blieben schlagartig stehen. \u201eUnd jetzt?\u201c Ich r\u00e4usperte mich: \u201eSagt, gibt es hier eine Person, die allein umherwandert, wenn ja f\u00fchrt uns zu ihr.\u201c Die Monster \u00fcberlegten kurz und fingen an sich langsam in eine Richtung zu bewegen. Ich sah zu Meris, schnell gingen wir der Horde hinterher. Es dauerte eine Ewigkeit bis die Monster endlich stehen blieben. Sie wichen auseinander und bildeten einen Weg. War das aufregend, ich f\u00fchlte mich wie eine richtige K\u00f6nigin! Mit hocherhobenem Kopf lief ich, mit Meris im Schlepptau, den Weg entlang. Und wirklich. Vor uns stand ein NPC, es war ein Junge, er trug eine R\u00fcstung und sa\u00df auf einem Baumstamm. Pl\u00f6tzlich sah ich wie Meris auf den Boden viel und mit einem ver\u00e4ngstigten Blick auf den Jungen sah. \u201eHahaha, was ist? Hast du jetzt auch Angst vor NPCs?\u201c",
            "wordcount": "652",
            "chapter_release": "16.06.2019",
            "chapter_number": "10"
        },
        "11": {
            "text": "Ich lachte, ohne zu wissen was als n\u00e4chstes kommen w\u00fcrde. Es war nichts Sch\u00f6nes. Mittlerweile hatte der Junge in der R\u00fcstung uns bereits entdeckt und stand von seinem Stamm auf. Auch Meris rappelte sich auf, jedoch versteckte er sich hinter mich und schrie mit einer zittrigen Stimme: \u201eKomm b-blo\u00df nicht n-n\u00e4her!\u201c Doch der NPC h\u00f6rte nicht auf ihn und kam auf uns zu, er blieb vor uns stehen und l\u00e4chelte. Eine Anzeige tauchte wie aus dem nichts auf, worauf stand: \u201eIch brauche eure Hilfe. Wollt ihr die Herausforderung annehmen?\u201c Eine weitere Anzeige mit \u201eJa\u201c und \u201eNein\u201c tauchte auf. Das muss die Quest sein. Ich wollte auf Ja dr\u00fccken, doch Meris hielt mich an meinem Handgelenk fest. \u201eWas ist denn jetzt schon wieder?\u201c Genervt sah ich zu Meris, bereit ihn anzuschreien, doch sein Anblick lie\u00df mich z\u00f6gern. Er sah blass aus und seine Hand zitterte. \u201eWas hast du? Ist alles ok?\u201c Er sch\u00fcttelte den Kopf und versuchte etwas zu sagen. \u201eJay, was hat er?\u201c \u201eIch wei\u00df es nicht. Es w\u00e4re jedoch besser, wenn du ihn beruhigst, sein K\u00f6rper ist am Hyperventilieren, doch weil er im Spiel ist merkt er es nicht.\u201c Ich nickte. Ich nahm seine Hand von meinem Handgelenk. \u201eMeris? Kannst du mich h\u00f6ren?\u201c Er nickte. \u201eH\u00f6r mir jetzt gut zu. Ich wei\u00df nicht, was mit dir los ist, aber du musst dich unbedingt beruhigen. Atme tief ein und wieder aus, dreimal.\u201c Ich machte es ihm vor. \u201eTief ein und wieder aus. Genauso.\u201c Langsam beruhigte er sich wieder. \u201eSetz dich und erz\u00e4hl mir was los ist.\u201c Wir setzten uns auf den Boden, der Junge in der R\u00fcstung stand in derselben Position und wartete auf eine Antwort. \u201eDer Junge\u2026\u201c Meris fing an zu reden. \u201eDer Junge in der R\u00fcstung, sieht genauso aus wie mein verstorbener bester Freund.\u201c Erschrocken sah ich Meris an. F\u00fcr einen kurzen Moment verga\u00df ich zu atmen. \u201eMein bester Freund und ich haben gemeinsam das Spiel Fantasia Online gespielt. Du wei\u00dft bestimmt was mit dem Spiel passiert ist?\u201c Ich nickte. Und ob ich das wei\u00df. Mein Bruder selbst hat es erlebt und mir davon erz\u00e4hlt. Mehrere Spieler hatten sich im Spiel erh\u00e4ngt und sind nie wiederaufgetaucht. \u201eWir hatten versprochen immer zusammen zu spielen, zusammen stark zu werden, bis er eines Tages verschwand. Wir hatten gerade Level 50 erreicht, was in der Zeit das h\u00f6chste Level war, als er auf einmal mit einem Seil um seinem Hals auf einem Turm stand und sprang. Nat\u00fcrlich hatte ich nicht gedacht, dass er wirklich stirbt, doch als ich mich ausloggte und zu ihm r\u00fcber ging, war sein Zimmer leer. Nicht einmal sein Chip wurde gefunden.\u201c Ich h\u00f6rte ihm aufmerksam zu. Das muss schlimm gewesen sein, ich kann mir gar nicht vorstellen, wie es w\u00e4re, wenn Jay pl\u00f6tzlich verschw\u00e4nde. \u201eAria! Aria! Ich habe was gefunden. In seiner Quest ist noch eine Quest versteckt! Und der Junge sieht haargenau aus wie sein Freund, ich habe mir die alten vermissten Anzeigen angeschaut und die beiden verglichen. Zu 100% stimmte das Bild mit dem NPC ein!\u201c Scharf zog ich die Luft ein. Das ist unm\u00f6glich! Wie kann ein NPC wie eine Person aus der realen Welt aussehen? \u201eJay, bist du dir sicher?\u201cIch stand auf und sah mir den Jungen genau an. \u201eMehr als sicher. Du musst unbedingt die Quest annehmen. Wenn Meris nicht mitkommen m\u00f6chte, dann sei es so.\u201c Ich sah wieder zu Meris, langsam bekam er wieder Farbe in sein Gesicht. \u201eMeris, ich werde diese Quest annehmen, wenn du nicht mitkommen m\u00f6chtest begleite ich dich zur\u00fcck in die Stadt.\u201c Doch mit einem Ruck, stand er auf, sah mich mit einem entschlossenen Blick an und sagte: \u201eIst gut. Ich komme mit. Das kann ja nur ein Zufall sein, das er aussieht wie mein Kumpel.\u201c Gemeinsam gingen wir auf den Jungen in der R\u00fcstung zu und nahmen die Quest an. \u201eHallo, mein Name ist Hero und ich habe mich im Wald verlaufen. Nat\u00fcrlich kam es auch dazu, dass auch noch mein Schwert kaputt gegangen ist und ohne Schwert, kann ich die Monster nicht besiegen. Ihr m\u00fcsst mich bis zum anderen Ende des Waldes begleiten und besch\u00fctzen. Folgt mir.\u201c Er setzte sich in Bewegung, Meris und ich mit gez\u00fcckten Waffen hinterher. Auf dem Weg begegneten uns viele Monster, einfach zu besiegen. Die waren alle schw\u00e4cher als wir. Doch irgendetwas st\u00f6rte mich, so einfach kann das doch nicht sein. Immerhin soll das eine versteckte Quest sein und die m\u00fcssten normalerweise schwieriger als normale Quest sein. \u201eWir haben es gleich geschafft. Nur noch der Boss und dann sind wir fertig. Doch seit vorsichtig den Boss zu besiegen wird nicht so einfach sein.\u201c Wir waren schon fast am Ende des Waldes angelangt, von weitem sah man Licht durch die dichten B\u00e4ume schimmern. Jedoch beunruhigten mich seine Worte, in W\u00e4ldern und Feldern gab es unter normalen Umst\u00e4nden keine Bosse, weswegen seine Aussage, sich vor dem Boss in Acht zu nehmen einfach keinen Sinn ergab. \u201eAria, ich habe versucht die Gegend nach einem Boss zu scannen, negativ. Kein Boss weit und breit. Glaubst du er k\u00f6nnte euch in eine Falle locken?\u201c M\u00f6glich, doch wieso designt man einen NPC, der Spieler in eine Falle locken soll? Nur um sicherzustellen, fl\u00fcsterte ich Meris zu, er solle sich in Acht nehmen. Nur f\u00fcr den \u0001 \u0002 n\u00e4herten wir uns dem Licht und Hero wurde immer nerv\u00f6ser. Pl\u00f6tzlich versteckte er sich hinter uns und sagte: \u201eEr kommt.\u201c Wir stellten uns in unsere Angriffsposition hin und warteten. Mit einem lauten Schrei tauchte vor uns auf einmal ein Monster auf. Er sah aus wie der Tod, mit seinem Pech schwarzem Umhang, seiner komischen Maske und der Sense. Normalerweise m\u00fcsste \u00fcber seinem Kopf, der Name auftauchen, doch es waren nur Fragezeichen zu sehen, sogar sein Level war unbekannt. \u201eDen Rest \u00fcberlasse ich euch, ihr tapferen Krieger.\u201c Und mit den Worten, l\u00f6ste sich Hero in Luft auf und lie\u00df uns mit dem Monster alleine. \u201eWas f\u00fcr ein Feigling!\u201c Jay hatte Recht, es war eine Falle. \u201eAriverse, was machen wir denn jetzt?\u201c Nerv\u00f6s und mit zittrigen H\u00e4nden sah mich Meris an. \u201eBesiegen nat\u00fcrlich. Weglaufen k\u00f6nnen wir nicht die B\u00e4ume haben uns den Weg versperrt.\u201c Als das Monster aufgetaucht war, hatten sich die B\u00e4ume bewegt und einen Zaun um uns und das Monster gebildet. Es gab keinen anderen Ausweg wir mussten es besiegen!",
            "wordcount": "1.045",
            "chapter_release": "09.07.2019",
            "chapter_number": "11"
        },
        "12": {
            "text": "\u0001 \u0002.2026Menschen. Was Menschen alles tun um Reich zu werden. Es ist jetzt ein Tag her seit dem Meris und ich in die Falle getappt sind. Gl\u00fccklicherweise haben wir es lebend raus geschafft, doch es lag nicht daran, dass wir das Monster besiegt haben, sondern es hatte einen ganz anderen Grund\u2026\u201eAri, pass auf!\u201c Meine LP lagen schon wieder fast bei Null. Ich hatte mindestens 10 Heiltr\u00e4nke verbraucht , doch viel Schaden hatten wir dem Monster nicht angetan. Seine LP waren noch voll. \u201eAri!\u201c Ein weiterer Hieb kam auf mich zu. Schnell wich ich zur Seite aus und kramte nach Zaubersteinen. Doch da lag nur noch eins. Ich hatte alle anderen schon aufgebraucht, ohne das sie irgendetwas bewirkten. Ich sah zu Meris auch seine LP lagen nur bei 30. \u201eAri, du musst ihn ablenken!\u201c Ich legte mein Schwert beiseite, schrie zu Meris, er soll mir Zeit verschaffen und schloss die Augen. Ich stellte mir vor, wie tausende von schwarze Krieger sich um ihn stellten und bek\u00e4mpften. \u201eArise!\u201c Ich befahl ihnen den Tod anzugreifen und lief zu Meris. \u201eAlles in Ordnung?\u201c Meris nickte ersch\u00f6pft. Meine Schattenkrieger waren stark, doch der Tod war leider st\u00e4rker, mit nur wenigen Angriffen wurden alle meine Krieger besiegt. \u201eJay! Hast du etwas gefunden?\u201c Meris sah mich von der Seite verwirrt an. Er wusste ja noch nichts von Jay und mich mit der Luft reden zu sehen kann einen schon verwirren. \u201eNein, nichts. Es gibt keinen Ausweg. Diese Quest wurde so programmiert, dass keiner sie beenden kann und stirbt. Ich verstehe aber nicht, wieso man so etwas tun sollte. Ari, pass auf er kommt wieder!\u201c Schnell griff ich nach meinem Schwert und versuchte so gut es ging sein Angriff abzuwehren. Meris nahm w\u00e4hrenddessen sein Bogen in die Hand, legte gleich drei Pfeile darauf und zielte. Alle drei Pfeile schossen auf die Augen des Monsters zu und explodierten kurz bevor sie die Augen trafen. Eine gr\u00fcne Wolke legte sich auf seine Augen, er schrie, lie\u00df seine Waffe fallen und rieb seine Augen. \u201eDas wird ihn etwas ablenken!\u201c Ich sah zu Meris und nickte. Ich nahm den letzten Zauberstein aus meiner Tasche und wollte ihn auf meine Schwert schlagen, als pl\u00f6tzlich hinter uns die B\u00e4ume auseinander wichen und Hero wie aus dem nichts auf uns zu st\u00fcrmte. \u201eSeit ihr ok? Folgt mir!\u201c Schnell standen wir auf und folgten ihm aus der Falle raus. Mit einem letzten Schrei sank die LP des Monsters auf Null und verschwand. Verwirrt sah ich zu Meris, doch er war genauso verwundert wie ich. Hero stellte sich mit einem breiten Grinsen vor uns hin und sagte: \u201eHerzlichen Gl\u00fcckwunsch, ihr habt den Tod besiegt und somit die Quest beendet. Die Belohnung befindet sich in eurem Inventar.\u201c Sein L\u00e4cheln wurde sanfter und mit einer h\u00f6flichen Stimme sagte er: \u201eDanke, ihr habt mir das Leben gerettet. Wenn ihr Hilfe braucht, ihr findet mich in eurer Freundesliste. Ich stehe euch immer zur Verf\u00fcgung.\u201c Langsam wandte er sich um und ging zum Ausgang des Waldes, doch er blieb stehen und sah uns mit einem \u00e4ngstlichen Blick an. Er \u00f6ffnete seinen Mund und rief: \u201eVier mal kurz. Zwei mal kurz. Kurz lang kurz kurz. Kurz kurz lang kurz. Kurz.\u201c Er verschwand. Was zum Henker soll das bitte hei\u00dfen? Ich h\u00f6rte wie Meris scharf Luft holte. \u201eAri. Irgendetwas stimmt hier nicht. Er hat nach Hilfe gerufen.\u201c Noch immer verwirrt fragte ich: \u201eWoher wei\u00dft du das?\u201c \u201eMorse Code. Er hat Morse Code verwendet.\u201c Wir standen noch immer wie angewurzelt vor dem Ausgang des Waldes, bis Meris sich ruckartig umwandte und aus dem Wald rannte. Ich rannte ihm so schnell es ging hinterher und wusste nicht so recht was ich tun sollte. Wieso hat er um Hilfe gebeten? Und dann auch noch mit einem Geheimcode. Wusste Meris was es bedeutete? Meris lief bis zu Dracters Laden, ohne einmal Pause zu machen. Ohne auf die Blicke der anderen zu achten rannte ich ihm hinterher. Als wir in den Laden st\u00fcrmten schreckte ein verschlafener Dracter auf. \u201eOh Meris, Ariverse ihr seit es. Warum so in eile?\u201c V\u00f6llig au\u00dfer Atem setzte sich Meris auf einen der Hocker und sagte: \u201eIch habe es dir gesagt! Ich hatte recht, er lebt! Er lebt und braucht unsere Hilfe.\u201c Es dauerte ein paar Sekunden, bis Dracter verstand worum es ging, nur ich wusste nicht so recht was los war. \u201eEr lebt, sagst du? Wo und wie hast du ihn gefunden? Nicht einmal die Polizei hat irgendeinen von den vermissten gefunden!\u201c Dracter sah nachdenklich Meris an. \u201eDu bist dir ganz sicher, dass er es war?\u201c Meris nickte heftig mit dem Kopf: \u201eEr muss es gewesen sein. Wir haben fr\u00fcher immer in Morsecode miteinander geredet. Er hat um Hilfe gerufen!\u201c Dracter sah mich Stirnrunzelnd an und erwartete eine Zustimmung von mir. Also nickte ich kurz mit dem Kopf. \u201eErz\u00e4hlt mir alles, was passiert ist.\u201c Meris sah mich and und \u00fcberlie\u00df mir das Reden. Ich erz\u00e4hlte ihm kurz was passiert was und er h\u00f6rte aufmerksam zu. Als ich fertig war blieb er f\u00fcr einen Moment still und fragte anschlie\u00dfend: \u201eWas war die Belohnung?\u201c Ich \u00f6ffnete mein Inventar und Meris tat es mir gleich. Ungew\u00f6hnliches Material lag in meinem Inventar, genauso wie die Maske vom Monster. Meris hatte ebenfalls ungew\u00f6hnliches Material bekommen, doch anstatt einer Maske lag bei ihm ein Schl\u00fcssel im Inventar. \u201eZeig her.\u201c Meris zeigt Dracter sein Inventar, w\u00e4hrend ich mir die Maske ansah. Sie sah anders aus als die des Monsters. Sie war Dunkelblau, mit Silber geschl\u00e4ngelten Linien verziert und bei der Stirn war ein rosa leuchtender Edelstein befestigt. Ich sah mir die Eigenschaften an und stellte fest, das wie bei meinem Schwert, alles unbekannt war. Ohne das ich Jay etwas sagen musste sah er sich die Maske genauer an: \u201eDie Maske ist gut. Besser als die andere. Ich w\u00fcrde sogar sagen sie ist sehr gut. Sie kann sich, wie dein Schwert, leveln und verst\u00e4rkt deine LP sowie Mana. Wow, sie verst\u00e4rkt nicht nur sondern kann sie sogar regenerieren. Zwar momentan nur 10%, aber vielleicht wird das mit dem Leveln mehr.\u201c Ich tippte auf die Maske und sp\u00fcrte wie sie sich auf mein Gesicht platzierte. Sie sa\u00df wie angegossen. \u201eDie sieht gut aus, die Maske.\u201c, sagte Dracter, auch Meris nickte zustimmend. Ich l\u00e4chelte leicht, zeigte auf Meris\u2018 Schl\u00fcssel und fragte: \u201eWas macht der Schl\u00fcssel?\u201c Beide zuckten mit den Schultern. \u201eJay, kannst du was herausfinden?\u201c",
            "wordcount": "1.055",
            "chapter_release": "18.09.2019",
            "chapter_number": "12"
        },
        "13": {
            "text": "Ich h\u00f6rte, wie Dracter verwirrt Meris fragte, wer Jay sei. Doch weil ich es auch ihm noch nicht erz\u00e4hlt hatte, zuckte er nur mit den Schultern. Ich musste ihnen wohl erkl\u00e4ren, wer Jay war. Doch das konnte warten. \u201eMist. Da komme ich nicht rein. Es ist verschl\u00fcsselt und sehr hart zu knacken, wenn ich, ohne einen Plan zu haben, versuche da ran zu kommen k\u00f6nnte ich entdeckt werden.\u201c Ich seufzte. Was k\u00f6nnte das blo\u00df sein? Ich \u00f6ffnete meine Freundesliste und entdeckte einen neuen Freund. Wie er gesagt hatte. \u201eMeris, ich habe eine Frage.\u201c Meris sah mich fragend an. \u201eWie hie\u00df dein Freund in Fantasia Online?\u201c Er \u00fcberlegte nicht lange und sagte: \u201eHero.\u201c Ich tippte auf den Namen und sah, dass man zwei Aktionen ausw\u00e4hlen konnte. \u201eUm Hilfe bitten\u201c und \u201eHallo\u201c sagen. Ich tippte auf \u201eum Hilfe bitten\u201c und wartete, was als n\u00e4chstes passieren w\u00fcrde. Pl\u00f6tzlich, mit einem lauten Knall, tauchte er in Angriffsposition auf. \u201eIhr habt um Hilfe gerufen?\u201c, fragte er noch immer in seiner Angriffsposition. Ich ging zu ihm und sah mir seine Augen genauer an. Doch es war nichts zu sehen, au\u00dfer leere. Es waren keine Emotionen zu sehen. Ich trat noch einen Schritt n\u00e4her und wollte ihn mir genauer ansehen, als pl\u00f6tzlich seine Augen lebendiger wurden und er anfing sich zu bewegen. Er packte sein Schwert weg und sah sich im Raum um. Er erblickte uns und sagte: \u201eVier mal kurz. Zwei Mal kurz. Kurz lang kurz kurz. Kurz kurz lang kurz. Kurz.\u201c Meris sprang von seinem Hocker auf und schrie: \u201eHero, ich bin es Meris! Kannst du mich verstehen?\u201c Hero nickte langsam mit dem Kopf. \u201eWas ist mit dir passiert?\u201c Hero sch\u00fcttelte den Kopf und versuchte etwas zu sagen, doch etwas hinderte ihn daran und seine Augen wurden wieder leer. \u201eDanke, dass ihr mich gerufen habt. Wenn etwas ist, ich werde Euch immer zur Verf\u00fcgung stehen.\u201c Und so l\u00f6ste er sich in Luft auf. \u201eEr ist nicht der einzige\u201c, h\u00f6rte ich Jay in mein Ohr sagen, \u201eEs gibt noch weitere versteckte Quests in Afterlife. Auf jedem der Ebenen gibt es ein NPC, der dir eine ungew\u00f6hnliche Quest anbietet.\u201c Stirnrunzelnd fragte ich: \u201eUnd du glaubst, alle diese NPC\u2019s sind die vermissten Menschen?\u201c Wenn das wirklich wahr ist, dann sind alle in Afterlife in Gefahr. \u201eIch habe mich in das Informations- und Fahndungssystem der Polizei eingehackt und herausgefunden, dass nach Fantasia Online weitere vermissten Anzeigen erstattet wurden.\u201c Ich ging im Raum auf und ab. Wof\u00fcr? Wof\u00fcr werden die Spieler in solche Fallen gelockt? Was wollen sie damit erreichen? Hero wollte etwas sagen, etwas Wichtiges. Nur was? Ihn nochmal zu rufen w\u00e4re zu riskant. Das k\u00f6nnt ihn, wer auch immer dahinter steckte, auf uns aufmerksam machen und dann waren nicht nur Meris und ich in Gefahr, sondern auch Hero und Jay. \u201eJay, sag mir wo der n\u00e4chste NPC ist. Meris, du kommst mit mir. Es war sch\u00f6n dich wiederzusehen, Dracter. Auf Wiedersehen.\u201c Damit verlie\u00df ich Dracters Laden und machte mich auf den Weg zum Teleporter. \u201eWarte!\u201c Ich blieb stehen und sah mich um. Dracter und Meris kamen aus dem Laden gest\u00fcrmt. \u201eDracter wollte mit.\u201c Ich seufzte und zuckte mit den Schultern: \u201eDa habe ich nichts gegen einzuwenden.\u201c Also machten wir uns zu dritt auf den Weg zum Teleporter. Wir liefen an einer gro\u00dfen Menschenmenge vorbei. \u201eWas ist denn hier los\u201c, fragte ich Meris, der mit funkelnden Augen auf und ab h\u00fcpfte, um besser sehen zu k\u00f6nnen. \u201eDa findet gerade ein Duell statt. Um diese Uhrzeit sind immer viele Spieler hier versammelt und schauen zu, wie Blackpearl, eine richtig gute K\u00e4mpferin, alle Spieler nacheinander besiegt\u201c, fl\u00fcsterte mir Dracter ins Ohr. Erstaunt versuchte ich einen Blick zu erhaschen und sah ein rothaariges M\u00e4dchen mit einer feuerroten Maske auf dem Gesicht. Die Menge jubelte und pfiff wie verr\u00fcckt. Sie muss wohl ihren Gegner besiegt haben. Die Spieler fl\u00fcsterten und fragten, wer wohl als n\u00e4chstes gegen sie K\u00e4mpfen werde. Ich war noch nie ein Fan vom Duellieren, als wandte ich mich von der Menge ab und beschloss weiter zum Teleporter zu gehen. Doch ich kam nicht weit, denn die Menge wich pl\u00f6tzlich auseinander und vor mir stand das M\u00e4dchen. Sie zeigte auffordernd mit ihrem Katana auf mich und rief: \u201eNimmst du das Duell an?\u201c Na toll. Wieso hatte ich auch so viel Gl\u00fcck? Es war unh\u00f6flich ein Duell abzulehnen, doch ich war nun mal in Eile und hatte wirklich keine Lust auf ein Duell. Verlegen und etwas \u00fcberfordert, von den vielen Augen die mich ansahen, sch\u00fcttelte ich den Kopf: \u201eTut mir leid, ich habe es ziemlich eilig.\u201c Die Menschenmenge um mich herum fing an mich auszubuhen und auch Blackpearl stand verdattert da und lie\u00df ihre Klinge senken. Meris und Dracter traten neben mich und sagten unisono: \u201eEs w\u00e4re besser, wenn du das Duell annimmst.\u201c Ich seufzte. \u201eHier, ich dachte die k\u00f6nntest du gebrauchen.\u201c Ich sah wie Dracter eine gro\u00dfe Menge verschiedener Magiesteine aus seiner Tasche holte und in meine packte. Verwundert, bedankte ich mich bei ihm und sah zu wie sie sich selbst einordneten. Ich holte tief Luft und ging zum M\u00e4dchen. \u201eIch muss wohl deine Herausforderung annehmen. Irgendwelche Regeln, die ich beachten sollte?\u201c Sie nickte: \u201eSchummeln ist selbstverst\u00e4ndlich nicht erlaubt. Kleine zus\u00e4tzliche Waffe auch nicht und nur Skills verwenden.\u201c Sie zeigte auf meine Tasche mit den Magiesteinen und fuhr fort: \u201eIch wei\u00df, dass bei Kuro die Steine auch als Skills z\u00e4hlen, doch im Duell w\u00fcrde ich sie ablegen.\u201c Ich nickte, nahm die Tasche ab, \u00fcbergab sie Dracter und machte mich Angriffsbereit. Ich h\u00f6rte wie die anderen mich auslachten und sich \u00fcber meine Rasse lustig machten. Ich grinste. Ihnen wird das Lachen noch vergehen. Und da ich es wirklich eilig hatte, werde ich mich nicht zur\u00fcckhalten. Blackpearl schickte mir eine Duellanfrage und ich nahm sie an. Es gab einen Countdown von 15 Sekunden. Sie trat ein paar Schritte zur\u00fcck und stellte sich in ihre Angriffsposition hin. Durch ihre Maske sah ich die Entschlossenheit in ihren Augen und wusste, dass sie kein leichter Gegner war. Was sie wohl so drauf hat. \u201eIch sollte mich wohl raushalten. Ari, verpass ihr einen tritt in den Hintern!\u201c Ich grinste und lie\u00df mir das nicht zwei Mal sagen. Der Countdown war bei null angekommen und Blackpearl schoss sofort auf mich zu.",
            "wordcount": "1.036",
            "chapter_release": "19.09.2019",
            "chapter_number": "13"
        },
        "2": {
            "text": "Der Mann verschwand wieder und anstelle tauchte der Countdown von 10 auf. Ich hatte zehn Sekunden Zeit um den Inventar zu finden und andere Funktionen, die n\u00fctzlich sein k\u00f6nnten. Der Timer lag bei null und ich durfte endlich anfangen. Es gab eine Karte, die einem Felder, Dungeons und andere wichtige Dinge zeigte. Zu erst brauchte ich eine Waffe, sowie bestimmte Steine, die meine Ausdauer und Laufgeschwindigkeit erh\u00f6hen w\u00fcrden. Auf der Karte war gleich hier vorne ein Stand f\u00fcr Waffen und Steine, da lauf ich jetzt erstmal hin. Oh, hier. \u201eWillkommen, was kann ich f\u00fcr Sie tun?\u201c Der NPC l\u00e4chelte mich freundlich an. Ich sah mir die Waffen an, es gab Dolche und Schwerter. Durch antippen der Waffen konnte ich mir die F\u00e4higkeiten ansehen und wie stark sie waren. Alle Waffen waren gleich stark, also nahm ich mir ein Schwert, das etwas schwerer war als die anderen.\u201eIst das alles, m\u00f6chten Sie noch etwas?\u201c Vor mir tauchte eine Anzeige mit einem Harken und einem Kreuz auf, ich tippte auf das Kreuz und ging zum Stand, wo die Steine verkauft wurden. Der Verk\u00e4ufer hatte genau die Steine die ich ben\u00f6tigte. Es gab nicht nur Steine f\u00fcr Ausdauer und Laufgeschwindigkeit, sondern auch Heilsteine. Mein Geld ging mir langsam aus und ich konnte mir nur einen Stein von jedem leisten. Ich durfte nur nicht meine Lebenspunkte zu tief sinken lassen. Auf zum ersten Feld, Richtung erstem Dungeon. Ich nahm mein Schwert in die Hand und benutzte die Steine f\u00fcr Ausdauer und Laufgeschwindigkeit. Ich brauchte nur f\u00fcnf Minuten und schon war ich beim Boss des ersten Dungeons. Ich bin jetzt Level f\u00fcnf. Der Boss war ein kleiner Kobold mit dem Namen Yongma. Er sah zwar sehr schwach aus, doch er war zwei Level \u00fcber mir und wenn ich nicht aufpasse w\u00fcrde er mich mit einem Schlag t\u00f6ten k\u00f6nnen. Aria, du schaffst das. Mit einem lauten und kr\u00e4ftigen Schrei lief ich auf ihn zu. Zu erst auf seine Beine. Rechts, links. Ich verpasste dem Kobold zwei Schl\u00e4ge, er schrie auf und fuchtelte mit seiner Keule umher. Aria, benutzt nicht deine volle Kraft, er k\u00f6nnte kurz vorm Tot noch eine gro\u00dfe Attacke benutzten. Ausweichen, b\u00fccken und jetzt sein Bauch. Es war ein Kreuz auf seinem Bauch zu sehen und der Kobold wurde w\u00fctend. Bei jedem Schlag dem ich ihn verpasste wurde seine Wut gr\u00f6\u00dfer und er st\u00e4rker. Seine LP lagen jetzt bei 50 von 1000. Wenn ich mich richtig erinnerte, m\u00fcsste er jetzt seine ultimative Waffe rausholen und gr\u00f6\u00dfer werden. Und tats\u00e4chlich, mit einem lauten schreien und br\u00fcllen warf der Kobold seine Waffe beiseite und wurde gr\u00f6\u00dfer. An seiner H\u00fcfte tauchte pl\u00f6tzlich ein Schwert auf, das genau so gro\u00df war wie ich. Er nahm das Schwert und sah mich w\u00fctend an. Los! Wir liefen auf uns zu, im letzten Augenblick wich ich ihm aus schwang mein Schwert, die Klinge traf sein Knie und vor Schmerz sank er in die Knie. Schnell, bevor er wieder aufstand schliff ich ihm seine Beine auf. Er schrie laut. Er stand langsam auf und schlug mit seinem Schwert umher. Ich griff ihn wieder an. Diesmal musste ich hoch springen um sein Gesicht zu treffen. Ich wollte seine Augen ausstechen. Es gelang mir, sein linkes Auge zu verletzten, doch beim rechten wurde ich von ihm getroffen und auf den Boden geschleudert. Meine LP sanken auf 399 von 500. Ich sah noch rechtzeitig wie er mit seinem Schwert auf mich einschlagen wollte und rollte zur Seite. Seine LP lagen bei 35 von 1000. Nicht mehr viel. Schneller. Aria, du musst schneller sein! Ich stand auf und holte tief Luft. Ich lief schreiend auf ihn zu. Ich sprang nach oben und lie\u00df meine Klinge so schnell es ging auf ihn einstechen. Ausweichen, springen, zu schlagen. Schneller! Schneller! Schneller! \u201eAHHHHHHH!\u201c Ich sprang von Boden ab so stark ich konnte und ging mit der Klinge auf sein rechtes Auge los. Ich landete mit beiden F\u00fc\u00dfen auf den Boden und h\u00f6rte wie der Kobold hinter mir auf den Boden krachte. Ich habe es geschafft! Ich habe ihn erledigt! Hahahahah! Wuhu! Oh? Es tauchte eine Nachricht auf: \u201eHerzlichen Gl\u00fcckwunsch, Ariverse hat den Kobold Yongma in nur f\u00fcnf Minuten besiegt.\u201c Wow! F\u00fcnf Minuten! Hahahah wenn ich so weitermache, dann schaffe ich es vielleicht unter sechs Stunden. \u201eEin Item wurde ihrem Inventar beigef\u00fcgt, es beinhaltet die Waffe Yongmas!\u201c Ich war beim letzten Boss, auf die Zeit hatte ich nicht geachtet, doch ich war nicht einmal gestorben. Ich bin schon Level 50 und muss nur noch den letzten Boss erledigen. Die Waffe Yongmas, die ich vom ersten Boss bekommen hatte, war eine seltene Waffe, sie levelt mit dir. Der letzte Boss hie\u00df Techotyrann, er war ein Golem und k\u00e4mpfte mit seinen steinigen F\u00e4usten. Seine LP liegen bei 100 von 5000. Meine LP liegen bei 50 von 5000. Meine Heilsteine sind alle gegangen, ich habe nur noch magische Steine, doch die waren genauso n\u00fctzlich. Jetzt blo\u00df nicht sterben, Aria! Der Golem hatte keine ultimative Waffe, jedoch hatte er seine LP von 30 auf 100 heilen k\u00f6nnen. Ich habe zwei Magiesteine, ein Stein versteinert und der andere Stein ist ein Feuerstein. Ich habe eine Idee. Los geht\u2019s! Ich lief auf ihn zu und legte blitzschnell den Versteinerungsstein auf seinen linken \u0001 \u0002 habe zehn Sekunden Zeit. Schnell lief ich auf dem Golem zu und f\u00fcgte ihm schaden zu. Seine LP lagen bei 90, so ein Mist. Schneller. Ich lief wieder auf ihn zu. F\u00fcnf Sekunde. Seine Lebenspunkte lagen bei 80. Schneller, Aria. Schneller! Die Versteinerung wurde aufgel\u00f6st und er fing an sich langsam zu bewegen. Aria, los! Ich lief wieder schnell auf ihn zu und f\u00fcgte so viel Schaden zu wie ich konnte. Seine LP liegen bei 50. Warum? Warum gehen seine LP nur so langsam runter? Der Golem kam mit riesen Schritten auf mich zu gelaufen und schlug mit seinen F\u00e4usten auf mich ein. Ich wollte ausweichen, doch zu sp\u00e4t. Er traff mich und ich sah nur wie meine LP langsam sanken. Meine LP lagen bei 5 von 5000. Schneller Aria! Komm schon! Mit letzter Kraft stand ich auf, mein Schwert in der rechten Hand und den Feuerstein in der Linken, ich lief auf ihn zu schlug mit meinem Schwert auf ihn ein. Seine LP lagen bei 10 von 5000. Ich wollte den Feuerstein einsetzten, doch der Golem war schneller und schlug mich gegen eine S\u00e4ule. Meine LP lagen bei 2 von 5000. Der Feuerstein war mir aus der Hand geflogen und lag weit von mir entfernt. Schneller, Aria! Ich rappelte mich auf und lief so schnell ich konnte zum Feuerstein. Im gleichen Moment machte sich der Golem bereit f\u00fcr seine n\u00e4chste Attacke. Er holte mit seinen F\u00e4usten aus und\u2026",
            "wordcount": "1.109",
            "chapter_release": "13.10.2018",
            "chapter_number": "2"
        },
        "3": {
            "text": "\u201eFeuerklinge!\u201c Gerade rechtzeitig kam ich beim Feuerstein an, schlug ihn auf mein Schwert und setzte den Skill Feuerklinge ein. Ersch\u00f6pft und ohne Kraft fiel ich auf den Boden. \u201eIst es\u2026 vorbei?\u201c Ich h\u00f6rte wie etwas Hartes auf den Boden fiel. \u201eHerzlichen Gl\u00fcckwunsch! Ariverse hat Techotyrann besiegt! Ihre LP werden von 2 auf 5000 regeneriert. Herzlichen Gl\u00fcckwunsch, Ariverse hat den Rekord gebrochen und hat in nur f\u00fcnf stunden und 59 Minuten das Spiel beendet.\u201c Ich sp\u00fcrte wie sich mein K\u00f6rper wieder leichter anf\u00fchlte und sprang auf. \u201eJA!\u201c Ich h\u00fcpfte und jubelte. Ich habs geschafft!!! Automatisch wurde ich aus dem Spiel ausgeloggt und wachte wieder auf. Ich nahm sofort den Chip von meiner Schl\u00e4fe und sprang vom Bett. \u201eJay!!! Ich habs geschafft! Hahahahaha! Ich habe das Spiel gewonnen! Wuhu!!!\u201c Lachend lief ich zu Jay und umarmte ihn leicht. Jay klopfte mir auf den R\u00fccken und l\u00e4chelte. \u201eEine E-Mail ist f\u00fcr dich angekommen.\u201c Ich sah auf seinen PC und \u00f6ffnete die E-Mail.\u201eSehr geehrte Ariverse, vielen Dank f\u00fcrs teilnehmen am Event! Hiermit darf ich Ihnen herzlich mitteilen, dass Sie das Spiel Afterlife gewonnen haben. Bitte kommen Sie zur Stra\u00dfe XXXXXX und holen Sie ihr Spiel ab. Bitte bringen Sie den beigef\u00fcgten Nachweis, dass Sie die Gewinnerin sind, mit zum Treffpunkt. Nochmals vielen Dank f\u00fcrs Mitmachen und Herzlichen Gl\u00fcckwunsch. Mit freundlichen Gr\u00fc\u00dfen Das Afterlife Team.\u201c Ich klickte auf die Datei und druckte sie aus. Schnell lief ich aus dem Haus und lief zur Adresse, bei der ich das Spiel abholen sollte. Ein junger Mann wartete mit dem Spiel in der Hand. Ich zeigte ihm strahlend den Nachweis und bekam das Spiel in die Hand gedr\u00fcckt. \u201eHerzlichen Gl\u00fcckwunsch, Ariverse\u201c, sagte der Mann und verschwand auf einem schwarzen Motorrad. Wuhu! Ich sah mir das Spiel an und strahlte. Zuhause angekommen, schob ich Jay das Spiel vor sein Gesicht. \u201eSiehst du das? Afterlife! Los, los, wir fangen sofort an!\u201c Ich h\u00fcpfte auf dem Bett auf und ab und nahm w\u00e4hrend dessen die CD aus der H\u00fclle. Ich \u00fcberreichte Jay die CD und konnte es nicht erwarten, das Spiel endlich zu starten. \u201eIch habe das Kommunikationsger\u00e4t schon an deinen Chip gebunden, jetzt m\u00fcssen wir nur hoffe, dass es auch funktioniert.\u201c Jay schob die CD in seinen PC und verband es mit dem Chip. Er gab mir den Chip und ich setzte ihn wieder an meine Schl\u00e4fe. \u201eWir haben eine Stunde Zeit, dann gibt\u2019s was zu essen.\u201c Ich nickte und legte mich auf sein Bett. Ich dr\u00fcckte den On Knopf und landete wie beim Eventspiel in einem dunklen Raum mit einer Tastatur in der Mitte. \u201eWillkommen in Afterlife! Bitte tippen sie ihren Benutzernamen ein.\u201c Ob ich Ariverse benutzen durfte? Ich tippte Ariverse ein und wartete auf eine Antwort. \u201eWillkommen zur\u00fcck Ariverse!\u201c Oh? Es kennt mich? \u201eBitte w\u00e4hlen sie eine Klasse aus.\u201c Vor mir tauchten pl\u00f6tzlich verschiedene Figuren auf, alle hatten andere Farben an und ein anderes Aussehen. \u201eHey Ari!\u201c Erschrocken sah ich mich um, doch es war keiner zusehen. \u201eHahaha, ich bins Jay! Es funktioniert ich kann alles sehen. Wow, das ist wirklich cool! Welchen nehmen wir?\u201c Ich l\u00e4chelte, es funktioniert wirklich. Jay und ich haben ein Kommunikationsger\u00e4t f\u00fcr sein PC erfunden. Da Jay, wegen seines schwachen K\u00f6rpers nicht solche Spiele spielen kann, haben wir uns etwas \u00fcberlegt. Daf\u00fcr mussten wir meinen Chip auseinandernehmen, um zu sehen, was wir brauchen um das Ger\u00e4t funktionsf\u00e4hig zu machen. Wir haben Monate daf\u00fcr gebraucht und jetzt k\u00f6nnen wir es endlich benutzen. Das Beste, es funktioniert! \u201eWelche Klasse meinst du sollen wir nehmen? Es gibt sechs.\u201c Vor mir standen sechs verschiedene Figuren, drei waren Menschen und der Rest Elfen. Es war die Letzte, die mein Interesse weckte, es war eine in grau und schwarz gekleidete Elfe. Sie war die einzige Elfe, die nicht l\u00e4chelte und eine warme Atmosph\u00e4re von sich gab. \u201eJay, was meinst du? Wollen wir eine dunkle Elfe sein?\u201c Jay stimmte sofort zu und ich ging auf die dunkel gekleidete Elfe zu. Ich tippte auf den Harken. \u201eSie haben sich f\u00fcr die Rasse Kuro entschieden. Wollen sie mit Kuro fortfahren?\u201c Zum zweiten Mal dr\u00fcckte ich auf den Harken. Nur Sekunden sp\u00e4ter wurde alles wei\u00df und ich landete auf einem Platz, voll mit weiteren Spielern. Ich sah mich um, \u00fcberall standen verschiedene Spieler, mit verschiedenen Rassen in einer Gruppe und redeten miteinander. \u201eWow! Das ist echt cool! Sie dir nur den Himmel an!\u201c Ich sah zum Himmel. Der Himmel war blau r\u00f6tlich gef\u00e4rbt und es flogen V\u00f6gel umher, die Sonne war dabei unter zu gehen. \u201eAri, guck mal in deinem Inventar ob da was ist. Du bist zwar nicht Level 50, aber das Programm kennt dich. Vielleicht hast du noch die Waffen von Yongma.\u201c Ich nickte. Dass die Frauenstimme meinen Benutzernamen kannte hie\u00df, dass meine Daten gespeichert worden waren und nur mein Level zur\u00fcckgesetzt wurde. \u201eSystem, \u00f6ffne Inventar.\u201c Ich wartete doch nichts passierte, mein Inventar wurde nicht ge\u00f6ffnet. \u201eH\u00e4? Warum geht das nicht? Im Event konnte man nur so zum Inventar. Wieso geht\u2019s jetzt nicht mehr?\u201c Ich probierte andere Methoden um meinen Inventar zu \u00f6ffnen, doch nichts funktionierte. \u201eUnd jetzt?\u201c Jay und ich \u00fcberlegten was wir noch alles ausprobieren k\u00f6nnten, als mich pl\u00f6tzlich jemand von hinten antippte. Erschrocken sah ich mich um und erblickte einen Spieler, der mir l\u00e4chelnd zuwinkte. \u201eBrauchst du Hilfe? Sieht aus als w\u00e4rst du neu hier. Ich hei\u00dfe Meris und wie hei\u00dft du?\u201c Er reichte mir seine Hand und l\u00e4chelte. Er scheint sehr freundlich zu sein. Ich nahm seine Hand und sch\u00fcttelte sie. \u201eIch hei\u00dfe Ariverse\u2026\u201c, bevor ich ihn um Hilfe bitten konnte, zeigte er mit seinem Zeigefinger auf mich und rief begeistert: \u201eDu bist Ariverse? Wow! Willkommen in Afterlife. Wir haben alle auf dich gewartet!\u201c Was? Woher kennt er mich? Und wer ist wir? Sag mir jetzt nicht alle anderen Spieler wissen wer ich bin! Ich sah ihn verwirrt an. \u201eWir alle wissen wer du bist. Es wurde eine Ansage im Spiel gemacht, das eine Ariverse das Event in nur 5 Stunden und 59 Minuten beendet hat. Aber ich habe eine Frage.\u201c Er begutachtete mich von oben nach unten und fuhr fort: \u201eWieso hast du denn diese Klasse ausgew\u00e4hlt? Ausgerechnet Kuro. Das ist die schlechteste Klasse die es gibt in Afterlife. Diese Klasse kann nichts au\u00dfer mit einem Schwert rumfuchteln. Wenn du das Spiel zur\u00fccksetzt kannst du deine Klasse nochmal \u00e4ndern und dein Name wird dabei nicht gel\u00f6scht.\u201c Was denkt er eigentlich wer er ist, mir zu sagen welche Klasse ich w\u00e4hlen darf und welche nicht? \u201eLass dich nicht von ihm einsch\u00fcchtern, frag ihn wie man zum Inventar kommt und dann verschwinde.\u201c Jay hatte recht, ich durfte mir nichts gefallen lassen, au\u00dferdem bin ich mit dem Schwert am besten. \u201eDanke f\u00fcr den Rat, doch ich entscheide selber welche Klasse f\u00fcr mich gut ist und welche nicht. Wenn du vielleicht so nett w\u00e4rst und mir erkl\u00e4ren k\u00f6nntest, wie ich Zugriff zum Inventar bekommen k\u00f6nnte. W\u00e4re wirklich sehr nett.\u201c Der Junge sah mich vorwurfsvoll an, erkl\u00e4rte mir jedoch ohne ein Wort, wie ich das Inventar \u00f6ffnen konnte. Er verschwand nur Sekunden nachdem er es mir erkl\u00e4rt hatte. \u201eWie unfreundlich.\u201c Ich sch\u00fcttelte seufzend den Kopf. Um das Inventar \u00f6ffnen zu k\u00f6nnen, musste man den Daumen und Zeigefinger benutzen, die Finger aneinanderpressen und als n\u00e4chstes auseinanderziehen. Ich presste meine Finger kurz aneinander und zog sie wieder auseinander. Vor mir tauchte im selben Augenblick das Inventar auf. \u201eEs hat geklappt, los guck nach ob deine Yongma Waffe noch da ist.\u201c Ich klickte auf die Waffe, die im Inventar angezeigt wurde und ein weiteres Fenster \u00f6ffnete sich. Das Fenster war leer, bis auf eine kleine Kiste, die im Inventar lag. Die Kiste war unbenannt und ich fragte mich, was dort drin liegen k\u00f6nnte. Soll ich sie \u00f6ffnen? Ich bewegte unsicher meinen Finger in die Richtung der Kiste. Doch gerade, als ich auf die Kiste tippen wollte h\u00f6rte ich meine Mutter im Hintergrund zum Essen rufen. Och, so ein Mist. Ich wollte sie aufmachen. \u201eAri, komm schnell. Deine Mutter kommt hoch!\u201c Wie ein Blitz schloss ich das Inventar und schrie: \u201eLog-out!\u201c",
            "wordcount": "1.334",
            "chapter_release": "15.10.2018",
            "chapter_number": "3"
        },
        "4": {
            "text": "Ich wurde aus dem Spiel ausgeloggt und riss den Chip von meiner Schl\u00e4fe. Ich setzte mich aufrecht auf und in dem Moment ging die T\u00fcr von Jays Zimmer auf. Meine Mutter kam ins Zimmer und brachte uns das Essen. \u201eHeute d\u00fcrft ihr ausnahmsweise oben essen. Bleibt bitte nicht mehr so lange wach, morgen habt ihr Schule. Denkt nicht ich wei\u00df nichts von euren Spielchen. Guten Appetit.\u201c Sie gab uns einen kurzen vorwurfsvollen Blick und verlie\u00df anschlie\u00dfend das Zimmer. Wir seufzten leicht. Nachdem wir mit dem Essen fertig waren, machten wir uns Bett fertig. Ich w\u00fcnschte Jay eine gute Nacht und ging ins Bett, doch das Einschlafen viel mir schwerer als sonst. Ich wollte weiter die neue Welt erkunden, neue Menschen kennenlernen und mit Jay Spa\u00df haben! Ach was soll\u2019s, ich sollte wirklich schlafen. Au\u00dferdem waren bald Ferien, wo wir genug Zeit haben das Spiel zu spielen.\u201eViel Spa\u00df in der Schule und pass auf dich auf!\u201c ,rief mir meine Mutter zum Abschied. Ich holte mein Handy und Kopfh\u00f6rer aus meiner Tasche und machte meine Musik an. Meine Kopfh\u00f6rer waren speziell, denn aus dem rechten H\u00f6rer kam die Musik und aus dem linken Jays Stimme. Gerade lief eins meiner Lieblingslieder und Jay sang mit: \u201eDon\u2019t stop the music get louder. Come on now feel it!\u201d Ich lachte, Jay war nicht wirklich ein perfekter S\u00e4nger und noch schlechter singt er, wenn er sich ganz viel M\u00fche gibt. Auf dem Weg zur Schule redeten wir \u00fcber Afterlife und was wir alles erreichen wollten. Mein Haus war gl\u00fccklicherweise nicht so weit von der Schule entfernt und zu Fu\u00df ging es viel schneller als mit dem Bus. Au\u00dferdem war es an der frischen Luft angenehmer als in einem vollgepacktem Bus, wo es nur so nach Schwei\u00df roch. \u201eHeute haben wir fr\u00fcher Schluss und um 13 Uhr kommt Simon um nach dir zu schauen.\u201c Simon war Jays Arzt, der einmal im Monat zum pr\u00fcfen kommt. Er war erst 25 Jahre alt, aber sehr intelligent. Ich betrat das Klassenzimmer und setzte mich auf meinen Platz und installierte die Kamera f\u00fcr Jay. \u201eSiehst du alles?\u201c, fragte ich ihn. \u201eJa, so ist perfekt.\u201c Wir hatten noch zehn Minuten bis Unterricht Beginn. \u201eHey Aria.\u201c Meine Sitznachbarin begr\u00fc\u00dfte mich jeden Morgen, doch das war alles. Nie hat sie versucht ein Gespr\u00e4ch mit mir zu f\u00fchren oder auf eine Antwort zu ihrer Begr\u00fc\u00dfung gewartet. \u201eGuten morgen.\u201c Ich l\u00e4chelte sie an und wandte mich ohne weiteres nach vorne. Aus dem Augenwinkel beobachtete ich ihre Reaktion und sah ein leicht verwirrten Blick. Ihr Name war Jennie, sie war ein wirklich h\u00fcbsches M\u00e4dchen. W\u00fcrde man sie zum ersten Mal sehen, w\u00fcrde man denken, sie sei ein Model. Sie war jedoch ein stilles M\u00e4dchen und hatte diese kalte Aura, sodass sich keiner traut ihr n\u00e4her zu kommen. Ich habe ihr vor ein paar Tagen geholfen, Jungs hatten sie angemacht, und seitdem begr\u00fc\u00dft sie mich jetzt jeden Morgen. Es kamen immer mehr Sch\u00fcler in die Klasse und zu letzt der Lehrer. Die Zeit verging sehr schnell und im n\u00e4chsten Augenblick war ich wieder auf den Weg nach Hause. Es war halb eins, wir sa\u00dfen am Esstisch und a\u00dfen Reis mit Lachs. Meine Mutter und Vater arbeiteten meistens immer bis 18 Uhr, weshalb ich nachmittags immer f\u00fcr mich und Jay koche. \u201eSobald Simon weg ist fangen wir mit Afterlife an. Ich will mindestens Level 35 werden und gute R\u00fcstung kaufen k\u00f6nnen.\u201c Jay stimmte mir zu. Es klingt, ich legte meine Gabel beiseite und lief zur T\u00fcr. Es war Simon. Er l\u00e4chelte mit seinem \u00fcblichen freundlichen L\u00e4cheln an und ich bat ihn einzutreten. \u201eNa, was machen meine beiden Patienten? Geht\u2019s euch gut?\u201c Er wuschelte mir \u00fcber die Haare und trat ein. \u201eAlso bis jetzt gab es keine Beschwerden. Und geht\u2019s sehr gut.\u201c Er packte seine Tasche aus und fing an Jay zu untersuchen. \u201eDas h\u00f6rt sich doch schonmal ganz gut an. Jay machst du auch immer deine \u00dcbungen?\u201c Jay nickte. \u201eOk. Alles noch im gr\u00fcnen Bereich und wenn ich nicht falsch liege haben sich deine Lungen etwas verst\u00e4rkt. Seitdem du hier eingezogen bist ist deine Gesundheit gestiegen. Na denn. Ich komme in einem Monat wieder um die selbe Uhrzeit und wenn was ist wisst ihr was zu tun ist. Tsch\u00fcss.\u201c Er packte seine Tasche und verschwand. Wir warteten nicht lange, r\u00e4umten unser Besteck auf und gingen in Jays Zimmer. Ich holte meinen Chip aus der Schachtel und setzte ihn an meine Schl\u00e4fe. Ich sah zu Jay: \u201eReady?\u201c Er zeigte mit seinem Daumen nach oben und nickte. Ich schloss meine Augen und fl\u00fcsterte: \u201eAfterlife, here we come!\u201c Ich wurde sofort in das Spiel eingeloggt und landete in der Anf\u00e4ngerstadt. \u201eJay? Bist du da?\u201c Ich wartete bis ich eine Antwort von Jay h\u00f6rte. \u201eNat\u00fcrlich. Guck nach was in der Kiste ist.\u201c Richtig, die Kiste. Ich \u00f6ffnete das Inventar und klickte auf die Kiste die beim Waffeninventar lag. Eine Leiste tauchte auf, worauf stand: Wollen Sie diese Kiste \u00f6ffnen? Ich klickte auf den Harken. Die Kiste landete auf meine Hand und mit einem \u201aklick\u2018 \u00f6ffnete sie sich. Ein Schwert erschien, der Name der Waffe war \u201aGuardian\u2018. Es war ein Jian Schwert. Das Jian Schwert ist ein chinesisches Schwert und gilt als die \u201eedelste\u201c \u0001 \u0002 Griff hing ein rotes B\u00fcndel aus F\u00e4den, auch eine Quaste genannt. \u201eWie cool ist das denn! Jay sieh dir das an! Sie ist zwar nicht wie Yongmas Waffe, aber genau so cool.\u201c Ich nahm die Waffe in die Hand und schwang sie hin und her. Sie war schwer, genau richtig. \u201eAri, du hast echt Gl\u00fcck. Soll ich mal versuchen nachzusehen ob sie mit dir levelt?\u201c Ich nickte, w\u00e4hrend ich mein Schwert bewunderte. Wenn man sie ans Licht hielt gl\u00e4nzte sie so sch\u00f6n. \u201eIch bin drin, moment. Huh? Informationen zur Waffe unbekannt. Hier steht, dass es solch eine Waffe gar nicht geben soll!\u201c Verwundert h\u00f6rte ich Jay zu. Eine unbekannte Waffe? \u201eAmazing!\u201c",
            "wordcount": "979",
            "chapter_release": "23.10.2018",
            "chapter_number": "4"
        },
        "5": {
            "text": "\u201eWollen wir anfangen?\u201c Ich nickte und begab mich zum Anf\u00e4ngerfeld. Es waren viele Spieler auf den Feldern, die gegen riesige Insekten k\u00e4mpften. Ich sah mich nach einem leeren Platz mit vielen Monstern um. \u201eAri, links von dir sind ganz viele Insekten.\u201c Ich erblickte das leere Feld und schlich mich an die Insekten an. Ich griff mit meiner rechten Hand mein Schwert, das an meinem R\u00fccken, in der Schwertscheide lag und zog es raus. So schnell wie ich konnte, griff ich das Insekt an. Vor Schmerz kreischte es laut auf und wandte sich w\u00fctend in meine Richtung. Ich wich hastig seinen Angriffen aus. Ich lief auf ihn zu und verpasste ihm mehrere Verletzungen. Ich schwang mein Schwert von oben nach unten und von rechts nach links. Mit einen letztem schrei, brach er zusammen und verschwand. \u201eLevel up! Herzlichen Gl\u00fcckwunsch Ariverse, Sie Level 2 erreicht.\u201c Ich bek\u00e4mpfte weitere Insekten und war in null Komma nichts auf Level 5, ich konnte endlich nach guter R\u00fcstung sehen. Meine Waffe war, wie wir feststellten, in der Lage auf zu Leveln. Wir waren gerade Unterwegs zu einem Schmied. \u201eJay, ist der Schmied ein NPC oder gibt es auch Spieler, die Schmied werden?\u201c Ich hatte n\u00e4mlich gelesen, dass den Spielern die M\u00f6glichkeit gegeben wurde, einen Job ausf\u00fchren zu k\u00f6nnen. Jedoch wusste ich nicht ob es der Wahrheit entsprach oder nicht. \u201eEs gibt auch Spiele, aber die scheinen noch Anf\u00e4nger zu sein. Wenn du wirklich gute R\u00fcstung haben m\u00f6chtest, sollten wir zu den NPC\u2019s gehen.\u201c Ich nickte zustimmend und marschierte zu einem Schmied. Die T\u00fcr \u00f6ffnete sich und ein leises Klingen war, beim Eintreten zu h\u00f6ren. \u201eWillkommen Spieler. Was kann ich f\u00fcr Sie tun?\u201c Ich sah mich im Laden um. Verschiedene R\u00fcstung standen im Raum und die Waffen lagen in Vitrinen. Sogar seltene Materialien, die f\u00fcr das Herstellen guter R\u00fcstungen genutzt werden, lagen in Vitrinen. Ich ging zum Verk\u00e4ufer und l\u00e4chelte ihn an: \u201eWie viel f\u00fcr die Schattenr\u00fcstung?\u201c\u201eDie Schattenr\u00fcstung muss erst noch hergestellt werden. Das Material kostet ihnen 100 Goldm\u00fcnzen und 50 Silberm\u00fcnzen. Die Herstellung kostet ihnen extra 10 Silberm\u00fcnzen. Wollen Sie das Angebot annehmen?\u201c Eine Anzeige tauchte vor mir auf, mit einem Harken und einem Kreuz. 100 Goldm\u00fcnzen plus 60 Silberm\u00fcnzen? \u201eEs ist teuer, aber f\u00fcr diese R\u00fcstung lohnt es sich und genug M\u00fcnzen hast du.\u2018\u2018 Jay hatte recht. F\u00fcr eine gute R\u00fcstung musste man wohl Opfer bringen. Ich dr\u00fcckte auf den Harken und das Geld verschwand, momentan hatte ich keine M\u00fcnzen mehr, daf\u00fcr musste ich mehr Monster besiegen. Der Schmied verbeugte sich leichte und machte sich an die Arbeit. Wenige Minuten kam er mit einer dunkel lila R\u00fcstung aus seiner Werkstatt wieder. Ich betrachtete sie, mit einem Antippen wurden die Eigenschaften angezeigt. Es war eine starke R\u00fcstung geworden, nicht zu schwer und sehr bequem. Ich nahm ihm die R\u00fcstung ab und zog sie an. Zum Anziehen musste ich sie nur mit einer Hand ber\u00fchren und schon hatte ich sie an. Ich bedankte mich beim Schmied und wollte gerade den Laden verlassen, als die T\u00fcr auf ging und weiterer Spieler eintrat. Ich l\u00e4chelte freundlich zu, doch anstatt freundlich zur\u00fcck zu l\u00e4cheln zeigte er nur verwundet mit seinem Zeigefinger auf mich und sagte: \u201eDu bist doch Ariverse! Dein Gesicht kann man sich echt leicht merken.\u201cEmp\u00f6rt und verwundet zu gleich sah ich den Spieler an. \u201eWie bitte?\u201c Er kam auf mich zu und antwortete: \u201eJa! Ein Bild von dir h\u00e4ngt an der Pinnwand in der Hauptstadt, ein Spieler oder du selbst muss es dort hingeh\u00e4ngt haben. Wirklich cool, wie schnell du das Spiel beendet hast.\u201c Ich fass es nicht! Wer auch immer mein Bild dort aufgeh\u00e4ngt hat, hat echt nicht mehr alle Tassen im Schrank! \u201eWer hat das Bild schon gesehen!\u201c Ich versuchte so gut es ging meine brodelnde Wut nicht zeigen. Der Junge zuckte mit den Schultern: \u201eJeder Spieler Afterlife w\u00fcrde ich mal behaupten.\u201c Oh, Halleluja! Ohne ein weiteres Wort verlie\u00df ich den Laden. \u201eAri, was willst du jetzt machen?\u201c Gute Frage. Ich seufzte. Zuerst bis Level 15 kommen, um die Hauptstadt betreten zu k\u00f6nnen. Auf den Weg zum ersten Dungeon sp\u00fcrte ich die Blicke der Spieler. \u201eJay, vielleicht sollte ich mir einen Umhang besorgen um nicht erkannt zu werden.\u201c Ich h\u00f6rte wie Jay anfing zu lachen. \u201eVielleicht w\u00e4re eine Maske besser, die ist leichter und praktischer.\u201c Hm, eine Maske war keine so schlechte Idee, aber erst mal brauchte ich mehr M\u00fcnzen. \u201eHerzlichen Gl\u00fcckwunsch Ariverse, Sie haben Level 15 erreicht!\u201c \u201eHerzlichen Gluckwunsch, Guardian hat Level 15 erreicht\u201c Ersch\u00f6pft setzte ich mich auf den Boden. Ohne Pause habe ich jeden Boss alleine besiegt und auf den Feldern M\u00fcnzen und Materialien gefarmt. Es dauerte nicht lange und ich hatte genug um mir eine schlichte schwarze Maske zu kaufen. Die Blicke der anderen waren einfach nicht mehr auszuhalten, weshalb ich mir diese Maske gekauft habe. W\u00e4hrend ich gek\u00e4mpft habe, hat Jay versucht herauszufinden, wer mein Bild an Pinnwand geh\u00e4ngt hat.\u201eHab\u2018 dich! Ari, ich wei\u00df jetzt wer es war!\u201c Aufmerksam h\u00f6rte ich ihm zu. \u201eEin Spieler namens Meris. Kommt dir der Name nicht bekannt vor?\u201c Und ob er mir bekannt vorkam! Das war der Spieler, der mir erkl\u00e4rt hat wie man das Inventar \u00f6ffnet und mich wegen meiner Entscheidung verspottet hatte. Der kann was erleben. \u201eWas f\u00fcr ein Zufall, er ist gerade auf dem Feld, wenige Meter von hier entfernt.\u201c Worauf warten wir! \u201eAuf geht\u2019s!\u201c Sofort machte ich mich auf den Weg zum Feld. Und wirklich, in der Mitte des Feldes k\u00e4mpfte ein Junge mit hellgr\u00fcnen langen Haaren gegen riesige Monster. \u201eJay, du bist einfach nur fantastisch! Warten wir bis er fertig ist?\u201c Doch es sah nicht so danach aus, als w\u00fcrde er dort lebendig wieder rauskommen. \u201eNicht n\u00f6tig, er stirbt.\u201c Mehr als zehn Monster umkreisten ihn und leider war er ein kleines bisschen im Nachteil. Seine Waffe war ein Bogen und die waren nicht f\u00fcr Nahk\u00e4mpfe geeignet. \u00dcberhaupt sollte man als Sch\u00fctze nicht solo spielen. Ach, so ein Mist!",
            "wordcount": "986",
            "chapter_release": "29.10.2018",
            "chapter_number": "5"
        },
        "6": {
            "text": "\u201eAri, was hast du vor?\u201c Genervt zog ich mein Schwert und rannte zum verzweifelten Jungen: \u201eSeinen Arsch retten, was sonst!\u201c Hastig schwang ich mein Schwert und schnitt den Monstern die Beine ab. Mit einem Schnaufen richteten alle Monster ihre Aufmerksamkeit auf mich. Ich sah zu Meris und schrie: \u201eNa los, worauf wartest du! Heile dich und verschwinde!\u201c Etwas verdattert rappelte er sich auf und heilte sich mit einem Heiltrank. \u201eAri das hattest du jetzt wirklich nicht machen m\u00fcssen. Hast du vergessen, dass das nur ein Spiel ist?\u201c Die h\u00e4lfte der Monster waren besiegt. \u201eNat\u00fcrlich nicht.\u201c Ich duckte mich und wich meinem Angreifer aus. \u201eEr tat mir leid.\u201c Ich stich dem Monster mit aller Kraft in den Bauch. Es schrie und verschwand. Es fehlten nur noch zwei Monster, beide liefen gleichzeitig auf mich zu. Ich stellte mich in meine Angriffsposition, wartete bis sie nah genug an mir dran waren und schnitt ihnen in ihr Bauch. Seufzend legte ich mein Schwert zur\u00fcck in seine Scheide und wandte mich zur Stadt um. Eigentlich wollte ich Jay fragen, ob er Meris aufsuchen k\u00f6nnte, doch das war nicht n\u00f6tig. \u201eHatte ich dir nicht gesagt, du sollst verschwinden?\u201c \u201eDu. Du bist ein Kuro.\u201c Echt jetzt!? Genervt antwortete ich: \u201eEin Dankesch\u00f6n h\u00e4tte gereicht! Ich m\u00f6chte gerne ein W\u00f6rtchen mit dir reden!\u201c Ich stapfte w\u00fctend auf ihn zu, packte ihn am Kragen seines Mantels und zog ihn hinter mir her. Emp\u00f6rt versuchte er sich aus meinem Griff zu befreien, doch so einfach war es nicht mich ab zu sch\u00fctteln. Spieler beobachteten uns und ich h\u00f6rte wie Jay sich vor Lachen nicht mehr einkriegte. An einem ruhigen Platz lie\u00df ich den zappelnden Elf los.\u201eWas soll das? Was willst du von mir?\u201c Ver\u00e4ngstigt blieb er auf dem Boden sitzen. Ich l\u00e4chelte so freundlich es ging und kniete mich hin. Ich hob meine Hand und sah wie er Leicht zusammenzuckte. Ich verkniff mir so gut es ging mein Lachen und griff mit der Hand nach meiner Maske. Ich zog sie aus und grinste Meris an. \u201eHast du etwa vergessen wer ich bin?\u201c Erschrocken wich er zur\u00fcck. \u201eAriverse!\u201c Ich zeigte mit dem Daumen nach oben und sagte: \u201eBingo. Aber jetzt mal was ganz anderes. Wer hat dir die Erlaubnis gegeben ein Bild von meinem Avatar zu machen und aufzuh\u00e4ngen, wo alle es sehen k\u00f6nnen?\u201c Er brauchte einen Moment bis er verlegen auf stand und mit den Schultern zuckte. \u201eIch soll ein Bild von dir aufgeh\u00e4ngt haben? Ach ja!\u201c Ich sah ihn vorwurfsvoll an. \u201eDas sollte doch nur ein kleiner Witz sein. Ich h\u00e4tte ja nicht ahnen k\u00f6nnen, dass gleich ganz Afterlife davon erf\u00e4hrt.\u201c Er lachte h\u00f6hnisch. Er sollte wirklich an seine Pers\u00f6nlichkeit arbeiten! Ich sah ihn an und wartete, bis er sich beruhigt hatte. \u201eHaben wir es dann endlich?\u201c, fragte ich. Er r\u00e4usperte und nickte. \u201eIch werde ab heute eine Maske tragen. Wenn ich auch nur auf eine Person treffe, die meine Maske kennt, werde ich nicht mehr so nett sein. Haben wir uns verstanden?\u201c Der Elf schnalzte mit der Zunge. Er lernt auch nie dazu\u2026Ich zog mein Schwert hervor und hielt sie ihm gegen die Kehle. Ich lehnte mich nach vorne und sah ihm in die Augen. \u201eHaben wir uns Verstanden?\u201c \u00c4ngstlich nickte er mit dem Kopf. Ich lie\u00df mein Schwert einen kurzen Moment an seiner Kehle und ging anschlie\u00dfend ein paar Schritte zur\u00fcck. \u201eDann haben wir das ja gekl\u00e4rt!\u201c Ich l\u00e4chelte ihn kurz an und zog mich zur\u00fcck. Jay hatte in der zwischen Zeit wieder angefangen zu lachen. \u201eJay, \u00fcberlaste bitte deinen K\u00f6rper nicht. Sonst musst du wieder f\u00fcr einige Zeit im Krankenhaus bleiben.\u201c \u201eJa, ich wei\u00df\u2026\u201c\u201eAchtung, hinter dir!\u201c Geschmeidig wich ich dem Angriff aus. \u201eBenutz deine Magie! Ihre Augen sind ihre Schw\u00e4che.\u201c Es war 16:30 Uhr. Ich hatte Level 24 erreicht und herausgefunden, dass Kuro nicht nur mit einem Schwert k\u00e4mpft, sondern sogar eigene Magie besitzt, genauso wie die F\u00e4higkeit hat mit Magiesteinen die Waffe zu verst\u00e4rken. Fast keiner in Afterlife wusste von diesen Eigenschaften, weshalb die meisten Kuro mieden und lieber die anderen Rassen ausw\u00e4hlten. Traurig, denn so wie ich es sah ist Kuro einer der st\u00e4rksten Rassen. Dank Jay, der sich ganz leicht in das System eingehackt hat, wusste ich wie ich die Magie nutzen konnte. Wir waren momentan im letzten Dungeon der f\u00fcnften Etage. In Afterlife gab es 50 Etagen und auf jeder Etage war die Anzahl der Dungeons verschieden. F\u00fcr Etage eins nur ein Dungeon, f\u00fcr Etage zwei, zwei Dungeons und so weiter. Ich lief auf die Monster zu. Es waren gro\u00dfe Menschen\u00e4hnliche Wesen. Ihre Beine waren d\u00fcnn und lang, wie \u00c4ste. Ihre Augen leuchteten Gelb und sie hatten Z\u00e4hne wie Vampire, vielleicht ein bisschen l\u00e4nger und spitzer. Ich streckte meine Linke Hand aus und stellte mir vor, wie eine dunkle Wolke ihnen die Sicht vernebelte. Die Monster lie\u00dfen ihre Waffen fallen und versuchten die Wolke von ihren Augen zu entfernen. Ohne Zeit zu vergeuden lief ich auf sie zu. Die Spitze meines Schwertes lie\u00df ich auf dem Boden schleifen und zog im richtigen Augenblick die Waffe nach oben. Ein Monster nach dem anderen verschwand. \u201eKinders, ich bin wieder da!\u201c Erschrocken richtete ich mich auf. \u201eAri deine Mutter!\u201c Ich legte mein Schwert weg und rannte so schnell ich konnte in das n\u00e4chste Dorf. Im Dorf angekommen, ging ich in eines der H\u00e4user und schrie: \u201eLog-out!\u201c Als ich wieder bei Bewusstsein war richtete ich mich auf und legte meinen Chip zur\u00fcck in die Schachtel. \u201eHallo? Irgendwer Zuhause?\u201c Ich lief zu meiner Tasche und holte die Hausaufgaben hervor. \u201eJa wir sind hier oben!\u201c Ich wandte mich zu Jay und fl\u00fcsterte: \u201eSchnell, mach dein Computer aus! Sie kommt!\u201c Hastig tippte Jay auf der Tastatur herum, sein Computer schaltete sich aus und er nahm sich einen Stift und einen Zettel. Ich setzte mich auf den extra Stuhl und breitete die Arbeitsbl\u00e4tter auf dem Tisch aus. Es klopfte leis. Meine Mutter \u00f6ffnete die T\u00fcr sp\u00e4hte langsam durch einen kleinen Spalt. \u201eHallo. Ich hoffe, ich st\u00f6re nicht. War Simon hier?\u201c \u201eJa, er war um 13 Uhr hier. Er hat gesagt, dass Jay fortschritte macht.\u201c Meine Mutter l\u00e4chelte: \u201eDas freut mich! Sch\u00f6n. Dein Vater kommt auch gleich, mach dich fertig. Wenn er da ist gehen wir sofort.\u201c Verwirrt sah ich meine Mutter an. \u201eSag mir nicht ihr habt vergessen, dass Jays Eltern uns zum Abendessen eingeladen haben.\u201c---------------------------------------------------------Hallo, Leser und Leserinnen :3Wie gehts?Ich hoffe euch gef\u00e4llt diese \u0001 \u0002 euch noch eine sch\u00f6ne Woche bye bye~ :)",
            "wordcount": "1.073",
            "chapter_release": "06.11.2018",
            "chapter_number": "6"
        },
        "7": {
            "text": "\u201eWillkommen, wir sind sehr erfreut euch endlich kennenzulernen.\u201c Was f\u00fcr eine falsche Schlange diese Frau doch ist! Jays Mutter \u00f6ffnete uns mit einem aufgesetzten L\u00e4cheln die T\u00fcr. Sogar der Vater und Bruder erwarteten uns mit einem L\u00e4cheln und ausgebreiteten Armen, w\u00e4ren meine Eltern nicht hier h\u00e4tte ich ihnen l\u00e4ngst ein blaues Auge verpasst. \u201eSetzt euch, setzt euch. Unsere K\u00f6chin ist gleich mit dem Essen fertig, solange k\u00f6nnen wir uns ein bisschen Unterhalten.\u201c Jays Mutter f\u00fchrte uns in das Wohnzimmer, es war riesig! Wir setzten uns auf die gro\u00dfen Sofas. Es standen zwei lange Sofas gegen\u00fcber voneinander und noch eins links von uns. W\u00e4hrend die anderen sa\u00dfen half ich Jay sich langsam hinzusetzen. Ich sah aus dem Augenwinkel, wie ungeduldig seine Familie wurde. Ich lehnte mich an sein Ohr und fl\u00fcsterte: \u201eLass dir Zeit, egal wie lange du brauchst, das m\u00fcssen sie schon aushalten. Wenn sie auch nur einen schwachsinnigen Kommentar von sich geben, gehen wir.\u201c Jay nickte dankbar.\u201eErz\u00e4hlen Sie, wie ist es mit unserem Sohn? Bereitet er euch auch keine Schwierigkeiten?\u201c Ich hasste Smalltalk \u00fcber alles. Noch schlimmer war jedoch diese hohe Stimme der Frau und dieses falsche Lachen. Glaubt mir, die wollt ihr gar nicht h\u00f6ren! Ich h\u00f6rte ihr schon gar nicht mehr zu und unterhielt mich mit Jay. Es dauert eine gef\u00fchlte Ewigkeit bis die K\u00f6chin kam und bescheid gab, dass das Essen fertig sei. Die K\u00f6chin f\u00fchrte uns in das Esszimmer und servierte das Essen. Es sah alles wirklich k\u00f6stlich aus. Als die K\u00f6chin mir mein Essen brachte, bedankte ich mich h\u00f6flich bei ihr. Ich sa\u00df am Ende des Tisches, rechts von mir sa\u00df Jay und links meine Eltern. Die Mutter von Jay sa\u00df am anderen Ende des Tisches, genau gegen\u00fcber von mir. \u201eAria, erz\u00e4hl mir doch, wie geht Jay zur Schule?\u201c Ich seufzte unauff\u00e4llig und legte meine Gabel beiseite. Ich l\u00e4chelte so freundlich es ging und antwortete: \u201eEr geht nicht zur Schule.\u201c Jays Mutter blinzelte verdutzt mit den Augen. \u201eWas meinst du mit er geht nicht zur Schule? Auch wenn er Krank ist, sollte er nicht am Ende dumm sterben!\u201c Was?\u201eWie gesagt, er geht nicht zur Schule. Ihr Sohn ist schwer krank und w\u00fcrde einen ganzen Tag in der Schule nicht aushalten! Genauso wie eine etwas l\u00e4ngere Autofahrt zu Ihnen nach Hause, weshalb ich nicht verstehe wieso dieses Essen nicht bei uns h\u00e4tte stattfinden k\u00f6nnen. Aber egal, Ihr Sohn ist ein Intelligenter Junge und er lernt schnell. Dank der Kamera kann er den Unterricht mit verfolgen. Keine Sorge, wenn er stirbt, was nicht so fr\u00fch passieren wird, dann ganz bestimmt nicht als dummer Mensch! Und wissen Sie was? Sie haben nicht einmal gefragt wie es ihm geht. Sie haben ihn schon von Anfang an aufgegeben und sich nie um ihn gek\u00fcmmert. Sie wollten keinen kranken Sohn, weshalb Sie auch ganz schnell zugestimmt haben, als ich vorgeschlagen hatte, dass er bei uns Leben darf! Also h\u00f6ren Sie auf so zu tun, als w\u00fcrde es Ihnen interessieren, was er so bei uns treibt.\u201c Ich wandte mich zur K\u00f6chin und sagte: \u201eDanke f\u00fcr das Essen, es war sehr lecker. Wir verabschieden uns jetzt von euch. Auf Wiedersehen.\u201c Ich stand auf, half Jay auf und forderte meine Eltern, mit einer schnellen Geste, auf mir zu folgen.\u201eAria!\u201c Ich sah zu meiner Mutter und sch\u00fcttelte nur den Kopf. Ich wollte so schnell wie m\u00f6glich aus dieser H\u00f6lle \u0001 \u0002 Familie ist uns nicht hinter her gegangen. Meine Eltern, Jay und ich sa\u00dfen still im Auto, erst als wir zu Hause waren sagte meine Mutter: \u201eAria. Was du vorhin getan hast war wirklich bemerkenswert.\u201c Oh? Ich dachte sie w\u00fcrde mir jetzt eine Standpauke halten. \u201eUm ehrlich zu sein, habe ich die Einladung nur angenommen um ihnen mal richtig meine Meinung zu sagen, aber du kamst mir zuvor. Ich bin stolz auf dich.\u201c Sie umarmte mich kurz und gab mir einen Kuss auf die Stirn. \u201eJetzt aber ab ins Bett ihr zwei. Dein Vater und ich m\u00fcssen morgen arbeiten und ihr in die Schule.\u201c Ich nickte, w\u00fcnschte meinen Eltern eine gute Nacht und half anschlie\u00dfend Jay in sein Zimmer. \u201eGute Nacht, Aria. Danke f\u00fcr alles.\u201c Ich l\u00e4chelte.\u201eEndlich Ferien!\u201c Jubelnd verlie\u00df ich, nach einem langen Schultag, die Schule. Endlich konnten Jay und ich den ganzen Tag Afterlife spielen! \u201eAri, beeil dich damit wir so fr\u00fch wie m\u00f6glich anfangen k\u00f6nnen!\u201c Ich nickte und sprintete nach Hause. In weniger als zehn Minuten stand ich vor meiner Haust\u00fcr, ich \u00f6ffnete die T\u00fcr und rannte die Treppen hoch. Ich spazierte in Jays Zimmer hinein und schmiss meine Tasche in die Ecke. \u201eBereit Jay?\u201c Jay sa\u00df auf seinen Stuhl und hatte bereits sein PC gestartet. Er nickte und reichte mir die Schachtel mit dem Chip. Sofort nahm ich sie aus der Schachtel und setzte sie an meine Schl\u00e4fe. Ich legte mich auf sein Bett und dr\u00fcckte auf den On-Knopf. Ich landete im Haus, wo ich mich zuletzt ausgeloggt hatte. Bevor ich das Haus verlie\u00df setzte ich mir meine Maske auf. \u201eAuf geht\u2019s!\u201c\u201eWas haben wir heute vor Jay?\u201c\u201eLeveln w\u00fcrde ich sagen. Wir m\u00fcssen bis Level 50 kommen, um mehr quests annehmen zu k\u00f6nnen. Ich w\u00fcrde sagen, auf zum n\u00e4chsten Dungeon.\u201c Wir waren momentan in der f\u00fcnften Etage. Vier Dungeons hatten wir schon besiegt und einer lag noch vor uns. Von einer Spielerin hatten wir erfahren, dass der Boss kein leichter Gegner sein wird. Sie hatte auch geraten nicht allein den Dungeon zu betreten, doch da ich meine Identit\u00e4t versteckt halten musste, kam es nicht in Frage nach einer Gruppe zu suchen. Also machte ich mich allein auf den Weg zum letzten Dungeon, der F\u00fcnften Etage. Der Eingang zum Dungeon lag \u00f6stlich von der Stadt und war nur wenige Meter entfernt. Die T\u00fcr war gro\u00df und aus Holz. Ich \u00f6ffnete sie und trat ein. Schlagartig tauchten vor mir mehrere riesen Spinnen auf. Hastig griff ich nach meiner Waffe und lief mit hoher Geschwindigkeit auf sie zu. \u201eAri, Eis!\u201c Ich griff in den Beutel, der an meiner H\u00fcfte befestigt war und nahm einen Stein hervor. Ich schlug ihn auf meinem Schwert, dessen Spitze ich in den Boden rammte. Eine dicke Eisschicht breitete sich aus und die Spinnen rutschten mit ihren Beinen aus. Ich nahm mir die Gelegenheit einen weiteren Stein auf meinem Schwert zu schlagen und schrie: \u201eFeuerwelle!\u201c Eine riesige Feuerwelle verschluckte alle Spinnen und machte mir den Weg frei. \u201eJay, kannst du vielleicht irgendwie gucken, ob ich allein bin?\u201c \u201eKlar, einen Moment.\u201c Ich begab mich weiter ins Innere des Dungeons, bis jetzt war mir noch keiner \u00fcber den Weg gelaufen, doch wer wei\u00df wer sich alles hier aufhielt.\u201eAri. Da ist noch einer, allein. Er ist fast beim Boss.\u201c Wer mag das wohl sein?",
            "wordcount": "1.112",
            "chapter_release": "01.12.2018",
            "chapter_number": "7"
        },
        "8": {
            "text": "\u201eWelcher Idiot geht allein in einen Dungeon?\u201c\u201eAria, du bist auch allein.\u201c Ich schnaubte emp\u00f6rt: \u201eJa, aber das ist was anderes.\u201c Jay kicherte leicht. Ist doch wahr, ich war ja nicht komplett allein. Ohne Jay w\u00e4re ich erst gar nicht so weit gekommen. \u201eWir sind fast da. Doch es gibt ein Problem\u2026\u201c Seufzend blieb ich stehen. \u201eDer Spieler ist noch im Boss Raum und ist auch kurz vorm Sterben.\u201c Super...Es w\u00fcrde mich \u00fcberhaupt nicht wundern, wenn es wieder Meris ist. \u201eWie viele Monster noch?\u201c Ich h\u00f6rte wie Jay auf seine Tastatur h\u00e4mmerte. W\u00e4hrend er das tat, machte ich mich weiter auf den Weg zum Boss. Pl\u00f6tzlich tauchten aus dem Boden heraus riesige Bienen auf. Ich zog mein Schwert und ging auf sie zu. Ich liebte dieses Spiel! Eine Biene nach den anderen kam auf mich zu geflogen, sie waren schnell und sehr schlau. Sie wussten immer wann sie ausweichen mussten. \u201eEs sind nur noch die Bienen und dann bist du beim Boss. Du musst auf ihren Stachel achten, der ist giftig und kann dich f\u00fcr mehrere Minuten l\u00e4hmen.\u201c Ich nickte. Das wird eine gro\u00dfe Herausforderung. Ich stellte mich in meine Angriffsposition und wartete auf den richtigen Moment um Angreifen zu k\u00f6nnen. \u201eJetzt!\u201c Ich rannte los, hielt in meiner rechten Hand mein Schwert und ging auf die Fl\u00fcgel los. Ich schaffte es bei einer und wollte zur n\u00e4chsten, als diese nach oben flog und ihre Fl\u00fcgel kr\u00e4ftig zusammenschlug. Ein heftiger Windzug riss mich von meinen F\u00fc\u00dfen und schleuderte mich nach hinten. \u201eAri!\u201c Mit aller Kraft zog ich meine Beine an. Ich machte einen Salto-R\u00fcckwerts und landete auf meinen F\u00fc\u00dfen, um nicht weg zu knicken st\u00fctzte ich mich mit meiner linken Hand auf dem Boden ab. Hastig rappelte ich mich auf. Ich legte mein Schwert beiseite, meine H\u00e4nde legte ich mit der Handfl\u00e4che auf den Boden. Blitzartig schossen riesige Schattenwesen aus dem Boden und rissen den Insekten die Fl\u00fcgel vom Leib. Ich griff nach meinem Schwert und erledigte die Bienen mit nur einem Schwertschlag. Nacheinander verschwanden die Bienen, erleichtert sah ich auf meine LP. Momentan hatte ich noch 2200 von 2400 LP. Dank des Angriffs verlor ich gleich 200 LP. Ich hoffe nur der Boss wird nicht all zu schwierig. Ich gelangte zum Eingang des Boss Raums, dessen T\u00fcr sperrangelweit offen war. Normalerweise sollte die T\u00fcr geschlossen sein, doch da noch ein Spieler im Raum ist, schlie\u00dft sich die T\u00fcr erst, wenn alle anwesenden im Raum den Boss besiegt haben oder gestorben sind. \u201eAri, es ist Meris!\u201c Was macht dieser Idiot nur hier? Ich h\u00e4tte ihm vielleicht erkl\u00e4ren sollen, dass ein Bogensch\u00fctze alleine nicht \u00fcberleben wird\u2026Meris hatte sich hinter einer S\u00e4ule versteckt und kramte verzweifelt in einer kleinen Tasche herum. Hin und wieder sah er auf und wich den Angriffen des Bosses aus. Der Boss war eine Bienenk\u00f6nigin und trug den Namen Regina Apis. Sie war doppelt so gro\u00df wie die Bienen von vorhin und sah viel St\u00e4rker und gef\u00e4hrlicher aus. \u201eWie viele Magiesteine habe ich noch?\u201c Ich blieb in der T\u00fcr stehen. \u201eSechs Steine. Davon sind vier Elementsteine und die restlichen zwei sind Buffsteine. Die K\u00f6nigin wird tausendmal besser sein als ihre Helfer. Ihr Stachel kann nicht nur l\u00e4hmen, sondern auch einen vergiften und im schlimmsten Fall sogar t\u00f6ten. Sag Meris er soll dir aus der Ferne helfen und dir auf keinen Fall in die Quere kommen.\u201c Ich nickte und versuchte so unauff\u00e4llig wie es nur ging an Meris ran zu schleichen. Ich tippte ihn an seiner Schulter an, \u00e4ngstlich zuckte er zusammen und wandte langsam seinen Kopf in meine Richtung. Ich legte mein Zeigefinger an meinen Mund und bedeutete ihn leise zu sein. \u201eDu Schwachkopf! Bist du Lebensm\u00fcde? Als Sch\u00fctze allein in ein Dungeon einzutreten. Du bleibst hier und versteckst dich. Gib mir R\u00fcckendeckung! Auf mein Zeichen zielst du auf die Fl\u00fcgel der K\u00f6nigin.\u201c, fl\u00fcsterte ich ihm zu. Bei seinem Nicken umklammerte ich mein Schwert so fest es ging und tauchte von hinter der S\u00e4ule auf. Die K\u00f6nigin erblickte mich sofort und flog auf mich zu. Ich zog ein Magiestein aus meiner Tasche und schlug ihn auf mein Schwert. Die Spitze des Schwertes sank ich in den Boden. Sie fing an Gr\u00fcn zu leuchten und erzeugt Risse im Boden. Aus den Rissen schl\u00e4ngelten sich Lianen hervor, die die Biene Umkreisten und auf einen Befehl warteten. \u201eCaptis!\u201c Sofort zogen sich die Lianen zusammen und hielten sie \u0001 \u0002 war zu einfach\u2026Gerade wollte ich Meris ein Zeichen geben, als die K\u00f6nigin sich die Lianen mit ihren scharfen Z\u00e4hnen vom Leib riss. Ihre Augen leuchteten rot auf und sie kam rasend auf mich zu geflogen. Ich stand hastig auf und wartet bis sie nah genug an mir dran war. Ich holte mit meinem Schwert aus und\u2026Die K\u00f6nigin verschwand und tauchte hinter mir auf. Teleportation!? Ich wurde gegen eine der S\u00e4ulen geschleuderte. Mit voller Wucht knallte ich gegen die S\u00e4ule und viel auf den Boden. \u201eAri!\u201c Meine LP sanken von 2200 auf 2000. Ich st\u00fctzte mich auf dem Boden. Obwohl es nur ein Spiel ist f\u00fchlt sich der Schmerz echt an. Es tat h\u00f6llisch weh! Ich richtete mich m\u00fchselig auf. Ich muss schneller sein! Ich griff nach einem Buffstein und legte ihn auf mein Schwert. Ich sp\u00fcrte wie Magie vom Schwert in meine F\u00fc\u00dfe floss. \u201eIhre Laufgeschwindigkeit hat sich um 30% erh\u00f6ht.\u201c Das m\u00fcsste hoffentlich \u0001 \u0002 geht\u2019s, Aria! Ich nahm einen zweiten Anlauf und schoss auf Regina apis zu. Meris hatte sich in der zwischen Zeit gl\u00fccklicherweise nicht bewegt. \u201eAria, die K\u00f6nigin teleportiert sobald du versuchst sie an zu greifen. Du musst sie im richtigen Augenblick treffen und sie wird immer von hinten angreifen. Jetzt ist Schnelligkeit gefragt.\u201cAIles klar! Nur noch ein paar Meter...Jetzt! Ich zog mehr Schwert so schnell es ging hervor, doch zu langsam die K\u00f6nigin teleportierte, ich konnte ihr nur einen Kratzer verpassen. Ihre LP lagen bei 2490 von 2500. Sie griff von hinten an, rechtzeitig wich ich zur Seite aus. Pl\u00f6tzlich sp\u00fcrte ich etwas Schnelles an mir vorbeifliegen. Die K\u00f6nigin schrie vor schmerz und ich erblickte einen Pfeil, der in ihrem K\u00f6rper steckte. Ich sah zu \u0001 \u0002 ist er doch nicht so idiotisch wie ich geglaubt hatte.---------------------------------------------------Hall\u00f6chen, Autorin hierIch habe ab morgen Ferien, weshalb ich jetzt etwas Zeit haben \u0001 \u0002 werde ich nur an dieser Geschichte \u0001 \u0002 nochmal an alle die meine Geschichte lesen und wennihr etwas los werden wollt k\u00f6nnt ihr das ruhig \u0001 \u0002 dann~",
            "wordcount": "1.073",
            "chapter_release": "19.12.2018",
            "chapter_number": "8"
        },
        "9": {
            "text": "\u201eWarnung! Ihre LP liegen bei 50 von 2400.\u201cSo ein Mist! Die K\u00f6nigin war zu \u0001 \u0002 wollte ich allein sein. Je h\u00f6her das Level der anwesenden Gruppen ist, desto st\u00e4rker der Boss. Wenn man allein ist ver\u00e4nderte sich die St\u00e4rke des Bosses nicht und man hat gr\u00f6\u00dfere Chancen ihn zu besiegen. Die meisten Spieler gehen in Gruppen, weil man mehr Gegenst\u00e4nde von den besiegten Monstern erh\u00e4lt. \u201eAria. Sei nicht so stur und lass mich dich heilen! Die K\u00f6nigin hat noch 150 LP, sie k\u00f6nnte dich mit einem Schlag t\u00f6ten!\u201c Keuchend rappelte ich mich auf. \u201eNein. Wenn ich sterbe, wei\u00df ich, dass ich noch nicht stark genug bin und wenn du mich heilst komm ich mir wie ein Feigling vor.\u201c Jay wollte sich in das System einhacken, um meine LP wieder aufzuladen, doch das w\u00e4re schummeln und das kommt auf gar keinen Fall in Frage. Das M\u00e4dchen hatte recht, es w\u00e4re mit einer Gruppe schneller gewesen. Was solls! Weiter geht\u2019s! Ich atmete tief ein und wieder aus. Ich stellte mich langsam in meine Angriffsposition und sprintete los. Ich wusste jetzt wie die K\u00f6nigin sich verteidigt. Ich holte mit meinem Schwert aus, wie erwartet verschwand die Biene und tauchte hinter mir auf. Schnell drehte ich mich zu ihr um und stach zu. Die Biene versuchte nach hinten aus zu weichen, doch ich lie\u00df es nicht zu und dr\u00fcckte mein Schwert tiefer in ihr hinein. 3, 2, 1. Regina apis zischte und verschwand. Es dauert genau zehn Sekunden bis sie wieder teleportieren konnte. Ihre LP sanken auf 100. Perfekt! Ich sah zu Meris, der hinter der S\u00e4ule aufmerksam zuschaute. Die K\u00f6nigin tauchte wieder hinter mir auf und diesmal hob ich meine linke Hand und duckte mich. Ich sah wie ein Pfeil wie der Wind auf die Fl\u00fcgel der Biene flog. Bullseye! Die K\u00f6nigin kreischte. Schnell stach ich wieder zu und sah wie ihre LP langsam sich verringerten. Komm schon, schneller! 120\u2026 110\u2026 Jetzt! Hastig griff ich in meine Tasche, nahm ein Stein hervor und schlug ihn, noch bevor die K\u00f6nigin verschwinden konnte, auf mein Schwert. Sie wurde in Eis umh\u00fcllt. \u201eCrepitus!\u201c Es knallte und die K\u00f6nigin und das Eis explodierten in tausend St\u00fccke. \u201eHerzlichen Gl\u00fcckwunsch! Ariverse und Meris haben Regina apis besiegt. Herzlichen Gl\u00fcckwunsch, Ariverse hat Level 25 erreicht. Herzlichen Gl\u00fcckwunsch, Meris hat Level 25 erreicht. Herzlichen Gl\u00fcckwunsch Guardian hat\u2026\u201c Erschrocken sah ich auf. Hastig dr\u00fcckte ich auf die Anzeigetafel, die kurz darauf verschwand. Ich r\u00e4usperte mich leicht, hoffentlich hat Meris nichts mitbekommen, und wandte mich um. Meris stand weiterhin hinter der S\u00e4ule und sah mich erstaunt an. \u201eWas ist?\u201c Er trat hervor und vollf\u00fchrte komische Handbewegungen, w\u00e4hrend er vor sich hin stotterte: \u201eDu\u2026 Wie\u2026 D-Dein Schwert! Unm\u00f6glich!\u201c Ich runzelte l\u00e4chelnd die Stirn. \u201eVerschwinden wir erstmal aus dem Dungeon und dann reden wir weiter.\u201c Er nickte verdattert und begab sich in Zeitlupe zum Ausgang. Uff! Was f\u00fcr ein Idiot! \u201eJetzt erz\u00e4hl schon! Wie hast du das geschafft?\u201c Genervt lief ich durch das Dorf, im Schlepptau Meris, der nicht aufh\u00f6ren wollte Fragen zu stellen. Mein Kopf platzte fast. \u201eSei still!\u201c Ich wandte mich w\u00fctend zu ihm um. Mit erhobenen H\u00e4nden sah mich Meris an: \u201eSorry. Ich bin nur neugierig\u2026\u201c Seufzend erkl\u00e4rte ich: \u201eIch will zuerst nachschauen, wie viel das Material wert ist, das die K\u00f6nigin hinterlassen hat und dann k\u00f6nnen wir in Ruhe reden.\u201c Meris nickte strahlend. Er \u00fcberlegte kurz und sagte: \u201eIch kenne jemand der weiterhelfen kann. Folge mir.\u201c Er ging voraus und ich folgte ihm auf Schritt und Tritt. Vor einem kleinen Laden blieb Meris stehen, \u00f6ffnete die T\u00fcr und trat hinein. Etwas z\u00f6gerlich folgte ich ihm. \u201eHallo? Dracter bist du da?\u201c Es waren mehrere laute Ger\u00e4usche zu h\u00f6ren, bis eine T\u00fcr ge\u00f6ffnet wurde und ein Spieler keuchend hervorkam. \u201eDu solltest dir wirklich eine Glocke anschaffen.\u201c Der Spieler trat verlegen vor und sagte: \u201eMeris, lange ist es her. Was kann ich f\u00fcr dich tun?\u201c \u201eAri er ist H\u00e4ndler und Schmied!\u201c Gleich beides? Sowas war m\u00f6glich? Interessant. \u201eMeine Freundin hier, braucht deine Hilfe.\u201c Ich ging stirnrunzelnd zu Meris und erwiderte: \u201eWer hat gesagt, dass ich deine Freundin bin?\u201c Der H\u00e4ndler fing an Laut zu lachen, w\u00e4hrend Meris verlegen auf den Boden sah und vor sich hin nuschelte. \u201eWas kann ich f\u00fcr die junge Dame tun?\u201c Ich \u00f6ffnete mein Inventar, tippte auf das Materialinventar und schob es dem Spieler vor die Nase. \u201eIch w\u00fcrde gerne wissen, was die wert sind.\u201c Er sah sich mein Material genau an. \u201eHm, ich w\u00fcrde sagen, f\u00fcr das Gift der Bienen um die 20 Goldm\u00fcnzen und 50 Silberm\u00fcnzen und f\u00fcr\u2026\u201c Erstaunt sprang der H\u00e4ndler von seinem Stuhl. \u201eDas. Das ist unm\u00f6glich!\u201c Verwirrt legte ich mein Kopf zur Seite. \u201eDer Stachel der K\u00f6nigin! Ich dachte es w\u00e4ren nur Ger\u00fcchte, aber es gibt ihn wirklich!\u201c Auch Meris stand pl\u00f6tzlich neben dem Spieler und sah mit gro\u00dfen Augen auf mein Inventar. \u201eOk. Mag einer mich vielleicht aufkl\u00e4ren?\u201c Die zwei sahen mich an. \u201eDu kennst die Ger\u00fcchte nicht?\u201c Ich sch\u00fcttelte den Kopf. \u201eDer Stachel der Bienenk\u00f6nigin hatte noch keiner je bekommen. Es gibt ein Informationsbuch, \u00fcber das Material was man von einem Boss bekommt. Bei dem f\u00fcnften Dungeon, der 5. Etage sollte die K\u00f6nigin ihren Stachel verlieren, wenn man sie besiegt. Doch nie hatte sie ihn verloren. Das Ger\u00fccht besagt, dass derjenige, der den Stachel findet zur K\u00f6nigin der Monster der 5. Etage wird. Alle Monster hier w\u00fcrden ihr gehorchen.\u201c Was f\u00fcr ein Schwachsinn! Wer m\u00f6chte denn \u00fcber ekelhafte riesen Insekte herrschen? \u201eKann ich ihn auch zerlegen?\u201c Bei dem Wort \u201ezerlegen\u201c zuckten die Jungs zusammen und sahen mich entsetzt an. \u201eDas ist wertvoll! Den Stachel kannst du doch nicht zerlegen!\u201c \u201eWas soll ich mit Monstern anfangen? Nutzlos\u2026\u201c Ich seufzte, schloss mein Inventar und ging zum Ausgang. \u201eHey, warte. \u00dcberleg dir gut was du damit anstellst, es k\u00f6nnte irgendwann n\u00fctzlich sein. Und wenn du wieder irgendwo Hilfe brauchst, komm einfach vorbei. Ich hei\u00dfe \u00fcbrigens Dracter.\u201c Ich bedankte mich h\u00f6flich und verschwand. \u201eJay, hast du was herausgefunden?\u201c\u201eDie Ger\u00fcchte stimmen nur teilweise. Mit dem Stachel kannst du nicht nur die Insekten auf dieser Etage kontrollieren, sondern in ganz Afterlife!\u201c Ganz Afterlife? Wow, das k\u00f6nnte allerdings n\u00fctzlich werden. \u201eHey, Ariverse!\u201c",
            "wordcount": "1.019",
            "chapter_release": "23.12.2018",
            "chapter_number": "9"
        }
    },
    "title": "Afterlife",
    "topic": "unspecified",
    "release": "\n11.10.2018\n\t\t\t\t\t\t",
    "author": "Lefa4"
}