{
    "tags": [],
    "chapcount": "18",
    "wordcount": "13.889",
    "chapters": {
        "1": {
            "text": "Es war eigentlich ein ganz Normaler Tag gewesen. Besser gesagt, es war Silvester gewesen. Und genau an Silvester, wurde ein Baby geboren. Doch dieses Baby, es war anders gewesen, komplett anders gewesen. Ihre Augen hatten ein blasses Lavendel gehabt und auch ihre Haare waren Blond. Und genau deshalb, dachten ihre Eltern, es sei nicht ihrs. Nein falsch, der Vater dachte, es sei nicht die Tochter von ihm. Doch die Mutter bestritt dies, und meinte immer wieder, dass sie niemals fremdgehen w\u00fcrde. Doch der Vater glaubte ihr nicht und somit musste sie eine schwere Entscheidung \u0001 \u0002 hab ihr geliebtes Kind \u2013 Welches sie Chibilina nannte \u2013 in ein Waisenhaus, in der Hoffnung, sie w\u00fcrde dort eine Liebevolle Familie finden.\u201eBitte k\u00fcmmern sie sich gut um mein Baby\u2026 und wenn sie eines Tages nach uns fragt\u2026 sagen sie meiner kleinen bitte, dass ich sie liebe\u2026 und wir bei einem Autounfall verstorben sind\u2026\u201c meinte die Mutter des kleinen Babys und ging mit ihren Ehemann \u0001 \u0002 vergingen ein paar Monate, besser gesagt war es Mitte Januar, der 20. Tag im \u0001 \u0002 Eltern freuten sich schon, dass es ein M\u00e4dchen werden w\u00fcrde. Doch hatte keiner damit gerechnet, dass das Kind in einer Vollmondnacht geboren wurde und somit ein Junge wurde, bevor es kam.\u201eSchatz, sieh nur, es ist ein Junge\u201c l\u00e4chelte die Mutter.\u201eEin Junge?!\u201c kam es erschrocken von dem Vater, dabei blickte auch die Mutter zu ihrem Sohn.\u201eW-wie kann das sein, eben war es doch noch ein M\u00e4dchen?\u201cBeide Elternteile hatten Angst gehabt - zudem hatte der Junge noch schwarze Haare und Smaragdgr\u00fcne \u0001 \u0002 hier kam wieder das Vorurteil, dass sie ihm fremdgegangen war. Und auch ihr bestritt die Mutter dies.\u201eIch will von diesem Kind nichts weiter mehr h\u00f6ren!\u201c knurrte der Vater. \u201eBring es um oder sonst irgendetwas!\u201c\u201eA-aber\u2026\u201c leise seufzte sie auf und auch nur ohne weiter nachzudenken, brachte auch die Mutter von Keisuke-Kenji \u2013 von allen w\u00fcrde er aber nur Kenji genannt werden \u2013 in das Waisenhaus, wo das kleine M\u00e4dchen \u0001 \u0002 so passierte es, das die beiden zwar im Gleichen Waisenhaus waren, jedoch nie was miteinander zu tun gehabt \u0001 \u0002 Kenji sich immer wieder sozusagen durch pr\u00fcgeln musste, hatte Chibilina es eher ruhig gehabt, auch wenn sie ab und zu wegen ihren Augen ge\u00e4rgert \u0001 \u0002 wusste keiner von den beiden, dass die beiden schon bald eine Gro\u00dfe Gemeinsamkeit haben \u0001 \u0002 hier beginnt es nun. Wo beide gerade mal 12 Jahre alt sind.",
            "wordcount": "410",
            "chapter_release": "30.05.2013",
            "chapter_number": "1"
        },
        "10": {
            "text": "Kenji war nun Unterwegs gewesen und hatte dabei einen leeren Blick, als er etwas h\u00f6rte, blickte er auf und sprang hinterher, dabei sah er nur ein Verliebtes Paar. Leise seufzte er auf. \u00bbNur verliebte\u2026 na dann\u2026\u00abW\u00e4hrenddessen war auch die Blonde Unterwegs gewesen, pl\u00f6tzlich wurde sie an der Schulter fest gehalten.\u201eNa, lang nicht mehr gesehen, oder was meinst du?\u201c dabei grinste der \u0001 \u0002 drehte sich um. Sie war etwas Nerv\u00f6s gewesen. \u201eKennen\u2026.wir uns?\u201c kam es Vorsichtig.\u201eOh so vergesslich kleines? Gef\u00e4llt dir DIESE Welt etwa besser?\u201c der Unbekannte l\u00e4chelte nun nicht mehr, im Gegenteil. Er war ernst gewesen.\u201eIch geh dann mal\u201c gerade als die Blonde sich umdrehen wollte, wurde sie fest gehalten.\u201eDU bleibst sch\u00f6n hier!\u201c knurrte \u0001 \u0002 dabei in der N\u00e4he gewesen und h\u00f6rte dem Gespr\u00e4ch dabei zu.\u201eDu kommst jetzt mit uns, die Menschen kannst du Veraschen, aber sicher nicht uns!\u201cChibilina versucht sich dabei los zu rei\u00dfen. \u201eWas soll ich bei euch? IHR habt mich doch Versto\u00dfen und hierher verschleppt! Nur weil ich nicht nach eurer Nase Tanzen wollte!\u201c knurrte die kleine, dabei sah man ihre Fangz\u00e4hne.\u201eOh, sie mal an, wird da jemand in der \u00d6ffentlichkeit Angriffslustig? Ich kann mich immer durchsetzten, zudem bin ich der Oberbefehlshaber und der St\u00e4rkste\u201c kam es \u0001 \u0002 zog ungl\u00e4ubig eine Augenbraue hoch.\u201ePAH wenn jemand Normales dein Kopf abhackt, sieht das aber anders aus! Und ich werde nie wieder zur\u00fcckkommen und wenn ich alleine bleiben muss! Ist mir so was von Egal\u201cDie Blondhaarige wurde diesmal dabei so gepackt, dass sie nicht entkommen konnte, dabei fl\u00fcsterte er etwas in ihren Ohr. \u201eSp\u00fcre den Hauch der dich in Ohnmacht fallen l\u00e4sst\u201c dabei grinste er selbst Sicher und kam ihr n\u00e4her, doch ehe er Reagieren konnte, wurde er eine Eisstatue, sofort befreite sich die kleine und rannte los, irgendwohin, Hauptsache weg von \u0001 \u0002 Kenji die Statue bemerkte, sprang mit einem Salto vor dieser \u201cGestalt\u201c Vorsichtig tippte er diese mit einem Stock an.\u201eScheint\u2026 Tod zu sein\u2026 denke ich\u2026\u201c murmelte er leise, dabei verwandelte sich die Statue wieder zur\u00fcck, gleichzeitig hatte er einen Anh\u00e4nger von Chibilina in der Hand.\u201eMistst\u00fcck!\u201c knurrte er, dabei blickte er zum Schwarzhaarigen.\u201eIch hoffe du hast nichts mitbekommen\u201c\u00bbDieser Anh\u00e4nger\u2026\u00ab dachte Kenji, dabei schaute er den Feind in die Augen. \u201eWie von was mitbekommen?\u201c fragte er, dabei stellte sich Kenji bl\u00f6d.\u201eElendes Menschen Volk\u2026\u201c murmelte dieser, da er sich verarscht f\u00fchlte.\u201eGut, da du nichts mitbekommen hast, ich muss jemand abholen\u201c dieser grinste nur und verschwand dann sofort auch wieder.\u00bbIch wei\u00df nicht wieso, aber ich habe bei diesem Kerl ein komisches Gef\u00fchl\u2026\u00ab dachte Kenji, dabei schlug er kurz vor Wut auf den Boden.\u201eVERDAMMT!\u201c knurrte Kenji und schnaufte dabei \u0001 \u0002 hatte Chibilina sich versteckt gehabt und die Beine angewinkelt, als sie die Aura bemerkte, welche Anstieg, wischte sie sich eine Rote Tr\u00e4ne von der Wange.\u00bbWas war das gerade?\u00ab dachte sie dabei.\u00bbIch muss mich komplett abreagieren irgendwie\u2026 ich wei\u00df auch schon wie\u2026\u00ab sofort machte sich Kenji auf den Weg in ein abgelegenes Viertel.\u201eZeigt euch\u2026 ich wei\u00df das hier immer welche sind\u201c knurrte \u0001 \u0002 lie\u00df derweil ihre Fl\u00fcgel erscheinen, allerdings merkte sie, dass sie nicht genug Kraft hatte, um sich in eine Richtige Fledermaus zu verwandeln.\u201eHoffentlich sieht mich keiner\u201c murmelte sie und machte sich auf den Weg, dabei flog sie kurz \u00fcber Kenji hinweg.\u201eWas macht ein KIND hier in unserem Viertel?\u201c kam es von einem Schl\u00e4ger, welcher Kenji umzingelt \u0001 \u0002 blickte Kenji aus dem Augenwinkel hoch, allerdings lie\u00df er sich davon nicht weiter ablenken und ballt eine Faust.\u201eIch werde euch fertig machen, was sonst\u201cDie Schl\u00e4ger grinsten dabei nur und waren wirklich sehr sicher gewesen. Gleichzeitig hatten sie ein Messer gezogen.\u201eDich machen wir mit Links fertig, kleiner\u201c",
            "wordcount": "628",
            "chapter_release": "30.05.2013",
            "chapter_number": "10"
        },
        "11": {
            "text": "Der Typ hatte ein Messer gezogen, dabei knurrt Kenji nur auf.\u201eNur wegen euch, wegen euch allein lebt sie nicht mehr, ihr verdammten Menschen!!!\u201cDabei schlug er mit dem Ellenbogen nachhinten und hatte so den ersten \u0001 \u0002. geschlagen, danach machte der Schwarzhaarige eine halbe Drehung und trat zwei mit den F\u00fc\u00dfen in die Luft.\u201eIhr geh\u00f6rt vernichtet!!!!\u201c dabei schaute Kenji w\u00fctend au und strahlte erneut diese Aura aus, Chibilina wollte gerade stoppen, knallte aber trotzdem gegen die Zimmerwand da sie sich erschrak, als sie die Aura wahr nahm.\u201eSchon wieder diese Aura\u2026\u201c murmelte sie und rieb sich den \u0001 \u0002 hatte Kenji einen nach den anderen fertig gemacht und biss die Z\u00e4hne zusammen, gleichzeitig blickte er in den Himmel.\u201eMitzuko\u2026\u201cKenji verlies das Viertel und war verletzt gewesen.\u201eIch muss h\u00e4rter Trainieren, solange sie noch verletzen bin ich einfach zu schwach\u201c murmelte er leise und hatte die H\u00e4nde in den Taschen, dabei ging er mit seinen zerfetzen Klamotten durch die Stadt.\u00bbIch bin\u2026so fertig\u2026. \u00ab dachte Kenji und kippte vor einer T\u00fcr \u0001 \u0002 schaute dabei zuf\u00e4llig aus dem Balkon und war erschrocken.\u201eKenji ist ja halb zerfetzt!\u201cDabei rannte sie zur T\u00fcr und trug den 19. J\u00e4hrigen rein und legte ihn auf ein Bett. \u00bbWieso mach ich das eigentlich? Aber nett scheint er zu sein\u00ab dachte Chibilina und k\u00fcmmerte sich liebevoll um den verletzten, dabei h\u00f6rte sie ihm was \u0001 \u0002 einer Weile wachte er auf und Blinzelte, zugleich hielt er sich die Rippe. \u201eW-wo zum Henker bin ich?\u201cChibilina war in der K\u00fcche gewesen und kam in das Zimmer rein.\u201eAch auch wieder wach? Trink das, dass wird dir helfen\u201c kam es freundlich von der kleineren und hielt ihm den Tee hin.\u201ePah, mir geht es gut!\u201c kam es Stur von Kenji, dabei biss er die Z\u00e4hne zusammen und wollte vom Bett aufstehen, dabei wurde er wieder aufs Bett gedr\u00fcckt, er wollte sich wehren, aber war viel zu schwach um sich zu verteidigen gegen ein M\u00e4dchen, weshalb er beleidigt war.\u201eDeine Rippen sind geprellt, also hab dich nicht so!\u201c\u201eDas sind nur Kratzer, mehr nicht\u201c versuchte er sich raus zureden.\u201eJetzt trink deinen Tee!\u201c befahl die kleinere, dabei schmierte die blonde Kenji mit einer Salbe ein.\u201eNein!\u201c dabei stand er auf und zog sie aus, sodass er nur die Boxershorts anhatte.\u201eIch geh Duschen!\u201c kam es vom ihm genervt, dabei wurde Chibilina etwas rot im Gesicht.\u201eDie Recht T\u00fcr beim zweiten Gang\u2026\u201c murmelte sie leise und stellte den Tee wieder zur \u0001 \u0002 was zu sagen ging er ins Bad und duschte sich. Dabei sp\u00fcrte er, wie die Wunden \u0001 \u0002 wollte gerade sich abtrocknen, als er merkte, dass kein Handtuch da war.\u201eIch hab vor der T\u00fcr ein Handtuch mit Bademantel gelegt\u201c kam es von der Blonden, die auch gleich wieder \u0001 \u0002 machte kurz die T\u00fcr auf und schl\u00fcpfte dort auch gleich rein, allerdings lie\u00df er diesen zur H\u00e4lfte auf.\u00bbIch muss wohl oder \u00fcbel erst mal hier bleiben bis es dunkel wird\u00ab dachte Kenji und verschr\u00e4nkte die \u0001 \u0002 war derweil in der K\u00fcche gewesen und machte dort gerade was, als sie wieder raus kam, stand Kenji Stumm am Fenster, dabei drehte er sich um und man sah auf seinem K\u00f6rper eine Narbe, die aufgegangen war. \u201eDa bist du ja\u201c dabei setzte er ein Falsches l\u00e4cheln auf.\u201eDie Narbe ist aufgegangen\u201c kam es besorgt von ihr und ging zu ihm.\u201eSie geht st\u00e4ndig auf\u2026\u201c sagte er und machte den Mantel wieder zu.\u201eKenji\u2026 mach bitte deine Augen zu\u2026und vertrau mir einfach\u2026\u201cKenji schloss dabei die Augen.\u201eIch vertrau nie-\u201c doch ehe er den Satz beenden konnte, fiel auch schon die kleinere in Ohnmacht, aus Reflex fing er sie auf und legte Chibilina aufs \u0001 \u0002 nach einer halben Stunde wachte sie geschw\u00e4cht wieder auf, derweil war Kenji in der K\u00fcche gewesen und bereitete gerade das Fleisch \u0001 \u0002 schmiss er das Fleisch hoch und trennte es mit der Hand mehrmals, dabei war er so in den Arbeiten vertieft, dass er nicht merkte, dass sie wieder Wach \u0001 \u0002 roch das Essen. \u00bbRiecht nach Essen\u00ab dachte \u0001 \u0002 19 J\u00e4hrige stellte den Teller auf den Tisch.\u201eMit\u2026zu\u2026ko\u2026.\u201c Murmelte er leise und schloss kurz die Augen, dabei ballte er kurz eine \u0001 \u0002 wurde er zu Besinnung. \u201eWas mach ich eigentlich? Ich Koch f\u00fcr ein M\u00e4dchen\u2026\u201c sofort zog er sich an, dabei stand die kleinere fast neben ihm.\u201eWenn du willst, dann geh Ruhig\u201c kam es sanft von ihr, dabei l\u00e4chelte sie etwas.\u201eHmpf\u2026 das essen kannst du haben\u201c meinte er nur k\u00fchl, dabei knurrte sein Magen leicht.\u201eNein du kannst es essen, ich hab schon gegessen oder soll ich es dir einpacken?\u201c\u201eNein, ich hab kein Hunger!\u201cDoch ehe er weiter was sagen konnte, kam sie aus der K\u00fcche mit einer h\u00fcbschen Bentobox und bekam dies in die Hand gedr\u00fcckt.\u201eNein, du kannst es ruhig haben\u201c murrte er.\u201eIch hab mir was zur Seite gelegt und jetzt Nehm schon!\u201cKenji schaute aus dem Fenster und stand auf dem \u0001 \u0002 nahm ein Tuch und band es um seinen Arm zusammen mit dem Bento. \u201eDa hast du!\u201cGenervt seufzte Kenji auf. \u201eWenn es dich Gl\u00fccklich macht, Nehm ich es eben mit\u2026bis Morgen\u201c dabei sprang er runter und flog \u0001 \u0002 er Zuhause ankam, lag er auf dem Bett und starrte die Decke an, dabei dachte er etwas nach und schlief \u0001 \u0002 N\u00e4chsten Morgen verschlief Kenji auch schon, schnell zog er sich an und flog zur Schule, dabei hatte er einfach die Box \u0001 \u0002 Lehrer seufzte nur.\u201eDu bist zu sp\u00e4t, aber auch egal. Notenhefte raus\u201c kam es freundlich von ihm. \u201eWir machen jetzt Theorie\u201cKenji nahm sein Heft raus und kratze sich am Kopf, als er aufpasste, war er kurz abwesend und spielte mit dem \u0001 \u0002 Lehrer machte allerdings nicht nur Theorie, auch Praxis war mit angesagt, doch bei der Tonlage C hatte der Schwarzhaarige seine Schwierigkeiten gehabt.\u201eDa wir neues Schuljahr haben, haben wir auch neue Schulgruppen und Klassen, ihr k\u00f6nnte gerne einsteigen\u201cDabei gab er die Zettel rum. \u201eMein Abteil ist Singen und Klavier\u201cChibilina trug sich bei Klavier und Singen ein, Kenji bei \u0001 \u0002 waren die beiden wieder getrennt, trotz alldem hatten beide viel Spa\u00df in der Klasse, doch als auf einmal ein Neuling in die Klasse kam, war Chibilina geschockt gewesen.\u201eBin ich hier richtig? Ich bin neu hier und hab mich f\u00fcr Gitarre, Singen und Klavier eingetragen\u201c dabei l\u00e4chelte dieser.",
            "wordcount": "1.080",
            "chapter_release": "30.05.2013",
            "chapter_number": "11"
        },
        "12": {
            "text": "\u201eDu hast sogar drei? F\u00fcr Gesang und Klavier bist du hier richtig, aber Gitarre ist oft woanders\u2026 aber das kann man nachholen\u201c kam es von dem Lehrer \u0001 \u0002 schien dabei mehr als entsetzt zu sein.\u00bbWie kann er es Wagen, hierher zu kommen und dann auch noch die Aura verstecken wollen?\u00ab\u201eAchja ich hab mich noch gar nicht vorgestellt, ich bin Damon\u201cUnd somit musste Chibilina erst mal mit dem neuen zusammen arbeiten.\u201eDanke dass du mir hilfst, k\u00f6nnen wir heute nach der Schule Hausaufgaben machen?\u201c fragte Damon \u0001 \u0002 Lehrer nickte nur. \u201eIst doch eine Super Idee\u201cChibilina wollte ja nicht schlecht stehen und seufzte kurz. \u201eNa sch\u00f6n\u201c grummelte \u0001 \u0002 Schulschluss wartete Kenji auf die kleinere, dabei sch\u00fcttelte er den Kopf.\u00bbWas mach ich hier eigentlich?\u00ab dachte er entsetzt.\u201eHeeeey Kenjiiii, kommst du?\u201c schrie einer zu ihm r\u00fcber, dieser drehte sich um.\u201eJa, ich komm\u201c meinte er daraufhin, dabei drehte er sich nochmal zum Tor um.\u201eHmpf\u2026\u201c schnell ging er zu ihm hin.\u201eKenji, du bist sp\u00e4t dran\u201c meinte daraufhin ein Blauhaariger Junge.\u201eIch wei\u00df, tut mir Leid\u2026\u201c murrte er.\u201eDie anderen warten bestimmt schon am Club, jetzt komm\u201c\u201eTakeru, ich muss aber vorher nochmal nachhause\u2026\u201cTakeru seufzte etwas. \u201eSchon wieder? Na sch\u00f6n\u2026\u201c\u201eDanke Keru-Chan, bis Sp\u00e4ter!\u201c sofort rannte er in eine andere \u0001 \u0002 merkte er nichts davon, wie Damon die Schultasche von der kleinen trug. \u201eDu brauchst die nicht tragen\u201c grummelte sie.\u201eIch bin doch auch nur ein Gentleman\u201c dabei grinste er, weshalb Chibilina sich ihren Teilen nur \u0001 \u0002 kam bei sich zuhause an, zog sich um und packte die Gitarre weg.\u00bbWieso ist dieses komische Gef\u00fchl nur da\u2026\u00abMit diesen Gedanken ging er auch schon zum \u0001 \u0002 Chibilina und Damon kamen bei ihr Zuhause an, pl\u00f6tzlich hatte Damon nicht mehr dieses Nette Gesicht, im Gegenteil, er schaute sie ziemlich Finster an.\u201eDas du mir so einfach dein Zuhause zeigst\u2026 zuf\u00e4lligerweise habe ich Hunger\u201c grinste dieser, dabei blitzen die Fangz\u00e4hne von Chibilina auf.\u201eWillst du mich etwa immer noch zur\u00fcckholen?\u201cDamon lachte.\u201eWas denn sonst und hier zu K\u00e4mpfen w\u00e4re doch ziemlich Tragisch, oder nicht?\u201c dabei machte er ein Portal auf und zog sie mit.\u201eLass uns ihr K\u00e4mpfen, im Kampfclub ist eh tote Hose, also macht das nichts\u201cDabei wartete der Blauhaarige auf Kenji. \u201eWobei bleibt er denn\u2026\u201c grummelte er, doch da kam er auch schon.\u201eSorry es hat es L\u00e4nger gedauert\u201c meinte daraufhin Kenji.\u201eIst in Ordnung, lass uns gehen\u201c meinte Takeru daraufhin, zusammen gingen sie dann in den Raum.\u201eHey Leute, darf ich vorstellen, dass ist Kenji, er geht seit neusten auf die gleiche Schule wie ich\u201cKenji kratze sich dabei verlegen am Hinterkopf. \u201eHey Leute\u201cDabei h\u00f6rte er das Getuschel von den anderen. \u201eHat der \u00fcberhaupt was drauf?\u201c fl\u00fcsterten \u0001 \u0002 konnte sich ein Grinsen einfach nicht verkneifen.\u201eAlso Kenji, du f\u00e4ngst an, zeig was du drauf hast\u201c dabei grinste Keru.\u201eW-was, i-ich?\u201c kam es \u00fcberrascht.\u201eNa sch\u00f6n\u201c dabei stellte er sich einen gegen\u00fcber und holte kurz Luft.\u201eUntersch\u00e4tz mich nicht, nur weil ich kleiner bin\u201c kam es als Augment von seinem gegen\u00fcber, dabei blinzelte Kenji.\u201eHast du was gesagt?\u201c der Schwarzhaarige hatte echt nicht zugeh\u00f6rt.\u201eGrrrrr!!\u201c sofort rannte er auf Kenji zu, doch dieser wich mit Leichtigkeit \u0001 \u0002 Chibilina k\u00e4mpfte gerade gegen Damon, wurde aber etwas abgelenkt, als sie den Aura von ihrem Freund sp\u00fcrte, dadurch wurde sie gegen die Wand gedr\u00fcckt.\u201eKonzentrier dich!\u201c kam es daraufhin von Damon. \u201eUnd setz deine Kraft ein!\u201c\u201eNein und ich werde auch nicht zur\u00fcck gekommen!\u201cW\u00e4hrenddessen drehte sich der Typ um und blinzelte Kenji an. Er konnte es gerade nicht glauben, dass er einfach so ausgewichen \u0001 \u0002 bleibt dabei locker stehen. \u201eWas denn?\u201c dabei rannte der Typ wieder auf Kenji zu, jedoch wich Kenji wieder aus, leise g\u00e4hnte er auf und blickte kurz zu Takeru.\u00bbEr scheint auch seinen Spa\u00df zu haben\u00ab dachte er und passte nicht auf, dabei wurde er gegen einen Baum geschlagen, langsam stand er wieder auf und hielt sich am Baum fest.\u201eYay! Ich hab ihn getroffen!\u201c kam es fr\u00f6hlich von Kenjis Gegner, dieser schien etwas genervt zu sein.\u201eMir reichts\u201c ohne weiter was zu sagen, tauchte er hinter ihm auf und schaltete diesen Aus, auch die anderen gegen die er antrat, waren mit einem Schlag fertig \u0001 \u0002 anderen waren deswegen baff gewesen.\u201eMh\u201c kurz schloss er die Augen, doch bemerkte er dabei die Blicke von den anderen. \u201eEhm\u2026 das war pures Gl\u00fcck, ehehehe\u2026.\u201c Dabei kratze sich Kenji am \u0001 \u0002 standen sich Takeru und Kenji gegen \u00fcber, doch wurde diesmal Kenji abgelenkt, da er die Aura von seiner Freundin bemerkte.\u00bbWas macht sie hier? Das ist doch zu Gef\u00e4hrlich f\u00fcr sie\u00ab dachte er dabei schlug Takeru mit voller Kraft zu. Eigentlich dachte er, Kenji w\u00fcrde den schlag abfangen, doch dieser war so sehr abgelenkt, dass er weg flog.\u201eKenji!\u201c schneller rannte Takeru zu ihm. \u201eBist du in Ordnung?\u201cAuch Chibilina hatte noch immer zu \u0001 \u0002 wollte nicht ihre Kraft einsetzen, da sie sehr ersch\u00f6pft \u0001 \u0002 kleine Schaffte es gerade, ihn gegen eine T\u00fcr zu schleudern die verschlossen war, dabei riss sie ihm die Kette ab.\u201eDie geh\u00f6rt mir, immer noch!\u201c\u201eLangsam werde ich echt Sauer\u201c meinte daraufhin ihr gegen\u00fcber und auch die Aura verfinsterte sich.\u201eWenn du nicht mitkommen willst, dann eben mit Gewalt! Wie w\u00e4re es mit ein paar Zombies?\u201cChibilina war deswegen leicht \u00dcberrascht.\u201eSeit wann kannst du Zombies beschw\u00f6ren?\u201c\u201eDu zweifelst also?\u201c meint dieser daraufhin. \u201eGut, dann sie her und staune!\u201cDabei erschuf er in jedem Raum des Clubs Zombies, gleichzeitig lachte er \u0001 \u0002 und Takeru standen dabei R\u00fccken an R\u00fccken.\u201eIrgendwas Stimmt hier nicht\u201c kam es von Kenji.\u00bbich sp\u00fcre eine finstere Aura und das gef\u00e4llt mir nicht, ich muss mir was einfallen lassen.\u00ab\u201eTakeru\u201c kam es von Kenji ernst. \u201eBring die Leute in Sicherheit, ich schau mich etwas um\u201cKeru nickte nur leicht und verschwand, aber auch Kenji machte sich sofort auf den \u0001 \u0002 er sich umschaute, bemerkte er, dass er umzingelt war.\u201e1\u20262\u20263\u2026. Zu viele Zombies!\u201c murmelte er und stand auf den Boden, dabei wurde er auf den Boden geschmissen.",
            "wordcount": "1.026",
            "chapter_release": "30.05.2013",
            "chapter_number": "12"
        },
        "13": {
            "text": "\u201eGrrrrr, nimmt die Flossen von mir, ihr Missgeburten!\u201c dabei schlug er wie wild um sich, sodass einige vernichtet wurden.\u201eIch muss mir was einfallen lassen\u201c murmelte Kenji, dabei stand er am Fenster und schaute kurz \u0001 \u0002 er sich sicher war, sprang er runter und schoss etwas Ballartiges zum Fenster hoch, dass erneut einige Zombies vernichtet \u0001 \u0002 schlich sich die Blonde heimlich davon und, als sie nicht mehr zu sehen war, murmelte sie etwas, als sie dabei die H\u00e4nde auf den Boden \u0001 \u0002 junge Mann hat nun die Schnauze einfach voll und schwebte in die Luft. \u201eLangsam reicht es mir!\u201c knurrte er, dabei vernichtete er ohne mit der Wimper zu zucken das Geb\u00e4ude und sprang vom Baum. Kenji hatte sich etwas \u00fcberanstrengt und keuchte noch etwas.\u201eIch sollte verschwinden, bevor noch die Polizei kommt\u201c mit diesen Worten sprang der 19 J\u00e4hrige von Baum zu Baum, blieb aber dabei nochmal kurz stehen.\u201eHab ich nicht was vergessen?\u201c dabei blinzelte er. Er wusste allerdings nicht genau was oder wen er vergessen hatte, deswegen sprang er einfach \u0001 \u0002 war w\u00e4hrenddessen ebenso vom Park verschwunden und war am Strand, wo der gr\u00f6\u00dfere gerade hinweg flog. Diese summte ein Lied, was er aber nicht \u0001 \u0002 er Zuhause war, zog er sein Shirt aus, dabei lag er nun auf der Couch und dachte etwas nach. \u00bbEs wird sowieso nichts passieren hier, in dieser Stadt\u00ab dachte er seufzten, dabei kam ein gro\u00dfer Wetterumschwung auf, was aber weder Chibilina \u2013 die gerade eher vertr\u00e4umt war \u2013 noch Kenji, der daf\u00fcr sowieso kein Gesp\u00fcr hatte, \u0001 \u0002 h\u00f6rte man, wie eine Eilmeldung im Fernsah kam, sofort setzte der Schwarzhaarige sich auf.\u201eAchtung: Wetterwarnung, alle die in der N\u00e4he von einem Strand sind, sollten sich entfernen, ein Riesiger Tsunami kommt auf die Stadt zu. Ich wiederhole: Ein riesiger Tsunami kommt auf die Stadt zu.\u201cKenji seufzte etwas und machte die Nachrichten aus.\u201eEin Tsunami also, Mh?\u201c er schien nachdenklich. \u00bbSeitdem ich mit der kleinen in einer Klasse bin, geschehen wieder seltsame Dinge\u2026 Ob Sie eine Verbindung zu IHR ist?\u00ab dacht er und stand vor dem Spiegel. \u201eAber auch egal. Es ist nicht mein Problem\u201cChibilina war dabei weiter am Strand und bemerkte den Tsunami.\u201eWas zum?!\u201c dabei rannte sie weg, jedoch fiel ihr dabei ein, dass sie sich verwandeln konnte und Schwupps war sie eine Fledermaus und flog davon. Doch nicht wirklich Lange. Denn sie geriet in ein Antimagienetz und verwandelte sich \u0001 \u0002 tauchte Damon vor ihr auf. \u201eDu bist so leicht gl\u00e4ubig\u2026\u201c kam es von ihm, dabei verschwand der Tsunami und die Stadt hatte somit keinen Schaden \u0001 \u0002 zog sich seine Trainingssachen \u00fcber und seufzte. \u201eAber diese Aura, sie macht mir Sorgen\u201c dabei setzte er sich aufs Fensterbrett und schaute zum Himmel.\u201eUnd meine andere Mission muss ich auch noch machen\u2026Verdammt\u2026\u201cDer Schwarzhaarige ballte kurz eine Faust. \u201eIch werde dich schon noch R\u00e4chen Mitzuko-san\u2026 irgendwie\u2026\u201cW\u00e4hrend Kenji sich weiter Gedanken machte, flog Damon mit Chibilina im Netz zur\u00fcck, dabei flog er an dem Fenster vom Kenji \u0001 \u0002 bemerkte diesen dabei aus dem Augenwinkel und war etwas verwirrt. \u201eAm Tag eine Fledermaus?\u201c dabei setzte er sich auf.\u201eDas scheint interessant zu werden, auch wenn es immer verr\u00fcckter wird mit den Menschen\u201c dabei flog er heimlich \u0001 \u0002 h\u00f6rte er wie der Entf\u00fchrer folgenden Sprach.\u201eEs reicht schon wenn Mitzuko gerne mal abgehauen ist, bis sie wirklich f\u00fcr immer verschwand und irgendwann durch irgendeinen Fehler starb\u201cChibilina \u00e4ffte ihn heimlich nach. \u201eIch hab die Geschichte schon so oft geh\u00f6rt, dass geht mir langsam so auf die Nerven\u201c\u201eTrotzdem werde ich es dir nochmal erkl\u00e4ren\u201c fing er an, dabei flog er in einen Felsen, der eine Illusion war.\u201eWillkommen zur\u00fcck in deiner Heimat\u201cKenji blieb wie geschockt stehen. \u00bbHat er gerade wirklich Mitzuko gesagt?\u00ab dachte er, dabei war er vor dem Felsen.\u201eVerdammt was mach ich jetzt\u2026 Mitzuko\u2026\u201c als Kenji gegen den Felsen schlagen wollte, fiel er auch schon rein.\u201eWas zum\u201c sofort versteckte er sich und lies seine Aura verschwinden, dabei schaute er sich wieder um.\u00bbGeh lieber wieder zur\u00fcck, die kleine geht dich nichts an, auch wenn ne Fledermaus\u2026grn\u2026\u00ab",
            "wordcount": "690",
            "chapter_release": "30.05.2013",
            "chapter_number": "13"
        },
        "14": {
            "text": "Als er drin war, schluckte er \u0001 \u0002 Wache schnupperte. \u201eIch rieche einen Menschen\u2026Moment, nein\u2026 einen Sayajin wohl eher\u201cDie zweite Wache seufzte nur.\u201eDu Spinnst doch, hier kommt keiner rein, 1. Ist es zu gut versteckt, 2. Wird er automatisch vergiftet durch die Illusion\u201cKenji trat dabei kurz auf einen Ast und zuckte zusammen. \u00bbWo kommt der Ast verdammt noch mal her?!\u00ab dachte er, dabei schaute er nachhinten.\u00bbUnd sie scheinen meine Rasse zu kennen, oder irre ich mich? Aber MOMENT, sagten sie nicht gerade Gift?\u00abDie zweite Wache sprach dabei weiter.\u201eUnd nur die Vampirprinzessin und Damon haben das Gegengift und der st\u00e4rkste Sayajin, aber das glaube ich Weniger\u201cDie erste Wache wurde so davon gelangweilt das er wieder einschlief.\u00bbOkay, entweder sind sie Taub oder sie haben mich nicht bemerkt\u2026 aber auch egal, wenn ich doch schon mal hier bin, dann sollte ich mich hier ein bisschen umschauen, immerhin scheinen sie etwas \u00fcber meine Natur zu kennen, zudem wei\u00df ich auch so gut gar nichts \u00fcber meine Rasse\u201c dachte er und schlich umher. \u00bbAber wo fang ich an? Ich denke eine B\u00fccherei w\u00e4re nicht schlecht\u2026aber wo gibt es hier so was\u2026\u00abKenji schlich weiter in dieser Seltsamen Welt rum, wobei dies eher zu einem irren wurde, dabei ging er auf die Knie.\u201eRuhig bleiben, das wichtigste ist das du noch nicht entdeckt wurdest\u201c dabei schaute er sich mit den Augen \u0001 \u0002 Pl\u00f6tzlich, wirklich ganz Pl\u00f6tzlich stand die Blonde hinter ihm und war verwirrt.\u201eKenji, was machst du hier?\u201c fragte sie \u0001 \u0002 war Kenji so schreckhaft, dass er fast aufkreischte.\u201eDas k\u00f6nnte ich dich genauso fragen\u201c meinte er daraufhin und verschr\u00e4nkte die Arme. \u201eAu\u00dferdem ist es meine Sache wo ich bin und was ich hier mache\u201c\u00bbAuch wenn ich mich verlaufen habe, allerdings macht mir eher dieses Gift sorgen, was die Wachen labberten\u2026\u00ab dachte er.\u201eGut, dann kann ich dich ja allein lassen, ich geh dann mal, morgen ist immerhin Schule\u201c kam es von der eindeutig kleineren und ging. \u00bbWas k\u00fcmmert mich das, ob er hier ist oder nicht\u2026\u00ab dachte sie, daraufhin blieb sie aber seufzend stehen. \u00bbAber er ist hier drin und vergiftet\u00ab kurz drehte sie sich bei dem Gedanken um und warf dem jungen Mann etwas r\u00fcber. \u201eNimm das es wird dir helfen\u201c danach ging sie auch schon \u0001 \u0002 wusste gerade eigentlich gar nicht was so wirklich geschah.\u00bbIrgendwie ist sie ja S\u00fc\u00df\u2026 \u00ab dachte er, dabei sch\u00fcttelte er schnell den \u0001 \u0002 folgt ihr und sah dann nur noch, wie sie auf einmal in einer Wand verschwand. Er schien deswegen geschockt zu sein.\u201eOkay, Zauberei!\u201c kam es von Kenji, dabei flackerte die Wand kurz auf.\u201eWieso nicht gleicht so?\u201c fragte er seufzend und sprang durch die Wand, dabei blickte er das Gegengift an.\u00bbAber was die Wachen gesagt haben, mir geht das einfach nicht mehr aus dem Kopf\u2026\u00ab dachte er nach, dabei flog er zu sich Nachhause, also er ankam machte er seinen K\u00fchlschrank auf.\u201eLeer\u2026 Verdammt\u2026\u201c fluchte er leise, dabei lie\u00df er sich ins Bett fallen und schlief \u0001 \u0002 N\u00e4chsten Tag wachte er Geschw\u00e4cht auf und machte sich f\u00fcr die Schule fertig. Als er in der Schule ankam, lies er seinen Kopf auf die Bank fallen. Schmerzen sp\u00fcrte er dabei nicht wirklich. Wieso auch, er hatte Hunger und das machte ihn gerade mehr \u0001 \u0002 kam der Sensei rein.\u201eIhr habt heute nur 3 Stunden, ihr k\u00f6nnt also nach der Stunde machen was ihr wollt. Achja und da bald Ferien sind, ist auch bald automatisch das Schulfest.\u201c Erkl\u00e4rte der Lehrer, nachdem er mit aufrufen fertig war. \u201eHat einer Damon gesehen?\u201cKenji schaute kurz zur Tafel. \u00bbIdiot, kaum ein Tag da, fehlt er gleich, aber auch egal, ich hab Hunger als kann ich heute eh nichts machen so wirklich\u00ab dachte er und lies den Kopf wieder auf den Tisch \u0001 \u0002 dann Pause war, legte die Blonde ihr Fr\u00fchst\u00fcck einfach bei Kenji auf den Tisch. Ohne was zu sagen ging sie dann in das Klavierzimmer um zu \u0001 \u0002 blickte hoch und starrte das Essen an, ab und an blickte er noch Chibilina \u0001 \u0002 er den Magen knurren h\u00f6rte, a\u00df er einfach schnell den Bento und schaut aus dem Fenster",
            "wordcount": "702",
            "chapter_release": "30.05.2013",
            "chapter_number": "14"
        },
        "15": {
            "text": "Die Schule war nun vorbei gewesen und Kenji sa\u00df auf dem Schuldach, dabei dachte er etwas nach.\u201eMitzuko\u2026Wieso konnte ich dich damals nicht besch\u00fctzen\u2026 Wieso nur\u2026ich verstehe es bis heute nicht\u201c murmelte er leise vor sich \u0001 \u0002 Chibilina ging nun nachhause und war auf dem Schulhof. Als sie ein Foto anschaut, flog dieses einfach davon, sofort rannte die Blonde hinterher.\u201eMEIN FAMILIENFOTO!!!\u201c kreischte sie, weshalb Kenji auf schaute und runter blickte.\u201eWas macht sie da?\u201c murmelte er leise und sprang l\u00e4ssig runter, dabei fing er das Foto auf.\u201eSuchst du irgendwas?\u201c fragte er, dabei lief er wie so oft ohne Shirt rum durch das Hei\u00dfe \u0001 \u0002 warf einen kurzen Blick drauf. Er schien geschockt zu sein.\u201eJa ich hab mein Foto verloren, das du gerade hast\u201c erkl\u00e4rte \u0001 \u0002 dem Foto war die Blonde selbst zu sehen, die aber etwas anders aussah, dazu sah man noch Damon als Bediensteter, zwei andere und zum Schluss Mitzuko.\u201eKrieg ich es bitte wieder Kenji?\u201c fragte \u0001 \u0002 reagierte noch gar nicht, er konnte es gerade nicht \u0001 \u0002 es wirklich seine Mitzuko gewesen?\u201eMitzuko\u2026\u201c dabei riss er die Augen auf, erst als ein kurzer Wind vorbei wehte, blinzelte er wieder etwas.\u201eJ-ja, hier\u201c dabei gab er ihr das Bild.\u00bbHolt mich jetzt doch die Vergangenheit ein? Meine geliebte Mitzuko\u2026\u00abChibilina nahm das Bild.\u201eNaja ich muss los\u2026 ich wollt noch \u00dcben\u201c kam es von der kleineren.\u201eAch und\u2026 danke\u201cDoch ehe sie gehen konnte, sprach auch schon Kenji.\u201eEinen Augenblick\u201c kam es ernst von diesem, dies kannte von so gar nicht von ihm.\u201eDu kanntest meine Mitzuko\u2026 woher\u201c kam es von ihm ernst, dabei nahm er die H\u00e4nde in den Taschen und lies die Augen geschlossen.\u201eIch hab sie mal im Park kennengelernt, was dagegen? Ich muss aber jetzt wirklich los\u201c kam es von ihr.\u201eVerstehe\u201c meinte er nur abweisend und drehte sich um, als h\u00e4tten sie sich nie gekannt, dabei sprang er auf einen Baum und verschwand Richtung \u0001 \u0002 macht ihn nachdenklich. Und vor allem irre.\u00bbIch dreh noch Durch verdammt nochmaaaaal!!!\u00ab dabei schlug er gegen einen Baum, die Aura von ihm wurde kurz st\u00e4rker, sofort sprang er vom Baum runter, welcher umkippte.\u201eUpps\u2026\u201c kam es nur von ihm, dabei ging er in die Knie.\u00bbWarum nur, Mitzuko\u2026\u00ab dachte er wieder und biss die Z\u00e4hne \u0001 \u0002 hielt sich den Kopf.\u00bbVerdammt ich will endlich wissen was hier gespielt wird, sonst passiert noch ein Ungl\u00fcck\u00ab dachte er, dabei ging er ersch\u00f6pft zu \u0001 \u0002 er sich wieder kurze Zeit erholt hatte, machte er sich wieder auf den Weg zum Viertel.\u201eRuhig bleiben, sie h\u00e4tte das nicht gewollt, sie h\u00e4tte mich beruhigen k\u00f6nnen mit ihrer Z\u00e4rtlichkeit \u201e redete er sich ein, als er da war, merkte er wie ein Messer vorbei \u0001 \u0002 Mann grinste etwas.\u201eOh tut mir leid du warst im Weg gewesen\u201c er meinte es nat\u00fcrlich \u0001 \u0002 blickte mit einem Kalten und Leeren Blick \u00fcber seine Schulter, dabei drehte er sich ganz um. \u201eDu nervst gewaltig\u201c knurrte \u0001 \u0002 pfiff der Wind vorbei, Kenji fing das zweite Messer ab und lies dieses Fallen. \u201eUnd weniger seit ihr auch schon geworden, dass nervt so langsam.\u201eUnd du mir!\u201c dabei griff er an. \u201eElender Sayajin\u201c dabei grinste er.\u201eRAAAAAAAAH!!!!\u201c Kenjis Aura steigte deutlich an. \u201eIhr gebt wohl nie auf\u2026\u201c knurrte er, dabei feuerte Kenji Kii-B\u00e4lle \u0001 \u0002 Feind wich gerade so aus, sodass er nur einen Streifschuss erlitt.\u201eBist du etwa W\u00fctend?\u201cDer Kampf dauerte nun schon seine Zeit und auch das halbe Viertel war nun zerst\u00f6rt gewesen.\u201eGrn\u2026 er nervt\u2026\u201cKenji hatte sich versteckt, da die Ausdauer von ihm nachlies.\u00bbMeine geliebte\u00ab dachte er, dabei biss er die Z\u00e4hne zusammen.\u00bbDer Kerl hat so ein Gl\u00fcck das ich ein Teil meiner Kraft mit Absicht nicht benutze am liebsten w\u00fcrde ich\u2026.\u00ab er brach den Gedanke ab, dabei hatte er eine Faust geballt.\u00bbNein das w\u00fcrde sie nicht wollen, das ist zu gef\u00e4hrlich\u00ab dachte er, dabei blutete die Faust.\u201eIch geh dann mal wieder, der Test ist vorbei\u201c kam es grinsend, dieser Verschwand dann auch \u0001 \u0002 war geschw\u00e4cht gewesen und machte sich auf den Weg zum Friedhof.\u201eEs tut mir leid\u201c murmelte er, als er am Platz vom Grab war.\u00bbDu bist die einzige gewesen, die dazu von meinem Geheimnis wusste\u2026.meine geliebte\u2026und trotzdem waren die Gef\u00fchle da\u00abKenji ging auf die Knie und verlor ein paar Tr\u00e4nen, dabei schwieg er und blieb dort, bis zum Vollmond\u2026.",
            "wordcount": "745",
            "chapter_release": "30.05.2013",
            "chapter_number": "15"
        },
        "16": {
            "text": "Pl\u00f6tzlich blendete das Licht und Kenji wurde komplett umh\u00fcllt. Chibilina knallte dadurch gegen einen Baum und blickte weiter dorthin. Sie war ziemlich verwirrt \u0001 \u0002 das Licht des Mondes verschwand, war nun ein M\u00e4dchen an dem Platz des Jungens. Diese \u00f6ffnete die Augen und seufzte etwas.\u201eImmer das gleiche... wurde echt Zeit...\u201c murmelte sie und streckte sich in den fiel zu Gro\u00dfen Sachen. Dabei Strich sie \u00fcber das Grab.\u201eGomene, mein Bruder ist ein Schwachkopf...\u201cDanach drehte sie sich weg und Sprang Nachhause.\u00bbMist ich bin immer noch mit diesen K\u00f6rper bei der anderen Schule... was sollst...muss ich mir halt irgendwie was einfallen lassen deswegen....\u00abChibilina war derweil Zuhause gewesen und hatte sich beruhigt.\u201eKenji hat sich echt in ein....\u201c dabei sch\u00fcttelte sie den Kopf. \u201eIch sollte schlafen gehen\u201c meinte sie daraufhin. \u201eZum Gl\u00fcck ist Wochenende\u201cAuch Michiri machte sich auf den Weg, ging davor aber noch ein bisschen durch die Stadt und dachte nach.\u00bbEs ist zwar gef\u00e4hrlich als M\u00e4dchen Rum zu laufen um diese Zeit hier, aber das ist mir gerade egal, ich muss meinen Kopf frei kriegen und da eh Wochenende ist, passt das ja\u00ab dachte sie und schaute in den \u0001 \u0002 schlenderte sie durch den Park im Dunkeln. \u201eIch schlender, schlender, schlender hier herum\u201cOhne es zu bemerken wurde sie auch noch verfolgt. Ein Betrunkener machte sie an.\u201eFlossen weg!\u201c knurrte Michiri.\u00bbSchlimmer kanns nicht werden\u00ab dachte sie genervt.\u201eHey S\u00fc\u00dfe, alles klar?\u201c hauchte er und dr\u00fcckte sie gegen einen Baum, dabei grinste er.\u201eIch sagte Flossen weg!\u201c mit einen leichten schubs fiel er kurz hin und verfolgte sie dann.\u201eIch hasse so was... diese Perverslinge...\u201c dabei passte die gr\u00fcn\u00e4ugige nicht auf und rannte gegen einen Baum, vorsichtig drehte sie sich um.\u201c Der Perversling lag nun auf Michiri.\u201eEndlich hab ich dich\u201c grinste dieser, dabei wehrte sich aber die 19 J\u00e4hrige, weswegen sie auch schon ne Ohrfeige verpasst bekam. \u201eVERW\u00d6HN MICH!\u201c schrie er dabei. \u201eWirds bald!\u201c knurrte er und war im Ganzen Park \u0001 \u0002 konnte nicht schlafen, weshalb sie etwas raus flog, sie war gerade ebenfalls im Park gewesen und sah dem Schauspiel zu. Die eindeutig kleinere Flog auf einen Baum, was man sah waren nur die Schattenumrisse, dabei ver\u00e4nderte sie ihre Stimme.\u201eHey du Perversling, lass sie in Ruhig, oder muss ich dir Manieren beibringen?!\u201c dabei sprang sie runter und ihre Chimera Fl\u00fcgel verschwanden dabei, nur die Roten Augen die ihn anstarrten, waren noch \u0001 \u0002 lies sich der betrunkene nicht st\u00f6ren und Zog Michiri weiter aus, diese wehrte sich noch \u0001 \u0002 zog ne Augenbraue hoch.\u201eIgnorieren is aber nicht nett!\u201c dabei trat sich in den Arsch von dem betrunkenen, dieser knallte auf \u0001 \u0002 Schwarzhaarige biss die Z\u00e4hne zusammen. \u201eLangsam RECIHTS!!!\u201c gleichzeitig schlug sie den Typen weg, welcher ohnm\u00e4chtig wurde.\u201eDas war doch etwas zu Doll\u201c murmelte Michiri und zog ihre Sachen wieder \u0001 \u0002 blonde fesselte den betrunkenden, woraufhin Michiri nochmal dorthin blickte, dabei legte sie kurz eine Hand ans Auge.\u201eIch sollte...lieber gehen...\u201c meinte sie k\u00fchl und drehte sich dabei \u0001 \u0002 Roten Augen funkelten nochmal kurz im Mondlicht, wenige Sekunden wurden diese aber wieder Normal.\u201eIch muss auch gehen, es war nur Zufall, dass ich hier war\u201c meinte die kleinere.\u00bbKlar, ich war zuf\u00e4llig hier. Hab ja nur alles mit angesehen... Naja, ich brauch neue Klamotten langsam, diese sind langsam von Motten verfressen und manche sind auch verschwunden.\u00ab dachte die Blonde und ging daraufhin \u0001 \u0002 Michiri machte sich auf den Weg nachhause und sprang von Baum zu Baum. Als sie zuhause ankam, legte sich sich sofort ins Bett und schlief auch sofort ein. Dabei hatte sie einen Albtraum, wie damals Mitzuko starb.\u201eNein\u201c dabei w\u00e4lzte sie sich ab und zu hin und her.\u201eLass sie in Ruhe du Mistkerl!\u201c sprach sie im Schlaf, wachte dann allerdings Schwei\u00df gebadet auf und blickte sich um. Michiri zitterte am Ganzen K\u00f6rper. \u201eVerdammt...\u201cEs war schon der n\u00e4chste Tag gewesen und etwas Heller gewesen. Chibilina setzte sich in einem Viertel auf eine Bank und seufzte etwas. \u201eAber was ist nur geschehen? Und wie Starb Mitzuko-san? Ich wei\u00df es bis heute nicht...\u201c dabei dachte sie nach und blickte in den \u0001 \u0002 stand derweil auf und zog sich an, dabei schnallte sie das Schwert auf den R\u00fccken und ging durch Tokyo. Leise seufzte sie etwas.\u201eUnd was mach ich heute?\u201c",
            "wordcount": "722",
            "chapter_release": "30.05.2013",
            "chapter_number": "16"
        },
        "17": {
            "text": "Chibilina hatte sich endlich neue Sachen gekauft und brachte sie nachhause, danach ging auch sie durch Tokyo.\u201eUnd was mach ich jetzt? Ich war die Ganze Nacht wach und ich bin noch immer nicht M\u00fcde...\u201c dabei seufzte sie. \u201eWenn ich nur in die Vergangenheit reisen k\u00f6nnte...\u201c murmelte sie leise. Dabei wurde sie von jemanden abgefangen, dieser sprach sie an.\u201eDas kannst du, wenn du das hier kaufst, kleines M\u00e4dchen\u201cChibilina blickte zu der Unbekannten Person. \u201eDas klappt doch sowieso nicht! Also wieso sollte ich dir dann vertrauen?!\u201c\u201eDoch, es klappt, ich kann es ja gerne mit dir ausprobieren\u201c kam es als \u0001 \u0002 Michiri ging noch immer durch die Stadt und dachte nach, dabei passte sie nicht auf, wo sie hinrannte. \u201eWenn ich doch nur damals was ausrichten konnte...\u201c kam es \u0001 \u0002 packte der Typ die Blond haarige einfach am Arm und zog sie in eine Gasse.\u201eHey! Lass mich los, ich will deine Zaubertricks nicht wissen, die Funktionieren doch sowieso nicht!\u201c\u201eAls w\u00fcrden sie nicht gehen...\u201c kam es beleidigt.\u201eWer... bist du \u00fcberhaupt?\u201c\u201eVerrate ich nicht, zumindest noch nicht, aber ich geh\u00f6re zu euch. Nur darf ich noch nichts sagen, sonst ver\u00e4ndert sich alles\u201cChibilina blickte zwar verwirrte, glaubte es jedoch noch immer nicht. \u201eWarum sollte ich dir gla-\u201c gerade als sie den Satz beenden wollte, \u00f6ffnete sich ein Portal. \u201eWow...\u201c kam es erstaunt von ihr. Aus der Gasse wo sie war, kam ein Licht, welches ein Michiri bemerkte und sofort hinging wie hypnotisiert.\u201eWow....wo das Ding wohl hinf\u00fchrt\u201c kam es erstaunt von der \u0001 \u0002 zog eine Augenbraue hoch.\u201eDie Vergangenheit sieht aber anders aus\u201c\u201eDas ist auch die momentane Zukunft\u201c\u201eWas? Wie is das passiert?\u201c fragte sie entsetzt.\u201eDie finsteren M\u00e4chte haben es geschafft die zu t\u00f6ten, die unsere Einzige Hoffnung waren...\u201c erkl\u00e4rte der Unbekannte traurig.\u201eWas? Aber wie?\u201c fragte die Blonde.\u201eEr ist in die Vergangenheit gereist und hat sie get\u00f6tet als sie am verwundbarsten waren...\u201c erkl\u00e4rte er.\u201eUnd...wer sind die beiden?\u201c fragte \u0001 \u0002 Unbekannte reiste nun mit der Blonden und auch mit der Schwarzhaarigen in die Vergangenheit, dort war ein M\u00e4dchen zu sehen. Mitzuko. \u201eDiese Dame, m\u00fcsstet ihr kennen. Alle beide.\u201c\u201eMitzuko...\u201c murmelte Michiri leise, dabei streckte sie die Hand zu ihr, allerdings hielt sie inne. Dann Blickte sie zu dem Unbekannten. Sie traute ihm nicht und hatte diesen 'Kenji'-Blick drauf.\u201eWas hat das zu bedeuten!?\u201c knurrte diese dabei.\u201eDas erfahrt ihr gleich. Aber sie hinterlie\u00df vorher eine Geheime Botschaft, wer die Retter der Zukunft sind\u201c erkl\u00e4rte der Kapuzentyp.\u201eRetter?\u201c wiederholte die Gr\u00fcn\u00e4ugige. Irgendwie kam ihr das Spanisch vor. Dabei verschr\u00e4nkte sie die Arme. Auch wenn sie Ruhig war. So Explodierte sie fast, weil sie alles nochmal durchleben \u0001 \u0002 hielt sich den Kopf. \u201eMein Kopf.... nee-san...\u201c murmelte sie sehr \u0001 \u0002 wartete auf ihren geliebten und seufzte etwas. \u201eWo bleibt er schon wieder? Ist er etwa schon wieder so im Training vertieft?\u201c dabei l\u00e4chelte sie \u0001 \u0002 kneifte leicht die Augen zu. \u00bbIch muss hier weg! Ich muss hier verdammt nochmal Weg, ansonsten...\u00ab dachte sie. Dabei hielt sie sich den Kopf. Die Aura Schwankte dabei leicht. \u00bbIch halt das nicht aus. Meine Aura spielt verr\u00fcckt. Und das zerrt ziemlich an meinen Nerven...\u00ab\u201eNee-San!\u201c kam es von einer kleinen Person, die gerade auf Mitzuko zu kam. \u201eWartest du etwa schon wieder auf ihn?\u201c dabei zupfte die kleinere an ihrem Kleid. \u201eDarf ich mit warten?\u201cMitzuko blickte runter zu ihr.\u201eAusnahmsweise, aber sag Papa nichts\u201c dabei dabei zwinkerte sie kurz. \u201eBestimmt wirst du mit Kenji super gute Freunde\u201c f\u00fcgte sie hinzu und war still gewesen, dabei stand sie auf. \u201eIch sp\u00fcre etwas. Aber...es ist nicht nur Kenji...auch andere sind in der N\u00e4he....\u201cGerade als sie das sagte, kam auch schon Kenji angeflogen. Dieser umarmte seine geliebte von hinten und grinste \u0001 \u0002 blickte er auf. \u201eNie hat man seine Ruhe! Das is zum Kotzen!\u201c knurrte er, dabei l\u00f6ste er die Umarmg und nahm die H\u00e4nde in den Taschen.\u201eLiebling\u201c fing er an. Seine Stimme war ernst gewesen. \u201eWenn es zu Gef\u00e4hrlich wird, bring deine Schwester in Sicherheit!\u201cDabei verwandelte er sich. Er hatte eine deutlich st\u00e4rkere Aura gehabt, allerdings f\u00fchlte sich diese auch W\u00e4rmer und vertrauter \u0001 \u0002 waren auch die Typen da.\u201eNa ihr... gibt\u2019s endlich auf, Kenji und \u00fcbergib uns deine Freundin!\u201c lachte der \u0001 \u0002 knurrte Kenji auf. \u201eDas k\u00f6nnt ihr sowas von Vergessen!\u201cMichiri schaute zu Chibilina. Sie war \u00fcberrascht. \u00bbDas ist...sie von Damals?! Ich hab sie gar nicht.... erkannt...\u00ab dachte sie und ging auf die \u0001 \u0002 auch Chibilina bekamt ihre Erinnerungen wieder. Diese schaute nur Starr weiter gerade aus...",
            "wordcount": "773",
            "chapter_release": "30.05.2013",
            "chapter_number": "17"
        },
        "18": {
            "text": "Chibilina wollte gerade etwas sagen, allerdings wurde ihr der Mund zugehalten von Mitzuko.\u201ePsst, ich bring dich schnell von hier weg\u201c fl\u00fcsterte ihre Schwester und nahm sie in den Arm, sie wollte gleichzeitig los laufen, allerdings waren sie umzingelt. \u201eKenji, wir sind umzingelt!\u201cKenji lies sofort eine Art Druckwelle entstehen, das einige nachhinten gedr\u00fcckt \u0001 \u0002 Typ knurrte leise. \u201eJungs, schnappt euch die beiden M\u00e4dchen\u201c meinte dieser und hatte den Jungen abgelenkt. Der Zweite Typ schnappte sich Mitzuko und hielt ihr ein Messer an die Kehle, gleichzeitig lies sie Chibilina los, sodass die anderen die kleinere gefangen nehmen \u0001 \u0002 Anf\u00fchrer lachte blo\u00df. \u201eNa, was willst du jetzt machen? Wenn du deine geliebte rettest, dann Stirbt ihre Schwester. Und anders Rum ist es genauso....\u201c\u201eMitzuko\u201c murmelte Kenji nur und riss die Augen Auf. Kenji knurrte auf. \u201eMistkerl. Lass die beiden frei....\u201c kurz schwieg er. \u201eIch mach euch alle Kalt....\u201cMitzuko schaut kurz zu Chibilina.\u201eTut mir leid...\u201c fl\u00fcsterte sie in ihr Ohr, danach blickte sie zu Kenji.\u201eKENJI ES WIRD DIR NICHT GEFALLEN; ABER RETTE MEINE SCHWESTER UND BESCH\u00dcTZE SIE!\u201c schrie sie. \u201eIch will nicht, dass du wegen sowas unn\u00f6tig deine Kraft zum Vorschein bringst...\u201c dabei schaut sie Kenji sanft an, gleichzeitig tropfte eine Blut tr\u00e4ne von ihrem Gesicht.\u201eHalt den Mund, du bl\u00f6de G\u00f6re!\u201c knurrte der Typ der sie fest hielt und haute ihr eine \u0001 \u0002 biss die Z\u00e4hne zusammen. Sollte er es wirklich machen? Seine geliebte Sterben lassen? \u201eNa sch\u00f6n...\u201c dabei formte er zwei Energieb\u00e4lle in den \u0001 \u0002 Typ lachte dabei nur. \u201eVerlieren, wirst du so oder so!\u201cKenji tauchte dabei hinter die Typen auf, die die Schwester festhielten, dabei rammte er die B\u00e4lle in den R\u00fccken und schnappte sich Chibilina. Er sprang hoch. \u201eEs tut mir leid... meine Prinzessin... Ich liebe dich...\u201c murmelte er und verwandelte sich zur\u00fcck, trotzdem hatte er noch diesen kalten Blick und flog davon.\u201eDanke Kenji....ich werde dich nie vergessen\u201c das waren ihre letzten Worte, ehe sie \u0001 \u0002 brachte derweil Chibilina in ihre Welt. Er bereitete es so vor, das die Erinnerungen von ihr und auch von ihm erlischt und seine Kraft versiegelt wurden. Er verlor dabei ne \u0001 \u0002 wurde dann vom Oberhaupt zur\u00fcck in die Menschenwelt \u0001 \u0002 hielt sich dabei den Kopf. \u201eVerdammt, wieso muss ich das nochmal durchleben...\u201c murmelte sie leise, dabei blickte sie zur Unbekannten.\u201eWieso machst du das!? Und was willst du damit bezwecken!?\u201c fragte sie leicht \u0001 \u0002 Unbekannte zog seine Kapuze runter. Was man erkannte war, dass dieser einer Geist war. Dazu hatte die Person lange wundersch\u00f6ne Haare und blaue Augen, welche Leer waren. \u201eIhr zwei, ihr seit die auserw\u00e4hlten\u201c dabei l\u00e4chelte sie \u0001 \u0002 konnte es gerade nicht fassen. \u201eB-bist du das \u2026.wirklich?\u201c dabei ging sie auf die Knie und verlor ein paar Tr\u00e4nen. \u201eEs tut mir leid...das von damals....\u201c murmelte sie. Sie \u00e4hnelte mehr ihrem M\u00e4nnlichen Wesen, statt sie selbst.\u00bbDie Versiegelung bricht langsam...Mist...\u00ab dachte Michiri.\u201eJa, ich bin es, als Geist. Auch wenn Vampire keine Seele besitzen. Aber durch ein Vertrag, konnte ich dies \u00e4ndern. Ich wollte nie ein Vampir sein.\u201c erkl\u00e4rte Mitzuko. \u201eBevor ich den Leuten noch erz\u00e4hlte wollte ich liebe das einl\u00f6sen. Sofort.\u201c sprach sie weiter. \u201eAber ich kann euch Helfen als Geist.\u201c dabei schwebte sie zu Michiri und hob ihr Kinn leicht, leicht k\u00fcsste die Rothaarige Michiri. \u201eUnd das Versprechen gilt noch immer.\u201c sprach sie. Dabei waren sie wieder in der \u0001 \u0002 ballte eine Faust und blickte zur Seite.\u201eIch werd dich trotzdem R\u00e4chen, wenn ich diese Mistkerle in die Finger kriege\u201c dabei biss sie die Z\u00e4hne zusammen.\u201eJetzt kann ich mich wenigstens wieder an das Wichtigste erinnern...\u201c\u00bbIch wei\u00df nur leider nicht, wieso ich mich bei Vollmond Verwandel...\u00ab dachte Michiri. Es zerbrach ihr einfach den Kopf.\u201eUnd ich wei\u00df das ich deine Schwester besch\u00fctzen muss\u201c dabei umarmte sie Chibilina von hinten.\u201eEs tut mir so leid. Aber es wird auf jedenfall alles anders. Und besser.\u201c dabei schloss Michiri die \u0001 \u0002 l\u00e4chelte sie leicht und wandte den Blick zu Mitzuko.\u201eAlso, was f\u00fcr Informationen hast du noch f\u00fcr mich. Mitzu\u201c dabei schaute die Schwarzhaarige entschlossen. Sie wollte alles alleine machen. Wie immer.\u201eSo wie ich wei\u00df, wollen die Feinde als n\u00e4chsten den Vulkan ausbrechen lassen. Und einer der Vampire ist besessen von der B\u00f6sen macht. Die Leute von Damals sind auch mit beim Fuji. Ich muss aber wieder Fort. Lange kann ich mich nicht in die Reale Welt \u0001 \u0002 war noch immer geschockt und schwieg einfach nur.\u201eDa gibt es ein Problem. Als Michiri kann ich nichts machen. Die Kr\u00e4fte sind mehr bei Kenji. So h\u00e4tte ich nie im Leben eine Chance\u201c\u201eDeswegen m\u00fcsst ihr zusammen K\u00e4mpfen! Alle Geheimnisse werden offenbart und alle verlorenen Erinnerungen auch. Ihr werdet es Schaffen!\u201c sprach sie, dabei wurde sie immer blasser. \u201eWir werden uns wiedersehen, Versprochen\u201c dabei verschwand sie.\u201eSeid ein Team!\u201c war nur noch das letzte, was man von Mitzuko h\u00f6rte...",
            "wordcount": "820",
            "chapter_release": "30.05.2013",
            "chapter_number": "18"
        },
        "2": {
            "text": "Es war ein recht Normaler Herbsttag. Alles schien Ruhig zu sein. Und auch ein 12 J\u00e4hriger Junge ging ruhig umher und schien etwas nachzudenken. Wor\u00fcber er nachdachte? Ganz einfach: \u00dcber alles. Wieso er so war, wie er war. Und wieso ausgerechnet er. Leise seufzte der 12 J\u00e4hriger auf und blickte dann auf gleichzeitig. Er war einfach anders gewesen, weshalb dieser es ebenso nicht einfach hatte. Kenji hasste deswegen die Menschen. Immer sollte man nach deren Nase tanzen. Das war einfach nur zum Kotzen gewesen. Konnten diese Wesen nicht endlich mal einfach nur ihn in Ruhe lassen? \u201eLasst mich in Ruhe!\u201c kam es von einer Weiblichen Stimme, weshalb der Junge aufschaute. \u201eKlingt nach \u00c4rger\u201c murmelte er leise und versteckte sich. Dabei bemerkte er, dass zwei aus dem Waisenhaus wieder jemanden \u00e4rgerten. \u201eOh man\u2026 diese Jungs\u2026\u201c dabei seufzte er auf und ballte eine Faust. Er fand es einfach nur zum Kotzen, immer wieder war es das gleiche gewesen. Immer hatten sie ein Opfer. Und Diesmal war es sogar ein M\u00e4dchen gewesen! Das machte den Jungen nur w\u00fctender, deswegen mischte er sich auch ein. \u201eHey ihr Saft s\u00e4cke, lasst das M\u00e4dchen in Ruhe!\u201c knurrte der 12 J\u00e4hrige. Auch wenn das M\u00e4dchen nur ein Mensch war, wollte er es nicht l\u00e4nger mit ansehen. \u201eDu hast uns gar nichts zusagen, kleiner!\u201c knurrte der eindeutig \u00e4ltere auf. Dabei grinste Kenji nur Provozierend. \u201eWas grinst du \u00fcberhaupt so, Heh?\u201c die beiden lie\u00dfen von dem M\u00e4dchen ab und gingen nun auf Keisuke zu. \u201eWenn du nicht antwortest, dann bist du eben Unser Opfer!\u201c dabei schlug der \u00e4ltere zu, doch der Schlag wurde von dem kleineren abgefangen. \u201eVersuchs nochmal\u201c grinste dieser und schubste ihn weg, dabei schaute dieser zu der Blondhaarigen. \u201eDu Mistkerl, dass wirst du auf jedenfall b\u00fc\u00dfen!\u201c knurrte der andere und half seinen Freund auf, dabei seufzte Kenji nur auf. \u201eDas glaub ich weniger\u201c Ohne auch nur weiter zu warten, ging der Schwarzhaarige zu dem M\u00e4dchen und beugte sich runter. Kenji konnte es nie wirklich ertragen, wenn M\u00e4dchen weinten, weshalb er warm l\u00e4chelte. \u201eHey, es ist alles in Ordnung kleines\u201c murmelte dieser und blickte aus dem Augenwinkel zu den Jungs. In seinen Augen sah man nun Hass und Wut. \u201eUnd ihr lasst sie in Ruhe, ansonsten habt ihr ein riesen Problem mit mir!\u201c dabei hatte er einen ziemlich W\u00fctenden Unterton an sich, dass die beiden nur zur\u00fcck zuckten. Nun wendete dieser sich wieder zu der kleineren. \u201eBist du in Ordnung?\u201c fragte er sanft. Sie nickte etwas, dabei blickte sie mit ihren Lavendelfarbenden Augen in seine. \u201eJ-ja\u2026 ich glaube schon\u2026\u201c murmelte sie leise. \u201eWie hei\u00dft du?\u201c wollte er wissen. \u201eMein Name ist Chibilina\u2026\u201c kam es daraufhin sehr leise. Kenji l\u00e4chelte leicht. \u201eDu brauchst keine Angst mehr haben, sie werden dir nichts mehr tun\u2026\u201c hauchte der 12 J\u00e4hrige leise und war noch immer auf ihrer Gr\u00f6\u00dfe gebeugt. \u201eIch muss jetzt aber leider gehen\u201c f\u00fcgte er hinzu und stand auf, dabei drehte sich der heranwachsende um. \u201eBestimmt sieht man sich wieder\u201c l\u00e4chelte er und wollte gerade gehen. \u201eMoment\u201c meinte die Blondhaarige. \u201eWie\u2026 wie hei\u00dft du?\u201c fragte sie. \u201eKeisuke-Kenji\u2026aber nenn mich bitte nur Kenji\u2026\u201c murmelte dieser leise und schloss die Augen. \u201eAlso\u201c dabei l\u00e4chelte er leicht. \u201eMan sieht sich\u201c ohne auch nur weiter zu warten, ging er ins Haus rein. Nun war Chibilina allein da gewesen und seufzte etwas. \u201eIrgendwie ist der Junge seltsam\u2026\u201c dann l\u00e4chelte sie etwas und auch sie ging in ihr Zimmer. Kenji lag derweil schon auf seinem Bett und blickte die Decke an. Es war schon seltsam gewesen, denn sonst mied er immer die Menschen, aber irgendwie war es diesmal anders. Und gerade dieses eine M\u00e4dchen ging ihm dabei nicht aus dem Kopf. \u201eWas sollst\u2026\u201c murmelte er leise und setze sich kurz auf. \u201eIch sch\u00e4tze, ich werde dieses M\u00e4dchen eh nie wieder sehen\u2026\u201c Ein mattes l\u00e4cheln ging \u00fcber seine Lippen. Dabei lie\u00df er sich wieder nachhinten fallen. Der Junge machte sich erst mal keine weiteren Gedanken und schlief nun Friedlich bis zum N\u00e4chsten Tag ein\u2026",
            "wordcount": "662",
            "chapter_release": "30.05.2013",
            "chapter_number": "2"
        },
        "3": {
            "text": "Am N\u00e4chsten Tag wachte der 12 J\u00e4hrige auf und streckte sich, dabei bekam er das sanfte Sonnenlicht in die Augen und seufzte etwas. \u201eSo sch\u00f6n geschlafen und jetzt schon aufstehen\u2026Ich will nicht\u201c murmelte er leise und drehte sich wieder um, doch hatte er nicht mit seinem Wecker gerechnet, der laut auf piepte. \u201eDrecksding!\u201c murmelte Kenji und machte diesen wieder aus. War wohl nichts\u2026 Genervt stand er auf und machte sich f\u00fcr die Schule fertig, dabei zog er wie immer seine Sachen an f\u00fcr die Schule. Er hasste die Schule eigentlich, aber er musste ja hin. Eigentlich w\u00fcrde er am liebsten Schw\u00e4nzen, aber die Aufseherin ist in der Sache sehr streng. L\u00e4ssig schnappte er sich seine Tasche und ging los. \u201eIch bin dann Weeeg ~\u201c meinte er Ruhig und blickte kurz in das B\u00fcro, wo diese schlief. \u201eTypisch\u201c seufzte der Gr\u00fcn\u00e4ugige und machte sich dann auf den Weg. Dabei blickte er in den Himmel. Kenji wusste nicht genau WAS es war, aber er wusste, dass bald etwas Gro\u00dfes f\u00fcr ihn bevorstand. W\u00e4hrend dessen machte sich auch die Blondhaarige auf den Weg zur Schule. Auch diese blickte in den Himmel. \u201eIch w\u00fcnschte, ich w\u00e4re nicht so wie ich jetzt bin\u2026\u201c murmelte sie leise. Es schien, als h\u00e4tte sie ein gro\u00dfes Geheimnis. Allein und Einsam gingen die beiden nun zur Schule \u2013 dabei allerdings ohne zu wissen, dass sie sich in diesen Moment mal wieder n\u00e4her kommen w\u00fcrden. Als Kenji in der Klasse ankam, setze er sich einfach auf seinen Platz, dabei blickte er aus dem Fenster und Tag tr\u00e4umte mal wieder. Doch diese wurde schnell beendet, als er auf einmal jemanden vor sich stehen sah. \u201eHey, wie oft soll ich dir noch sagen, das ist mein Platz!\u201c knurrte sein Klassenkamerad. Dabei blickte der etwas kleinere zur Seite. \u201eUnd wenn, ich sitze jetzt hier\u201c murmelte er.\u201eNein, also verzieh dich!\u201c befahl der \u00e4ltere. Dabei kam Chibilina in die Klasse und merkte, wie sich die beiden wieder zofften. \u00bbTypisch Jungs\u2026\u00ab dachte die Blondhaarige und setze sich einfach an ihren Platz. Sie hatte Gl\u00fcck gehabt, denn bei ihr hatte sich bis jetzt noch nie jemand beschwert, dass das nicht ihr Platz sei. Und dar\u00fcber war sie auch froh gewesen. \u201eAlso, gehst du jetzt?\u201c knurrte sein Kamerad. \u201eIch sagte doch schon, dass ich nicht gehen werde\u2026 , Akira\u201c knurrte Kenji. Dabei hatte er einen leicht genervten Unterton. \u201eHa, das sagst du jedes Mal und dann rennst du doch eh immer wieder raus\u201c konterte \u0001 \u0002 knurrte Kenji. Eigentlich hatte er ja Recht gehabt, aber er wollte wiederum nicht weg laufen. \u201eDies ist und bleibt jetzt mein Platz\u201c knurrte Kenji, dabei hatte der 12 J\u00e4hrige wieder diesen einen Blick drauf, wenn er W\u00fctend war. \u201eWoow, wer wird denn gleich w\u00fctend\u201c provozierte der Blauhaarige, dabei t\u00e4tschelte Akira Kenji. \u201eHalt die Schnauze!\u201c knurrte der etwas kleinere und schlug seine Hand weg. Chibilina beobachtete das Schauspiel, dabei fiel ihr erst jetzt auf, wer das eigentlich war, mit dem sich Akira gerade anlegte. \u201eKenji-kun\u201c murmelte die Blondhaarige leise. \u201eHey, so haben wir nicht gewettet du kleiner mieser\u2026\u201c doch bevor Kenjis Klassenkamerad den Satz beenden konnte, klingelte es auch schon zum Unterricht. Mit einem leichten murren setze sich der Blau\u00e4ugiger woanders hin. Dabei grinste Kenji Siegessicher. Die Stunde verging so relativ Ruhig und auch Kenji war wie immer voll dabei, genau wie die Blondhaarige. W\u00e4hrend allerdings Chibilina schon l\u00e4ngste den Schwarzhaarigen mitbekam, merkte er davon noch immer nichts, dass er dem M\u00e4dchen n\u00e4her war als gedacht. Nun war Pause gewesen, danach war Sport \u0001 \u0002 liebte Sport, weshalb er sich gerade darauf am meisten Freund, w\u00e4hrend Chibilina nicht sehr Sportbegeistert erschien. Gem\u00fctlich sa\u00df der Schwarzhaarige auf seinen Platz auf dem Schulhof und genoss die Sonne. Dabei bemerkte er, dass wieder jemand ge\u00e4rgert wurde, ausgerechnet von Akira. Genervt setze der 12 J\u00e4hrige sich auf. \u201eMuss das sein, ich hab mich gerade so sch\u00f6n entspannt\u201c kam es beleidigend von ihm. \u201eBitte, h\u00f6rt auf, Akira!\u201c flehte die Lavendel\u00e4ugige. Dabei h\u00f6rte man nur ein lachen. \u201eKleines M\u00e4dchen, wieso sollte ich? Ich hab deinem Komischen Freund schon gesagt, dass das mein Platz ist und dir sag ich das gerne Noch einmal!\u201c knurrte Akira. Dabei wurde er von Kenji beobachtet. \u00bbDer geht mir langsam echt auf die Nerven!\u00ab dachte Kenji und ballte eine Faust. \u201eSag deinem Komischen Freund wenn er mir nochmal \u00fcber den Weg l\u00e4uft, ist er dran!\u201c dabei schubste er die kleinere weg, dass diese hinfiel. \u201eJetzt reichts!\u201c knurrte der 12 J\u00e4hrige und sprang aus dem Versteck raus, dabei hatte er Chibilina in den Armen und blickte Akira an. \u201eDas hast du nicht umsonst gemacht, Akira!\u201c dabei hatte Kenji einen v\u00f6llig anderen Ton an sich. \u201eAch, glaubst du das wirklich?\u201c grinste der gr\u00f6\u00dfere. \u201eWenn das so ist, nach der Schule im Park, wenn du kneifst, bist du ein Feigling\u2026\u201c f\u00fcgte er hinzu und ging dann einfach. \u201eK-Kenji kun\u2026\u201c murmelte Chibilina leise, dabei schaute er zu ihr. \u201eHuch..D-du?\u201c dabei blinzelte er, w\u00e4hrend die Blond nur l\u00e4chelte. \u201eTut mir leid, ich wollte, dass er dich in Ruhe l\u00e4sst, Kenji-kun\u2026und jetzt hast du wegen mir nur noch mehr \u00c4rger am Hals\u2026\u201c Kenji sch\u00fcttelte den Kopf. \u201eDas h\u00e4ttest du nicht machen brauchen, dass wei\u00dft du\u2026\u201c \u201eIch wollte es aber\u2026Es sollte als wieder gut machung sein, wegen dem Vorfall im Waisenhaus\u201c Kenji grinste. \u201eAch, schon in Ordnung, geht es dir eigentlich gut?\u201c Chibilina nickte. \u201eJa, mir ist nichts passiert\u201c f\u00fcgte sie hinzu. Nach ein paar Minuten schweigen h\u00f6rten die beiden das Klingeln zum rein gehen. \u201eOh\u2026 ich muss los, ich hab jetzt Sport\u2026\u201c sagte er leise. \u201eW-warte, ich komm mit, wir sind in der gleichen Klasse\u2026schon vergessen?\u201c dabei kicherte sie. Kenji war deswegen immer noch verdutz gewesen. Erst die Sache mit dem Waisenhaus und jetzt in der schule. Zusammen gingen die beiden nun zur \u0001 \u0002 hier verging die Stunde recht ruhig, als diese Stunde vorbei war und er sich umzog, seufzte er\u2026",
            "wordcount": "983",
            "chapter_release": "30.05.2013",
            "chapter_number": "3"
        },
        "4": {
            "text": "Eigentlich hatte Kenji \u00fcberhaupt keine Lust sich zu pr\u00fcgeln, jedoch sein Stolz sagte dabei etwas anderes. Immerhin hatte Akira ihn herausgefordert. \u201eHey du kleiner Schw\u00e4chling\u201c fuhr der eben genannte den in Gedanken versunkenen Jungen an. \u201eVergiss nicht, gleich geht\u2019s ab ins Krankenhaus\u201c grinste dieser dabei. Leise knurrte Kenji auf. \u201eWerden wir ja sehen\u201c murmelte er leise, w\u00e4hrend er eine Hand zur Faust ballte. Er hasste ihn. Er hasste ihn wirklich von ganzen Herzen, sogar sosehr, dass er Akira sogar t\u00f6ten w\u00fcrde. Leicht sch\u00fcttelte Kenji den Kopf. Was dachte der 12 J\u00e4hrige da nur? Wollte er gerade Akira wirklich t\u00f6ten? Nur aus Hass? Kenji verstand sich manchmal selber nicht. Nun zog er sich fertig um und kam aus der Halle raus. Es war soweit gewesen. Kenji m\u00fcsse jetzt sich Akira gegen\u00fcberstehen. Doch wollte er das wirklich? Wollte er wirklich gegen Akira antreten? Ehrlich gesagt, wusste es Kenji nicht, langsam machte er sich auf den Weg zu dem Treffpunkt, auf einmal h\u00f6rte er eine M\u00e4dchenstimme hinter sich etwas fl\u00fcstern. \u201eDu musst das nicht machen Kenji, dass wei\u00dft du\u2026\u201c murmelte die Blond, dieser l\u00e4chelte gerade nur sanft. \u201eDoch, muss ich\u201c erwiderte er daraufhin. \u201eIch hab mir das jetzt eingebrockt, also zieh ich das jetzt auch durch\u2026\u201c f\u00fcgte er z\u00f6gernd hinzu. \u201eMach dir keine Sorgen, ich komme auf jedenfall klar meine kleine\u201c l\u00e4chelte er sanft. \u201eKenji, bitte mach das nicht\u2026\u201c murmelte Chibilina leise, dabei drehte er sich weg. \u201eTut mir leid. Mein Entschloss steht\u2026\u201c kam es entschlossen von dem leicht durchtrainierten Jungen welcher sich aus den Griff von der kleineren befreite. Kenji machte sich nun auf den Weg. Ein seltsames Gef\u00fchl hatte der Junge schon. Doch was sollte er tun? Er lief geradezu ins Offene Messer. Doch was auf ihn zukam, war nun ein v\u00f6llig neues Gef\u00fchl\u2026 Nun war er am Treffpunkt gewesen. Irgendwas Stimmte nicht mit ihm. Er kannte dies gar nicht von sich. Dass er sich Pr\u00fcgelte. Kenji war in diesen Moment gerade zu scharf darauf, ihn fertig zu machen. Lag es daran, weil der Kerl seine neue Freundin so fertig machte? Der Junge heranwachsende wusste es wirklich nicht, doch irgendwie liebte er das Gef\u00fchl. \u201eSieh mal an, du bist ja doch gekommen\u201c grinste Akira provozierend. Kenji nahm dabei seine H\u00e4nde in den Taschen, ihm lie\u00df die ganze Situation v\u00f6llig kalt. \u201eK\u00f6nnen wir endlich zur Sache kommen\u201c kam es von dem 12 J\u00e4hrigen, dabei hatte er die Augen geschlossen. Was war nur los mit ihm. Wieso machte er dies? Gegen Akira hatte er doch eigentlich keine Chance, zumindest glaubte Kenji dies. Aber wenn dies wirklich so wahr, wieso legte er sich dann mit seinem Herausforderer an? War das etwa alles geplant von Akira? Die ganze Tat? Das Kenji sich mit ihm anlegte? Der Schwarzhaarige dachte noch immer nach. Dabei bemerkte er nicht mal, dass Akira mit ihm sprach. \u201eHEY! Ich rede mit dir!\u201c knurrte dieser w\u00fctend, dabei wurde der Gedankenlos aus seinen Gedanken geworfen. \u201eNa warte, das war dein letzter Gang in die Schule, dass verspreche ich dir!\u201c Zischte der ein Jahr \u00e4ltere und rannte auf ihn zu. Kenji wusste nicht genau was gerade geschah und blieb perplex einfach nur stehen. Und im n\u00e4chsten Moment hatte der J\u00fcngere die Faust in seinen Magen, dabei riss er seine Augen auf vor Schmerz. \u201eGrn\u2026\u201c voller Schmerz hielt sich Kenji den Magen. \u201eErst gro\u00dfe T\u00f6ne spucken und jetzt auf einmal kneifen, was?\u201c grinste Akira. Kenji war noch immer auf den Knien gewesen, allerdings fing sich dieser wieder, als Akira mit ihm sprach. Der Schwarzhaarige blickte zu diesen hoch, seine Smaragdgr\u00fcnen Augen hatten sich auf diesen \u0001 \u0002 Schmerz, den er dabei versp\u00fcrte durch Akira, verflog sofort. \u201eIch werde daf\u00fcr sorgen, dass du mich endg\u00fcltig in Ruhe l\u00e4sst!\u201c knurrte Kenji, seine Art, seine Stimme, einfach alles, man erkannte den Gr\u00fcn\u00e4ugigen gerade \u00fcberhaupt nicht wieder. Wie ein anderer Mensch rannte dieser auf sein gegen\u00fcber zu, dabei ballte Kenji eine Faust und schlug Akira direkt ins Gesicht, sodass dieser ein paar Meter davon flog. Kenji schnaufte noch etwas, erst als er merkte, dass Akira unter einen Baum lag, war er selbst \u00fcber sich \u00dcberrascht. \u201eW-war ich das gerade?\u201c dabei blinzelte er, als er merkte, dass Akira aufstand blickte er sofort zu diesem. Leise knurrte Kenji auf. \u00bbWie auch immer ich das gerade gemacht habe, es hilft anscheinend etwas\u2026\u00ab dachte Kenji, der blick des genannten war noch immer auf seinen Gegner gerichtet. \u201eMistkerl\u201c fluchte Akira leise und stand wieder auf. Er blutete etwas an der Nase, doch schien ihn das nichts auszumachen. \u201eDas wird f\u00fcr dich noch ein gro\u00dfes Nachspiel haben, ich hoffe das wei\u00dft du\u201c knurrte der Blauhaarige Kenji an und stand genau vor ihm. Doch Kenji blieb dabei unbeeindruckt, im Gegenteil ein leichtes l\u00e4cheln kam nur \u00fcber seine Lippen.\u201eWenn du willst, kann ich dir die Nase brechen\u201c kam es einfach nur Frech von dem 12 J\u00e4hrigen. Seine Kindlichen Augen blickten diesen noch immer an. \u201eAls wenn gerade du mir etwas brechen k\u00f6nntest. Gut, gerade eben hab ich nicht aufgepasst, das war aber auch schon alles\u201c Akira lachte dabei in sich hinein. \u201eDU bist ein NICHTSK\u00d6NNER! Ein Niemand, ein Verdammter Schw\u00e4chling\u201c dabei grinste Akira etwas. Kenji blickte zur Seite. Hatte Akira etwa Recht?War Kenji wirklich ein Nichtsk\u00f6nner? War das alles nur gespielt von ihm selbst? Kenji wusste es nicht wirklich, doch irgendwas in seinem Inneren sagte ihm, dass es nicht so sei. \u201eNein, ich denke du liegst Falsch, Akira\u201c murmelte er leise, dabei dachte er daran, wie oft er f\u00fcr sich trainierte, um St\u00e4rker zu werden. Kenjis blickte wurde ernster, dabei stand der 12 J\u00e4hrige wieder auf. \u201eWas willst du schon wissen, ob ich es drauf habe oder nicht\u201c knurrt der kleinere, dabei standen sie sich von Angesicht zu Angesicht gegen\u00fcber. Der Blick des kleineren war auf Akira gerichtet, welcher ihn noch immer Provozierend angrinste. \u201eIch wei\u00df so einiges \u00fcber dich du kleiner Feigling\u201c grinste Akira. Dabei knurrte Kenji. Vielleicht war es wirklich so gewesen, dass er manchmal ein Feigling war. Doch dies sollte sich nun \u00e4ndern. \u201eDu gehst mir auf die Nerven!\u201c knurrte Kenji, welcher eine Faust geballt hatte. So langsam reichte es ihm, er wollte Akira einfach nur noch aus der Welt l\u00f6schen. \u201eDich gab es einmal, Akira!\u201c schnaubte der Schwarzhaarige, allerdings als er gerade zuschlagen wollte, wurde er aufgehalten. \u201eKENJI, NEIN!!!\u201c schrie eine M\u00e4dchen stimme, sofort hielt seine Faust vor Akiras Gesicht an, Kenji war noch ziemlich in Rage gewesen, doch diese Stimme erkannte er immer wieder. Mit seinen Gr\u00fcnen Augen blickte er zu der Person\u2026",
            "wordcount": "1.078",
            "chapter_release": "30.05.2013",
            "chapter_number": "4"
        },
        "5": {
            "text": "\u201eEr hat das Recht zu leben, Kenji-kun\u2026.\u201c murmelte die Blondhaarige, dabei nahm der Schwarzhaarige seine Faust runter. \u201eEr ist ein Mensch\u2026\u201c murmelte er knurrend, dabei blickte er zur Seite. Akira war von der ganzen Situation doch etwas \u00fcberrascht gewesen. Er hatte nicht damit gerechnet, dass der J\u00fcngere SO reagieren w\u00fcrde. \u201eKenji, bitte!\u201c flehte das M\u00e4dchen. \u201eMeinet wegen\u2026\u201c murmelte Kenji Gereizt, dabei drehte er sich einfach um. \u201eAch, willst du jetzt einfach so kneifen, nur weil deine komische Freundin das sagte?\u201c kam es von Akira. \u201eNein, dieses Mal hast du einfach nur Gl\u00fcck, dass ist alles\u201c kam es aus dem 12 J\u00e4hrigen, dabei blickte er mit einem Kalten Blick zu seinem Klassenkameraden. \u201eAber sei gewarnt, dass n\u00e4chste Mal wenn du mich herausfordern tust, wirst du es sicher nicht so einfach haben wie jetzt\u201c kurz ballte der Schwarzhaarige eine Faust. \u201eDarauf gebe ich dir mein Wort\u201c dabei grinste Kenji etwas. \u201eAlles nur l\u00fcgen\u201c kam es von dem Blauhaarigen. Kenji merkte, wie sich seine neue Freundin ran dr\u00fcckte, weil sie Angst um ihm hatte ein bisschen, weswegen er darauf nicht reagierte. Mit Chibilina zusammen \u2013 wenn auch unfreiwillig \u2013 machte er sich auf den Weg zum Waisenhaus. \u201eDu kannst mich wieder los lassen\u201c murmelte der Gr\u00f6\u00dfere dabei blickte er zur Seite. \u201eTut mir leid\u201c murmelte die kleinere und blickte zur Seite. Als er am Waisenhaus war, seufzte er etwas. \u201eH\u00f6r mal\u201c fing er an, dabei blickte er ihr nicht in die Augen. \u201eDu brauchst dich nicht in meine Angelegenheiten einmischen, ich komme sehr gut alleine klar\u201c kam es recht k\u00fchl von dem 12 J\u00e4hrigen. \u201eNein\u201c kam es stur von Chibilina. \u201eIch will nicht, dass du Unschuldige Leute einfach so weh tust!\u201c murmelte sie. Kenji blickte dabei zur Seite. \u201eDu hast doch gar keine Ahnung\u2026\u201c murmelte er, dabei war er ziemlich W\u00fctend gewesen, aber nicht auf die kleinere, nein eher auf die \u201cLeute\u201c . \u201eWas haben dir diese Leute getan, Kenji-kun?\u201c ihr blick war traurig gewesen, doch gleichzeitig aufrichtig. \u201eDas geht dich gar nichts an\u201c knurrte der gr\u00f6\u00dfere und ging in Richtung von seinem Zimmer. \u201eDoch, mich geht es etwas an! Wir sind immerhin Freunde!\u201c kam es Stur von der Blonden, als Kenji die T\u00fcr auf machen wollte, stockte er etwas. Der Schwarzhaarige war daran nicht gew\u00f6hnt gewesen, einen Freund zu haben. Soweit er sich immer erinnern konnte, war er alleine gewesen. Und wenn er einen Freund hatte, dann geschahen seltsame Dinge. \u201eNein, wir sind keine Freunde. Tut mir Leid\u201c kam es noch k\u00fchler von dem 12 J\u00e4hrigen. \u201eAber\u2026.\u201c Fing die Blondhaarige an, dabei wurde sie unterbrochen. \u201eKein Aber. Vergiss mich einfach am besten\u201c dabei machte er die T\u00fcr von sich auf und ging in sein Zimmer. Als er auf seinem Bett lag, seufzte er nur leicht. \u201eKenji-kun\u2026\u201c murmelte sie nur leise und blieb an der T\u00fcr. \u201eBitte\u2026 ich will deine Freundin sein\u2026\u201c murmelte sie sanft, dabei f\u00fcllten sich ihre Augen mit Tr\u00e4nen. Doch Kenji ignorierte sie einfach. \u201eKenji, bitte\u2026\u201c dabei klopfte sie weiter gegen die T\u00fcr, w\u00e4hrend er davon leicht genervt war. \u201eIch hab dir bereits dazu etwas gesagt, also verzieh dich in dein Zimmer!\u201c knurrte er w\u00fctend auf, dabei hatte er sich zur Wand gedreht mit dem Gesicht. \u201eKenji\u2026\u201c murmelte die kleinere nur immer wieder, dabei lief ihr Tr\u00e4nen \u00fcber das Gesicht. \u201eIch will doch nur einen Freund haben, dem ich etwas bedeute\u2026\u201c fl\u00fcsterte, dabei h\u00f6rte man auf einmal nur noch einen Stumpfen Schlag in Kenjis Zimmer. \u201eIch sagte bereits NEIN!\u201c knurrte er w\u00fctend zur T\u00fcr. Kenji hatte bei ihrem Satz gegen die Wand geschlagen, weil er es einfach nicht anh\u00f6ren konnte. \u201eVerschwinde jetzt endlich, ich will mit dir nichts mehr zu tun haben Verdammt nochmal!\u201c knurrte er weiter. Chibilina weinte dabei nur noch mehr, w\u00e4hrend sie ging. Kenji holte dabei tief Luft und hatte sich wieder beruhigt. Eigentlich wollte er das Alles nicht. Aber er fand, es war besser so gewesen. Besser f\u00fcr Chibilina. Und vor allem Besser f\u00fcr ihn und seinem Geheimnis.",
            "wordcount": "654",
            "chapter_release": "30.05.2013",
            "chapter_number": "5"
        },
        "6": {
            "text": "Inzwischen sind nun ganze 7 Jahre vergangen, in diesen Jahren ist verdammt viel passiert. Kenji und auch Chibilina schafften es, bei ihrem 18. Lebensjahr aus dem Waisenhaus auszuziehen, somit wohnten die beiden jeweils am anderen Ende von Tokyo. W\u00e4hrend Chibilina immer sch\u00fcchterner wurde und zur\u00fcckhaltender wurde, wurde Kenji immer beliebter. Trotzdem wuchsen beide pr\u00e4chtig auf und auch gingen beide in die Gleiche Klasse. Jedoch war auch hier etwas anders gewesen: Kenji war so beliebt in der Klasse gewesen, dass die M\u00e4dels von ihm schw\u00e4rmten und die Kerle einfach nur ihn verachteten. Chibilina allerdings war nicht so Beliebt gewesen und hielt sich in Hintergrund, dass man sie nicht wahrnehmen konnte. Doch diesmal sollte sich das Schicksal der beiden Komplett \u00e4ndern. Alles fing um 7 Uhr morgens an, Chibilina machte sich in aller Ruhe fertig, wirklich Lust hatte sie nicht gehabt, aber was sollst, sie musste da jetzt durch. W\u00e4hrend Chibilina sich ordentlich fertig machen konnte und dann auch schon bald losging, lag der inzwischen 19 J\u00e4hrige im Bett und schnarchte noch vor sich hin. Kenji schleuderte pl\u00f6tzlich seinen Wecker gegen die Wand, da dieser wieder losging. \u201eDrecksding!\u201c knurrte der gut gebaute Kerl und schaute auf die Uhr. \u201eOh, verdammt ich komm zu sp\u00e4t!\u201c fluchte der Schwarzhaarige und zog sich so schnell er konnte an. Dabei stopfte er sich noch einen Toast in den Mund und machte sich schnurr stracks auf den Weg zur Schule. Chibilina kam p\u00fcnktlich in der Schule an, w\u00e4hrend Kenji 2 Sekunden vor dem Klingeln ankam und sich auf seinen Platz setzte, als w\u00e4re nie etwas gewesen. Sofort kam auch schon der Lehrer rein. \u201eGuten Morgen zusammen\u201c meinte dieser Streng. \u201eHabt ihr auch alle die Hausaufgaben?\u201c Kenji war schon wieder in seiner eigenen Welt gewesen. \u00bbIst das Langweilig\u00ab dachte der Schwarzhaarige w\u00e4hrend der Lehrer irgendetwas erkl\u00e4rte. \u00bbIch will viel lieber Trainieren, als diesen Shit zu machen\u00ab dabei schaute er aus dem Fenster. \u00bbAber ich sollte mich heute wirklich zur\u00fcckhalten, ich hab keine Lust mich heute zu Pr\u00fcgeln\u00ab dachte er weiter und seufzte daraufhin nur. Immer noch total abwesend holte er seine Hausaufgaben raus, genauso wie Chibilina und einige andere Sch\u00fcler. \u00bbWas machen wir eigentlich heute in Sport?\u00ab dachte der Schwarzhaarige und reibte sich die Nase. Doch ehe Kenji noch irgendwas anderes machen konnte, wurde er auch schon aus seinen Tagtr\u00e4umen raus geschlagen. \u201eKEISUKE-KENJI WIE OFT NOCH DU SOLLST AUFPASSEN UND NICHT HIER RUM TR\u00c4UMEN!!!! ZUR STTRAFE WIRST DU DIE HAUSAUFGABEN VORZEIGEN UND AN DIE TAFEL AUCH SCHREIBEN!!!!\u201c schrie der Lehrer, w\u00e4hrend er auf seinen Tisch schlug. \u00bbDas tut in den Ohren weh, aber Richtig\u00ab dachte Chibilina genervt. Kenji fiel vom Stuhl, sofort stand er genervt auf und stellte seinen Stuhl wieder hin.\u00bbDas ist doch zum Kotzen, jetzt ist es das schon zum 4. Mal das ich das machen das, ich hab die Schnauze langsam voll\u00ab dachte er genervt und ging zur Tafel, dabei schw\u00e4rmten einige Mitsch\u00fclerinnen, da er ja so Hei\u00df war. \u00bbDas ist doch immer das gleiche mit dem Kerl, immer f\u00e4llt er auf und kriegt daf\u00fcr dann halt die Strafe\u00ab dachte die Ruhige und blickte zum geschw\u00e4rme. \u00bbUnd die Schw\u00e4rmen, was ist eigentlich so toll an dem? Versteh ich bis heute nicht\u00abNach einer kurzen weile war Kenji fertig gewesen an der Tafel und setze sich wieder hin. Der Schwarzhaarige war mehr als nur genervt, erst als die Stunde zuende war, ging er, ohne irgendwas zu sagen. Er freute sich, denn endlich war Sport angesagt und endlich konnte er mal wieder Zeigen was er konnte. Chibilina ging in das Musikzimmer und \u00fcbte dort wieder am Klavier, w\u00e4hrend der Schwarzhaarige genervt und einem Baum sa\u00df und angeschw\u00e4rmt wurde. \u00bbWie das nervig ist, k\u00f6nnen die auch mal damit aufh\u00f6ren? Immer das gleiche.\u00abChibilina spielte weiter Klavier, wurde dabei aber etwas blass. Sie wusste, was zu tun war, jedoch wollte sie dies wirklich erst nach der Stunde machen, als sie aus dem Zimmer raus ging, war auch schon die Pause vorbei gewesen. Kenji sprang l\u00e4ssig auf die Beine und machte sich auf den Weg zur Halle, dabei zwinkerte er den Mitsch\u00fclerinnen zu. Gleichzeitig grinste er. \u00bbDiese Menschenm\u00e4dchen sind echt so leicht zu beeindrucken\u00abChibilina wusste, sie musste Sport wieder ausfallen lassen und sagte auch der Lehrerin Bescheid. \u201eIst Okay, ich wei\u00df ja das du ein Attest hast\u201c meinte diese daraufhin, die kleine machte sich dann auf den Weg zum Krankenzimmer. W\u00e4hrenddessen, zog sich der 19 J\u00e4hrige um, dabei merkte er, wie einer aus seiner Klasse ihm an die Schulter fasste. \u201eIch sag es dir zum letzten Mal, h\u00f6r auf so Cool zu tun und ganz besonders\u201c dabei dr\u00fcckte er Kenji Schulter runter, dieser blieb aber unbeeindruckt. \u201eLass meine Freundin verdammt nochmal in Ruhe\u201c \u201eNehm deine Flossen von mir\u201c knurrte Kenji nur Kalt und schlug dabei seine Hand weg. \u201eAch und was wenn nicht? Du bist schon viel zu Oft aufgefallen, also kannst du dir das Pr\u00fcgeln wohl vergessen\u201c dabei grinste sein Mitsch\u00fcler. \u201eWas ich in meiner Freizeit allerdings mache, kann ihnen allerdings Egal sein\u201c grinste Kenji, dabei verlie\u00df er die Umkleide.",
            "wordcount": "836",
            "chapter_release": "30.05.2013",
            "chapter_number": "6"
        },
        "7": {
            "text": "\u201eIch sollte der Schwester Bescheid sagen\u201c murmelte die Blonde zu sich selbst und war ziemlich blass. \u201eWieso m\u00fcssen die Vorr\u00e4te auch leer sein\u201c grummelte und machte sich auf den Weg. W\u00e4hrenddessen war Kenji an der Wand gelehnt, dabei h\u00f6rte er nur das geschw\u00e4rme, was ihm ziemlich aufm Nerv geht. \u00bbEigentlich hab ich keine Lust mich wieder zu Pr\u00fcgeln\u2026 aber es h\u00e4lt mich doch sowieso keiner ab\u00ab dachte er grinsend, dabei \u00f6ffnete er wieder die Augen und dr\u00fcckte sich von der Wand. In der Sportstunde musste Kenji erst mal 10 Runden laufen, klettern und so was, auch waren Ballaktivit\u00e4ten dabei gewesen. Der Mitsch\u00fcler von vorhin schoss dabei den Ball gegen den Kopf des 19 J\u00e4hrigen, doch fing er diesen einfach ab. \u201eMistkerl, das war nicht umsonst gewesen\u201c knurrte Kenji und schmiss den Ball so fest, dass der Kerl auch so gleich ins Tor mit flog. \u201eSelber schuld\u201c murmelte Kenji dabei. \u201eDas wirst du B\u00fcsen!\u201c murmelte er leise, dabei stand er auf. Die restliche Stunde verging recht ruhig. Chibilina war in der Zeit nicht dabei gewesen sondern war schon Zuhause gewesen und hatte einige Besorgungen gemacht. Nach der Schule wartete Kenji unruhig im Park. \u201eEr scheint wohl doch nicht zu kommen, so ein Feigling\u201c meinte Kenji k\u00fchl und hatte noch immer die H\u00e4nde in den Taschen, dabei drehte er sich gerade um, um zu gehen. \u201eWo willst du kleiner Feigling bitte hin, Mh?\u201c Kenji blieb mit einem Ruck stehen. \u201eAch, sind wir doch noch gekommen\u201c knurrte er genervt, daraufhin bekam er nur ein grinsen. \u201eNun labber nicht, sondern K\u00e4mpfe lieber\u201c kam es Selbstsicher von seinem Gegner. \u201eSchau mal \u00fcber dir\u2026\u201c murmelte Kenji, der \u00fcber ihm war, als dieser nach Oben blickte, flog dieser auch schon gegen einen Baum. Als er aufstehen wollte, knallte auf einmal die Blondhaarige gegen ihn. \u201eT-tut mir leid, ich wollte das nicht\u201c murmelte sie und sa\u00df auf ihren Hinterteil. Dabei blickte Kenjis Gegner zu ihr. \u201eDu kleines Mistst\u00fcck, was willst du?\u201c knurrte dieser und wollte gerade zuschlagen. Doch Kenji wusste dies zu verhindern und tauchte sch\u00fctzend vor ihr auf. \u201eIch bin dein Gegner, also lass die anderen in Ruhe\u201c knurrte er W\u00fctend auf. Dabei blickte Kenji kurz in die Augen von Chibilina, dabei sah er kurz erschrocken aus, denn er kannte diese Augen noch von vor 7 Jahren. \u00bbSchon wieder du?\u00ab dachte Kenji. \u201ePass das n\u00e4chste Mal lieber auf\u2026.\u201c Murmelte Kenji leise und blickte wieder zum Gegner, dabei trat er erneut zu, l\u00e4ssig ging er zu dem Baum, wo er hing. \u201eMieser Bastard, was zum Henker soll das?\u201c knurrte er, dabei holte er erneut aus, doch Kenji hielt seine Faust nur genervt fest. Chibilina sah einfach nur erschrocken zu, sie wusste auch nicht wirklich was sie machen sollte. \u201eI-ich \u00fcbernehme keine Verantwortung und geh lieber\u201c murmelte sie leise. Bei Kenji merkte man gerade, dass dieser keine Lust mehr hatte und seinen \u2018Gegner\u2018 fertig machte, danach sprang er auf einen Baum und flog einfach los. Chibilina stand nun alleine mit dem Typen da. \u201eOhje\u2026 was mach ich nur?\u201c murmelte sie leise. \u201eIch ruf lieber den Krankenwagen oder so\u201c f\u00fcgte sie nach kurzem Z\u00f6gern hinzu. Nachdem sie dies erledigt hatte machte auch sie sich auf den Weg nachhause. W\u00e4hrend Chibilina Kenji nicht erkannte und in Ruhe einschlief in ihrem Bett, machte sich der J\u00fcngling ein paar Gedanken. Irgendwo fand er das au\u00dferdem lustig, dass Kenji dem M\u00e4dchen immer und immer wieder \u00fcber den Weg lief. Egal was er machte. Er traf das M\u00e4dchen immer und immer wieder. \u201eWas sollst\u201c murmelte er leise und legte sich auf sein Bett. Kenji hatte wirklich eine sch\u00f6ne Wohnung gehabt und auch einen kleinen Garten wo er ab und zu trainieren konnte. Dies machte der 19 J\u00e4hrige auch, wenn dann aber lieber nachts. \u201eAb Morgen wird sowieso alles anders\u201c dabei grinste er und ballte die Hand zur Faust. \u201eDann kann ich endlich Normal sein..\u201c f\u00fcgte er M\u00fcde hinzu und schlief ebenso in seinem Bett ein.",
            "wordcount": "654",
            "chapter_release": "30.05.2013",
            "chapter_number": "7"
        },
        "8": {
            "text": "Chibilina wachte auf machte sich in Ruhe fertig, sie freute sich schon richtig, dass sie endlich zur Musikschule gehen konnte. \u201eHeute ist der Tag der Tage, ich komm in eine neue Klasse\u201c meinte die Blondhaarige zu sich selbst und macht sich auf den Weg, w\u00e4hrend der Schwarzhaarige gerade erst aufwachte und sich gem\u00fctlich fertig machte und es Endlich mal schaffte, Fr\u00fchst\u00fcck zu essen. \u201eDann wollen wir mal los\u201c meinte er daraufhin und legte seine Gitarre auf den R\u00fccken. Danach flog er auch schon los. Chibilina hatte sich derweil bei dem Direktor gemeldet und machte sich auf den Weg zur Klasse. \u201eWie gerne w\u00fcrde ich ganz Wechseln, die Klasse ist um einiges besser..\u201c seufzte sie. Auch Kenji war endlich angekommen und hatte sich auf einen Platz gesetzt, dabei sah er, wie die anderen Mitsch\u00fcler rein kamen. Nun Sprach der Lehrer, er war zwar freundlich gewesen, doch trotzdem war er Streng. \u201eAlso ihr lieben, wir haben zwei neue Mitsch\u00fcler, ich bitte euch, stellt euch mal vor\u201c l\u00e4chelte diese, dabei stellte Kenji die Gitarre weg. \u201eMan nennt mich Keisuke-Kenji, ich m\u00f6chte aber nur Kenji genannt werden\u2026\u201c dabei reibte sich der J\u00fcngling am Hinterkopf. \u00bbWas macht der denn hier? Ich dachte er w\u00fcrde nur Sport machen\u2026 So sehr kann man sich in Menschen irren\u2026\u00ab dachte die Blonde. \u201eMan nennt mich Chibilina, aber wenn ihr wollt k\u00f6nnt ihr mich auch Chii nennen\u2026\u201c kam es leise von ihr. \u201eOkay, wie es aussieht spielst du Gitarre\u201c meinte der Lehrer und deutet auf Kenji Gitarre, dieser nickte nur. \u201eIch spiel es nur Hobbym\u00e4\u00dfig\u2026 also nicht der Beste eigentlich\u2026\u201c \u201eUnd was spielst du?\u201c fragte der Lehrer und blickte zur blonden. \u201eIch \u00e4hm Klavier und Stimme\u201c meinte sie murmelte. Und somit fing der Unterricht auch schon an. Chibilina und auch Kenji beteiligten sich mehr denn je an den Unterricht. Man sah den beiden Regelrecht an, dass es ihnen Spa\u00df machte. \u201eOkay, wir haben in der dritten und Vierten Stunde Lehrerkonferenz, also habt ihr dann Freistunde\u201c \u00bb2 Stunden Frei gleich, ist doch mal was tolles\u00ab dachte Kenji, als die Stunde vorbei war, dabei sammelte er seine Sachen zusammen und ging in die Pause, dort blickte er sich um, wo er sich hinsetzen k\u00f6nnte. \u201eAh, da ist gut\u201c sofort setze er sich hin und spielte ein bisschen auf seiner Gitarre rum, bis die Pause vorbei war. Auch Chibilina war in ihrem Element gewesen, diese war im Musikzimmer und machte gerade ein paar aufw\u00e4rm \u00dcbungen, nochmal kurz geschaut ob niemand da war, fing auch sie an zu Spielen und zu Singen. Kenji h\u00f6rte nach kurzer Zeit auf und begab sich in eine Gasse und trainiert dort, dabei schlug er immer wieder gegen die Wand, wobei beide nicht bemerkten, dass das Fenster im Musikraum offen war. Erst als der Schwarzhaarige die Musik h\u00f6rte, blickte er nach Oben. \u201eNanu\u2026\u201c leise schwebte er hoch und h\u00f6rte der Musik zu, welche ihn beruhigte. Ohne irgendwie nachzudenken, holte er seine Gitarre hervor und spielte im Takt mit, allerdings so schnell wie er durch den Schatten der Sonne zu sehen war, so schnell verschwand der 19 J\u00e4hrige auch wieder. \u201eEin Schatten? Hat mich jemand gesehen?\u201c kam es Panisch von Chibilina, w\u00e4hrend Kenji die H\u00e4nde in den Taschen hat und auf der Bank sa\u00df. \u00bbWarum nur\u00ab dachte er, dabei blickte er in den Himmel und biss die Z\u00e4hne zusammen. \u00bbIch muss mich beruhigen, irgendwie\u2026\u00ab schoss es ihm durch den Kopf, dabei \u00f6ffnete er wieder die Augen und blickte kurz zu der Blonden. \u201eHmpf\u2026\u201c ohne weiter zu beachten machte er sich auf den Weg zur Sporthalle und machte dort ein Wenig Sport. Chibilina blickte dabei etwas traurig drein, da sie merkte, wie die Meisten zusammen hielten. Aber auch Kenji machte sich deswegen ein paar Gedanken. \u00bbein paar Freunde w\u00e4ren nicht schlecht, ehrlich\u2026aber\u2026grn\u2026\u00ab Kenji sch\u00fcttelte den Kopf und seufzte dabei nur, sofort fing er an, weiter zu trainieren. Auch Chibilina hatte sich derweil etwas abgelenkt und hatte sich auf die die Toilette geschlichen. \u201eZum Gl\u00fcck sah es niemand\u201c kam es erleichternd von ihr. \u201eAber was mach ich jetzt? Ich k\u00f6nnte kopf\u00fcber h\u00e4ngen\u2026 oder nein\u2026. Ach Mann\u2026\u201c seufzte sie. Und somit verging der Erste Tag ziemlich ruhig. Kenji war der letzte von den Jungs gewesen, aber auch Chibilina war die letzte gewesen.\u00bbIch wird sie noch finden, diese Schweine, das steht fest!\u00ab dachte Kenji und war nach der Schule noch in der Stadt Unterwegs gewesen.",
            "wordcount": "726",
            "chapter_release": "30.05.2013",
            "chapter_number": "8"
        },
        "9": {
            "text": "Kenji machte sich weiter auf den Weg und schien in der Stadt etwas zu suchen. Als er immer noch nichts fand sprang er auf ein Dach.\u201eVerdammt, wieso musste das nur passieren\u201c murmelte er leise, dabei ballte er eine Faust. Er blickte in den Himmel und murmelte dabei etwas leise vor sich her.\u201eIch werde euch schon finden, egal wo ihr seid\u201cEtwas vertr\u00e4umt blickte er noch immer in den Himmel, auf einmal merkte er, dass etwas runter kam.\u201eWas kommt denn da?\u201c murmelte er leise, doch ehe er reagieren konnte, fiel das etwas auch schon auf Kenji drauf.\u00bbWie zum Henker kam sie bitte auf das Dach?\u00ab dachte der Schwarzhaarige und hatte die Blond mittlerweile in den Armen.\u201eBl\u00f6des Hochhaus\u201c murmelte die kleinere und rieb sich den Kopf.\u201eTut mir leid, ich habe nicht aufgepasst, hast du dich verletzten? Ist auch wirklich alles in Ordnung? Ich bin doch sicher zu schwer f\u00fcr dich\u201c sprudelte es aus dem M\u00e4dchen raus, gleichzeitig blickte sie auf den \u0001 \u0002 Schwarzhaarige blickte dabei beleidigt zur Seite, er war k\u00fchl gewesen, wie man es von ihm eigentlich kannte. \u201eUnd wenn, ist doch egal\u2026\u201c dabei nahm er die H\u00e4nde in die Taschen und schaute \u0001 \u0002 Kurzes Schweigen war wahr zunehmen, bis die Blonde anfing zu reden.\u201eIch sollte gehen, da ich nicht st\u00f6ren will\u201c f\u00fcgte sie hinzu und drehte sich um, um zu gehen.\u201eEhm, und wie willst du da runter kommen? Ne Leiter gibt es hier nicht und mit Springen \u00fcberlebst du bestimmt nicht\u201c kam es k\u00fchl von dem Gr\u00fcn\u00e4ugigen, dabei blickte die Blondhaarige zu ihm.\u201eUnd wie bist du hier hoch gekommen?\u201c fragte diese dabei ungl\u00e4ubig.\u201eLass das mal meine Sorge sein\u201c dabei schloss er seine Augen.\u201eUnd meine auch\u201c kam es von der kleineren, dabei \u00fcberlegte sie ob sie irgendwo runterklettern konnte, nach einer Weile fand sie zwar etwas, allerdings war die Leiter kaputt. \u00bbWenigstens etwas\u00ab dachte sie und versuchte die Leiter runter zu \u0001 \u0002 seufzte Kenji auf und flog zu ihr runter.\u201eWillst du nicht doch lieber einen Sicheren Weg nehmen?\u201c dabei versuchte er nicht grinsen, da Chibilina aus Charme rot wurde.\u201eW-wenn du so lieb w\u00e4rst\u2026\u201c murmelte sie \u0001 \u0002 weiter etwas zu sagen nahm er sie und landete sicher in einer Gasse, dabei drehte er sich um und ging.\u201eW-warte, ich w\u00fcrde mich gerne bedanken\u201c dabei l\u00e4chelte sie sanft.\u201eDanke sehr nochmal, auch wenn du so k\u00fchl und verschlossen bist auf einmal, du bist doch ganz Nett\u201c dabei drehte sich Chibilina um.\u201eGute Nacht w\u00fcnsch ich dir dann\u201cKenji aber ging einfach weiter als w\u00e4re nie etwas \u0001 \u0002 blickte ihm nochmal kurz hinterher, danach wurde ihr Gesichtsausdruck wieder \u0001 \u0002 ein bisschen Konzentration wurde die Blonde zu einer Fledermaus und flog \u0001 \u0002 auch Kenji machte sich auf den Weg nachhause, als er Zuhause ankam, zog er sein Shirt aus und lag auf dem Bett.\u201eIch bin so fertig, so fix und fertig\u201c murmelte er mit sich selber, dabei blickte er an die Decke. \u201eWarum nur, ich konnte sie nicht sch\u00fctzen, Ich bin so Schwach\u2026\u201c murmelte er leise und schloss die \u0001 \u0002 flog die kleine Fledermaus auf ihren Balkon und verwandelte sich zur\u00fcck.\u201eDa war doch was\u2026. Oder ich hab mich einfach nur geirrt, ist ja auch egal jetzt\u201c nun machte sie die Balkont\u00fcre auf und ging in das Musikzimmer, nachdem sie kurz etwas gespielt hatte ging auch die Blonde ins \u0001 \u0002 N\u00e4chsten Tag wachte Kenji auf und streckte \u0001 \u0002 war er etwas \u00fcberrascht gewesen.\u201eHuch, bin ja schon wieder Nackt\u2026 ich glaube das wird echt zur Gewohnheit\u201c\u00bbzum Gl\u00fcck hab ich keine Freundin\u00ab dachte er \u0001 \u0002 Chibilina wacht auf und streckte sich.\u201eIch bin immer noch so M\u00fcde\u2026.\u201c G\u00e4hnte sie kurz \u0001 \u0002 auch Kenji hatte was zu meckern gehabt, als er sich angezogen hatte.\u201eHeute ist ein Freier Schultag\u201c kam es von der Blonden. \u201eIch denke ich geh am Strand spazieren oder doch lieber in die Stadt? Wobei, da sind zu viele Menschen\u2026 na mal schauen\u201c kam es unentschlossen von der kleinen und hatte sich fertig \u0001 \u0002 Kenji verlies seine Wohnung und ging umher, ohne auch nur zu ahnen, was auf ihm zu kommen w\u00fcrde.",
            "wordcount": "700",
            "chapter_release": "30.05.2013",
            "chapter_number": "9"
        }
    },
    "title": "Ai e no pasu",
    "topic": "unspecified",
    "release": "\n30.05.2013\n\t\t\t\t\t\t",
    "author": "Michiri"
}