{
    "tags": [],
    "chapcount": "8",
    "wordcount": "13.246",
    "chapters": {
        "1": {
            "text": "HeyUrspr\u00fcnglich war die Geschichte eine Deutschstrafarbeit, mit dem Titel: 'Wenn ich eine Eule w\u00e4re'Naja, wie ihr vlt gleich merken werdet, habe ich das Thema etwas verfehltund sie ist ein bisschen l\u00e4nger geworden, als meine Deutschlehrerin wollte *hust*Weshalb es wahrscheinlich 6-7 Kapitel geben wird. :DAber nachdem ich erst Mal die Idee hatte, hat sie mich nicht mehr losgelassen(und da ich bei Avox sowieso ein bissle blockiert bin, kam mir das gerade Recht^^)Naja, ich hoffe es gef\u00e4llt euchGLGAuf der SucheEveryone has to find his way, but the road is difficult, and not everyone comes to his \u0001 \u0002 1 ~ Der BeginnIch gleite durch den schwarzen Nachthimmel. Meine Fl\u00fcgel sind ausgestreckt und ich sp\u00fcre, wie der schwache, aber k\u00fchle Wind meine Federn liebkost. Unter mir liegen die weiten Wiesen und Felder, die ich besser kenne als mein goldbraunes mit wei\u00dfen Tupfen versehenes Gefieder. Hier bin ich aufgewachsen, das ist meine Heimat. Ich liebe die unendliche Weite und die Ger\u00e4usche, die sie mit sich bringt, wie das Rascheln der Gersten- und Roggenfelder, sobald eine kleine Briese weht, das Zirpen der Grillen, die sich zwischen den langen, gr\u00fcnen Halmen verstecken, das Quiken der Feldm\u00e4use, die jetzt, im neunten Schwarzmond, \u00fcberall herumlaufen. 'Die M\u00e4use!', f\u00e4llt es mir auf einmal wieder ein. Meine Mutter Elenya hat mich heute Nacht nicht ohne Grund herausgeschickt. Sie meinte, ich solle jagen gehen, damit sie unser Territorium abfliegen kann, um Ausschau nach m\u00f6glichen Eindringlingen zu halten. Es erf\u00fcllt mich stolz, dass meine Mutter mir den Auftrag gegeben hat, f\u00fcr so etwas wichtiges wie Nahrung zu sorgen, auch wenn ich nat\u00fcrlich schon jagen kann. Doch bis jetzt habe ich immer nur in Begleitung Elenyas \u0001 \u0002 lausche in die Schw\u00e4rze und meine scharfen, kleinen, schwarzen Augen suchen das Feld unter mir ab. Nur langsam hebe und senke ich die Fl\u00fcgel, um an H\u00f6he zu verlieren. Schon bald fliege ich nur noch einige Federl\u00e4ngen \u00fcber dem Boden. Pl\u00f6tzlich nehme ich ein quikendes Ger\u00e4usch war, kurz darauf tappernde Pfotenschritte, die nur von einer Maus stammen k\u00f6nnen. Ich stelle meine Augen scharf und entdecke einige Eulenl\u00e4ngen entfernt ein kleines, braunes Gesch\u00f6pf. Ich versuche mir alles in Erinnerung zu rufen, was mir meine Mutter \u00fcber das Fangen von M\u00e4usen beigebracht hat: 'M\u00e4use sp\u00fcren dich, bevor sie dich h\u00f6ren. Du musst schnell sein, Isilya, und ger\u00e4uschlos wie die Nacht.' Ich h\u00f6re also auf mit den Fl\u00fcgeln zu schlagen und gleite n\u00e4her an die Maus heran. Als meine hornfarbenen Krallen schon fast ihr Fell streifen, bemerkt sie mich, doch es ist zu sp\u00e4t. Noch ehe sie panisch quiken kann, trage ich sie tot in meinen \u0001 \u0002 Beute, die mache, bringe ich in die, aus mittlerweile morschem Holz gebaute, Scheune, die einsam und verlassen mitten in den Feldern steht. Meine Mutter hat mir einmal erz\u00e4hlt, dass die Federlosen sie fr\u00fcher dazu benutzt haben, das Getreide dort zu sammeln. Doch das ist lange her, noch bevor ich geboren wurde, und seit unz\u00e4hligen Schwarzmonden hat sich in der Scheune kein Federloser mehr blicken lassen. Meiner Mutter und mir hingegen dient sie als Schlafplatz. Ich lege die Beute auf eine der Dachbalken, um sie sp\u00e4ter mit meiner Mutter verzehren zu k\u00f6nnen, wenn sie von ihrer Patrouille zur\u00fcck \u0001 \u0002 mehr Zeit vergeht, umso m\u00fcder werde ich. Jede meiner Federn sp\u00fcrt, dass die Morgend\u00e4mmerung n\u00e4her r\u00fcckt. Ich reibe mir mit meinen Fl\u00fcgeln einmal \u00fcber mein wei\u00dfes herzf\u00f6rmiges Gesicht, um die M\u00fcdigkeit zu vertreiben. 'Irgendetwas stimmt nicht', denke ich. 'Mutter ist sonst nie so lange fort.' Ich sch\u00fcttele meine Fl\u00fcgel und sto\u00dfe mich kr\u00e4ftig von dem Holzbalken ab, auf dem ich bis eben noch gestanden habe. Wie von selbst bewege ich mich auf die kleine undichte Stelle in dem Dach zu. Ich lege die Fl\u00fcgel eng an den K\u00f6rper und schie\u00dfe durch das Loch. K\u00fchle Nachtluft und das Funkeln der Sterne empf\u00e4ngt mich. Ich steige hinauf in die Luft, halte dann jedoch mittem im Flug inne, sodass ich fast herunter gest\u00fcrzt w\u00e4re, weil mir pl\u00f6tzlich einf\u00e4llt, dass ich keine Ahnung habe, wo sich meine Mutter jetzt befinden k\u00f6nnte. Z\u00f6gernd schraube ich mich h\u00f6her in die Luft und drehe Kreise \u00fcber den Feldern. Dann entschlie\u00dfe ich mich, immer einer Richtung zu folgen. Eine Weile habe ich kein Gl\u00fcck auf meiner Suche und ich frage mich schon, ob ich nicht vielleicht umkehren sollte, als ich einen gellenden Ruf \u0001 \u0002, kein Ruf. Eher ein Schrei. Sofort mache ich die Richtung aus, aus der die bekannte Stimme kam. Ich kneife die Augen zusammen und erkenne voller Schreck zwei k\u00e4mpfende Gestalten. Die eine ist riesig und wei\u00df mit schwarzen Streifen, die andere hat ein graubraunes Gefieder und kommt mir nur zu gut bekannt vor. Ich sto\u00dfe einen angstvollen Schrei aus, der die Aufmerksamkeit auf mich lenkt. Das gro\u00dfe Tier, das seine Pranke in den linken Fl\u00fcgel meiner Mutter gegraben hat, damit sie nicht wegfliegen kann, schaut hoch. Normalerweise sind wir Schleiereulen gut darin, der Gefahr aus dem Weg zu gehen. Doch wie k\u00f6nnte ich jetzt abwenden und meine Mutter ausgeliefert zur\u00fcck lassen? Vorallem da ich das Ungeheuer kenne. Meine Mutter hat mir, als ich noch j\u00fcnger war, immer Gruselgeschichten \u00fcber Dachse erz\u00e4hlt, damit ich die Scheune nicht ohne Erlaubnis verlasse und wenn ich hinterher nicht einschlafen konnte, dann hat sie mich damit beruhigt, dass Dachse im Wald leben und sich nur selten in die angrenzenden Felder verirren. Ich lege meine Fl\u00fcgel dicht an den K\u00f6rper und schraube mich gekonnt nach unten, geradewegs auf den Dachs zu. Meine Krallen graben sich in das dicke Fell und in die Haut darunter und das Monster jault schmerzerf\u00fcllt auf. Meine Mutter nutzt die Gelegenheit und befreit ihren seltsam verdrehten Fl\u00fcgel aus der Pranke. \u201eKannst du fliegen?\u201c, rufe ich meiner Mutter zu, w\u00e4hrend ich wieder in die Luft schnelle, um dem Angriff der Bestie auszuweichen. \u201eNein\u201c, antwortet sie keuchend. \u201eFlieg, Isilya, flieg zur Scheune. Ich komme schon klar!\u201c Doch wir wissen beide, dass das eine L\u00fcge ist. Ich betrachte den Fl\u00fcgel meiner Mutter genauer, er steht in einem grotesken Winkel ab und das rostbraun wird von rotem Blut \u00fcberdeckt. Erneut sto\u00dfe ich zu dem Dachs herab und grabe meine Krallen in seine Flanke, doch diesmal kann ich nicht schnell genug ausweichen und der Dachs schleudert mich zu \u0001 \u0002 einen Augenblick wird alle Luft aus meinem K\u00f6rper gepresst und ich kann mich nicht r\u00fchren. Doch anstatt mir den Rest zu geben, wendet sich der Dachs wieder meiner Mutter zu, die sich versucht mit allen Mitteln zu verteidigen. Doch ihre Krallen sind vom Boden aus so gut wie nutzlos. Ihr Schnabel hackt auf das Gesicht des Dachses ein, doch das macht die Bestie nur noch w\u00fctender. Ehe ich es verhindern kann, zieht der Dachs seine Krallen \u00fcber die Brust meiner Mutter. \u201eNein!\u201c, kreische ich. Mein Herz schl\u00e4gt so heftig gegen meiner Rippen, dass ich Angst habe, dass es heraus springt. Blut sickert aus der tiefen Wunde und meine Mutter kann sich nicht mehr auf den langen Beinen halten. Durch meine Wut vergesse ich meine Angst. 'Wo sind seine Schwachstellen?', frage ich mich, w\u00e4hrend ich mich immer wieder auf den Dachs herunter st\u00fcrze. 'Seine Augen', kommt mir in den Sinn und damit auch eine Idee. Sie ist riskant, aber meine einzige Chance. Ich bin schnell und wendig, ich wei\u00df, dass ich es schaffen kann. Schnell st\u00fcrze ich herab und weiche den Klauen des Dachses aus, die vergeblich versuchen mich zu packen. Noch ehe das Ungeheuer einen weiteren Angriff auf mich starten kann, hacke ich mit meinem krummen, blassgelben Schnabel auf sein Auge ein, w\u00e4hrend meine Krallen sich in sein Gesicht graben. Blut quillt aus den Wunden und versperrt dem Dachs die Sicht. Er schl\u00e4gt mit seinem gro\u00dfen schweren Pranken um sich, doch er bekommt nichts zu fassen. W\u00fctend br\u00fcllt er und einen Augenblick glaube ich, dass ich mich vertan habe und dass es die Bestie nur noch mehr angestachelt, doch dann macht der Dachs pl\u00f6tzlich kehrt und rennt, so schnell seine Beine ihn tragen k\u00f6nnen, \u0001 \u0002 Moment lang vergesse ich alles und ich erlaube mir, einmal tief durchzuatmen. Doch dann f\u00e4llt mir meine Mutter ein, die immer noch, ohne sich zu r\u00fchren, am Boden liegt. \u201eMutter!\u201c, rufe ich, doch meine Stimme bricht, w\u00e4hrend ich ger\u00e4uschlos zu Boden gleite und neben ihr lande. \u201eWir \u2026 du \u2026 du wirst wieder gesund. Ich \u2026 ich trage dich zur\u00fcck und dann wirst du wieder ganz gesund.\u201c Ich will so fest, dass diese Worte wahr werden, doch meine Mutter best\u00e4tigt nur, was ich l\u00e4ngst wei\u00df: \u201eMein liebes Kind, du hast genug f\u00fcr mich getan. Mir ist nicht mehr zu helfen. Ich werde nun meinen Platz in den Reihen des Aquilas, des Adlers, finden, der auf dich nieder sieht, wie auf alle Eulen dieser Welt. Jetzt ist es f\u00fcr mich, Elenya, an der Zeit, in die ewigen Jagdgr\u00fcnde einzugehen.\u201c Ich betrachte ihre klaffende Wunde \u00fcber der grauen Brust. Der Dachs hat sein Ziel nicht verfehlt und ist tief in die Haut eingedrungen. Keine Eule, nicht einmal die st\u00e4rkste Eule \u00fcberhaupt, kann eine solche Wunde \u00fcberleben. Aber dennoch weigere ich mich, meine Mutter aufzugeben. Ich schlinge meine Fl\u00fcgel um ihren K\u00f6rper und kr\u00e4chze: \u201eGeh nicht! Was soll ich denn ohne dich tun?\u201c Meine Mutter hat ihre Augen geschlossen, nur noch m\u00fchsam hebt und senkt sich ihre Brust. \u201eGeh und such deinen Vater. Halte Nacht f\u00fcr Nacht nach dem Altair Ausschau, ich werde dich leiten. Doch komme niemals vom Weg ab, mag er auch noch so schwierig sein, er wird dich an dein Ziel f\u00fchren.\u201c Ein letztes Mal \u00f6ffnet meine Mutter ihre Augen und ich blicke direkt in ihr dunkles Braun. \u201eIch liebe dich, Isilya.\u201c Dann kippt ihr Kopf zur Seite weg und ich wei\u00df, ich bin \u0001 \u0002 ich aufwache, wei\u00df ich erst nicht, wo ich bin, doch dann f\u00e4llt es mir wieder ein. Mir f\u00e4llt wieder ein, dass ich alleine bin, dass ich keinen mehr habe, der mir etwas bedeutet. Denn die Einzige, die je da war f\u00fcr mich, die mich alles, von dem \u00dcberleben da drau\u00dfen, \u00fcber das Verhalten der anderen Tiere, bis hin zu den Bedeutungen und Bildern der Sterne, gelehrt hat, ist tot. Und das nur, weil ich es nicht verhindern konnte. 'Nein', unwillig sch\u00fcttele ich den Kopf. So darf ich nicht denken. Ich darf mir nicht die Schuld an dem, was passiert ist, geben. Alles was ich konnte, habe ich getan und das wei\u00df Mutter \u0001 \u0002 putze ich mir das zerfledderte Gefieder. Als ich mich letzte Nacht in die Scheune geschleppt habe, nachdem ich meine Mutter vergraben hatte, war Gefiederpflege wohl das Letzte, an das ich gedacht habe. Auch jetzt erledige ich sie nur halbherzig, w\u00e4hrend ich mir Gedanken dar\u00fcber mache, wie es weiter gehen soll, jetzt da meine Mutter fort ist. Ich k\u00f6nnte hier bleiben, in der Hoffnung, dass ich die K\u00e4lte, die der elfte Schwarzmond mit sich bringt, \u00fcberlebe. Aber die Chancen sind gering, ich bin noch jung, niemals k\u00f6nnte ich alleine der gro\u00dfen K\u00e4lte standhalten. Die Zeit, in der die Beute rarer ist denn je, in der eine m\u00f6rderische wei\u00dfe Schicht alles bedeckt und unter sich begr\u00e4bt. Aber wenn ich mich tats\u00e4chlich auf die Suche nach meinem Vater machen w\u00fcrde, w\u00e4re das nicht noch gef\u00e4hrlicher? Ich m\u00fcsste meine vertraute Heimat verlassen, w\u00fcrde sie vielleicht nie wieder sehen. Und wer wei\u00df, welchen Gefahren ich auf dem Weg alles begegnen w\u00fcrde. Au\u00dferdem l\u00e4sst eine weitere Frage mich nicht los. Woher will meine Mutter wissen, dass mein Vater noch lebt?Ich wei\u00df nicht viel \u00fcber ihn. Nur, dass er keine Schleiereule ist, wie meine Mutter. Er ist ein Habichtskauz, weshalb ich auch die, f\u00fcr eine Schleiereule untypischen, grauen Streifen auf meiner wei\u00dfen Brust habe, und tr\u00e4gt den Namen Curon. Meine Mutter und er lernten sich kennen, als er ihr das Leben rettete. Eine Weile lebten sie, laut den Erz\u00e4hlungen meiner Mutter, gl\u00fccklich, ehe Curon von Federlosen gefangen wurde. Das war gerade zu dem Zeitpunkt, als meine Mutter am Br\u00fcten war. Sie hat ihn nie wieder gesehen. Woher also soll sie wissen, dass er noch lebt? Aber am Ende will ich mich doch auf die Suche nach ihm machen. Weil es der letzte Wunsch meiner Mutter war und ich Aquila, dem Adler, der immer nachts am Himmelzelt jagt und zu dem sich alle Eulen einst gesellen, vertraue. Und weil ich meiner Mutter vertraue, die durch den Altair, den hellsten Stern des Aquilas, \u00fcber mich wacht und mich leitet.",
            "wordcount": "2.072",
            "chapter_release": "09.02.2013",
            "chapter_number": "1"
        },
        "2": {
            "text": "HeyHier ist das 2. Kapitel :DDanke f\u00fcr die lieben Reviewsund ich hoffe es gef\u00e4llt euch :DGLG <3Kapitel 2 ~ Die Reise Nachdem ich von der Beute gegessen habe, die ich letzte Nacht gefangen habe, lasse ich mein zu Hause, die Scheune hinter mir. Mit einem Blick nach Norden erkenne ich sofort den Altair und wei\u00df, dass ich eine anstrengende Nacht vor mir habe, da ich in Richtung Wald fliegen muss. Ich bin schon h\u00e4ufig mit meiner Mutter an der Grenze zwischen Wald und Feld gewesen, daher wei\u00df ich, dass man auf dieser Strecke schwer rasten kann. Also muss ich vor Tagesanbruch die B\u00e4ume erreicht haben, um mich ausruhen zu k\u00f6nnen. Aber ich denke, wenn ich mich beeile und die ganze Nacht durch fliege, dann kann ich es schaffen, bevor die ersten Strahlen der Sonne die Erde \u0001 \u0002 gleiten meine Fl\u00fcgel durch die Nacht und w\u00e4hrend der Mond aufgeht, \u00fcber den Horizont wandert und schlie\u00dflich wieder verschwindet, habe ich nur einen Blickpunkt, auf den ich mich konzentriere: Den Altair. Und auch meine Fl\u00fcgel haben nur eine Funktion. Auf und nieder. Auf und nieder. Immer und immer wieder. Ich lehne mich nicht wie sonst aus Spa\u00df auf die Seite, \u00e4ndere meine Richtung und schraube mich durch die Luft. Heute Nacht fliege ich stur gerade aus. Aber es lohnt sich, denn bevor die Sonne die Erde k\u00fcsst, sehe ich die ersten B\u00e4ume. Gro\u00df und m\u00e4chtig ragen sie in die schwarze Nacht und pr\u00e4sentieren ihre ausladenden \u00c4ste. Einen Augenblick lang z\u00f6gere ich, einfach in den Wald zu fliegen. Hier enden die Felder und ich f\u00fcrchte mich ein wenig davor, das letzte St\u00fcck Heimat hinter mir zu lassen. Doch letzten Endes habe ich doch keine Wahl und fliege in den Wald hinein, wo ich mich kurz darauf auf einen gesch\u00fctzten Ast niederlasse, mich an den rauen Stamm lehne und fast augenblicklich in einen tiefen Schlaf \u0001 \u0002 Sonne ist noch nicht ganz unter gegangen, als ich durch irgendein Ger\u00e4usch aufwache. Aber es st\u00f6rt mich nicht, dass ich so fr\u00fch wach bin, im Gegenteil, das kommt mir sehr gelegen. So habe ich noch ein wenig Zeit, um zu jagen, ehe ich aufbreche. Es ist merkw\u00fcrdig die Augen aufzuschlagen und von riesigen B\u00e4umen umgeben zu sein. Ich blinzele ein paar Mal, um mich an das Licht zu gew\u00f6hnen. Doch obwohl die Sonne noch am Himmel steht, ist es nicht richtig hell, da die dichten Kronen das Licht abschirmen. Ich sto\u00dfe mich von dem breiten Ast ab, auf dem ich den Tag verbracht habe, und breite die Fl\u00fcgel aus. Bevor ich beginne zu jagen, will ich noch ein bisschen tiefer in den Wald. Dort ist die Wahrscheinlichkeit gr\u00f6\u00dfer, dass ich auf Beute treffe. Fast w\u00e4hrend der ganzen Strecke habe ich das Gef\u00fchl, verfolgt zu werden. Doch jedes Mal, wenn ich mich umdrehe, sehe ich nichts als B\u00e4ume, \u00c4ste und Bl\u00e4tter. 'Das liegt nur an der ungewohnten Umgebung', versuche ich mich zu beruhigen, aber trotzdem kann ich nicht verhindern, dass mein K\u00f6rper angespannt \u0001 \u0002 einer Stelle, die mir gut zum Jagen vorkommt, mache ich Halt. Ich drehe ger\u00e4uschlos meine Kreise, was sich jedoch als schwierig herausstellt, da mir st\u00e4ndig ein Baum oder ein Ast im Weg ist. W\u00fcrde ich nicht so schnell reagieren und ausweichen, w\u00e4re ich schon des \u00f6fteren gegen etwas gesto\u00dfen. Doch so erschwert es mir nur die Jagd. Pl\u00f6tzlich h\u00f6re ich es rascheln und sehe zwischen einem Haufen Bl\u00e4tter eine kleine spitze Nase. Eine Maus. Ganz so, wie meine Mutter es mir beigebracht hat, sinke ich tiefer hinunter. Meine Krallen sind schon nach dem Tier ausgestreckt, doch ein niedrig gelegener Ast ist meinem langen Fl\u00fcgel im Weg. Das Ger\u00e4usch beim Aufprall ist nicht laut, aber die Maus hat mich geh\u00f6rt. Verschreckt rennt sie los. Ich fauche ver\u00e4rgert und fliege ihr im Tiefflug so schnell ich kann hinterher, ohne noch Wert auf Ger\u00e4uschlosigkeit zu legen. Doch die Maus ist schnell und rennt Haken schlagend um die B\u00e4ume herum. Es f\u00e4llt mir schwer, ihr zu folgen und das eine Mal, wo ich sehr nahe an sie heran komme, verf\u00e4ngt sich mein Fl\u00fcgel in einigen Dornenranken. W\u00fctend befreie ich meinen leicht blutenden Fl\u00fcgel. Die Maus ist l\u00e4ngst in ihrem Loch verschwunden.\u201eSo wird das nie was\u201c, sagt eine unbekannte Stimme. Ich wirbele blitzschnell, auf dem Ast, auf den ich mich eben niedergelassen habe, herum und starre eine Eule an, die ich noch nie zuvor gesehen habe. Der Fremde hat einen langen keilf\u00f6rmigen Schwanz und einen kleinen abgeflachten Kopf. Sein Schnabel ist von einem satten gelb und seine Iris ist bernsteinfarben. Sein Gefieder ist von einem tiefen Schwarz mit goldbraunen Flecken, die Brustfedern sind grau gestreift. \u201eMit dieser Jagdtechnik kommst du hier nicht weit.\u201c \u201eAber du kannst es nat\u00fcrlich besser\u201c, zische ich sarkastisch und breite meine Fl\u00fcgel aus, als Zeichen der Gr\u00f6\u00dfe und St\u00e4rke. Doch der Fremde l\u00e4sst sich davon nicht beeindrucken. \u201eSelbstverst\u00e4ndlich\u201c, meint er nur. W\u00fctend entf\u00e4hrt mir ein kleiner Schrei. \u201eWer bist du \u00fcberhaupt und was geht dich das eigentlich an?\u201c Ich wei\u00df selber nicht, warum ich so w\u00fctend auf den Fremden bin, ich kenne ihn nicht und trotzdem kann ich ihn nicht leiden. \u201eMein Name ist Aves und ich bin eine Sperbereule.\u201c \u201eIsilya, halb Habichtskauz, halb Schleiereule\u201c, lasse ich ihn, wenn auch widerwillig, wissen. \u201eUnd darf ich dir jetzt zeigen, wie man vern\u00fcnftig jagt?\u201c \u201eIch wei\u00df, wie man vern\u00fcnftig jagt.\u201c Ich \u00e4ffe seinen Tonfall nach. \u201eNur eben auf den Feldern.\u201c Doch dann f\u00fcge ich widerstrebend und ein wenig kleinlaut ein \u201eJa\u201c hinzu. Ich muss daran denken, dass ich hier im Wald \u00fcberleben muss und Aves hatte Recht, als er sagte, dass ich mit meiner Jagdtechnik hier nicht weit k\u00e4me. Selbstzufrieden nickt Aves und meint: \u201eDann komm.\u201c Ich blicke ihn skeptisch an. \u201eWarum?\u201c Die Sperbereule verdreht genervt die Augen, als ob das auf der Kralle l\u00e4ge und als ob er der viel \u00c4ltere w\u00e4re. Dabei w\u00fcrde ich sagen, dass er nicht \u00e4lter sein kann als ich. \u201eMit deinem Geschrei und deinem L\u00e4rm hast du s\u00e4mtliche Beute im Umkreis von 100 Eulen verjagt. Hier werden wir wohl kaum etwas finden.\u201c \u201eOh\u201c, sage ich, mich ein wenig sch\u00e4mend. \u201eAu\u00dferdem wei\u00df ich nicht, ob die anderen Waldtiere Schleiereulen m\u00f6gen. Und da ich dir von deinem Schlafplatz aus m\u00fchelos bis hier hin gefolgt bin...\u201c Aves l\u00e4sst seinen Satz unvollendet in der Luft verklingen. Ich aber kneife die Augen zusammen. \u201eDu bist mir gefolgt?\u201c \u201eOh ja, ich war die ganze Zeit direkt hinter dir.\u201c Ich denke an das Gef\u00fchl, beobachtet zu werden, zur\u00fcck. \u201eAber ich habe mich doch ein paar Mal nach hinten umgedreht\u201c, sage ich misstrauisch. Aves schnaubt. \u201eWir Sperbereulen sind gut darin, V\u00f6gel zu verfolgen, indem wir uns ihrem Flugverhalten anpassen.\u201c \u201eUnd warum bist du mir gefolgt?\u201c, frage ich ihn immer noch argw\u00f6hnisch. Aves, der neben mir auf dem Ast gelandet war, spreizt einmal kurz die Fl\u00fcgel und legt sie wieder an. \u201eIch wollte meine F\u00e4higkeiten testen und ich war neugierig\u201c, gibt er zu. Gerade will ich zu einer Erwiderung ansetzten, als Aves sich in die Luft begibt und mir zu ruft: \u201eJetzt komm endlich!\u201cNachdem wir schweigend tiefer in den Wald geflogen sind, macht Aves auf einem Ast halt, der etwa zwei bis drei Eulenl\u00e4ngen \u00fcber dem, mit Laub bedeckten, Boden h\u00e4ngt. Ich lande neben ihm. Als ich eine pralle W\u00fchlmaus durch das Unterholz flitzen sehe, will ich mich sofort in die Luft begeben, doch Aves legt mir seinen schwarzen Fl\u00fcgel auf die Brust und zischt: \u201eVerhalte dich ruhig! Ich jage jetzt, schon vergessen?\u201c Widerwillig folge ich seinen Anweisungen und unterdr\u00fccke den Drang mich auf die Beute zu st\u00fcrzen. Stattdessen blicke ich Aves an und versuche jede seiner Bewegungen zu analysieren \u2013 wer wei\u00df, wann sie mir noch einmal n\u00fctzlich sein werden. Aves Blick haftet konzentriert auf der Maus. Doch anstatt sich in die Luft zu schwingen, wartet die Sperbereule geduldig. Allm\u00e4hlich glaube ich schon, dass Aves, ehe er die Maus f\u00e4ngt, in Aquilas ewige Jagdgr\u00fcnde eingeht, als sich die Maus fast direkt unter den Ast begibt. Aves legt seine Fl\u00fcgel enger an den K\u00f6rper und beugt sich schr\u00e4g vor. Dann l\u00e4sst er sich pl\u00f6tzlich senkrecht fallen und ich habe schon Angst, dass er sich nicht mehr abfangen kann und auf dem harten Waldboden aufschl\u00e4gt, doch im letzten Moment breitet Aves seine Schwingen aus, krallt sich die Maus, ehe sie auch nur reagieren kann, und sitzt im n\u00e4chsten Augenblick schon wieder neben mir auf dem Ast. Mit einem selbstgef\u00e4lligen Blick h\u00e4lt er die Kralle hoch und pr\u00e4sentiert mir seinen Fang. \u201eSo jagt man richtig.\u201c Ich schnaube, auch wenn ich ein wenig beeindruckt von seinem Jagdgeschick bin, was ich ihm gegen\u00fcber nat\u00fcrlich nie zugeben \u0001 \u0002 fliegen h\u00f6her in die Baumkrone, wo Aves die Maus vor mir ablegt und in einem fast nettem Ton meint: \u201eIss. Ich habe vorhin schon gegessen.\u201c \u201eIch bin sehr wohl in der Lage mir meine Beute selbst zu fangen!\u201c, rufe ich emp\u00f6rt. Doch Aves verdreht nur die Augen und meint: \u201eJetzt sei nicht so stolz und iss schon.\u201c Widerwillig senke ich den Kopf und rei\u00dfe mit meinem scharfen, krummen Schnabel kleine St\u00fcckchen aus der Beute. Ich kann Aves zwar nicht ausstehen, aber es ist irgendwie nett von ihm, mir seine Beute anzubieten. W\u00e4hrend ich esse, verschwindet Aves kurz irgendwohin. Als er wiederkommt, tr\u00e4gt er einige merkw\u00fcrdig geformte Bl\u00e4tter und lange borstige St\u00e4ngel im Schnabel. Fragend lege ich den Kopf schief, als Aves mit den gro\u00dfen Bl\u00e4ttert auf mich zukommt.\u201eGib mir deinen verletzten Fl\u00fcgel.\u201c Ich gehorche neugierig und strecke meinen Fl\u00fcgel aus, w\u00e4hrend Aves einige Bl\u00e4tter zerkaut. Dann beugt er sich \u00fcber meinem Fl\u00fcgel und l\u00e4sst den Saft der Bl\u00e4tter auf die Stellen tropfen, wo die Dornen mir bei der Jagd den Fl\u00fcgel aufgerissen haben. Als der Saft in die Wunden eindringt, zucke ich zur\u00fcck, weil es h\u00f6llisch brennt. \u201eHalt still, so schlimm ist es jetzt auch wieder nicht.\u201c Ich werfe Aves einen ver\u00e4rgerten Blick zu. Nachdem er den ganzen Saft verbraucht hat, beginnt er die l\u00e4ngliche Pflanze zu kauen. Ich erwarte, dass er den Saft dieser Pflanze auch auf den Fl\u00fcgel tr\u00e4ufelt, doch stattdessen spuckt er sie wieder aus. Aves taucht seine Fl\u00fcgelspitze in den Brei und streicht ihn auf meine Wunden. Diese Pflanze brennt \u00fcberhaupt nicht, im Gegenteil. Sie ist kalt und f\u00fchlt sich \u2026 gut an. Nachdem Aves seine Arbeit beendet hat, frage ich ihn: \u201eWas war das?\u201c \u201eDas erste waren die Bl\u00e4tter von Ampfer, zum s\u00e4ubern der Wunde und das andere war Schachtelhalm. Man tr\u00e4gt sie als Breipackung auf, um Infektionen zu bek\u00e4mpfen oder vorzubeugen.\u201c Interessiert nicke ich. Es ist nie verkehrt etwas neues zu lernen, wie meine Mutter mich lehrte. Eine Weile schweigen wir beide, bis Aves mich fragt: \u201eWas macht eigentlich ein K\u00fcken wie du alleine im Wald, fernab von seiner Heimat?\u201c Da ist er wieder, der arrogante Ton. Ich war naiv genug, um zu glauben, dass Aves vielleicht gar nicht so schlimm ist. \u201eDu bist doch selber nicht mehr als ein K\u00fcken, also k\u00f6nnte ich dich dasselbe fragen\u201c, gebe ich zur\u00fcck. \u201eIch erz\u00e4hle dir meine Geschichte, wenn du mir die Deine erz\u00e4hlst\u201c, bietet Aves an. Ich seufze. 'Warum nicht', frage ich mich und berichte Aves, wie ich mit dem Dachs gek\u00e4mpft habe, wie meine Mutter mir letzte Anweisungen gegeben hat und wie sie anschlie\u00dfend in meinem Fl\u00fcgeln gestorben ist. \u201eJetzt wei\u00dft du, warum ich hier bin. Und du?\u201c \u201eMeine Eltern haben mich aus ihrem Territorium getrieben\u201c, sagt Aves kurz angebunden. Ich blicke ihn geschockt an. \u201eSie haben was?\u201c Meine Mutter h\u00e4tte so etwas nie getan. Das kann ich mir nicht einmal vorstellen \u201eSie sagten, ich sei jetzt alt genug, alleine zu \u00fcberleben. Das ist zwei N\u00e4chte her.\u201c Ich wei\u00df nicht, was ich sagen soll, also schweige ich, bis ich leise kr\u00e4chzend herausbekomme: \u201eDas tut mir leid.\u201c",
            "wordcount": "1.950",
            "chapter_release": "09.02.2013",
            "chapter_number": "2"
        },
        "3": {
            "text": "Kapitel 3 ~ Der Gef\u00e4hrteDie Sonne ist mittlerweile l\u00e4ngst untergegangen und der Altair thront am Himmel. \u201eIch muss los.\u201c Meine Stimme unterbricht das Schweigen, das uns umh\u00fcllt wie die Nacht. \u201eDesto schneller ich Curon finde, desto besser.\u201c Ich nenne meinen Vater bei seinem Namen, weil ich ihn nie kennengelernt habe und ihn daher nicht wirklich als Vater bezeichnen kann. Vielleicht \u00e4ndert sich das eines Nachts, doch bis dahin muss ich ihn erst einmal finden. \u201eIch begleite dich\u201c, entschlie\u00dft sich Aves. Er fragt mich nicht, ob er mitkommen darf. F\u00fcr ihn ist es ein Beschluss, aber gerade das ist es, was mich st\u00f6rt. \u201eDanke, nein\u201c, sage ich entschieden. \u201eIch komme gut alleine klar.\u201c Damit sto\u00dfe ich mich schwungvoll ab und begebe mich in die Luft. Ich fliege einmal \u00fcber die Wipfel der B\u00e4ume, da das dichte Bl\u00e4tterdach mir die Sicht auf den Sternenhimmel verwehrt. Als ich wei\u00df, in welche Richtung ich fliegen muss, sinke ich wieder tiefer und finde meinen Weg zwischen den \u00c4sten. Doch ich bin noch nicht lange geflogen, als ich wieder das Gef\u00fchl habe, verfolgt zu werden. 'Aves', denke ich ver\u00e4rgert. Ich muss zugeben, er ist gut. Wenn ich seinen durchdringenden Blick nicht auf meinem Gefieder sp\u00fcren w\u00fcrde, w\u00fcrde ich ihn nicht bemerken. Im lautlosen Fliegen kann er einer Schleiereule Konkurrenz machen. Aber er kennt mich und meine Flugk\u00fcnste nicht. Ich schlage einige Male kr\u00e4ftig mit den Fl\u00fcgeln, um Geschwindigkeit aufzubauen. Dann schraube ich mich abrupt nach oben, lege mich auf die Seite, fliege einen Schlenker um Aves herum, der nicht so schnell reagieren und mir folgen kann. Ich fliege unterschiedliche Flugmuster, um Aves zu verwirren, was mir auch gelingt. Aves wei\u00df nicht recht, wohin er fliegen soll und verliert ein wenig an H\u00f6he, bis er sich daran erinnert, dass er mit den Fl\u00fcgeln schlagen muss, um zu fliegen. Eigentlich will ich zu einer Schimpftirade ansetzten, aber stattdessen verl\u00e4sst nur ein Seufzer meinen Schnabel. \u201eIch werde dich wohl nicht mehr los, oder?\u201c \u201eGut erkannt.\u201c Aves hat sich gefangen und sein Ton klingt so arrogant wie eh und je. \u201eDann habe ich keine andere Wahl?\u201c \u201eNein, die hast du nicht.\u201c\u201eEulengew\u00f6ll!\u201cWir fliegen die ganze Nacht. Mal schweigen wir, mal unterhalten wir uns. Auch wenn unsere Gespr\u00e4che mich in den Wahnsinn treiben. Wie kann jemand so von sich selbst \u00fcberzeugt sein? Die meiste Zeit gibt Aves damit an, wie gut er doch jagen k\u00f6nne oder wie stark er doch sei. Gerade ist er dabei mir erz\u00e4hlen, dass nur jemand wie er es fertigbringt, einen ganzen Tag und eine ganze Nacht am St\u00fcck zu fliegen. Sperbereulen schlafen nachts meistens und jagen am Tag oder in der D\u00e4mmerung. Deswegen habe ich Aves \u00fcberhaupt getroffen. Keine andere Eule w\u00fcrde wohl auf die Idee kommen, jagen zu gehen, w\u00e4hrend die Sonne noch am Himmel steht. F\u00fcr mich ist das Verhalten der Sperbereulen etwas sehr merkw\u00fcrdiges. Wie kann man der Nacht den Tag vorziehen? Das w\u00fcrde mir nie in den Sinn kommen. \u201eIsilya, da ist eine Baumh\u00f6hle\u201c, rei\u00dft mich Aves aus meinen Gedanken. Ich blicke in die Richtung, in die er mit seiner Fl\u00fcgelspitze zeigt und sehe sie auch. Die Baumh\u00f6hle ist gro\u00df genug f\u00fcr uns beide und einigerma\u00dfen gut gesch\u00fctzt. \u201eDann lass uns rasten\u201c, meine ich. Auch wenn Aves damit angibt, dass er noch ewig so weiter fliegen k\u00f6nnte, sehe ich ihm die Ersch\u00f6pfung an. Seine Fl\u00fcgel scheinen schwer wie Steine zu sein und auf unserem Flug ist er mit der Zeit langsamer und langsamer geworden. Mir kann er nichts vormachen. Aber auch ich brauche dringend eine Pause und da die Sterne langsam verschwinden, kann ich den Kurs sowieso nicht mehr lange halten. Ich dachte eigentlich, dass ich schnell einschlafen w\u00fcrde, so m\u00fcde wie ich bin, doch irgendwie findet mich der Schlaf nicht. Ich stehe in der Baumh\u00f6hle, gegen die Rinde gelehnt, die Augen geschlossen. Doch anstatt zu schlafen, geht mir alles m\u00f6gliche durch den Kopf. Meine Mutter, wie sie mich mit auf Patrouille genommen hat, wie sie mir meine erste Jagdstunde gab, wie wir oben auf der Spitze der Scheune gesessen haben und sie mir die Sterne gezeigt hat, wie sie mir die Geschichten der gro\u00dfen Eulenhelden, wie Sisyphus, der dazu verdammt wurde Nacht um Nacht den schweren Mond \u00fcber den Himmel zu tragen oder Aquila erz\u00e4hlt hat. Aquila war einst eine m\u00e4chtige Eule. So weise und klug wie sonst keine Andere. Vor Milliarden von Schwarzmonden war sie deswegen die Begleiterin einer Federlosen. Kaum zu glauben, aber Mutter meinte, diese Federlose war anders, m\u00e4chtiger und weiser. Diese Federlose trug den Namen Athene und war, laut den Erz\u00e4hlungen meiner Mutter, eine G\u00f6ttin. Das ist so etwas \u00e4hnliches, wie Aquila jetzt f\u00fcr uns ist, hat sie mir erkl\u00e4rt. Zusammen mit Aquila vollbrachte Athene gro\u00dfe Taten und so wurde Aquila zu einer Heldin. Doch wie alle Eulen musste auch Aquila einmal sterben. Die Macht der G\u00f6ttin reichte nicht aus, um sie unsterblich zu machen, aber sie tat etwas anderes. Sie schickte die Seele der gro\u00dfen Aquila hinauf in den Nachthimmel in Form eines Adlers. Seitdem gelten die Eulen als Adler der Nacht und Aquila nimmt uns alle in ihre ewigen Jagdgr\u00fcnde auf. Meine Mutter erz\u00e4hlte mir diese Geschichte oft und ich meine fast ihre Stimme zu h\u00f6ren, als sie mir durch den Kopf geht. Doch als ich die Augen \u00f6ffne, ist sie verschwunden. Stattdessen erf\u00fcllt ein anderes Ger\u00e4usch die Baumh\u00f6hle, etwas, dass wie ein Schluchzen klingt. Erst glaube ich, dass es meine Schluchzer sind, weil mir gerade wieder bewusst wird, dass ich meine Mutter nie wieder sehen, h\u00f6ren oder sp\u00fcren werde. Doch dann merke ich, dass diese Ger\u00e4usche gar nicht von mir kommen. Ich drehe meinen Kopf, um auf die andere Seite der Baumh\u00f6hle sehen zu k\u00f6nnen, wo Aves schl\u00e4ft. Zumindest, wo ich dachte, dass er schl\u00e4ft. Denn dort, wo er sich niedergelassen hatte, ist nichts mehr. Doch da die Ger\u00e4usche noch immer da sind, wei\u00df ich, dass er irgendwo hier sein muss. Leise schleiche ich zu dem Ausgang der Baumh\u00f6hle und da sehe ich ihn. Er sitzt, mit dem mir zugewandten R\u00fccken, auf einem breiten Ast, ein stetiges Beben geht durch seinen K\u00f6rper und seine Fl\u00fcgel h\u00e4ngen schlaff und kraftlos herab. Pl\u00f6tzlich versp\u00fcre ich den Drang zu ihm zu gehen und ihm meine Fl\u00fcgel auf die Schulter zu legen, doch ich habe im Gef\u00fchl, dass es besser ist schweigend hierzubleiben und ihn nicht wissen zu lassen, dass ich noch wach bin. Also drehe mich um und gehe zur\u00fcck in die Baumh\u00f6hle. Ich habe nie wirklich daran gedacht, wie schlimm es f\u00fcr Aves sein muss, von seinen Eltern verjagt worden zu sein. Er ist sogar noch schlechter dran als ich. Ich wei\u00df, dass meine Mutter mich nicht verlassen wollte und ich habe noch einen Vater, wenn er denn noch lebt. Aves hat niemanden mehr, mit dem Wissen, dass seine Eltern ihn vertrieben haben. Auf einmal sch\u00e4me ich mich ein wenig daf\u00fcr, wie ich ihn behandelt habe. Nat\u00fcrlich er ist ein arroganter, nervt\u00f6tender Federball, aber er begleitet mich auf meiner Reise, hat meine Wunden behandelt und mir gezeigt, wie man im Wald jagt. Ich nehme mir vor, ein wenig netter zu ihm zu sein. Die n\u00e4chsten N\u00e4chte verlaufen mehr oder weniger ereignislos. Aves erlegt haupts\u00e4chlich die Beute, auch wenn ich mich allm\u00e4hlich geschickter anstelle, was das Jagen angeht. Wir fliegen die N\u00e4chte durch, w\u00e4hrend unsere Fl\u00fcgel schwerer und schwerer werden. Langsam glaube ich, dass wir beide es nicht mehr lange machen werden. Sogar Aves schweigt, anstatt mich wie \u00fcblich vollzuschwafeln. Zudem stelle ich erstaunt fest, dass die Bl\u00e4tter sich verf\u00e4rben. Die meisten sind noch von einem satten Gr\u00fcn, doch manche verf\u00e4rben sich langsam und nehmen Gelb-, Orange- und Rott\u00f6ne an. Einige fallen sogar zu Boden, wo sie regungslos liegen bleiben. Aves hat mir erkl\u00e4rt, warum das so ist. Die Bl\u00e4tter sterben ab und l\u00f6sen sich von den \u00c4sten. Als ich ihn geschockt angeguckt habe, hat er gel\u00e4chelt und gemeint, dass neue Bl\u00e4tter kommen w\u00fcrden, wenn die gro\u00dfe K\u00e4lte vorbei sei und der vierte Schwarzmond anbr\u00e4che. Merkw\u00fcrdig, dass etwas so sch\u00f6n sein kann, wenn es stirbt. Mit Aves komme ich jetzt besser zurecht. Nicht, dass er weniger aufgeblasen ist, aber trotzdem entwickelt sich zwischen uns so etwas wie \u0001 \u0002 ist die sechste oder siebte Nacht, Sisyphus hat seine Arbeit bereits erfolgreich erledigt und den Mond \u00fcber den Himmel geflogen, als die B\u00e4ume weniger werden. Sie stehen jetzt mit gr\u00f6\u00dferen Abst\u00e4nden da. Mit dem Ziel, den Waldrad zu erreichen, noch bevor die Sonne aufgeht, fliegen wir weiter. Und tats\u00e4chlich, es dauert nicht mehr lange, als ich die letzte Baumreihe ersp\u00e4he. \u201eSieh nur!\u201c, rufe ich Aves voller Vorfreude zu. Nicht, dass der Wald schlecht war, immerhin hat er uns Schutz und ausreichend Beute gegeben, aber das Gef\u00fchl von B\u00e4umen umringt zu sein, ist mir immer noch nicht ganz geheuer. Ich lege an Geschwindigkeit zu, die ich mir nach den anstrengenden N\u00e4chten gar nicht zu getraut h\u00e4tte und schie\u00dfe aus dem Wald hervor. Was ich sehe, raubt mir den Atem. Erst jetzt wird mir klar, wie sehr ich die unendliche Weite vermisst habe, die Felder, Wiesen und Acker. Einen Augenblick lang genie\u00dfe ich es, einfach mit ausgebreiteten Fl\u00fcgeln dar\u00fcber hinweg zu fliegen. Doch dann kehre ich zur\u00fcck in den Wald und lasse mich neben Aves nieder, der mit gro\u00dfen Augen in das Land starrt. Ich wei\u00df, wie er sich jetzt vermutlich f\u00fchlen muss. Ganz \u00e4hnlich wie ich, als ich mich entschlossen habe, meine Heimat zu verlassen und das Ungewisse, den Wald zu betreten. \u201eDu musst nicht mitkommen.\u201c 'Ich werde ihn vermissen', f\u00e4llt mir in diesem Augenblick auf. 'Sogar seine nervige Angeberei.' \u201eEs ist nicht deine Reise\u201c, setze ich zu einer Erkl\u00e4rung an, als die Sperbereule mich fragend ansieht. \u201eIch kann es verstehen, wenn du lieber deine Heimat nicht verlassen willst.\u201c \u201eIch habe keine Heimat mehr\u201c, stellt Aves klar, seine Stimme klingt steif. \u201eIch habe dir gesagt, ich werde mit dir kommen.\u201c Erfreut nicke ich, ich habe nicht damit gerechnet, dass er mich wirklich begleiten w\u00fcrde. \u201eDu wirst mich nicht los\u201c, behauptet Aves schelmisch. Ich verdrehe die Augen. \u201eUnd falls ich es versuchen sollte, wirst du mir folgen, weil das ja schon einmal so gut geklappt hat, nicht wahr?\u201c \u201eSehr richtig\u201c, neckt Aves \u0001 \u0002 den n\u00e4chsten N\u00e4chten drehen wir die Feder um. Jetzt bin ich diejenige, die f\u00fcr uns jagt und die Aves Tipps gibt, wie er sich zu verhalten hat. Aves lernt schnell und schon bald ist er selbst in der Lage, sich hier drau\u00dfen etwas zu fangen. Doch ab hier wird die Reise schwieriger, wie ich mir leider eingestehen muss. Wir sind jetzt die zweite Nacht in den Feldern, aber es ist schwer hier Schlafm\u00f6glichkeiten zu finden. Im Wald hat sich immer eine unbewohnte Baumh\u00f6hle oder zur Not auch ein Ast gefunden, auf dem wir schlafen konnten. Doch hier gestaltet sich das als schwierig. Meine Mutter hat mir beigebracht, dass wir Schleiereulen in Scheunen oder alten Nestern der Federlosen wohnen. Aber hier steht keine verlassene Scheune mitten zwischen den Feldern, wie in meiner richtigen Heimat. Und bis wir ein Dorf der Federlosen erreichen, dauert es wohl noch eine Weile. Gerade neigt sich die Nacht zu Ende, als Aves und ich uns wieder einmal fragen, wo wir \u00fcbertagen wollen. Eulenweit ist nichts zu sehen, wo man sich niederlassen k\u00f6nnte. Eine Weile kreisen wir unschl\u00fcssig \u00fcber den Feldern, bis Aves ruft: \u201eIsilya! Wie w\u00e4re es mit dieser Felsspalte hier?\u201c Ich gleite zu der schwarz gefiederten Eule. \u201eIch wei\u00df nicht\u201c, meine ich skeptisch als ich die Felsen sehe. Sie sind nicht sehr gro\u00df und stehen eng aneinander. Mir behagt es nicht, auf dem Boden zu \u00fcbernachten, wo wir ungesch\u00fctzt sind. Aber letztendlich haben wir keine Wahl, etwas besseres finden wir nicht und wir m\u00fcssen uns ausruhen, wenn wir jemals Curon finden wollen.",
            "wordcount": "1.953",
            "chapter_release": "09.02.2013",
            "chapter_number": "3"
        },
        "4": {
            "text": "HeyEntschuldigt, dass es solange gedauert hatIch hab\u00b4s irgendwie ein bisschen verplant ... :DViel Spa\u00df mit dem Kapitelund Danke f\u00fcr die lieben ReviewsGLG <3Kapitel 4 ~ Der SturmAves weckt mich, noch ehe der Mond aufgegangen ist. \u201eLass und schnell etwas jagen und dann sollten wir so viel Strecke wie m\u00f6glich zur\u00fccklegen.\u201c Dann deutet Aves mit seiner Fl\u00fcgelspitze nach oben. \u201eSieh mal.\u201c Ich tue ausnahmsweise, was er sagt. Der Himmel ist nicht klar, wie sonst in letzter Zeit, sondern bew\u00f6lkt. Eine gro\u00dfe Wolkenschicht t\u00fcrmt sich am Himmel auf und verdeckt die Sicht. \u201eWie sollen wir denn jetzt dem Altair folgen?\u201c, frage ich Aves leicht panisch. Er schnaubt. \u201eDas ist unser geringstes Problem, schlie\u00dflich wissen wir in etwa, in welche Richtung wir fliegen m\u00fcssen.\u201c Aves wirft mir einen d\u00fcsteren Blick zu. \u201eNein, das ist es nicht, was mich beunruhigt. Es ist der Sturm.\u201c \u201eDer Sturm?\u201c, frage ich ihn zweifelnd. \u201eNat\u00fcrlich der Sturm, das liegt doch auf der Kralle.\u201cIch runzele die Stirn. Ich bin mein ganzes Leben bei St\u00fcrmen geflogen und verstehe nicht, warum Aves solch eine Angst davor zu haben scheint. Vielleicht liegt es daran, dass er im Wald immer gesch\u00fctzt war im Gegensatz zu hier. Aber jetzt da ich sowieso wach bin, erlege ich uns noch schnell ein Kaninchen, ehe wir \u0001 \u0002 hat Recht. Sisyphus hat den Mond gerade an seine h\u00f6chste Position geflogen, als es anf\u00e4ngt. Ein ohrenbet\u00e4ubender Donnerschlag erklingt und l\u00e4sst die Erde beben, w\u00e4hrend die Wolken aufplatzen und sich der harte, peitschende Regen \u00fcber uns ergie\u00dft. Nur wenige Augenblicke sp\u00e4ter zerrei\u00dft ein greller Blitz die Nacht, der mir f\u00fcr einen Augenblick die Sicht raubt. Anfangs st\u00f6rt mich der prasselnde Regen noch nicht. Das bei St\u00fcrmen fliegen, hat mir immer sehr viel Spa\u00df gemacht. Doch schon bald darauf, gerade als der Wind einsetzt, merke ich, wie sehr ich mich in diesem Sturm geirrt habe. Der Regen, kalt und erbarmungslos, versperrt uns die Sicht und der Wind wirft uns in der Luft herum. Gerade meine langen Fl\u00fcgel haben es schwer, da der Wind sie immer in verschiedene Richtungen davon tragen will. Aves mit seinen etwas k\u00fcrzeren Fl\u00fcgeln hat es leichter, doch er ist noch nie auf dem Land in einem Sturm geflogen und ich sehe aus dem Augenwinkel, wie er k\u00e4mpft, um voran zu kommen. Auch ich schlage wie wild mit den Fl\u00fcgeln, doch es ist erm\u00fcdend und Kr\u00e4ftezehrend auch nur einige Federl\u00e4ngen vorw\u00e4rts zu kommen. Aves hat Gl\u00fcck, er erwischt einen Windzug, der ihn einige Eulenl\u00e4ngen voran schiebt, ohne, dass er gro\u00df etwas daf\u00fcr machen muss, w\u00e4hrend ich immer noch in der Luft hin und her geschleudert werde. Die schwarze Sperbereule ist jetzt gut drei Federl\u00e4ngen vor mir und ich versuche zu ihr aufzuholen, vergeblich. \u201eAves\u201c, schreie ich, doch mein Ruf geht in einem weiteren Donnerschlag unter. \u201eWir-\u201c Ein Windsto\u00df packt mich und schleudert mich zur Seite. \u201eWir m\u00fcssen landen!\u201c, vollende ich keuchend meinen Satz. Ich muss die Augen zusammenkneifen, um Aves zu sehen, doch er scheint verstanden zu haben. In diesem Unwetter k\u00f6nnen wir unm\u00f6glich weiter fliegen. Mein Gefieder ist vollkommen durchn\u00e4sst und erschwert mir das Fliegen zus\u00e4tzlich zu dem Regen und dem Wind. Meine schwarzen, kleinen Augen sind starr auf den Boden gerichtet, um vielleicht einen Unterschlupf zu finden. Gerade, als ich glaube, etwas gefunden zu haben, was aussieht wie eine kleine H\u00f6hle, ert\u00f6nt ein neuer Donnerschlag und in derselben Sekunde st\u00f6\u00dft ein weiterer Blitz herab. Erst realisiere ich gar nicht, was passiert. Ich sehe nur den Blitz, der direkt auf Aves herunter saust. Dieser reagiert schnell und dreht sich auf die Seite, doch der Blitz streift seinen Fl\u00fcgel. Es gibt ein zischendes Ger\u00e4usch und ein verkohlter Geruch erf\u00fcllt die Luft. Erst glaube ich, dass Aves keinen Schaden davontr\u00e4gt, doch dann sehe ich, wie die schwarze Eule taumelt. Den nutzlosen Fl\u00fcgel h\u00e4lt er sich dicht an den K\u00f6rper gepresst, w\u00e4hrend er mit dem Anderen vergeblich versucht die H\u00f6he zu halten. \u201eLande!\u201c, schreie ich Aves so laut ich kann zu, um die anderen Ger\u00e4usche zu \u00fcbert\u00f6nen. Das Landen ist bei Aves kein Problem, au\u00dfer, dass er zu schnell an H\u00f6he verliert und ich Angst habe, dass er zu hart auf dem Boden aufschl\u00e4gt. Ich w\u00fcnschte, ich k\u00f6nnte ihm zur Hilfe eilen, doch ich wei\u00df nicht, wie ich landen soll. Der Wind h\u00e4lt mich mit seinen scharfen Klauen fest, meine Fl\u00fcgel sind mir im Weg. Die einzige M\u00f6glichkeit ist es, sie nicht zu gebrauchen. Ich atme einmal tief durch und presse meine Fl\u00fcgel an den K\u00f6rper. Es ist so, als w\u00fcrde ich aufh\u00f6ren zu atmen. In einer solchen Situation keinen Gebrauch von meinen Fl\u00fcgeln zu machen... Ich muss verr\u00fcckt sein! Genau das denke ich auch, als ich falle. Tiefer und tiefer sinke ich in einer solchen Geschwindigkeit herab. Federl\u00e4nge um Federl\u00e4nge bin ich versucht meine Fl\u00fcgel wieder auszubreiten, den Sturz abzufangen, doch ich zwinge sie nur noch enger an meinen K\u00f6rper heran. Fast h\u00e4tte ich den Boden nicht rechtzeitig gesehen und w\u00e4re in die matschige Erde gefallen, doch im letzten Moment schaffe ich es noch, meine Fl\u00fcgel auszubreiten und das Schlimmste abzufangen. Trotzdem pralle ich hart auf und \u00fcberschlage mich eins, zwei Mal, ehe ich im Dreck liegen bleibe. Ich zwinge mich, mich zu beruhigen. Mein Herz rast und h\u00e4mmert gegen meine Brust. 'Aves!', schie\u00dft es mir durch den Kopf. Sofort springe ich auf die Beine. \u201eAves!\u201c, schreie ich diesmal laut. 'Oh Aquila, lass es noch nicht zu sp\u00e4t f\u00fcr ihn sein!', bete ich inst\u00e4ndig, w\u00e4hrend ich mir m\u00fchselig einen Weg bahne, was schwieriger ist, als ich dachte, weil meine d\u00fcnnen Beine immer wieder einsinken. \u201eAves!\u201c, rufe ich erneut, panischer jetzt. 'Lass ihn leben, bitte!', schie\u00dft es mir wieder durch den Kopf. Nichts, keine Antwort ert\u00f6nt. \u201eAves! Wage es ja nicht mich alleine zulassen.\u201c Doch noch immer ist der Einzige, der mir antwortet der erbarmungslose Regen. Stur flattere ich weiter in die Richtung, in der ich Aves vermute. Auch das Rufen gebe ich nicht auf. Ich kann nicht glauben, dass Aquila mir vielleicht den Einzigen genommen hat, der mir etwas bedeutet. Aquila hat doch schon meine Mutter, sie soll nicht auch noch meinen bester Freund bekommen! Dann w\u00e4re ich wieder ganz allein. Gerade als ich die Hoffnung aufgebe und mich entschlie\u00dfe umzukehren, h\u00f6re ich etwas. Es ist nicht mehr als ein leises, kaum verst\u00e4ndliches Keuchen, aber es ist da. \u201eWas, du suchst nach mir? Und ich dachte, bei der erstbesten Gelegenheit w\u00fcrdest du versuchen, mich loszuwerden.\u201c\u201eAves, wo bist du?\u201c\u201eHe, tritt nicht auf mich.\u201cIch bin so unendlich erleichtert seine Stimme zu h\u00f6ren, selbst, wenn er ein noch so selbstgef\u00e4lliger, arroganter Federball ist. Meine Augen suchen den Boden ab und tats\u00e4chlich, dort liegt er auf dem R\u00fccken, den verletzten Fl\u00fcgel immer noch an den K\u00f6rper gepresst, den anderen ausgestreckt, fast ganz im Schlamm versunken. Ich strecke beide Fl\u00fcgel nach ihm aus und ziehe ihn auf die Beine.\u201eKannst du ein St\u00fcck laufen?\u201c, frage ich ihn.\u201eNat\u00fcrlich kann ich!\u201c, meint Aves. Doch ich sehe ihm den Schmerz an, den ihn jedes Mal durchzuckt, wenn er eine Bewegung macht. Schon nach wenigen Schritten ist mir klar, dass er nicht kann, egal, was er behauptet. 'Ich w\u00fcnschte, ich k\u00f6nnte ihn tragen', denke ich, doch bei dem Unwetter ist das unm\u00f6glich. Also st\u00fctze ich ihn, so gut ich es kann, mit meinen beiden Fl\u00fcgeln, auch wenn er mir ein paar b\u00f6se Blicke zu wirft. \u201eIch kann sehr gut alleine laufen!\u201c, zischt Aves mir zu, aber ich h\u00f6re den Schmerz, den seine Stimme versucht zu verbergen.\u201eKannst du nicht und jetzt stell dich nicht so an!\u201c, fauche ich mit meinen Nerven am Ende. Es geht nur langsam voran und wir werden noch nasser, als wir es ohnehin schon sind. Doch irgendwann erreichen wir das h\u00f6hlenartige Gebilde und haben ausnahmsweise einmal Gl\u00fcck, denn es ist unbewohnt und bietet ausreichend Schutz vor dem Regen und gen\u00fcgend Platz zum \u0001 \u0002 Regen hat den meisten Schlamm, der an unseren K\u00f6rpern gehaftet hat, weg gewaschen, aber zwischen den Federn hat sich hin und wieder noch ein wenig festgesetzt. Mit schnellen Fl\u00fcgel- und Schnabelbewegungen s\u00e4ubere ich mein Gefieder, Aves tut es, so gut er kann, mit seinem. Anschlie\u00dfend helfe ich ihm, was er, wenn auch widerwillig, \u00fcber sich ergehen l\u00e4sst. \u201eZeig mal deinen Fl\u00fcgel\u201c, bitte ich ihn. Er streckt mir seinen Rechten hin. Die Fl\u00fcgelspitze ist bis aufs Fleisch verkohlt. Ich will nicht wissen, was er f\u00fcr Schmerzen ertragen muss. Sein restlicher K\u00f6rper ist \u00fcberseht mit kleineren Schnittwunden, die der Schlamm zuvor verdeckt hat und laut Aves sind einige seiner Rippen geprellt, wenn nicht verstaucht oder gebrochen. Mutlos blicke ich nach drau\u00dfen in den Regen. 'Wenn es doch nur nicht so regnen w\u00fcrde', denke ich deprimiert. 'Dann k\u00f6nnte ich vielleicht etwas jagen und nach Kr\u00e4utern Ausschau halten.' Im Wald war ich, was die Heilmittel betrifft ziemlich aufgeschmissen, doch hier, in mitten der Wiesen und Felder, m\u00fcsste ich etwas n\u00fctzliches finden. Aber der Sturm macht es mir unm\u00f6glich, danach zu suchen. Jetzt muss ich ein wenig improvisieren. Eigentlich ist meine Auswahl sehr beschr\u00e4nkt, ich habe nichts au\u00dfer Wasser. 'Wasser!', f\u00e4llt mir die rettende Idee ein. Aves und ich gehen zum Eingang der H\u00f6hle. Ich deute auf eine gro\u00dfe Pf\u00fctze, die sich auf dem Boden gebildet hat. \u201eHalte deinen Fl\u00fcgel da hinein. Das kalte Wasser m\u00fcsste den Schmerz lindern.\u201c Aves tut wie gehei\u00dfen und schon wenige Augenblicke sp\u00e4ter sehe ich ihm an, dass der Schmerz ein wenig nachl\u00e4sst. Jetzt da Aves mehr oder weniger versorgt ist, merke ich erst, wie mir zumute ist. Meine Fl\u00fcgel sind schwerer als Steine und h\u00e4ngen schlaff herab. Meine Muskeln schmerzen und ich kann kaum meine Augen offen halten. Doch bis die Sonne aufgeht, halte ich noch durch. Dann beschlie\u00dfen Aves und ich, dass es das Beste ist, wenn wir uns ausruhen und flattern ein wenig tiefer in die H\u00f6hle herein. Die H\u00f6hle ist kalt und ein wenig feucht, aber immer noch besser als drau\u00dfen im Regen zu stehen. Doch durch die zehrende K\u00e4lte r\u00fccken Aves und ich immer n\u00e4her zusammen, bis wir schlie\u00dflich Fl\u00fcgel in Fl\u00fcgel uns warm halten und versuchen zu schlafen.",
            "wordcount": "1.683",
            "chapter_release": "09.02.2013",
            "chapter_number": "4"
        },
        "5": {
            "text": "Kapitel 5 ~ Die EntschlossenheitAls ich aufwache, verschwindet die Sonne gerade hinter dem Horizont. Aves schl\u00e4ft noch, deswegen versuche ich mich vorsichtig aus seinem gesunden Fl\u00fcgel, der mich umschlungen h\u00e4lt, zu befreien, ohne ihn zu wecken. Ich sp\u00e4he nach drau\u00dfen und was ich sehe, ist fast so gut wie eine saftige, frische Feldmaus. Der Regen hat aufgeh\u00f6rt und die Sonne am Tag hat ganze Arbeit geleistet, indem sie die Pflanzen und auch den Gro\u00dfteil des Bodens getrocknet hat. Ohne lange zu \u00fcberlegen, schwinge ich mich in die Luft, den Schmerz, der mit jedem Schlag durch meinen K\u00f6rper zuckt, nicht beachtend. Ich muss nicht lange suchen, bis ich eine gro\u00dfe Pflanze mit hellen, gelben Bl\u00fcten entdecke. 'Goldrute', freue ich mich in Gedanken. 'Gut gegen offene Wunden und gegen Entz\u00fcndungen, falls vorhanden.' Das jedenfalls lehrte mich Mutter. Ich muss nicht lange suchen, bis ich noch etwas finde: Mutterkraut \u2013 ein kleiner Strauch, dessen Bl\u00fcten wie G\u00e4nsebl\u00fcmchen aussehen. Doch das Beste von allem ist ein Feld mit Mohn. Mohn hilft zu beruhigen und bet\u00e4ubt den Schmerz. Als ich auch noch ein Kaninchen erlegen kann, dass gro\u00df genug ist, damit wir beide satt werden, ist die Nacht definitiv die Beste seit langem. Als ich zur\u00fcck in die H\u00f6hle fliege, erwartet mich ein ziemlich besorgter Aves. \u201eWo warst du, verdammt nochmal?\u201c, fragt er mich w\u00fctend, seine Fl\u00fcgel vor Aufregung weit von sich gespreizt. Ich bin mir keiner Schuld bewusst und verstehe \u00fcberhaupt nicht, was Aves jetzt schon wieder aufgebracht hat. Also lasse ich seelenruhig das Kaninchen fallen, lege auch die Heilmittel ab und ziehe mit meinem Schnabel einige Grashalme aus dem Gefieder, ehe ich antworte: \u201eJagen und sammeln, na und?\u201cAves sch\u00fcttelt ver\u00e4rgert den Kopf. \u201eUnd es ist dir gar nicht in den Sinn gekommen, mich zu wecken, um mir Bescheid zu sagen, wo du bist?\u201c Ich sch\u00fcttle mein Gefieder und lege fragend den Kopf schief. \u201eIsilya! Ich hab geglaubt ein Fuchs oder Dachs h\u00e4tte dich geholt.\u201cDer letzte Teil klingt nicht mehr w\u00fctend, sondern einfach nur noch besorgt. Jetzt wei\u00df ich auch, was ich angerichtet habe. \u201eTut mir leid\u201c, sage ich, w\u00e4hrend ich verlegen meine Fl\u00fcgel zusammen falte. \u201eLeid tun f\u00e4ngt auch keine Beute.\u201c\u201eIch h\u00e4tte daran denken sollen.\u201c\u201eJa, h\u00e4ttest du\u201c, meint Aves, jetzt aber vers\u00f6hnlicher. \u201eNa, immerhin hast du was mitgebracht.\u201cWir verschlingen erst das Kaninchen, bevor ich mich um Aves Wunden k\u00fcmmere. Er scheint genauso interessiert zu sein, wie ich damals im Wald, als er mich zusammen geflickt hat. Ich kaue die Goldrute, bis eine Art Brei entsteht, die ich Aves sowohl auf die Fl\u00fcgelspitze, als auch auf die kleineren Schnittwunden streiche. Nachdem ich Aves erkl\u00e4rt habe, was Mutterkraut bewirkt, n\u00e4mlich Erk\u00e4ltungen und Fieber bek\u00e4mpfen und Schmerzen lindern, besteht Aves darauf, dass ich auch etwas davon esse und ich sage, dass ich noch mehr davon holen werde, damit er alles gr\u00fcndlich kaut und schluckt. Aves hat jetzt h\u00f6here Priorit\u00e4t und au\u00dferdem habe ich nicht das Gef\u00fchl, dass ich krank werde, im Gegensatz zu Aves, denn ich finde, dass es sich anf\u00fchlt, als ob er leichtes Fieber h\u00e4tte. Anschlie\u00dfend hole ich die Mohnsamen. \u201eWof\u00fcr sind die?\u201c, fragt Aves mich neugierig und ich sage es ihm. Doch die Sperbereule guckt emp\u00f6rt. \u201eIch kann jetzt nicht schlafen und meinen Verstand benebeln, wir m\u00fcssen doch weiter fliegen.\u201c Erst glaube ich, dass er das nicht erst meint, in diesem Zustand kann doch keine Eule fliegen, aber er will unbedingt weiter. Als er sich weigert die Mohnsamen zu nehmen, verliere ich meine Geduld. Ich nehme einige der Samen in den Schnabel, halte mit meinen Fl\u00fcgeln Aves so fest, dass er sich nicht wehren kann, was nicht schwer ist, da ich gr\u00f6\u00dfer bin als er und weil er nur einen Fl\u00fcgel hat, und schiebe die Mohnsamen gewaltsam in seinen Schnabel. Als ich Aves loslasse, funkelt er mich w\u00fctend an, doch er wei\u00df, dass er verloren hat. Diese Nacht wird er nicht mehr fliegen k\u00f6nnen. Ich sehe ihm an, dass die Mohnsamen sofort wirken. Aves Gesicht gl\u00e4ttet sich, als der Schmerz verschwindet und anschlie\u00dfend werden seine Augen immer kleiner. \u201eSchlaf\u201c, bitte ich ihn sanft und er lehnt sich an eine Wand und tut, was ich \u0001 \u0002 n\u00e4chste Nacht kann ich ihn noch dazu \u00fcberreden, zu bleiben, doch in der darauf folgenden kann ich ihn nicht mehr zur\u00fcck halten. Er will weiter und ehrlich gesagt, w\u00e4re ich auch froh, wenn wir hier weg kommen. Aves Schnittwunden sind verheilt und auch der Fl\u00fcgel sieht ein wenig besser aus. Die Sperbereule behauptet, dass es gar nicht mehr weh tun w\u00fcrde und dass auch die Prellungen kaum noch schmerzen. Ich glaube ihm zwar nicht ganz, aber da auch das Fieber verschwunden ist, willige ich ein, weiter zu ziehen. Allerdings mit dem Kompromiss, dass er unter mir fliegt und ich ihn, wenn er nicht mehr kann, ein St\u00fcck in den Klauen trage, bis er sich wieder erholt hat. Als wir uns in die Luft hinauf schwingen und ich am Himmel den Altair suche, f\u00e4llt mir auf, dass wir in der Nacht mit dem Sturm ziemlich vom Kurs abgekommen sind. Doch was passiert ist, k\u00f6nnen wir nicht wieder r\u00fcckg\u00e4ngig machen und so erneuere ich den Kurs schnell. Es ist ein m\u00fchseliger Flug, Aves \u00fcbersch\u00e4tzt sich mal wieder um Fl\u00fcgell\u00e4ngen und so sehe ich ihm schon nach k\u00fcrzester Zeit an, dass der Schmerz ihm beim Fliegen \u00fcbermannt. So h\u00e4ufig es geht, versuche ich ihn zu tragen, aber Aves ist schwer. Trotzdem gebe ich mein Bestes. Diese Nacht spreche ich kaum ein Wort mit ihm. Mein Blick ist fest auf den Altair gerichtet und mit jedem Fl\u00fcgelschlag durchzuckt mich der Gedanke: 'Auf, nieder. Auf, nieder. Auf, nieder.' Zwischendurch werden meine Gedanken von einem Husten meinerseits unterbrochen. Desto mehr ich mich anstrenge, umso lauter und rasselnder wird er, bis Aves, den ich in den Krallen halte, mich besorgt fragt: \u201eAlles in Ordnung, Isilya?\u201c Nicht in der Lage zu sprechen nicke ich. 'Auf, nieder. Auf, nieder. Auf, nieder.' Alles andere ist unwichtig. 'Auf, nieder. Auf, nieder. Auf nieder'Wir haben Gl\u00fcck und finden eine Scheune, in der wir uns f\u00fcr den Tag niederlassen. Zum ersten Mal seit langem habe ich das Gef\u00fchl, einen sicheren Schlafplatz zu haben. Ich bin so ersch\u00f6pft, dass ich nicht in der Lage bin, noch etwas jagen zu gehen. Auf dem ersten Dachbalken, den ich sehe, mache ich halt, setzte Aves ab und lehne mich entkr\u00e4ftet und ausgelaugt an den n\u00e4chstbesten Querbalken. Nur wenige Augenblicke sp\u00e4ter bin ich \u0001 \u0002 ist es Aves, der mich weckt. Mit einem Blick nach drau\u00dfen sehe ich, dass die volle Mondsichel am Himmel steht. \u201eWir m\u00fcssen los\u201c, stelle ich fest, doch ich kann mich nicht dazu durchringen, los zu fliegen. Ich f\u00fchle mich immer noch schwach und mir ist hei\u00df und doch gleichzeitig kalt. Auf irgend eine Weise schaffe ich es, mich zusammen zu rei\u00dfen und nachdem ich etwas Essbares aufgetrieben habe, sind wir wieder auf Kurs. Diesmal h\u00e4lt Aves l\u00e4nger durch, aber es reicht nicht einmal ann\u00e4hernd f\u00fcr den ganzen Weg und somit muss ich ihn wieder tragen. Eine weitere Nacht, in der ich nur durchhalte, weil ich durchhalten muss, eine weitere Nacht, in der ich eigentlich nicht mehr kann und mir doch nicht erlaube, aufzugeben. 'Weiter, immer weiter', geht mir wie ein Mantra durch den Kopf. Ich wei\u00df nicht, woher ich die Kraft nehme weiter zu fliegen, wo ich mich doch so matt f\u00fchle, wo ich doch meinen Reisegef\u00e4hrten noch zus\u00e4tzlich tragen muss und wo ich doch mit meinen Kr\u00e4ften am Ende bin. Vielleicht ist es meine Mutter, denn sie in Form des Altairs ist das Einzige, was ich um mich herum wahrnehme. Sogar als die Landschaft unter mir sich zu ver\u00e4ndern beginnt. Ich nehme erst wahr, dass die Felder und Wiesen weniger werden und dass in der Ferne einige vereinzelte Nester der Federlosen auftauchen, die desto l\u00e4nger wir fliegen immer mehr werden, als Aves mich darauf hinweist. \u201eSieh nur, Isilya!\u201c Das ist das erste Mal diese Nacht, dass ich meinen Blick von dem Altair abwende. Mittlerweile haben wir das weite, endlose Land hinter uns gelassen. Gerade passieren wir die ersten Nester der Federlosen. Es sind nicht viele, die hier stehen, und keines eignet sich dazu, dort zu \u00fcbertagen, ansonsten w\u00e4re ich wahrscheinlich sofort zusammen gebrochen, doch so muss ich weiter. Ich richte meinen Blick in die Ferne und erkenne vereinzelte Lichter, die von weiteren Nestern kommen m\u00fcssen. 'Ein Dorf', schie\u00dft es durch meinen Kopf. Mir behagt es nicht, den Federlosen so nahe zu kommen, auch wenn meine Mutter mir erkl\u00e4rt hat, dass nicht alle Federlosen so b\u00f6se sind, wie die, die Curon entf\u00fchrt haben. Aber trotzdem, in dem Dorf werden wir mit gr\u00f6\u00dfter Wahrscheinlichkeit einen Unterschlupf finden und solange ich mich irgendwo ausruhen kann, ist mir alles egal. Aves versucht jetzt wieder ein wenig alleine zu fliegen, doch sein Fl\u00fcgel l\u00e4sst es nicht zu und nur mit dem einen Fl\u00fcgel ist es kein gutes Unterfangen, sodass ich Aves weiterhin trage. Aves ist nicht begeistert von meiner Hilfe, aber er akzeptiert sie, was mich schon erstaunt. Er versucht sich nicht all zu schwer zu machen, da er mir meine Ersch\u00f6pfung ansieht. Aber um ehrlich zu sein, hilft es nicht viel. Doch ich habe es so weit geschafft diese Nacht, da werde ich wohl auch noch zu dem Federlosendorf \u0001 \u0002 es dauert noch eine gef\u00fchlte Ewigkeit, bis wir das Dorf endlich erreichen. Jetzt stehen Aves und ich wieder einmal vor der Frage, wohin wir sollen. Die Nester sind alle bewohnt, wie es aussieht und nirgends ist ein Eingang zu finden. Dann entdeckt Aves ein gro\u00dfes Gebilde, dass ich nach den Erz\u00e4hlung meiner Mutter als Kirche identifizieren kann, das ziemlich mittig steht. Ich bin sofort einverstanden, dort d\u00fcrften wir ungest\u00f6rt und vor den Menschen gesch\u00fctzt sein. Die Kirche ist gro\u00df, sieht schon alt aus und hat eine bogenartige \u00d6ffnung im Dach, durch die ich mit Aves in den Klauen fliege. Ich mache mir nicht die M\u00fche, eine saubere Landung hinzulegen, daf\u00fcr habe ich einfach keine Kraft mehr, stattdessen lasse ich mich, samt Aves, auf den harten, kalten Boden fallen. 'Ich werde nie wieder auch nur einen Fl\u00fcgel r\u00fchren', denke ich gerade, als ein Ger\u00e4usch zu mir durch dringt. Es ist ein Fl\u00fcgelschlag, von etwas gro\u00dfem, wie es sich anh\u00f6rt. Doch weder ich noch Aves haben uns ger\u00fchrt.",
            "wordcount": "1.717",
            "chapter_release": "09.02.2013",
            "chapter_number": "5"
        },
        "6": {
            "text": "HeyEntschuldigt, dass es wieder gedauert hatIrgendwie hab ich das Posten ein bisschen verplant^^Danke f\u00fcr eure lieben ReviewsGLG <3Kapitel 6 ~ Der RetterAls ich begreife, was das bedeutet, n\u00e4mlich, dass noch jemand hier sein muss, springe ich wieder auf die Beine. Was ich sehe, gef\u00e4llt mir gar nicht. Vor mir steht, mir mit dem R\u00fccken zugewandt, eine riesige Eule. Sie hat einen massigen Kopf mit Federohren und braun graue Flecken auf dem Gefieder. Sofort wei\u00df ich, was das f\u00fcr eine Eule ist. Ein Uhu. Der gro\u00dfe J\u00e4ger unter den Eulen, der, der sich nicht scheut Tiere seiner eigenen Art zu fressen. Tiere wie mich und Aves. Ich h\u00e4tte nicht gedacht, dass ich nach diesem Flug noch irgendetwas tun k\u00f6nnte, aber mein \u00dcberlebenstrieb scheint noch wunderbar zu funktionieren. Meine Fl\u00fcgel breiten sich drohend aus und meine Brust schwillt an, um dem Uhu zu imponieren. Aves steht kampfbereit neben mir. 'Wenn der Uhu wirklich feindlich gestimmt ist, sind wir verloren', gestehe ich mir ein. Es w\u00e4re ein unfairer Kampf. Der Uhu ist gr\u00f6\u00dfer und st\u00e4rker als wir, zwar sind wir zu Zweit, aber Aves hat nur einen Fl\u00fcgel, von dem er Gebrauch machen k\u00f6nnte und ich bin mit meinen Kr\u00e4ften am Ende. Doch zu meinem Erstaunen greift der Uhu nicht an. Stattdessen sagt er mit einer Stimme, die \u00e4lter klingt als tausend Schwarzmonde: \u201eLasst eure Fl\u00fcgel sinken, kleine Eulen. Ich werde euch nicht angreifen, wenn ihr es auch nicht tut.\u201c Einen Augenblick glaube ich, dass der Uhu uns reinlegen will, doch da der Kampf ohnehin aussichtslos ist, entschlie\u00dfe ich mich, seinem Wort zu vertrauen. Auch Aves l\u00e4sst seinen einen Fl\u00fcgel sinken. \u201eWer bist du?\u201c, frage ich mit schwacher Stimme. \u201eMein Name ist\u201c, beginnt der Uhu, w\u00e4hrend er sich mit einer schnell Bewegung zu uns umdreht. \u201eGolwen.\u201c Gerade als er seinen Namen sagt, blicke ich ihm in die Augen. Besser gesagt dahin, wo seine Augen sein sollten. Doch statt einer Iris und einer Pupille ist da... nichts. Nur g\u00e4hnende wei\u00dfe Leere. Sofort senke ich meinen Blick auf Golwens braun gestreifte Brust. Aves hat so viel Taktgef\u00fchl, um auch uns beide Vorzustellen. \u201eIch bin Aves und meine Begleiterin tr\u00e4gt den Namen Isilya.\u201c \u201eMhm\u201c, macht Golwen. \u201eDu bist eine Sperbereule nicht?\u201c, f\u00fcgt er an Aves gewandt hinzu, dann blickt er in meine Richtung. \u201eUnd du...\u201c Er scheint einen Augenblick lang zu \u00fcberlegen. \u201eDu bist eine Schleiereule, ganz klar, doch die Streifen auf deiner Brust...\u201c Er l\u00e4sst den Satz unvollendet in der Luft klingen. \u201eHalb Schleiereule, halb Habichtskauz\u201c, sage ich verwirrt. \u201eWoher wei\u00dft du-\u201c, bringe ich heraus, doch Golwen unterbricht mich. \u201eWoher ich das wei\u00df, wo ich doch nicht sehen kann?\u201c Ich nicke. \u201eSeit meiner Geburt trage ich das Mal an meinen Augen, doch ich sammelte mir alles M\u00f6gliche an Wissen an, bis ich auf eine Fledermaus traf.\u201c \u201eEine Fledermaus?\u201c, hakt Aves ungl\u00e4ubig nach. Die Eulen und die Flederm\u00e4use hassen sich schon seit undenklichen Zeiten. Golwen nickt. \u201eSie berichtete mir \u00fcber die Art zu sehen, \u00fcber die die Flederm\u00e4use verf\u00fcgen und brachte sie mir bei.\u201c Einen Augenblick schweigen alle, Aves und ich, weil wir zu erstaunt sind, um etwas zu sagen und Golwen, weil er vermutlich nichts mehr zu sagen hat. Ich wei\u00df nat\u00fcrlich, dass Flederm\u00e4use, um zu sehen, etwas benutzen, was sich Ultraschallortung nennt. Doch die Vorstellung selbst Ultraschallortung auszu\u00fcben, ist so, als w\u00fcrden M\u00e4use fliegen lernen. \u201eEntschuldigt meine Unh\u00f6flichkeit!\u201c, meint der Uhu pl\u00f6tzlich. \u201eIch lade euch selbstverst\u00e4ndlich ein, zu bleiben, so lange ihr wollt.\u201c \u201eDanke\u201c, sage ich matt. \u201eWas tun zwei Eulen, wie ihr eigentlich in dieser Gegend?\u201c, fragt Golwen neugierig. Doch ich bin zu m\u00fcde, um unsere Geschichte zu erz\u00e4hlen. Es ist Aves, der dem alten Uhu berichtet, unter welchen Umst\u00e4nden wir hier her gekommen sind. Golwen lauscht interessiert und unterbricht ihn nicht ein Mal. Als die Sperbereule geendet hat, blickt Golwen besorgt von einem zum anderen. \u201eIst das wahr?\u201c, fragt er schlie\u00dflich. \u201eDass du deinen Gef\u00e4hrten die letzten beiden N\u00e4chte hindurch getragen hast und das in deinem Zustand?\u201c Ich runzle die Stirn. In welchem Zustand? Aber ich bringe nur ein schwaches \u201eJa\u201c heraus. Golwen kommt auf mich zu und streicht mir mit seinem langen Fl\u00fcgel \u00fcber den Kopf. \u201eEin Wunder, dass du solange durchgehalten hast. Die ganze Anstrengung und dann auch noch mit Fieber!\u201c 'Fieber?', frage ich mich. 'Vielleicht h\u00e4tte ich doch etwas Mutterkraut nehmen sollen.' \u201eGut, dass ihr hier her gefunden habt. Sonst h\u00e4ttet ihr beide es nicht mehr lange getan.\u201c Golwen flattert einige Federl\u00e4ngen in eine der Ecken und zieht aus den Spalten im Stein etwas heraus, was ich nicht sehen kann. Vielleicht liegt es daran, dass es zu dunkel f\u00fcr mich ist, vielleicht liegt es auch nur daran, dass die Ersch\u00f6pfung meinen Blick und meinen Verstand verschleiert. Ich kriege kaum mit, dass Golwen wieder vor mir steht und etwas zu mir hin\u00fcber schiebt. \u201eMutterkraut habe ich nicht mehr da, aber Lavendel gegen die Erk\u00e4ltung und Gurkenkraut f\u00fcr das Fieber.\u201c Erst nehme ich z\u00f6gernd die kleine Pflanze mit den blauen Bl\u00fcten in den Schnabel und kaue vorsichtig. Es schmeckt widerlich, aber trotzdem zwinge ich mich, alles zu schlucken. Anschlie\u00dfend vertreibe ich den ekligen Geschmack mit dem Lavendel, ein kleines lila Bl\u00fctenwerk, aus meinem Mund. Unterdessen ist Golwen mit weiteren Kr\u00e4utern hin\u00fcber zu Aves gegangen. W\u00e4hrend er eine Breipackung aus Ginster anfertigt und Aves auf den verletzten Fl\u00fcgel streicht, schlie\u00dfe ich die Augen. Jetzt h\u00f6re ich nur noch das leise Rascheln der Fl\u00fcgel und Golwens Gemurmel. \u201eGetrocknete Eichenbl\u00e4tter, damit sich die Wunde nicht entz\u00fcndet und eine Greiskrautbl\u00e4tterpackung mit G\u00e4nsebl\u00fcmchen zur Verst\u00e4rkung, gegen die schmerzenden Gelenke.\u201c Ich bin fast eingeschlafen, als Golwen erneut zu mir kommt. Nur am Rande nehme ich wahr, wie er auch meine Fl\u00fcgel mit der Breipackung einreibt. Es tut schon alleine dadurch gut, dass es kalt ist. Auf einmal sp\u00fcre ich, wie Golwen mir einige Samen in den Schnabel dr\u00fcckt und sofort schmecke ich Mohn. Keine zwei Fl\u00fcgelschl\u00e4ge sp\u00e4ter bin ich \u0001 \u0002 Traum ist wirr. Ich flattere panisch in der Luft, um mich herum ist alles schwarz. Das Einzige, was ich h\u00f6re, sind meine ungleichm\u00e4\u00dfigen Fl\u00fcgelschl\u00e4ge und mein Herz, das laut gegen meine Brust schl\u00e4gt. Ich wei\u00df, dass ich etwas suche, doch nicht, was es ist. Panik keimt in mir auf und pl\u00f6tzlich sehe einen riesigen Adler, der mich verschlingt, w\u00e4hrend ich Stimmen h\u00f6re, die mir Dinge unterstellen und mich beschuldigen etwas bestimmtes nicht gefunden zu haben. Mich windend versuche ich mich aus dem Stimmengewirr zu befreien. Nach und nach verstummen die Rufe, bis nur noch eine, mir sehr vertraute, \u00fcbrig ist, die ged\u00e4mpft wispert: \u201eVerliere nie den Glauben, folge dem Adler.\u201c Seit gut drei N\u00e4chten sind wir schon in Golwens Kirchturm. Eigentlich hatte ich nicht geplant so lange zu bleiben, doch Golwen verbot mir und Aves strikt, weiter zu fliegen. Die meiste Zeit habe ich geschlafen, aber wenn ich tags\u00fcber aufgewacht bin, weil ich wieder denselben Traum hatte, wie an jenem ersten Tag bei Golwen, kam Aves, der mich kleine Ewigkeiten in den Fl\u00fcgeln hielt oder der gro\u00dfe Uhu zu mir, der mich mit Geschichten ablenkte. Ich habe noch nie eine Eule oder ein anderes Lebewesen gesehen, das so weise ist, wie er. Doch heute bin ich entschlossen los zu fliegen. Wir haben schon zu lange hier verbracht. \u201eVielen Dank f\u00fcr alles Golwen\u201c, verabschiede ich mich bei dem Uhu, w\u00e4hrend ich meine Fl\u00fcgel um ihn schlinge. Golwen l\u00e4chelt. \u201eIch habe zu danken. Man ist h\u00e4ufig einsam hier.\u201c \u201eVielleicht sehen wir uns eines Nachts wieder!\u201c, meint Aves zuversichtlich. Aves und ich begeben uns in die k\u00fchle Luft. \u201eStrahlender Mond und ewigen Frieden!\u201c, ruft Golwen uns hinterher. \u201eFliege hoch, Golwen!\u201c Ich werfe einen letzten Blick nach hinten, wo der gro\u00dfe, weise Uhu immer kleiner und kleiner \u0001 \u0002 ist wahnsinnig befreiend, endlich wieder ohne Schmerzen fliegen zu k\u00f6nnen. Golwens Breipackungen wirken ausgezeichnet. Auch dass Aves Fl\u00fcgel durch Golwens Heilkr\u00e4uter so schnell verheilt ist, ist eine gro\u00dfe Hilfe. Golwen hat uns vor unserem Abflug noch eine Kr\u00e4utermixtur aus Drachenblut, Wollziest, Traubenkraut, Kamille, G\u00e4nsebl\u00fcmchen und Sauerampfer mitgegeben. Er meinte, wir w\u00fcrden noch einen weiten Flug vor uns haben und br\u00e4uchten die Kraft. Noch ein weiterer Vorteil der Reisekr\u00e4uter ist, dass er uns f\u00fcr einige Zeit den Hunger \u0001 \u0002 n\u00e4chsten N\u00e4chte verlaufen wieder ereignislos, nur die Landschaft unter uns beginnt sich langsam zu ver\u00e4ndern. Wir durchfliegen Dorf um Dorf der Federlosen, doch die Nester werden nie weniger. Im Gegenteil, es werden immer und immer mehr. Weitere N\u00e4chte vergehen, w\u00e4hrend Aves und ich uns Geschichten erz\u00e4hlen, um uns die Zeit zu vertreiben. Doch eines Nachts ist da eine noch gr\u00f6\u00dfere Ver\u00e4nderung als zuvor in der Landschaft. \u201eAves, sieh nur!\u201c, meine ich gebannt von dem Anblick. Die Nester der Federlosen sind hier h\u00f6her als der h\u00f6chste Baum und \u00fcberall leuchten merkw\u00fcrdige Zeichen in den verschiedensten Farben. Die Nacht wird erhellt von ihnen, sodass ich fast die Augen zusammenkneifen muss, um etwas erkennen zu k\u00f6nnen. \u201eWas glaubst du ist das?\u201c, fragt Aves mich. Ich sch\u00fcttele den Kopf. \u201eIch wei\u00df es nicht. Auf jeden Fall wohnen auch hier Federlose und wie es aussieht eine ganze Menge.\u201cWas noch viel st\u00f6render ist als die Beleuchtung, ist der bei\u00dfende Gestank. Ich wei\u00df nicht, woher er kommt und auch Aves kann mir darauf keine Antwort geben. \u201eLass uns einmal tiefer fliegen\u201c, bitte ich Aves. Ich will sehen, wo wir hier gelandet sind. Ohne auf Aves Antwort zu warten, sause ich herab. Ich fliege nur wenige Eulenl\u00e4ngen \u00fcber dem Boden. Es ist ein merkw\u00fcrdiges Gef\u00fchl so tief zu fliegen, w\u00e4hrend die Nester der Federlosen so hoch hinauf ragen. Und ich bin so damit besch\u00e4ftigt, alles genau zu betrachten, dass ich das n\u00e4her kommende Ger\u00e4usch, das einem Donner gleicht, gar nicht h\u00f6re. Erst Aves Schrei, der einige Federl\u00e4ngen \u00fcber mir fliegt, rei\u00dft mich aus meinen Beobachtungen. \u201eIsilya, pass auf!\u201c Ich habe kaum noch Zeit zu reagieren. Als ich meinen Blick wieder nach vorne richte, sehe ich es. Ein riesiges, bestialisch riechendes Ungeheuer kommt mit einem ohrenbet\u00e4ubendem Ger\u00e4usch auf mich zu gejagt. Ich kann mich gerade noch zur Seite drehen, sonst h\u00e4tte mich das Ungeheuer erwischt. Kaum eine Kralle h\u00e4tte zwischen mir und das Ungeheuer gepasst. Mit panischen Fl\u00fcgelschl\u00e4gen schraube ich mich zitternd h\u00f6her in die Luft. Ich rechne fest damit, dass das Ungeheuer kehrt macht, um mich erneut anzugreifen, aber stattdessen kehrt es mir den R\u00fccken zu und rennt davon. Aber es sieht nicht aus, als ob es Beine h\u00e4tte mit denen es l\u00e4uft \u2013 auf jeden Fall ist es schnell. \u201eWas war das?\u201c, frage ich keuchend Aves. \u201eIch wei\u00df es nicht. Es war mit Sicherheit gef\u00e4hrlicher als ein Fuchs oder Dachs.\u201c\u201eImmerhin wissen wir jetzt, wo der Gestank her kommt.\u201c\u201eVielleicht ist das ihr Gebiet hier?\u201c, \u00fcberlegt Aves.\u201eGut m\u00f6glich. Wir sollten weiter fliegen und uns m\u00f6glichst hoch in der Luft halten.\u201c",
            "wordcount": "1.786",
            "chapter_release": "09.02.2013",
            "chapter_number": "6"
        },
        "7": {
            "text": "HeyEntschuldigt, dass ich so lange gebraucht habeIch habs (mal wieder) total verplant - ihr kennt mich ja ;DAber jetzt, bevor ich ne Woche weg binhab ich gedacht, poste ich das vorletzte KapitelIch hoffe es gef\u00e4llt euch und noch mal vielen Dank f\u00fcr eure lieben Reviews <3GLG :*Kapitel 7 ~ Der WegAls wir in der n\u00e4chsten Nacht aufbrechen wollen, schaue ich wie immer, wenn wir los fliegen, gen Himmel, um nach dem Altair zu suchen. Doch diese Nacht l\u00e4sst der Anblick mich erstarren. Es steht kaum ein Stern am Himmel und das obwohl die letzten N\u00e4chte immer klar gewesen sind. 'Warum ist der Altair fort?', frage ich mich panisch. Wieder ist es Aves, der mich beruhigt, indem er meint, dass er die Richtung w\u00fcsste, in die wir fliegen m\u00fcssen. Doch auch in den darauf folgenden N\u00e4chten steht der Altair nicht am Himmel. Allm\u00e4hlich zweifle ich daran, dass meine Mutter mich durch ihn leitet. M\u00fcsste er nicht sonst am Himmel stehen und mir die Richtung weisen? In der Nacht mit dem Sturm war es etwas anderes, dort haben Wolken den Himmel verborgen. Doch jetzt steht keine einzige Wolke am Himmel und von dem Altair fehlt trotzdem jede Spur. 'Habe ich etwas falsch gemacht?', frage ich mich. 'Etwas, was Aquila ver\u00e4rgert hat, sodass sie mir meine einzige Chance, meinen Vater zu finden, nimmt?' Desto mehr N\u00e4chte vergehen, desto mehr Zweifel bekomme ich. Zweifel an mir, Zweifel an meiner Mutter und Zweifel an Aquila selbst. Hat sie mich nur im Stich gelassen oder gab es sie nie? Doch das ist nicht nur unser einziges Problem. Hier zwischen den ganzen Nestern der Federlosen gibt es kaum bis gar keine Beute. Die Reisekr\u00e4uter, die Golwen mir mitgab und die zwar nicht die N\u00e4hrstoffe ersetzten, aber wenigstens den Hunger stillen k\u00f6nnen, neigen sich allm\u00e4hlich dem Ende zu. Wenn wir nicht bald etwas Essbares finden, dann werden wir bald selbst heraus finden, ob es Aquila und ihre ewigen Jagdgr\u00fcnde wirklich \u0001 \u0002 N\u00e4chte sp\u00e4ter, als Aves und mir die Gespr\u00e4chsthemen ausgegangen sind, kommt mir mein Traum in den Sinn. 'Verliere nie den Glauben, folge dem Adler.', hallt die Stimme meiner Mutter in meinem Kopf nach. Wusste sie, was passieren w\u00fcrde und hat mir deswegen diesen Traum zukommen lassen? Wie h\u00e4tte sie sonst wissen sollen, dass ich meinen Glauben verlieren w\u00fcrde? Aber wie soll ich dem Adler folgen, wenn sein Antlitz doch nicht am Himmel thront? \u201eH\u00f6re auf dein Herz\u201c, vernehme ich eine zarte Stimme. Ruckartig bewege ich meinen Kopf. \u201eHast du etwas gesagt Aves?\u201c, frage ich die Sperbereule. Diese jedoch verneint. 'H\u00f6re auf dein Herz', wiederhole ich in meinen Gedanken. Kurz darauf \u00fcberlege ich, ob ich es nicht auf einen Versuch ankommen lassen will, auch wenn ich mir ein wenig albern dabei vorkomme. Aber ich habe nichts zu verlieren und so schlie\u00dfe ich die Augen, atme die k\u00fchle Nachtluft ein und versuche auf die Stimme meines Herzens zu h\u00f6ren. Eine Weile passiert gar nichts, doch gerade als ich beschlie\u00dfe aufzugeben, durchstr\u00f6mt mich ein Gef\u00fchl, dass ich nicht benennen kann, von den Krallen bis hin zur Fl\u00fcgelspitze und intuitiv wei\u00df ich, dass wir uns weiter recht halten m\u00fcssen. Ich schwenke seitlich ab und erkl\u00e4re Aves kurz, dass ich das Gef\u00fchl habe, zu wissen, wo wir lang \u0001 \u0002 habe gelernt die vielen Federlosennester und die Ungeheuer, die zwischen ihnen herum rennen zu verabscheuen. Und umso erfreuter bin ich auch, als wir sie endlich hinter uns lassen. Nur eine Nacht nachdem ich den Kurs bestimmt habe. Jetzt nimmt die Landschaft wieder die Form von kleineren Federlosend\u00f6rfern an. Desto weiter wir fliegen, umso zahlreicher wird die Beute und umso mehr Fl\u00fcsse und Wiesen tauchen auf. Doch die Wiesen sind klein und hier w\u00fcrde keine Eule lange \u00fcberleben, aus Nahrungsmangel. Aber f\u00fcr zwei Reisende, wie uns, ist es das Paradies. Was meine gute Laune endg\u00fcltig h\u00f6her bringt, als ich jemals fliegen k\u00f6nnte, ist die Tatsache, dass der Altair wieder auf seinen Platz thront und dass die Richtung, in die ich uns gef\u00fchrt habe, die Richtige war. Ich h\u00e4tte nie an Aquila oder an meiner Mutter zweifeln sollen. Auch Aves schwebt fast in Euphorie, als wir merken, dass wir auf einen Wald mit riesigen Fichten und Kiefern zu halten. Ich kann verstehen, wie er sich f\u00fchlt, als wir ihn erreichen und er ein St\u00fcck Heimat zur\u00fcck hat. \u201eSoll ich dir noch einmal zeigen, wie man richtig jagt?\u201c, fragt er mich so hochm\u00fctig wie schon lange nicht mehr. Aves hat l\u00e4ngst ein wenig Bescheidenheit gewonnen. Etwas gutes hatte die Reise also schon mal. Ich pikse der Sperbereule mit meinem Schnabel neckend in die Seite. \u201eSei blo\u00df still!\u201c, meine ich scherzhaft. \u201eIch bin l\u00e4ngst dazu in der Lange, mir auch im Wald meine Beute zu fangen.\u201c \u201eMhm\u201c, macht Aves. \u201eUnd wem hast du das zu verdanken?\u201c Ich schnaube. \u201eMeinem ausgesprochen gutem Jagdinstinkt nat\u00fcrlich, was dachtest du denn?\u201c, gebe ich zur\u00fcck und Aves st\u00fcrzt sich spielerisch auf mich. Eine Weile haben wir etwas, was wir schon lange nicht mehr hatten: \u0001 \u0002 ich bin froh wieder im Wald zu sein. Eigentlich ist es wundervoll hier, nichts im Vergleich zu den Feldern, aber doch akzeptabel.",
            "wordcount": "866",
            "chapter_release": "09.02.2013",
            "chapter_number": "7"
        },
        "8": {
            "text": "Hey - zum letzten Mal :)Hier ist endlich das Ende der kleinen GeschichteMeiner Meinung nach ist das ganze Kapitel totaler Schrottaber gut, was soll man machen ;DUnd bevor es jetzt losgeht, m\u00f6chte ich euch noch einmal \u0001 \u0002 f\u00fcr tolle Leser ihr seid :*Ohne euch, w\u00e4re ich nichts.*euch alle knuddel*Viel Spa\u00df beim Lesen undGLG <3Kapitel 8 ~ Das ZielTrotzdem ist unsere Reise noch nicht vorbei und so dringen wir tiefer in den Wald ein. Doch jetzt erlauben wir uns h\u00e4ufiger zu rasten und mehr zu fangen. W\u00e4hrend der letzten N\u00e4chte sind wir ganz sch\u00f6n abgemagert, auch wenn unser pl\u00fcschiges Gefieder das gut zu verbergen wei\u00df. Weitere N\u00e4chte sind vergangen und gerade sind wir beide auf der Jagd, als ich einen gellenden Schrei h\u00f6re und ein Knurren. Ein Knurren, was ich jetzt seit knapp einem Schwarzmond nicht mehr geh\u00f6rt habe. Erst will mir nicht einfallen, woher ich es kenne, doch dann f\u00e4llt es mir wie Schuppen von den Augen. Der Schrei einer Eule und das Knurren eines Dachses. Ohne lange zu \u00fcberlegen, fliege ich in H\u00f6chstgeschwindigkeit in die Richtung, aus der die Ger\u00e4usche kommen. Es dauert nicht lange bis ich tats\u00e4chlich einen Dachs erblicke, der eine Eule angreift. Ich wei\u00df nicht, was mit den Dachsen los ist, normalerweise sehen sie Eulen nicht als Beute an, da sie fliegen k\u00f6nnen. Doch anscheinend haben sie in letzter Zeit Gl\u00fcck. Wie k\u00f6nnte ich nach dem Tod meiner Mutter noch zu sehen, wie eine weitere Eule durch einen Dachs stirbt? Das ist der eine Grund, warum ich mich auf die Bestie nieder sausen lasse. Der andere Grund ist, dass ich nicht einfach einer Eule beim Sterben zusehen kann. Die Eule, die am Boden liegt, hat einen gro\u00dfen runden Kopf, der aussieht, wie zwei, sich gegen\u00fcber liegenden, Mondsicheln, mit schwarzen mandelf\u00f6rmigen Augen, die jetzt panisch aufgerissen sind, grauwei\u00df gestreiftes Gefieder und einen grauer Bauch. Sie hat gelbe Krallen und einen gelber Schnabel, der Blut\u00fcberstr\u00f6mt ist. Doch das, was mir als erstes auff\u00e4llt, ist der metallene Ring, der durch seinen Fl\u00fcgel gestochen worden sein muss. Der Dachs h\u00e4lt die Eule mit seiner Pranke am Boden fest, genauso wie der Dachs, der damals meine Mutter get\u00f6tet hat, es mit ihr gemacht hat. 'Doch diesmal wird niemand sterben!', versuche ich mir Mut zu machen, w\u00e4hrend ich meine Krallen erneut in das Fleisch der Bestie grabe. W\u00fctend l\u00e4sst sie von ihrem Opfer ab und wendet sich schwerf\u00e4llig mir zu. Ich lege mich gerade noch rechtzeitig auf die Seite, um einer der schnabellangen Krallen auszuweichen. Doch der Dachs ist schneller, als ich gedacht habe und so erwischt er mich mit seiner Anderen. Mit einem dumpfen Aufprall lande ich auf dem Boden, ungesch\u00fctzt, v\u00f6llig wehrlos. Der Dachs erhebt sich auf beide Hinterpfoten und will mit den Vorderpfoten auf mich nieder sausen, ein Hieb, der unweigerlich zum Tod f\u00fchren w\u00fcrde. 'Oh Aquila!', bete ich inst\u00e4ndig. 'Lass es schnell vorbei sein.' Doch da kommt kein Schlag, kein Hieb, der mir den Todessto\u00df verpasst. Ich wage es, die Augen zu \u00f6ffnen und sehe Aves, wie er den Dachs von mir ablenkt. \u201eDanke!\u201c, keuche ich ihm zu, als ich mich wieder in die Luft begebe. \u201eZiel auf die Augen\u201c, rufe ich ihm noch zu. Aves hat verstanden und schl\u00e4gt mit mir auf das Gesicht des Dachses ein. Auch der Fremde hat sich gefangen und sich wieder in die Luft begeben. Er bearbeitet flink die Flanken des Dachses. Dieser heult schmerzerf\u00fcllt und sieht ein, dass er verloren hat. Er jault ein letztes Mal und verschwindet dahin, wo er hergekommen ist. Keuchend lasse ich mich auf den n\u00e4chstbesten Ast nieder. \u201eDanke\u201c, hechelt der Fremde au\u00dfer Atem. \u201eDarf ich erfahren, wem ich mein Leben zu verdanken habe?\u201c \u201eDas da\u201c, ich deute mit der Fl\u00fcgelspitze auf Aves, der neben mir gelandet ist, \u201eist Aves und mein Name ist Isilya.\u201c Dem Fremden entf\u00e4hrt ein ungl\u00e4ubiges Keuchen. Erst glaube ich, dass es wegen der Anstrengung ist, doch nach seinen n\u00e4chsten Worten, die er mehr zu sich selbst sagt, als zu mir, wei\u00df ich, dass es etwas anderes ist: \u201eIsilya, ist es wirklich wahr? Wo ist Elenya?\u201c \u201eBist du...\u201c, ich stocke, weil ich es einfach nicht glauben kann. \u201eBist du etwa Curon, mein Vater?\u201c \u201eJa\u201c, haucht der Habichtskauz und dann liege ich ihm auch schon in den Fl\u00fcgeln. Kleine Schluchzer sch\u00fctteln meinen K\u00f6rper, doch es sind welche der Freude. Erst ein wenig sp\u00e4ter, merke ich, dass Aves stumm unser Wiedersehen beobachtet. Ich muss wieder daran denken, dass seine Eltern ihn verlassen haben, dass er nichts hat, was er eine Familie nennen k\u00f6nnte. Ich breite die Fl\u00fcgel aus und winke Aves heran. \u201eAuch du bist ein Teil dieser Familie\u201c, meine ich und schlie\u00dfe ihn fest in eine Umfl\u00fcgelung. Es sind fast zwei Schwarzmonde vergangen, seit wir Curon gefunden haben. Die Zeit der fallenden Bl\u00e4tter ist vorbei, stattdessen ist die gro\u00dfe K\u00e4lte heran gebrochen. Doch auch wenn die Beute rarer ist, finde ich sie nicht halb so schlimm, wie ich immer gedacht habe. Vielleicht liegt das aber auch der Gesellschaft, in der ich mich befinde. Seit wir Curon gefunden haben, ist einiges passiert. Aves und ich erz\u00e4hlten abwechselnd unsere Geschichte. Ich habe versucht, die grausamen Einzelheiten \u00fcber den Tod meiner Mutter und seiner Gef\u00e4hrtin zu verschweigen, aber Curon wollte jedes kleine Detail wissen. Danach hielten wir uns lange weinend in den Fl\u00fcgeln, doch ich wei\u00df, dass wir dar\u00fcber hinweg kommen werden. Sie hat uns nie verlassen. Ihre Seele lebt im Altair weiter und in unserem Herzen wird sie immer mit uns fliegen. Auch Curon hat uns seine Geschichte erz\u00e4hlt. Wie er auf Jagd ging und wie er dabei von Menschen entdeckt und gefangen genommen wurde. Er berichtete uns knapp, wie sie ihn untersucht h\u00e4tten und merkw\u00fcrdige, manchmal auch schmerzhafte Dinge getan h\u00e4tten. Doch er fasste sich kurz und ich glaube nicht, dass er uns jemals die Einzelheiten erz\u00e4hlen wird. Ich sehe ihm an, dass er die Zeit am liebsten selbst vergessen w\u00fcrde, doch der schwere metallene Ring, den die Federlosen an seinem Fl\u00fcgel befestigt haben, macht das unm\u00f6glich. Als Curon uns jedoch von seiner Flucht erz\u00e4hlte, lie\u00df er keine Einzelheiten aus, was ich ihm nicht verdenken kann. Wie viele Eulen schaffen es schon, sich aus dem Nest eines Federlosen zu befreien? Ich kenne da nur eine. Dies ist jetzt viele Schwarzmonde her, hatte Curon erz\u00e4hlt. Er meinte, dass er lange auf der Suche nach uns gewesen w\u00e4re, doch uns nie gefunden h\u00e4tte. Irgendwann, als er die Hoffnung aufgab, hat er sich hier im Wald nieder gelassen. Und hier werden auch ich und Aves jetzt wohnen. Allerdings haben wir alle beschlossen n\u00e4her an den Waldrand zu ziehen. Dort wo weite Felder und Wiesen an den Wald angrenzen, damit ich meiner Heimat ein St\u00fcck n\u00e4her bin. So gerne ich auch im Wald lebe, die Weite ist mir einfach lieber. Und noch etwas ist seit zwei Schwarmonden passiert, eigentlich das Beste von allem. Aves und ich sind jetzt offiziell Gef\u00e4hrten. Im Augenblick suchen wir einen geeigneten Brutplatz. Die Reise war schwierig, mehr als einmal bin ich dem Tod nur knapp entronnen oder habe den Glauben verloren, doch letztendlich habe ich das getan, was ich tun musste. Ich bin lange Zeit meinem Schicksal gefolgt und am Ende habe ich mein Ziel doch gefunden, weil ich meinen Weg gegangen bin und niemals aufgegeben habe.",
            "wordcount": "1.219",
            "chapter_release": "09.02.2013",
            "chapter_number": "8"
        }
    },
    "title": "Auf der Suche",
    "topic": "unspecified",
    "release": "\n09.02.2013\n\t\t\t\t\t\t",
    "author": "redbird22"
}