{
    "tags": [],
    "chapcount": "1",
    "wordcount": "11.429",
    "chapters": {
        "1": {
            "text": "Disclamer: 1. Dieser Oneshot setzt einen genaueren Fokus auf die zwei Charaktere Pax und Okult aus der MMFf von Lady Castiel \"Chroniken drer St\u00e4mme\" https://\u0001 \u0002.de/s/5ac39b0e00092b4528aa3172/1/Chroniken-der-Staemme-MMFF-%22 \u0001 \u0002 Text wurde von zwei Autoren geschrieben, deshalb existieren zwei Teile dieses Oneshots. Der zweite Teil wird auf dem Account meiner Mitschreiberin LifeBeast gepostet. 3. Zwischen durch wechselt die Sicht der beiden beteiligten Personen, das wird aber nicht genau gekennzeichnet. Wir hoffen es irritiert nicht beim \u0001 \u0002 lag auf dem Boden ihres staubigen und dunklen Gef\u00e4ngnisses. Ihre eisblauen Augen fuhren an den Kristallstrukturen um sie herum vorbei. Der K\u00f6rper der Streunerin schmerzte und die erzwungene Unterern\u00e4hrung nagte an ihrem Inneren. An Schlafen war kaum zu denken, doch viel Anderes gab es hier eh nicht zu tun. Vor allem da es gerade Nacht zu sein schien. Genau wusste Pax das nicht, ihr Gef\u00e4ngnis besa\u00df weder ein Fenster noch irgendein Loch, durch das Lichtstrahlen h\u00e4tten eindringen k\u00f6nnen. M\u00fcde presste sie ihre Schl\u00e4fen gegen den k\u00fchlen Untergrund. Ein seltsamer ungreifbarer stechender Schmerz klopfte schon seit einiger Zeit vom Inneren ihres Sch\u00e4dels gegen ihre Stirn. Sie w\u00e4lzte sich nach rechts und dann wieder nach links. Alaine lag nicht weit neben ihr entfernt. Sie sp\u00fcrte wie sie m\u00fcder wurde, doch trotzdem konnte sie immer noch nicht einschlafen. Der Untergrund war k\u00fchl und hart, w\u00e4hrend in ihr eine trockene Hitze, Durst und Hunger brannte. Die Streunerin begann leicht weg zu d\u00e4mmern, ihre Gedanken trieben ab, und Alaines Umriss verschwamm in ihren Augen. Pax Gedanken geriten auf Abwege. Hunger war der Blondhaarigen kein Fremdwort. Im Leben eines Streuner war der Hunger ein st\u00e4ndiger Begleiter und alter Freund. Das Fehlen ihrer Kr\u00e4fte machte Pax aber zu schaffen. Die Energiereserven der Streunerin waren meist am n\u00e4chsten Tag wieder aufgeladen, aber Pax hatte schon lange kein Sonnenlicht mehr zu Gesicht bekommen. Ihr K\u00f6rper erinnerte sich an eine Zeit in der sie sich schon einmal ebenso Ausgelaugt gef\u00fchlt hatte. War das dort ein Kind? Die Realit\u00e4t um Pax herum, verlor immer mehr ihrer Best\u00e4ndigkeit. Sie meinte schwarze Haare vor ihrerem blo\u00dfen Auge zu erkennen. Sie erinnert sich an jemanden... Okult-Sie erinnerte sich an ihn, seine gro\u00dfen violetten Augen. Sie sp\u00fcrte den Hunger, und die Ersch\u00f6pfung von damals. Ihr Geist trieb weiter ab, wie als w\u00fcrde sie sich gleich weg teleportieren, nur, dass sie dabei ihren K\u00f6rper zur\u00fcck lie\u00df, dabei brauchte sie doch noch ihn! Pax glaubte wieder seine Bewegungen zu sp\u00fcren wie damals, dort war sie auch unter der Erde gewesen. Sie konnte sich noch sehr gut daran erinnern, denn Pax hasste Orte unter der Erde. Es war ein Unfall gewesen und sie war leichtsinnig gewesen. Die Streunerin glaubte wieder untern in der H\u00f6hle von damals zu sein, der Boden unter ihrem R\u00fccken f\u00fchlte sich wieder genauso an, wie die felsige Wand des H\u00f6hlensystemIhr lief es kalt den R\u00fccken runter, als Pax begriff wohin sie sich diesmal teleportiert hatte. Es war das zweite Mal, dass sie einfach so ohne ein klares Ziel teleportierte. Inzwischen wusste die Streunerin, das sie sowas kaum \u00fcberleben konnte. Sie hatte also Gl\u00fcck oder zu mindestens dachte sie das, aber jetzt- Sie steckte in einer H\u00f6hle. Klasse, Pax mochte H\u00f6hlen nicht. Der Grund? Hier konnte ihr jederzeit die Decke auf den Kopf fallen. Aber ein weiteres Mal teleportieren war im Moment nicht m\u00f6glich. Langsam sank sie auf den Boden. Die Hand schloss sie fest um ihr Naginata, als sie mit ihrer letzten Kraft versuchte bei Bewusstsein zu bleiben, um ihr Umfeld nach m\u00f6glichen Gefahren abzusuchen. Pax w\u00fcnschte sich das es ein Traum war und sie in Wirklichkeit, irgendwi auf einem sonnigen Feld lag. Die linke Hand fuhr nach hinten und zog die, zum Teil zerschlissene, Kapuze \u00fcber ihren Kopf, dann wurde ihr Sichtfeld endg\u00fcltig schwarz. Sie versank in einen festen traumlosen Schlaf. Sein Knie und seine Sohlen schmerzten stark vom Sturz, doch er lie\u00df sich von diesen Blessuren nicht die einzige Chance zum \u00dcberleben nehmen. Hoffentlich hatte er sich nichts gebrochen und wenn doch standen die Chancen gro\u00df das seine Knochen durch die Belastung falsch zusammenwachsen w\u00fcrden, doch das musste er in Kauf nehmen. Wenn Okult hier verweilen w\u00fcrde, w\u00fcrde es auch nicht besser werden. Er verfluchte innerlich seine \u00fcberaus \u201aungl\u00fcckliche\u2018 Situation und erschauderte als er an Malien dachte, er wollte nicht genau so enden, dann w\u00fcrde er wirklich zum Sterben zur\u00fcckgelassen werden. Ach was f\u00fcr ein Unsinn! Mit einem gebrochenen Bein w\u00fcrde er \u00fcberhaupt nicht laufen k\u00f6nnen und wenn er hier nicht rausfand w\u00fcrden die Schlangen, die sich hier anscheinend heimisch f\u00fchlten, ihn herfallen. Es war kein angenehmer \u0001 \u0002 Schritt er an der Wand weiter entlang. Es war Dunkel, Stockdunkel. Eigentlich fand er die Finsternis faszinierend, sie hatte etwas Verzauberndes, Lockendes und lie\u00df die Fantasie in ihr neue Welten erschaffen. Doch momentan behinderte sie ihn nur. Zwar konnte er mithilfe seiner violetten Augen ungef\u00e4hr den Gang erahnen, durch den er sich entschieden hatte zu gehen, doch leider zeigten sie ihm ohne Licht nicht jede Unebenheit im Boden an oder warnten ihm vor allen herumliegenden \u0001 \u0002 fiel ihm ein Funkeln ins Auge. Er war nur klein und entfernt, doch, dass er ihn durch aus durch Tonnen von Stein sehen konnte, lie\u00df es ihn nicht einfach als Nichtigkeit abtun. Es war kein Ausgang, aber etwas war da und es leuchtete mit derselben Kraft wie die Sterne am Himmel. Er sollte wegrennen, fliehen, kehrtmachen solange er es noch konnte, doch- Dieses etwas w\u00fcrde ihn mit Leichtigkeit t\u00f6teten k\u00f6nnen- Neugier hatte ihn befallen. Obwohl Panik langsam sein Herz zu vergiften versuchte, wuchs der Geist des Forschers in ihm, bis er schlie\u00dflich weiter dem Weg folgte, der stetig zerkl\u00fcfteter wurde. Hier schien der Fels geschundener und instabiler zu sein, doch seine Aufmerksamkeit lag auf dem Konzentrationspunkt der durch die hohe Ansammlung Naus... oder was auch immer dies genau war, funkelte wie die Lichter am \u0001 \u0002 war wundersch\u00f6n. Strahlend neben der Finsternis. Schlie\u00dflich war er nah genug gekommen um sicher zu sein, dort in der Finsternis lag eine Frau, sie bewegte sich nicht, lag reglos am Boden. War sie Tod oder schlief sie nur? Und wo war sie hergekommen? War sie ebenfalls durch ein Loch gest\u00fcrzt? Auf jeden Fall hier nicht, hier war alles nur d\u00fcster. Wenn musste sie einiges gewandert sein, ehe sie zusammengebrochen war, wie er nun wo sie nur noch wenige Schritte entfernt unbequem lag vermutete. Er n\u00e4herte sich ihr weiter, trotz all der Bedenken die sein Gehirn erfasste, trotz der Angst die ihm im Herzen sa\u00df- oder vielleicht gerade wegen dieser Angst. Er wollte nicht mehr in dieser verdammten Grube alleine sein, er wollte- er wollte wissen wer diese Frau \u0001 \u0002 ist sie nett, dachte er und ignorierte dabei den Fakt, dass von den 83 Leute die er kannte, gerade mal vielleicht 2 ihn nicht nur als Ballast \u0001 \u0002 Lider fuhren wie Blitze auseinander, dann sp\u00fcrte er kalten Stahl an seinem \u0001 \u0002 Kind\u2026ihre Augen leuchteten blau auf und sie zog ihr Naginata zur\u00fcck. Als die Klinge vom Hals des Kleinen verschwand, beruhigte sich auch ihr Gegen\u00fcber. Sie st\u00fctzte die Parierstange gegen ihre Schulter und die Klinge gegen die Wand hinter ihr. Mit schiefgelegtem Kopf musterte sie das Kind vor ihr, m\u00e4nnlich, ungesunde fahle Haut und dunkles Haar, unauff\u00e4llige einfache Kleidung, viel zu gro\u00df f\u00fcr den kleinen K\u00f6rper und angsterf\u00fcllte violette Augen, waren das erste, das ihr auffielen.\u201eRuhig Blut, du siehst ja so auf, als w\u00e4re ich der Tod in Person\u201c, sie war nerv\u00f6s, vor ihr befand sich ein Kind und sie wusste nicht wie sie damit umgehen sollte. Genau genommen, erinnerte sich nicht daran, jemals jemand j\u00fcngeren getroffen zu \u0001 \u0002 Augen verengten sich, als sie begann die Situation abzuw\u00e4gen, den Jungen lie\u00df sie dabei nicht aus den selbigen. Sie hatte vorgehabt hier einfach wieder raus zu teleportieren, aber jetzt war da dieses Kind. Sie konnte nicht einfach ein Kind hierlassen. Kinder hatte immer Eltern in ihrer N\u00e4he richtig? Wer w\u00fcrde sein Kind einfach so in einer H\u00f6hle rumlaufen lassen. Pax bemerkte gar nicht, wie sie begann durch das dunkle Haar des Kindes zu wuscheln und dass sie aufgeh\u00f6rt hatte abzuw\u00e4gen, welche Situationen am besten f\u00fcr sie w\u00e4re. Es war weniger Vertrauen, dass sie das zu brachte, als ihr Komplex den Hilflosen zu helfen. Zudem gab ihr den Junge ein kompliziertes Gef\u00fchl und sie hielt es f\u00fcr das Beste ihn in greifbarer N\u00e4he zu haben.\u201eIch bin Wolf\u201c, Pax versuchte so freundlich wie m\u00f6glich zu klingen, als sie sich dem Kind vorstellte. Es war nicht ihr echter Name, denn auch wenn der Kleine vor ihr hilflos und harmlos wirkte, lag da etwas ihn seinen Augen, dass Pax erschaudern lie\u00df. Wolf war ein Pseudonym das viele Streuner nutzten besonders wenn es zu Gesch\u00e4ften mit den St\u00e4mmen kam. Die Gesch\u00e4fte waren extrem selten, doch es hatte sich eingeb\u00fcrgert den Name Wolf als Synonym zu Individuen zu geben, bei denen Vorsicht geboten war. So sicherte sich die Streuner ihr \u00fcberleben, ohne wirklich eine Einheit zu sein, \u201eWie hei\u00dft du?\u201c\u201eOkult-\u201c, seine Antworte folgte nicht direkt und war kaum h\u00f6rbar. Seine Worte waren Wispern, doch er musste wohl etwas lauter gesprochen haben, als er angenommen hatte. Pax merkte wie er bei dem klang seiner eigenen Stimme, die verst\u00e4ndlich durch die Stille dran und das obwohl die Angst und Anspannung seine Glieder l\u00e4hmte. Jede Ber\u00fchrung der Fremden Wellen sendete des Schauers durch seine Nerven. Es war aber kein unangenehmes Gef\u00fchl, stellte der Junge fest, das Gegenteil war der Fall. Das Licht beruhigte ihn. Es war als w\u00fcrde die leuchtende Aura der Streunerin singen. Es war keine Stimme die er h\u00f6ren k\u00f6nnte, mehr war es eine Melodie aus Empfindungen und Gef\u00fchlen. Sie gab ihm Hoffnung und es war als erz\u00e4hle sie von einer Zukunft mit unbegrenzten die M\u00f6glichkeiten.\u201eIch...ma-ag W\u00f6lfe\u201c, stammelte er und erfasste erst einige Sekunden sp\u00e4ter, dass er seine Gedanken laut ausgesprochen hatte. Er musterte die Ausdr\u00fccke von Wolf, die vor allem durch ihre Augen huschten, denn ihr Gesicht gibt keine Regung von sich und versteckt Emotionen. Gleichzeitig scheinen die eisblauen Augen, die das einzige Zeugnis f\u00fcr die Gef\u00fchlsregung der blonden Frau sind, sich durch seine Seele zu bohren, doch hinter dieser geschaffenen Maske quollen, durch die Auflagen der Kontrolle, Gef\u00fchle hindurch, die sich ihr Tr\u00e4ger vielleicht nicht unbedingt selbst bewusst ist? Okult legt seinen Kopf schief, wagt aber auch nicht noch etwas zu sagen.\u201eMhmm es ist zu dunkel\u201c, meint sie pl\u00f6tzlich und steht auf. Okult, der selbst gut in der Dunkelheit sehen kann, weicht zur\u00fcck und macht ihr Platz. Wolf hebt langsam die Hand, die erst aufgl\u00fcht und dann eine warm gelblich leuchtende gl\u00fchende Sph\u00e4re hervorbringt. Okkults Augen glimmen vor Faszination auf, als er zuschaut, wie die leuchtende Kugel in die Luft steigt und die Umgebung erhellt. \u201eIst hier irgendwo einer deiner Leute?\u201c, fragte sie, w\u00e4hrend weitere, diesmal kleinere, Sph\u00e4ren entstehen, die um beide herumschwirren. Okult schweigt vorerst. Es dauert etwas bis er antwortet. Solange bis das Unbehagen wieder weit genug von der Neugier gen\u00e4hrt wurde, dass seine Entscheidung kippt und er der Frau eine Antwort gibt. \u201eNein. Ich bin- hier alleine- Verlaufen...\u201c Wieder f\u00e4hrt eine Hand durch seine Haare, sie ist beruhigend. Die W\u00e4rme ihres K\u00f6rpers \u00fcberspringend durch die N\u00e4he. Ihre Gesten ist nicht von Gewalt, Hass, Brutalit\u00e4t oder Grobheit gepr\u00e4gt und laufen wie ein Schock durch das Kind. \u201eDu bist wahrscheinlich nicht von den St\u00e4mmen\u201c Okult brachte es inzwischen Zustande wieder etwas Abstand zwischen beide. Seine Augen flogen durch die nun erleuchtete Umgebung Er konnte direkt keine Gefahren ausmachen. Auff\u00e4llig war jedoch ein paar Schlangen, die vor dem Licht in Ritzen in den W\u00e4nden verschwanden.\u201eIch wei\u00df was nicht ganz genau was du meinst- aber ich und meine Gruppe treffen recht selten auf Leute.\u201c, murmelte der \u0001 \u0002 Blau\u00e4ugige klopfte sich etwas Staub von dem beigen Poncho, sie regte sich nicht ersichtlich und schien in ihre eigenen Gedanken versunken zu sein.. \u201eEure Gruppe geh\u00f6rt also zu denen Verr\u00fcckten, die durch das unbewohnbare Gebiet au\u00dferhalb der Berge streifen?\u201c, gibt sie schlie\u00dflich von sich, Sekunden sp\u00e4ter setzt sie hinterher, \u201eVielleicht ist es besser, dass du sie hier verloren hast, hier l\u00e4sst es sich leben, also auf jeden Fall au\u00dferhalb dieser H\u00f6lle\u201c \u201eWir sind also in einer Schale?\u201c, die Streunerin blinzelte ein paar Mal. \u201eFalls du ein Gebiet meinst, dass frei von den Bestien und dem Gift ist, dann ja. Aber keine Sorge wir haben ganz eigenen Verr\u00fcckten\u201c Okkult konnte nicht wirklich sagen, ob sie damit die St\u00e4mme meinte, oder vielleicht noch andere Leute, die sich in dieser Region eingenistet hatten, au\u00dferdem h\u00f6rte er dazu einen komisch klingenden Unterton, w\u00e4hrend sie redete und wusste nicht genau wie er zu deuten war. Es war aber nicht wichtig, wenn es doch viel Interessanteres zu besprechen gab. \u201eDu bist ein von Nau geliebter Mutant, deswegen konntest du das Licht machen und leuchten, oder?\u201c, vielleicht h\u00e4tte er die Frage nicht mit ganz so viel Neugier stellen sollen, das k\u00f6nnte verunsichern. Sein Gegen\u00fcberwurde davon aber nicht sehr Eingesch\u00fcchtert. \u201eIch bin zwar ein Mutant aber definitiv kein Geliebter\u201c, meinte sie stattdessen und lachte.\u201eDamit ist nur gemeint, dass deine Mutation nicht rein negativer Natur ist\u201c, antwortete Okkult verlegen und kratzte sich am Hinterkopf. \u201eGibt es denn \u00dcberhaupt so etwas wie nur Mutationen die nur negative Effekte mit sich bringen?\u201cOkult schluckte etwas, bevor er antwortete: \u201eMutationen die dich physisch von innen heraus auffressen, oder die dich ohne Haut auf die Welt setzen- treten bei uns des \u00d6fteren auf- doch vermutlich liegt es daran, dass wir durch die Wildnis streifen.\u201c \u201eIch sag es doch, wer bei euch auch immer auf diese Idee gekommen ist, hat einen Knall\u201c, Wolf schien nebenbei schnell all ihre Taschen, Scheiden und Gurte zu kontrollieren. Ob sie vermutete das ich was genommen hatte, schoss es durch Okults Kopf Vielleicht schaute sie aber auch blo\u00df so nach.\u201eIch bin \u00dcbrigens schon seit einer Weile hier in dieser H\u00f6hle Unterwegs, bis ich erst vorhin auf dich getroffen bin, seit ich durch ein Loch ge-, ge-st\u00fcrzt bin.\u201c, der Junge verfluchte sich innerlich, das er bei dem letzten Wort solange gez\u00f6gert hatte. Er las klar und deutlich den Zweifel im Anglitzt von Wolf, die L\u00fcge, die sie durch seine lange Pause einfach gewittert haben musste. schnell er davon Abzulenken indem er fortfuhr, \u201eUnd wie bist du hier hergelangt?\u201c \u201eMeine Mutation\u201c, war nur die Antwort der Frau. Okkult wartete ob noch etwas ihrerseits kommen w\u00fcrde, doch sie schwieg. Der Junge versuchte die peinliche Stille zu durchbrechen: \u201eTrotzdem kannst du von Gl\u00fcck sprechen mit einer solchen Mutation geboren zu sein\u201c Wolf antwortete nicht darauf nicht. Ihre blauen Augen schienen f\u00fcr einen Moment ins Leere zu schauen, als w\u00fcrde sie nicht mehr die, von den fallenden Strahlen erhellten, Welt ansehen, sondern sich in sich in Erinnerungen verlieren. Der Lila\u00e4ugige legte den Kopfschr\u00e4g, w\u00e4hrend ihm ihr Name auf den Lippen lag. Grad wollte er ihn aussprechen, doch just in diesem Moment fing sich die Frau wieder, aber auch nur halb, denn ihr Kopfsch\u00fctteln wirkte noch immer leicht mechanisch. \u201e.Kann sein-\u201c, murmelte Wolf, nach einer \u0001 \u0002 lag wieder in ihrer Zelle in Cyrus Lager, vor ihr lag Alaine, die andere Streunerin hatte sich zu ihr gewandt. Verschwommen sah sie ihre gr\u00fcnen Augen an. Der harte Steinboden unter ihr k\u00e4mpfte mit der Hitze und dem Unwohlsein in ihr drin. Die wiesengleichen Iren ihres Gegen\u00fcbers wanderten zur Decke und stattdessen schob sich Haar, so schwarz wie die tiefste Finsternis in Pax Blickfeld. Wie im Fiebertraum blinzelte die Streunerin. Sie meinte schwarze Schwei\u00dfperlen w\u00fcrden \u00fcber ihr Gesicht laufen. Nur schnappschussartig nahm sie ihre Umgebung war, ab und an \u00fcberlappte ihre Erinnerung mit der Realit\u00e4t. Sie sah die Dinge doppelt und versuchte sich wieder zu konzentrieren. Pax Augen wandelten wieder zu Alaines Haaren. Die eisblauen Augen der Streunerin leuchten normalerweise so hell wie zwei Sterne am Nachthimmel. Doch jetzt flackerte das Licht in ihnen. Pax \u00fcberraschte dieses Gef\u00fchl nicht, es war normal wenn sie ihre Kr\u00e4fte nicht aufluden und die junge Frau keinen Ort zum Ausruhen gefunden hatte. Sie h\u00e4tte sie fr\u00fcher Ausruhen sollen, dann w\u00e4ren die Symptome lediglich Ersch\u00f6pfung und Schwindel gewesen. Jetzt traf es Pax hart und dadurch das sich nichts Gegessen oder Getrunken hatte f\u00fchlte es sich umso schlimmer an. In ihrem Blickfeld verschwamm Alaines Haar mit dem Boden der Zelle. Die Streunerin wusste nichtmehr wo der harte Untergrund aufh\u00f6rte und das pechschwarze Haar der Person neben ihr begann. Dann kippte ihr Blickfeld und sie verlor sich endg\u00fcltig in bodenloser Dunkelheit und ihren Erinnerungen, die \u00fcber die junge Frau hineinst\u00fcrzten wie ein kalter \u0001 \u0002 wanderten nun seit Stunden durch ein ewiges Labyrinth aus G\u00e4ngen. Ihre Lichtquellen waren von Pax erschaffene Sph\u00e4ren, die ein leicht gelbes Licht von sich gaben. Der Junge war von ihnen sichtlich beeindruckt. Er hatte sich, ohne eine Aufforderung zu ben\u00f6tigen an ihre Fersen geheftet und sich auch gleich als n\u00fctzlich erwiesen. Er begann die W\u00e4nde zu markieren und ritzte immer wieder Zeichen in diese. Sie w\u00fcrden also kaum einen Gang zweimal benutzen, aber das l\u00f6ste kaum ihre Probleme. Pax Kr\u00e4fte waren vom Licht abh\u00e4ngig. Licht, das es hier unten nicht gab. Sobald ihre Reserven aufgebraucht waren, standen beide im Dunkeln. Vorher w\u00fcrden sie aber Verdursten. Die Blondhaarige verfluchte ihre Unachtsamkeit, sie hatte tats\u00e4chlich vergessen ihre Trinkschl\u00e4uche auf zu f\u00fcllen. Sie waren zu zweit, dass bedeutet ihre Wasservorr\u00e4te w\u00fcrden zweimal so schnell aufgebraucht sein. Sie schaute zu dem Kleiner, der eifrig eine neue Markierung an der Wand anbrachte. Pax hagerte mit sich selbst, es w\u00e4re so einfach ihn zur\u00fcckzulassen, noch hatte sie genug Kraft um sich in Sicherheit zu teleportieren. Sie wusste aber dass sie es niemals tun w\u00fcrde, verflucht sei ihr \u0001 \u0002 alte Bara hatte recht, sie hatte einen Charakter ungeeignet f\u00fcr einen Streuner. Es war ein Wunder das Pax noch am Leben war. Tot durch Verdursten, weil ich nicht einmal ein Kind zur\u00fccklassen kann, dachte die Streunerin bei sich, bravo Pax! Sie biegen um die n\u00e4chste Ecke und kaum taten sie es, wurde Pax zur gl\u00e4ubigsten Streunerin dieser Welt. Die Streunerin stie\u00df einen Freudenschrei aus, packte den Kragen des Kindes und zog es hinter sich her. Wasser, bei den Sternen, es musste eine h\u00f6here Macht existieren. Wasser war die L\u00f6sung all ihrer Probleme. Nicht nur h\u00e4tten sie etwas zu trinken, es g\u00e4be auch Hoffnung auf einen Ausgang. Der Kleine protestierte energisch, er konnte keine Markierungen machen. Pax ignorierte ihn. Sie lief dem Ger\u00e4usch entgegen, das immer lauter wurde. Sie kamen in eine gr\u00f6\u00dfere Kammer- und rannten direkt in eine Gruppe Schatten. In Sekunden hatten sie die Aufmerksamkeit des Raums-\u201eKalfreck\u201c, der Fluch der Streunerin hallte durch die G\u00e4nge und die Kammer. Hinter ihr hustete der Junge, \u201eWas hei\u00dft Kalfreck?\u201c.Auf einmal sah der Raum voller Schatten sehr angenehm aus, fast schon kuschlig und \u0001 \u0002 zwei Schatten, am n\u00e4chsten zum Eingang der Kammer, kamen auf einmal auf sie zu. Zum Gl\u00fcck waren Schatten nicht die hellsten und zum Gl\u00fcck waren sie nicht alle gleich schnell. Der K\u00f6rper der Streunerin bewegte sich scheinbar von alleine. Ihre ganze Gestalt h\u00fcllte sich von Kopf bis Fu\u00df in warmes Licht. Ihre Schwertlanze wurde zu ihrem verl\u00e4ngerten Arm. Sie zischte durch die Luft. Pax erwischte die erste schattenhafte Kreatur. Das Monster heulte auf, die Klinge fuhr durch seinen K\u00f6rper, wie durch Butter. Pax landete mit beiden F\u00fc\u00dfen wieder auf festen Grund. Die Welt um sie schien kaum noch eine Bedeutung zu haben und kaum hatte sie wieder einen festen Stand, rannte sie auf den n\u00e4chsten zu und verwickelte auch ihn in einen t\u00f6dlichen Tanz. Solange ihr der Gegner nicht zu nah kam, war alles gut. Der n\u00e4chste Schatten sank zu Boden, jetzt blieb nur noch der Rest des \u0001 \u0002 ihrer Stirn bildeten sich kleine Schwei\u00dftropfen, das hier war gar nicht gut.\u201eKleiner, tu jetzt genau, was ich dir sage, verstanden?\u201cUm Pax achtete nicht wirklich darauf ob der Kleine ihr antworte, sie hatte ihn schon seine Tasche und Umhang in die Arme gedr\u00fcckt.\u201eGut, geh, Such dir ein Versteck und komm erst raus, wenn ich des dir sage! Wenn du mich nicht mehr h\u00f6rst, verschwinde.\u201cSie wusste, wenn sie nicht \u00fcberlebte ist das Kind tot. Es war sehr wahrscheinlich das sie nicht \u00fcberlebt. Die Streunerin hatte noch nie gegen so viele Gegner auf einmal gek\u00e4mpft. Pax warf keinen Blick \u00fcber ihre Schulter. Sie konnte sich es nicht leisten. Der n\u00e4chste Schatten hatte schon zum Sprung angesetzt und frei von jeglichem Ballast konnte Pax ihm entsprechend. Sie bohrte ihre Klinge durch den Schattenhaften K\u00f6rper und das Wesen zerfiel zu nichts. Die Blondhaarige drehte sich um ihre eigene Achse und lie\u00df die Lanze durch die Luft surren. Die Schatten hatten sie inzwischen umzingelt. F\u00fcr Pax gab es keinen Ausweg mehr, sie musste sich ihn selbst schaffen. Ihre Schwertlanze flog f\u00f6rmlich um sie herum und war nicht mehr von ihrem K\u00f6rper zu trennen. Es m\u00e4hte alles nieder was ihr zu nah kam. Die schwarzen Schuhe der Blondhaarigen wirbelten Staub auf, der sich in den, doch d\u00fcnnen, Leinenhosen verfing und den beigen Stoff einen grauen Farbton verlieh. Die Drachenscheine am R\u00fccken ihrer Schwertlanze war nicht mehr zu erkennen und verschwamm mit der Klinge und dem perlmuttfarbenen Schafft. Die Waffe wurde zu einem wei\u00df, schwarzen Kreis, der nur dann wieder als Gegenstand zu erkennen war, wenn er durch eine der Schattenkreaturen fuhr. F\u00fcr einen kurzen Moment, der sich f\u00fcr die K\u00e4mpferin wie eine halbe Ewigkeit anf\u00fchlte, sah man wieder die silberne Klinge, eingeh\u00fcllt in einen schwarzen Lack, der nur die Scheide \u0001 \u0002 dr\u00fcckte sich vom Boden und teleportierte sich von dem Haufen Schatten weg. Nur eine Sekunde sp\u00e4ter und sie w\u00e4re von den rauchigen Kreaturen \u00fcberw\u00e4ltig worden. Mit einer flinken Bewegung l\u00f6ste sie den Knopf an ihrer Schulter, der bis jetzt ihren beigen Poncho zusammenhielt und lie\u00df das, mit unz\u00e4hligen Franzen versehene, St\u00fcck Kleidung auf den Boden fallen. Dieser Moment hatte ihren Gegnern gereicht um sich aus ihrem eigenen Kuddelmuddel zu befreien. Die Augen der Schatten blitzten auf, sie stie\u00dfen animalische Schreie aus und st\u00fcrzten sich wieder auf die Streunerin. Pax stellte sich wieder in Ausgangstellung, ihre sonst weichen Gesichtsz\u00fcge hatten sich verh\u00e4rtet. Sie hatte nun nicht mehr die sonst so kindlich wirkende Erscheinung. Ihre Augen waren entschlossen auf ihre Gegner gerichtet und bewegten sich mit deren Bewegungen. Die Farbe und ihr nat\u00fcrliches Leuchten waren schienen nun eine Nuance dunkler und ihre Haltung spiegelte eiskalte Gnadenlosigkeit \u0001 \u0002 Abneigung zu Schatten war unter allen Streunern bekannt und gleichzeitig kannte wohl niemanden jemanden, der besser wusste, wie man sie schnell und effizient vernichtete. B\u00e4r selbst meinte immer wieder, dass er nicht ganz wusste ob es nun tats\u00e4chlich nur Abneigung und nicht gar Hass war, den die blonde Streunerin den schattenhaften Kreaturen entgegenbrachte. Denn auch wenn sie immer wieder betonte, dass Hass viel zu anstrengend sein, k\u00e4mpfte sie gegen niemanden so r\u00fccksichtslos und unnachgiebig, wie gegen die ehemaligen Mutanten, die sich von ihrem Hass und der s\u00fcndhaften Wut mitrei\u00dfen \u0001 \u0002 war nun in allen ihren Bewegungen frei und rannte ihrerseits wieder auf die Schatten zu, mit dem Gedanken, das am Ende dieses Kampfes entweder sie oder die Schatten stehen w\u00fcrden. Kaum waren die unmenschlichen Kreaturen in ihrer N\u00e4he, bohrte die Streunerin wieder ihre Klinge durch die K\u00f6rper der Wesen. Sie f\u00fchrte gewaltige Hiebe aus und konzentrierte sich vor allem auf die Enthauptung ihrer Gegner. Ihr Schafft diente ihr dabei einen zweiten Gegner auf Distanz zu halten. Die Schneide ihrer Klinge dampfte und von ihr stieg schwarzer Rauch \u0001 \u0002 teleportierte sich Pax, diesmal hinter ihr n\u00e4chstes Ziel, ein routinem\u00e4\u00dfiger Schwung und das n\u00e4chste Ziel wurde anvisiert. Die F\u00e4higkeiten der Streunerin waren fast schon zu perfekt auf die Kreaturen ausgelegt. Schatten handelten nach Instinkt. Sie verfolgen kein Plan. Vorteile verschaffte sich Schatten vor allem durch ihre gro\u00dfe Anzahl. Aber ein einzelner Gegner, der wie Pax immer wieder verschwinden und dann wieder an neuen Positionen auftauchen konnte, verwirrte die schwarzen Wesen. Sie verliehen Pax einen Vorteil um ihre den Unterschied an Menge auszugleichen. Ihr taktisches Verschwinden und Wiederauftauchen, gezielte Attacken verbunden mit akrobatischen Spr\u00fcnge \u00fcber ihre Gegner, verst\u00e4rkt durch ihre Teleportationsf\u00e4higkeit, lie\u00dfen es f\u00fcr einen Betrachter wirken als ob Pax ohne M\u00fche durch die Schatten f\u00f6rmlich \u0001 \u0002 das Auge kann t\u00e4uschen, die Streunerin sp\u00fcrte wie ihr der Schwei\u00df \u00fcber den K\u00f6rper lief. Ihre platinblonden Haare klebten ihr im Nacken und ihr Atem ging nun deutlich schwerer. Sie biss die Z\u00e4hne zusammen als sie erneut von einem Schlag ihrer Gegner getroffen wurde. Ohne die lederne R\u00fcstung \u00fcber ihrer beigen Tunika, w\u00e4re die Wunde fatal gewesen. Jetzt blockte das geh\u00e4rtete Leder den meisten Schaden. Pax teleportierte wieder, solange ihr Ziel innerhal eines Meters blieb, war der Vorgang nur ein Augenblick. Die Streunern tauchte einen Meter in der Luft Hinter ihrem letzten Ziel wieder auf, im Fallen holte sie aus, dann teleportierte sie sich wenige Zentimeter vor die schattenhafte Kreatur und lie\u00df ihre Klinge \u0001 \u0002 violetten Augen des Jungen schimmerten \u00e4ngstlich, in den Raum hinein, in dem Wolf tobte wie eine Bestie. Nein, nicht wie eine Bestie. Eine Bestie w\u00fcrde einfach nur zuschlagen, rein instinktiv handeln, doch Wolf vereinte in sich eine meisterhafte Technik und nahe zu perfekt berechnete Pr\u00e4zision, wie er sie nur von den Besten seiner Gruppe gesehen hatte und schlie\u00dflich ihrer Mutation. So bohrte sich die Streunerin durch die teils \u00e4therischen Schatten und zerfetzte sie \u0001 \u0002 tanzte sie den Schritt des Unterganges, wie ein \u00fcberm\u00e4chtiger Avatar von Schallung, der das Licht geb\u00e4ndigt hatte und die Schatten f\u00fcr ihr s\u00fcndhaftes Verlangen bestrafte. Selbst die, im Vergleich, wenigen Treffer, die sie einstecken musste, schienen sie nur f\u00fcr einen Moment aufzuhalten. Teilweise gingen sie sogar fast spurlos an ihr vorbei, ehe die Streunerin wieder ihren kalten Zorn auf ihre Feinde niederhageln l\u00e4sst. Die Blondhaarige zerschlug die Finsternis bis sie absolut nicht mehr war und hielt auch erst inne bis alles dem Erdboden gleichgemacht \u0001 \u0002 Junge f\u00fchlte sich so schemenhaft und unbedeutend diesem Wesen gegen\u00fcber. Er war kaum mehr als der Fels, an den er sich dr\u00fcckte, so schwach wie das Unbelebte br\u00f6selnde Gestein, dass ohne das es eine Chance auf Gegenwehr hatte, einfach von dieser Kriegerin zerschmettert werden konnte. Okult war sich sicher, er w\u00e4re nicht einmal in der Lage den Angriff wahrzunehmen, der sein Ende bedeuten \u0001 \u0002! Der Schwarzhaarige sch\u00fcttelte energisch den Kopf. Er durfte sich nicht so klein reden. Auch wenn seine menschlichen F\u00e4higkeiten bei weitem unter denen der anderen lagen, hatte und konnte er Macht erlangen, die diese Welt formte. Er musste einfach sich anstrengen und sein K\u00f6nnen effektiv einsetzen. Er hatte Wolf vor den Schatten warnen wollen, w\u00e4hrend sie einfach blindlinks in den Raum gelaufen war, andererseits h\u00e4tten die Schatten sie bestimmt fr\u00fcher oder sp\u00e4ter gefunden-Vorsichtig trat er in den Raum, n\u00e4her an seine Retterin heran, die ihn genauso mit einem einzigen unbedeutenden Schlag, vermutlich sogar ohne ihre Schwertlanze ausschalten \u0001 \u0002 letzter Schrei hallte durch die H\u00f6llenkammer. Pax schlug zur Sicherheit noch einmal zu, dann wieder und wieder und wieder. Bis der K\u00f6rper sich mit den Schatten aufl\u00f6ste und kein Gegner mehr da war, den Pax h\u00e4tte t\u00f6ten k\u00f6nnen., Es war nur noch der Nachhall des Schreis zu sp\u00fcren. Der Boden vibrierte unnat\u00fcrlich und kleine Gesteinsbrocken br\u00f6selten von der Decke. Besorgt schaute die Streunern nach oben. Die Decke st\u00fcrzte nicht ein. Die Kammer war leer. Alles war still. Es stand nur noch die Blondhaarige im Raum. Sie konnte ihren Atem h\u00f6ren. Er ging auf und ab. Pax ging zu der Stelle an der ihr Poncho lag. Sie klopfte den Staub vom Boden so gut es ging ab, warf ihn um ihren K\u00f6rper und befestigte ihn wieder, dann r\u00fcckte die Streunerin ihren Schall zu recht. Sie zog den wei\u00dfen, geschmeidigen Stoff \u00fcber ihre Nase, denn die ihre Umgebung nahm den fauligen Geruch toter Schatten an. Widerlich, dachte Pax bei sich, sie sterben ohne Dreck zu machen, aber hinterlassen einen derartigen Gestank. Sie drehte sich zum Ausgang um und sah Okult, der seinen Kopf vorsichtig durch die \u00d6ffnung streckte, als er sie erkannte, erhellten sich seine Augen. Er kam auch sie zu, dabei bemerkte er den Gestank und verzog das \u0001 \u0002 musste schmunzeln. Der Kleine erinnerte sie manchmal an ein Kaninchen. Als er in ihre Reichweite kam, streckte sie ihre Hand aus. Sie wollte ihm durch die Haare wuscheln, doch Okult zuckte unmerklich zusammen. Die Streunerin stoppte in ihrer Bewegung, hatte er Angst vor ihr? Sie legte den Kopf schief, er hatte wohl ihren Kampf gesehen. Sie dr\u00fcckte das Ende ihrer Schwertlanze in den Boden. Das Kind hatte wohl Angst, nachdem er sie k\u00e4mpfen gesehen hatte, dass sie ihm bei ihrer ersten Begegnung ihre Klinge unter den Hals gedr\u00fcckt hatte half auch nicht sehr viel. Die violetten Augen strahlten Unsicherheit aus. Sie blieben nicht an einer Stelle, sondern folg durch den Raum. Seine H\u00e4nde umklammerten Pax\u2019s Tasche, als er es bemerkte, schaute er die Tasche an, dann hoch zu der Streunerin und begann eilig sie von seinem K\u00f6rper zu trennen. Er stellte sich dabei mehr schlecht als recht an. Pax bekam Angst das er es noch schaffte w\u00fcrde sich selbst zu verletzen. Sie legte eine Hand auf seine Schulter. Okult stoppte in seiner Bewegung, dann langsam und vorsichtig, zog die Blondhaarige ihm die Tasche \u00fcber den K\u00f6rper und hing sie sich selbst um. Sie nahm etwas Abstand von Okult, drehte ihr Naginata einmal um das Handgelenk und befestigte es dann am R\u00fccken der Tasche.\u201eBleib in der N\u00e4he\u201c, waren die einzigen Worte, die sie an den Jungen richtete, bevor sie sich umdrehte und ans andere Ende der H\u00f6llenkammer ging. Vielleicht h\u00e4tte sie etwas Anderes sagen sollen, anders handeln sollen. Aber Pax hatte bis jetzt noch nie mit Kindern zu tun gehabt. Sie wusste nicht was das richtige Verhalten war und gleichzeitig dachte sie au\u00dferhalb von Gefahrensituationen nicht viel \u00fcber ihre Aktionen nach. Die Streunerin durchquerte den Raum und ging auf den See am anderen Ende des Raumes zu. Ihre kreierten Lichtsph\u00e4ren schwirrten um sie herum und brachten ihr platinblondes Haar zum Leuchten. Sie trat an den Rand des Beckens und betrachtete ihr Spiegelbild im kristallklaren Wasser. Sie hatte definitiv schon bessere Tage hinter sich. Ihr Haar war zerzaust und ihr Gesicht hatte an einigen Stellen rote Flecken, nicht zu sprechen von dem Dreck, der sich nicht nur in ihrer Kleidung verfangen hatte, sondern auch ihr Gesicht braun und grau \u0001 \u0002 sah sie aber etwas anderes in der Spiegelung des Wassers, irritiert fast schon erschrocken schaute sie hoch in ein bleiches Gesicht mit rotgl\u00fchenden Augen, die die Farbe von vergossenem Blut besa\u00dfen, schwarzes Haar viel wie ein Wasserfall zu seinen Schultern und seine schwarze Kleidung gab ihm die Gestalt eines Todesgottes. Pax zitterte. Schon oft sah sie diesen Mann, der teils ihr wohlgesonnen, teils Produkt ihrer Albtr\u00e4ume war. Sie wusste nicht, ob es reine Einbildung ihres Geistes war, der diese Kreatur erschuf, sodass nur sie in der Lage war den Menschen vor ihr zu sehen- Die Streunerin gab gerne zu das die Isolation ihr nicht immer gut tat- oder ob ihre F\u00e4higkeiten dem Mann Form verliehen. Letzteres w\u00e4re ihr Lieber. Die erste M\u00f6glichkeit w\u00fcrde Fragen aufwerfen, die Pax nicht bereit war zu \u0001 \u0002 Wasser kam aus einem schmalen Spalt in der Wand. Die Streunerin hielt ihren Trinkschlauch in den klaren Strahl. Die Gestalt \u00fcber dem Wasser lie\u00df sie dabei nicht aus den Augen. Pax versuchte den Mann zu ignorieren. Sie hatte Gl\u00fcck, dieses Mal redete die Gestalt nicht. F\u00fcr einen Moment vergas Pax Okult hinter sich, das Abbild des Mannes \u00fcber den See und den Fakt, dass sie jetzt ausgelaugt war. Die Blondhaarige sp\u00fcrte nur das k\u00fchle Wasser, dass \u00fcber ihre Hand lief und genoss die Stille. Als sie das n\u00e4chste Mal zu der Stelle schaute, war der Mann wieder verschwunden und nur kurz meinte die Blondhaarige ein Gef\u00fchl der Leere in ihrem Inneren zu sp\u00fcren. Pax sch\u00fcttelte den Kopf und verdr\u00e4ngte das Gef\u00fchl in den hintersten Winkel ihres Geistes, und bem\u00fchte sich Trinkschlauch aus zu f\u00fcllen. Als et voll war, drehte sich die Streunerin um und reichte Okult den Schlauch.\u201eTrink\u201c, meinte sie und dr\u00fcckte dem Schwarzhaarigen die Flasche in die kleinen H\u00e4nde. Sie waren Stunden gelaufen. Der Kleine musste durstig sein. Kinder mussten ausreichend ern\u00e4hrt werden, sie konnte nicht f\u00fcr sich selbst sorgen, richtig? Sie setzte sich auf den \u0001 \u0002 z\u00f6gerte erst etwas, aber als Wolf keine Anstalt machte sich zu bewegen, nahm er sich des Getr\u00e4nkes an. Es lag schwer in seinen H\u00e4nden und der Junge nahm gierig die klare Fl\u00fcssigkeit zu sich. Sein Durst war jetzt gel\u00f6scht. Er war noch hungrig, aber das war er gew\u00f6hnt. Okult wusste wie er den Hunger ignorieren konnte. Die violetten Augen wanderten wieder \u00fcber die Gestalt vor ihm. Er hatte noch nie jemanden wie Wolf getroffen. Wolf- er fragte sich ob das wirklich ihr Name war. Er hatte noch niemals jemand getroffen, der wie ein Tier hie\u00df. Wenn die gl\u00fchenden Sph\u00e4ren um die Mutantin schwirrten, wirkte sie als w\u00e4re sie ganz und gar nicht real. Unterstrichen wurde es mit Art wie ihr Haar erleuchtet wurde und ihre Haut gl\u00e4nzte im Gegensatz zu dem dunklen Gestein zu ihren F\u00fc\u00dfen- jetzt hob Wolf ihren Blick, die eisblauen Augen schauten direkt in seine. Sofort senkte Okult seinen Blick. Es lag etwas in der Art mit der Wolf ihn anschaute, die Okult als unheimlich empfand. Es war nichts das er genau benennen konnte, es war mehr ein Gef\u00fchl. Der Schwarzhaarige gab Wolf den Schlauch \u0001 \u0002 lief neben Wolf durch die Dunkelheit. Das Atmen fiel ihm schwer, seine wenigen Kr\u00e4fte, die zu Nichts wirklich n\u00fctzlich waren, schwanden allm\u00e4hlich aus seinem K\u00f6rper, w\u00e4hrend die K\u00e4lte gierig an seiner W\u00e4rme knabberte und sie aus seinen Blutbahnen hinaus sog. Er konnte schon f\u00f6rmlich sp\u00fcren wie seine Arme erschlafften und das tote Fleisch schmecken, das langsam versteinerte. Vorher w\u00fcrde es aber gefressen werden von den unz\u00e4hligen Kreaturen, die sich zwischen den Steinen verbargen. Na gut, letzteres war wohl mehr dazu gedichtet, als dass es wahr war, denn hier versteckte sich Nichts. Die langen Reptilien waren die ganze Zeit zu sehen, wie sie mit ihrer gespalteten Zunge durch Luft leckten und aus leuchtenden Augen beide \u0001 \u0002 schien sich keine Furcht anmerken zu lassen, doch die Ersch\u00f6pfung zierte sie, wie der Tau das Moos ziert. Es war deutlich zu erkennen, wie der Schmutz, der sie von Kopf bis Fu\u00df bedeckte, wie der Schwei\u00df der ihre Haare verklebte und die Haltung, die eigentlich verbergen sollte welche Verletzungen unter der Haut lagen. Okult lief etwas vor und markierte wieder den Weg, peinlichst darauf bedacht, dass er dem moosgrauen Leib einer Schlange, die in einer der Spalten verschwand, nicht zu nahekam. Er zitterte. Es mussten bestimmt Stunden vergangen sein- oder schon Tage? Vielleicht irrte er sich auch. Der Schwarzhaarige konnte in dieser stetig gleichbleibenden Umgebung einfach nicht absch\u00e4tzen wie viel Zeit vergangen \u0001 \u0002 Lichtquellen von Wolf trieben die Schatten zur\u00fcck und lie\u00dfen sie wie Wahnsinnige \u00fcber die W\u00e4nde tanzen. Die Sph\u00e4ren brachten die Augen der Schuppentr\u00e4ger zum Leuchten, die sich zwischen den Felsen wanden und mancher Orts beinah mit dem toten Gestein zu verschmelzen schienen. Man k\u00f6nnte meinen Okult und die Streunerin wanderten durch G\u00e4nge, deren W\u00e4nde aus den Leibern unz\u00e4hliger Schlangen zusammengesetzt waren, die ihre hilflose Beute, die in ihrem scheinbar sicheren Lichtkegel umherwanderte, verfolgten und nur darauf lauerten, dass sie umkippten, nicht mehr in der lagen waren sich zu wehren. Es war als w\u00fcrden die Schlangen darauf warten bis sie ihre Kr\u00e4fte in den endlosen Tunneln verschwendet \u0001 \u0002 wusste, dass das nur seine Vorstellungskraft war, die in seine Gedanken munkelte. Okult durchblickte die Illusionen, die seine Furcht in ihm erschuf und die ihn langsam verr\u00fcckt werden lie\u00dfen.\u201eWir sollten rasten\u201c, fl\u00fcsterte Okult irgendwann unsicher, als ihre Route durch die unf\u00f6rmigen H\u00f6hlen gerade wieder begann hinab zu verlaufen, \u201eEs liegt-- noch lange kein A-Ausgang voraus\u201c, f\u00fcgte er hinzu, als Wolf ihm einen Blick zu warf, der eindeutig ihre Entschlossenheit wiedergab, vermischt mit den zahlreichen anderen Spuren der letzten Geschehnisse. Nach einem weiteren: \u201eSolange die Ruhe noch-- unser ist, sollten wir sie n-nutzen\u201c, kam die kleinere Frau etwas n\u00e4her und lies ihren Mantel als Unterlage zu Boden gleiten, auf welche sie sich prompt setzte. Ihrem Gesicht zu entnehmen, dass er nicht die gesamte H\u00e4rte des Bodens kompensierte. Der Schwarzhaarige selbst wusste nicht ganz was er tun sollte, obwohl er sich diese Pause gew\u00fcnscht hatte. Etwas Ratlos, stand er herum und starrte die verschiedenfarbigen K\u00f6rper zwischen den Steinen, am Rande des Lichtes an. Bis jetzt hatten sie ihnen noch nichts getan, doch w\u00fcrde das auch so sein, wenn sie beide schliefen? Zur Sicherheit w\u00e4re es wohl besser, wenn jeweils nur einer von ihnen sich dieser gro\u00dfen Erholung widmete, w\u00e4hrend der andere Wache schob.\u201e\u00c4hm, Kleiner--, setz dich doch\u201c, Okult drehte sich etwas verwirrt um. Sie war etwas zu Seite gerutscht und hatte Platz auf ihrem Mantel gemacht. Jetzt bat Wolf ihm mit einer etwas unsicheren Geste, den freien Raum an. Ebenfalls verunsichert, nicht genau wissend wie man handeln sollte, n\u00e4herte er sich vorsichtig der angebotenen Stelle und lie\u00df sich etwas zittrig, starr und benommen von dem langen wandern in K\u00e4lte, auf dem Stoff nieder. Was nun? Sollte er sich bedanken? Sollte er irgendetwas sagen? Vielleicht sollte er ein Gespr\u00e4ch anfangen mit dem Okult der anderen Zerstreuung bieten konnte, vor allem nach dem was sie f\u00fcr ihn getan hatte. Er f\u00fchlte die matte W\u00e4rmer ihres K\u00f6rpers neben ihm. Der Schwarzhaarige drehte den Kopf langsam und schaute vorsichtig in Wolfs Richtung. Sie war so nah, er konnte die einzelnen F\u00e4den ihres Ponchos erkennen. Vor Scharm drehte er den Kopf starr zur\u00fcck, und dr\u00fcckte seine Beine n\u00e4her an den Brustkorb. Es war kalt, besonders jetzt wo sie sa\u00dfen und nicht mehr liefen, doch was sollte er tun? Wie konnte er sich in dieser unangenehmen Stille schlafen? Er starrte auf sein Schuhwerk, dann wieder auf die Schlangen in der Finsternis. Bildete er sich es nur ein, oder hatten Wolfs Lichtkugeln langsam an Intensit\u00e4t verloren? Wahrscheinlich, schlie\u00dflich speiste sie die Konstrukte mit ihrer Kraft. Vielleicht war sie durch den Kampf etwas angeschlagen und das wirkte sich auf ihre Kr\u00e4fte aus? Sie sah wirklich nicht gut aus. Seine Gedanken wanderten weiter. Ob er ihnen mit Feuer helfen konnte? Andererseits waren sie in einer H\u00f6hle. Hier gab es kaum \u0001 \u0002 sa\u00df immer noch starr und zitternd, die Beine eng beieinander und fest umschlungen von seinen Armen, auf einem Teil des staubigen Mantels neben Pax.\u201eHier\u201c. Verwirrt blickte das Kind zur Seite in die zwar festen, doch etwas unsicheren, Augen der Frau neben ihm, die ihren Poncho \u00fcber ihren Kopf gezogen hatte und ihm den Stoff jetzt reichte. Okult brauchte einen Moment, ehe er sich selbst dazu aufrappelte nach dem beigen Kleidungsst\u00fcck zu greifen und vollbrachte es erst mit ihrer Hilfe ihn vorsichtig um sich zu legen. Wolfs H\u00e4nde fummelten an dem St\u00fcck Kleidung bis es fest um seinen K\u00f6rper sa\u00df. Der erste Moment war wie ein kurzer Schock, eine G\u00e4nsehaut, die seinem K\u00f6rper hinab wanderte, doch dann gew\u00f6hnte er sich an das Gef\u00fchl. Okult gew\u00f6hnte sich an den Geruch und das gegenseitige Beobachten. Er gew\u00f6hnte sich an das sich verfl\u00fcchtigende und \u00fcberdeckt werdende Licht und die W\u00e4rme. Wieder schweigen beiden. Immer st\u00e4rker festigte sich in Okult der Gedanke, dass die Begegnung f\u00fcr Wolf genauso ungewohnt war, wie f\u00fcr ihn. Er blickte durch die Fransen hindurch auf den Boden. Obwohl sie davon ausging, dass er zuerst schlafen sollte? Er blickte zur Seite und sah Pax entgegen seiner primitiven Instinkte an und gr\u00fcbelte. Obwohl sie sich an den Felsen hinter ihr gelehnt hatte, war ihr Blick wachsam und galt den Ger\u00e4uschen in ihrer \u0001 \u0002 sie wohl durch die Dunkelheit sehen konnte? Zu gern h\u00e4tte er sie danach gefragt, doch beim letzten Mal hatte es gewirkt als wolle sie nicht dar\u00fcber reden. Es lag ihm auf der Zunge. Am liebsten w\u00fcrde er sie mit Fragen durchl\u00f6chern. Er wollte wissen, wozu ihrer Mutation sie bef\u00e4higte, er wollte wissen was die Energie in ihr genau war und wie sie funktionierte. Er bezweifelte, dass sie zu allen Fragen eine Antwort hatte, trotzdem stieg in ihm die Lust auf, es herauszufinden. Erst jetzt bemerkte er, dass sie seinen Blick bemerkt hatte und nun abermals in seine violetten Augen starrten. Unschl\u00fcssig blickte er einfach weiter, bis er sich dazu entschied anders fortzufahren. Er griff in seine Tasche und holte sein Notizbuch heraus, dass er sich mit viel M\u00fche und harter Arbeit angefertigt hatte. Eine Innovation, die seinen Gruppengef\u00e4hrten nichts bedeutet hatte, doch in ihm hatte mit diesem Werkzeug in seinen H\u00e4nden etwas geklickt. Es war die Macht Wissen festzuhalten bis aufs kleinste Wort, bis auf den kleinsten Strich, und das in gro\u00dfer Menge und in einem Format, das leicht und \u00fcberaus schnell mit sich zu f\u00fchren war, die ihn reizte. Es hatte wirklich einige Versuche ben\u00f6tigt das Notizbuch zu erstellen. Einige Schritte hatte er sich halb zusammen mogeln m\u00fcssen, doch seitdem, war dieses \"Buch\" sein treuer Begleiter. Er wusste nicht, was Wolf wohl dar\u00fcber denken w\u00fcrde, doch die Reaktion k\u00f6nnte eventuell aufschlussreich sein. Er klappte das Buch auf und bl\u00e4tterte einige Seiten durch. Okult rief sich seine n\u00fctzlichsten Notizen wieder ins Ged\u00e4chtnis, ehe er bei den Neusten ankam und entschloss einen kurzen Eintrag zu Wolf anzulegen.\u201eDu hast ein Buch\u201c, Wolfs Aussage lie\u00df ihn zusammenzucken. Sie hatte sich etwas n\u00e4her gebeugt und starrte auf die von ihm mit Buchstaben bedeckte Seite. \"Du wei\u00dft was ein-- B-Buch ist?\", war darauf Okults etwas \u00fcberraschte Antwort und seine Augen wurden noch gr\u00f6\u00dfer als Pax ein Buch aus ihrer Tasche zog. Es sah ganz anders aus als seins, aber wie konnte das sein? Er hatte doch gerade erst B\u00fccher erfunden\u2014 Nein, der Junge hielt inne. Die Erfindung war zu simple, als dass man sie als einzigartig bezeichnen konnte. Jeder, der Wert auf geistige Errungenschaften legte, war theoretisch in der Lage etwas wie ein \"Buch\" zu erschaffen. Sicherlich hatten auch die Alten, mit all ihrer Technologie B\u00fccher gehabt, von denen einige es in den Reihen der Menschen \u00fcberlebt hatten und nicht in den Ruinen zerfressen wurden. Nur zwei Sachen waren ihm ein \u0001 \u0002, wie konnte etwas wie B\u00fccher, all die Zeit seit den Alten \u00dcberlebt haben und zweitens wie war er auf denselben Begriff Buch beziehungsweise B\u00fccher gekommen. Das bar jeder Logik, es sei denn-- die Nau Theorie, auf jeden Fall unterst\u00fctzte das den letzten der beiden Punkte, doch der ersten war ihm immer noch \u0001 \u0002 fl\u00fcsterte Wolf mehr zu sich selbst als wohl zu Okult, er meinte: \"meinen eigenen Kult gr\u00fcnden\" raush\u00f6ren, ehe sie denn Kopf schr\u00e4g legte. \u201eDeine Zeichnungen sehen wirklich niedlich aus\u201c, er sp\u00fcrt wie ihre Hand durch seine Harre glitt. \u201eDas so-- si-sind Buchstaben\u201c, er konnte nicht wirklich eingeschnappt oder w\u00fctend klingen, dazu war die Angst, die Sch\u00fcchternheit, aber auch die fremdartige wohlige W\u00e4rme- ein Gef\u00fchl der Sicherheit in seinem Inneren- zu sehr in einem Chaos verstrickt. \u201eF\u00fcr mich sehen sie eher wie ein\u00e4ugige Wesen aus\u201c, Pax schlug das Buch auf, das sie vorhin herausgezogen hatte und zeigte ihm die Seite auf der unz\u00e4hlige Buchstaben dicht nebeneinander standen. Er erkannte schnell, dass die Zeichen die dort abgebildet waren, nicht mit der Lautschrift \u00fcbereinstimmten, die er ersonnen hatte. In an betrachtet der Koinzidenz des Wortes \"Buch\" sowie der restlichen, war dies wahrlich eine Seltsamkeit. \u201eWir verwenden ein andere... Lautschrift\u201c, stellte Okkult fest, bis in die Realisation traf. Verf\u00fcgte Wolf \u00fcber die Schrift der Alten? \u201eHast d-du diese Zeichen dir selbst a-ausgedacht\u201c, fragte Okult. Wolf legte im Licht ihrer Sph\u00e4ren die Stirn in Falten. F\u00fcr einen Moment war es still, blo\u00df die Ger\u00e4usche ihres Atmens und die der Schlangen, begleitete ihre Schatten, die an der Wand hin und her schaukelten, wie Seeleute auf einem Flo\u00df w\u00e4hrend des Sturms. Okkult dachte zuerst das sie ihm gar nicht mehr antworten w\u00fcrde, doch schlie\u00dflich sagte sie: \u201eNein, das ist das Alphabet\u201c Seine Augen begannen zu gl\u00e4nzen. \u201eB-Bitte, bring mir bei, das Alphabet zu lesen\u201c, fl\u00fcsterte er geheimnisvoll, auch wenn seine Stimme teils monoton in diesem nat\u00fcrlichen Gew\u00f6lbe vorkam. Wolf reagierte wieder nicht sofort, er sah etwas, das er als Unbehagen verstand, aus ihrem Blick, ehe sie wohl eine Entscheidung f\u00e4llte: \u201eEinverstanden\u201c. Okult strahlte, ein L\u00e4cheln lag auf seinen Lippen, die sich nur selten vor Freude hoben. Sie r\u00fcckten beide naher zusammen, damit sie gemeinsam in das Buch schauen konnten. Sie redeten stundenlang und f\u00fcr Okult wurden diese Stunden zu den besten seines Lebens. Zwischendurch zauberte die Frau neben ihn Trockenfleisch aus ihrer Tasche. Je l\u00e4nger sie beisammen sa\u00dfen, deso mehr w\u00fcnschte sich der Junge, das dieser Moment niemals Enden w\u00fcrde. Am liebsten s\u00e4\u00dfe er hier mit der Streunerin f\u00fcr alle \u0001 \u0002 sprach irgendwann nochmal seine Zeichen an. Abermals erwiderte er, dass sie keine kleinen Tierchen in inkognito waren. Er ernte daf\u00fcr ein Grinsen von Wolfs Seite. Irgendwann w\u00fcrde Okult aber doch zu m\u00fcde um l\u00e4nger aufzubleiben. Er g\u00e4hnte lautstark, w\u00e4hrend Wolf sich still dazu entschied, die Wache zu \u00fcbernehmen. Dabei war Wache halten, doch eines der wenigen Dinge, die er dank seiner Augen gut konnte, aber das konnte sie ja nicht genau wissen. Okult g\u00e4hnte wieder. Es fiel ihm immer schwerer seine Augen offen zu halten. Schlaftrunken f\u00fchlte er eine Hand, die ihn n\u00e4her zu einem warmen K\u00f6rper zog. Eine Hand fuhr durch seine Haare. Okult f\u00fchlte sich so wohl, wie er sich seit Jahren nicht gef\u00fchlt hatte. \u201e Es ist Pax\u201c, h\u00f6rte er auf einmal.\u201e Was?\u201c, erwiderte der Schwarzhaarige schlaftrunken. Er begriff nicht was die Frau ihm sagen wollte.\u201eMein Name, er ist Pax nicht Wolf\u201c, alles um sie herum war still, selbst das Zischen der Schlangen schien zu verstummen. Okult blinzelte, er war halb schon am Schlafen und sein Gehirn arbeitete langsamer als sonst.\u201eOh-\u201c, eine Pause, \u201eOkay\u201c.Wenn der Junge wacher gewesen w\u00e4re, h\u00e4tte er sich mehr Gedanken \u00fcber Pax Worte gemacht, aber jetzt verschwammen alle Ger\u00e4usche zu einer einzigen bedeutungslosen Masse. Er luschelte sich stattdessen ohne gro\u00df nachzudenken an die Person neben ihmDer kleine Junge wurde abrupt aus der Schw\u00e4rze, eines Traumes, gerissen und sah sich gleich einer unglaublichen Verschmelzung aus dutzenden Energiesignaturen von Schlangen gegen\u00fcber. Sie umgaben ihn wie das Maul eines riesigen Unget\u00fcms, dass sich um beide schloss, sie ganz zu verschlucken. Sofort griff er nach Pax, die neben ihm eingenickt war und r\u00fcttelte sie wach. Die junge Frau fuhr aus ihrem Nickerchen. Okult hatte kaum weitere Zeit die Umgebung zu studieren, als man ihm schon Stoff und eine Tasche in die Arme schob und voran auf eine Mauer aus sich auft\u00fcrmenden Schlangenleiber zog. Am Boden sah er die Schlangen, deren, wie Vulkanschlote fauchende, K\u00f6pfe aufgestellt waren und die ihre langen Fangz\u00e4hne zeigten, bereit sie in ihre Opfer zu schlagen, um m\u00f6gliches Gift bis zur Tod in sie hineinzupumpen. Wolf rannte voran und durchteilte mit einem gekonnten Streich des Naginatas, das kurz aufblitzte im Schein der Sph\u00e4ren, den Wall aus Schlangen. Schuppen, lange sich windende Leiber und Blut spritzten durch die Gegend. Okults Herz raste, als F\u00e4nge auf ihn zu sausten und irgendwo etwas klatschend auf den Boden aufschlug, w\u00e4hrend von vorne nur der Befehl \u201eSpring\u201c kam. Er leistete gezwungener Ma\u00dfen Folge und klammerte seine Arm um das Gep\u00e4ck. Der Junge rannte durch einen aufbrausenden Wirbel aus gl\u00fchenden Augen und gespalten Zungen. M\u00e4uler versuchten sich in sein Schuhwerk zu bei\u00dfen, wurden aber sofort von der darauffolgenden Landung Naginatahieben zur\u00fcckgedr\u00e4ngt. Er geriet ins Wanken, wurde aber von Pax auf den F\u00fc\u00dfen gehalten, die, inzwischen hinter ihm, ununterbrochen von dem Sturm aus scheinbar abertausenden von Schlangen weglief und ihn antrieb. Okult f\u00fchlte einige gl\u00fcckliche Bei\u00dfer, die sich durch Mantel und Poncho gruben. Sie zogen an ihm und verlangsamten ihn wie die H\u00e4nde des Chaos, so dass er erneut fast \u0001 \u0002 sah wie sich der Raum, wenn man diesen unf\u00f6rmigen Ort so nennen konnte, durch den sie liefen vor ihm weiter \u00f6ffnete. Stalagmiten und Stalaktiten wuchsen aus dem Boden oder hingen von der Decke. An manchen Stellen hatten sie sich zu Tropfsteins\u00e4ulen vereinigt, durch die sie hindurch man\u00f6vrieren mussten. Die Schlangen hingegen schwappten einfach weiter einem Sturzbach gleich ohne auf die Felsen und Unebenheiten des Bodens zu achten. Der Junge musste nach indencken der Hindernisse schnell sein, wenn er eine Unebenheit \u00fcbersah k\u00f6nnte das ihrer beider Untergang sein\u2014 oder zu mindestens seiner. Der Untergrund raste unter ihm her, hatte da mal Erh\u00f6hungen und an anderen Stellen wieder Vertiefungen, die kaum zu sehen waren. Manchmal blieb er nur mit Gl\u00fcck auf den Beinen, w\u00e4hrend ein immerw\u00e4hrendes Schnappen dicht an sein Ohr heranr\u00fcckte. Er f\u00fchlte f\u00f6rmlich die Schlangen, die fast seine Kleidung erwischten, bei jedem Versuch gierig mit der Zunge \u00fcber ihn Strichen, wie die die sich bereits in ihn festgebissen hatten und ihn nun wirklich verschlingen wollten. Er zappelte im Laufen, versuchte diese Biester die ihre F\u00e4nge durch den Stoff und das Leder trieben, abzusch\u00fctteln. Okult merkte aber, dass er und Wolf sich so nur weiter verlangsamte und sie zu den Fluten aus Schlangen immer mehr \u0001 \u0002 das die Z\u00e4hne, die sich nun letztendlich schon in sein Fleisch gruben, Gift in seine Venen pumpten? \u201eLichtst\u00e4rke h\u00f6her!\u201c, schrie er, doch falls Pax ihn \u00fcber das Tosen und Zischen der Schlangen geh\u00f6rt haben sollte, war sie entweder nicht dazu in der Lage oder sah keinen Sinn in der Aktion. Dann sp\u00fcrte er eine Hand. Pax griff nach ihm und zog ihn mit sich mit. Etwas Warmes strich \u00fcber Okults Wange und instinktiv blickte er zur\u00fcck, obwohl sein Verstand ihn beschwor, einfach nur gerade aus zu rennen und sich auf das Sprinten zu \u0001 \u0002 Anblick fror sein Innerstes ein und erf\u00fcllten ihn mit einem Schrecken der seine Glieder l\u00e4hmte. H\u00e4tte Pax ihn nicht mit sich mit gezogen, w\u00e4re er vermutlich stehen geblieben. Eine Flut aus Dunkelheit ragte \u00fcber sie und drohte beide zu verschlingen. Das Meer aus Schlangen- und Okult konnte sich beim besten Willen nicht erkl\u00e4ren, warum so viele der Dinger sie angriffen- wurde immer gr\u00f6\u00dfer und schien von allen Seiten zu kommen. Eine Welle, die einfach \u00fcber sie hinweg st\u00fcrzen w\u00fcrde, wenn sie stehen bleiben. Sie bestand aus vielen langen Leibern, die \u00fcbereinander Lagen, und in deren Tiefen Wolfs pr\u00e4chtige Licht niemals reichen k\u00f6nnte. Blo\u00df die gierigen Z\u00e4hne, die aus Millionen M\u00e4ulern des chaotischen oder st\u00fcckhaft zusammengesetzten Abgrund ragten, beschien die endlose Masse, die nur ein Ziel hatte: Pax und den jungen zu verschlingen. Pl\u00f6tzlich knallte er in etwas Hartes, -wahrscheinlich einer der Steins\u00e4ulen- und die Welt brach vor seinen Augen zusammen, w\u00e4hrend er weiter glitt. Okult wurde zur Seite, zur\u00fcck geschleudert, w\u00e4hrend der vordere andere Arm ihm fast ausgekugelt wurde, und tauchte so mit der einen Seite in die Wellen aus Schlangen ein. Er wurde weitergezerrt, w\u00e4hrend sein hinterer Arm, der noch immer die Kleidung umschlang, v\u00f6llig von den Z\u00e4hnen zerfetzt wurde. Der Schwarzhaarige merkte nicht, dass die Schreie in der H\u00f6hle seine eigenen \u0001 \u0002 Tempo, mit dem er weiter mitgerissen wurde erh\u00f6hte sich. Vor sich meinte der Junge den von Ersch\u00f6pfung erf\u00fcllte K\u00f6rper der anderen war zunehmen, welche ihn aus der Schlangenwelle zu rei\u00dfen versuchte. Wieder rannte er vorw\u00e4rts und versuchte zwanghaft seine Schmerzenden Glieder zu ignorieren. Noch immer gruben Schlangen sich in seine Haut. Sie waren unwillig los zu lassen. Stand er \u00fcberhaupt noch auf zwei Beinen? Lief er \u00fcberhaupt noch vorw\u00e4rts?Pax kam dem rettenden und todbringenden Abgrund vor ihr immer n\u00e4her, es waren nur noch einige Meter. Einige Sekunden des wilden Rennens, dann w\u00e4re der Sprung der Hoffnung zu wagen. Die Streunerin wurde vom Adrenalin in ihren Adern angetrieben. Sie biss die Z\u00e4hne zusammen und sch\u00fcrte die letzten Kr\u00e4fte in ihrem K\u00f6rper zusammen, die noch zu finden war. Die Blondhaarige konzentrierte sich, als die Kante n\u00e4her kam, lie\u00df sich von nichts ablenken und versuchte die Sekunde zur Ewigkeit \u0001 \u0002 noch ein paar Schritte, dann waren beide in Sicherheit. Sie musste nur den Jungen an sich ziehen und dann mussten beide \u0001 \u0002 noch ein Schritt. Sie vertrieb alle anderen Gedanken, au\u00dfer den ihr Ziel zu erreichen aus ihrem Kopf und machte sich bereit. Pax sp\u00fcrte gar nicht das Okult sich kaum noch auf den Beinen \u0001 \u0002 als sie zum Sprung ansetze, merkte sie das etwas nicht stimmte. Doch es war zu sp\u00e4t, hinter ihr, war Okult fast nur noch ein verkrampftes B\u00fcndel aus Stoff, Leder und schwarzen Haaren, in welches sich dutzende Schlagen vergraben hatten und wie die Schw\u00e4nze von Blutegeln hin und her \u0001 \u0002 segelte durch die Luft, \u00fcber den Abgrund, w\u00e4hrend die ersten graugr\u00fcnen Leiber hinter ihr in der Schw\u00e4rze unter ihr verschwanden. Sie wusste, dass die Schlangen sie beiden weiterverfolgen w\u00fcrden. Die andere Seite war so nah, so verdammt nah, sie k\u00f6nnte sie ergreifen, wenn sie blo\u00df die Hand, die sie umklammerte loslie\u00df und sich im Flug nach vorne beugte, dann w\u00e4re sie da, dann h\u00e4tte sie sich gerettet--und den Kleinen zum Untergang \u0001 \u0002 Fu\u00dfspitze ber\u00fchrte den fahlen Untergrund des rettenden Plateaus, doch ihr Schwerpunkt war zu weit hinten. Die Streunerin kippte r\u00fcckw\u00e4rts, noch ehe sie im Stand war. Sie wurde zur\u00fcckgezogen von ihrem eigenen Gewicht, dem des Kindes und dem Gewicht der Schlangen. Ihre eine Hand war zum Himmel gerichtet, der hinter massigem Stein weit oben verborgen lag. Ihr platinblondes Haar und ihre bronzene Haut lie\u00dfen es wirken, als ob die Sonne, von den Schatten und den herabst\u00fcrzenden sich windenden Schlangen verschlungen wird, doch die klaren hellblauen Augen spr\u00fchten vor Entschlossenheit. Pax hatte noch nicht \u0001 \u0002 Leuchten strahlte aus ihrem Inneren heraus und k\u00e4mpfte gegen die einfallende Finsternis, h\u00fcllte sie ganz ein, wie ein \u0001 \u0002 zog, den Junge n\u00e4her an sich heran, ignorierte die Schlangen, die sie nun mit an sich \u0001 \u0002 schlug sie nicht mal einen halben Meter weiter entfernt auf der anderen Seite des Abgrundes auf und stemmte sofort sich in den Boden, um ja nicht das Gleichgewicht zu verlieren. Augenblicklich zog sie sich selbst und Okult weiter vom Abgrund \u0001 \u0002 ihren \u00fcbrigen Ressourcen Achtung zu schenken, hob sie die Schwertlanze und begann mit t\u00f6dlicher Pr\u00e4zision auf die Schlangen einzuschlagen, die sich an das Kind geheftet hatten. Es brauchte mal zwei, drei, oder sogar vier Stiche, bis die Schuppen der hartn\u00e4ckigen Kreaturen endlich soweit gebrochen waren, dass die Klinge ihrer Schwertlanze endlich auf verletzliches Fleisch traf. Die Klinge sank tief in das Fleisch der Reptilien und bereitete den Kreaturen ein schnelles Ende. Schlie\u00dflich fiel sie auf die Knie und begann, die noch in der Haut und Kleidung steckenden K\u00f6pfe herauszuziehen. Kaum hatte sie den jungen K\u00f6rper von seinen schuppigen Peinigern befreit, nahm Pax sofort die Z\u00e4hne der Schlangen unter die Lupe. Erleichtert stellte die Streunerin fest, dass es keine Giftschlangen waren. Es schaffte aber nicht ihr gr\u00f6\u00dftes Problem aus der \u0001 \u0002 versuchte nicht auf das Wimmern des Kindes zu h\u00f6ren. Pax sah sofort das Okult \u00fcbel zugerichtet wurde. Die junge Frau entnahm ihm den Mantel, zog den zerfetzten \u00c4rmel des Kindes zu sich und strich so langsam und vorsichtig den Stoff von dem blutigen Arm. Der Anblick sorgte sofort f\u00fcr unerfreuliche Erinnerungen, doch sie konnte sich jetzt wirklich nicht davon aufhalten lassen. Schnell besorgte sie mit ihrer Jagdmesser Material f\u00fcr Verband und versorgte vorsichtig die Verletzungen mit Kr\u00e4utern aus ihren Beuteln, ehe sie alles ordentlich verschn\u00fcrte. Okults Tr\u00e4nen verschmierten gro\u00dfen violetten Augen starrten sie wehleidig an, w\u00e4hrend er versuchte seine Atmung unter Kontrolle zu bringen. Pax versuchte ihn zu beruhigen und strich erneut durch sein Haar. Ihr fiel nichts Besseres ein. Seine Lippen \u00f6ffneten und schlossen sich. Sie \u00f6ffneten sich erneut, doch es kamen keine Worte, sondern ein Schluchzen aus ihnen heraus. Erst danach kristallisierten sich zwei Worte heraus: \u201eEs... kommt...\" Sie blickte in die Richtung, in die sein Zeigefinger der gesunden Hand \u0001 \u0002 Streunerin sah und h\u00f6rte zun\u00e4chst nichts au\u00dfer den grauen Felsen und dem Strom aus Schlangen hinter ihr, also blickte sie nochmal zu dem am Boden liegenden Kind, dass sie nur weiter \u00fcberzeugt anstarrte. Sie schaute wieder dorthin und wartete einige Sekunden, bis schlie\u00dflich eine wei\u00dfliche Gestalt geschwind aus einem der G\u00e4nge geschossen \u0001 \u0002 konnte nicht sagen, ob dieses Wesen mehr Schlange oder Drache war. Es hatte einen l\u00e4nglichen K\u00f6rper, der sie bestimmt zehnmal \u00fcberragen k\u00f6nnte. Die Gr\u00f6\u00dfe des Wesen glich dem eines Baumes der gen Himmel schoss, zudem hatte die Kreatur fast stetig einen Durchmesser von der H\u00f6he ihres Unterarmes. Die Schuppen des Monsters, die einer silbernen Panzerr\u00fcstungen glichen, waren dick und l\u00f6sten sich zum Ende hin etwas von dem wendigen K\u00f6rper. Sie sahen aus wie metallene rasiermesserscharfe Federn. Vor allem am Kopf ragten sie weit heraus und formten, \u00e4hnlich wie bei einer Kobra, einen Kragen aus Klingen, der wenn sich die Kreatur umsah an der Wand, tiefe Schnitte in dem Stein hinterlie\u00df. Das Maul, aus dem eine lange rote gespaltene Zunge immer wieder schnellte, war \u00e4hnlich dem Maul eines Wolfes und gespickt mit dutzenden wei\u00dfer Z\u00e4hne. Diese Z\u00e4hne lie\u00dfen nichts der Fantasie \u00fcbrig. Sie waren geschaffen um Fleisch zu zerrei\u00dfen und zusammen mit dem Kiefern in der Lage Knochen zu zermalmen. Aus saphirblauen Augen starrte das Wesen die kleine Frau \u0001 \u0002 stie\u00df einen Fluch zum Himmel aus und ging einige Schritte von Okult Weg auf es zu, w\u00e4hrend das Monster sich kreisf\u00f6rmig \u00fcber die W\u00e4nde, Decke und den Boden des nat\u00fcrlichen Korridors schl\u00e4ngelte. Es war, als w\u00fcrde f\u00fcr es keine Gesetzte der Schwerkraft gelten, solange nur eine Oberfl\u00e4che existierte. Dabei rasselte der Schwanz der Kreatur, stetig auf H\u00f6he der Mitte des Flurs. Der Schwanz glich einem f\u00e4cherartigen Kn\u00fcppel aus Klingen, bespickt mit st\u00e4hlernen \u0001 \u0002 Schlange \u0001 \u0002 MenschenschwesterI--------------------------------------------------------------------I Die silberne Bestie schloss die letzten Schritte nicht Pax zu auf. Sie drehte vor ihr einen eleganten Bogen, ehe sie pl\u00f6tzlich ihren Schwanz vorschie\u00dfen lie\u00df. Pax konnte ihn noch gerade so parieren. Sie sah wie die Bestie sich von rechts n\u00e4her und hielt mit ihrer Schwertlanze den Schweif au\u00dfer Reichweite, w\u00e4hrend sie versuchte diesen zwischen sich und das Haupt des schlangenartigen Monsters zu bringen. Sie wollte verhindern, dass die Schlange sie und den verletzten Okult einkesselte. Gerade als sie ihr vorzeitiges Ziel erreicht hatte, flitze pl\u00f6tzlich der Kopf der Kreatur vor. Die Streunerin sprang instinktiv zur\u00fcck und versuchte mit der Spitze ihrer Waffe das Auge des Wesens auszustechen, doch das Monster schob rechtzeitig sein Lid vor die Iris, das \u00e4hnliche Eigenschaften wie die Schuppen der Schlange hatten. Ihr Naginata prallte einfach ab und wurde von dem massigen Leib, der weiter auf sie zuraste fast mitgerissen, w\u00e4hrend das Reptil sie versuchte mit seinem Kragen aufzuschlitzen. Es schlitterte an ihr vorbei und verfehlte sie nur um wenige Zentimeter. Wieder wich Pax aus. Sie h\u00f6rte grade noch im letzten Moment das Rasseln und wendete sich mit einem 180\u00b0 Schlag. So stie\u00df sie die Schwanzkeule zur\u00fcck in Richtung H\u00f6hlen Decke. Es half Pax nicht einen Auszugleichen zu schaffen. Die Keule nutzte die zus\u00e4tzliche H\u00f6he, um wie ein Felsbrocken auf sie hinab zu \u0001 \u0002 Streunerin verwendete ihre Telerotationsf\u00e4higkeit, um am Kopf der Schlange aufzutauchen. Pax stie\u00df ihre Klinge wieder in die Pupille ihres Gegners, doch anscheinend erriet die Schlange ihr Vorhaben. Das Monster schloss seine Augen abermals, kaum hatte sie ihre Position ge\u00e4ndert. Schnell wie das Licht teleportierte die Blondhaarige sich auf die andere Seite des Kopfs der Bestie und zielte. Die Frau lie\u00df ihre Schwertlanze auf eine Stelle am Hals der Kreatur niederfahren, doch kratze nur an der Oberfl\u00e4che der unnachgiebigen Schuppen. Wieder wich die Streunerin zur\u00fcck, als die Kreatur in die H\u00f6he schnellte. So verhinderte sie vom folgenden Sturz und Angriff zermalmt zu werden. Pax wartete ab bis die Kreatur das Erdreich traf, um sich auf die silberne Schlange zu teleportieren und zuzustechen. Sie sp\u00fcrte wie ihre Schuhe langsam zerschnitten wurden, sprang ab und f\u00fchlte wie die Schwanzklinge ihre Haare streifen, teleportierte sich aber direkt wieder n\u00e4her an die Klinge heran, als sie merkte, dass der Schlangenkopf gewendet hatte, um ebenfalls wieder anzugreifen. Die Blonde hechtete auf den Schwanz zu und wartete den Angriff ab, w\u00e4hrend ihr der Schlangenkopf im Nacken \u0001 \u0002 h\u00f6rte das Schaben der Schuppen \u00fcber den Stein und achtete auf jedes Zucken der Glieder ihres Gegners, wich schlie\u00dflich minimal aus, als dieser zustie\u00df. Der Angriff traf die Wand direkt in die N\u00e4he ihres Kopfes und verfehlte sein Ziel. Schnell stie\u00df sie richtung Sch\u00e4del zu, traf aber abermals aber nur das st\u00e4hlerne Lid. Sie wich zur\u00fcck, als das Maul zuschnappte und der Schwanz einem erneuten Angriff des Monsters Platz machte. Die Streunerin nutzte den Sicherheitsabstand, den die Schlange zu ihrem eigenen Hinterteil hielt, aus und begann aus diesem Windschatten immer Angriffe auf die Augen der Schlange niederhageln zu lassen. Br\u00fcllend hob das silberne Biest ihren Kopf und schrie Pax in einem Biss an. Die Frau nutze das aus und sprang ins Maul des Ungeheuers. Ihre Klinge fuhr in das ungesch\u00fctzte Fleisch des Rachenraum nieder und schon im n\u00e4chsten Moment, als sich die Kiefer schlossen, hatte die Streunerin sich wieder hinaus Teleportiert. Blut sickerte aus den Z\u00e4hnen des wild hin und her zappelnden Kopfes. Fast wurde Pax, die grade wieder auf dem Boden auftauchte, verletzt. Sie st\u00fcrzte, rollte sich halb ab, nutze den Stiel ihres Naginatas um aufzukommen und sprintete los. Gleichzeitig versuchte sie Okult zu orten. Die Streunerin wollte die Aufmerksamkeit des Gegners so weit wie m\u00f6glich von dem Jungen wegtragen. Erst dann bemerkte sie, dass der Schwarzhaarige bereits auf den Beinen war und irgendetwas am Rand des Abgrundes machte. Zu mindestens war er au\u00dfer Reichweite, stellte Pax erleichtert \u0001 \u0002 zielte mit dem Naginata erneut auf das linke Auge der silbernen Schlange, teleportierte sich jedoch im letzten Moment auf die andere Seite des Kopfes. Der Plan ging nicht auf. Kaum war sie aufgetaucht stie\u00df den Kopf in ihre Richtung und schlug ihr die Schwertlanze aus den Fingern. Die Stange rutschte aus Pax blutigen H\u00e4nden, kam auf dem Boden auf und blieb an der Wand liegen. Die Streunern wurde ebenfalls zur\u00fcckgeschleudert. Ihr wurde der Atem aus den Lungen geraubt, als ihr K\u00f6rper an der H\u00f6hlenwand aufkommt. Schmerz floss durch jede Zelle ihres K\u00f6rpers. Pax \u00f6ffnete grade noch rechtzeitig die Augen, als der Kn\u00fcppel von einem Schwanz auf sie niederfuhr. Die Streunerin teleportierte sich einen halben Meter zur Seite und brauchte l\u00e4nger als ihr lieb war um wieder auf die Beine zu kommen. Trotz der Taubheit in ihren Beinen schaffte sie es aufzustehen. Sie griff nach ihrer Schwertlanze, zog die Waffe zu sich und sprang zur Seite, als neben ihr der Schwanz sich zur\u00fcckzog, in einem Versuch die Blondhaarige am Kopf zu treffen. Entschlossenheit verh\u00e4rtete die Gesichtsz\u00fcge der Streunerin. Sie wischte sich ein Gemisch aus Blut, Schmutz und Schwei\u00df aus dem Gesicht. Ihr Brustkorb hob sich und das Atmen der Streunerin ging schwer. Er h\u00f6rte sich wie ein Keuchen an. Grimmig schaute Pax zu dem Monster auf und sammelte ihre Kr\u00e4fte, dann sprintete sie auf den Kopf der Kreatur los. Das Haupt der Schlange drehte sich leicht von einer zur anderen Seite, w\u00e4hrend sich unter ihm eine rote Pf\u00fctze \u0001 \u0002 letzten Meter teleportierte sie sich wieder, zielte aufs Auge, dann parierte sie und ahmte dabei den Angriff nach, der sie zuvor zu Fall gebracht hatte. Im n\u00e4chsten Moment wich sie mit einem Schritt zur Seite dem herum schlitternden Kopf aus, um so aus n\u00e4chster N\u00e4he einige Treffer auf dieselbe Stelle im Schuppenkleid des Reptils niederfahren zu lassen. Sofort probierte das Wesen mit g\u00f6ttlichem Anmut sie abzusch\u00fctteln, doch die Streunerin sprang neben den br\u00fcchigen Schuppen her und teleportierte sich mit kreiselnde Schwertlanze zur\u00fcck, als wieder der Kopf des Unget\u00fcms herumschlingerte, parierte den erwarteten folgenden Angriff des Schweifs und stie\u00df wieder und wieder auf die br\u00f6ckelnden Schuppen ein. Sie sprinte, teleportierte sich \u00fcber ihren Feind und stach zu als abermals ein Ausweichversuch ihres Gegners gestartete wurde. Blut spritze und das Reptil b\u00e4umte sich auf, w\u00e4hrend Pax ihre Lanze aus dem Monster zog und sich mit Teleportation weiter von dem silbernen Unget\u00fcm entfernte, das pl\u00f6tzlich sich zusammenrollte. Ihr blieb keine Zeit sich zu fragen was das sollte, denn augenblicklich entfaltete sich der massige K\u00f6rper in all seiner L\u00e4nge und kreiselte als Klingen besetzte Schnur umher, die Pax auf sich zu kommen \u0001 \u0002 Lichtblitz, dann war sie in der Luft und landete auf der anderen Seite des Raumes, w\u00e4hren die Schlange sich z\u00fcgig in Richtung Abgrund \u0001 \u0002 in Richtung des Kleinen! Die Streunerin erkannte zu sp\u00e4t die Absichten des \u0001 \u0002 Entsetzen lie\u00df Pax ihr Naginata Fallen und griff im Lauf nach einem ihrer Messer. Sie vollf\u00fchrte ein Telerotationsschritt, dann warf sie die Klinge verzweifelt auf die Stelle zwischen dem Schwarzhaarigen und dem g\u00f6ttlichen \u0001 \u0002 war eine verzweifelte Aktion. Die Klinge segelte aufs Auge der Kreatur zu, die die Waffe kommen sah und mit ihrem Lid abwehrte, ehe ihr Maul an der Stelle vorbeiraste an der gerade eben noch der kaum ein Jahr alte Okult gestanden hatte, dann glitt das Schlangenmonster in die Schlucht hinab und \u0001 \u0002 schoss durch Pax ganzen K\u00f6rper, als sie zu dem verletzen, in ihren Poncho geh\u00fcllten, Jungen blickte. Er war ausgewichen wie es jeder gute Krieger tun konnte. Er hielt mit dem gesunden Arm ihren Mantel und starrte sie aus neutralen Augen an, an denen nur die Spuren seiner Verletzungen klebten, und kam z\u00fcgig auf sie zu. Pax realisierte kaum, das sie den Schwarzhaarigen sofort in die Arme schloss, als er vor ihr zum Stehen \u0001 \u0002 bekam jetzt erst mit wie sehr ihr K\u00f6rper schmerzte, als sich ihre Rippen zu Wort meldeten. Wiederwillig trennte die Streunerin sich von Okult und st\u00fctzte sich gegen die n\u00e4chst beste S\u00e4ule. Am liebsten wollte sie laut losfluchen, aber sowas war in der N\u00e4he eines Kindes \u0001 \u0002 beiden beeilten sich durch die langen G\u00e4nge zu fl\u00fcchten, nebeneinander, verletzt, abgek\u00e4mpft. Der Junge hatte Pax von seiner Entdeckung erz\u00e4hlt, die er am Abgrund gemacht hatte. Die Schlangen konnten Klettern! Sie hatten sich halsbrecherisch in die Tiefe gest\u00fcrzt, blo\u00df um am Fels auf der anderen Seite wieder empor zu robben. Wie Nacktschnecken ohne Schleim, hatten sie sich ihren Weg empor gebahnt, um sie zu verfolgen und sie taten es noch immer. Trotz all dieser Schrecken, hatte er es nicht lassen k\u00f6nnen, eines dieser Wesen das Pax geschlachtet hatte, mitzunehmen. Sobald er Zeit hatte, w\u00fcrde er versuchen herausfinden, wie diese Kreatur es angestellt hatte und wie er diese Eigenschaft bestm\u00f6glich f\u00fcr sich nutzen konnte. Ob er sich dann wohl Schuhe schaffen k\u00f6nnte, mit denen er in der Lage war W\u00e4nde zu belaufen? Vielleicht, vielleicht auch nicht, das w\u00fcrde er herausfinden, bis er genug Wissen hatte, um \u00e4hnliches doch zu Bewerkstelligen. Das war ein Traum...In dieser kalten, sch\u00f6n logischen und dunklen Welt, in der er nur durch Zufall \u00fcberlebt hatte. Seine gro\u00dfen Augen schimmerten im Schein der Sph\u00e4ren, die noch mehr an Kraft verloren hatten. Doch Pax war dar und stemmte sich innerlich dagegen, wollte ihn nicht im Dunkeln tappen lassen, dabei konnte er doch auch ohne Licht voran \u0001 \u0002 f\u00fchlte sich schlecht, wie er sie so dar neben und hinter sich laufen h\u00f6rte und sah, angespannt, ausgelaugt, doch trotzdem stets wachsam und darauf achtend, dass keine Schlange ihnen zu nah kam, w\u00e4hrend sie gleichzeitig das Licht, dass \u00fcber ihnen schwebte mit ihrer Energie befeuerte. Sein Gewissen schrie ihn schon die ganze Zeit innerlich an ihr von seinen violetten Augen zu erz\u00e4hlen, dass er auch ohne den weisenden Schein dank ihnen zu Recht kam, doch wieso weigerte er sich blo\u00df? War es die Sch\u00fcchternheit, die er hinter seiner eher mitleidigen, doch sonst ausdruckslosen Miene verbarg? F\u00fcrchtete er sich vor dem, was ihm entgehen k\u00f6nnte, sobald er den Boden nur noch erahnte. Sodass er vielleicht stolperte. Oder... Oder....Der Schwarzhaarige blickte wachsam zu Pax zur\u00fcck, seinen Kohlestift in der gesunden Hand haltend, mit welchem er gerade wieder die Wand markiert hatte. Er sah neben ihrer strahlenden scheinenden, wundervollen Energiesignatur nur einige von wenigen anderen Schlangen, die sich hier und dort verborgen hielten, doch die Flut schienen sie weit zur\u00fcckgelassen zu \u0001 \u0002 durften sie auf keinen Fall aufh\u00f6ren, sie mussten weiter gehen, sich in Sicherheit bringen, Nahrung und Wasser finden, hier rauskommen...Und er brauchte ihre Ressourcen auf, indem er die Blau\u00e4ugige weiter dazu brachte, ihre Kraft f\u00fcr wenig herzugeben, sie weiter qu\u00e4lte... f\u00fcr... f\u00fcr ih.... Ihr biss sich auf die Lippe, gerade in dem Moment, als das Licht der Sph\u00e4ren kurz stark an Intensit\u00e4t verlor. Flackerte ehe es wieder an vergleichbarer, doch eindeutig d\u00e4mmriger Helligkeit gewann.\u201eDu musst damit aufh\u00f6ren\u201c, Okult blieb stehen und verbarg sein Antlitz in seinen herabfallenden Str\u00e4hnen, drehte sich langsam zu ihr um, ehe er verkrampften Schrittes auf sie zuging. \u201eBitte, opfere nicht weiter deine Energie\u201c, fl\u00fcsterte er und wirbelte dabei etwas Staub auf, der an den Stiefel seiner Gegen\u00fcber gesto\u00dfen wurde. Pax geht langsam aber sicher die Energie aus. Weder f\u00fcr Okult noch seine Begleiterin scheint ein Ende des H\u00f6lensystems in sicht zu sein, War das ihre letzte t\u00f6dliche Herausforderung, k\u00f6nnen beide endlich aufatmen?Fortsetzung folgt bei LifeBeast:https://\u0001 \u0002.de/s/60b1529400066fbe32092b7d/1/Chroniken-der-Staemme-Spotlight-Licht-und-Schatten-Teil-2-",
            "wordcount": "11.429",
            "chapter_release": "28.05.2021",
            "chapter_number": "1"
        }
    },
    "title": "Chroniken der St\u00e4mme Spotlight: Licht und Schatten (Teil 1)",
    "topic": "unspecified",
    "release": "\n28.05.2021\n\t\t\t\t\t\t",
    "author": "Lumina Pax"
}