{
    "tags": [],
    "chapcount": "2",
    "wordcount": "10.687",
    "chapters": {
        "1": {
            "text": "Ein schrilles Ger\u00e4usch bohrte sich durch die warmen, dunklen Wolken von von Chloes Tr\u00e4umen und weckte sie. Das alt bekannte \u201aBiepbiepbiep\u2018 ihres steinalten Weckers befahl ihr ohne Umschweife auf zu stehen. Es war Montagmorgen und sie musste zur \u0001 \u0002. Die es abgrundtief hasste fr\u00fch auf zu stehen. -Besonders wenn sie gef\u00fchlt nur 5 Minuten geschlafen hatte, weil sie bis sp\u00e4t in die Nacht noch f\u00fcr die Mathearbeit gelernt hatte, die f\u00fcr heute angesetzt war.- Und nun knappe 10 Minuten lang versuchte ihren Wecker tot zu starren, bevor sie sich in Zeitlupe aus ihrem kuschligen Bett erhob, ihre Klamotten f\u00fcr den Tag zusammen suchte und, umgeben von einer d\u00fcsteren Aura des Verderbens, aus dem Zimmer schl\u00fcrfte. Sie wusste jetzt schon das sie heute Morgen mehr brauchen w\u00fcrde als drei Kannen Kaffee. Heute musste sie die schweren Gesch\u00fctze auffahren und eine eiskalte Dusche nehmen. Sonst w\u00fcrden ihr am Ende w\u00e4hrend der Klausur noch die Augen zu fallen!Auf dem Weg durch den langweilig sandfarben gestrichenen, undekorierten Flur ins Badezimmer stellten sich ihr nach einander jedoch erstmal zwei Hindernisse in den \u0001 \u0002 ihr kleiner Bruder Thomas, von allen nur liebevoll Tommy genannt, der selbst in dieser Herr Gott\u2019s Fr\u00fche unerkl\u00e4rlich wach war und kaum das er Chloe erblickte anfing um sie herum zu tanzen und zu rufen; \u201eAchtung. Der Morgenmuffel ist ausgebrochen. Bringt euch in Sicherheit!\u201c Sie warf ihm einen eisigen Blick zu, von dem sie hoffte, das er ihm die Zunge am Gaumen festfrieren w\u00fcrde. Doch bevor das eintreten konnte schnitt er eine freche Grimasse und flitzte lachend die Treppe runter in die \u0001 \u0002 der T\u00fcr zum Badezimmer traf sie dann auf Problem Nummer 2. Sie war fest verriegelt. Wie jeden verdammten \u0001 \u0002 trommelte Chloe mit der Faust gegen die verrammelte T\u00fcre und br\u00fcllte die Quelle des \u00dcbels an, die ohne Zweifel schon seit mindestens zwei Stunden da drin war und eine Schlacht gegen ihre imagin\u00e4ren Pickel austrug. \u201eLucy! Mach die Schei\u00df T\u00fcr auf! Du wohnst hier nicht alleine!\u201c Ihre j\u00fcngere Schwester Lucy war ein absolutes Paradebeispiel f\u00fcr eine eitle, Smartphone-s\u00fcchtige, pubertierende Teenagerin. Blutsverwandtschaft hin oder her, manchmal h\u00e4tte Chloe sie gerne einfach erw\u00fcrgt! Besonders wenn diese eitle kleine Pest morgens stundenlang das Bad f\u00fcr sich beanspruchte um ihre grauenhaft gef\u00e4rbte Frisur zehn mal neu zu stylen und sich mindestens zwanzig mal neu zu schminken, weil die Farbe ihres Liedschattens nicht zu der ihrer N\u00e4gel passte oder ihre Wimpern nicht auf den Nanometer genau gleich lang getuscht waren! Und das alles \u00fcblicherweise mit St\u00f6pseln in beiden Ohren und ihrer f\u00fcrchterlichen Pop Musik auf voller Lautst\u00e4rke, damit sie ja nichts von verschlafenen gro\u00dfen Schwestern mit bekam die heute auch noch mal duschen und sich die Haare machen mussten und es sich gerade heute nicht leisten konnten zu sp\u00e4t zur Schule zu kommen! Als ob die Tatsache, das Lucy es schaffte f\u00fcr diesen ganzen Zirkus t\u00e4glich extra fr\u00fch aufzustehen, nicht schon qu\u00e4lend genug f\u00fcr besagte Schwester war. Chloe wusste beim besten willen nicht, wie sie das \u0001 \u0002 ununterbrochenem Klopfen, und w\u00fcsten Morddrohungen, dauerte es knappe 10 Minuten bis Lucy endlich die Badezimmert\u00fcr entriegelte und ihr, mit pinken Str\u00e4hnen durchzogener, schwarzer Haarschopf an Chloe vorbei rauschte, ohne sie auch nur eines Blickes zu w\u00fcrdigen.,Ganz ruhig. Bring sie nicht um\u2026\u2018 ermahnte sie sich und schaffte es die T\u00fcr nicht mit voller Wucht zu zuknallen, bevor sie sich energisch ihr Tanktop und die Jogginghose vom Leib zog und unter die Dusche sprang. Eisiges Wasser st\u00fcrzte auf sie ein und brachte ihren Kreislauf endlich in Fahrt. Trotzdem wartete Chloe bis ihre Zehen taub waren und ihre Z\u00e4hne klapperten, bis sie das Wasser auf w\u00e4rmer drehte, nur um sicher zu sein das auch ihre schlechte Laune eingefroren \u0001 \u0002 sie fertig mit waschen war, machte sie erst mal ein paar Dehn\u00fcbungen um den letzten Rest K\u00e4lte und M\u00fcdigkeit aus zu sch\u00fctteln. Chloe war eine einigerma\u00dfen sportliche Person. Als sie noch j\u00fcnger war hatte sie in der M\u00e4dchenbasketballmannschaft ihrer Schule mitgespielt und auch heute noch ging sie gerne joggen und spielte Fu\u00dfball mit Tommy. Wenn sie mal Zeit hatte. Jedenfalls war die Person die sie im Spiegel anstarrte einigerma\u00dfen fit und gro\u00df gewachsen. Chloe Graham. Sechzehn Jahre alt, rund ein Meter achtundsechzig gro\u00df (ja, ohne Abs\u00e4tze) mit langem, lockigem, schwarzem Haar, sonnengebr\u00e4unter Haut und Haselnuss braunen Augen. Sie b\u00fcrstete sich mit der rechten Hand und f\u00f6hnte gleichzeitig mit der linken, entschied dass sie in natura h\u00fcbsch genug war und das zeitverschlingende Makeup ruhig auf dezenten Eyeliner beschr\u00e4nken konnte, und schl\u00fcpfte in frische Unterw\u00e4sche, Jeans und ihren liebsten roten Pullover, bevor sie das Bad wieder verlie\u00df. Als sie in die K\u00fcche runter kahm und einen Blick auf die uralte Uhr \u00fcber dem rustikalen K\u00fchlschrank warf, best\u00e4tigte sich ihr Verdacht, das sie nicht mal eine Stunde gebraucht hatte. ,Ha. So geht das Lucy!\u2018 dachte Chloe w\u00e4hrend sie sich, mit selbstzufriedenem Gesichtsausdruck an den Tisch setzte. Am Fr\u00fchst\u00fcckstisch herrschte das \u00fcbliche Graham-Chaos. Lucy hatte wie \u00fcblich schon ihr Handy rausgeholt und textete flei\u00dfig, ohne auf Tommy zu achten, der sich sein Toast so dick mit Nussnugat-creme beschmiert hatte dass, wenn er hinein biss, die braune Masse an seinen Lippen und seinen Mundwinkeln kleben blieb und ihn wie eine kleine, br\u00fcnette Schokoladenversion des Jokers aussehen lies. Er st\u00f6rte sich jedoch nicht gro\u00df daran und speiste munter weiter. Chloe hatte es mittlerweile aufgegeben ihm zu erkl\u00e4ren, dass das Toast mit so viel Nussnugat nicht schmeckte. Er h\u00f6rte nicht auf sie. Lucy hatte nat\u00fcrlich nichts auf ihrem Teller liegen. Wenn sie morgens as, k\u00f6nnte sie ja ein Gramm \u0001 \u0002 fragte Chloe sich ernsthaft warum sie sich noch immer die M\u00fche machte abends, nach der Schule, dem Mittagessen, den Hausaufgaben, ca. einer Stunde Freizeit und dem Abendbrot \u00fcberhaupt f\u00fcr Lucy mit zu sp\u00fclen und f\u00fcr das Fr\u00fchst\u00fcck am n\u00e4chsten morgen ihren Platz mit zu decken. Sie as doch eh nichts. Weder morgens noch abends. Und Mittagessen nur Vegetarisch. Chloe war es so leid immer Extraw\u00fcnsche f\u00fcr ihre Schwester zu erf\u00fcllen. Als h\u00e4tte sie nicht schon genug damit zu tun Mutter f\u00fcr ihre beiden Geschwister, und irgendwie auch f\u00fcr ihren Dad, zu spielen. Aber sie hatte nicht wirklich eine \u0001 \u0002 Vater schob t\u00e4glich \u00dcberstunden um die Familie zu ern\u00e4hren. Er ging morgens schon zwei Stunden vor den Kindern aus dem Haus und kahm erst zur\u00fcck wenn sich die beiden j\u00fcngeren bereits Bettfertig machten. Er hatte nur Sonntags die Zeit sich selbst um sie zu k\u00fcmmern. Und selbst dann, war er oft so geschafft, das er den halben Tag verschlief. Also hatte Chloe im Alter von vierzehn die Rolle der Hausfrau \u00fcbernommen, nachdem ihre Mutter sich eines Tages einfach bei Nacht und Nebel abgesetzt hatte. Soweit Chloe erfahren hatte, war ihr Verhalten damit begr\u00fcndet gewesen, dass sie das Familienleben satt gewesen war. Miranda Graham hatte als Buchhalterin bei irgendeinem Superkonzern gearbeitet, eine Aff\u00e4re mit ihrem Boss angefangen und die M\u00f6glichkeit bekommen bis ganz nach oben auf zu steigen. Und das erklimmen der Karriereleiter und eine reiche, unabh\u00e4ngige Frau zu sein war ihr wichtiger gewesen als ihr Fabrikarbeiter von Ehemann und ihre drei Kinder. Und so war Jakob Graham nun ein \u00fcberarbeiteter, alleinerziehender Vater, der mit seinen einundvierzig Jahren bereits unter chronischen R\u00fcckenproblemen litt und Chloe, als \u00e4lteste, f\u00fcr einen hyperaktiven acht-j\u00e4hrigen und eine selbstgef\u00e4llige vierzehn-j\u00e4hrige verantwortlich, die ihr beide den letzten Nerv t\u00f6teten. \u201eTommy, putz dir den Mund ab.\u201c Befahl sie, w\u00e4hrend sie versuchte sich Orangenmarmelade auf ihr Toast zu schmieren und ,sehr zur Belustigung des Jungen, feststellte, dass sie sich gestern statt eines Messers einen L\u00f6ffel an ihren Platz gelegt hatte. Tommy grinste sie frech an. Seine Z\u00e4hne waren ebenfalls voller Nussnugatcreme. \u201eWie hei\u00dft das Zauberwort?\u201c \u201eBitte, putz dir den Mund ab, Tommy.\u201cChloe verdrehte die Augen, musste aber auch ein wenig l\u00e4cheln. Tommys Getritze war immerhin nicht b\u00f6se gemeint. Der kleine hatte einfach eine unersch\u00f6pfliche Menge an Lebensfreude, von der Chloe sich gerne ein bisschen was geborgt h\u00e4tte. Selbst wenn er ernsthaften Unsinn anstellte, es war so gut wie unm\u00f6glich Tommy f\u00fcr l\u00e4ngere Zeit b\u00f6se zu sein.\u201eUnd die Z\u00e4hne auch gleich mit, wenn du schon dabei bist. Bitte.\u201c Erg\u00e4nzte sie, vergeblich bem\u00fcht streng zu klingen. \u201eDarf ich erst noch ein Toast essen?\u201c Er starrte sehns\u00fcchtig auf die Toastscheiben im Brotkorb. Chloe wandte sich zur Uhr um. Es war schon etwas sp\u00e4ht. Sie mussten sich ranhalten.\u201eNa gut. Was h\u00e4ltst du von einem Deal? Du putzt dir jetzt die Z\u00e4hne, und ich mach dir in der Zeit noch ein Toast fertig.\u201cTommy strahlte. \u201eDeal!\u201c und flitzte nach oben ins Bad. Chloe wedelte mit der Hand vor der Nase ihrer Schwester herum, um ihre Aufmerksamkeit von ihrem Handy auf sie zu lenken. \u201eLucy, k\u00f6nntest du Tommy noch schnell sein Toast schmieren?\u201c \u201eEs ist dein Deal!\u201c fauchte ihre Schwester und wandte sich demonstrativ wieder ihrem WhatsApp zu. \u201eIch muss auch noch mal was essen!\u201c fauchte Chloe zur\u00fcck. \u201eIs nich mein Problem! Ich muss das hier..\u201c\u201eDu kannst Mandy und Laura und den ganzen anderen H\u00fchnern die du Freundinnen schimpfst, auch in f\u00fcnf Minuten noch texten f\u00fcr wie beschissen du dein Leben h\u00e4llst! Du tust jetzt zur Abwechslung auch mal eine Kleinigkeit! Ich decke schon jeden Abend den Tisch und lege alles zurecht, damit wir und Dad morgens sofort essen k\u00f6nnen!\u201c fuhr ihr Chloe dazwischen. Sie war Lucys st\u00e4ndige Anstelleritis endg\u00fcltig leid. Lucy ignorierte sie und textete mit anges\u00e4uerter Miene weiter. Das ging zu weit. Irgendwas in Chloes Gehirn setzte aus und sie riss ihrer Schwester das Handy aus der Hand.\u201eHey! Gib das her du bl\u00f6de Kuh!\u201c kreischte Lucy und versuchte Chloe das Handy wieder zu entrei\u00dfen, doch die \u00e4ltere war aufgestanden und hielt das Ger\u00e4t hoch \u00fcber ihren Kopf, so dass das rund f\u00fcnf Zentimeter kleinere M\u00e4dchen es nicht erreichen \u0001 \u0002 der anderen Hand hielt Chloe ihre kleine Schwester m\u00fchelos zur\u00fcck, w\u00e4hrend diese fluchend versuchte ihr die Augen aus zu kratzen. \u201eMach was ich dir gesagt habe, oder ich schw\u00f6re dir; ich schmei\u00df das verdammte Ding ins Klo!\u201cLucy lies von ihr ab und starrte sie mit zusammen gekniffenen Augen an.\u201eWenn du das machst, sag ichs Dad!\u201cChloe verzog keine Miene.\u201eGlaub mir; wenn er sich zwischen meinen Erziehungsmethoden und deinen Wutausbr\u00fcchen entscheiden muss, dann f\u00e4llt die Wahl auf mich.\u201c Sie war sich dessen zwar nicht zu einhundert Prozent sicher, Handys waren immer noch teuer und sie hatten nicht so viel Geld. Trotzdem w\u00fcrde ihr Vater ihr vermutlich beipflichten, wenn sie die Meinung \u00e4u\u00dferte, das ein zwei Wochen ohne Handy Lucy ganz gut tun k\u00f6nnten. Die j\u00fcngere lies von ihr ab und starrte sie einen Moment m\u00f6rderisch an. Dann packte sie mit einem Wutschrei eine der abgek\u00fchlten Toastscheiben, klatschte energisch einen gro\u00dfen Klecks Nussnugatcreme darauf, den sie sich nicht mal die M\u00fche machte zu verstreichen, pfefferte das ganze auf Tommys Platz und pfl\u00fcgte aus der K\u00fcche. Chloe konnte h\u00f6ren wie sie, laut schimpfend, ihre Schuhe anzog und die T\u00fcre hinter sich zu knallte als sie das Haus verlie\u00df. Sie hoffte nur das Lucy auch zur Schule ging und nicht weist der Geier \u0001 \u0002 war Chloe hart gesagt zu entnervt um einen Furz darauf zu geben was die G\u00f6re jetzt anstellte. Sie hob das Toast vom Teller, schmierte es vern\u00fcnftig, as ihr eigenes Toast auf und ging in ihr Zimmer zur\u00fcck um Lucys Handy in ihrem Nachttisch einzuschlie\u00dfen. Das Teil w\u00fcrde f\u00fcrs erste eingezogen bleiben! Als sie wieder in die K\u00fcche kahm, kaute Tommy schon schweigend sein Toast. Chloe\u2019s Mordstimmung sackte in den Keller als sie ihn anschaute. Er sah aus als ob er heulen k\u00f6nnte. \u201eWas ist?\u201c fragte \u0001 \u0002 lies langsam sein Toast sinken und mied ihren Blick. \u201eIhr habt euch schon wieder gestritten\u2026\u201c fl\u00fcsterte er. Sie seufzte. \u201eLucy stellt sich mal wieder an. Ich will nur das sie sich mal um etwas anderes k\u00fcmmert als sich selbst.\u201c Tommy nickte. \u201eWarum ist sie so doof?\u201c fragte er, immer noch offensichtlich bedr\u00fcckt. Er mochte Streit nicht und es tat Chloe in der Seele weh, das er wegen ihr und Lucy fast t\u00e4glich welchen erleben musste. \u201eKein Plan. Liegt am Alter sch\u00e4tze ich.. Und an ihren dummen Freundinnen.\u201c Er nickte wieder. Chloe biss sich auf die Lippe. Sie war in einigem ganz gut, aber jemanden aufzuheitern z\u00e4hlte nicht gerade dazu. Nach einer Minute des Stillschweigens stand sie schlie\u00dflich vom Tisch auf und dr\u00e4ngte Tommy auf zu essen. \u201eKomm, wir m\u00fcssen los.\u201c Sie sammelte die Teller und Tassen zusammen und stellte sie in die Sp\u00fcle. Zum Abwaschen blieb keine Zeit mehr. Gut das sie, in weiser Voraussicht, die Pausenbrote schon am Vorabend schmierte und jetzt nur noch aus dem K\u00fchlschrank nehmen musste. Sie fragte sich kurz ob sie Lucys Pausenbrot mitnehmen sollte. Selbst wenn sie es ihr in der Pause vorbei brachte, w\u00fcrde sie es wahrscheinlich schon aus reiner Beleidigung nicht anr\u00fchren. Aber so w\u00fctend sie auch auf sie war, sie wollte Lucy nicht hungern lassen. Also nahm sie alle drei Brotdosen, tauschte sie gegen den Brotkorb und die beiden \u00fcber gebliebenen Toastscheiben darin und verlies die \u0001 \u0002 stie\u00df zu Tommy in den Flur und reichte ihm seine Brotdose zum einpacken, w\u00e4hrend sie ihre und Lucys in ihre eigene Tasche quetschte. Ein Blick in die Ecke sagte ihr dass das j\u00fcngere M\u00e4dchen ihre Tasche mitgenommen hatte. Was immerhin bedeutete, das sie vorhatte irgendwann heute in der Schule auf zu kreuzen. Auf den \u00c4rger den es mit der Rektorin geben w\u00fcrde, wenn Lucy schw\u00e4nzte, hatte Chloe absolut keinen Nerv. Das letzte Mal war ihr nur all zu gut im Ged\u00e4chtnis \u0001 \u0002 war letztes Jahr gewesen. Chloe und Lucy hatten sich, \u00e4hnlich wie heute, gestritten. Lucy war rausgerannt und hatte die Schule geschw\u00e4nzt. Und weil sich auch zuhause niemand gemeldet hatte, hatte die Rektorin Chloe zu sich bestellt. Ms. Gardener war eine sehr strenge Frau und die damals f\u00fcnfzehn-j\u00e4hrige hatte Blut und Wasser geschwitzt, als sie ihr den B\u00e4ren aufgebunden hatte das Lucy krank w\u00e4hre und ihre Mum bestimmt gerade beim Arzt mit ihr. Die Sache war n\u00e4mlich; Ms. Gardener geh\u00f6rte zu der Sorte Frau die M\u00e4nner f\u00fcr unf\u00e4hig hielt Kinder alleine gro\u00df zu ziehen. Und irgendetwas sagte Chloe das sie, wenn sie von den Lebensumst\u00e4nden der drei Grahamkinder erfahren w\u00fcrde, ohne zu z\u00f6gern das Jugendamt einschalten w\u00fcrde. Das konnte Chloe ihrem Dad einfach nicht antun. Also hatte sie eine dicke, fette L\u00fcge erz\u00e4hlt und war mit einer schriftlichen Verwarnung f\u00fcr ihre \u201aEltern\u2018 davon gekommen, die sie anhielt das Fernbleiben ihrer Kinder von der Schule in Zukunft gleich morgens zu melden. Dad war ganz sch\u00f6n an die Decke gegangen, als Chloe ihn abends noch damit hatte bel\u00e4stigen m\u00fcssen und hatte Lucy eine ordentliche Standpauke gehalten. Gut das es diesmal scheinbar nicht dazu kommen w\u00fcrde. Chloe schnappte sich ihre Jacke und ihren Hausschl\u00fcssel vom Haken und verlies mit Tommy im Schlepptau das Haus. Tommy besuchte nat\u00fcrlich noch die Grundschule, aber diese lag im selben Viertel wie die Highschool auf die Chloe und Lucy gingen und wenn sie schon fast den selben Weg hatten, konnte Chloe ihren kleinen Bruder auch gleich sicher dort abliefern. Auch wenn sie ihm durchaus zu traute seinen Weg alleine zu finden, konnte man heutzutage nie ganz sicher sein. Nicht mal in einer Kleinstadt wie \u201aLittle Wellshare\u2018. Ein Nest mit zirka \u0001 \u0002 Einwohnern, 36 Kilometer N\u00f6rdlich von London. Die beiden gingen ihren \u00fcblichen Schulweg, an der Kirche vorbei durch mehrere Wohnblocks. Die meisten der typisch englischen Vorg\u00e4rten waren schon f\u00fcr Ostern dekoriert. Die Gartenzwerge waren Osterhasen gewichen und an einigen Hecken und niedrigen B\u00e4umen waren bunte Ostereier aufgeh\u00e4ngt worden. Und es erinnerte Chloe daran das bald f\u00fcr zwei Wochen etwas mehr Ruhe in ihrem Leben herrschen w\u00fcrde. Die Osterferien begannen n\u00e4chste Woche. Sie w\u00fcrde ausschlafen und ihren Ferienjob im Tierheim wieder aufnehmen k\u00f6nnen. Und danach ging es auf den Endspurt zu. Zum Anfang der Sommerferien w\u00fcrde sie ihr Abschlusszeugnis in der Hand halten. Urspr\u00fcnglich hatte Chloe vorgehabt nach der Schule Tiermedizin zu studieren, und vielleicht irgendwann als Gaststudentin nach Amerika zu reisen. Aber inzwischen fand sie es besser wenn sie sich gleich eine Ausbildung oder einen Teilzeitjob suchte um die Familie finanziell unterst\u00fctzen zu k\u00f6nnen. Au\u00dferdem grauste ihr bei dem Gedanken f\u00fcrs Studium nach Oxford um zu ziehen und Lucy die Verantwortung f\u00fcr Tommy zu \u00fcberlassen. Nein. Besser zu hause bleiben und die Dinge am laufen halten. Noch etwas was sie f\u00fcr ihre Geschwister opfern musste. Und alles nur wegen der Selbstsucht ihrer Mutter. Chloe wusste das es gelogen w\u00e4hre zu behaupten, das sie die Frau die sie zur Welt gebracht und dreizehn Jahre lang liebevoll umsorgt hatte nicht hassen w\u00fcrde. Denn sie hasste sie abgrundtief. Die Art wie distanziert sie in ihrem letzten Jahr zu ihnen gewesen war, wie geh\u00e4ssig sie \u00fcber Dad hergezogen war und kein Geheimnis daraus machte, das sie ihn f\u00fcr einen Nichtsnutz hielt. Und wie sie dann eines Morgens einfach fort gewesen war und nur einen sehr f\u00f6rmlichen Brief hinterlassen hatte in dem sie knapp erkl\u00e4rte das sie zu ihrem Liebhaber gezogen war und die Scheidung einreichen wollte. Chloe hasste ihre Mutter daf\u00fcr dass sie Tommy hatte erkl\u00e4ren m\u00fcssen, das seine Mama ihn und seine Schwestern nicht mehr lieb hatte und deshalb weg gegangen war. Sie hasste sie daf\u00fcr ihr diese ganze Verantwortung aufgehalst zu haben. Chloe war sechzehn. Sie sollte sorglos mit ihren Freundinnen im Park oder in Nachtklubs abh\u00e4ngen und nach dem Abschluss mit ihnen in eine Studentengemeinschaft ziehen und einfach nur normale M\u00e4dchensachen machen. Stattdessen war sie Teilzeit Hausfrau, Teilzeit Erzieherin, konnte sich ihre Lebenstr\u00e4ume nicht erf\u00fcllen und hatte schon lange keine richtigen Freundinnen mehr. Wie auch, wenn sie keine Zeit hatte, sich ein mal um sich selbst k\u00fcmmern zu k\u00f6nnen? Chloes d\u00fcstere Gedankeng\u00e4nge wurden unterbrochen als an einem Zaun ein Hund anfing zu kl\u00e4ffen und sie zu Tode erschreckte. \u201eDu hast es gut.\u201c Murmelte sie dem knurrenden wei\u00dfen Fellball zu, der sie entlang seines Zaunes weiter verfolgte und auf und ab h\u00fcpfte, wie ein Flummi. Manchmal w\u00e4hre Chloe wirklich lieber ein Hund. Sich um nichts Sorgen machen zu m\u00fcssen, au\u00dfer das sie p\u00fcnktlich ihr Fresschen bekam und Eindringlinge anbellen musste. Sie kamen an der Grundschule an und Tommy verabschiedete sich mit einer h\u00fcfthohen Umarmung von ihr, bevor er durch die Glast\u00fcr zu einer Gruppe Jungen flitzte, die alle in seiner Fu\u00dfballmannschaft spielten. Einen Block weiter ragte dann Chloes eigenes Schulgeb\u00e4ude Unheil verk\u00fcndend vor ihr auf. Seufzend dr\u00fcckte sie die T\u00fcre auf und k\u00e4mpfte sich durch die Massen von Jugendlichen in den zweiten Stock zur Matheklasse von Mr. Smith. Weil sie fast als erste dort war, konnte sie sich einen Platz ganz hinten suchen und hatte Gelegenheit noch einmal gr\u00fcndlich ihre Spickzettel zu studieren bevor die lauten Rufe und das Gel\u00e4chter ihrer eintrudelnden Klassenkameraden jede Konzentration unm\u00f6glich machten. Die einzigen anderen die schon dort waren, waren Mina Brown; ein sehr verschwiegenes M\u00e4uschen das total in den neunundzwanzig j\u00e4hrigen Mathelehrer verknallt war und Sarah James. Eine fr\u00fchere Freundin von Chloe. Die Betonung lieg auf fr\u00fcher. Sarah und Chloe waren seit der Grundschule beste Freundinnen gewesen. Aber als sich vor zwei Jahren Chloes Familiendrama ereignet hatte, fingen sie an sich auseinander zu leben. Sarah fand neue Freundinnen. Und dummerweise hatten die alle kollektiv etwas gegen Chloe. Deshalb war ihr Verh\u00e4ltnis mehr als angespannt. Was Chloe immer wieder tiefe Stiche versetzte. Sie hatte in ihrer Wut damals ein oder zwei Dinge gesagt, die sie gerne zur\u00fcck genommen h\u00e4tte. Gerade heute, nach dem desastr\u00f6sen Krach mit ihrer Schwester sehnte sie sich nach jemandem zum Reden. Sie suchte Sarahs Blick und dachte f\u00fcr einen Moment wirklich sie k\u00f6nnte ihre Aufmerksamkeit erregen. Doch dann st\u00fcrmte eine von Sarahs neuen Freundinnen, Cindy Wallborne ins Klassenzimmer und machte wie \u00fcblich jeden Versuch von Chloe mit ihrer fr\u00fcheren BFF eine Konversation anzufangen zunichte. Resigniert vertiefte sich Chloe wieder in ihre Notizen und versuchte die qu\u00e4lenden Stiche in ihrer Brust zu verdr\u00e4ngen die sie st\u00e4ndig daran erinnerten, wie einsam sie tats\u00e4chlich war. Stiche die sie trotzdem den Rest des Tages nicht mehr loslassen w\u00fcrden, wie sie tief im Inneren schon wusste. Denn sie gingen ja nie wirklich weg. Chloe hatte nur mit ihnen zu leben gelernt. Irgendwie schaffte sie es, die Mathearbeit erfolgreich hinter sich zu bringen und den Klassenraum nach dem Schellen mit genug Courage zu verlassen um auf dem Pausenhof nach ihrer Schwester zu suchen und ihr ihr Pausenbrot zu \u0001 \u0002 Nachhinein wusste sie wirklich nicht, warum sie geglaubt hatte, dass sie das Ganze ohne eine Szene hinter sich bringen k\u00f6nnte. Chloe entdeckte Lucy und ihre Clique in der Raucherecke. Was schon alleine ausreichte um ihre Laune wieder runter zu ziehen. Sie hatte zwar Lucy selbst noch nicht beim Rauchen erwischt, aber alle ihre Freundinnen rauchten und Lucy machte \u00fcblicherweise alles nach, was die anderen auch taten. Kaum das Lucy sie erblickte, sprang sie mit vor Wut ger\u00f6tetem Gesicht von ihrem Sitzplatz auf der kniehohen Mauer auf und pfl\u00fcgte, begleitet von dem Gekicher der vier anderen M\u00e4dchen auf ihre Schwester zu und fing an ein riesen Drama zu machen.\u201eWo ist mein Handy?\u201c\u201eZuhause weggeschlossen. Und da bleibt es vorerst auch!\u201c Chloe musste sich ganz schon beherrschen um nicht zur\u00fcck zu br\u00fcllen. Was mit jeder Sekunde anstrengender wurde, weil Lucy immer lauter kreischte und anfing ausf\u00e4llig zu werden.\u201eDu bl\u00f6de Tussi! Weist du eigentlich was das f\u00fcr mich bedeutet? Du machst mich vor allen in meiner Klasse zur Lachnummer!\u201c \u201eDas schaffst du auch ganz gut ohne mich.\u201c \u201eIch h\u00e4ng jetzt schon total mit allen Infos hinterher. Wie soll ich irgendwas gepeilt kriegen, wenn mir keiner sagen kann was abgeht?\u201c\u201eDu hast doch einen Mund, oder nicht? Frag einfach, wie ein normaler Mensch!\u201c\u201eWo lebst du? Im Mittelalter?\u201c \u201eNein. Ich bin mir ziemlich sicher es ist immer noch 2017.\u201c \u201eEben, dumme Kuh! Heutzutage kann man nicht rumlaufen und rum fragen was los ist! Da merkt doch jeder das ich von nichts Ahnung habe!\u201c\u201eWovon zum Kuckuck redest du eigentlich? Wovon kriegst du ohne Handy nichts mit?\u201c \u201eOh mann, du bist ja echt v\u00f6llig verpeilt! Ich meine alles! Verstehst du? Al-les!\u201c\u201eUnd was ist Al-les?\u201cDarauf bekam sie nur einen w\u00fctenden Aufschrei von ihrer Schwester und lautes Gegacker von ihren Freundinnen zur\u00fcck. Zwischen dem sie ziemlich deutlich \u201ehat echt kein Plan, Lu\u2019s Alte.\u201c Und \u201efehlt nur noch die Omafrisur.\u201c Heraush\u00f6ren konnte. Lucys Gesicht glich inzwischen einer \u00fcberreifen Tomate. \u201eSiehst du? Du machst mich l\u00e4cherlich!\u201c ,Ich mache sie l\u00e4cherlich?\u2018 dachte Chloe, die langsam selbst vor Wut \u0001 \u0002 zusammengepressten Z\u00e4hnen brachte sie noch; \u201eDein Essen!\u201c hervor, bevor sie Lucy grob ihre Brotdose in die Hand dr\u00fcckte und, verfolgt von Hohngel\u00e4chter, w\u00fctendem Gefluche und einem Klappern das ihr mitteilte das Lucy die Dose wohl nach ihr geworfen hatte, die Szene verlies. \u201eDaf\u00fcr bist du dran.\u201c Knurrte Chloe laut w\u00e4hrend sie zur\u00fcck ins Schulgeb\u00e4ude pfl\u00fcgte und nam sich fest vor von heute an gar nichts mehr f\u00fcr Lucy zu tun. Kein Essen mehr, kein W\u00e4sche waschen mehr, kein Taschengeld mehr. Soll sie doch gucken wo sie bleibt! Die Glocke schellte zur n\u00e4chsten Stunde und Chloe machte sich, mit Gewitterwolken \u00fcber dem Kopf, auf zu ihrem Schlie\u00dffach um ihre B\u00fccher zu holen. Als n\u00e4chstes hatte sie Geschichte. Nicht gerade ihr Lieblingsfach, aber auch nicht das schlimmste was ihr je wiederfahren war. Ihre Geschichtslehrerin, Ms. Winter, war eine ziemliche Antiken-enthusiastin. Sie konnte einigerma\u00dfen spannende Vortr\u00e4ge halten und war allgemein eine ziemlich lockere Person. Auch wenn die \u201aangesagten\u2018 Kids in der Klasse, alle der Meinung waren das sie mit ihren dreiundvierzig blos vergeblich versuchte cool zu wirken. Aber Chloe fand Ms. Winter tats\u00e4chlich ganz cool. Auch wenn sie ihnen \u00fcber die Ferien gerne Projekte aufgab. Irgendwie war Chloe schon aufrichtig gespannt, was sie wohl diesmal ausgeheckt \u0001 \u0002 sie in der Klasse ankam waren die meisten schon dort und unterhielten sich gel\u00f6st. Wie schon zuvor suchte sie wie automatisch Sarah\u2019s Blick, aber sie war mit Cindy und einem anderen M\u00e4dchen namens Rachel Riverdale zusammen und beachtete Chloe garnicht. Bedr\u00fcckt lies sie sich in der ersten freien Bank nieder die sie fand und betete zu einem Gott an dessen Existenz sie stark zweifelte, das der Unterricht etwas ergab, dass sie wenigstens etwas von ihrem beschissenen Leben ablenkte. Und es hatte sie wohl wirklich jemand erh\u00f6rt. Denn wie bestellt, kahm Ms. Winter in den Raum gerauscht, ihr lockiger roter Haarschopf ragte gerade noch hinter einem Stapel Zettel und den verschiedensten Arbeitsmaterialien hervor.\u201eGuten Morgen meine Lieben.\u201c Gr\u00fc\u00dfte sie die Sch\u00fcler und lud den Stapel auf ihrem Pult ab. Langsam trat h\u00f6fliches Schweigen ein, w\u00e4hrend Ms. Winter begann die omin\u00f6sen Zettel zu verteilen, die sich als Einverst\u00e4ndniserkl\u00e4rungen f\u00fcr eine Klassenfahrt nach London, um genau zu sein; ins Britische Museum, entpuppten. Am Freitag, dem letzten Tag vor den Ferien. Ein aufgeregtes Murmeln ging durch die Klasse. Das war definitiv mal eine Art, in die Ferien zu starten. \u201eNun da ihr Kids kurz vor dem Finale steht, dachte ich mir, unser finales Projekt sollte etwas besonderes sein.\u201c Fl\u00f6tete Ms. Winter munter. \u201eDamit das klar ist, das wird keine Vergn\u00fcgungstour. Ich erwarte das ihr den Tag im Museum f\u00fcr Recherchen nutzt. Wof\u00fcr werdet ihr jetzt sehen.\u201c Sie ging zur\u00fcck zu ihrem Pult und h\u00e4ngte sieben verschiedene Plakate an die Tafel. Jedes zu einem anderen Thema das sie in den letzten Jahren behandelt hatten. Das mittelalterliche England, Die Kelten, Das r\u00f6mische Imperium, Die antike Griechenland, Die Wikinger, Die Besiedelung Amerikas und das alte \u00c4gypten. Zuletzt nahm sie einen Korb voller zusammengerollter Zettelchen und stellte ihn auf einen leeren Tisch vor die Tafel. \u201eIhr werdet Zweierteams bilden. Und damit es keinen Streit gibt, lassen wir das Los entscheiden wer mit wem und an was arbeitet.\u201c Erkl\u00e4rte sie, spitzb\u00fcbisch grinsend. Wof\u00fcr sie ein kollektives St\u00f6hnen kassierte. Das war nicht das erste Mal, das Ms. Winter sich etwas ausdachte um die etablierten Freundeskreise auf zu brechen. Sie lie\u00df sich jedoch nicht beirren und klatschte in die H\u00e4nde um sich Ruhe zu verschaffen. \u201eKeine M\u00fcdigkeit vorsch\u00fctzen, an die Lotterie. Und schreibt eure Namen unter das Plakat das ihr gezogen habt.\u201c Chloe schluckte, als ihre Lehrerin zuerst auf sie blickte. Warum hatte sie sich nochmal auf den ersten freien Platz, ganz vorne, gesetzt? Seufzend stand sie auf und fischte den ersten Zettel aus dem Korb den sie zu fassen bekam. Sie entrollte ihn und las dort, in der schn\u00f6rkeligen Handschrift von Ms. Winter; \u00c4gypten. Nat\u00fcrlich, wieder ihr Gl\u00fcck. Als sie das Thema vor drei Jahren behandelt hatten, hatte Chloe den Fehler gemacht zu erw\u00e4hnen, das ihre Gro\u00dfmutter geb\u00fcrtige \u00c4gypterin gewesen und in den 50ger Jahren nach England ausgewandert war. Daf\u00fcr hatte sie sich von Ms. Winter den Spitznamen \u201aKleopatra\u2018 eingehandelt und ihre Klassenkameraden hatten sie st\u00e4ndig erwartungsvoll ausgefragt als w\u00fcrde sie, nur wegen der Herkunft eines Elternteils ihrer Mutter, das schon als Chloe erst sieben war starb, alles \u00fcber \u00c4gypten, die Pyramiden und die Pharaonen wissen. Resigniert schrieb sie ihren Namen unter das Poster und h\u00f6rte sofort leises Gekicher im Hintergrund. Fehlt nur noch das Cindy oder Rachel die gleiche Karte ziehen, dann w\u00e4hren die Ferien f\u00fcr sie gelaufen. Gruppenarbeit bedeutete schlie\u00dflich, das sie ihre Gruppenmitglieder in den Ferien h\u00e4ufiger zum arbeiten treffen musste. Chloe setzte sich zur\u00fcck an ihren Platz und beobachtete, auf ihrer Unterlippe kauend, wer welche Zettel zog. Rachel erwischte Griechenland, Cindy und Sarah hatten beide das Mittelalter, wof\u00fcr sie einander sofort grinsend High Five gaben. Chloe blickte stur auf ihre Finger herunter und wollte sich nicht eingestehen, dass ein kleiner, naiver Teil von ihr gehofft hatte, Sarah w\u00fcrde auch \u00c4gypten ziehen. Sie waren eine kleine Klasse, insgesamt nur vierzehn Sch\u00fcler. Die Aufgaben verteilten sich daher recht schnell. Und mit jedem der eine andere Karte zog, wurde Chloe unbehaglicher zumute. Sie stand zwar mit niemandem in der Klasse wirklich auf Kriegsfu\u00df, von den zwei vorab erw\u00e4hnten Sticheltanten mal abgesehen, aber je mehr sich das Feld lichtete, desto h\u00f6her wurde die Wahrscheinlichkeit, das sie mit jemandem arbeiten musste, der ihr unangenehm war. Jetzt waren nurnoch drei Sch\u00fcler nicht vergeben. Die erste von ihnen war Lindsey Strode, eine ziemliche Besserwisserin, die so ziemlich jedes Vorurteil \u00fcber Streberinnen erf\u00fcllte, das es gab. Dicke Hornbrille, Zahnspange und, au\u00dfer in Sport, ausnahmslos Einser auf dem Zeugnis. Zwar fand Chloe nichts verkehrt an Flei\u00df und guten Noten, trotzdem war ihr Lindsey unangenehm. Sie lie\u00df keine anderen Meinungen gelten und w\u00fcrde einfach alles kritisierten und verwerfen, was ihr Partner beizusteuern versuchte. Am Ende w\u00e4hre es ihr Projekt und keine Teamarbeit. Die Eins + w\u00e4hre zwar da, aber trotzdem w\u00fcrde Chloe das miese Gef\u00fchl sich die Note nicht verdient zu haben, im Hinterkopf bleiben. Sie schloss stumm betend die Augen, w\u00e4hrend Lindsey ihr Thema zog und \u00f6ffnete sie erst wieder, als das kratzende Ger\u00e4usch der Kreide auf der Tafel verstummte und ihr sagte, das Lindsey ihren Namen angeschrieben hatte. Amerika. Gott sei Dank. W\u00e4hrend Chloe noch ein stummes Dankesgebet sprach, schlenderte die vorletzte Person an ihr vorbei zur Tafel. Hymera Uzul, ein M\u00e4dchen das vor drei Jahren aus der T\u00fcrkei nach England gezogen, und, \u00e4hnlich wie Lindsey, eine wandelnde Stereotype war. Jetzt nicht von wegen Kopftuch und Islam. Nein, Hymera kleidete sich modern und schminkte sich genauso wie alle anderen M\u00e4dchen in der Klasse. Trotzdem hatte sie eine sehr merkw\u00fcrdige Art, mit Lehrern, und allgemein mit Leuten die sie nicht mochte, um zu gehen. Sie gab einfach vor, kein Englisch zu k\u00f6nnen. Bis vor ein paar Monaten hatte Chloe ihr das, genau wie fast jeder andere in der Klasse auch, abgekauft und sogar Mitleid mit ihr gehabt. Bis sie ihr zuf\u00e4llig, an einem Wochenende, in einem Cafee begegnet war und mitgeh\u00f6rt hatte, wie sie einem Jungen, ebenfalls mit ausl\u00e4ndischer Herkunft, in perfektem Englisch verk\u00fcndet hatte; das einzige was sie an England st\u00f6re, seien die Engl\u00e4nder. So viel zum Thema Integration und Toleranz. Auch wenn Chloe selber, \u00fcber ihre Gro\u00dfmutter, ausl\u00e4ndische Wurzeln hatte, betrachtete sie sich als Engl\u00e4nderin. Dennoch fand sie es absto\u00dfend, dass Leute wie Hymera tats\u00e4chlich existierten und ein schlechtes Licht auf Ausl\u00e4nder warfen. Es machte Chloe auf pers\u00f6nlicher Ebene w\u00fctend und sie hatte hart gesagt kein Interesse daran, sich noch in irgendeiner Form mit diesem M\u00e4dchen abzugeben. Das Gl\u00fcck war ihr scheinbar erneut hold, den Hymera zog Griechenland. Blieb nur noch\u2026.Chloe drehte sich nach der entsprechenden Person um, und w\u00e4hre am liebsten im Boden versunken. Ein gro\u00dfgewachsener, blonder Junge, gekleidet in ein bl\u00fctenwei\u00dfes Hemd und teure Markenjeans schlenderte zur Tafel und schrieb, ohne den letzten verbliebenen Zettel zu entrollen, seinen Namen auf den einzig verbleibenden Platz unter dem \u00c4gyptenposter. Jack Ryder. \u201eAusgerechnet Jack?\u201c dachte Chloe, w\u00e4hrend sie wie versteinert das sa\u00df und auf den Namen starrte. Anders als mit den anderen Kandidaten, konnte sie zu Jack nicht viel sagen. Und das, obwohl sie seit der Grundschule in der selben Klasse waren. Sie hatte bisher nur einmal wirklich mit ihm gesprochen. Und auch wenn diese Auseinandersetzung Jahre her war, und sie sich bis jetzt garnicht wirklich daran erinnert hatte, sah sie sie nun wieder glassklar vor sich. Als w\u00e4hre es gestern gewesen. ~Die achtj\u00e4hrige Chloe sa\u00df unter einem Kirchbaum, der das Grundst\u00fcck des Pausenhofes schm\u00fcckte, als pl\u00f6tzlich vom Fu\u00dfballplatz her ein Ball her\u00fcber gerollt kam. Chloe hob ihn auf. Es war ein guter Ball, sehr robust. Aus Kunstleder statt dem billigen Plastik, aus dem die Schulb\u00e4lle gemacht waren. Bevor sie sich jedoch weitere Gedanken machen konnte, kahm einer von den Jungen her\u00fcber zu ihr und streckte fordernd die Hand aus. Er ging in ihre Klasse und hie\u00df, wenn sie sich recht erinnerte, Jack.\u201eDas ist mein Ball.\u201c Sagte \u0001 \u0002 z\u00f6gerte. Ihre beste Freundin Sarah war seit gestern krank und sie langweilte sich zu Tode.\u201eDarf ich mitspielen?\u201c fragte sie daher den Jungen und hielt den Ball so, das er ihm entgegengestreckt aber au\u00dfer Reichweite war. Er zog eine Schnute. \u201eMit M\u00e4dchen kann man nicht Ballspielen.\u201c \u201eWieso?\u201c entgegnete sie ihm entr\u00fcstet. Sie mochte Ballspielen und war richtig gut in Sport. \u201eSie fangen sofort an zu heulen, wenn sie stolpern oder den Ball an den Kopf kriegen.\u201c Chloe schnaubte. Jack grinste dreist und es fing an sie zu nerven. \u201eIch nicht!\u201c\u201eKlar doch. Alle M\u00e4dchen tun das.\u201c \u201eIch kanns beweisen! Lass mich mitspielen!\u201c \u201eN\u00f6.\u201c\u201eBitte?\u201c Sie versuchte den Hundeblick. Der Junge grinste nur noch gemeiner.\u201eN\u00f6. Und jetzt gib mir meinen Ball wieder.\u201cDas war Chloe zu viel. Sie lie\u00df den Ball fallen und kickte ihn, an dem Jungen vorbei, \u00fcber das Feld, in eine Brombeerhecke. Dann drehte sie sich um und stapfte w\u00fctend davon, bevor er irgendwas sagen konnte.~Dieses Ereignis war Jahre her und keiner von beiden hatte seit dem gro\u00df ein Wort mit dem anderen gewechselt. Sie hatten einander m\u00f6glichst ignoriert. Alles was sie \u00fcber Jack wusste war, das er auch sechzehn Jahre alt, sein Vater ein bekannter Architekt und seine Mutter eine Anw\u00e4ltin und das Jack, in zwei Jahren, mit vier verschiedenen M\u00e4dchen zusammen gewesen war. Nicht gerade ein Charakter mit dem sie sympathisierte. \u201eSch\u00f6n. Nun da ihr alle eure Partner habt, setzt euch zusammen und \u00fcberlegt euch ein konkretes Thema zu eurem Bereich. Bis zum Ende der Stunde will ich von jedem Paar eine genaue Planung dar\u00fcber sehen, was ihr nach den Ferien pr\u00e4sentieren wollt.\u201c Sagte Ms. Winter und klatschte wieder in die H\u00e4nde. \u201eMit Ruhe bitte.\u201cSt\u00fchle und Tische wurden verschoben und es formten sich Partnertische. Chloe und Jack starrten einander nur eine Weile an und versuchten sich m\u00f6glichst wortlos zu einigen, wer den Platz wechseln sollte. Schlie\u00dflich gab Jack als erster nach, verfrachtete seinen Rucksack zu ihr nach vorne und schob den benachbarten, freien Tisch zu ihrem heran. \u201eHi.\u201c Gr\u00fc\u00dfte er knapp. Chloe wusste nicht wieso, aber sie war sich ziemlich sicher, das sie leicht rot anlief. \u201e\u00c4h,\u2026Hi.\u201c Es trat ein Augenblick des Schweigens ein, in dem beide unsicher auf ihre Finger starrten. \u201eIrgend eine Idee wor\u00fcber wir schreiben k\u00f6nnen?\u201c fragte er schlie\u00dflich. \u201eEhrlich? Nein. Die Auswahl ist so gro\u00df.\u201c Antwortete sie nur und holte ihr Fachbuch hervor. \u201eHier steht vielleicht was interessantes\u2026\u201c Chloe war sich dessen zwar nicht sicher, das Fachbuch war sehr f\u00f6rmlich und wenig interessant. Aber Jack schien auch keine bessere Idee zu haben und so arbeiteten sie sich langsam durch alle Oberpunkte im \u00c4gyptologie Kapitel. Am Ende blieben sie bei \u201e Die Entzifferung alt-\u00e4gyptischer Hieroglyphen und Symbolik\u201c stehen. Es war der letzte Punkt im Inhaltsverzeichnis. \u201eKlingt ganz interessant, oder?\u201c fragte Jack, der inzwischen ebenfalls sein Buch aufgeschlagen hatte. Chloe schlug die erste Seite des Kapitels auf. \u201eDefinitiv interessanter als , Theorien \u00fcber den Pyramidenbau\u2018.\u201c Sagte sie. Er nickte und schrieb das Thema als Titel auf seinen Block. Auch auf dem Kopf stehend konnte Chloe erkennen, das er eine sehr sch\u00f6n leserliche, saubere Handschrift hatte. Anders als das Gekrakel der meisten Jungs. Langsam arbeiteten die beiden einen Schlachtplan aus. \u201eEin Poster ist ein bisschen herk\u00f6mmlich, oder?\u201c warf Chloe ein. \u201eWie w\u00e4re es mit einem Video, oder einem PowerPoint? Wenn wir am Freitag ein paar Bilder schie\u00dfen k\u00f6nnen, kann ich bei mir am PC sowas machen.\u201c Jack \u00fcberlegte kurz. Dann grinste er. \u201eAm besten noch mit etwas orientalischer Musik im Hintergrund.\u201c Chloe wurde wieder rot und schnaubte.\u201eDann lass dir doch was besseres einfallen.\u201c Er schaute \u00fcberrascht auf. \u201eHey, das war ernst gemeint. Eine Slideshow mit dem Overheadprojektor, etwas passende Musik im Hintergrund und wir beide halten dazu dann den Vortrag. Du kennst doch Ms. Winter. Wenn wir schon so viel Arbeit in das Arbeitsmaterial stecken, haben wir schon die Halbe Miete, selbst wenn der Vortrag selber nicht so gut l\u00e4uft.\u201c Chloe erkannte, das sie f\u00e4lschlicherweise angenommen hatte, er wolle sich \u00fcber sie lustig machen und wurde noch roter. \u201e\u00c4h, ja. Guter Plan.\u201c Er l\u00e4chelte und sie mache sich ernsthaft Sorgen um sich selbst, weil sie einfach nicht akzeptieren wollte, das es wohl ernsthaft freundlich war. \u201eDann machen wir es so. Fehlt nur noch der Vortrag.\u201c Irgendwie schaffte Chloe es den Mund auf zu machen und etwas sinnvolleres hervor zu kriegen als \u201eMblwmbl\u201c. \u201eIch,..geh gleich mal in die Schulbibliothek und guck ob was da ist.\u201cIrgendwie wurde ihr die ganze Konversation von Sekunde zu Sekunde peinlicher. Und sie begriff nicht warum. Jack schien dieses Problem jedenfalls nicht zu haben. Er lehnte sich in seinem Stuhl zur\u00fcck. \u201eCool. Und ich guck nach der Schule mal bei mir Zuhause nach. Wir haben mehr von solchen W\u00e4lzern da, als n\u00f6tig w\u00e4hre.\u201c \u201eG..Gut.\u201c dr\u00fcckte sie hervor. In ihrem Hals bildete sich gerade ein riesen Klos. Er nickte und begann Stichpunkte auf zu schreiben, was ihr Zeit gab auf die Uhr zu schauen. Noch drei Minuten bis zum Schellen. \u201aBitte, lass die Zeit schneller vergehen.\u2018\u201eKrieg ich deine Nummer?\u201c fragte Jack pl\u00f6tzlich und Chloe hatte den Eindruck vom Blitz getroffen zu sein.\u201eWAAAA\u2026.\u201c\u201eDamit wir in den Ferien abkl\u00e4ren k\u00f6nnen was wir machen. Hiermit.\u201c Er deutete gelassen auf seine Notizen und bei Chloes Nerven setzte die Kernschmelze ein. Irgendwie hatte sie pl\u00f6tzlich das dringende Bed\u00fcrfnis aus dem Fenster zu springen. \u201eKlar\u2026.\u201c Quiekte sie und kritzelte schnell die Zahlen ihrer Handynummer auf ein St\u00fcck Papier. Jack nam die Nummer entgegen. Er schien noch etwas sagen zu wollen, aber da klingelte die Schulglocke und Ms. Winter rettete Chloes Kopf davor zu explodieren. \u201eOk. Legt mir euren Plan aufs Pult und ab in die Pause.\u201c Chloe \u00fcberlie\u00df es Jack ihre Planung abzugeben und verdr\u00fcckte sich in die Schulbibliothek, wo sie sich diese und die ganze Nachmittagspause \u00fcber verkroch.",
            "wordcount": "6.174",
            "chapter_release": "19.06.2019",
            "chapter_number": "1"
        },
        "2": {
            "text": "Der Tag konnte f\u00fcr Chloe garnicht schnell genug vorbei gehen. Als endlich die letzte Glocke ert\u00f6nte und sie vom Unterricht erl\u00f6ste, hatte sie das Gef\u00fchl einen 100 Meilen langen Marathon gelaufen zu sein. Sie war ausgelaugt. K\u00f6rperlich, wie geistig. Sie verlie\u00df das Schulgeb\u00e4ude und wartete, anders als sonst, nicht auf Lucy, sondern begab sie schnurstracks in Richtung Grundschule um Tommy von der Nachmittagsbetreung abzuholen. Der Junge sa\u00df schon vor der Schule auf einer Sitzbank und wartete. Sie bem\u00fchte sich eine fr\u00f6hliche Miene aufzusetzen, als sie ihn begr\u00fc\u00dfte. \u201eHey, Kr\u00fcmel. Wie war die Schule?\u201c Er sah auf und Chloe hatte kurz den Eindruck, ihn aus sehr tiefen Gedanken gerissen zu haben. Doch dann l\u00e4chelte Tommy wieder auf seine vertraute Art und Weise und h\u00fcpfte von der Bank. \u201eSuper cool. Wir haben in Kunst einen Frosch gemalt.\u201c Er hielt ein gro\u00dfes Blatt hoch, das neben ihm gelegen hatte. Es stellte ein sehr merkw\u00fcrdiges, gr\u00fcnes Etwas da, das h\u00f6chstens Picasso als Frosch erkannt h\u00e4tte. Lucy h\u00e4tte dazu wohl einen d\u00e4mlichen Kommentar vom Stapel gelassen, aber Chloe hielt sich zur\u00fcck. Tommy schien sehr stolz auf sein \u201eWerk\u201c zu sein und dass letzte was sie wollte, war seine Gef\u00fchle zu verletzen. \u201eOh wow. Das ist ja cool. Hast du das ganz alleine gemalt?\u201c \u201eYup. Und in Sport haben wir Fu\u00dfball gespielt. Mein Team hat gewonnen.\u201c Chloe grinste. Tommy war in nichts so gut wie im Fu\u00dfball. Er kannte alle Spielz\u00fcge, alle Aufstellungen der Europ\u00e4ischen Nationalmannschaften und spielte in jeder freien Minute die er hatte. \u201eAlso, wenn du gro\u00df bist, wirst du entweder Nationalspieler oder der n\u00e4chste Da Vinci.\u201c Sagte sie und meinte es auch so. Fast alle Jungen in Tommys Alter wollten heutzutage Fu\u00dfballer werden, aber er hatte wirklich Talent. Wenn sie mit ihm vor der Garageneinfahrt spielte, zog er sie immer ab. Obwohl sie viel gr\u00f6\u00dfer war und schneller laufen konnte. Sie gingen lachend und sich locker unterhaltend nach Hause und Chloe musste ausf\u00fchrlich von ihrem Schultag berichten, wobei sie die peinliche Situation mit Jack im Geschichtsunterricht allerdings nur streifte. Im Nachhinein war ihr nicht mehr so ganz klar, wor\u00fcber sie sich eigentlich so aufgeregt hatte. Es war erst das zweite Mal in ihrem ganzen Leben, dass sie mit Jack geredet hatte und, anders als beim ersten mal in der Grundschule, war die Konversation ganz zivilisiert abgelaufen. Ob es daran lag, dass er ihr damals wie ein bl\u00f6der Angeber vorgekommen war? Oder an seinem Ruf als Sch\u00fcrzenj\u00e4ger? H\u00fcbsch war er ja schon\u2026 Chloe ohrfeigte sich mental f\u00fcr diese Gedanken. Sie kannte Jack nicht wirklich. Und sie w\u00fcrde, bis sie ihn ein wenig besser kannte, neutral \u00fcber ihn urteilen. Gutes Aussehen und zweifelhafter Ruf hin oder her. Sie hatte sowieso keine Zeit f\u00fcr einen Freund. Also verbannte sie Jack aus ihren Gedanken und konzentrierte sich stattdessen darauf, was es heute zu essen geben sollte. Da sie sich ja vorgenommen hatte, f\u00fcr Lucy nicht mehr mit zu kochen, konnte sie endlich mal ein Gericht w\u00e4hlen auf das sie so richtig Lust hatte. Gekochtes H\u00e4hnchenfleisch mit Kartoffelbrei? Fisch und Chips? Chickenwings mit Reis und M\u00f6hrengem\u00fcse? Pizza? Schon bei dem Gedanken an all die K\u00f6stlichkeiten auf die sie schon so lange verzichtet hatte, lief ihr das Wasser im Mund zusammen. Oh ja, sie hatte gerade so richtig Appetit auf eine Pizza mit dick Schinken und K\u00e4se. Eine Vorstellung die auch Tommy begeisterte. \u201eYeah. F\u00fcr mich extra K\u00e4se!\u201c jubelte er, als sie ihm die Idee vorschlug. Also machten sie einen kleinen Umweg zur \u00f6rtlichen Pizzeria. Es gab nicht viele Imbissbuden in der Stadt, daher war \u201aAmandos\u2018 immer gut besucht. W\u00e4hrend sie anstanden schien Tommy erst aufzufallen, das Lucy nicht mit von der Partie war. \u201eSie wird keine Pizza wollen. Was kriegt sie denn?\u201c fragte er, etwas verwirrt. \u201eWir haben alles da was sie braucht, sie kann sich ihr Essen selber machen.\u201c Chloe hatte sich bem\u00fcht, ihren Gesichtsausdruck neutral zu halten, aber etwas von ihrem, bei der Erw\u00e4hnung ihrer Schwester, erneut hochkochendem Groll musste sich bemerkbar gemacht haben. Tommy sah sie jedenfalls ziemlich erschrocken an. \u201eAber sie kann doch garnicht kochen.\u201c \u201eEs wird Zeit, dass sie es lernt. Wenn sie immer Extragurken haben will, soll sie sich selber drum k\u00fcmmern.\u201c Ihr kleiner Bruder sah betreten zu Boden. \u201eBist du ihr immer noch b\u00f6se?\u201c Chloe atmete tief durch. \u201aImmernoch\u2018 war eine Untertreibung. Wenn sie genau dar\u00fcber nachdachte, war sie schon seit Jahren b\u00f6se auf Lucy. Seit sie sich dazu entschlossen hatte, Chloe das Leben noch zus\u00e4tzlich schwer zu machen, statt ihr wenigstens etwas unter die Arme zu greifen, wie man es von einer Schwester erwarten konnte. Aber sie war sich nicht ganz sicher wie Tommy diese Erkl\u00e4rung aufnehmen w\u00fcrde. \u201eJa.\u201c Antwortete sie stattdessen knapp. \u201eSie hat den Bogen heute endg\u00fcltig \u00fcberspannt.\u201c Der Rest des Nachhausewegs verlief gr\u00f6\u00dftenteils in Schweigen. Chloe bem\u00fchte sich zuerst das lockere Gespr\u00e4ch von zuvor wieder aufzunehmen, aber Tommy war jetzt deprimiert und daran konnte auch der Geruch der drei frischen K\u00e4sepizzas, die Chloe nun in H\u00e4nden trug, nichts \u00e4ndern. Sie sah ihn an, wie er wie ein verpr\u00fcgeltes H\u00fcndchen neben ihr her lief, und ihr wurde fast schlecht von dem schlechten Gewissen, das nun an ihr nagte. Wenn sie eins noch mehr hasste als wenn es Tommy schlecht ging, dann wenn sie der Ausl\u00f6ser war. Sie kahmen bei ihrem Haus an, ein kleiner Backsteinbau mit Garagenauffahrt und einem winzigen Vorgarten, und Chloes zerm\u00fcrbtes Nervenkost\u00fcm bekam einen weiteren Schlag ab. Lucy hatte keinen eigenen Schl\u00fcssel. Also hatte sie vor der Haust\u00fcr auf Chloe, die als einzige von den dreien einen besas, warten m\u00fcssen. Ausnahmsweise einmal blieb sie stumm und starrte Chloe nur vorwurfsvoll an. Gut. B\u00f6se Blicke waren leichter zu ignorieren als der, sonst \u00fcbliche, Tobsuchtsanfall. Chloe war sicher, h\u00e4tte Lucy jetzt ihre \u00fcbliche Szene gemacht, h\u00e4tte sie ihr eine rein gehauen. Schon ihr Anblick reichte und in Chloe kochte es. Sie wusste nicht mal ob sie mehr Wut auf ihre Schwester, ihre Mutter oder sich selbst hegte. Aber der Vulkan stand kurz vor dem Ausbruch. Am besten, wenn sie nach dem essen joggen ging und dann noch eine kalte Dusche nahm, bevor sie zu Bett ging. Eine Taktik die es bisher noch immer geschafft hatte Chloes Gem\u00fct zu beruhigen. Und eine, die sie in letzter Zeit sehr h\u00e4ufig hatte einsetzen m\u00fcssen, wie sie irgendwo in ihrem Hinterkopf bemerkte. Auf ihrer Unterlippe kauend, schloss Chloe die T\u00fcr auf. Sie schmiss ihren Rucksack in die Ecke, lud die Pizzen auf dem Esstisch ab und holte f\u00fcr sich und Tommy Teller. Lucy setzte sich ebenfalls an den Tisch und starrte auf die Pizzaboxen, als w\u00fcrde sie erwarten, dass sie jeden Augenblick zum Leben erwachen und \u00fcber sie herfallen w\u00fcrden. \u201eWas zum Teufel ist das?\u201c fragte sie. \u201eK\u00e4sepizza.\u201c Antwortete Chloe knapp. Lucys Gesichtsausdruck wandelte sich von misstrauisch zu angewidert. \u201eDu weist das ich so was nicht esse! Wie oft muss ich dir noch sagen, dass ich Veganerin bin?\u201c presste sie zwischen zusammen gepressten Lippen hervor. Chloe gab ihr bestes um unger\u00fchrt zu bleiben. \u201eWenn du nicht willst, dann lass es bleiben. Mach dir einen Obstsalat, es sind reichlich Bananen und \u00c4pfel da.\u201c Darauf bekam sie keine Antwort. Und Chloe selbst ritt auch nicht weiter auf dem Thema herum. Stattdessen teilte sie die erste Pizza auf und legte Tommy das erste St\u00fcck auf den Teller. Der Junge war noch immer zu bedr\u00fcckt zum reden. Also verlief auch das essen in Schweigen. Was Chloe garnicht passte, aber sie hatte keine Ahnung wie sie die Stimmung heben k\u00f6nnte. Irgendwann, nach dem ihr scheinbar klar geworden war, das da sitzen und Schmollen ihr nichts zu essen auf den Tisch zaubern w\u00fcrde, erhob Lucy sich und holte sich die Obstschale von der Theke. Chloe konnte deutlich h\u00f6ren, wie sie wieder leise zu schimpfen begann und war sehr froh, das sie sich selbst mit einem Apfel den Mund stopfte, bevor sie etwas vom Stapel lies, dass ihr sehr schnell leidtun w\u00fcrde. Die erste Pizzabox lichtete sich langsam zwischen Tommy und ihr und Chloes Drang raus zu rennen und f\u00fcr ein paar Stunden von dieser erdr\u00fcckenden Stille weg zu kommen, wurde mit jeder Sekunde st\u00e4rker. \u2018Noch ein halbes St\u00fcndchen aushalten.\u2019 Mahnte sie sich in Gedanken. \u2018Erst noch sp\u00fclen und die Hausaufgaben.\u2019 Tommy schob als erster seinen Teller weg. \u201eBin satt.\u201c Murmelte er. Und musste r\u00fclpsen. \u201eUps. Sorry.\u201c \u201eDu kleines Ferkel!\u201c rief Chloe aus und konnte nicht anders als zu grinsen. Jungs und Tischmanieren. Gespielt angewidert rutschte sie von dem Jungen weg und wedelte mit der Hand vor ihrer Nase, um den nicht vorhandenen Gestank zu vertreiben. Tommy err\u00f6tete leicht und fuhr sich, peinlich ber\u00fchrt mit den Fingern durch seine struppigen, nussbraunen Haare. Auf seinen Mundwinkeln zeichnete sich die Spur eines verlegenen L\u00e4chelns ab. Einen Augenblick schien es, als ob sich die Stimmung heben w\u00fcrde. Im Nachhinein wohl nur tiefes Wunschdenken. Denn nat\u00fcrlich gab Lucy im schlechtest m\u00f6glichen Augenblick, den d\u00fcmmst m\u00f6glichen Kommentar ab. \u201eIhr zwei seit sowasvon ekelhaft!\u201c Es w\u00e4hren nicht mal sehr verletzende Worte gewesen, h\u00e4tten ihr Gesichtsausdruck und die Art wie sie das verbleibende Obst von sich wegschob, nicht deutlich gesagt, dass sie es genau so gemeinte, wie sie es gesagt hatte. Der Hauch von L\u00e4cheln auf Tommys Gesicht erstarb und er wurde noch roter. Chloe rollte die Augen und verkniff sich die bissigen Gegenkommentare, die ihr auf der Zunge lagen. Lucy Humor- und Taktlosigkeit vorzuwerfen, w\u00e4hre jetzt nicht all zu produktiv. Nicht wenn sie die n\u00e4chste, halbe Stunde in Frieden hinter sich bringen wollte. Also stand sie auf, sammelte das Besteck ein und begab sich ans Sp\u00fclen. Tommy folgte ihr, wie auf ein unsichtbares Kommando und griff nach dem Sp\u00fchltuch um abzutrocknen. W\u00e4hrend Lucy nat\u00fcrlich wieder sitzen blieb und eine Schnute zog. Wie eine Prinzessin, deren Diener ihr nicht schnell genug arbeiteten. Chloes Griff um den ersten Teller wurde so fest, das sie ihn wohl zerbrochen h\u00e4tte, h\u00e4tte sie noch etwas mehr Kraft. Tommy war der kleinste, aber er musste arbeiten, w\u00e4hrend ihre Hoheit keinen Finger r\u00fchrte! Aus einem Grund den Chloe sich nicht ganz erkl\u00e4ren konnte, war dieses dumme, von Lucy inzwischen v\u00f6llig normale Verhalten, der Tropfen der das Fass zum \u00fcberlaufen brachte. Erst die Szene heute Morgen, dann schmiss Lucy ihre Brotdose nach ihr und jetzt versuchte sie tats\u00e4chlich immer noch ihre \u00fcbliche, \u201averw\u00f6hnte G\u00f6re\u2018 -Masche durchzuziehen, als w\u00e4hre nichts passiert und ihr Verhalten in irgendeiner Form gerechtfertigt!Statt Tommy den Teller zum Abtrocknen zu reichen, knallte Chloe ihn auf den Tresen und befahl; \u201eGenug Tommy. Geh an deine Hausaufgaben!\u201c Er starrte sie mit gro\u00dfen Augen an, erschrocken \u00fcber ihren aggressiven Tonfall. Und irgendwie versagte es zum ersten Mal seit langem darin, Chloe nahezugehen. Ihre Wut war einfach an einem Siedepunkt angelangt und die Kernschmelze hatte eingesetzt. Die Explosion war nur noch eine Frage von Sekunden. \u201eLucy! Komm her!\u201c Der Tatsache geschuldet, das selbst die zickige Diva Lucy ordentlich zusammenfuhr als sie sprach, musste Chloe sich wirklich genauso w\u00fctend anh\u00f6ren wie sie sich f\u00fchlte. Langsam stand das j\u00fcngere M\u00e4dchen auf und kam zur Sp\u00fcle her\u00fcber. Chloe hielt ihr das Sp\u00fcltuch und den nassen Teller entgegen. \u201eAbtrocknen!\u201c befahl sie. Lucy nahm die beiden Gegenst\u00e4nde praktisch in Zeitlupe entgegen, wobei ihre Lippen zitterten, als ob sie mit dem Impuls k\u00e4mpfte sich zu beschweren. Ein Kampf den sie, wie eigentlich vorauszusehen, schon nach einigen Minuten verlor. Lucy trug nunmal ihr Herz auf der Zunge. Sie hatte noch nie f\u00fcr l\u00e4ngere Zeit die Klappe halten k\u00f6nnen. Irgendwann begann der Wasserfall immer wieder zu quasseln. Vor allem, wenn ihr etwas nicht passte. Oder sie etwas nerv\u00f6s machte. Wie jetzt. \u201eWas zum Henker ist los mit dir?\u201c platzte sie piepsig hervor und hielt den Teller dabei fast schon wie einen Schild vor sich. Chloe hielt in ihrem Tun inne und drehte sich langsam wieder zu Lucy um. \u201eWas mit mir los ist?\u201c knurrte sie und mit jedem Wort das sie hervorquetschte, brach der Damm hinter dem sie jahrelang ihre Gef\u00fchle angestaut hatte, weiter auf. Die Wahrheit st\u00fcrzte wie eine Flutwelle heraus und nichts h\u00e4tte sie jetzt noch zur\u00fcckhalten k\u00f6nnen. \u201eIch k\u00fcmmere mich seit zwei Jahren jeden einzelnen, verdammten Tag um dich und Tommy! Ich koche f\u00fcr euch, ich putze f\u00fcr euch und r\u00e4ume hinter euch her! Ich habe keine echte Freizeit mehr, keine Freunde mehr und kann mir meine Zukunftspl\u00e4ne abschminken! Und was hab ich davon? Du tust den ganzen Tag lang nichts au\u00dfer herum zu schmollen und dich bedienen zu lassen, oder wirfst in aller \u00d6ffentlichkeit dein Pausenbrot nach mir, nur weil du deinen Willen nicht kriegst! Denkst du vielleicht ich hab \u201aBimbo\u2018 auf der Stirn stehen? Ich bin deine Schwester, nicht dein Dienstm\u00e4dchen! Und ich hab die Schnauze gestrichen voll von dir deinem \u201aIch-ich-ich\u2018 -gehabe!\u201c Chloe hatte inzwischen angefangen zu br\u00fcllen und stand mit geballten F\u00e4usten vor ihrer kleinen Schwester da, die inzwischen kreidebleich geworden war und zusammen zu schrumpfen schien. Ein Anblick der einen kleinen, d\u00fcsteren Teil von Chloe zutiefst befriedigte. Der Rest von ihr jedoch herrschte sie entsetzt an sich zu beruhigen. Sie wollte nicht wirklich das Lucy Angst vor ihr bekam. Oder? \u201eDu musst gerade reden!\u201c quickte Lucy, offensichtlich selbst in ihrem Schock noch fest entschlossen auf ihrem hohen Ross sitzen zu bleiben. \u201eDu wirfst mir vor dich herum zu scheuchen. Dabei machst du doch hier immer einen auf Chefin und willst alles bestimmen!\u201c \u201eJa. Fragt dich mal, wieso!\u201c \u201eH\u00d6R AUF SO ZU TUN, ALS W\u00c4HRST DU MUM!\u201c kreischte Lucy mit Tr\u00e4nen in den Augen und pfefferte den Teller zu Boden, der in hunderte Scherben zerbrach. Dieser Satz lies Chloe aus allen Wolken fallen. Wie konnte Lucy es wagen diesen Vergleich anstellen? Chloe mit ihrer Mutter gleich zu setzen war wie Mutter Teresa mit Jack the Ripper zu vergleichen. Sie mochte ja nicht perfekt sein aber das\u2026 Ihre n\u00e4chste Antwort kam erst nach einigen Herzschl\u00e4gen und war zwischen den Z\u00e4hnen hervor gepresst. \u201eOh, ich tue nicht im Ansatz so als w\u00e4re ich Mum. W\u00fcrde ich das tun, h\u00e4tte ich mich l\u00e4ngst, ohne Lebwohl, nach weis-der-Geier-wo verabschiedet!\u201c Einen kurzen Moment lang breitete sich Schweigen im Raum aus und Chloes abebbende Wut wurde von einem luftabschn\u00fcrenden, wiederwertigen Gef\u00fchl der Klaustrophobie ersetzt. Sie war sich pl\u00f6tzlich jedes einzelnem ihrer Atemz\u00fcge, jedes Pulsierens ihrer Venen bewusst und auf ihren Ohren baute sich ein unertr\u00e4glicher Druck auf. Weswegen sich das krachen des Stuhls den Tommy umwarf, als er vom Tisch aufsprang und aus der K\u00fcche rannte, sich f\u00fcr sie anh\u00f6rte wie ein Schaumstoffball der auf dem Teppich aufprallte. Dumpf und leise. Irgendwie setzte ihr Gehirn aus. Sie musste hier raus! Nicht gleich, jetzt sofort! Sie machte auf der Stelle kehrt und rannte aus dem Haus. In ihrem Drang zu entkommen, von diesem Trauerspiel weg zu kommen, nahm sie sich nicht mal die Zeit ihre Jacke an zu ziehen. Oder ihre Schuhe. Gott sei Dank, waren Little Welshares Stra\u00dfen \u00fcblicherweise sch\u00f6n sauber und gut gepflastert. Das Risiko in die Scherben einer zerbrochen Flasche zu treten war also gering. Nicht dass das Chloe gerade gro\u00df gek\u00fcmmert h\u00e4tte. Mit vor Tr\u00e4nen brennenden Augen rannte sie ziellos durch die Stra\u00dfen und Gassen, bis sie an einem verwaisten Spielplatz ankam. Ein heruntergekommenes Gel\u00e4nde, mit einem kaputten Kletterger\u00fcst und einer rostigen Affenschaukel. Als Chloe noch j\u00fcnger gewesen und sie gerade erst hergezogen waren, waren Chloe und die damals noch ganz kleine Lucy oft zum Spielen hergekommen. Es waren sch\u00f6ne, aber schon sehr verblichene Erinnerungen. Erinnerungen an eine Zeit wo ihre kaputte Familie noch ganz gewesen war und Chloe sich noch um so belanglose Dinge wie ihren Geburtstag sorgen machen konnte. Der, wie ihr gerade erst wieder einfiel, in neun Tagen war. Jetzt verga\u00df sie schon ihren eigenen Geburtstag! Aber wie soll man auch gro\u00df an etwas denken, das sie schon seit Jahren nicht mehr richtig feierte. Sie konnte sich nicht mal mehr erinnern was sie letztes Jahr geschenkt bekommen hatte. Hatte sie \u00fcberhaupt ein Geschenk bekommen? Hatte \u00fcberhaupt jemand an sie gedacht? W\u00fcrde dieses Jahr jemand an sie denken? Vom rennen ersch\u00f6pft und inzwischen ohne Zur\u00fcckhaltung heulend, lie\u00df Chloe sich auf der bedenklich quietschenden Schaukel nieder. Durch den Schleier ihrer Tr\u00e4nen hindurch, begannen sich ihre rosigen Kindheitserinnerungen vor ihrem geistigen Auge abspielten. ~~~~Chloe und Lucy krallten sich lachend und kreischend an den Verstrebungen der Affenschaukel fest, w\u00e4hrend ihr Vater sie anschupste. Auf der Bank gegen\u00fcber sa\u00df ihre Mutter und sah dem treiben l\u00e4chelnd zu. Sie sah so sch\u00f6n aus. Mit ihren makellosen Z\u00fcgen, dem dezent aufgetragenen Makeup, ihrem langen schwarzen Haar, der Kapposhino- braunen Haut, dem eleganten Sommerkleid das sie trug, den dunklen Augen.~~~~~ Gegenwart-Chloe starrte ihrer Erinnerungs-Mum lange und hasserf\u00fcllt in die Augen und fragte sich wie jemand der \u00e4u\u00dferlich so sch\u00f6n war, im Inneren so kalt und verrottet sein konnte. \u201eIch hasse dich!\u201c Rief Chloe ihrer Erinnerung nach einem scheinbar endlosen Blickduel schlie\u00dflich zu. \u201eDu hast mich, Dad, Lucy und Tommy verraten! Du hast uns weggeworfen wie M\u00fcll! Wieso? Wieso waren wir dir pl\u00f6tzlich nicht mehr gut genug?\u201c Nat\u00fcrlich blieb die Erinnerung stumm. Sie starrte nur gef\u00fchlslos und unger\u00fchrt. Chloe schlug die H\u00e4nde vor die Augen und lie\u00df sich nach hinten in den Korb der Schaukel fallen. Es spielte keine Rolle wie sehr sie eine Antwort auf ihre Fragen wollte, sie w\u00fcrde nie eine bekommen. Also warum war sie \u00fcberhaupt hier und br\u00fcllte die Luft an, als w\u00e4re sie aus der Klapse ausgebrochen? \u201aHoffentlich hat das keiner Mitbekommen.\u2018 dachte sie und rieb sich die Augen, um die Tr\u00e4nen schneller aus zu quetschen. Chloe hasste es zu weinen. Als nach einer Ewigkeit der Fluss an fl\u00fcssigen Gef\u00fchlen endlich versiegte, war die Sonne schon komplett hinter dem Horizont verschwunden und am dunkel blauen Himmel trauten sich die ersten Sterne hervor. Chloe blieb trotzdem im Korb liegen und starrte in die endlose Weite \u00fcber ihr. Als kleines M\u00e4dchen, hatte sie sich immer vorgestellt, dass die Sterne Engel w\u00e4ren, die Nachts auf die Menschen aufpassten. Eine sch\u00f6ne Vorstellung. Das es da drau\u00dfen jemanden gab, der auf sie aufpasste und einfach immer zuh\u00f6rte\u2026Ihr Handy vibrierte. \u00dcberrascht holte Chloe das Ger\u00e4t, kein Smartphone, sondern ein altmodisches Klapphandy mit dem man wirklich nur telefonieren und SMS schreiben konnte, aus ihrer Hosentasche, wo es den ganzen Tag unbenutzt verbracht hatte hervor. Sie hatte eine Nachricht von Jack bekommen. Vor ein paar Stunden noch, h\u00e4tte sie sich vermutlich unbehaglich dabei gef\u00fchlt, so mit einem Jungen zu schreiben. Aber jetzt kam ihr die Ablenkung wie gerufen. Sie \u00f6ffnete die Nachricht, und las: >Hey Chloe. Habe ein paar brauchbare B\u00fccher bei mir gefundenen. Krieg die aber unm\u00f6glich alle allein gew\u00e4lzt. Bock morgen bei mir vorbei zu kommen?< Chloe sp\u00fcrte sich, wie schon am Vormittag, rot anlaufen. Sie? Alleine zu einem Jungen nach Hause? Unwillk\u00fcrlich wollte sie schon >Auf keinen Fall!< oder >Keine Zeit!< tippen, aber sie z\u00f6gerte als ihr Daumen die erste Taste ber\u00fchrte. Was w\u00e4hre denn schon so verkehrt daran, mal einen Abend nicht daheim zu sein? Gerade jetzt, wo sie ihre Geschwister, hart gesagt, nicht sehen wollte? Trotzdem konnte sie sich nicht dazu durchringen, gleich anzunehmen. >Vielleicht. Muss gucken ob ich kann.< tippte sie und schickte die Nachricht schnell ab, bevor sie es sich doch noch anders \u00fcberlegen und stattdessen >Nein< schreiben konnte. Dabei schlug ihr das Herz bis zum Hals. Als ob sie gerade etwas ganz freches und unanst\u00e4ndiges getan h\u00e4tte. K\u00f6nnten Fremde in ihren Kopf gucken, w\u00fcrden sie sofort merken, dass Chloe absolut keine Erfahrung mit Jungs \u0001 \u0002 war das hier noch nicht mal eine Einladung zu einem Date, oder \u00e4hnlichem. Zumindest glaubte Chloe nicht dass es das war\u2026 Heiliger Herr Jesus im Himmel! Chloe kam sich, f\u00fcr diesen fl\u00fcchten Gedanken, selten d\u00e4mlich vor. War sie sozial wirklich schon so verk\u00fcmmert, dass jede Konversation die ein Junge freiwillig mit ihr f\u00fchrte, f\u00fcr sie schon anbaggern war? Jack war kein sch\u00fcchterner Bubi! Wenn er in den letzten Jahren, seit sie beide in diesem Alter waren, kein Interesse an ihr gezeigt hatte, dann hatte er auch keins! Ende der Fahnenstange! Jack antwortete und unterbrach ihre mentale Abw\u00e4rtsspirale. >Cool. Gleich nach der Schule? Wenn du kannst, mein ich?< Chloe schluckte den nutzlosen Klo\u00df im Hals herunter und antwortete, todesmutig: >Ok< Danach klappte sie das Handy schnell zu und erhob sich aus dem Korb. Dad w\u00fcrde bald zuhause sein. Es war Zeit f\u00fcr sie sich, wortw\u00f6rtlich, auf die Socken zu machen. Ob sie nun nach Hause wollte, oder \u0001 \u0002 als Chloe ihr Haus erreichte und bemerkte das sie durch das angelehnte K\u00fcchenfenster w\u00fcrde klettern m\u00fcssen, weil sie mit ihrer Jacke auch ihren Schl\u00fcssel drinnen vergessen hatte, bog der alte Toyota ihres Vaters in die Einfahrt ein. \u201cUnd ich dachte immer, in dieser Nachbarschaft g\u00e4be es keine Einbrecher.\u201d Scherzte Jakob Graham, als er aus dem Auto ausstieg und auf seine Tochter zu ging, die hastig den Arm wieder aus dem Spalt zwischen Fenster und Ramen zog. \u201cAbend, Dad.\u201d Gr\u00fcste Chloe, gequ\u00e4lt l\u00e4chelnd. \u201cHab mich ausgesperrt.\u201d \u201cNein, sowas.\u201d Sagte er l\u00e4chelnd und warf einen Blick auf ihre F\u00fc\u00dfe. \u201cUnd deine Schuhe hast du auch da gelassen?\u201d Chloe wischte sich verlegen eine verirrte Haarstr\u00e4hne aus dem Gesicht. \u201cLange Geschichte.\u201dIhr Vater grunzte am\u00fcsiert und zog seine eigenen Hausschl\u00fcssel aus der Tasche seiner Arbeisjacke. \u201cEs ist kalt heute Abend. Ich lasse dich wohl besser rein, bevor du dich erk\u00e4ltest. Oder das Fenster aufbrichst. Du kannst mir diese \u2018lange Geschichte\u2019 beim Essen erz\u00e4hlen.\u201d\u201cE..es gibt Pizza.\u201d Haspelte Chloe w\u00e4hrend sie, erleichtert, in den Flur schl\u00fcpfte. Die K\u00fcche sah noch genau so aus, wie sie aussah, als sie das Haus verlassen hatte. Die zwei Pizzaboxen lagen noch auf dem Tisch, die Scherben des zerbrochenen Tellers noch immer auf dem Boden. Ihr Dad zog eine Augenbraue hoch. \u201cEine wirklich lange Geschichte, wie es aussieht\u2026\u201d Chloe seufzte und begann zu erz\u00e4hlen, w\u00e4hrend sie anfing die Scherben zu entsorgen. Wobei sie das Hilfsangebot ihres Vaters ausschlug. Als sie endlich fertig mit ihrer Erz\u00e4hlung war, sa\u00df Chloe neben ihm am Tisch, den Kopf hinter den verschr\u00e4nkten Armen versteckt, auf der Tischplatte. Er hatte die ganze Zeit schweigend zugeh\u00f6rt, und nun lag seine Stirn in tiefen Sorgenfalten. \u201cWenn es dir zu viel ist, dich um deine Schwester und deinen Bruder zu k\u00fcmmern, h\u00e4ttest du mir dass ruhig sagen k\u00f6nnen.\u201d Sagte er schlie\u00dflich. Chloe seufzte noch einmal und hob den Kopf. \u201cIch wei\u00df. Aber hab ich denn eine Wahl? Du kannst nicht deine Arbeit vernachl\u00e4ssigen, nur um mir welche abzunehmen.\u201d \u201cLass das mal meine Sorge sein, Engelchen.\u201d Antwortete ihr Vater entschieden und begann sich endlich \u00fcber die noch unber\u00fchrte, zweite Pizza herzumachen, die die ganze Zeit \u00fcber auf dem Tisch gelegen hatte und mittlerweile wohl schon kalt war. Aber er beschwerte sich nicht, sondern legte Chloe die freie Hand auf die Schulter und fuhr fort. \u201cDu bist noch jung und als dein Vater, ist es meine Aufgabe daf\u00fcr zu sorgen, dass du dich ruhig einmal zur\u00fcckhalten kannst, wenn du zu gestresst bist.\u201d Nach einer kurzen Pause f\u00fcgte er hinzu; \u201cHattest du nicht etwas in Richtung einer Einladung erw\u00e4hnt?\u201d \u201cAh ja. Ein Klassenkamerad hat mich gefragt, ob ich ihm beim Recherchieren f\u00fcr unser Geschichtsprojekt helfen kann.\u201d Chloe merkte dass sie beim sprechen knallrot geworden \u0001 \u0002 Vater begann zu lachen und warf ihr einen Blick zu der deutlich sagte; \u2018Er, hm?\u2019 \u201cWas gibt es da zu lachen?\u201d entr\u00fcstete sie sich und wurde noch r\u00f6ter. \u201cJack ist blo\u00df ein Junge!\u201d Er lachte zuerst noch lauter und Chloes Kopf fing an einer \u00fcberreifen Kirsche zu gleichen. Doch dann wurde sein Lachanfall von einem rasselnden Husten unterbrochen. \u201cDad?\u201d fragte Chloe erschrocken. All das Blut, das sich in ihrem Kopf angesammelt hatte, verlie\u00df diesen schlagartig und sie wurde kreidebleich. Er winkte sie ab und schaffte es, zwischen zwei Hustern, \u201cHab mich verschluckt.\u201d hervor zu kr\u00e4chzen. Sie fing wieder an zu atmen und stand von ihrem Stuhl auf. \u201cIch hol dir ein Glas Wasser.\u201d W\u00e4hrend sie das Glas aus dem K\u00fcchenschrank nam und am Hahn mit frischem Leitungswasser f\u00fcllte, bemerkte Chloe erst wie ihr Herz raste. \u2018Wenn Dad etwas passieren w\u00fcrde\u2026\u2019 Sie brachte es nicht fert fertig, den Gedanken zu Ende zu denken. Das w\u00e4re das Schlimmste was ihr passieren k\u00f6nnte. Ihr Vater war die einzige Bezugsperson die Chloe noch hatte. Ihre Gro\u00dfeltern waren schon vor Jahren gestorben. Mutter und alte Freunde vielen bekanntlich aus. Sie w\u00fcrde mit ihren Geschwistern ganz alleine da stehen und h\u00e4tte niemanden mehr, dem sie sich anvertrauen konnte. Auch wenn Chloe sich zumeist prinzipiell weigerte ihn mit ihren Schwierigkeiten zu belasten, h\u00f6rte ihr Dad immer zu. So wie heute. Der Gedanke eines Tages ohne ihn da zu stehen, war unertr\u00e4glich. Sie ging zur\u00fcck zum Tisch und reichte ihrem, immernoch leicht hustendem, Vater das Glas. Er nam es dankend an und lehrte es in zwei Z\u00fcgen, w\u00e4hrend Chloe sich zur\u00fcck auf ihren Stuhl fallen lie\u00df. \u201cAlso.\u201d Begann ihr Vater wieder zu sprechen, nachdem er das Glas gelehrt hatte. \u201cWas hast du morgen vor? Willst du zu diesem Jack hin, meine ich.\u201d Chloe schaute zur Seite. Von wollen konnte genau genommen keine Rede sein. Aber sie hatte, in mehr als einer Hinsicht, keine wirkliche Wahl. Sie wollte dises Schulprojekt m\u00f6glichst schnell hinter sich bringen und es war die einfachste Gelegenheit, Lucy und Tommy aus dem Weg zu gehen. Also nickte sie. Er l\u00e4chelte und t\u00e4tschelte ihr erneut die Schulter. \u201cAlso gut. Und mach dir wegen Lucy und Tommy keine Sorgen. Ich komme fr\u00fcher nach Hause, bis sich die Wogen hir etwas gegl\u00e4ttet haben und rede mal mit ihnen. Ich glaube mein Chef wird sowieso ganz erleichtert sein, wenn er mir f\u00fcr die n\u00e4chsten paar Tage keine \u00dcberstunden anrechnen muss. Und ich hatte sowieso vor mir in den Ferien eine Woche Urlaub zu nehmen. Wir k\u00f6nnten nochmal f\u00fcr ein Wochenende ans Meer fahren.\u201d Chloe sp\u00fcrte kurz eine Welle der Nostalgie \u00fcber sich herein brechen. Als sie und ihre Familie das letzte Mal in Urlaub gefahren waren, war Tommy noch ein Baby gewesen. Wieso nicht? Wenn das Wetter in n\u00e4chster Zeit so gut blieb? Da war nur der \u00fcbliche finanzielle Haken\u2026\u201cK\u00f6nnen wir uns das denn leisten? Wir m\u00fcssten ein Hotel mieten und\u2026\u201d Ihr Vater unterbrach sie, schmunzelt. \u201cDas schaffen wir schon. Und notfalls meine ich mich zu erinnern, dass wir auf dem Dachboden noch zwei gem\u00fctliche Zelte von unserer Campingtour, vor f\u00fcnf Jahren haben.\u201d Stimmt. Chloe betrachtete ihre Finger und dachte nach. Dad hatte recht, sie brachte dringend eine Abwechslung. Etwas Entspannung. Genau das hatte sie sich doch vorhin gew\u00fcnscht, oder? Vielleicht gab es tats\u00e4chlich einen Gott, und er hatte sie erh\u00f6rt. \u201cAlso gut. Machen wir es so.\u201d Sie umarmte ihren Vater und fing selbst an zu lachen. Wie hie\u00df es noch gleich? Wenn du am Boden bist, gibt es nur noch den Weg nach oben. Mit diesem Vorsatz begab sich Chloe nun versp\u00e4tet an ihre Hausaufgaben und ging sogar einigerma\u00dfen optimistisch zu Bett. Vielleicht hatte sie endlich das Licht am Ende des Tunnels gefunden.",
            "wordcount": "4.513",
            "chapter_release": "07.11.2019",
            "chapter_number": "2"
        }
    },
    "title": "Das Auge des Horus",
    "topic": "unspecified",
    "release": "\n19.06.2019\n\t\t\t\t\t\t",
    "author": "BlackSpark"
}