{
    "tags": [],
    "chapcount": "11",
    "wordcount": "11.434",
    "chapters": {
        "1": {
            "text": "Langsam ging ich weiter durch den Wald, ich sp\u00fcrte das trockene Laub unter meinen F\u00fc\u00dfen und h\u00f6rte den Wind wie er durch die Baumwipfel rauschte. Mein Name ist Sayori. Ich bin 21 Jahre alt, ich habe rotbraunes, langes Haar das in Wellen \u00fcber meine Schultern f\u00e4llt und hellblaue Augen. Es mag komisch klingen aber statistisch gesehen ist mein Leben bereit halb rum. F\u00fcr mein Volk ist es nicht typisch lange zu leben. Allerdings hat das nichts mit unserer Biologie zu tun sondern eher mit den Umst\u00e4nden unter denen wir leben. Wir sind Sklaven. \"Sayori! Bitte komm rein es ist schon fast 10. Du wei\u00dft dass nach 22 Uhr Ausgangssperre ist.\" \"Ja ich komme gleich rein Mutter\" Mein Mutter ist eine liebenswerte Frau und nicht viel \u00e4lter als ich, sie ist 36 und f\u00fcr ihr Alter hat sie sich unter diesen Umst\u00e4nden gut gehalten. Ich habe die Hoffnung dass sie \u00e4lter wird als der Durchschnitt. Mein Vater lebt schon seit 6 Jahren nicht mehr. Er wurde zu Tode gepeitscht weil er sich einem Aufseher in den Weg gestellt hatte. Ein Rascheln hinter mir im Wald riss mich aus den Gedanken und ich drehte mich ruckartig um. \"Wer ist da?!\" Ich konnte aber niemanden sehen \"Na los komm raus!\" Da kam ein junger Mann aus einem Geb\u00fcsch, er schien ungef\u00e4hr in meinem Alter zu sein. Allerdings unterschieden wir uns doch sehr. Er sah.. gepflegt aus, trug neue und edle Kleidung. Ich musste auch zugeben dass er nicht schlecht aussah. Er hat schwarze etwas l\u00e4ngere Haare und gr\u00fcne Augen. \"Wer... Wer bist du?\" Er starrte mich allerdings nur an. Ich sagte nichts weiter. Dann ging er ohne einen Ton zu sagen zur\u00fcck in den Wald. Verwirrt ging ich zu unserem Haus zur\u00fcck. Naja man k\u00f6nnte es eher eine H\u00fctte nennen, es besteht nur aus einer K\u00fcche in der noch ein kleines Soja steht, einem kleinen Bad und in der oberen Etage sind zwei kleine Schlafkabinen. Unsere H\u00e4user haben alle zwei Etagen um Platz zu sparen. Meine Mutter hatte inzwischen etwas zu essen gemacht, sie hatte wie \u00fcblich die uns zugetragene Menge an Br\u00fche mit H\u00fchnerfleisch gekocht und f\u00fcr jeden zwei Scheiben Brot dazu abgeschnitten. Wir d\u00fcrfen nicht mehr essen, da unsere Essensrationen genau eingeteilt sind. Allerdings hatte sie eine Hand voll Beeren im Wald gefunden die wir dazu essen konnten. Nach dem Essen schickte ich meine Mutter schlafen und \u00fcbernahm den Abwasch. Ich musste noch immer an diesen eigenartigen jungen Mann denken. Wo er wohl her kam? Er sah adelig aus. Allerdings auch als ob er nicht von hier w\u00e4re. Wo er wohl her kommt? Naja ich sollte mir nicht so den Kopf \u00fcber ihn zerbrechen immerhin muss ich schlafen \u0001 \u0002 5:00 ging schon die schrille Klingel los die jeden morgen alle Arbeiter Sklaven weckte. Ach ja es gibt bei uns obwohl wir Sklaven sind verschiedene Schichten, die unterste Schicht sind die pers\u00f6nlichen Sklaven der Adligen, sie haben keinen geregelten Tagesablauf und m\u00fcssen teilweise eine ganze Woche ohne Schlaf auskommen und werden am h\u00e4ufigsten bestraft. Die mittlere Schicht, die zu der meine Mutter und ich geh\u00f6ren, sind die Arbeiter Sklaven, wir arbeiten auf Feldern, in Bergwerken usw. F\u00fcr uns sind die Aufseher zust\u00e4ndig und die sind meist nicht ganz so grausam wie der Adel. Dann gibt es noch die Oberschicht, die Sklaven verrichten arbeiten wie Viehzucht oder Transport von G\u00fctern. Aber kommen wir wieder zum Alltag, ich zog mich um, a\u00df meine zwei Scheiben Brot mit Wurst oder K\u00e4se, je nachdem was uns diesen Monat zugeteilt wurde. Dann verabschiedete ich mich von meiner Mutter da ich wo anders arbeitete. Ich wurde einer Obstplantage zugeteilt w\u00e4hrend meine Mutter auf einem Getreidefeld zugeteilt wurde. Die M\u00e4nner sind eher in den Bergwerken eingeteilt w\u00e4hrend die Frauen auf Feldern arbeiten. Unser Arbeitstag f\u00e4ngt um 6 Uhr morgens an und endet um 9 Uhr abends. Um 1 haben wir eine 30 Min\u00fctige Pause um etwas zu essen, genau das selbe das wir auch abends immer essen. Tag f\u00fcr Tag. Jahr f\u00fcr Jahr. Nach meiner Mittagspause nahm ich mir wieder meinen Korb und ging zur\u00fcck zu meinem Platz. Nach einer Weile merkte ich einen Schrei. Es war eine alte Frau um die 60, sehr alt f\u00fcr unser Volk. Ihr ist anscheinend der Korb runter gefallen und sie wurde ausgepeitscht. Niemand sah hin. Alle arbeiteten weiter denn sowas passierte hier t\u00e4glich, es war normal. Au\u00dferdem wurde man selber bestraft wenn man hin sah geschweige denn versuchte ihr zu helfen. Mit zusammen gekniffenen Z\u00e4hnen zwang ich mich weiter zu arbeiten. Doch dieses mal sollte alles anders sein. \"STOP!\"~ Hallo :3 ich hoffe meine Fanfiction gef\u00e4llt euch so weit. Ich habe schon \u00f6fters mal Geschichten angefangen aber nie was zu Ende geschrieben. Also ist das so gesehen meine erste richtige Fanfiction und ich nehme mir auch ganz fest vor sie fertig zu schreiben :D wenn sie euch gef\u00e4llt w\u00fcrde ich mich \u00fcber Feedback sehr freuen :3 Rechtschreibfehler d\u00fcrfen auch gern verbessert werden xD Viel Spa\u00df beim weiter lesen :3 roronoa-tessa ~",
            "wordcount": "845",
            "chapter_release": "31.05.2015",
            "chapter_number": "1"
        },
        "10": {
            "text": "Fr\u00fch am Morgen wachte ich Schwei\u00df gebadet auf. Ich atmete schnell, dieser Traum. Zum Gl\u00fcck war es nur ein Traum. Ich sah wie meine Mutter von den Aufsehern zu Tode gepeitscht wurde. Auch wenn ich wei\u00df, dass es nur ein Traum war. Ich muss zu ihr. Sobald sie zuhause ist werde ich sie holen. Ich wei\u00df noch nicht wie aber ich kann sie nicht noch l\u00e4nger da lassen. Es ist riskant aber ich muss es einfach tun! Ich sah auf die Uhr, sie zeigte grade mal 3:30 an aber ich war bereits hell wach. Ich stand also auf und machte mich fertig. Um vier war ich bereits in der Trainingshalle. Au\u00dfer mir war noch niemand da. Nat\u00fcrlich nicht, wahrscheinlich schliefen alle noch. Ich schnappte mir meinen Dolch und fing an zu trainieren, nach zwei Stunden machte ich eine kurze Pause und machte dann mit dem Bogen Training weiter. Ich war noch nicht lange dabei als ich h\u00f6rte wie jemand die Halle betrat. Ich drehte mich um und sag Hikari die Leiter runter steigen. \"Sayori? Was machst du denn schon so fr\u00fch hier? Ich habe gesehen wie durcheinander unsere ganze H\u00fctte war und dachte mir schon dass du dich ziemlich beeilt hast und hier her gekommen bist. Was ist denn los?\" Bei ihren letzten Worten verfinsterte sich mein Blick und ich umklammerte fest meinen Bogen. \"Sayori..\" vorsichtig legte sie ihre H\u00e4nde auf meine Schultern. In diesem Moment konnte ich mich nicht mehr l\u00e4nger kontrollieren und ich brach weinend zusammen. Ich kniete auf dem Boden und die Tr\u00e4nen flossen \u00fcber meine Wangen. Noch immer fest den Bogen umklammernd schrie ich sie schon beinahe an \"Wie kann ich nur so ein schlechter Mensch sein? So herzlos und selbsts\u00fcchtig?! W\u00e4hrend ich hier bin, trainiere, mich verliebe, mit meinen Freunden Spa\u00df habe und gl\u00fccklich bin ist meine Mutter noch immer in meinem alten Zuhause! Sie muss weiterhin jeden Tag Qualen erleiden, hat nicht genug zu essen und ich wei\u00df nicht mal ob sie ihre Krankheit noch immer \u00fcberlebt! Die ist inzwischen schon zwei Monate allein und ich hab keine Ahnung wie es ihr geht! Ich kann sie doch nich einfach weiterhin zur\u00fcck lassen!\" Die Tr\u00e4nen tropfte auf den Boden w\u00e4hrend ich mich anfing immer mehr zu hassen. \"Ich werde sie da raus holen! Koste es was es wolle! Ich werde mir heute einen Plan \u00fcberlegen und sie retten.\" \"I-Ich.. wei\u00df nicht recht was ich sagen soll... Aber eins ist sicher du bist kein schlechter Mensch. Du trainiert seit zwei Monaten jeden Tag 9 Stunden um ein ganzes Volk zu befreien! So jemand kann kein schlechter Mensch sein.\" Tr\u00f6stend nahm sie meine Hand \"und trotz allem... habe ich sie zur\u00fcck gelassen, wo sie es doch schon mit meiner Hilfe schon nicht leicht hatte.\" Hikari atmete einmal tief aus \"ich werde dir helfen.\" \"Was?!\" ich sah sie \u00fcberrascht an. \"Wirklich?!\" sie l\u00e4chelte mich an und nickte. Ich viel ihr in die Arme so dass sie ihr Gleichgewicht verlor und ich auf ihr landete \"vielen vielen Dank!\" wir beide fingen an zu lachen. \"Was ist denn hier passiert?\" vor uns standen Momiji und Ichiro. Nun sahen wir uns mit etwas ernsteren Blicken an. Wir fingen an den beiden alles zu erz\u00e4hlen. Als wir fertig waren blickte mich Ichiro an. Irgendwas in seinem Blick machte mir Angst. \"Nein.\" vollkommen baff starrten Momiji, Hikari und ich ihn an. \"Wir werden niemanden befreien, das Risiko erwischt zu werden ist viel zu hoch, vor allem weil sie alt und krank ist. Wir w\u00fcrden sie tragen m\u00fcssen. Au\u00dferdem, werden sie misstrauisch werden wenn neben dir auch noch deine Mutter weg ist. Das ist einfach zu riskant. Wir k\u00f6nnen sie auch nich anders behandeln nur weil sie deine Mutter ist. Es geht vielen Sklaven genau so, deshalb k\u00f6nnen wir sie trotzdem noch nich raus holen. Wir m\u00fcssten uns um sie k\u00fcmmern und das k\u00f6nnen wir uns nicht leisten.\" Wie konnte er nur so etwas sagen? Wie konnte er so kalt und herzlos sein? Er hat schon so viele raus geholt einschlie\u00dflich mich. Er hat ein ganzes Volk gegr\u00fcndet aus hunderten von Kriegern. Und kann nicht einen weiteren Sklaven befreien? \"Du arroganter, heuchlerischer L\u00fcgner! Von wegen du willst alle retten weil dir das Volk wichtig ist! Es ist dir anscheinend vollkommen egal! Und wenn ich dir wirklich so viel bedeuten w\u00fcrde wie du vorgibst dann w\u00fcrdest du auch anders denken! Sie ist meine Mutter und ich werde sie befreien ob mit oder ohne deine Hilfe! Ich hasse dich Ichiro!\" ich sprang auf und st\u00fcrmte aus der Trainingshalle. Eigentlich musste ich trainieren aber ich konnte sein Gesicht einfach nicht ertragen. Ich dachte er mag mich, wie kann ihm das dann alles so egal sein? Eine Tr\u00e4ne rollte meine Wange runter. Ich rannte tiefer in den Wald rein w\u00e4hrend ich fest meinen Bogen umklammerte. Ich wollte einfach nur allein sein. Als ich weit genug weg war kletterte ich den n\u00e4chst besten Baum hoch und setzte mich weit oben auf einen Ast. Ich versuchte mit der Situation klar zu kommen und sie irgendwie zu verarbeiten. Das war allerdings gar nicht so leicht. Immer wieder kamen Erinnerungen mit Ichiro hoch. Hat er mir etwa die ganz Zeit nur etwas vor gemacht? War ich ihm in Wirklichkeit egal? Und vielleicht sogar das ganze Volk?",
            "wordcount": "905",
            "chapter_release": "22.07.2015",
            "chapter_number": "10"
        },
        "11": {
            "text": "Minute um Minute vergang als ich so auf dem Baum sa\u00df. Ich versuchte mich zu beruhigen und mit der Situation klar zu kommen. Ich atmete tief durch und schloss die Augen. Doch alles was ich sah waren Ichiro und meine Mutter, wie sie sich beide immer weiter von mir entfernten und ich konnte nur einen von beiden erreichen. Musste ich mich etwa zwischen ihnen entscheiden? Ich \u00f6ffnete meine Augen. Nein das konnte ich nicht. Sie waren mir beide so wichtig und ich w\u00e4re niemals in der Lage zwischen ihnen zu w\u00e4hlen. Schritte auf dem Laubboden unterbrachen die Stille. Vorsichtig sah ich nach wer es war. Ichiro! Er suchte wahrscheinlich nach mir. Schnell versteckte ich mich wieder und presste meinen R\u00fccken gegen den Baumstamm. \"Sayori? Hey wo bist du? Es tut mir leid was ich gesagt habe! Bitte komm zur\u00fcck!\" dann sprach er sehr leise, wahrscheinlich sollte ich es nicht h\u00f6ren \"Du musst doch verstehen, dass ich f\u00fcr alle verantwortlich bin und nich einfach so ein Risiko eingehen kann...\" Ich kniff die Augen zusammen und ballte meine H\u00e4nde zu F\u00e4usten. Ich fasse es einfach nicht. Er l\u00e4sst nicht davon ab. Ich kann mich anscheinend doch nicht so sehr auf ihn verlassen wie ich dachte...Ich wartete noch eine gute Stunde nachdem er weg war bis ich vom Baum kletterte. Ich beschloss hier im Wald zu trainieren bis ich heute Abend meine Mutter holen w\u00fcrde. Als ich Hunger bekam sammelte ich mir ein paar Beeren so dass ich durch hielt bis ich zur\u00fcck zu meiner H\u00fctte ging. Als weniger Licht durch die B\u00e4ume drang ging ich wieder zur\u00fcck. Ich passte auf, dass ich weder Ichiro noch Momiji begegnete. Immerhin waren die beiden Freunde und ich wollte auf keinen Fall, dass Momiji ihm sagte wo ich bin. In der H\u00fctte angekommen st\u00fcrmte Hikari schon auf mich zu. \"Gott sei Dank, da bist du ja endlich!\" sie fiel mir erleichtert um den Hals und ich umarmte sie \"Ich hab mir solche Sorgen um dich gemacht! Willst du dr\u00fcber reden?\" Ich sch\u00fcttelte den Kopf. \"Ich werde in einer halben Stunde los gehen und meine Mutter holen.\" sagte ich schon emotionslos. \"Na dann pack ich mal mein Rucksack und mache etwas zu essen f\u00fcr deine Mutter das wir mitnehmen k\u00f6nnen.\" Ich bekam Tr\u00e4nen in den Augen, trotz allem wollte sie mich noch immer begleiten... \"Du bist die Beste Hikari!\" Sie l\u00e4chelte mich sanft an \"F\u00fcr meine beste Freundin w\u00fcrde ich sogar durchs Feuer gehen. Und jetzt iss was, du bist bestimmt schon halb verhungert, schlie\u00dflich warst du den ganzen Tag weg.\" Ich nickte und nahm mir ein paar Reste aus dem K\u00fchlschrank. Wir packten ein paar Sachen zusammen die wir vielleicht brauchen k\u00f6nnten, Medikamente, Essen, Wasser und nat\u00fcrlich unsere Waffen. Ich nahm nur meinen Dolch mit weil der Bogen leicht Aufsehen erregen k\u00f6nnte. Nach einer halben Stunde gingen wir dann los. Ich war sehr angespannt, ich wusste nicht wie es meiner Mutter ging oder in sie noch lebte. Und selbst wenn wir sie sicher und unbemerkt finden m\u00fcssen wir sie unterbringen und versorgen. Dazu kam noch das was Ichiro gesagt hatte, wird es jemandem auffallen, dass sie weg ist? Werden wir dann vorsichtiger sein m\u00fcssen? Ichiro.... wieso l\u00e4sst du mich im Stich wenn ich dich so sehr brauche?... Wir kamen dem Waldrand n\u00e4her, wir konnten bereits die Lichter sehen. Am Rand angekommen versteckten wir uns hinter zwei B\u00e4umen. Ich beobachtete das Haus meiner Mutter, es brannte Licht! Das hei\u00dft sie war noch am Leben! Als ich mir sicher war, dass mich auch niemand sah nickte ich Hikari zu, sobald Gefahr drohte, dass uns jemand entdeckte war sie bereit einzugreifen. Ich rannte zur T\u00fcr vom Haus meiner Mutter und ging schnell rein. Sie sa\u00df grade am Tisch und a\u00df zu Abend. Als sie mich, sah stiegen ihr Tr\u00e4nen in die Augen und sie kam auf mich zu \"Sayori mein Schatz!\" Aber ich war zu geschockt um etwas zu sagen. Sie hatte \u00fcberall Verletzungen, Verb\u00e4nde und eine Narbe neben ihrem linken Auge. Was habe ich nur getan...? Ich habe sie alleine gelassen und sie musste so viele Qualen erleiden wie nie zuvor. Ich bin Schuld and ihren Verletzungen!Diesmal drei Kapitel auf einmal :D Ich hab in den letzten Tagen immer abends ein bisschen geschrieben aber es dann vergessen hochzuladen ^^\" ich hoffe die neuen Kapitel gefallen euch :3 ~roronoa-tessa",
            "wordcount": "742",
            "chapter_release": "22.07.2015",
            "chapter_number": "11"
        },
        "2": {
            "text": "Ich schreckte herum und da sah ich ihn. Diesen geheimnisvollen jungen Mann der sich dem Aufseher in den Weg stellte. Ich traute meinen Augen nicht. Das konnte doch nicht sein. Pl\u00f6tzlich bekam er einen Peitschenhieb ab. Ich war geschockt. Allerdings war es auch nicht anders zu erwarten. Doch pl\u00f6tzlich schien es als ob ich ein anderer Mensch w\u00e4r, ich lie\u00df meinen Korb fallen und rannte hin\u00fcber. In der n\u00e4chsten Sekunde merkte ich nur wie meine Faust brannte als ich dem Aufseher eine verpasste. Ich merkte noch wie alle Menschen auf der Plantage uns fassungslos an starrten, Skalen, Aufseher und auch der junge Mann. Dann merke ich nur noch einen dumpfen Schlag auf den Hinterkopf und wie mir schwarz vor Augen \u0001 \u0002 ich wieder aufwachte war mir noch etwas schwindelig und meine Sicht unscharf. Au\u00dferdem sp\u00fcrte ich diesen unertr\u00e4glichen pochenden Schmerz am Hinterkopf. Ich war noch etwas verwirrt und brauchte eine Weile bis mir wieder einfiel was passiert war. Verdammt! Wieso habe ich das getan? Andererseits... wieso lebe ich noch? Ich wei\u00df doch was meinem Vater damals passiert ist also wieso bin ich noch am leben? Moment mal... wo bin ich hier \u00fcberhaupt?! Ich setzte mich auf und schaute mich um. Ich sa\u00df auf einer Matratze auf dem Boden, die Wand war aus Holz und hatte keine Fenster. Das einzige Licht im Raum stammte von einer schwummerigen Lampe und drang durch einen wei\u00dfen Vorhang der den Durchgang etwas verdeckte.\"Wie geht es dir?\" ich zuckte kurz zusammen. Ich hatte gar nicht bemerkt wie jemand den Raum betrat. Dann sah ich in die Richtung aus der die Stimmt kam. Es war dieser geheimnisvolle Mann. Er stand dort im Eingang und von hinten schien das Sonnenlicht auf ihn. Es sah grade so aus als er von einem glei\u00dfenden Licht umgeben w\u00e4re, fast wie ein Heiliger.\"Ehm.. ganz gut denke ich\" stotterte ich ein wenig vor mich hin. Darauf hin l\u00e4chelte er mich an. \"Du scheinst verwirrt zu sein nicht wahr meine Sch\u00f6ne?\" Wie hat er mich da grade genannt? Ich wurde etwas rot. \"Keine Angst es ist alles gut. Allerdings hattest du Gl\u00fcck.\" Wie meint er das ich hatte Gl\u00fcck? Ich bin bewusstlos geschlagen wurden. Andererseits... \"W\u00e4re ich nicht gewesen w\u00e4rst du jetzt bestimmt nicht mehr am Leben.\" Genau, sie h\u00e4tten mich zu Tode gepr\u00fcgelt, bestimmt sogar mitten auf der Plantage damit es alle sehen k\u00f6nnen. \"Wie mein Vater.\" murmelte ich vor mich hin. Bei ihm ist es bestimmt genau so gewesen \"Wie meinst du das?\" Verdammt. Ich dachte nicht dass er das geh\u00f6rt hatte. \"Nunja... mein Vater ist damals gestorben weil er sich einem Aufseher wieder setzt hat. Er war ein Herzens guter Mensch. Ich kann mir vorstellen, dass es bei ihm \u00e4hnlich gewesen ist.\" \"Oh... das tut mir leid. Ich wusste nicht-\" \"Schon okay, das konntest du ja nicht wissen. Au\u00dferdem ist es schon viele Jahre her. Ich hab gelernt es zu akzeptieren.\" Ich sp\u00fcrte wie sich ein Arm um meine Schulter legte. \"Es tut mir trotzdem leid, ich wollte dich sich nicht an den Tod deines Vater erinnern.\" Wieder wurde ich etwas rot um die Wangen. \"Es ist in Ordnung, wirklich.\" \"Sag mal, wie hei\u00dft du eigentlich? Ich habe dich immerhin hier her gebracht und mich um dich gek\u00fcmmert, da m\u00f6chte ich wenigstens den Namen von meiner sch\u00f6nen Gesellschaft wissen\" sagte er und grinste mich frech an. Sag mal was sollte das? Flirtete er etwa mit dir? Du hattest dir noch nie Gedanken um Jungs gemacht. Wie auch, immerhin musstest du dich um deine Mutter k\u00fcmmern, denn sie hatte immer wieder Verletzungen durch Aufseher. Durch ihr Alter war sie nicht mehr die schnellste und wurde deswegen oft bestraft. An manchen Tagen hatte sie schwere Verletzungen durch Peitschenhiebe die du dann verarzten musstest. \"Mein Name ist Sayori. Und wie hei\u00dft du?\" \"Der Name passt zu dir. Ich bin Ichiro.\" sagte er l\u00e4chelnd. Aus irgendeinem Grund musstest du nun auch l\u00e4cheln. Er hatte etwas an sich das dich fesselte. \"Nun da ich jetzt wei\u00df wie du hei\u00dft habe ich nur noch ein paar Fragen.. Wer genau bist du eigentlich Ichiro? Was ist passiert nachdem ich bewusstlos wurde? Wo bin ich hier \u00fcberhaupt? Und wie wird es jetzt weiter gehen? Sie werden mich doch bestimmt suchen um mich zu bestrafen oder nicht?\" \"Wow das sind aber einige Fragen. Ich fange am besten erstmal damit an was passiert ist. Nachdem du bewusstlos wurdest wollte der eine Aufseher dir sein Messer in die Brust rammen. Allerdings konnte ich ihn davon abhalten indem ich sagte dass es nichts bringe dich zu t\u00f6ten ohne dass du es merkst. Also erlaubte er mir dich weg zu schaffen. In dem Fall kommen die Sklaven normalerweise auf den gro\u00dfen Dorfplatz. Aber ich schaffte es dich unentdeckt hier her zu bringen. Dieser Ort hier ist eine Art Geheimlager. Es besteht aus Baumh\u00e4usern die so hoch in den Wipfeln sind dass man sie nicht sehen kann und einem unterirdischen Quartier dessen Eingang in einem Busch versteckt ist. Wenn du magst kannst du gerne mal raus gucken.\" sagte er l\u00e4chelnd und half mir beim aufstehen. Gemeinsam gingen wir auf den wei\u00dfen Vorhang zu. Vorsichtig schob ich ihn zur \u0001 \u0002 da sah ich es, ich konnte meinen Augen nicht trauen. Es war wie eine riesige Siedlung in den Baumkronen. Einige der H\u00e4user waren gr\u00f6\u00dfer als andere und alle waren durch schmale H\u00e4ngebr\u00fccken verbunden. Von den gr\u00f6\u00dferen H\u00fctten f\u00fchrten Strickleitern in die Tiefe. Der Anblick war einfach atemberaubend. Ich kam aus dem Staunen gar nicht mehr heraus. \"Und was sagst du Sayori?\" \"Es... es ist einfach unglaublich. Wo sind wir hier? Ist das etwa der Wald der hinter der Wohnsiedlung der Sklaven liegt? Der Wald den ich schon so oft betreten habe?\" ich blickte ihn, noch immer etwas \u00fcberrumpelt, fragend an. \"Ja das ist der Wald. Allerdings nat\u00fcrlich in reichlicher Entfernung. Wir k\u00f6nnen ja nicht das Risiko eingehen dass Leute wie du, die durch den Wald streunen unser Versteck zuf\u00e4llig finden.\" \"Wow\" mit leuchtenden Augen betrachtete ich die Baumsiedlung. Dann wagte ich einen Blick in die Tiefe. Reflexartig klammerte ich mich an Ichiros Arm. Dieser sah mich etwas \u00fcberrascht an. Es waren gut 200 Meter bis zum Boden. \"Das ist aber sehr tief...\" \"Du gew\u00f6hnst dich schon dran\" \"Da hab ich so meine Zweifel aber wenn du meinst.\" \"Wenn du es schaffst darfst du dann auch meinen Arm wieder los lassen, Ich hab schon kaum noch Blut in meinen H\u00e4nden.\" Schnell lie\u00df ich seinen Arm los und schaute etwas besch\u00e4mt zu Boden. \"Und... wer bist du jetzt eigentlich genau? Au\u00dfer deinem Namen wei\u00df ich ja nichts \u00fcber dich.\" \"ich \u00fcber dich doch auch nicht, au\u00dfer dass du eine Sklavin der mittleren Schicht bist und das mit deinem Vater.\" \"Naja da gibt auch nicht mehr zu wissen. Ich bin nur eine Sklavin und mache nichts au\u00dfer auf der Plantage zu arbeiten, jetzt wieder zu dir.\" \"Das k\u00f6nnte etwas l\u00e4nger dauern. Wie w\u00e4rs wenn wir in meine H\u00fctte gehen, ich mach dir etwas zu essen und dann erz\u00e4hl ich dir alles. Einverstanden?\" er hielt mir seine Hand hin und l\u00e4chelte mich an. \"Einverstanden!\" lachte ich und reichte ihm meine Hand.~ ich hoffe auch dieses Kapitel hat euch wieder gefallen :D wenn es euch gef\u00e4llt w\u00fcrde ich mich auch hier wieder \u00fcber Feedback sehr freuen :3 Rechtschreibfehler d\u00fcrfen auch gern verbessert werden xD Viel Spa\u00df beim weiter lesen :3 roronoa-tessa ~",
            "wordcount": "1.287",
            "chapter_release": "31.05.2015",
            "chapter_number": "2"
        },
        "3": {
            "text": "Er f\u00fchrte mich \u00fcber mehrere H\u00e4ngebr\u00fccken bis wir auf einer gro\u00dfen Plattform ankamen. Auf der Plattform standen mehrere doppelst\u00f6ckige H\u00fctten die doppelt so gro\u00df waren wie die in der wir eben waren. \"Das hier ist meine H\u00fctte.\" sie sah genauso wie alle anderen H\u00fctten aus, dunkelbraunes Holz das dunkelgr\u00fcn betupft war. Allerdings hatte diese H\u00fctte im Gegensatz zu der ersten eine richtige T\u00fcr und Fenster, sie sah mehr nach einer Wohnung aus als die andere. Er \u00f6ffnete mir die T\u00fcr und bat mich herein. Ich war \u00fcberrascht als ich eintrat. Ich stand direkt in einer Wohnk\u00fcche, allerdings war sie wesentlich moderner als die in der ich mit meiner Mutter wohnte. Au\u00dferdem hatte er auch eine Kaffeemaschine, einen K\u00fchlschrank und eine Mikrowelle. Die K\u00fcche war durch eine kleine Wand von Wohn- und Essbereich abgetrennt. Im hinteren Bereich befand sich eine schmale Wendeltreppe die in die zweite Etage f\u00fchrte, auf der anderen Seite war ein kleiner Raum, wahrscheinlich das Badezimmer. \"Setz dich ruhig. Was m\u00f6chtest du denn essen?\" \"Ehm... danke. Ich.. Ich wei\u00df nicht, ich esse sonst nur Brot und Br\u00fche.\" \"Ach ja richtig.. dann koch ich dir was sch\u00f6nes. Wenn du willst kannst du dich gerne umsehen. Ach ja neben der Treppe ist ein kleiner Schrank mit Kleidung f\u00fcr Frauen. Such dir da ruhig etwas raus das dir passt. Die Auswahl ist leider nicht sehr gro\u00df aber besser als das was du im Moment tr\u00e4gst.\" \"Vielen Dank.\" Etwas zur\u00fcckhalten ging ich zum Schrank und durchsuchte die Schubladen. Die Auswahl der Sachen in meiner Gr\u00f6\u00dfe war allerdings sehr klein. Und die Sachen waren entweder Kleider oder sehr knapp. \"Ehm Ichiro... gibt es vielleicht auch Sachen die naja... Etwas mehr bedecken als nur meine Brust?\" \"Nat\u00fcrlich, allerdings k\u00f6nnten dir die Sachen etwas zu gro\u00df sein, wie gesagt die Auswahl ist nicht so toll\" Ich nahm mir also eine kurze Hose und ein Oberteil das etwas knapp war und nicht meinen Bauch bedeckt. Naja, besser als nichts. Also nahm ich mir die Sachen und ging in die obere Etage um mich umzuziehen und mich noch etwas in der H\u00fctte um zuschauen. Die obere Etage war ein kleiner Schlafsaal mit mehreren Betten. Allerdings war nur auf einem eine Decke und ein Kissen. Ich legte meine Sachen auf eins der leeren Betten und zog mich um. Die Sachen waren wirklich eher knapp, ich hab noch nie in meinem Leben so viel Haut gezeigt aber es gefiel mir trotzdem. Es zog ein wunderbarer Duft nach oben also beschloss ich wieder runter zu gehen. Als ich den Tisch sah war ich \u00fcerw\u00e4ltigt, es gab Kartoffeln, Fleisch und So\u00dfe dazu. Au\u00dferdem stand dort eine Schale mit Salat und eine mit verschiedenen Beeren. \"Lass es dir schmecken Sayori, es ist alles f\u00fcr dich.\" Ich strahlte und f\u00fchlte mich wie ein kleines Kind. Ich konnte nicht anders und st\u00fcrzte mich auf das essen. Es war so k\u00f6stlich und das erste mal in meinem Leben konnte ich so viel essen wie ich wollte. Ichiro lachte nur und beobachtete mich dabei. Als ich fertig war nam ich mir noch ein paar Beeren aus der Sch\u00fcssel. Es waren so viele verschiedene Sorten. Ich f\u00fchlte mich wie im Himmel. \"Na da hatte aber jemand Hunger\" lachte Ichiro. \"Ja allerdings. Aber es war auch so k\u00f6stlich, so etwas habe ich noch nie gegessen. Vielen Dank!\" \"Ach das ist doch nicht der Rede wert Sayori\" l\u00e4chelnd fing er an den Tisch aufzur\u00e4umen. Ich wollte ihm dabei helfen doch das wollte er nicht. Ich sollte mich etwas ausruhen und das tat ich schlie\u00dflich auch. Als er fertig war setzt er sich zu mir. \"Also Ichiro. Du wolltest mir erz\u00e4hlen wer du bist.\" \"Ja du hast Recht. Es ist nicht leicht einen Anfang zu finden weist du. Wei\u00dft du denn was mein Name bedeutet?\" Ich sch\u00fcttelte nur den Kopf. \"Er bedeutet 1. Sohn. Ich bin der Sohn von dem Gro\u00dfherren der \u00fcber dieses Land herrscht. Ich bin der Sohn von Riku.\" Mit gro\u00dfen Augen sah ich ihn an. Das konnte nicht sein, wie konnte er nur der Sohn von so einem Macht besessenen, grausamen Herrscher sein? \"Ich wei\u00df... aber glaub mir Sayori, ich bin da sicher von allen Menschen am wenigsten begeistert dr\u00fcber. Ich hasse meinen Vater und all das was er den Menschen dieses Volkes antut! Jemand wie er hat es nicht verdient ein Herrscher zu sein!\" Er ballte seine H\u00e4nde zu F\u00e4usten und ich konnte sehen was f\u00fcr Schmerzen er hatte, wie er selbst so sehr drunter litt Rikus Sohn zu sein. \"Ich wusste... gar nicht dass er einen Sohn hat.\" \"Nun ja das ist ebenfalls nicht so einfach. Ich hab schon als Kind nicht mit ansehen k\u00f6nnen wie er dieses Volk behandelte. Als ich dann alt genug war habe ich ihm gesagt dass ich eine Reise mache und dort ein neues Reich aufbauen werde. Er fand die Idee nat\u00fcrlich toll. Das ist jetzt 9 Jahre her und seitdem habe ich nur noch selten Kontakt zu meinem Vater. Einmal im Jahr zu dieser Zeit besuche ich ihn und bekomme Geld f\u00fcr mein angebliches Reich. Was er nat\u00fcrlich nicht wei\u00df ist, dass ich dieses Dorf in den B\u00e4umen gebaut habe und eine Rebellion gegen ihn plane um die Herrschaft \u00fcber das Volk zu \u00fcbernehmen, ich werde dieses Volk von der Sklaverei befreien! Ich habe \u00fcber die Jahre hinweg mutige M\u00e4nner und Frauen auf meine Seite geholt und wir haben ein Dorf gegr\u00fcndet. Es war nicht leicht aber wir sind fast so weit. Bald k\u00f6nnen wir dieses Land befreien.\" Ich sah ihn an. Er hatte rein gar nichts von seinem Vater. Er war ein herzensguter Mensch der sein Volk liebte und alles tun w\u00fcrde um es von seinem grauenvollen Schicksal zu befreien. Ich bewunderte diesem Mann und seinem Mut. \"Also.. Sayori. Was sagst du? Wirst du dich mir anschlie\u00dfen? Wirst du mir dabei helfen?\" \"Auf jeden Fall! Aber... ich war mein Leben lang eine Sklavin, wie soll ich dir dabei helfen? Und was ist mit meiner Mutter? Sie macht sich sicher Sorgen um mich...\" \"Keine Angst, ich habe vielen Leuten hier das K\u00e4mpfen gelehrt, das schaffe ich auch bei dir. Wir m\u00fcssen nur heraus finden was deine Waffe ist. Und was deine Mutter angeht... ich werde dich zu ihr bringen, wir brechen gleich auf.\" Ich strahlte \u00fcber das ganze Gesicht. Ich konnte das alles noch nicht wirklich begreifen aber ich war das erste mal in meinem Leben gl\u00fccklich und frei. Ich konnte einfach nicht anders und fiel Ichiro um den Hals. \"Vielen, vielen Dank Ichiro! Ich danke dir!\" Er z\u00f6gerte doch dann erwiederte er die Umarmung \"Du brauchst mir nicht zu danken Sayori.\" Dann l\u00f6ste er die Umarmung. \"Komm, wir sollten los\" Ich nickte und folgte \u0001 \u0002 kletterten die Strickleiter herunter. Es kam mir wie eine Ewigkeit vor, schlie\u00dflich lag das Dorf sehr weit in der H\u00f6he. Jetzt lag ein langer Fu\u00dfmarsch vor uns, eine Stunde mussten wir durch den Wald bis wir am Rand ankamen, dort wo ich mit meiner Mutter wohnte. Ich sp\u00fcrte das frische Laub und das weiche Moos unter meinen F\u00fc\u00dfen. Dieses Gef\u00fchl hatte ich schon so oft doch diesmal war es anders, es war ein Gef\u00fchl von Freiheit!~ ich hoffe auch dieses Kapitel hat euch wieder gefallen :D wenn es euch gef\u00e4llt w\u00fcrde ich mich auch hier wieder \u00fcber Feedback sehr freuen :3 Rechtschreibfehler d\u00fcrfen auch gern verbessert werden xD Viel Spa\u00df beim weiter lesen :3 roronoa-tessa ~",
            "wordcount": "1.273",
            "chapter_release": "01.06.2015",
            "chapter_number": "3"
        },
        "4": {
            "text": "Nach einer ganzen Weile kamen wir am Ende des Waldes an, man konnte schon die Sklavensiedlung sehen in der ich bis heute fr\u00fch noch wohnte. \"So, ab hier musst du allein gehen. Wir k\u00f6nnen es nicht riskieren gesehen zu werden, es ist auch so schon riskant genug. Immerhin sollen alle glauben, dass du tot seist.\" Ich nickte. Dann ging ich in Richtung unseres Hauses. Ich stand nun am Waldrand, es war weit und breit niemand zu sehen, immerhin war es fast 10. Ich atmete tief durch und ging auf mein altes zuhause zu. Vorsichtig \u00f6ffnete ich die Haust\u00fcr und trat ein. \"Sayori! Da bist du ja endlich. Ich wei\u00df ja dass du die Angewohnheit hast sp\u00e4t nach Hause zu kommen aber bitte sei vorsichtiger mein Schatz!\" dann umarmte sie mich. Ich wusste dass sie Angst hatte mich auch zu verlieren denn sie hatte ja bereits Vater verloren. \"Mutter...\" Sie l\u00f6ste die Umarmung und sah mich an. \"Ich muss dir etwas erz\u00e4hlen, bitte setz dich.\" jetzt musterte sie mich genauer. \"Was... was sind das f\u00fcr Kleider? Und woher hast du-\" \"Ich werde dir alles erkl\u00e4ren, nach und nach.\" Ich fing an ihr von diesem geheimnisvollen Mann zu erz\u00e4hlen und was sich auf der Plantage zugetragen hat. Dann von diesem eigenartigen Ort an dem ich aufgewacht bin. Allerdings hatte mir Ichiro verboten zu viel zu sagen und zu verraten wo das Dorf ist. Dann erz\u00e4hlte ich ihr von Ichiro und seinem Plan. Und dass ich ihn unterst\u00fctzen werde um sie zu befreien. Um das ganze Volk zu befreien. Als ich fertig war reichte ich ihr den Inhalt meiner Tasche, es war eine Dose mit der selben Mahlzeit die ich hatte und eine weiter mit den Beeren. Au\u00dferdem ein kleines in Stoff gekleidetes P\u00e4ckchen mit der n\u00f6tigen Medizin gut Wunden durch Peitschenhiebe. Ich erkl\u00e4rte ihr dass ich rechtzeitig vor der n\u00e4chsten Kontrolle in drei Monaten wieder kommen w\u00fcrde um die restliche Medizin abzuholen die \u00fcber bleibt. Am Ende sah sie mich mit dem selben Blick an dem ich hatte als Ichiro mir alles erz\u00e4hlt hatte. Dann l\u00e4chelte sie sanft \"Du bist genau wie dein Vater, du hast ein gutes Herz Sayori und du bist mutig. Du wirst den Traum deines Vater und den des ganzen Volkes wahr machen. Ich glaube fest daran dass ihr es schaffen werdet. Und wenn es soweit ist, m\u00f6chte ich den jungen Mann kennen lernen der meiner Tochter so den Kopf verdreht hat.\" Sie lachte sanft. \"Mutter! Er hat mir nicht den Kopf verdreht! Ich bin lediglich von seinem Mut fasziniert.\" Allerdings wurde ich etwas Rot bei ihren Worten. \"Glaub was du willst meine Liebe. Aber nun solltest du gehen, du hast es immerhin noch weit bis zu eurem Lager so wie ich es verstanden habe. Und immerhin musst du hart trainieren! Diese Schlacht wird sicher nicht leicht.\" \"Das werde ich Mutter! Ich werde so hart trainieren wie kein anderer! Bitte halte durch, bald werde ich dich hier raus holen. Ich hab dich lieb Mutter.\" Ein letztes mal f\u00fcr drei Monate schloss ich meine Mutter in die Arme. \"Ich habe dich auch lieb meine tapfere Sayori.\" Es war schon sp\u00e4t und Ichiro wartete ja immerhin auf mich, also brach ich vorsichtig wieder auf. Mit Tr\u00e4nen in den Augen ging ich in die Richtung aus der ich gekommen bin. \"Da bist du ja wieder!\" \"Tut mir leid, dass es so lange gedauert hat, aber du musst wissen dass meine Mutter der einzige Mensch in meinem Leben ist der mir immer am Herzen lag und f\u00fcr den ich alles machen w\u00fcrde. Es ist schwer sie so ganz auf sich gestellt zur\u00fcck zu lassen...\" W\u00e4hrend des letzten Satzes sah ich auf den Boden, ich f\u00fchlte mich schuldig, auch wenn es die richtige Entscheidung war. \"Das ist okay Sayori...\" Vorsichtig hob er mein Kinn an und sah mir tief in die Augen. Diese wundersch\u00f6nen gr\u00fcnen Augen die mich so sehr im ihren Bann zogen. Da bemerkte ich wie er meinem Gesicht sehr nah war. Panisch kam ich wieder zu mir und ging einen Schritt zur\u00fcck. Zum Gl\u00fcck war es dunkel, denn mein Gesicht war so rot wie eine Tomate. \"Wir sollten zur\u00fcck gehen, immerhin ist es schon dunkel.\" \"Ja.. du hast wohl recht.\" Das kann doch nicht sein, ist er etwa entt\u00e4uscht? Wollte er mich grade wirklich k\u00fcssen? Oh man dann hat er also wirklich vorhin mit mir geflirtet. Wie kann er nur an so etwas denken, wenn eine solche Situation herrscht?Auf dem R\u00fcckweg schwiegen wir uns nur an, keiner von uns beiden sagte auch nur ein Wort. Endlich kamen wir an der Siedlung an. \"Ich werde dir deine H\u00fctte zeigen, du wirst bei Hikari schlafen. Keine Angst sie ist wirklich nett und ihr habt auch getrennte Zimmer.\" \"Okay.\" \"Wir sehen uns dann morgen, Gute Nacht. \"Gute Nacht.\" Als ich die Strickleiter hinauf kletterte dachte ich \u00fcber das was am Waldrand passiert ist nach. So gesehen war ich erleichtert dass ich wo anders schlif. Oben auf der Plattform angekommen suchte ich nach dem Haus von Hikari. Es sah von au\u00dfen genau so aus wie alle anderen H\u00e4user auch. Ich wollte grade an klopfen als mir jemand auf die Schulter tippte. Ich drehte mich um und sah in das Gesicht einer bildh\u00fcbschen Frau. Sie hatte blondes Haar das ihr bis zu den Kniekehlen reichte und klare, hellblaue Augen.\"Hallo, dir scheint es ja schon viel besser zu gehen.\" Sie hatte so eine fr\u00f6hliche Art dass du alles vergessen konntest. Ihr l\u00e4cheln war einfach ansteckend. \"Ehm ja mir geht es gut, ich bin Sayori, dann musst du Hikari sein nicht wahr?\" \"Ja das bin ich, da dann komm rein, ich zeig dir dein Schlafzimmer.\" du folgtest ihr in die H\u00fctte, sie sah genau so aus wie die von Ichiro. Ihr gingt die Treppe hoch und standet vor Zwei kleinen R\u00e4umen. \"Das linke ist dein Zimmer, es ist wie alles andere hier recht schlicht aber ich hoffe du f\u00fchlst dich trotzdem wohl. Wir sollten auch langsam schlafen gehen es ist schon sehr sp\u00e4t.\" Ich nickte \"Vielen Dank dass ich hier schlafen darf. Gute Nacht Hikari.\" \"Ach nicht der Rede wert, schlaf gut Sayori.\" Ich \u00f6ffnete die T\u00fcr zu meinem Zimmer, auf der linken Seite war ein Fenster und daneben stand ein Bett. Gegen\u00fcber davon stand ein kleiner Schrank mit einer Lampe und daneben hing ein Spiegel an der Wand. Es war nicht viel aber mehr als genug f\u00fcr mich. Immerhin habe ich mein bisheriges Leben nicht grade im Luxus verbracht. Ich zog mir ein Top und eine kurze Hose an die ich in dem Schrank fand und legte mich schlafen.~ ich hoffe auch dieses Kapitel hat euch wieder gefallen :D wenn es euch gef\u00e4llt w\u00fcrde ich mich auch hier wieder \u00fcber Feedback sehr freuen :3 Rechtschreibfehler d\u00fcrfen auch gern verbessert werden xD Viel Spa\u00df beim weiter lesen :3 roronoa-tessa ~",
            "wordcount": "1.188",
            "chapter_release": "03.06.2015",
            "chapter_number": "4"
        },
        "5": {
            "text": "Am n\u00e4chsten morgen wurde ich vom Sonnenlicht geweckt. Ich \u00f6ffnete langsam die Augen. Ich konnte es nicht glauben, das erste mal in meinem Leben wurde ich nicht durch einen schrillen Ton geweckt der 5 Minuten anhielt. Ein Blick auf die Uhr an meinem Bett zeigte 8:47 an. Noch nie in meinem ganzen Leben habe ich so lange geschlafen. Ich war hellwach und voller Tatendrang. Also sprang ich aus dem Bett, zog mich um, nahm eine Dusche und bereitete das Fr\u00fchst\u00fcck vor. Ich mache f\u00fcr Hikari und mich jeweils ein Omlette und schnitt mehrere Scheiben von dem frischen Brot ab das ich bei ihr fand. Ich war grade dabei den Tisch zu decken als sie v\u00f6llig verschlafen die Treppe runter kam. \"Ach du heilige schei\u00dfe. Wie kann man denn bitte morgens schon so wach sein?\" \"Naja normalerweise w\u00e4re ich jetzt schon \u00fcber drei Stunden auf der Plantage.\" \"Oh richtig, ich hab mich nach den Jahren hier schon so an den anderen Lebensstil gew\u00f6hnt. Das riecht aber lecker. Dass du mir mein Fr\u00fchst\u00fcck machst, daran k\u00f6nnte ich mich glatt gew\u00f6hnen.\" \"Das ist doch das mindeste daf\u00fcr, dass hier schlafen durfte.\" \"Sayori meine Liebe, du wohnst jetzt hier. Du wurdest dieser Wohnung zugeteilt.\" \"Wirklich? Oh ich dachte das ist nur vorerst. Aber das ist Klasse! Mir gef\u00e4llts hier.\" \"Freut mich, dass es dir hier gef\u00e4llt.\" Wir setzten uns hin und fingen an zu essen. \"Ach ja noch etwas Sayori, um 10 treffen wir uns mit Ichiro, dann gehen wir drei zum Trainingsplatz und schauen mal welche Waffe f\u00fcr dich in Frage kommt.\" \"Ichiro...\" Ich seufze. \"Ist denn alles okay bei euch? Ich hab mich gestern schon gewundert dass er dich nicht hoch begleitet hat.\" \"Naja.. gestern auf dem R\u00fcckweg von meiner Mutter da... hat er glaub ich versucht mich zu k\u00fcssen. Dabei kenn ich ihn doch gar nicht. Ja er ist nett aber das war eigenartig. Noch nie im meinem Leben habe ich auch nur einen Gedanken an sowas verschwendet.\" Hikari fing an zu lachen. \"Wieso lachst du?\" \"Wei\u00dft du... bevor ich her kam habe ich auch so gedacht wie du. Sowas kommt mit der Zeit in der du nicht als Sklave lebst. Und was Ichiro angeht, er muss dich wirklich m\u00f6gen. Es haben schon oft Frauen versucht sich ihm anzun\u00e4hern aber er hat sie immer abgewiesen. Ich glaube du hast unserem lieben Anf\u00fchrer etwas den Kopf verdreht Sayori.\" Wieder lachte sie. Hei\u00dft das etwas... dass Ichiro mich mag?\" Ich kann nicht sagen dass ich h\u00e4sslich bin aber wenn ich mir Hikari so ansehe... sie ist viel h\u00fcbscher als ich. Ihre strahlenden Augen und ihr makelloses Haar. Da riss sie mich aus meinen Gedanken. \"Ich glaube wir sollten los, sonst kommen wir noch zu sp\u00e4t.\" \"Ja du hast recht.\" Wir stiegen die Strickleiter hinab und sie f\u00fchrte mich in ein Geb\u00fcsch. \"Unser Trainingsraum ist unterirdisch. In dem B\u00e4umen lasst es sich nicht gut trainieren und mitten im Wald ist es zu \u0001 \u0002 man uns entdecken k\u00f6nnte.\" Wir krabbelten inzwischen im Geb\u00fcsch herum. Wir waren schon einige Minuten unterwegs. Allerdings kam man so auch nicht sonderlich schnell voran. Wir kamen schlie\u00dflich an einer Holzklappe an die sie mit einem Schl\u00fcssel den sie um den Hals trug \u00f6ffnete. \"Nicht alle von uns haben einem Schl\u00fcssel, es gibt nur 4 Leute und einen Ersatz Schl\u00fcssel. F\u00fcr den Rest von uns gibt es ein Klopfzeichen, das man unten auch sehr gut h\u00f6ren kann. Ich zeige dir sp\u00e4ter mich wie das geht.\" Sie \u00f6ffnete die Klappe und stieg eine Leiter hinunter. Ich folgte ihr. Unten angekommen waren wir in einem riesigen Raum. Falls man das \u00fcberhaupt noch einen Raum nennen konnte. Er erstrecke sich gut einen Kilometer in die L\u00e4nge und 400 Meter in die Breite. \"Wow... Ich finde es immer wieder erstaunlich wie ihr es geschafft habt das alles aufzubauen.. Und dann auch noch ohne dass es jemand bemerkt.\" \"Ja das war manchmal gar nicht so leicht. Aber wir haben es geschafft und das ist es was z\u00e4hlt.\" sagte sie l\u00e4chelnd. \"Sayori! Hikari! Da seid ihr ja.\" Ichiro kam l\u00e4chelnd auf uns zu. \"Hallo.\" Sagten wir gleichzeitig. \"Also meine Sch\u00f6ne, dann wollen wir doch mal sehen welche Waffe f\u00fcr dich die richtige ist.\" Er war wieder wie gestern als ihr euch kennen gelernt habt. Bei seiner Aussage wurde ich wieder rot um die Wangen. \"Ehm.. j-ja. Okay\" \"Es ist echt niedlich wie leicht du in Verlegenheit zu bringen bist\" lachte Hikari. Sie hatte so ein herzliches und ehrliches Lachen und ihre fr\u00f6hlich Art war einfach ansteckend. \"Also da dr\u00fcben sind alle verschiedenen Waffen die wir haben.\" Er legte seinen Arm um mich und f\u00fchrte mich zu den Regalen mit den Waffen. Es war unglaublich wie viele verschiedene Waffen es gab. Sie reichten von Dolchen \u00fcber Schwerter bis zu besonderen Waffen wie einem Hiraikotsu. \"Okay wie w\u00e4rs wenn wir mit einem leichten Schwert anfangen? Ich glaub das k\u00f6nnte etwas f\u00fcr dich sein.\" Er reichte mir ein schlichtes schmales Schwert. Allerdings sind Schwerter nicht grade leicht. Ich hattest schon M\u00fche es \u00fcberhaupt zu halten, geschweige denn es zu f\u00fchren. \"Hmm... okay vielleicht doch kein Schwert, wie w\u00e4rs mit einem Dolch? Der ist leichter und handlicher.\"Ich nickte nur und er reichte mir einen Dolch der leicht gebogen war und einen goldenen Griff hatte. \"Also gut Hikari wird dir kurz zeigen wie man ihn f\u00fchrt.\" Den Dolch zu f\u00fchren fiel mir nicht ganz so schwer allerdings zeigte sich im Kampf mit Hikari dass ich nicht grade f\u00fcr den Nahkampf geeignet war. Ich seufzte leicht. \"Hey Sayori, lass dich doch nicht so leicht entmutigen. So schlecht hast du dich gar nicht angestellt und als Ersatz Waffe ist ein Dolch gar nicht so schlecht. So kannst du im Notfall auch im Nahkampf k\u00e4mpfen. Es ist sowieso immer besser zwei Waffen bei sich zu haben.\" Das munterte mich zwar nicht so sehr auf aber ich wollte auf keinen Fall auf geben. \"Ichiro hat Recht. Meine Waffe ist das Schwert, aber als Ersatz habe ich Wurfsterne.\" \"Kann ich die vielleicht mal ausprobieren?\" \"Na klar!\" Sie reichte mir drei ihrer Wurfsterne und ich stellte mich vor eine Zielscheibe. So schwer konnte es nicht sein dachte ich mir und warf den ersten Stern. Allerdings glitt er mir durch meine Nervosit\u00e4t aus der Hand und flog nach hinten. Entsetzt drehte ich mich um und sah wie Ichiro hin gefallen und Hikari an die Wand zur\u00fcck gewichen war. \"Oh mein Gott, tut mir leid, tut mir wirklich Leid!\" \"Schon okay, pass... einfach das n\u00e4chste mal besser auf.\" Sagte Ichiro und rappelte sich wieder auf. Ich nickte verlegen und versuchte es gleich noch einmal. Diesmal flog der Wurfstern in die richtige Richtung und traf sogar die Zielscheibe. \"Hey das war Klasse!\" rief Ichiro \"Ja das hast du gut gemacht Sayori!\" stimmte Hikari zu. Ich wurde etwas verlegen aber das ermutigte mich weiter zu machen. Ich \u00fcbte eine gute Stunde und bekamm Tipps von Hikari aber ich traf einfach nicht in die Mitte. \"Ich schaffe es einfach nicht richtig zu zielen, vielleicht ist das doch nicht die richtige Waffe f\u00fcr mich.\" \"Hmm wie w\u00e4rs dann mit einem Bogen. Ich dachte eigentlich dass er vielleicht auch zu schwer werden k\u00f6nnte weil man daf\u00fcr Kraft braucht. Aber damit kann man leichter zielen als mit Wurfsternen.\" schlug Ichiro vor. \"Okay ich versuchs.\" Er reichte mir einen eleganten und schlichten Holzbogen der an den Enden leicht geschwungen war. Dazu reichte er mir einen Pfeil. Ich legte den Pfeil ein und spannte den Bogen. Als ich noch klein war hatte mir mein Vater mal erz\u00e4hlt dass sein Urgro\u00dfvater Soldat gewesen ist, in einer Zeit vor der Sklaverei. Dieser hatte immer gesagt wenn man einen Pfeil ab schie\u00dft muss man immer weiter unten hin zielen. Das tat ich auch. Ich konzentrierte mich und schoss schlie\u00dflich den Pfeil ab. Und er traf direkt in die Mitte. Ich freute mich wie ein kleines Kind und Ichiro legte mir die Hand auf die Schulter und l\u00e4chelte mich an \"Ich glaube wir haben deine Waffe gefunden.\" Ich l\u00e4chelte zur\u00fcck \"Ja!\" ich strahlte f\u00f6rmlich vor Freude. \"Au\u00dfer dir gibt es hier nur 9 weitere Bogensch\u00fctzen und der beste davon ist Momiji. Er sollte auch bald da sein. Bis dahin kannst du ja mit Hikari und deinem Dolch trainieren.\" Er l\u00e4chelte mich wieder an. \"Okay ich hab noch etwas zu tun, sehen wir uns sp\u00e4ter Sayori?\" \"Ehm klar.\" \"Also gut bis dann.\" Dann begann auch schon mein Training mit dem Dolch. Ich war nicht sonderlich talentiert aber besser als mit den anderen Waffen, dem Bogen ausgenommen. Nach gut drei Stunden machten wir eine Pause und a\u00dfen etwas aus dem K\u00fchlschrank der in der Halle stand. Pl\u00f6tzlich winkte Hikari jemanden zu uns. Er hatte l\u00e4ngeres braunes Haar und hatte einen sehr muskul\u00f6sen K\u00f6rper. Er sah ziemlich gut aus. Au\u00dferdem trug er einen schwarzen Bogen in der Hand. \"Momiji!\" Er winkte l\u00e4chelnd zur\u00fcck und kam auf euch zu. \"Hallo Hikari.\" \"Hey Momiji, ich m\u00f6chte dir jemanden vorstellen. Das ist Sayori, sie ist erst seit gestern hier und es w\u00e4r toll wenn du ihr ab und zu beim Training mit dem Bogen helfen w\u00fcrdest. Vor allem am Anfang da das ja alles neu f\u00fcr sie ist.\" \"Freut mich dich kennen zu lernen Sayori, wenn du willst k\u00f6nnen wir auch gleich mit dem Training anfangen. Wenn du fertig bist mit essen bist nat\u00fcrlich.\" Er l\u00e4chelte mich an und reichte mir die Hand. \"Freut mich auch.\" L\u00e4chelte ich zur\u00fcck und reichte auch ihm meine Hand. Pl\u00f6tzlich zog er mich zu sich und gab mir einen Kuss auf die Wange. \"Du bist wirklich sch\u00f6n, hat dir das schon mal jemand gesagt?\" Sofort wurde ich knall rot im Gesicht. \"Ehm.. Ehm Nunja ehm.\" stotterte ich vor mich hin, ich war noch immer vollkommen \u00fcber rumpelt. \"Momiji! Lass gef\u00e4lligst Sayori los!\" Hikari sprang vom Tisch auf und funkelte ihn w\u00fctend an. \"Schon gut Miss. Na dann, bis gleich Sayori.\" Er drehte sich um und winkte mir im weg gehen. \"Tut mir leid, er ist... naja ein ziemlicher Weiberheld und macht sich an jede Frau ran die nicht bei drei auf dem Baum ist.\" \"Schon gut es geht wieder. Das n\u00e4chste mal knall ich ihm einfach eine.\" \"Hikari lachte laut \" Ja das ist eine gute Idee. Wenn du dich wieder gefangen hast solltest du zu ihm gehen und mit dem Training anfangen.\" Ich nickte. Beim weg gehen bemerkte ich dass sie etwas bedr\u00fcckt zu sein schien. Mochte sie Momiji etwa?~ ich hoffe auch dieses Kapitel hat euch wieder gefallen :D wenn es euch gef\u00e4llt w\u00fcrde ich mich wie gehabt \u00fcber Feedback sehr freuen ^-^ Viel Spa\u00df beim weiter lesen :3 roronoa-tessa ~",
            "wordcount": "1.883",
            "chapter_release": "09.06.2015",
            "chapter_number": "5"
        },
        "6": {
            "text": "Ich ging r\u00fcber zu Momiji der mich schon bemerkte ohne sich umdrehen zu m\u00fcssen. \"Da ist ja meine Sch\u00f6nheit\" sagte er und grinste mich frech an. Diesmal wurde ich nicht rot sondern w\u00fctend. \"Okay h\u00f6r mir mal zu du Obermacho! Diese Nummer zieht bei mir genau so wenig wie bei Hikari und wahrscheinlich auch allen anderen Frauen. Also komm mir nicht so sondern hilf mir lieber beim Bogentraining!\" \"Und schon bist du doch nicht mehr so sch\u00fcchtern. Und zu deiner Information das zieht bei allen, selbst bei Hikari\" sagte er und zwinkerte mir zu. Also steht sie wirklich auf ihn dachte ich mir als ich einen Pfeil aus meinem K\u00f6cher nahm und den Bogen spannte. Ich zielte auf die untere rechte Ecke und traf genau in die Mitte. Jedoch hatte der Pfeil nicht genug Geschwindigkeit und blieb nicht in der Zielscheibe stecken. \"Wow okay du bist wirklich talentiert Sayori\" lobte er mich und klopfte mir auf die Schulter. \"Aber du bist schwach! Viel zu schwach.\" Wie bitte? Habe ich mich etwa verh\u00f6rt. Woher sollte ich denn auch bitte Kraft haben wenn ich Tag f\u00fcr Tag nur auf der Plantage gearbeitet habe. \"Du hast gut reden, du bist ja auch schon l\u00e4nger hier und noch dazu ein Mann und dadurch sowieso kr\u00e4ftiger als ich\" sagte ich redlich genervt. \"Hey bleib ruhig, das wei\u00df ich doch. Nichts desto trotz ist K\u00f6rperkraft das A und O! Selbst f\u00fcr einen leichten Bogen brauchst du Kraft in den Armen um ihn richtig zu spannen. Okay ich w\u00fcrde sagen du \u00fcbst sch\u00f6n weiter mit weiter zu schie\u00dfen und wir zwei trainieren deinen K\u00f6rper und vor allem deine Arme!\" \"Ehm okay.\" Und so begann mein Krafttraining mit Momiji, Kniebeuge, Liegest\u00fctze, Sit ups und so weiter. Das Krafttraining war meist vormittags und nachmittags kamen dann Bogen und Dolch dran. Ich war zwar vorher Sklavin aber nur auf der Plantage, ich war richtig k\u00f6rperliche Belastung nicht gewohnt und hatte gef\u00fchlt durchgehen Muskelkater. So vergingen die n\u00e4chsten Wochen bis ich schlie\u00dflich beim Bogentraining die Mitte traf aus dreifacher Entfernung als am Anfang. \"Das war Klasse Sayori! Das Training mit Momiji hat sich wirklich bezahlt gemacht du bist schon viel besser geworden!\" Ich wurde etwas verlegen \"viel- vielen Dank Ichiro.\" Okay ich glaub du hast dir einen freien Nachmittag wirklich verdient. Ruh dich aus, iss was und geh fr\u00fch schlafen. Ich hab morgen dann eine \u00dcberraschung f\u00fcr dich\" sagte er und l\u00e4chelte mich auf diese besondere Art und Weise an wie nur er es konmte. \"Okay!\" sagte ich freudig und umarmte ihn fest. Als ich die Umarmung l\u00f6ste sah er etwas verlegen aus, ich l\u00e4chelte ihn nochmal an und \u0001 \u0002 mir leid dass so lange nichts kam ;-; diesmal leider nur ein kurzes Kapitell aber bin schon an dem n\u00e4chsten und das wird wieder l\u00e4nger! \u00b0^\u00b0/ ~roronoa-tessa :3",
            "wordcount": "491",
            "chapter_release": "13.07.2015",
            "chapter_number": "6"
        },
        "7": {
            "text": "Es waren nun schon einige Wochen vergangen seit ich ich hier bei den Rebellen in den B\u00e4umen lebe. Ich habe mit mit der Zeit hier und dran gew\u00f6hnt, dass mein Alltag anstatt aus Arbeit aus Training besteht. Hikari ist inzwischen zu meiner besten Freundin geworden aber auch mit Ichiro und mit Momiji verstehe ich mich sehr gut. Wir machen oft was zusammen auch wenn man hier nicht grade viel machen kann. Manchmal klettern wie an dem Baum \u00fcber Momijis H\u00fctte bis in die Baumwipfel wo die \u00c4ste so dicht sind dass man sich regelrecht so hin setzt kann wie auf dem Boden. Dann unterhalten wir uns stundenlang, lachen und vergessen ganz aus welchem Grund wir eigentlich alle hier sind. Ich schwankte so in meinen Gedanken w\u00e4hrend ich in meinem Bett lag und an die Decke starrte. Ich hatte das erste mal seit ich hier war mal einen Nachmittag kein Training, also nahm ich ein Bad und kochte essen f\u00fcr Hikari und mich. Sie kam erst sp\u00e4t nach Hause also a\u00df ich alleine, stellte die Reste in den K\u00fchlschrank und legte ihr einen Zettel auf den Tisch. Ich freute mich schon sehr auf den n\u00e4chsten Morgen, da Ichiro eine \u00dcberraschung f\u00fcr mich hatte. Au\u00dferdem w\u00fcrde ich nach langer Zeit mal wieder nur mit ihm etwas unternehmen. Bei dem Gedanken fing ich an zu l\u00e4cheln. Als ich mich dabei ertappte kribbelte es pl\u00f6tzlich in meinem Magen. Was war das f\u00fcr ein eigenartiges Gef\u00fchl? Mit diesem kribbelndem Gef\u00fchl im Bauch schlief ich dann auch ein. Ich merkte wie mir jemand sanft die Hand auf die Schulter legte und h\u00f6rte dass jemand meinen Namen fl\u00fcsterte \"Sayori. Hey wach auf.\" Ich grummelte komisch und drehte mich auf die andere Seite. Allerdings hatte die Person ihr Ziel erreicht. Ich war wach, toll. Nochmal h\u00f6rte ich meinen Namen und da bemerkte ich erst wessen Stimme es war. Ich schreckte hoch und stie\u00df dabei mit meinem Kopf gegen einen andern. \"Aua!\" schrie ich und hielt mir meine Stirn. Als ich mich umschaute sah ich wie Ichiro auf dem Boden sa\u00df und sich ebenfalls die Stirn hielt. \"Oh mein Gott tut mir leid!\" sagte ich schnell als ich ihn so ansah. Als er zu mir hoch sah wurde ich knallrot im Gesicht. \"Wow du hast wirklich Kraft bekommen.\" sagte er mit diesem schiefen Grinsen das einen regelrecht dahin schmelzen lie\u00df. Was? Was hab ich denn da grade gedacht?! \"Ehm- ehm ja kann sein.\" Er stand auf und reichte mir seine Hand. Verlegen nahm ich sie und er zog mich mit einem Ruck hoch vom Bett so, dass ich nun direkt vor ihm stand. Nat\u00fcrlich wurde ich direkt wieder rot. \"Los zieh dir was an, wir m\u00fcssen los, wir haben einen langen Tag vor uns.\" sagte er grinsend und ging aus dem Zimmer. Schnell sah ich an mit runter und bemerkte, dass ich gar kein shirt sondern nur einem BH an hatte. Na Klasse, kein Wunder dass er so dumm gegrinst hat. Ich zog mir schnell etwas an, und machte mich ein bisschen frisch. Als ich die Treppe runter ging sa\u00dfen die beiden mit einem Kaffee am Tisch und grinsen mich an. Gut irgendwann ist Schluss. \"Ach grinst nich so doof.\" sagte ich leicht gemerkt und stopfte dann schnell ein paar Scheiben Brot mit Butter und Salz in mich rein. Die ganze Zeit hat keiner was gesagt, Hikari und Ichiro haben sich nur bl\u00f6d angegrinst und ich genervt meine Brote gegessen. Als ich fertig war l\u00e4chelte er mich an und fragte \"und wollen wir los?\" Ich nickte nur und schnappte mir meinen Rucksack. \"Auf wiedersehen ihr zwei.\" rief Hikari und noch immer grinsend hinter und erntet daf\u00fcr nur noch einem letzten b\u00f6sen Blick von mir. Ichiro legte einen Arm um mich \"ach komm, jetzt hab dich doch nich so, das is doch mich schlimm.\" w\u00e4hrend er mich wieder angrinste. \"Du hattest auch mehr an als nur ein BH\" antwortete ich trocken. Er lacht nur und ging Richtung Leiter. Ich kletterte ihm hinterher die Strickleiter hinunter. Unten angekommen gingen wir nun tiefer in den Wald hinein. Schweigend lief ich ihm hinterher. Wo zur H\u00f6lle wollte er denn mit mir hin? Und was sollte es denn schon so tief geben? irgendwann standen die B\u00e4ume so eng bei einander, dass man nur noch grade so durch kam. Pl\u00f6tzlich griff er mein Hand und hielt sie fest in seiner. \"H-hey! Was soll denn das?!\" komplett rot angelaufen versuchte ich mich aus seinem Griff zu befreien aber er war einfach zu fest. \"Der Wald wird immer dichter werden so dass wir uns irgendwann quasi durch quetschen m\u00fcssen. Man kann sich hier leicht aus den Augen verlieren also geh ich lieber auf Nummer sicher.\" er drehte sich um und l\u00e4chelte mich charmant an, \"Au\u00dferdem, m\u00f6chte ich dich ja noch eine Weile behalten.\" f\u00fcgte er nun zwinkernd hinzu. Bitte?! Was erlaubt er sich eigentlich... Allerdings, war es schon ziemlich s\u00fc\u00df. Verlegen l\u00e4chelnd trottete ich weiter hinter ihm her. Moment, was mache ich hier eigentlich? Habe ich mich etwa... in Ichiro verliebt?Diesmal wieder ein l\u00e4ngeres Kapitel :3 ich haffe es gef\u00e4llt euch ^^ ich hab noch nicht dr\u00fcber gelesen also sorry f\u00fcr die Fehler die drin sind :D und keine Angst das n\u00e4chste Kapitel ist schon fast fertig ;)",
            "wordcount": "901",
            "chapter_release": "14.07.2015",
            "chapter_number": "7"
        },
        "8": {
            "text": "Wir k\u00e4mpften uns nun schon eine gef\u00fchlte Ewigkeit durch die eng stehenden B\u00e4ume. Inzwischen hatte mich die Angst gepackt. Ich wollte hier raus und meine Arme ausstrecken k\u00f6nnen. Ich umklammert fester seine Hand und begann schwer zu atmen. Als Ichiro meinen festen Druck an seiner Hand sp\u00fcrte drehte er sich um. Ich bemerkte wie erschrocken sein Gesicht aussah und legte meine Hand um seinen Arm, so dass ich ihn nun fest umklammerte. \"Ganz ruhig Sayori, du hast es gleich geschafft, wir sind fast da.\" ich nickte nur unkenntlich und merkte wie ich kaum noch richtig Luft bekam. \"Halt durch! Siehst du den Licht Strahl wenige Meter vor uns? Nur noch bis dahin und wir sind da.\" \"ja.\" man konnte es kaum h\u00f6ren aber mehr brachte ich nicht hervor. Die letzten Meter waren qualvoll und ich merkte schon langsam wie mir schwarz vor Augen wurde und ich meine Kraft verlor, als Ichiro auf einmal meinen Arm um seine Schulter legte und mich st\u00fctze. \"Du hast es geschafft.\" sagte er fr\u00f6hlich. Ich l\u00e4chelte nur ersch\u00f6pft also lie\u00df er mich auf den Boden gleiten und lehnte mich an einen Baum. Es dauert noch einige Minuten bis ich wieder richtig zu mir kam. Ich sah wie Ichiro vor mir hockte und mich besorgt ansah. \"M\u00f6chtest du etwas trinken?\" \"Ja gerne\" sagte ich mit einer noch etwas zittrigen Stimme. Er reichte mir eine Wasserflasche die ich wie ein unbeholfenes Kind mit beiden H\u00e4nden fest halten musste. \"Geht es die nun wieder besser Sayori?\" fragte er mich sanft l\u00e4chelnd. \"Ja viele dank!\" l\u00e4chelte ich zur\u00fcck. Nun setzte er sich neben mich und lehnte sich ebenfalls an den Baumstamm. Jetzt war mein Sichtfeld frei und was ich sah war einfach wundersch\u00f6n. Eine kleine Lichtung mit einen See mitten im dichten Wald. Auf dem See waren Seerosen auf deren Bl\u00e4ttern kleine Fr\u00f6sche sa\u00dfen. Der Anblick war grade zu malerisch. Als w\u00e4re es aus einem Bilderbuch. Mit funkelnden Augen betrachtete ich diesen wundersch\u00f6nen Ort. Am liebsten w\u00fcrde ich den Rest meines Lebens hier verbringen. \"Ein unglaublicher Anblick nicht war?\" Seine Frage riss mich aus meiner Trance. Er hatte recht, es war wirklich unglaublich sch\u00f6n. \"Mehr als das!\" schw\u00e4rmte ich. \"Freut mich, dass es dir hier gef\u00e4llt.\" er drehte sich zu mir und l\u00e4chelte mich an. Dieses l\u00e4cheln, es war so ehrlich und liebevoll... Ich merkte gar nicht, dass ich ihn mit leicht ger\u00f6teten Wangen anstarrte. \"Sag mal ist alles okay?\" \"Was? Was? Ja! Alles bestens!\" stammelte ich verlegen vor mich hin. \"Du kannst von meinem Anblick anscheinend gar nicht genug bekommen meine Liebe.\" grinste er mich frech an. Schon wieder. Wenn er sowas sagte erinnerte er mich an den Moment als wir uns kennen gelernt haben. Diese arrogante von sich selbst \u00fcberzeugte Art! \"H\u00e4ttest du wohl gern!\" eingeschnappt drehte ich meinen Kopf von ihm weg. Nach einigen Sekunden wunderte ich mich dass er nichts sagte, also machte ich meine Augen auf und schaute vor mich. \"Whaaa!\" erschrocken wich ich ein St\u00fcck nach hinten, denn sein Gesicht war nur wenige Zentimeter vor meinem. Mit knallrotem Kopf starrte ich ihn an. Er hatte es schon oft geschafft mich in Verlegenheit zu bringen aber dieses mal war es anders. Ich lie\u00df es zu. Er schaute mir tief in die Augen und ich versank langsam in diesem Blick. Er zog mich regelrecht in seinen Bann. Langsam kam er mir n\u00e4her bis unsere Gesichter sich so nah waren wie sie es nur sein konnten ohne sich zu ber\u00fchren. Er legte sanft seine Hand an meinen Hinterkopf und zog mich zu sich ran bis unsere Lippen sich ber\u00fchrten. Es kam mir vor als ob die Zeit und die Welt um uns herum stehen blieb und es nur noch uns gab. Dann l\u00f6ste er den Kuss und wir sahen uns wieder in die Augen. Ich hilt mir leicht die Hand an meine Lippen \"I-Ichiro.... Ich\" fing ich an, allerdings wusste ich gar nich was ich sagen sollte. Er l\u00e4chelte mich leicht an \"Du musst nichts Sagen Sayori.\" Er setzte sich wieder neben mich und lehnte sich an den Baum. Dann man er sanft meine H\u00e4nde zwischen seine. Keiner von uns sagte etwas. Wir sa\u00dfen einfach nur so da uns schauten auf den See. Ich lehne meinen Kopf an seine Schulter und nun wich mein noch immer etwas \u00fcberraschter Gesichtsausdruck einem \u0001 \u0002 ich hoffe dass euch auch dieses Kapitel gefallen hat ^-^ ziemlich kitschig ich wei\u00df, aber wenn man schon mal so drin ist im schreiben passiert das schon mal :D~ roronoa-tessa",
            "wordcount": "787",
            "chapter_release": "15.07.2015",
            "chapter_number": "8"
        },
        "9": {
            "text": "Ich wei\u00df gar nich wie lange wir so da sa\u00dfen aber irgendwann unterbrach mein grummelnder Bauch die Stille. Erschrocken sah ich auf \"ehm.. Ich sch\u00e4tze wir sollten zur\u00fcck, ich hab ziemlichen Hunger.\" \"Bei so einem Vielfra\u00df wie die h\u00e4tte ich eigentlich dran denken sollen was zu wissen mit zu nehmen.\" und schon war er wieder so charmant wie eh und je. \"Ach halt doch die Klappe!\" sagte ich und stand beleidigt auf, ich drehte mich um und wollte grade in dem Wald gehen als mir wieder auffiel wie eng die B\u00e4ume hier standen. Ichiro musste die Angst in meinem Blick bemerkt haben, denn er legte seinen Arm um mich \"du brauchst keine Angst zu haben, ich bin doch bei dir\" und nun wieder dieses f\u00fcrsorgliche L\u00e4cheln. Aus ihm werde ich wohl nie schlau werden. Von einem Moment auf den n\u00e4chsten ist er ein komplett anderer Mensch. Aber das war vielleicht auch gut so. Ich nickte und nahm seine Hand. Wir versuchten das enge St\u00fcck des Waldes so schnell es ging hinter uns bringen. Immerhin wussten wir jetzt dass wir hier schneller durch mussten damit ich nicht wieder klaustrophobisch wurde. Diesmal ging es auch viel schneller und vor lauter Erleichterung entfuhr mir ein leichtes Seufzen. \"Na siehst du, war doch gar nich so schlimm.\" Ich gab ihm einen schnellen Kuss auf den Mund und schaute danach in das Gesicht eines v\u00f6llig \u00fcberrumpelten Ichiro. \"Nur so\" sagte ich als er mich verwirrt anguckte. \"Endlich hab ich es auch mal geschafft dich zu \u00fcberraschen.\" sagte ich fr\u00f6hlich. Doch dann dr\u00fcckte er mich gegen einen Baum und hielt meine Handgelenke \u00fcber meinem Kopf fest. Nun k\u00fcsste er mich. Allerdings leidenschaftlicher als vorher. Ich merkte wie mir warm wurde. Dann l\u00f6ste er den Kuss wieder. \"Ich kann es ja nicht einfach so zu lassen dass du mich pl\u00f6tzlich \u00fcberrumpelst ohne mich zu revanchieren.\" sagte er und grinste mich frech an. Da war es wieder, dieses grinsen das ich so an ihm liebte. Moment mal. Hab ich grade etwa lieben gesagt? Aber.. es bringt auch nichts es weiter zu verdr\u00e4ngen. Ja ich habe mich in Ichiro verliebt. \"Wir sollten weiter gehen.\" sagte ich l\u00e4chelnd. \"Du hast recht.\" er nahm meine Hand und ging etwas weiter vor mir, da der Wald immer noch etwas dicht war. \"Ich hoffe du wei\u00dft, dass du mich jetzt so leicht nichts mehr los wirst oder? Wenn ich mich erstmal f\u00fcr jemanden entscheide, dann geh\u00f6rt diese Person auch mir und niemandem sonst.\" er drehte sich um und grinste mich frech an. Ich grinste nur zur\u00fcck \"Ich glaube damit kann ich leben.\" er lachte und sobald der Wald sich wieder etwas lichtete gingen wir nebeneinander und ich hackte mich an seinem Arm ein. Wenn er schon mir geh\u00f6rte sollte es sobald wir zur\u00fcck waren auch ruhig jeder sehen. Ich habe n\u00e4mlich nicht vor ihn wieder her zu geben. Als wir ankamen lie\u00df ich widerwillig seinen Arm hoch und kletterte hinter ihm die Strickleiter hoch. Als ich das letzte St\u00fccke vor mir hatte reichte er mir seine Hand und zog mich zu sich hoch so, dass ich direkt vor ihm stand. Ich hatte eine Hand auf seine Brust gelegt damit wenigstens noch ein kleiner Abstand zwischen uns war. Wobei, eigentlich w\u00e4re es nicht schlimm. Er legte seine Arme um meine H\u00fcfte und k\u00fcsste mich. \"Was zur H\u00f6lle?!\" erschrocken wich ich von Ichiro weg und fiel dabei fast nach hinten die Plattform runter, allerdings hielten mich Ichiro, Hikari und Mimoji rechtzeitig fest. \"Oh mein Gott Sayori das tut mir so leid geht es dir gut? Fehlt dir way?\" \"Haha keine Sorge Hikari, alles bestens.\" \"Okay gut\" sie atmete erleichtert aus \"Gut, mit kommen meine Liebe!\" Sie griff mich am Handgelenk und zerrte mich regelrecht in unsere H\u00fctte w\u00e4hrend ich nur hinterher stolperte. Als wir drinnen waren knallte sie die T\u00fcr zu und lehnte sich dagegen. Sie grinste mich frech an \"Na dann, erz\u00e4hl mal was passiert ist\" also erz\u00e4hlte ich ihr die ganze Geschichte, um ehrlich zu sein war es ja nich so sonderlich viel, immerhin waren wir maximal 2h weg gewesen. \"Also seid ihr jetzt zusammen?\" fragte sie mich neugierig. \"Naja ehm, ich wei\u00df es nich so genau, aber ich denke schon.\" Nun fing sie an zu lachen \"Oh man ihr seid schon eine Klasse f\u00fcr sich.\" ich rieb mir verlegen den Kopf und lachte auch \"Ja so ein ganz normales Paar sind wir vielleicht nicht. Da f\u00e4llt mir ein was l\u00e4uft eigentlich zwischen dir und Momiji?\" Jetzt war ich mal die jenige die sie an grinste w\u00e4hrend sie rot wurde. \"Na los raus mit der Sprache!\" \"Gar nichts! Ich meine..\" sie schaute traurig zu Boden \"Immerhin flirtet er mit allem was nich bei drei auf dem Baum ist. Wie kann so jemand denn bitte in der Lage sein eine feste Beziehung einzugehen.\" \"Das er mit allem flirtet das nicht bei drei auf dem Baum ist stimmt zwar, ich mein das hat er ja selbst bei mir gemacht. Allerdings.. habe ich schon so oft bemerkt wie er dich anschaut. Und er hat zwar diese provokante Art aber wenn andere sauer sind lacht er nur, wenn du auf ihn sauer bist legt er immer einen Arm um dich. Gut er provoziert auch oft weiter aber das scheint ihm ja Spa\u00df zu machen. Es gibt f\u00fcr ihn Unterschiede zwischen allen anderen Frauen und dir. Das kann man deutlich sehen.\" ich sah wie ihre Augen anfingen zu strahlen \"meinst du wirklich?\" ich l\u00e4chelte sie an \"ja!\" \"Aber ich will das er aufh\u00f6rt mit den ganzen anderen Frauen zu flirten!\" \"Tja, da kann ich dir leider nicht weiter helfen. Aber wenn er nichts festes hat gibt es f\u00fcr ihn keinen Grund damit aufzuh\u00f6ren. Wenn du willst das er aufh\u00f6rt, gib ihm einen Grund.\" \"Du bist einfach die beste! Ich frag mich echt wie ich es aushalten konnte bis du her kamst.\" Wie lachten beide und verbrachten noch den ganzen Tag zusammen. Morgen hie\u00df es wieder fr\u00fch aufstehen und trainieren also blieben wir nicht mehr all zu lange wach. Als ich im Bett lag und aus dem Fenster schaute wusste ich, dass mein Leben von nun an perfekt war, ich habe Menschen gefunden denen ich alles sagen kann und auf die ich mich verlassen kann. Ich habe nur noch ein Ziel und das ist es meine Mutter zu mir zu holen damit sie dieses Leben mit mir teilen kann. Und auch all die anderen Sklaven werde ich befreien!",
            "wordcount": "1.132",
            "chapter_release": "22.07.2015",
            "chapter_number": "9"
        }
    },
    "title": "Das geheimnisvolle Kriegervolk",
    "topic": "unspecified",
    "release": "\n31.05.2015\n\t\t\t\t\t\t",
    "author": "roronoa-tessa"
}