{
    "tags": [],
    "chapcount": "16",
    "wordcount": "14.530",
    "chapters": {
        "1": {
            "text": "1. PrologEinst lebten die Menschen ohne das \u0001 \u0002 es Wolfsmenschen wirklich g\u00e4be. Doch \u0001 \u0002 einen dummen Fehler eines der edlen Tiere erfuhren sie es. Und das auf eine gef\u00e4hrliche \u0001 \u0002 Junge Wolfsmensch t\u00f6tete 38 Menschen auf Grund der Unkontrollierbarkeit. Die Polizisten aus Gr\u00f6nland t\u00f6teten ihn schlie\u00dflich mit einer Silberkugel. Wolfsmenschen waren einst friedliche Tiere. Lediglich zum jagen benutzten sie ihre scharfen Krallen. Kim Seaford lag auf dem Boden einer Trainingsanlage. Sie hatte schulterlange blonde Haare und normalerweise braune Augen. Doch nun hatte sie goldgelben leuchtende Augen. Sie wurde ins Labor \u0001 \u0002 Kim ein Wolfsmensch war. Am Morgen hatte sie sich das erste Mal verwandelt und bis jetzt waren schon ein Paar Stunden vergangen. Langsam stand Kim auf. Normalerweise h\u00e4tte sie sich schon l\u00e4ngst aufgerappelt doch heute f\u00fchlte sie sich nicht gut. Sie vermutete es w\u00e4re wegen der ersten Verwandlung. Sie wiederholte diese Zwei Stunden nochmal. In der Ersten Schulstunde hatten sie Sport. Kim f\u00fchlte sich schon seit dem aufstehen schrecklich und in der Umkleide passierte es dann. Vor Schmerz klappte sie zusammen und langsam verwandelte sie sich. Ihr Gesicht nahm die Form einer Wolfsschnauze an und ihre H\u00e4nde und F\u00fc\u00dfe wurden \u0001 \u0002 verwandelte sich in einen schwarzen gro\u00dfen Wolf. Alle M\u00e4dchen kreischten und sofort kam der Lehrer. Er dr\u00fcckte den Notfallknopf und nach ein Paar Minuten trafen die Sicherungsleute auch schon ein. Sie fesselten Kim mit Eisenketten und verfrachteten sie ins \u0001 \u0002 dieser Forscher mit diesem wei\u00dfen Kittel kam auf Kim zu.,,Hallo! Ich bin mir sicher du f\u00fchlst dich etwas \u0001 \u0002?\u201c,fragte \u0001 \u0002 wartete garnicht auf Kims Antwort und dr\u00fcckte sie schnell zu Boden musterte ihre Augen. Verwirrt und geschockt starrte Kim in seine Augen. Himmelblau und doch irgendwie anders als die der \u0001 \u0002 schob Kim schnell einen winzigen Zettel zu und stand dann wieder \u0001 \u0002 sich um und meinte:,,Warte auf mein Zeichen!\u201cDann ging er \u0001 \u0002 schaute ihm nur kurz nach ehe sie den Zettel unbemerkt entfaltete. Ich erkl\u00e4re dir alles sp\u00e4ter!Mein Name ist Doug. Ich bin ein Wolfmensch so wie \u0001 \u0002 haben geplant dieses Labor hier zu \u00fcberfallen!Wenn du halbwegs bei Verstand bist wirst du uns helfen!Zerst\u00f6re diesen Zettel sobald du alle Informationen hast!Kim steckte sich den Zettel unbemerkt in den Mund und schluckte ihn herunter. Da winkte der junge braunhaarige Mann ihr zu und machte ihr klar zu ihm zu \u0001 \u0002 ging zu ihm. Er f\u00fchrte Kim und einen weiteren jungen Mann in einen separaten Raum. ,,Hi! Ich bin Kim! Kim Seaford!\u201c,stellte sich Kim dem Jungen vor w\u00e4hrend Doug noch etwas \u0001 \u0002 Junge schien Kim zu mustern ehe er sich vorstellte:,,Caelan! Caelan Storm!\u201c Er war \u0001 \u0002 gro\u00df hatte dunkelbraune Haare.,,Bist du auch...?\u201c,fragte Kim und Caelan nickte. Er hatte blutrote Augen wie ein D\u00e4mon. Sie durchl\u00f6cherten einen fast.,,So! Bitte still bleiben!\u201c,meinte Doug der mit ein Paar Dr\u00e4hten und Schl\u00e4uchen in der Hand wiederkam.,,Was haben sie vor!\u201c,fragte Caelan misstrauisch. Er hatte eine relativ raue und dunkle Stimme. Kim vermutete er w\u00e4re gerade im Stimmbruch denn seine Stimme kratzte manchmal etwas.,,Ich werde euch beide untersuchen! Ihr habt euch beide am gleichen Tag und um die gleiche Uhrzeit verwandelt. Das ist merkw\u00fcrdig.\u201c,erkl\u00e4rte Doug und legte ein Paar Dr\u00e4hte an Kim an. Durch die Saugnoppen klebten sie an ihrer Haut wie Kleber. Kim wehrte sich nicht. Doug hatte eine Ausstrahlung die jeden automatisch beruhigte.,,Das k\u00f6nnte etwas wehtun!\u201c,warnte Doug und stach die \u0001 \u0002 an einem Schlauch befestigt \u0001 \u0002 Kims \u0001 \u0002 zuckte kurz und machte ein schmerzverzerrtes \u0001 \u0002 sich jedoch sogleich wieder. Sie war eine starke selbstsichere Frau die jedes Wortgefecht gewann. Sie w\u00fcrde zur\u00fcckschlagen auch wenn der Gegner gr\u00f6\u00dfer und st\u00e4rker wirkte. Immerhin war sie ein Schwarzgurt im Karate.,,Was soll ich jetzt machen?\u201c,fragte Kim.,,Dich hierhin setzen!\u201c,erwiderte Doug nur trocken und setzte Kim auf die neutrale Bank. Alles hier in diesem Labor war in einem neutralen Blau \u0001 \u0002 beobachtete Kim misstrauisch. Die schaute \u0001 \u0002 sich jedoch Doug zu der nun auf seinem Computer \u0001 \u0002 starrte er pl\u00f6tzlich ungl\u00e4ubig und mit gro\u00dfen Augen auf den Monitor und danach zu Kim. Diese starrte zur\u00fcck.,,Was ist los?!\u201c,fragten Caelan und \u0001 \u0002 war auch schon an diese Schl\u00e4uche und Dr\u00e4hte gefesselt. ,,Ihr...seid es!\u201c,brachte Doug nur raus.,,Was sind wir?\u201c,fragten die beiden wieder.,,Nicht hier! Kommt! Ihr m\u00fcsst zur\u00fcck!\u201c,meinte Doug nun aufgeregt und f\u00fchrte die beiden in einen gro\u00dfen wei\u00dfen \u0001 \u0002 enthielt zwei \u0001 \u0002 Waschbecken und ein kleines separates Zimmer mit einem Klo.,,Hier bleibt ihr erst einmal!\u201c,sagte Doug und schloss die gro\u00dfe Eisent\u00fcr.,,Wo hast du dich verwandelt?\u201c,fragte Kim.,,Drau\u00dfen...Auf dem B\u00fcrgersteig!\u201c,erkl\u00e4rte Caelan.,,H\u00f6rt sich ja gemein an....\u201cKim schaute auf den Boden w\u00e4hrend Caelan einfach nur die Eisent\u00fcr musterte.,,Was die wohl mit uns vorhaben?\u201c,fragte er mehr sich als \u0001 \u0002 antwortete trotzdem.,,Keine Ahnung! Ich hoffe f\u00fcr sie das sie sich nicht mit Kim Seaford anlegen!\u201c Kim hatte immer eine gro\u00dfe Klappe gehabt. Sie war jemand mit dem gr\u00f6\u00dften Selbstvertrauen das es geben \u0001 \u0002 lachte.,,Du besitzt ein gro\u00dfes Selbstvertrauen was?\u201c,fragte \u0001 \u0002 grinste verlegen.,,Jaaa....!\u201c,meinte \u0001 \u0002 g\u00e4hnten einmal herzhaft.,,Gut das hier Betten...,oder was auch immer das sein soll stehen.\u201c,meinte Kim und zeigte auf die beiden Betten. Sie sahen schon hart aus. Als Kim sich darauf legte st\u00f6hnte sie kurz.,,Oh \u0001 \u0002 die hart!\u201cCaelan lachte. Er legte sich ebenfalls hin und beide schliefen eher schlecht als recht ein.",
            "wordcount": "930",
            "chapter_release": "14.06.2013",
            "chapter_number": "1"
        },
        "10": {
            "text": "10. Kim und Caelans Training,,H\u00f6her Kim!\u201c,rief er und Kim st\u00f6hnte nur kurz.,,Du sollst die Arme h\u00f6her halten!\u201cKim hob die Arme und schon plumpste das Wasser auf den Boden.,,Pass doch auf!\u201c,schnauzte der Ausbilder.,,Ich pass doch auf! Aber sie bringen mir einfach nichts bei!\u201c,schrie Kim ihn \u0001 \u0002 Ausbilder, mit den grauen Haaren, starrte sie griesgr\u00e4mig \u0001 \u0002 zog er an Kims Haar um sie an sein Gesicht zu ziehen. Kim hatte den Zopf hochgebunden und vorne zwei Str\u00e4hnen mit Z\u00f6pfen seitlich ihres Gesichts gebunden. Sie starrte ihn w\u00fctend \u0001 \u0002 sie hitzk\u00f6pfig Wasser auf ihn \u0001 \u0002 flog gegen eine Wand und stand m\u00fchsam wieder \u0001 \u0002 war schon die Woche des Trainings immer wieder von ihm gepiesackt \u0001 \u0002 nat\u00fcrlich erkl\u00e4rte warum sie so sauer war. Ihre Hitzk\u00f6pfigkeit kam von dem heran nahenden \u0001 \u0002 machte sich allm\u00e4hlich sorgen um sie. Er mochte sie, keine Frage aber warum f\u00fchlte er dann immer diesen Schmerz wenn ein anderer sie be\u00e4ugte?!,,Kim! Komm wieder runter! Ich wei\u00df das er nicht der richtige Lehrmeister f\u00fcr dich ist. Du kannst ihn aber nicht daf\u00fcr verantwortlich machen!\u201c,rief Caelan sachte und unterbrach sein \u0001 \u0002 die eine S\u00e4ule aus Wasser hinter sich bereit gehalten hatte entspannte sich und sah ihn m\u00fcde an. Der geschockte Ausbilder musterte beide grimmig und ging dann.,,Das Training ist beendet!\u201c,,Caelan!\u201cKim sah ihn verlegen \u0001 \u0002 dann auf den Boden.,,Kannst.....kannst du mir helfen?\u201cEr drehte sich um und musterte ihre Augen.,,Uhm....\u201cEr l\u00e4chelte.,,Na klar!\u201cWenig sp\u00e4ter standen sie vor einer Holzpuppe. Kim hatte eine leichte Kampfpose eingenommen und Caelan stand neben ihr.,,Kannst du das Wasser mal anheben?\u201c,fragte er und Kim tat so.,,So gut?\u201cEr nickte.,,Wei\u00dft du, ich ignoriere meinen Ausbilder weil ich meinen eigenen Stil finden will.\u201c,erkl\u00e4rte \u0001 \u0002 nickte.,,Ja....das sieht man bei euch...\u201cSie grinste.,,Greif ihn an.\u201cEr zeigte auf die Holzpuppe in der \u0001 \u0002 tat so und attackierte die Puppe mit einem Wassersto\u00df der jedoch nicht mal bis vor die F\u00fc\u00dfe der Puppe \u0001 \u0002 senkte den Kopf. Caelan kam auf sie zu und hob ihr Kinn sachte an.,,Nicht frustriert sein! Hier...Ich wei\u00df zwar nicht wie man es machen sollte aber ich kanns versuchen!\u201c Er nahm ihre Handgelenke und fing an das Wasser zu b\u00e4ndigen. Tats\u00e4chlich schaffte er es sofort das Wasser gefrieren zu lassen. Er zerst\u00f6rte die Puppe in der Mitte und sah dann hoch zu Kim ohne sie \u0001 \u0002 Herz schlug und sie bekam eine leise Angst das Caelan es h\u00f6ren konnte. Sie sp\u00fcrte wie sie rot anlief und vertr\u00e4umt \u0001 \u0002 bevor sie sich versah sp\u00fcrte sie die warmen weichen Lippen Caelans auf ihren. \u00dcberrascht und verwirrt wich sie ein kleines St\u00fcck \u0001 \u0002 sie seiner Zunge gew\u00e4hr lies und den Kuss erwiderte.,,Das war wunderbar....!\u201c,keuchte Kim.,,Nicht einfach wunderbar! Das war unbeschreiblich!\u201c,erwiderte \u0001 \u0002 sah sie fragend und liebevoll an.,,Ich liebe dich!\u201c,fl\u00fcsterte er.,,...\u201cKim war sprachlos und musterte ihn eingehend. Sein Verhalten hatte sich schlagartig ge\u00e4ndert und er schien es ernst zu meinen und so lie\u00df sie ihren Gef\u00fchlen freien Lauf.,,Ich....Ich liebe dich auch!\u201c",
            "wordcount": "532",
            "chapter_release": "14.06.2013",
            "chapter_number": "10"
        },
        "11": {
            "text": "Heey :D Hier auch mal wieder ein neues Kapitel f\u00fcr diese FF.....Hat ein bisschen gedauert und ist ein bisschen kurz aber naja... Hoffe es gef\u00e4llt euch....:)Ich bitte hier nun nocheinmal um ein Paar reviews, die eine einsch\u00e4tzende Wertung enthalten xD Nein ernsthaft! Es w\u00e4re wirklich interessant von euch zu h\u00f6ren wie euch diese FF gef\u00e4llt und,.....ach ich w\u00fcnsche mir Feedback von euch xDlg Lissa__________________________________________________________________11. Ein auserw\u00e4hltes Paar zu sein ist schwer,,Hast du schon das probiert?\u201c,fragte Caelan und deutete mit der freien Hand auf eine gut gef\u00fcllte Platte mit Fleisch.,,Bei der Auswahl hier?\u201c,fragte Kim nur und nahm sich dann ein St\u00fcck blutig gebratenes \u0001 \u0002 folgte sie Caelan, der sich zu ein Paar anderen Wolfsmenschen setzte. Komisch, seitdem sie sich gek\u00fcsst hatten war er gesellschaftlicher \u0001 \u0002 setzte sich neben \u0001 \u0002 dem Essen stand wieder Training auf dem Programm. Allerdings nicht mehr mit den ihnen zugestellten Lehrern. Caelan und Kim halfen sich \u0001 \u0002 meisten wussten nichts von dem Kuss und so g\u00f6nnten Caelan und Kim sich \u00f6fters ein Paar unangenehme stille Pause die in romantischen Kuscheleien endeten. ,,Ich h\u00e4tte nie gedacht das du mich, ausgerechnet mich lieben w\u00fcrdest....\u201c,r\u00fcckte Kim nach einer Weile raus.,,Warum sollte ich dich nicht lieben?\u201c,fragte Caelan sichtlich verwirrt.,,Naja....Du bist jemand der jede haben k\u00f6nnte. Wirklich jede! Und ich. Ich bin nur ein normales M\u00e4dchen.\u201c,erkl\u00e4rte Kim und mied seinen \u0001 \u0002 Caelan war diese Seite Kims garnicht gewohnt. Sie war doch sonst immer so selbstbewusst. Er nahm ihr Kinn sachte zwischen seine H\u00e4nde und zwang sie ihn anzusehen.,,Ich liebe dich! Okay? Dich, und nur dich! Du bist f\u00fcr mich nicht nur eines dieser normalen M\u00e4dchen! Du bist ein selbstbewusstes, \u00fcberhaupt nicht normales, auserw\u00e4hltes Wolfsmenschen M\u00e4dchen okay?\u201cKim musste l\u00e4cheln. Er bem\u00fchte sich um sie und er war definitiv etwas unbeholfen. Kim schmiegte sich an seine Brust.,,Hattest du schon eine Freundin?\u201c,,Nein.....\u201c,erwiderte Caelan.,,Warum?\u201c Kim erinnerte sich noch genau an ihren ersten Freund. Sie hatte ihn in einem Club getroffen und sich sofort an seiner Sch\u00f6nheit fest gefressen. Er hatte diese goldenen Augen, die man nur Lieben konnte und dunkelbraunes glattes Haar gehabt. Kim erinnerte sich wie er sie ansprach. ,,Hey du...Heute Abend schon was vor?\u201c,hatte er sie gefragt. Nat\u00fcrlich war er ein Aufrei\u00dfer gewesen und hatte anscheinend nur Sex im Kopf, aber Kim mochte Badboys und es machte ihr nichts aus ihn zu \u0001 \u0002 hatten sich immer \u00f6fter getroffen und irgendwann entschied Kim dann das ihre Eltern von dem zwei Jahre \u00e4lteren Jungen nichts zu wissen brauchten und die geheime Beziehung fing \u0001 \u0002 zu einem ersten Mal kam es \u0001 \u0002 \u0001 \u0002 war sein Name, war wie eine Klette und erlaubte Kim sp\u00e4ter nicht mal mehr andere Jungs auch nur anzusprechen. Das war jedoch ziemlich schwierig denn die H\u00e4lfte ihrer Freunde bestand aus Jungen.,,Ich hab die richtige nie getroffen...\u201c,erwiderte Caelan.,,Hast du sie jetzt getroffen?\u201c,fragte Kim nach einer kleinen Pause und musterte ihn am\u00fcsiert.,,Ja allerdings....\u201c,,Wer? Etwa diese Idiotin, die dir immer hinterher l\u00e4uft?\u201cCaelan musterte Kim verwirrt.,,Ich meine...\u201cEr bemerkte ihr am\u00fcsiertes Gesicht.,,Nat\u00fcrlich meine ich die!\u201c,,Was?!\u201cKim schniefte.,,Wie kannst du nur?\u201c Sie lachte und die beiden k\u00fcssten sich.,,Die junge Liebe....\u201c,murmelte die Wolfsk\u00f6nigin. Yuki und Yukon sa\u00dfen im Thronsaal. Yuki besa\u00df die Gabe durch die Augen einer anderen Person zu sehen. Zweifellos eine Gabe die sie ihrer verschollenen Tochter geerbt hatte.,,Sie ist es Yukon!\u201c",
            "wordcount": "582",
            "chapter_release": "14.06.2013",
            "chapter_number": "11"
        },
        "12": {
            "text": "12. Ist ein Krieg wirklich n\u00f6tig?!So langsam machten die Trainingsstunden- gr\u00f6\u00dftenteils auch die romantischen Kuscheleien-etwas aus. Caelan und Kim hatten sich \u00fcberaus verbessert und kamen fast mit allem was sie brauchten klar. Nun waren die beiden gerade auf dem weg zur Trainingsanlage, als Ellie sie aufhielt.,,Yukon und Yuki w\u00fcrden euch beide heute gerne vom Training befreien und euch zu einem Waldspaziergang einladen...\u201c,erkl\u00e4rte \u0001 \u0002 und Kim sahen sich kurz an.,,W\u00e4re wohl dumm sich f\u00fcr das Training zu entscheiden, was?\u201c Caelan lachte \u0001 \u0002 l\u00e4chelte ihn an und zusammen gingen die drei zu den Wolfsk\u00f6nigen.,,Willkommen zur\u00fcck!\u201c,murmelte Yuki erfreut und musterte die beiden verwirrten Auserw\u00e4hlten.,,Ihr habt uns eingeladen, K\u00f6nige?\u201c,fragte Caelan skeptisch.,,Allerdings....Ihr habt euch in den letzten Tagen bei eurem Training bew\u00e4hrt und wir dachten eine kleine Ablenkung von dem bevostehenden Krieg wird euch....nun ja....ablenken.\u201c Yuki l\u00e4chelte freundlich.,,Also versuchen sie garnicht erst mit uns zu reden?\u201c,fragte Kim. Immerhin war ihre Familie doch menschlich.,,Sie haben unsere Friedensangebote schon vor Ewigkeiten abgelehnt.\u201c,erwiderte Yukon.,,Aber was wenn sie ihre Meinung vielleicht doch ge\u00e4ndert haben?...Ich meine theoretisch geht doch alles....\u201c,,Auserw\u00e4hlte Kim!....Sie sind nicht willig uns in Frieden leben zu lassen...\u201c,erwiderte Yukon \u0001 \u0002, die sichtlich betr\u00fcbt war vermied den Blickkontakt und nahm Caelans Hand.,,Yukon.....Ich werde jetzt mit den beiden Auserw\u00e4hlten den Spaziergang antreten....M\u00f6chtest du mitkommen?\u201c,,Nein...\u201cYukon musterte Kim \u0001 \u0002 diese sich an Caelans Brust auszuheulen schien.,,Ok....Wir sehen uns nachher..:\u201cYuki erhob sich und mit einer Handbewegung folgte drei Wolfsmenschen ihr. ,,Yukon ist nicht so....\u201c,erkl\u00e4rte Yuki.,,Er ist eigentlich ein ganz lieber. Er hat nur viel mit dem Krieg zu tun und ehrlich gesagt mochte er die Menschen noch nie so recht.\u201cKim murmelte etwas unverst\u00e4ndliches und sah auf den Boden.,,Ich finde nur......Es kann doch nicht sein das alle Menschen uns tot sehen wollen....oder? Meine Eltern zum Beispiel. Die machen sich bestimmt riesengro\u00dfe Sorgen. Und meine Schwester....Sie ist doch erst f\u00fcnf, die wei\u00df doch garnicht worums geht.\u201c,entgegnete Kim.,,Er hat nicht das Recht dazu. Er kann nicht einfach sagen das sie alle b\u00f6se sind....\u201cYuki, die ein sehr sch\u00f6nes wei\u00dfes Kleid trug legte eine Hand auf Kims Schulter. Nicht nur weil sie Kim ihr Verst\u00e4ndnis zeigen wollte, sondern auch weil sie Kim testete. Mit einem Mal durchfluteten Yuki Kims Gef\u00fchle und Gedanken. Sie war besorgt und hatte Angst um ihre Eltern, jedoch empfand sie auch noch den Rest der Nacht die sie mit Caelan verbracht hatte. Yuki versuchte ihre Kraft im Moment zu unterdr\u00fccken und riss Kim ein Haar aus, als sie die Hand wegnahm. Kim, die fiel zu sehr mit ihren Gef\u00fchlen zu tun hatte, merkte den kurzen Schmerz \u0001 \u0002 liefen sie durch den Wald. Kim und Caelan eng umschlungen. Yuki lief mit gefalteten H\u00e4nden neben ihnen her und die drei redeten \u00fcber Gott und die \u0001 \u0002 als Kim pl\u00f6tzlich fiel, \u00e4nderte sich \u0001 \u0002 h\u00f6rte noch ein lautes knacken und f\u00fchlte einen Stich in ihrer Hand, als sie auch schon bewusstlos wurde.",
            "wordcount": "513",
            "chapter_release": "14.06.2013",
            "chapter_number": "12"
        },
        "13": {
            "text": "Hey Leuts :DHier kommt nun das Monatskapitel, kurz vor Weihnachten :)Ich hoffe nat\u00fcrlich, wie immer, das es euch gef\u00e4llt und w\u00fcnsche euch viel Spa\u00df beim lesen... :Dlg Lissa_______________________________________________________________________________13. Angriff,,Wie geht es ihr?\u201c,,Es geht ihr gut....\u201c,,Ich will sie sehen....\u201c,,Das geht nicht....!\u201c,,Doch!\u201cSie h\u00f6rte eine Art Knall, so als ob jemand rohes Fleisch klopfen w\u00fcrde und im n\u00e4chsten Moment h\u00f6rte sie eine Stimme.,,Hey\u201cLangsam. Ganz langsam \u00f6ffnete sie die Augen einen Spalt breit und sah ihn. Caelan. Ihr Fels in der Brandung. ,,Wie geht es dir?\u201cEr sah gehetzt aus und war relativ dreckig. Sie nickte.,,Ich....Es f\u00fchlt sich komisch an.\u201c,meinte sie nur. Sie hatte das Gef\u00fchl als w\u00fcrde Caelan eine Art eigene Schicht umgeben. Sie hatte die Farbe rot gemischt mit Sandt\u00f6nen. ,,Was f\u00fchlt sich komisch an?\u201c Yuki.,,Ich...\u00c4h...Was machen Sie denn hier?\u201c,,Ich...nun ja...Ich bin eine der besten Heilerinnen\u201c, murmelte sie.,,Heilerinnen?\u201c,fragten Caelan und Kim gleichzeitig.,,Ja...Es gibt wenige mit der Gabe Menschen zu heilen. Eigentlich nur dich und mich\u201cKim zuckte zusammen. Dann verharrte sie in der sitzenden Position, die sie langsam eingenommen hatte.,,W-Was?\u201c,,Du...kannst es auch. Es liegt dir im Blut\u201c, sagte Yuki und musterte Kim eingehend.,,Caelan du wirst an der Front gebraucht, k\u00f6nntest du nicht dorthin zur\u00fcckkehren, du siehst ja das es ihr gut geht\u201c,,Aber....na gut.\u201cCaelan musterte Kim und dann die K\u00f6nigin. Dann ging er.,,An die Front?\u201c,fragte Kim verwirrt.,,Ja...\u201cYuki sah weg, anscheinend nicht erfreut \u00fcber den Themenwechsel.,,Wir wurden bereits angegriffen.\u201c,,WAS?\u201cKim sa\u00df pl\u00f6tzlich kerzengerade in dem Krankenbett. Sie bemerkte, das sie in einer Krankenstation sein mussten.,,Sie kamen aus dem Wald, ein \u00dcberfall.\u201c Sie hielt inne.,,Wir wurden \u00fcberrannt\u201c,,Verdammt! Wieso weckt mich denn keiner und sagt mir etwas?\u201c, rief Kim entsetzt.,,Ich werde sofort an die Front gehen und helfen!\u201c,,Du wirst erstmal sch\u00f6n hierbleiben.\u201c Es war Yukon, der dies sagte.,, Mit dir m\u00fcssen wir reden.\u201cKim sah zwischen beiden hin und her.,,Aber...\u201cCaelan rannte vorw\u00e4rts. Der erste uniformierte der in seinem Weg stand bekam die Krallen ins Gesicht. Caelan schlug wild auf ihn ein, wutentbrannt und frustriert. Sie hatten es ihm gesagt, hatten ihm gesagt wer Kim wirklich war und das sie ihr das sagen wollten. Er wollte doch nur ein Paar Sekunden mit ihr haben um ihr sagen zu k\u00f6nnen, dass er sie liebt. Das sie, falls etwas schiefgehen sollte, wusste das er sie liebte, das sie wusste das er sich Sorgen gemacht hatte, das sie wusste das er an ihrem Bett geschlafen hatte, auch wenn es nur eine gebrochene Hand und eine leichte Gehirnersch\u00fctterung \u0001 \u0002 uniformierte Officer war tot und er suchte sich den n\u00e4chsten. Caelan sah ein Paar andere Wolfsmenschen, die sich verwandelt hatten , auf Officers springen und tat es ihnen gleich. Er verwandelte sich, sprang die n\u00e4chsten Officers blind an und tat was zu tun war, um die Wolfsstadt zu verteidigen.,,Du bist keine Auserw\u00e4hlte.\u201c,,Was?\u201c,,Du bist keine und du wirst es auch nie sein.\u201cYukon war hart und sagte es einfach und kalt.,,Du warst nie eine.\u201c,,Aber...Warum dann dieser ganze Quatsch?!\u201c,,Weil sie dachten du w\u00e4rst eine.\u201c,,Und warum dachten sie es?\u201cNun war es Yuki die erkl\u00e4rte, denn sie hatte Yukons kalte Miene satt.,,Sie haben einen Fehler gemacht. Du bist keine Auserw\u00e4hlte, sie waren verbl\u00fcfft und haben dich angelogen, als sie sagten du w\u00e4rest eine, weil sie es selber nur so erkl\u00e4ren konnten. Die Legende geht \u00fcber einen Auserw\u00e4hlten, aber nur einen. Da es pl\u00f6tzlich zwei waren, mit den gleichen \u0001 \u0002 sie nicht mehr was sie tun sollten.\u201cYuki strich \u00fcber Kims Hand.,,Aber sie nahmen es als gutes, dachten du w\u00e4rst eben doch auserw\u00e4hlt und haben sogar an der Legende gezweifelt. Aber du bist es nicht.\u201c,sagte sie sanft.,,Du bist so wie ich. Du bist eine Heilerin. Du hast das gleiche Blut wie ich und Yukon. Denn wir sind deine Eltern.\u201cKim erstarrte.,,Ich....Ihr...seid was?!\u201cSchockiert sah sie zwischen beiden hin und her.,,Das stimmt nicht, meine Eltern sind-\u201c,,Nicht die Menschen!\u201c,zischte Yukon. Er wirkte \u0001 \u0002 sch\u00fcttelte energisch den Kopf, w\u00e4hrend Tr\u00e4nen \u00fcber ihre Haut str\u00f6mten.,,Wie erkl\u00e4rt ihr das mit den Elementen?\u201c,fragte sie.,,Warum beherrsche ich mehr als nur eines?\u201c,,Weil du dich nicht spezialisiert hast, aber schon gewisse Elemente au\u00dfen vor gelassen hast, weil es begonnen hat. Du wirst dich auf ein Element spezialisieren.\u201c,erkl\u00e4rte Yuki sanft.,,Du bist kein Auserw\u00e4hlter, lern es endlich! Und deine menschlichen Eltern sind nicht deine Eltern! Sie haben dich nicht mal besch\u00fctzt, als sie es tun sollten!\u201c,rief Yukon nun, als er Kims Blick sah. Sie glaubte das nicht. Sie konnte es nicht, klammerte sich an das was sie bisher glaubte.,,Yukon, raus!\u201c,,Was?!\u201c,,Verschwinde und lass uns, und vor allem Kim in Ruhe!\u201c,rief Yuki und stellte sich sch\u00fctzend vor Kims Bett, worauf Kim sie verbl\u00fcfft \u0001 \u0002 ging.,,Kim sei ihm nicht b\u00f6se...Er ist nicht direkt sauer auf dich, eher auf den Fakt, das die Menschen dich uns wegnahmen und er es zulie\u00df.\u201c,erkl\u00e4rte sie.,,Ich bin ihm nicht b\u00f6se....Ich kann das alles nur noch nicht richtig glauben...Ich bin also keine Auserw\u00e4hlte? Was dann? Was macht mich speziell....speziell genug sodass du....Sie hier sind und mit mir reden?!\u201c,,Der Fakt das du meine verloren geglaubte Tochter bist und das du die gleichen F\u00e4higkeiten besitzt wie ich.\u201c,,....W-...was f\u00fcr F\u00e4higkeiten?\u201cKim lie\u00df die Eltern Sache weg, weil sie es verarbeiten musste.,,Du kannst dich in beide Formen verwandeln. Du wirst dich auf ein Element spezialisieren und dieses so gut beherrschen wie keiner zuvor. Du kannst, wenn du es lernen willst, alle m\u00f6glichen Verletzungen heilen. Du wirst die Auren der Leute sehen und sogar mit viel \u00dcbung in ihre K\u00f6pfe blicken k\u00f6nnen.....oder eher aus ihren Augen alles sehen.\u201c,,W....Was ist der Nachteil....Was ist der Nachteil an dem ganzen?\u201c,fragte Kim. Yuki hatte ihre Neugier geweckt und sie wollte wissen womit sie in n\u00e4chster Zeit wohl leben m\u00fcsste.,,Der Nachteil?\u201cYuki musterte sie verbl\u00fcfft.,,Du...\u00e4h..naja...Wenn du zu oft heilst oder anderen durch ihre Augen zusiehst, kann es passieren das du dein Element verlierst. Und Kopfschmerzen und geistige Instabilit\u00e4t geh\u00f6ren auch dazu.\u201c,,....Ok...Lass mich also mal zusammenfassen: Ich Kim, bin die Tochter der K\u00f6nige, der Wolfsmenschen, bin eine Heilerin wie Sie und....keine Auserw\u00e4hlte.\u201c,,Ja...Genau das bist du...\u201c,,Ok...\u201cKim musterte sie.,,Dann muss ich schnell lernen wie dieses Heilen funktioniert, denn hier gibt\u2019s sicherlich viele Verwundete oder?\u201cYuki nickte.,,Wir k\u00f6nnen es zumindest versuchen, auch wenn die Nachteile-\u201c,,Nachteile interessieren nicht, solange wir unsere Leute besch\u00fctzen k\u00f6nnen!\u201cYuki musterte Kim erstaunt, l\u00e4chelte.,,Dann lass uns anfangen.\u201c",
            "wordcount": "1.123",
            "chapter_release": "14.06.2013",
            "chapter_number": "13"
        },
        "14": {
            "text": "Heho :DErstes Kapitel in diesem Jahr und ich verpass auch noch den ganzen ersten Monat....Daf\u00fcr kommt diesen Monat noch ein zweites und vielleicht sogar noch ein drittes :D Tut mir echt Leid und ich habe auch keine Ausrede au\u00dfer Faulheit im Moment parat, aber das darf ich ja xD Nein, sorry :)Daf\u00fcr hoffe ich doch das dieses kapitel doch interessanter ist als es sich bei mir jetzt liest...naja...Ich glaube langsam sieht diese Story das Licht des Endes :)lg Lissa und viel Spa\u00df beim lesen____________________________________________________________________________14. Heilung, Liebe und der Plan,,Oh Heiliger....sind das viele!\u201c,stie\u00df Kim aus und musterte das notd\u00fcrftig errichtete Lazarett vor der Stadt. Yuki nickte nur und sah sich um.,,Am besten wir fangen erst einmal bei den leicht verletzten an, da du \u00dcbung brauchst und die schwer verletzten eh fast alle bewusstlos sind...\u201c,,M\u00fcssen sie denn wach sein?\u201c,,Wenn du sie heilen willst, ja\u201cKim nickte.,,Ok...Wo fangen wir an?\u201cYuki f\u00fchrte sie zu vier Betten mit jeweils einem Verletzten darauf.,,Seid gegr\u00fc\u00dft K\u00f6nigin.\u201c,sagten sie wie aus einem Munde. Yuki winkte ab.,,Meine Herren, w\u00e4re es okay wenn meine Tochter Ihnen beim Heilungsprozess Ihrer Wunden hilft?\u201cDie Vier nickten nur sprachlos.,,I-Ihre Tochter?!\u201c,fragte der \u0001 \u0002 nickte und deutete auf Kim, die verlegen hinter ihr stand.,,Komm, ich zeige dir wie du es machen musst.\u201cAm ersten Bett zeigte Yuki auf den jungen Mann.,,Der Arm?\u201c Er nickte.,,Kim setz dich neben ihn.\u201cKim setzte sich und sah Yuki dann fragend an.,,Und jetzt?\u201c Yuki hielt ihre H\u00e4nde \u00fcber Kims Arm und pl\u00f6tzlich sp\u00fcrte sie wie ihr Arm sich j\u00fcnger anf\u00fchlte. Wie als w\u00fcrde eine alte Wunde verheilen. Und pl\u00f6tzlich wusste sie wie man es tat. Yuki lie\u00df von ihr ab und Kim streckte automatisch ihre H\u00e4nde nach seinem Arm aus. Sie hielt sie kurz \u00fcber seine Wunde und konzentrierte sich, schloss die Augen. Wenig sp\u00e4ter h\u00f6rte sie ein erf\u00fclltes 'Ahhh' und \u00f6ffnete die Augen wieder. Der junge Mann sah sie mit leuchtenden Augen an.,,Danke,...Prinzessin.\u201cKim musterte ihn kurz und l\u00e4chelte dann sachte.,,War das gut?\u201c,fragte sie \u0001 \u0002 nickte erfreut und heilte die anderen beiden.,,Nimm du den letzten dann geht\u2019s weiter.\u201cKim widmete sich dem letzten, der gegen\u00fcber lag und eine h\u00e4ssliche Wunde am Bein hatte. Kim setzte sich neben ihn und legte die H\u00e4nde ganz ruhig auf seine Wunde. Er st\u00f6hnte kurz.,,Der Auserw\u00e4hlte ist ein guter K\u00e4mpfer.\u201c,sagte er.,,Ich habe neben ihm gek\u00e4mpft und er war einfach zu schnell f\u00fcr mich. Er hat s\u00e4mtliche Officers in der N\u00e4he einfach so au\u00dfer Gefecht gesetzt.\u201c,,Er k\u00e4mpft immer so wild.\u201c,murmelte Kim in Trance.,,Er ist doch ihr Freund oder?\u201c,fragte ein anderer, der von Yuki geheilt \u0001 \u0002 err\u00f6tete Kim und starrte die Wunde an um sich weiter darauf zu konzentrieren. Yuki kicherte leise worauf Kim sich auf die Lippe biss.,,Aaaargh!\u201c, rief jemand und Caelan drehte sich hektisch um. Er bemerkte Mike, der eines der Messer eines Officers in der Schulter hatte. Der Officer dem es geh\u00f6rte n\u00e4herte sich von vorn auf ihn zu. Doch bevor er angreifen konnte, war Caelan hinter ihm und schlug ihn bewusstlos.,,Warum?!\u201c,keuchte Mike nur doch Caelan sah schon wieder woanders hin.,,Verschwinde, lass dich heilen!\u201c,knurrte er und verschwand. ,,Kim geh und hol ein Paar Verb\u00e4nde! Beeil dich\u201c,rief Yuki und k\u00fcmmerte sich um die Blutung einer Frau mittleren \u0001 \u0002 hatte Kim welche parat und \u00fcberreichte sie Yuki.,,Hier! Ich k\u00fcmmere mich mal um d-\u201c Als sie sich umdrehte, bemerkte sie ihn. Er sah sie von seiner Pritsche aus an und schien in seinen Gedanken verloren zu sein. Er sah sie fast schon zuckers\u00fc\u00df \u0001 \u0002 seufzte nur kurz und ging zu ihm.,,Hast du also auch was abbekommen?\u201c,fragte sie m\u00fcrrisch.,,Tut mir Leid das ich getroffen wurde, ich konnte es leider nicht vermeiden\u201c,antwortete er.,,Naja....Ist ja auch egal. So wie's aussieht ist es deine Schulter?\u201c,,Ja...K\u00f6nntest du jemanden holen der sich das ansieht? Wenn du schon nicht mitk\u00e4mpfst.\u201cKim setzte sich neben ihn und legte die H\u00e4nde auf seine Schulter.,,Halt einfach die Klappe, wenns genehm ist, ja?\u201cStumm nickte er nur kurz und musterte sie. Dann jaulte er kurz auf.,,H\u00f6r auf mich so anzusehen!\u201c,zischte sie.,,Tut mir Leid...Aber...ich kann einfach nicht \u00fcber deine Sch\u00f6nheit hinweg sehen\u201c,,Und ich kann leider nicht \u00fcber den Schleim ausrutschen und bewustlos werden...\u201c,murmelte Kim.,,Was?!\u201c,,Du...Vergiss es....\u201cSie sah ihm f\u00fcr einen Moment in die Augen und er l\u00e4chelte.,,H\u00f6r auf damit!\u201c,,Was mach ich denn?\u201c,,Du flirtest mit mir\u201c,,Stimmt doch gar nicht.\u201c,,Stimmt sehr wohl...\u201c Dann nahm sie die H\u00e4nde von ihm, stand auf und ging Richtung Yuki.,,Kim?\u201c,,Was?\u201c,,Es tut mir Leid. Ich will nur das du wei\u00dft, dass ich dich immernoch liebe\u201c,,Ja, das wei\u00df ich...\u201c Damit ging Kim zur\u00fcck zu \u0001 \u0002 Abend versammelten sich Yuki, Yukon und Caelan, der der neue Anf\u00fchrer der Truppen war, im Versammlungsraum. ,,Der Feind ist zu stark, wir werden bald \u00fcberrannt....\u201c,murmelte Yukon.,,Die Verletzten werden mehr, du hast Recht...Aber was k\u00f6nnen wir tun?\u201c, fragte Yuki.,,Ich bin f\u00fcr einen Schlag ins Gesicht\u201c,murmelte Caelan.,,Daf\u00fcr haben wir nicht mehr genug Truppen\u201c,erwiderte Yukon.,,Und die Verletzten werden sich nicht so schnell erholen\u201c,f\u00fcgte Yuki hinzu.,,Aber was dann?! Wir m\u00fcssen ihnen zeigen, das wir mehr haben als nur diese Stadt hier.\u201c,,Vielleicht ja wenn wir sie reinlegen\u201c Alle drei zuckten zusammen. Dann drehten sie sich zu T\u00fcr und bemerkten Kim.,,Was machst du denn hier?\u201c,fragte Yukon.,,Ich bin hier, weil ich auch mithelfen will und wenn du was dagegen hast, dann geh doch\u201cYukon musterte sie erwiderte aber nichts.,,Wie meinst du das mit dem reinlegen?\u201cKim setzte sich neben Caelan.,,Naja, als sie mich ...\u00e4h...entf\u00fchrt haben sie von zwei Auserw\u00e4hlten geredet. Da es aber nur Caelan ist, k\u00f6nnte man sie reinlegen und einen zweiten losschicken der von einer anderen Position angreift und sie ablenkt w\u00e4hrend der Rest mit dem eigentlichen Auserw\u00e4hlten, also Caelan, den Schlag ins Gesicht ausf\u00fchrt.\u201c",
            "wordcount": "1.018",
            "chapter_release": "07.02.2015",
            "chapter_number": "14"
        },
        "15": {
            "text": "Halllooooo :D Wieder einmal ein kapitel hier. Gleich zum Anfang des Monats *yaaaaayy* :Dnaja, ich w\u00fcnsche den Lesern viel Spa\u00df beim lesen und bitte hier um eine Meinung zu meiner Story ;)lg Lissa___________________________________________________________________________15. Front gegen FrontKim zuckte zusammen als er sie von hinten umarmte.,,Wie geht\u2019s dir?\u201c,,Ich habe herausgefunden wer ich bin....Es geht mir demenstprechend...\u201c,,Wer bist du denn?\u201c,,Die Tochter der K\u00f6nige....\u201cSie drehte sich zu ihm und sah ihm verwirrt in die Augen.,,Was ist wenn sie mich nicht m\u00f6gen?\u201c,,Die anderen werden dich lieben!...Ich habe schon von ein Paar K\u00e4mpfern geh\u00f6rt, das du sie geheilt hast...Sie werden dich genau so aufnehmen wie sie Yu-...deine Mom aufgenommen haben\u201c,,Bist du sicher? Ich wei\u00df ja nicht mal was eine Prinzessin \u00fcberhaupt alles machen muss...Ich wei\u00df gar nichts \u00fcber unser Volk...\u201cEr umarmte sie und sie schmiegte sich an seine Brust.,,Ich bin die schlechteste Prinzessin die es je gibt.\u201cEr k\u00fcsste sie sanft auf ihr Haar und dr\u00fcckte sie an sich.,,Niemals...\u201c,,Wir k\u00f6nnen die Truppe nicht trennen, daf\u00fcr sind wir zu wenige...\u201c,,Ja, wenn wir auf der Seite des falschen Auserw\u00e4hlten zu wenig haben, dann kaufen sie es uns nicht ab.\u201c,stimmte Kim Yukon zu.,,Gibt es nicht noch irgendwo Wolfsmenschen, die uns einen Gefallen schulden oder so?\u201c,fragte Caelan.,,Hmmm...\u201c,machte Yukon und lie\u00df sich auf den gro\u00dfen Stuhl sinken. Der Konferenzsaal war viel zu gro\u00df f\u00fcr die Verh\u00e4ltnisse. Sie waren zu f\u00fcnft in dem Saal und der gro\u00dfe Tisch war nicht mal zur H\u00e4lfte besetzt. Yuki, Yukon, Caelan, Kim und ein Kurier. Kuriere wurden entsandt um wichtige Nachrichten an jede Front zu bringen.,,Es gibt einzelne Gruppierungen da drau\u00dfen, aber es ist zu gef\u00e4hrlich...\u201c,erkl\u00e4rte Yukon.,,Ach was...F\u00fcr die falsche Auserw\u00e4hlte wird\u2019s schon reichen! Ich gehe und suche sie\u201c,,Nein!\u201c,sprang Yuki ein.,,Ich habe dich einmal verloren, das mach ich nicht nochmal!\u201c,,...Das ist beschlossene Sache, ich gehe!\u201c,sagte Kim entschlossen.,,Und ich komme wieder.\u201c Damit marschierte sie \u0001 \u0002 r\u00fcckte die schwere R\u00fcstung zurecht und kroch dann durch einen Tunnel, den ein Erdbenutzer ihr erschaffen hatte. Er f\u00fchrte direkt nach drau\u00dfen. Dorthin wo sie die anderen Wolfsmenschen treffen w\u00fcrde. Kaum hatte sie den Tunnel verlassen, traf sie auf den ersten Officer. Mit einer Wucht, die sie nicht von sich erwartet h\u00e4tte, schlug sie ihm auf den Kopf und er fiel um. Dann rannte sie los. Immer schon war sie gut im rennen, schnell und zielstrebig. Nicht weit von ihr sah sie eine Baumgruppe, die ihr Schutz bot und auf die rannte sie zu. Als sie ankam \u00fcberpr\u00fcfte sie alles um sicher zu gehen, das sie wirklich einigerma\u00dfen sicher war, dann hockte sie sich hinter einen dicken Baum und holte die Karte heraus. Auf der waren genau drei Punkte markiert worden, die sie innerhalb k\u00fcrzester Zeit erreichen musste. Dort w\u00fcrden sich h\u00f6chst warscheinlich die anderen Wolfsmenschen befinden. Sie \u0001 \u0002 der N\u00e4he des Ersten Punktes h\u00f6rte sie schon ein tiefes Knurren. ,,Wer bist du und was willst du?\u201c,fragte eine Stimme von der Kim nicht ausmachen konnte wo sie herkam.,,Ich bin Kim. Ich bin die Tochter von Yuki und Yukon...Und...\u201c,,Die verschollene Prinzessin?\u201c,fragte eine andere Stimme.,,Ja, genau die! Ich m\u00f6chte um Hilfe bitten! Ihre Gruppe will bestimmt nichts mit uns zu tun haben, aber wir sind doch alle ein Volk und deswegen bitte ich darum uns bei dem Krieg gegen die Menschen zu helfen\u201c,,Ihr f\u00fchrt also diesen Krieg?\u201c,,Ja...Und ich w\u00fcnsche mir warscheinlich so sehr wie, dass er beendet wird. Aber ich m\u00f6chte auch nicht das unsere Art ausgel\u00f6scht wird.\u201c,,Warum sollten wir euch helfen? Das habt ihr genau so wenig damals.\u201c,,Ich bitte um Verzeihung, aber ich bin erst seit kurzem wieder zur\u00fcck bei...meinen Eltern und ich wei\u00df deswegen nicht was Sie meinen. K\u00f6nnten Sie mir das vielleicht erkl\u00e4ren?\u201c,fragte Kim und schluckte.,,Ganz einfach: Wir wollten nicht nach euren Regeln leben. Einmal Verwandeln im Monat ist Pflicht, mehr als Zehnmal ist verboten. Das ist Unterdr\u00fcckung!\u201c,knurrte die Stimme.,,Ihr habt uns rausgeschmissen.\u201c,,Ihr habt Recht. Diese Regel ist beschissen...\u201c,murmelte Kim.,,Ich werde daf\u00fcr sorgen das eure Stimmen anerkannt werdet und jeder sagen kann, was ihm nicht gef\u00e4llt!\u201c,,Das w\u00fcrdest du tun? Du w\u00fcrdest den Versto\u00dfenen einfach so helfen?\u201c,fragte eine alte Stimme.,,Nat\u00fcrlich! Auch wenn ihr versto\u00dfen worden seid, so seid ihr doch trotzdem ein Teil Unseres Volkes und ihr geh\u00f6rt doch dazu...\u201cDaraufhin herrschte Stille. Bis eine dunkle Gestalt, ein Wolfsmensch mit schwarzem Fell, die Lichtung, auf der Kim stand ,betrat. Und daraufhin kamen immer mehr von jeder Seite aus dem dunklen auf die Lichtung.,,Dann helfen wir\u201c,,Folgt mir. Wir m\u00fcssen noch zwei andere Gruppierungen treffen.\u201c,erkl\u00e4rte Kim dem Anf\u00fchrer der Gruppe.,,Wir folgen...\u201cEr zeigte auf die Karte.,,Der Punkt dort ist am schnellsten zu erreichen von hier.\u201c,,Okay, dann zuerst dorthin. Habt Ihr vielleicht einen schnellen Weg dorthin?\u201c,,Der Weg an der Klippe ist schnell, aber gef\u00e4hrlich...\u201c,,K\u00f6nntet ihr diesen Weg mit allen schaffen?\u201c,,Ja, nat\u00fcrlich, wir helfen einander.\u201c,,Dann los!\u201cBei der zweiten Gruppe wurden sie beinahe angegriffen.,,Wer seid ihr?\u201c,knurrte der Anf\u00fchrer von Gruppe 2.,,Wir sind nur Wolfsmenschen wir ihr auch!\u201c,erwiderte Kim sachte aber mit Nachdruck.,,Wir suchen Hilfe!\u201c,,Hilfe?!\u201c Der Wolfsmensch starrte sie an.,,Wir k\u00f6nnen nicht helfen!\u201cDer Anf\u00fchrer- John- der ersten Gruppe ber\u00fchrte Kim an der Schulter.,,Sie wollen nicht helfen, vielleicht sollten wir die andere Gruppe fragen und die hier lassen.\u201c Nerv\u00f6s zuckten seine Augen zu den anderen der zweiten Gruppe. Diese standen kampfbereit vor den anderen und knurrten leise. Kim biss sich auf die Lippe und sah sich um.,,Jeder kann helfen!\u201c,erwiderte sie dann und machte einen Schritt auf den Anf\u00fchrer der Gruppe Zwei zu.,,Denn wir sind ein Volk und wenn ihr nicht k\u00e4mpft wird unsere Rasse warscheinlich bald ausgel\u00f6scht werden! Also wenn ihr vern\u00fcnftig nachdenken k\u00f6nnt dann werdet ihr zu dem Schluss kommen, dass es vern\u00fcnftiger ist uns zu helfen, als gar nichts zu tun!\u201c Sie hatte gar nicht bemerkt das sie zwei weitere Schritte auf ihn zugeschritten war und immer lauter geworden war. Er sah sie z\u00f6gerlich an, drehte sich dann um und musterte seine Gruppe. Kim starrte ihn nerv\u00f6s an und sp\u00fcrte wie ihr Herz schnell und laut pochte.,,Na gut...\u201cGruppe Drei lag weiter weg und w\u00fcrde einen halben Tag dauern mit den beiden anderen Gruppen dorthin zu gelangen, deswegen machten sie eine Pause damit die erste Gruppe sich ausruhen und die zweite sich vorbereiten konnte. ,,Wie kam es eigentlich das ihr weg \u0001 \u0002?\u201c,fragte John.,,Ihr meint verschollen?\u201cEr nickte.,,Naja, meine...Mutter hat mir erkl\u00e4rt das kurz nach meiner Geburt ein Angriff der Officers alles ruiniert h\u00e4tte. Sie haben mich wohl irgendwie entf\u00fchrt und dann versucht in eine normale Familie zu stecken...\u201cUnd Experimente....jede Woche.,dachte \u0001 \u0002 sie selbst wusste nicht was diese Experimente mit ihr getan hatten. Ob sie sie ver\u00e4ndert hatten oder sie irgendwie beeintr\u00e4chtigten, wusste sie \u0001 \u0002 w\u00fcrde sp\u00e4ter mal ihre Mutter fragen.,,Und die Regeln sind wirklich so schlimm?\u201c,,Ich wei\u00df nicht ob sie sie ge\u00e4ndert haben aber seitdem wir diesen Angriff hatten...seitdem haben wir diese Regeln gehabt. Yukon hat sie eingef\u00fchrt damit wir nicht \u00fcberm\u00fcdet von den Verwandlungen sind...\u201c,,Man kann \u00fcberm\u00fcden wegen einer Verwandlung?\u201c,fragte Kim.,,Jap, so eine Verwandlung ist auch nach Jahren noch ziemlich kompliziert. Es ist nicht wie in Filmen. Nicht unbedingt schmerzhaft aber man muss sich viel konzentrieren\u201c,,Okay...Dann bin ich also voll normal...\u201c,lachte \u0001 \u0002 dritte Gruppe verhielt sich entsprechend der zweiten. Kampfbereit standen sie gegen\u00fcber Kim und den anderen.,,Hilfe?\u201c Er lachte.,,Hilfe f\u00fcr das K\u00f6nigreich?! Glaubt ihr wir sind bl\u00f6d? Nein! Warum sollten wir helfen, wenn ihr doch einfach nur euch selbst retten wollt?! Danach sind wir wieder die \u0001 \u0002?\u201c,,Nein! Ich habe es den anderen hier schon gesagt und ich sage es auch noch einmal! So wie ihr es mir erz\u00e4hlt, so bleibt das nicht! Das verspreche ich! Diese dummen Regeln werde ich abschaffen und diese Meinungen die ihr habt kommen ja nicht von gutem Handeln. Jeder soll seine Meinung sagen k\u00f6nnen und jeder soll sich miteinbringen k\u00f6nnen! Daf\u00fcr sorge ich! Egal was passiert\u201cNach Zwei Tagen kamen sie zur\u00fcck. Und als Kim als letzte durch den Tunnel kam, und mit den drei Gruppen in den Konferenzsaal platzte, starrten sie alle an.,,Du hast es tats\u00e4chlich geschafft\u201c",
            "wordcount": "1.400",
            "chapter_release": "04.04.2015",
            "chapter_number": "15"
        },
        "16": {
            "text": "Halloo :DSehr lange her , ich wei\u00df. Schlagt mich! :)Aber besser sp\u00e4t als nie, oder? Okay. Viel Spa\u00df mit dem Kapitel und...ja. viel Spa\u00df!lg Lissa______________________________________________________________________________________________________________________________________16. The Fight,,Ich liebe dich\u201c, sagte er und strich ihr einmal z\u00e4rtlich \u00fcber die Wange. Sie sah zu ihm auf und schluckte nerv\u00f6s.,,Ich habe Angst. Was, wenn der Plan nicht funktioniert?\u201c,,Er wird funktionieren!\u201c, erwiderte Caelan aber man konnte das eigene Misstrauen in seiner Stimme h\u00f6ren. Er sah hoch und an ihr vorbei, wo Kims Familie stand und sie beobachtete.,,Ich h\u00e4tte nur gern jemand anderen, als dich hier\u201c,,Wie meinst du das?\u201c Kim sah ihn geschockt und gekr\u00e4nkt an. Wollte er sie etwa nicht mehr?,,Ich m\u00f6chte nicht, dass dir jemand wehtut. Du k\u00f6nntest immerhin draufgehen.\u201c Er sah ihr in die Augen und schluckte. So ziemlich jeder um sie herum sah, dass auch er Angst hatte allerdings um sie und nicht um sich. Die Menge aus Wolfsmenschen sah zu ihnen und alle warteten auf Caelan. Sobald er sein Wort erheben w\u00fcrde, w\u00fcrde es losgehen. Der finale Kampf. Der Kampf, der alle retten oder t\u00f6ten k\u00f6nnte. Der Kampf, bei dem Caelan den Auserw\u00e4hlten in sich zeigen musste. Der Kampf vor dem beide unheimliche Angst hatten. Er machte einen Schritt zur\u00fcck und betrachtete Kim von unten bis oben. Sie trug eine metallene R\u00fcstung aus einem leichten Metall. Die Stiefel waren Hartleder und schwarz wohingegen ihre Hose aus Stoff war und grau schimmerte. Die raffinierte Technik, dass Metall unter dem Stoff zu verstecken zielte auf gro\u00dfen Schutz aus und nat\u00fcrlich auch darauf den Angreifer zu \u00fcberlisten. Sie trug eine schwarze Lederjacke bei der man das gleiche Prinzip wie bei der Hose angewandt hatte. Ihre Schultern geschm\u00fcckt von Metallplatten mit jeweils einem Wolf darauf. Sie trug eine Schwertscheide auf dem R\u00fccken und hatte ihre Haare geflochten. Er hingegen trug ausschlie\u00dflich schwere R\u00fcstung, die ihm aber nicht verlangsamte da er die H\u00e4lfte der Zeit eh in Wolfsgestalt verbringen w\u00fcrde. Er trug ebenfalls ein Schwert auf dem R\u00fccken, welches nicht zu lang war, sodass er es als Wolf w\u00fcrde nutzen k\u00f6nnen.,,Rede mit deinen Eltern und komm dann wieder her. Ich werde auf dich warten.\u201c, erkl\u00e4rte er und entlie\u00df sie ihrem \u0001 \u0002 drehte sich um und lief auf ihre Eltern zu, wobei sie die umstehenden Wolfsmenschen beobachtete. Sie erkannte die Gesichter der neuen, derer die sie rekrutiert hatte, und sie nickte ihnen zu. Aber auch den anderen l\u00e4chelte sie entgegen. Niemals w\u00fcrde sie zugeben, wie sehr sie Angst hatte. Das w\u00fcrde die umstehenden ver\u00e4ngstigen, oder? Sie sollte sie doch leiten, oder? Sie wusste auf beides keine Antwort, versuchte daher nur ihr bestes. Die Wolfsmenschen um sie herum hatten alle eine braune Lederr\u00fcstung an, die jedoch mit derselben Technik wie ihre R\u00fcstung verst\u00e4rkt waren. Manche trugen Helme, manche hatten Lanzen und viele hatten Schwerter, wobei man diese Sektion in Lang- und Kurzschwerter unterteilen konnte.,,Ich kann dich nicht gehen lassen\u201c Yuki schloss sie in eine lange Umarmung.,,Aber ich will und ich muss.\u201c, erwiderte Kim und sah zu ihrem Vater, der sie genauso mitf\u00fchlend ansah wie ihre Mutter sie dr\u00fcckte. Er mochte zwar hart gewesen sein, aber er liebte sie trotzdem. ,,Ich wei\u00df...\u201c Yuki l\u00f6ste die Umarmung und hielt Kim nun an den Schultern ungef\u00e4hr eine Arml\u00e4nge von ihr entfernt.,,Ich\u2026 m\u00f6chte dich nur nicht verlieren, wo wir dich doch erst wiederbekommen haben.\u201c,,Ich werde zur\u00fcckkehren. Versprochen!\u201c Kim l\u00e4chelte ihre Eltern an und diese sahen ihr tief in die Augen.,,Ich...\u201c Yuki z\u00f6gerte kurz, doch dann holte sie eine Kette hervor und hielt sie zwischen Kim und sich.,,Das ist eine Scherbe des Schildes meines Gro\u00dfvaters. Er hat ihn damals im ersten Wolfskrieg getragen und er hat ihn gerettet. Sie wird dich besch\u00fctzen.\u201c Damit \u00f6ffnete sie den Verschluss und legte Kim die Kette um. An ihrem Ohr hielt sie inne und fl\u00fcsterte:,,Falls du pl\u00f6tzlich Dinge sehen solltest, erschreck' dich bitte nicht. Du bist jetzt in der Phase in der du f\u00fcr Visionen und das Kelten zug\u00e4nglich bist\u201c Kelten, das schauen durch andere Augen, so hatte Yuki es ihr beim ersten Mal erkl\u00e4rt.,,Versuch' einfach so schnell wie m\u00f6glich aus der Vision oder dem Kelt herauszukommen.\u201cDann l\u00e4chelte sie ihrer Tochter entgegen und wie auf Kommando trat ihr Vater zu ihr.,,Ich wei\u00df, ich war nicht gerade der Vater der ich h\u00e4tte sein sollen...Aber.\u201c Er seufzte.,,Es tut mir Leid. Ich stehe unter gro\u00dfer Spannung und\u2026 Ich war \u00fcberrascht, dass du \u00fcberlebt hast.\u201c,,Dad.\u201c, seufzte Kim und legte eine Hand auf seine Schulter.,,Ich verstehe dich schon. Zum Anfang habe ich gedacht, es w\u00e4re ein schlechter Scherz. Ich hatte meine Eltern gerade verloren und meine Welt hat sich von Grund auf ver\u00e4ndert, und da kamt ihr und erz\u00e4hlt mir das ihr meine Eltern seid\u2026.Es war alles zu viel f\u00fcr mich. Ich konnte es einfach nicht glauben. Und nun\u2026.\u201cKim hob die H\u00e4nde und machte eine Geste f\u00fcr Gr\u00f6\u00dfe.,,Bin ich hier und...Ich bin Prinzessin, habe einen Freund, der ganz nebenbei der Auserw\u00e4hlte ist und ich habe diese krassen F\u00e4higkeiten, die aus der Familie stammen\u2026.Das ist alles einfach \u00fcberw\u00e4ltigend!\u201c Kim strahlte ihn an.,,Und ich bin stolz drauf!\u201cYukon sah sie strahlend an und zog sie dann ebenfalls in eine Umarmung. Aus den Augenwinkeln konnte Kim Yuki sehen, die sich heimlich eine Tr\u00e4ne wegwischte. Yukon l\u00f6ste sich und sah sie eindringlich an.,,Auch ich habe dir etwas f\u00fcr deine bevorstehende\u2026.Aufgabe zu geben.\u201c Er zog das Schwert aus seiner Schwertscheide, die an seiner H\u00fcfte baumelte und \u00fcberreichte es ihr.,,Es ist das Schwert, mit dem Wolfsk\u00f6nig Jurao der Zweite seinen Bruder Kuro t\u00f6tete, der sich den Menschen angeschlossen hatte\u2026.Es hat mir immer einen guten Dienst geleistet.\u201cKim nahm das Schwert und begutachtete es sanft, wobei sie langsam und vorsichtig \u00fcber das scharfe Metall strich. Dieses war mit Schn\u00f6rkeln verziert und auch der Griff war anders. Er war zwar schwarz, schimmerte aber tiefrot genau wie die Schn\u00f6rkel.,,Es ist wundersch\u00f6n. Danke.\u201cSie sah noch einmal beide eindringlich an, ehe sie sich dann umdrehte und zur\u00fcck zu Caelan schritt. Jeder machte ihr sofort Platz und sie alle wagten es nicht ihr ins Gesicht zu sehen, was Kim unangenehm war und was sie sofort \u00e4ndern w\u00fcrde, w\u00e4re sie nicht so \u0001 \u0002 zog sie in eine innige Umarmung, die er mit einem leidenschaftlichen Kuss unterstrich. Als Kim sich l\u00f6ste sahen sich beide kurz liebevoll an.,,Ich bin bereit!\u201cNicht wenig sp\u00e4ter schlich Caelan zu einem Unterschlupf direkt an der Front. Die Officer wussten hoffentlich nicht das sie da waren und so hoffte er, dass Kim ihren Plan durchziehen w\u00fcrde. Er m\u00fcsste nur die Quelle der Menschen, die Quelle ihrer Kr\u00e4fte, zerst\u00f6ren dann w\u00e4re der Krieg so gut wie gewonnen. Kim hatte herausgefunden, das die Officer mit einem speziellen wei\u00dfen Anzug ausger\u00fcstet waren, der verhinderte das sie gro\u00dfen Schaden nahmen und der gegen Wolfsmenschen sehr effektiv war. Jeder dieser Anz\u00fcge war jedoch mit einem Transponder versehen, der Energie aus der Zentrale in die Anz\u00fcge zog, sodass diese die Schutzbarriere aufrechterhalten konnten. Und auch ein Gro\u00dfteil der Waffen wurde so gesteuert oder verst\u00e4rkt. Caelan hoffte, dass er die Quelle dieser Macht \u00fcberhaupt erkennen w\u00fcrde k\u00f6nnen, denn wie sie aussah wussten sie \u0001 \u0002 lag neben ihm und informierte die K\u00f6nige und die milit\u00e4rischen Zust\u00e4ndigen \u00fcber die Situation. Die Gruppe aus gut 300 Wolfsmenschen hatte Gl\u00fcck gehabt das ein altes Versteck in der N\u00e4he der Basis der Officer lag. Um dorthin zu kommen hatten sie vier Tage gebraucht und ein R\u00fcckzug war praktisch ausgeschlossen, denn hinter ihnen war die n\u00e4chste kleine Basis, die sie auf dem Hinweg erfolgreich umgehen konnten. Sie sa\u00dfen also in der Falle und waren abh\u00e4ngig von Kim. Aber das Einzige was Caelan bedr\u00fcckte, war Kim allein. Er hatte Angst das sie get\u00f6tet werden k\u00f6nnte. Oder schlimmer, das man sie festnehmen und foltern w\u00fcrde. Und da er wusste wie Kim war, wusste er dass sie viele Dinge tun mussten um etwas aus ihr zu bekommen. Viele schmerzhafte Dinge.,,Wie geht es dir?\u201c, fragte Ellie und warf einen Blick aus einem kleinen dreckigen Fenster, dass die Basis der Officer zeigte.,,Schon besser, nach dem von gestern Abend...\u201c Caelan hatte eine Kugel abbekommen und man musste diese aus ihm herausoperieren. Ziemlich notd\u00fcrftig hatte man dann die Werkzeuge zusammengesucht. Aber das war der Krieg. Er hatte Gl\u00fcck das ein Arzt es \u00fcberlebt hat. Der Zwischenfall h\u00e4tte auch nicht passieren d\u00fcrfen. Die kleine Gruppe Officer war zuf\u00e4llig den gleichen Weg gegangen den die Jagdgruppe genommen hatte um Verpflegung zu besorgen. Gl\u00fccklicherweise dachten die Officer jetzt wohl, dass die Gruppe tot w\u00e4re.,,Das ist gut. Du brauchst deine Kraft.\u201c,,Du hast Recht. Ich hoffe Kim geht es gut.\u201c,,Das hoffen wir alle.\u201c,,Du wei\u00dft was ich meine, Ellie.\u201c,,Ja,\u2026 Aber wir brauchen sie.\u201c,,Wie werden wir die Sache angehen, Prinzessin?\u201c, fragte einer der W\u00f6lfe hinter \u0001 \u0002 hatten sich bereits alle in Kampfbereitschaft versammelt und warteten nur auf Kim. Diese atmete einmal durch und erkl\u00e4rt ihrer Gruppe aus 150 Wolfsmenschen dann ihren Plan.,,Wir werden sie attackieren. Und dabei werde ich diese R\u00fcstung hier tragen.\u201c Sie zeigte auf ihre R\u00fcstung, die schimmernd war. Ihr Schwert steckte hinten in der Schwertscheide.,,Diese R\u00fcstung steht normalerweise nur dem Auserw\u00e4hlten zu, aber da man mich ebenfalls f\u00fcr einen Auserw\u00e4hlten h\u00e4lt\u2026 werde ich die Officer ablenken. Wir werden ihre ganze Aufmerksamkeit auf und ziehen.\u201c auf der anderen Seite der Basis hatten sie kein Versteck. Die Viertagesreise hatte sie alle etwas Kraft gekostet, aber alle waren bereit Kim zu folgen.,,Sind wir bereit f\u00fcr unseren Sieg?\u201c, fragte Kim herausfordernd in die \u0001 \u0002 Schreie kamen von fast jedem zur\u00fcck. Sie w\u00fcrden k\u00e4mpfen.,,Dann los!\u201c Damit drehte sie sich um, atmete einmal aus. Sie gab das Zeichen an die andere Gruppe und ihre Eltern weiter. Dann rannte sie auf die Basis zu.",
            "wordcount": "1.629",
            "chapter_release": "29.07.2016",
            "chapter_number": "16"
        },
        "2": {
            "text": "2. Raus hier!Am n\u00e4chsten Tag. Es war bereits Mittag. Die beiden wurden durch ein lautes Scheppern geweckt. Ein Wunder das durch die dicke Eisent\u00fcr auch nur ein Ton durchkam.,,Was war das?\u201c,fragte Caelan unruhig. Er stand auf und ging zur \u0001 \u0002 sein Ohr an \u0001 \u0002 stand ebenfalls \u0001 \u0002 reckte sie sich erst einmal.,,Vielleicht hat ja jemand etwas fallen gelassen....\u201c,murmelte sie.,,Es hat sich angeh\u00f6rt als w\u00fcrde da jemand k\u00e4mpfen.\u201c,widersprach \u0001 \u0002 wog mit dem Kopf.,,Wenn du meinst...\u201c,,\u0001 \u0002 will hier raus!\u201c,rief Caelan pl\u00f6tzlich.,,Hey bleib locker!\u201cCaelan wandte sich zu \u0001 \u0002 harten Augen wurden pl\u00f6tzlich weich und sie starrten sich kurz \u0001 \u0002 das etwas passierte. Da riss jemand die T\u00fcr auf und schrie:,,Raus hier! Folgt Doug!\u201cEin Mensch! Oder doch ein Wolf?!Er sah aus wie ein Wolf...doch stand er auf beiden Hinterbeinen und konnte reden...Ganz anders als die Wolfsmenschen von den Menschen vermutet wurden. Auch das war f\u00fcr Kim und Caelan \u0001 \u0002 sie rannten hinaus. Sie folgten Doug der auf sie gewartet hatte.,,Ist der Angriff schon jetzt?\u201c,fragte Caelan.,,Ja!\u201c,antwortete Doug und bog ab. Die beiden hinterher. Kim blieb \u0001 \u0002 und h\u00f6rte den beiden nur \u0001 \u0002 bog Doug ab und Kim verlor sie \u0001 \u0002 kamen am letzten Kontrollpunkt an und Doug sprang \u0001 \u0002 sich in einen gro\u00dfen graubraunen \u0001 \u0002 t\u00f6tete er die Soldaten die dort waren und verwandelte sich \u0001 \u0002 \u00f6ffnete er die T\u00fcr und heulte kurz \u0001 \u0002 heulen kam zur\u00fcck und er lief weiter. Kim und Caelan folgte ihm \u0001 \u0002 Paar andere ihrer Sorte schlossen sich ihnen an und auch Wolfsmenschen. Irgendwann kamen sie dann im Wald an.,,Da kommen noch Soldaten!\u201c,rief Doug und hielt inne.,,Mark! Du bringst die Auserw\u00e4hlten und die anderen zum Lager! Ich halte die Soldaten auf!\u201c,,Aber-\u201c,,Kein aber! Ich bin der Anf\u00fchrer unserer Gruppe! Los jetzt!\u201c,,Ja Sir!\u201c Damit wandte sich Mark um.,,Kommt mit mir!\u201cUnd schon rannte er los. \u0001 \u0002 und die anderen folgten ihm. Es waren rund 10 Wolfsmenschen die sie aus dem Labor geholt hatten und 5 weitere Wolfsmenschen \u0001 \u0002 kamen sie auch schon an.,,Wow!\u201c,meinte Kim nur und machte gro\u00dfe Augen. Caelan sah sie nur missbilligend an doch auch er bewunderte das Lager.,,Das ist nur das Zwischenlager! Sucht euch einen Platz und macht es euch nicht zu gem\u00fctlich!\u201c,rief Mark und etwas sagte \u0001 \u0002 er gerne \u0001 \u0002 sah Caelan kurz an ehe sie sich einen Platz suchte. Unter einem Baum machte sie es sich gem\u00fctlich und legte ihre Jacke auf das Moos. Sie setzte sich.,,Kann...ich hier bleiben?\u201c,fragte Caelans Stimme.,,Die anderen sind schon so voll und das ist hier wirklich ein sch\u00f6ner Platz!\u201c,,\u00c4hm....ja klar! Kannst du!\u201c,meinte Kim nur und \u0001 \u0002 setzte sich neben sie und schaute gen Himmel. Durch die B\u00e4ume war ihm aber die Sicht versperrt und so sah er in den Wald \u0001 \u0002 bemerkte er das Kim \u0001 \u0002 zog er seine Jacke aus und gab sie ihr.,,Nein behalt mal!\u201c,,Nimm ruhig! Ich brauch sie eh nicht!\u201c,beharrte \u0001 \u0002 nahm Kim sie entgegen und zog sie \u0001 \u0002 war es nun Abend und die beiden schliefen.",
            "wordcount": "546",
            "chapter_release": "14.06.2013",
            "chapter_number": "2"
        },
        "3": {
            "text": "3. Trainiere dich zu verwandeln!Am n\u00e4chsten Morgen wurden sie unsanft geweckt. Durch einen kr\u00e4ftigen Schrei wachten sie auf. ,,Was zum....?!\u201c,fing Kim \u0001 \u0002 dann bemerkte sie etwas. Caelans Hand lag auf ihrer. Sie starrte ihn \u0001 \u0002 ebenfalls. Ihre Blicke kreuzten sich und die Zeit schien stehen zu bleiben.,,Hey! Kommt Training steht an!\u201c,rief Mark \u0001 \u0002 beiden sahen ihn nur kurz an ehe sie sich aufrappelten und zu ihm rannten.,,Wie Training?!\u201c,fragten beide. Kim war rot geworden und meidete Caelans Blick.,,Wir werden hier anfangen euch zu trainieren! Euch alle! Wie ihr euch ohne Schmerzen und Selbstseinsverlust verwandelt. Wie ihr k\u00e4mpft!\u201c,erkl\u00e4rte Mark.,,Gut dann fangen wir mal an!\u201c,rief Caelan aus und machte eine Siegesfaust.,,Zieht euch um!\u201c,,Umziehen?! Warum?\u201c,fragte ein \u0001 \u0002 neben Kim stand.,,Weil eure Sachen euch nicht helfen werden!\u201c,knurrte Mark.,,Und eins noch! Wenn ich etwas sage dann wird das auch ohne Wiederworte gemacht! Verstanden?\u201cDas M\u00e4dchen nickte \u00e4ngstlich.,,Dort dr\u00fcben! Die Wolfsmenschen werden euch helfen und euch die richtigen Sachen geben!\u201cKim sah zu einem Zelt. Drei Wolfsmenschen standen darunter und sahen erwartungsvoll in die Runde. Ein ziemlich junger sah ihr direkt in die \u0001 \u0002 wurde rot und wandte sich ab.,,In zehn Minuten seid ihr fertig!\u201c,rief Mark noch ehe alle anfingen wie wild \u0001 \u0002 Zelt zu \u0001 \u0002 und Caelan liefen gem\u00fctlich dahin und stellten sich \u0001 \u0002 kam Kim \u0001 \u0002 der junge Wolfsmensch hatte sie erwischt. Er musterte sie kurz und w\u00fchlte dann in einer Kiste herum.,,Wie hei\u00dft du?\u201c,fragte Kim z\u00f6gernd.,,Mike...\u201cMonoton w\u00fchlte er \u0001 \u0002 Kim entdeckte einen Touch Stolzheit in seiner Stimme.,,Netter Name....\u201c,,Danke!\u201c,meinte er und richtete sich auf. Er sah ihr direkt in die Augen und l\u00e4chelte unbeholfen.,,Und du bist?\u201c,,Kim....Kim Seaford.\u201c,,Sch\u00f6ner Name!\u201cKim lachte.,,Danke!\u201cEr \u00fcberreichte ihr einen \u0001 \u0002 graue \u0001 \u0002 braunen Lederhut und zwei Eisen Ringe.,,Wozu diese...Ringe?\u201c,fragte sie.,,\u00c4hm...Das sind Armreife. Die helfen beim schmerzlosen verwandeln...\u201c,erkl\u00e4rte Mike und Kim bemerkte das auch er diese Dinger trug. Sie besa\u00dfen einen Verschluss damit sie enger lagen und man sie nicht mehr so leicht abbekam.,,Die Sachen m\u00fcssten dir passen.....\u201c,murmelte \u0001 \u0002 nickte. ,,Wie kann man denn verlangen das wir uns hier einfach so umziehen?!\u201c,fragte das \u0001 \u0002 vorhin \u0001 \u0002 verdrehte nur die Augen und zog sich ihr wei\u00dfes T-shirt \u00fcber den \u0001 \u0002 reichte ihr den Harnisch und sie zog ihn \u00fcber.,,Hier!\u201c,,Oh danke!\u201c,meinte Kim und nahm den Haargummi von Mike \u0001 \u0002 beobachtete die beiden.,,Hey du!\u201c,sagte das M\u00e4dchen.,,Was?\u201c,herrschte er sie an.,,Wie ist dein Name?\u201c,,Caelan Storm...und du bist?\u201c,,Julie Fuego...Kannst du dir vorstellen das diese Idioten mich einfach meiner Familie weggenommen haben?! Ich hasse diese Typen...immerhin bin ich reich!\u201cWas f\u00fcr eine Tussi!,dachte sich Caelan und sch\u00fcttelte kurz den Kopf ehe er sich ebenfalls einen Harnisch \u00fcberzog. Er zog sich die schwarze Baumwollhose an und wartete auf den Wolfsmenschen.,,Nein kann ich nicht....da ist doch nichts dabei!\u201c,antwortete er \u0001 \u0002 stellte sich gerade hin und hob einen Finger. Tadelnd blickte sie ihn an und sagte:,,Das kann doch nicht dein Ernst sein!\u201cCaelan verdrehte nur wieder die Augen und widmete sich dem \u0001 \u0002 befestigte die Armreifen an seinen beiden Handgelenken und \u00fcbergab ihm den \u0001 \u0002 Minuten \u0001 \u0002 stand neben Mike und Julie. Caelan neben Julie und einem etwas breiterem Jungen.,,Ok! Na dann mal los! Jeder von euch bekommt einen Wolfsmenschen der euch die ganze Zeit begleiten wird. Aber zuerst will ich das ihr euch vorstellt! Du da! Fang an!\u201cEr zeigte auf den breiten Jungen.,,Kevin McCarthy...\u201c,stotterte dieser.,,Der n\u00e4chste!\u201c,,Caelan Storm.\u201c,,Julie Fuego.\u201c,,Kim Seaford!\u201c,,Mike Rutherford.\u201c,,Jameson Knegs.\u201c,,Harper Lessla.\u201c,,Fabrice Demix.\u201c,,John Raglan.\u201c\u0001 \u0002 interessant \u0001 \u0002 \u0001 \u0002 sahen sich \u0001 \u0002 die Farbe der Sachen war \u0001 \u0002 bekamen alle einen Partner.,,Caelan mit John! Und Kim mit....Mike!\u201cAlle verteilten sich auf der Lichtung nur Mike zerrte Kim weiter in den Wald.,,Was soll das?!\u201c,,Ich will nicht das die anderen dich ablenken!\u201c,erkl\u00e4rte Mike und zog weiter an \u0001 \u0002 trainierten sie ein bisschen wie man sich verteidigte. Kim schlug sich gut und so schlug Mike nun \u0001 \u0002 der Verwandlung anzufangen.,,Wei\u00dft du was mir geholfen hat?\u201c,,\u0001 \u0002?\u201c,,Wenn ich an jemanden ganz besonderen \u0001 \u0002 es besser...\u201c Mike l\u00e4chelte.,,Ok....aber ich habe niemanden der mir besonders...wertvoll ist....\u201c,,Dann....denk an etwas was dir gro\u00dfen Spa\u00df macht oder was du liebend gern tust....vielleicht geht das ja auch...\u201c,,Aber...eine Frage hab ich noch....wie verwandele ich mich?\u201c,,...\u201cMike \u0001 \u0002 nahm er ihre Hand und l\u00e4chelte als er ihr erschrockenes Gesicht sah.,,Hab keine Angst! Ich werd' dich schon nicht fressen!\u201c,,Bist du dir da sicher?!\u201c,fragte Kim und l\u00e4chelte sch\u00fcchtern.,,Jap!\u201cMike l\u00e4chelte \u0001 \u0002 strich ihr eine \u0001 \u0002 \u0001 \u0002 dem Gesicht und l\u00e4chelte noch sch\u00fcchterner als sie. Er stellte sich hinter sie und sagte:,,Schlie\u00df die Augen Kim!\u201cKim schloss sie und dachte an ihre Lieblingst\u00e4tigkeit. \u0001 \u0002 sp\u00fcrte ein Stechen. \u00dcberall schmerzte es ein \u0001 \u0002 unsp\u00fcrbar doch war es \u0001 \u0002 \u00f6ffnete die Augen und erschrak als sie bemerkte das sie kleiner war. Nicht allzu \u0001 \u0002 \u0001 \u0002 sah ihn verdutzt \u0001 \u0002 l\u00e4chelte und meinte:,,Super! Na...jetzt m\u00fcssen wir nur noch den Kampf \u0001 \u0002 du verwandelt bis...\u201cSie nickte und rannte etwas \u0001 \u0002 frei f\u00fchlte sie sich schon lange nicht mehr. In ihrer Stadt wurden sie durch eine Mauer von der Au\u00dfenwelt getrennt und doch verwandelte sie \u0001 \u0002 fragte sie sich langsam warum sie. Warum hat sie sich verwandelt obwohl sie doch gar keinen Kontakt mit Wolfsmenschen hatte?,,Ich soll dich noch \u00fcber etwas \u0001 \u0002!\u201c,meinte Mike irgendwann und sie rannte zu \u0001 \u0002 half ihr sich zur\u00fcck zu verwandeln und fing dann an.,,Kim! Mark vermutet du bist eine der zwei Auserw\u00e4hlten...Und Doug auch!\u201c,,Was?!\u201c,,Doug hat eure Blutwerte untersucht. Deine und Caelans. Er hat Mark \u0001 \u0002 habt beide schon von Beginn eures Lebens das Blut eines Wolfsmenschen in euch...Ich vertraue ihm und seinen Untersuchungen...Wir suchen schon seit Jahrzehnten nach euch! Wenn ihr wirklich die Auserw\u00e4hlten seid dann....dann werdet ihr uns retten!\u201cKim sah ihn unentschlossen an.,,Ist das hier alles Real?\u201c,fragte sie sich.,,\u0001 \u0002 ist real.\u201c,,Und...was macht uns so besonders?!\u201c,,Erstens habt ihr von Anfang eures Lebens bis ende Wolfsblut in eurem Blut. Als zweites habt ihr alle F\u00e4higkeiten die normalerweise nur einzeln ausge\u00fcbt werden k\u00f6nnen. Das hei\u00dft das ich zum Beispiel nur die F\u00e4higkeit habe die Luft zu kontrollieren...Du kannst alle vier Elemente und die anderen zwei F\u00e4higkeiten kontrollieren und ausf\u00fchren...musst sie dir aber genau wie ich aneignen...\u201c,erkl\u00e4rte Mike liebevoll.,,Und...was sind das f\u00fcr F\u00e4higkeiten? Ich meine au\u00dfer die Kontrolle der vier Elemente...\u201c,,Dazu kommt noch die Kontrolle der Zwischenelemente...wie \u0001 \u0002,Lava und Sturm... Die dritte und letzte F\u00e4higkeit ist das man sich in einen Menschenwolf verwandeln kann...Also so wie ich...\u201c,,Und warum hast du zwei F\u00e4higkeiten?\u201c,,Weil ich einer der wenigen seltenen Wolfsmenschen bin die zwei kontrollieren k\u00f6nnen...\u201cMike kam Kim n\u00e4her. Sie reagierte nicht darauf blieb nur auf dem Gras sitzen und spielte mit ihrem Haar.,,Ich hoffe du vergisst mich nicht wenn wir im Hauptlager sind...\u201c,fl\u00fcsterte Mike.,,Werde ich \u0001 \u0002!\u201cDann kam er ihrem Mund n\u00e4her. Er schloss die Augen. Doch Kim wich zur\u00fcck. Sie wollte nicht das alles so schnell ging.,,Tut mir Leid!\u201c,,Wir m\u00fcssen zur\u00fcck! Du hast alles gelernt...\u201c,meinte Mike nur stumm und verschwand. Kim folgte ihm.",
            "wordcount": "1.284",
            "chapter_release": "14.06.2013",
            "chapter_number": "3"
        },
        "4": {
            "text": "Hey Leute!Noch keine Reviews und schon 4 Kapitel?! Jetzt bin ich aber beleidigt:( Es zieht mich schon ein bisschen herunter....das noch keine Reviews da sind...und hoffe das ihr wenigstens ein Mitleids Review hinterlasst....Ich bitte nur um Reviews...was daran steht ist mir egal...sgat mir nur eure ehrlich Meinung und vlt noch \u0001 \u0002 ihr welche habt.....Viel Spa\u00df bei diesem Kapitel!lg Kate_______________________________________________________________4. Was k\u00f6nnt IHR?!,,So!\u201c,rief Mark als alle sich versammelt hatten.,,Wir werden jetzt weiter ziehen! Packt eure Sachen ein und seht zu das ihr euren Partner wiederfindet!\u201cKim ging und holte ihre Jacke. Sie wollte sie nicht \u0001 \u0002 in ihr noch ein kleines Messer versteckt \u0001 \u0002 zog sie \u00fcber die Lederr\u00fcstung und ging dann zu Mike.,,Wir m\u00fcssen noch \u0001 \u0002!\u201c,erkl\u00e4rte er.,,Pack mal mit an!\u201c,,Ja klar!\u201cUnd schon halfen die beiden das Zelt abzubauen.,,Komm Kim! Wir m\u00fcssen los!\u201cLangsam aber sicher entfernten sie sich von den anderen.,,Mike?\u201c,,Ja?\u201c,,Wohin gehen wir jetzt?\u201c,,Zum Zwischenlager Nummer Zwei!\u201c,,Lernen wir dort auch?\u201c,,Ja.\u201c,,Mike? Warum bist du so kalt?\u201c,,Kalt?\u201c,,Ja! Seit dem auf der \u0001 \u0002 du dich mir gegen\u00fcber...einfach kalt!\u201c,,Du willst dem was passiert ist keinen Namen geben richtig?\u201c,,\u0001 \u0002 gesagt nicht....\u201c,,Warum?\u201c,,Ich....wei\u00df nicht...Mike! Du kannst nichts daf\u00fcr! Ich wollte nur nicht das es so schnell geht!\u201c,,Also k\u00f6nntest du dir eine Beziehung mit mir vorstellen?\u201c,,...Ja! Ja ich glaube schon.\u201cMike drehte sich zu Kim um.,,Meinst du das ernst?\u201c,,Ja!\u201c,,Also willst du es mit mir versuchen?\u201c,fragte er nun wieder sanft.,,Ja!\u201cIhren Worten kam ein Nicken dazu und sie \u0001 \u0002 \u0001 \u0002 sich um und lief \u0001 \u0002 sp\u00e4ter.,,Hey!\u201c,,Oh! Hey Caelan!\u201c,,Wie geht\u2019s dir Kim?\u201c,,Super!\u201cSie l\u00e4chelte Mike an.,,Und dir?\u201c,,Auch super!\u201c Sanft l\u00e4chelte er sie an und wurde etwas rot als sie ihm in die Augen sah.,,Wir sind da!\u201c,sagte Mike pl\u00f6tzlich und riss beide aus dem Moment.,,Hier siehts ja genau so aus wie in dem letzten!\u201c,meinte Kim und nickte kurz \u0001 \u0002 lachte.,,Ja! Zwischenlager sehen immer so aus. Aber wenn deine Reaktion hier schon so au\u00dfergew\u00f6hnlich \u0001 \u0002 wird sie dann erst beim Hauptlager sein?\u201c,,Da fall ich bestimmt aus den Socken!\u201c,lachte Kim und fiel ihm in die \u0001 \u0002 sah den beiden stumm zu. Was ist das denn jetzt f\u00fcr ein Gef\u00fchl in meinem Herzen?!,fragte er \u0001 \u0002 senkte den Kopf und folgte \u0001 \u0002 zog sich und Kim zum Hauptplatz des ganzen Lagers.,,Dort dr\u00fcben meldet ihr \u0001 \u0002 wir wissen ob alle da sind!\u201c,herrschte Marks Stimme wieder.,,Komm Kim!\u201cDie beiden gingen zu einem kleinen Zelt.,,Wer seid ihr?\u201c,,Kim Seaford und Mike Rutherford!\u201c,,Gut! Hier!\u201cDer kleine braungebrannte \u0001 \u0002 der \u0001 \u0002 den beiden eine Nadel.,,Was sollen wir damit?\u201c,fragte Kim.,,Euch piksen und dann den Finger darauf!\u201c,,\u00c4hm! O-ok....\u201c,,Soll ich \u0001 \u0002?\u201cSie sah ihm forschend in die Augen.,,Ja...bitte!\u201cSo tat er es. Kim zuckte etwas \u0001 \u0002 dann merkte sie Mikes Lippen auf ihrer Stirn und musste \u0001 \u0002 dr\u00fcckte er ihren Zeigefinger auf das Blatt \u0001 \u0002 er sich selbst pikste und das selbe nochmal machte.,,Gut! Ihr k\u00f6nnt euch nun auf dem Platz da einen Platz f\u00fcr eure Rast suchen!\u201c Er zeigte auf eine \u0001 \u0002 und Kim gingen Hand in Hand zu dem Platz und Mike setzte sie dort ab.,,Ich muss noch einmal mit Mark reden!\u201c,meinte er und \u0001 \u0002 Abend kam er wieder. Kim hatte sich mit Caelan unterhalten und spielte nun mit ihm ein Spiel. ,,Hey Kim!\u201c,,Mike!\u201c,rief sie erfreut \u0001 \u0002 auf und ging auf ihn \u0001 \u0002 umarmte sie.,,Hallo Caelan!\u201c,,Hallo!\u201cM\u00fcrrisch wandte er sich ab.,,Hast du schon gewusst das Doug hier ist?\u201c,,Doug ist hier?\u201c,,Ja! Ich habe ihn vorhin gesehen.\u201c,,Kann ich mit ihm reden?\u201c,,Ja! Morgen! Ich hab ein Treffen ausgemacht.\u201c,,Super!\u201c,,Na komm! Es ist sp\u00e4t! Wir gehen schlafen!\u201cSie legte sich auf ihre Jacke und Mike machte es sich neben ihr \u0001 \u0002 schlief sie \u0001 \u0002 beobachtete sie noch eine Weile. Er hatte es sich in der N\u00e4he bequem gemacht und sa\u00df auf seiner \u0001 \u0002 er auch mitgenommen hatte.,,Hey! Heeeeeey!\u201c,,Was?! Hm? Was willst DU denn von mir?!\u201c,,Na was wohl! Ich will das du mich so behandelst wie der da Kim behandelt!\u201c,erkl\u00e4rte Julie.,,Was?! Nein!\u201c,,Doch! Jetzt mach es mir doch nicht so schwer!\u201cSie nahm seinen Arm und legte ihn sich \u00fcber die Schulter.,,Ist doch ganz \u0001 \u0002!\u201c,,Was!?\u201c Er verdrehte die Augen und zog seinen Arm zur\u00fcck.,,Pff...Schlaf gut!\u201c,meinte Julie und legte sich neben ihm \u0001 \u0002 starrte sie an. Das ist nicht ihr ernst!,dachte er sich und legte sich schlussendlich auch hin.,,Steh auf Kim! Es ist Morgen!\u201cKim st\u00f6hnte.,,Was? Schon?\u201c,,Jaha!\u201c,lachte Mike und half ihr hoch.,,Komm! Jetzt trainieren wir!\u201cAuch Caelan stand \u0001 \u0002 lie\u00df er Julie neben sich einfach liegen.,,Ok! Heute wollen wir herausfinden wer von euch zu welcher F\u00e4higkeitengruppe geh\u00f6rt!\u201c,erkl\u00e4rte Mark.,,Dort k\u00f6nnt ihr drei Zelte sehen! An jedem kann man pr\u00fcfen ob man die F\u00e4higkeit die dort vertreten \u0001 \u0002 kann oder nicht!\u201c Dann erkl\u00e4rte er das F\u00e4higkeitensystem noch einmal.,,An Zelt eins k\u00f6nnt ihr pr\u00fcfen ob ihr eines der Vier Hauptelemente beherrscht. An Zelt Zwei k\u00f6nnt ihr pr\u00fcfen ob ihr eines der Zwischenelemente beherschen k\u00f6nnt und an Zelt Drei k\u00f6nnt ihr pr\u00fcfen ob ihr die H\u00f6here Verwandlung drauf habt!\u201c,,Kim! Du wirst einen Begleiter hierf\u00fcr haben...Ich kann nicht mit...Tut mir Leid!\u201c,,Aber...\u201c,,Nein! Hier! Das ist Ellie Dark! Sie wird dich begleiten und alles mitschreiben!\u201cEllie Dark. Eine Braunhaarige mit gr\u00fcnen Augen. Sie war die erste die Kim \u0001 \u0002 als Mensch durch die Gegend \u0001 \u0002 ein Wolfsmensch war. Sie schien wirklich nett.,,Hallo Kim!\u201c,,Hallo!\u201c,,Wir sehen uns nachher Kim! Versprochen!\u201c,,Ok! Bis nachher!\u201cUnd schon gingen sie los. Caelan begleitete die beiden.,,Beginnen wir mit Zelt Zwei!\u201c,schlug Ellie vor.,,Ja klar!\u201cUnd schon begann der erste 'Test'.,,Hier probiert ihr einen dieser Gegenst\u00e4nde zu bewegen...\u201c,erkl\u00e4rte einer der \u0001 \u0002 erste war Stahl. Caelan wagte sich an ihn und entspannte sich einfach. Pl\u00f6tzlich bewegte sich der \u0001 \u0002 versuchte \u0001 \u0002 bei ihr bewegte sich nichts.,,Diese Auserw\u00e4hlten....k\u00f6nnen die alles von jeder F\u00e4higkeit?\u201c,fragte Caelan.,,Nein! H\u00f6chstens Zwei soweit wir wissen....\u201c,antwortete \u0001 \u0002 hatte nun einen Beh\u00e4lter mit Lava vor sich.,,Wo kriegt man denn Lava her?\u201c,fragte Kim neugierig.,,Naja...von einem Vulkan zum Beispiel.\u201cSie nahm sich das Holz und entspannte \u0001 \u0002 wie Caelan es \u0001 \u0002 es verformte sich. Kim l\u00e4chelte. Und Ellie schrieb wieder etwas \u0001 \u0002 sah ihr zu.,,Super!\u201c,,Danke! Du warst auch nicht schlecht vorhin!\u201cEr l\u00e4chelte sch\u00fcchtern und widmete sich einer Leeren Station.,,Was soll das?\u201c,,Hier musst du versuchen Sturm aufkommen zu lassen\u201c,,Ok!\u201cEr konzentrierte \u0001 \u0002 nichts passierte. Nun probierte Kim es und bei ihr tat sich etwas. Ein kleiner Sturm baute sich vor ihr \u0001 \u0002 schrieb wieder etwas als ein kleiner Blitz ihren Bleistift zerst\u00f6rte.,,Entschuldige!\u201c,sagte Caelan.,,Ist schon ok! Ich hab noch einen!\u201c,,Wow! Du bist faszinierend Caelan!\u201c,meinte Kim.,,Danke!\u201cKim probierte es auch aus doch bei ihr entstand kein \u0001 \u0002 gingen zu Station Eins.,,Hey Caelan! Guck mal!\u201c,tusste Julie ihn \u0001 \u0002 verdrehte die Augen und sah sie kurz an.,,Aha! Toll!\u201c,,Es gef\u00e4llt dir?\u201c Sie spielte ein bisschen mit ihrem \u0001 \u0002 sie beherrschte \u0001 \u0002 wandte sich ab und probierte es nun selbst \u0001 \u0002 ihm bewegte sich das Wasser nicht.,,Hast wohl eine kleine neue \u0001 \u0002?\u201c,grinste Kim.,,Ach! Lass das!\u201c,,Ist schon okay!\u201c,meinte Kim.,,Ich sags nicht mehr...zumindest nicht in deiner Anwesenheit!\u201c Sie grinste. Doch er wusste das sie nichts sagen \u0001 \u0002 widmete sich dem Feuer. Es wirbelte nur so vor sich her und er fing an es durch dir Gegend fliegen zu lassen. Ellie schrieb wieder. Und Kim spielte mit dem \u0001 \u0002 widmete sich der Erde. Sie bewegte sich und er \u0001 \u0002 probierte das Feuer doch es wollte bei ihr nicht. Dann nahm sie die Luft. Sie wirbelte um sie herum und sie \u0001 \u0002 das ihr Element war. Ellie schrieb wieder.,,Dann lasst uns mal zum letzten Zelt gehen!\u201c,meinte \u0001 \u0002 Kim auch die Erde ausprobiert hatte. Sie wollte bei ihr nicht...So gingen sie zu Zelt Drei. ,,Na dann erkl\u00e4r ich mal!\u201c,,Ja! Wir h\u00f6ren auch gut zu!\u201c,meinte Kim und l\u00e4chelte.,,Ok! Hier sollt ihr versuchen euch in einen wie Mark zu verwandeln. Also die Kunst der h\u00f6heren Verwandlung ist die Kunst die die meisten Wolfsmenschen k\u00f6nnen. Sie ist nichts besonderes. Ihr solltet einfach so denken \u0001 \u0002 ihr euch verwandelt und dann aber noch im Hinterkopf behalten das ihr die H\u00f6here Form wollt!\u201c,,Ok! Lass es uns ausprobieren Caelan!\u201c,,Ja!\u201cUnd schon probierten sie es. Die Ans\u00e4tze zeigten sich bei ihnen \u0001 \u0002 war es f\u00fcr beide jetzt noch \u0001 \u0002 vollst\u00e4ndig in diese Form zu \u0001 \u0002 schrieb auch das \u0001 \u0002 sich freundlich und ging. Da kam Mike wieder.,,Hey! Und was kannst du alles Kim?\u201c,,Ich? Ich kann die H\u00f6here \u0001 \u0002 sie zumindest \u0001 \u0002 Zwischenelemente Holz und Sturm und die Hauptelemente Wasser und Luft.\u201c,,Das ist doch super!\u201c,,Und du Caelan?\u201c,,Ich kann die \u0001 \u0002 Zwischenelemente Stahl und Blitz und die Hauptelemente Feuer und Erde.\u201c,,Interessant! Nachher habt ihr beide das Treffen mit \u0001 \u0002 ich bin mir sicher das du ihn auch sprechen \u0001 \u0002 ich recht Caelan?\u201c,,Ja...ehrlich gesagt schon.\u201c",
            "wordcount": "1.614",
            "chapter_release": "14.06.2013",
            "chapter_number": "4"
        },
        "5": {
            "text": "5. Ein Gespr\u00e4ch und ein Blick,,Bist du nerv\u00f6s?\u201c,fragte sie.,,Hast du Angst er sagt etwas beschissenes?\u201c,,Nein!\u201c,antwortete er.,,Du?\u201c,,Nein...\u201cSie \u00f6ffneten die Zeltt\u00fcr und verschwanden im Zelt.,,Ich habe euch schon erwartet!\u201c,begr\u00fc\u00dfte Doug die beiden.,,Du siehst gut aus Kim! Geht es dir auch dementsprechend?\u201c,,Ja!\u201c,antwortete sie \u0001 \u0002 Caelan wusste...Sie war aufgeregt.,,Und dir Caelan?\u201c,,Auch gut!\u201c,,Habt ihr eure Verwandlung schon hinter euch gebracht?\u201c,,Ja! Und die F\u00e4higkeiten auch!\u201c,,Das wei\u00df ich schon...Dann seid ihr also wirklich die Auserw\u00e4hlten.\u201c,,So wies aussieht schon!\u201c,,Habt ihr schon Freunde gefunden?\u201cCaelan sah Kim stumm an.,,Ja! Mike ist jetzt mein fester Freund...und Ellie mag ich auch sehr!\u201c,sprudelte Kim heraus.,,Das ist sch\u00f6n...Caelan? Was ist denn los?\u201c,,Nichts....\u201c,,Aber du bist pl\u00f6tzlich ver\u00e4rgert...Du wirkst wenigstens so...\u201c,,Ich bin nicht ver\u00e4rgert!\u201c,herrschte er ihn an.,,Okay Okay! Bleib locker Kumpel!\u201c,,Ich bin nicht ihr Kumpel!\u201c,,Caelan beruhig dich!\u201c,zischte \u0001 \u0002 starrte ihr in die Augen.,,Warum? Misch dich da nicht ein!\u201c,,Ich kann mich aber einmischen wo ich will!\u201c,,\u00dcberlegst du eigentlich bevor du was sagst?!\u201cW\u00fctend starrten sich beide nun an.,,Ja! Und du? Du scheinst ja nur an DICH zu denken! Alle anderen sind dir doch egal!\u201c,,Wenn du das so siehst....kann ich ja verschwinden! Du besiegst die Menschen da drau\u00dfen schon allein!\u201cDamit rannte er raus.,,Caelan?!\u201cKim seufzte.,,Wei\u00dft du was er hatte?\u201c,,Ich wei\u00df nicht....vorhin beim Training war er noch so nett....und s\u00fc\u00df...und jetzt?!\u201c,,S\u00fc\u00df?!\u201c,,Ja? Darf ich das nicht sagen?!\u201c,,Sag mal Kim...Hast du wirklich Gef\u00fchle f\u00fcr Mike? Oder sind die nur erfunden?\u201c,,Was?! Was soll den diese Schei\u00df Frage jetzt?!\u201c,,Ich frage doch nur....\u201c,,Das geht sie einen Dreck an! Nat\u00fcrlich liebe ich \u0001 \u0002 w\u00fcrde ich ja auch nicht wollen das er mich zu fr\u00fch k\u00fcsst!\u201c,,Kim...\u201c,,Nein!.....Toll....jetzt bin ich auch sauer! K\u00f6nnen wir das Gespr\u00e4ch verschieben?!\u201c,,Ja!\u201c,erkl\u00e4rte Doug nachdem er ein wenig nachgedacht \u0001 \u0002 verschwand Kim aus seinem Zelt und machte sich auf die Suche nach \u0001 \u0002 fand ihn nicht weit \u0001 \u0002 einer Mooswiese. Umringt von B\u00e4umen wirkte die kleine Lichtung ein bisschen heilig. Caelan stand in der \u0001 \u0002 Augen geschlossen und die H\u00e4nde geballt.,,Caelan?!\u201c,begann Kim und kam ihm \u0001 \u0002 drehte sich um und musterte \u0001 \u0002 kalt.,,Was willst du?\u201c,,Mich entschuldigen...Ich....lasse dich f\u00fcr eine Weile in Ruhe!\u201c,,Was?! Nein!\u201c,,Warum....?\u201c,,Weil ich dich mag und du meine Freundin bist!....\u201c;erkl\u00e4rte Caelan und bedachte das gesagte dann auch gleich.,,Au\u00dferdem sind wir beide die Auserw\u00e4hlten! Wir m\u00fcssen zusammen halten!\u201c,,Oh! Wenn du das so siehst....dann....ok!\u201cEr kam zu ihr und ber\u00fchrte sanft ihre Wange.,,Ich will nicht das wir uns noch einmal streiten...ok?\u201c,,Ok!\u201c,meinte sie und sah in seine blutroten Augen. Sie schienen zu strahlen und er l\u00e4chelte kurz ehe er zur\u00fcck zuckte. Was hatte er da gerade getan? ,,Hast du das auch geh\u00f6rt?\u201c,fragte Kim.,,Was?\u201c,,Dieser Schrei!\u201c,,Ein Schrei?\u201c,,Ja!\u201cUnd da schrie es wieder und man konnte Metall auf Metall \u0001 \u0002.,,Was zum...?!\u201cKim und Caelan rannten los. Zur\u00fcck zum Lager. Zur\u00fcck zu Mike und Ellie. Zur\u00fcck zu Mark und \u0001 \u0002 angekommen wurden sie von ein Paar Officers umgehauen.,,Oh Schei\u00dfe!!! Caelan!\u201c,rief Kim.,,Kim!\u201c Er versuchte sich aus den Klauen des Officers zu befreien um ihr zu \u0001 \u0002 er hatte eine massive St\u00e4rke und dr\u00fcckte ihn auf den Boden. Kim wehrte sich \u0001 \u0002 dann versp\u00fcrte sie ein Piksen im H\u00fcftbereich und langsam wurde ihr schwindelig. Sie sah \u0001 \u0002 immernoch versuchte sich zu befreien und Mike der ihm zur Hilfe kam. Sie schrie etwas doch niemand schien es zu h\u00f6ren. Dann versp\u00fcrte sie einen stechenden Schmerz in der Schulter und langsam wurde alles schwarz.",
            "wordcount": "635",
            "chapter_release": "14.06.2013",
            "chapter_number": "5"
        },
        "6": {
            "text": "6. In GefangenschaftEin Schmerz. Ein Schmerz den Kim noch nicht einmal in ihren schlimmsten Tr\u00e4umen gesp\u00fcrt \u0001 \u0002 ihren K\u00f6rper und sie st\u00f6hnte auf. Langsam und m\u00fchsam \u00f6ffnete sie ihre Augen und bemerkte das es stockdunkel war. Sie lag auf einem nassen \u0001 \u0002 an Ketten gefesselt. Sie hob den Kopf und der Schmerz durchzog sie wieder. Das letzte an das sie sich \u0001 \u0002 Caelan der von \u0001 \u0002 einem Officer, gerettet wurde. \u0001 \u0002 geht es dir wohl jetzt?,,Wir gehen und retten sie!\u201c,schrie Caelan Doug an.,,Bleib ruhig! Sie werden ihr nichts \u0001 \u0002 sie nicht erfahren das sie die Auserw\u00e4hlte ist.\u201c,,Und was passiert wenn sie es schon wissen?!\u201c,zischte Caelan zur\u00fcck.,,\u0001 \u0002 wird nicht passieren!\u201c,,Und was ist wenn doch? Hm? Was wenn doch? Genau deswegen m\u00fcssen wir sie retten!\u201c,,Du kannst auch ohne sie den Krieg f\u00fchren und uns von dem Krieg \u0001 \u0002!\u201c,herrschte \u0001 \u0002 hinter ihm \u0001 \u0002 \u0001 \u0002 schaute er ihn an. Dann wechselte das erstaunen und wurde Zorn. Zorn auf \u0001 \u0002 Kim einfach so dem Tod \u00fcberlassen k\u00f6nnte!,,Ohne sie....\u201c,fing er an.,,Ohne sie werde ich nichts tun!\u201cDie beiden Wolfsmenschen sahen den \u0001 \u0002 erstarrt an. Sie sahen ihm in die \u0001 \u0002 das er nicht nachgeben w\u00fcrde und gingen wortlos aus dem Zelt. Caelan war allein. Er senkte den Kopf und dachte an Kim. Ihre goldgelbenen Augen und ihre blonden \u0001 \u0002 ihm nicht aus dem \u0001 \u0002 wie ihr Gesicht und ihr bezauberndes \u0001 \u0002 ihn immer ansteckte. Er l\u00e4chelte \u0001 \u0002 dann jedoch daran das sie jetzt warscheinlich schon tot sein k\u00f6nnte und ging hinaus.,,Hey!\u201c,,Hey Mike!...Sag mal...?\u201c,,Ja? Schie\u00df einfach \u0001 \u0002!\u201c,,Okay! ...Warum hast du mich \u0001 \u0002 Kim zur Hand zu gehen?\u201c,,...Weil....ach Caelan! Warum fragst du mich das?\u201c,lachte Mike.,,Weil ich neugierig bin und es gerne w\u00fcsste!\u201c,,Es ist nicht \u0001 \u0002 ich dir geholfen hab und nicht ihr.\u201c,sagte Mike und verschwand.,,Na? Hast du Mike jetzt weggejagt?\u201cCaelan lachte kurz.,,Er wollte mir nicht \u0001 \u0002 er mich anstatt Kim gerettet \u0001 \u0002....\u201c,erkl\u00e4rte er \u0001 \u0002 toternst.,,Tja.....Das w\u00fcsste ich gerne \u0001 \u0002 mach dir nichts draus!\u201cSie versuchte sich zu \u0001 \u0002 jedoch zusammen. So wird das nichts!,dachte sie. Ich versuch mich mal zu drehen!Mit Schmerzen schaffte sie es und lag nun auf dem R\u00fccken. Sie hob sich an und setzte sich an die \u0001 \u0002 in der N\u00e4he stand. Dann st\u00f6hnte sie.,,Schei\u00dfe!\u201c,murmelte sie und fuhr sich \u00fcber das zerfetzte wei\u00dfe T-Shirt. Wo ist meine R\u00fcstung? Ich wurde angeschossen! Schei\u00dfe!Sie riss das T-Shirt etwas \u0001 \u0002 sich die Wunde genauer an. Sie war zugen\u00e4ht. Kim \u00fcberlegte und sah wieder \u0001 \u0002 die T\u00fcr.,,Dummer Wolfsmensch! Habt ihr wirklich \u0001 \u0002 k\u00f6nntet gewinnen? Gegen uns?! Das ich nicht lache!\u201c,ert\u00f6nte eine raue M\u00e4nnerstimme.,,Wer sind Sie? Und wo bin ich hier?\u201c,,Ich? Ich bin Colonel Craie und du bist in Labor 55!\u201c,,Was habt ihr vor?\u201c,,Das kann ich dir nicht sagen! Und das werd' ich auch nicht!\u201cEr lachte und Kim zuckte zusammen.,,Nehmt sie mit!\u201cZwei raue Arbeiterh\u00e4nde packten ihre Schulterbl\u00e4tter und hoben sie ruckartig \u0001 \u0002 sie \u0001 \u0002 schleppten sie in einen anderen Raum. Eine Lampe leuchtete ihnen den Weg der \u0001 \u0002 \u0001 \u0002 verfrachteten sie auf einen Stuhl und fesselten sie an \u0001 \u0002 \u0001 \u0002 sah Kim sich um.,,Hast du Angst?\u201c,fragte \u0001 \u0002 \u0001 \u0002 als w\u00fcsste \u0001 \u0002 er sie sehen konnte.,,Ich habe Angst! ...Davor das ihr einen Fehler begeht!\u201c Ein schelmisches Grinsen schlich sich auf ihr Gesicht.,,H\u00f6r zu!\u201cJemand packte pl\u00f6tzlich ihr Kinn. Sie sog den Atem des jemands ein und starrte ihm in die Augen.,,Wenn du uns alles \u0001 \u0002 wir h\u00f6ren \u0001 \u0002 tun wir dir auch nichts! Verstanden?\u201c,,Und...warum...sollte...ich ...euch...etwas...erz\u00e4hlen...?!\u201c,zischte \u0001 \u0002 ihre zusammengepressten Z\u00e4hne hindurch.,,Weil du sonst leiden wirst! Hast du nicht zugeh\u00f6rt?!\u201c,erwiderte er aggressiv.,,Pff!\u201cEr lie\u00df locker und erhob sich. Das Licht ging wieder an und Kim konnte ihn erkennen. Es war der gleiche \u0001 \u0002 sie aus der Zelle geholt hatte. Colonel Craie.",
            "wordcount": "704",
            "chapter_release": "14.06.2013",
            "chapter_number": "6"
        },
        "7": {
            "text": "7. Ich bin f\u00fcr dich \u0001 \u0002!Er rannte. Verfolgte den Geruch von Kirschen. Er hatte Tr\u00e4nen in den \u0001 \u0002 er mit Kraft zur\u00fcckhielt. Ellie folgte ihm und auch Doug. Nur sie \u0001 \u0002 bereit \u0001 \u0002 aus den F\u00e4ngen der Officers zu befreien. \u0001 \u0002 Polizei der Menschheit. Mike blieb stur im Lager und wollte sein \u0001 \u0002 f\u00fcr Kim \u0001 \u0002,dachte Kim. Sie wollte unbedingt Officer \u0001 \u0002 sie noch 'normal' war. Kim war nicht \u0001 \u0002 sie beachtete die anderen nicht.,,Sag uns wer die 'Auserw\u00e4hlten' \u0001 \u0002 nochmal! Jetzt r\u00fcck schon raus mit der Sprache!\u201c,rief Colonel Craie und in seiner Stimme lag Hass. Er hasste das Wort:Auserw\u00e4hlte und verfluchte die \u0001 \u0002 seine Familie von denen ausgel\u00f6scht wurde.,,Kimberly Seaford alias Morgenstar. Sie ist 15 Jahre alt und hat am \u0001 \u0002 Geburtstag. Sie wurde 2078 in \u0001 \u0002,um 20:13 Uhr geboren. Sie war am College f\u00fcr Sport und Naturwissenschaften und hat dort s\u00e4mtliche \u0001 \u0002 mit Sport zu tun \u0001 \u0002.\u201c,sagte der \u0001 \u0002 rechten der T\u00fcr.,,Und warum m\u00fcssen sie jetzt alles \u00fcber mich herausfinden?!\u201c,hakte Kim nach.,,Sie wollte schon immer Officer werden und hat sich auch dreimal zum Praktikum bei uns beworben.\u201c,fuhr der Officer fort und ignorierte Kim damit.,,Den Spitznamen 'Morgenstar' hat sie, weil sie gerne mit altert\u00fcmlichen Waffen umgeht und mit einem \u0001 \u0002 einen Menschen get\u00f6tet hat.\u201c,,Das war nicht mit Absicht...\u201c,murmelte Kim.,,Sie hat au\u00dferordentliche Noten in Sport und Naturwissenschaften.\u201c,beendete der Officer und sah Colonel Craie an.,,So! Morgenstar. Da wir jetzt alles \u00fcber dich \u0001 \u0002 wir gerne etwas von dir erfahren!\u201c,versuchte er ruhig.,,Sag uns wer die Auserw\u00e4hlten sind und wir lassen dich gehen!\u201c,,Sie werden mich nicht gehen \u0001 \u0002 wenn ich ihnen alles erz\u00e4hle!\u201c,zischte Kim.,,Schlaues M\u00e4dchen!\u201cCaelan stoppte.,,Wir sind da!\u201c,sagte er und zeigte auf ein \u0001 \u0002 war viel \u0001 \u0002 das der Wolfsmenschen und hatte eine \u0001 \u0002 an sich.,,Gut! Wir...schleichen uns von hinten rein und befreien sie dann....\u201c,sagte Ellie.,,Das wird nicht \u0001 \u0002. Kim ist ihr Ziel und sie werden sie bestimmt nicht unbewacht lassen.\u201c,erkl\u00e4rte Doug \u0001 \u0002 zuckte \u0001 \u0002 Craie ihr einen Kratzer im Gesicht verpasste.,,Sag es endlich!\u201c,,Nein!\u201c,,Willst du \u0001 \u0002 wir dir noch mehr Schmerzen zuf\u00fcgen?\u201c,,Nein! Aber ich will auch nicht das ihr...\u201cSie z\u00f6gerte.,,Das ihr uns ausl\u00f6scht!\u201c,rief sie und spuckte ihm ins \u0001 \u0002 wich zur\u00fcck und schrie sie an:,,Du verdammtes \u0001 \u0002 sag schon wer die Auserw\u00e4hlten sind!\u201cIn dem Moment knackte es kurz und Kim h\u00f6rte Sch\u00fcsse.,,Was ist denn da los?\u201c,fragte Craie und verschwand aus dem Raum. Der Officer blieb und starrte Kim an.,,\u00c4hm....K\u00f6nnten sie meine Fesseln etwas lockern? Sie schneiden mir ins Fleisch...\u201c,,Nein! Dazu bin ich nicht befugt!\u201c,,Doch sind sie! Bitte! Ich sage \u0001 \u0002 sie mir helfen wollten zu \u0001 \u0002 Colonel Craie zur\u00fcckkommt!\u201cDer Officer schien Angst zu bekommen und lockerte die Fesseln etwas. Als er vor ihr \u0001 \u0002 sie mit ihrem Kopf nach \u0001 \u0002 taumelte nach hinten und z\u00fcckte seine \u0001 \u0002 sie jedoch fallen als er gegen die Wand \u0001 \u0002 riss und riss an den Ketten und warf sich mitsamt dem Tisch um. Kim verharrte bis der Officer um den Tisch kam und auf sie zielte. Sie schnellte mit ihrem \u0001 \u0002 sich befreit \u0001 \u0002 vorn und verpasste ihm eins in die Leiste. Er sackte zu Boden und schrie kurz. Sie zog den Tisch n\u00e4her an ihn heran und versuchte die Schl\u00fcssel von seinem G\u00fcrtel zu \u0001 \u0002 die T\u00fcr aufgesto\u00dfen wurde.,,Kim!\u201c,,Caelan?\u201cEr konnte sie nicht \u0001 \u0002 er h\u00f6rte sie und rannte um den Tisch.,,Kim!\u201c,,Hey!\u201cEllie und Doug folgten Caelan durch die T\u00fcr und verschlossen sie.,,Es wird nicht lange dauern bis sie uns finden!\u201c,sagte \u0001 \u0002 nahm den Schl\u00fcssel und befreite Kim von den Ketten.,,Komm!\u201cSie folgte ihm und Doug und Ellie gingen \u0001 \u0002 sie auf dem gro\u00dfen Gef\u00e4ngnisplatz \u0001 \u0002 sich das Tor bereits.,,Verdammt!\u201c,fluchte \u0001 \u0002 Horde Officers kamen auf die vier zu.,,Ich mach das!\u201c,rief Kim und stellte sich vor.,,Nein!\u201c,erwiderte Caelan.,,Wir machen das!\u201cSie sah ihm in die Augen und nickte.,,Haltet euch hinten!\u201c,sagte sie zu Ellie und Doug und st\u00fcrmte auf die Officers \u0001 \u0002!\u0001 \u0002 70 Aufrufe und kein Review?Ich bitte \u0001 \u0002 ihr schon meine FF \u0001 \u0002 eure Meinung zu \u0001 \u0002 ob gut oder \u0001 \u0002 Kate",
            "wordcount": "764",
            "chapter_release": "14.06.2013",
            "chapter_number": "7"
        },
        "8": {
            "text": "8. Morgenstar,,Passt auf Morgenstar auf! Verletzt sie nicht!\u201c,rief eine Stimme von oben.,,Wir haben sie fast geknackt gehabt!\u201cDie Officers gingen in Angriffsstellung und begannen auf Kim und Caelan zu zielen. Doug und Ellie hatten sich hinter der Wand \u0001 \u0002 hatte keine \u0001 \u0002 sie die vielen Officers erledigen k\u00f6nnte. Doch sie st\u00fcrmte auf einen von ihnen zu. Sie sprang und fiel ihm um den Hals. Er kippte um und wehrte \u0001 \u0002 ihr ins Gesicht und sie sie wich zur\u00fcck. Doch sie gab nicht nach und trat ihm die \u0001 \u0002 er sich schreiend \u0001 \u0002 sah zu Caelan. Er ging einem Officer an die Gurgel und sah dann zu ihr. Sie nickte.,,Na das war doch ein gelungener \u0001 \u0002 findest du das Kim?\u201c,fragte Caelan.,,Er war hart.\u201c,bedachte \u0001 \u0002 Antwort und sah ihn \u0001 \u0002 l\u00e4chelte. Kim lief Blut aus einer Wunde an ihrem \u0001 \u0002 beide schien es nicht zu \u0001 \u0002 Ellie sich einmischte.,,Kommt ihr?\u201c,,Ja!\u201c,sagten beide synchron und folgten Doug und Ellie hinaus.,,So so...\u201c,murmelte Caelan.,,Was ist?\u201c,fragten Kim und \u0001 \u0002 ihn perplex an.,,Morgenstar?\u201cKim err\u00f6tete.,,Ja...\u201c,,Ist ja lustig! Morgenstern....\u201c,,Also ich bin stolz drauf!\u201c,beharrte Kim und sah gekr\u00e4nkt auf den Boden.,,Ist ja okay....aber...warum?\u201c,,...Ich...hab fast einen Menschen mit einem Morgenstern get\u00f6tet.\u201c,nuschelte sie.,,oh\u201c Er lachte.,,Das ist......bestimmt cool gewesen!\u201c,versuchte er.,,Das war es....\u201c,sagte sie und korrigierte sich dann.,,Nicht.\u201cEllie \u0001 \u0002 Kim dann ins Gesicht und gab ihr einen Sto\u00df in die Rippen.,,Es hat dir gefallen oder?\u201cKim wog ihren Kopf hin und her.,,Ja...vielleicht schon!\u201c Sie \u0001 \u0002 Kopf zischte hin und her. Ihre Augen beobachteten es. So viele \u0001 \u0002 \u0001 \u0002 \u0001 \u0002 versucht sie zu t\u00f6ten!'.Sie befanden sich am Eingang des Hauptquartiers. Caelan und Kim musterten die vielen Wolfsmenschen und ihre Gelassenheit. Ellie sah die beiden ebenso gelassen an.,,Kommt mit!\u201cSie lief voraus und Kim und Caelan folgten ihr. Sie zeigte ihnen die \u0001 \u0002 \u0001 \u0002,Technikr\u00e4ume und den Essensaal. Jetzt waren sie auf dem Weg zum Haupttrakt. Dort befanden sich die Gem\u00e4cher der Wolfsherren. ,,Yukon und \u0001 \u0002 sie.\u201c,erkl\u00e4rte Ellie.,,Herrschen sie \u00fcber die Wolfsmenschen?\u201c,fragte Kim neugierig.,,Sie herrschen nicht. Sie f\u00fchren uns.\u201c,,Ihr d\u00fcrft euch jetzt ausruhen. Ich zeige euch eure Zimmer.\u201c,erkl\u00e4rte \u0001 \u0002 die Ganze Zeit still gewesen \u0001 \u0002 verabschiedete sich f\u00fcrs erste und ging. Doug brachte die beiden in zwei \u0001 \u0002 l\u00e4chelte sie an und ging dann mit Doug zu seinem \u0001 \u0002 sah sich um. Ein gro\u00dfer \u0001 \u0002 mit einem gro\u00dfen \u0001 \u0002 Kommode und einem \u0001 \u0002 war das Hauptquartier unterirdisch. Teils befand es sich auf einem Baum. Auf dem Baum befanden sich die \u0001 \u0002 flexible Krankenstation und der \u0001 \u0002 Seilrutsche und eine Art Flaschenzug waren die einzige M\u00f6glichkeit nach \u0001 \u0002 setzte sich auf das Bett. Ellie hatte ihnen \u0001 \u0002 umzuziehen. Kim fragte sich ob in der Kommode und dem Schrank Kleidung war. Sie stand auf und ging auf die Kommode zu. Sie \u00f6ffnete eine Schublade und tats\u00e4chlich. Ein schwarzes T-Shirt und eine schwarze Cargo-\u0001 \u0002 nahm sie heraus und legte sie aufs Bett. Sie erschienen ihr viel zu \u0001 \u0002 sie wollte sie trotzdem anprobieren. Dann sah sie in den Schrank. Zu ihrer \u00dcberraschung befanden sich zwei schwarze Jacken an den \u0001 \u0002 Schrankes. Eine Jacke war aus leichtem Stoff. Die andere hatte Innenfutter. Kim nahm die d\u00fcnne Jacke heraus und sah sie sich an. Sie war ebenfalls viel zu \u0001 \u0002 Kim legte sie einfach zu den anderen Sachen. Dann zog sie ihr T-Shirt aus und das schwarze an. Es rutschte \u00fcber ihre H\u00fcfte. Kim zog die Hose an und die Jacke dr\u00fcber da ihr etwas kalt war. Dann erschrak sie und wich zur\u00fcck. Die Sachen wurden enger und Kim starrte entsetzt und erschrocken an sich \u0001 \u0002 sp\u00fcrte wie das T-Shirt enger wurde. Und auch die Hose wurde am Bund enger. Dann lie\u00df es pl\u00f6tzlich nach und Kim atmete erleichtert \u0001 \u0002 lie\u00df sich auf ihr Bett sinken und nickte \u0001 \u0002 sie noch etwas tun konnte.",
            "wordcount": "700",
            "chapter_release": "14.06.2013",
            "chapter_number": "8"
        },
        "9": {
            "text": "Hey Leute!Hier will ich nun mal sagen das ich nur noch ein Kapitel pro Monat hochstellen kann...Das gilt f\u00fcr alle meine FFs...also...ja....Tut mir echt Leid aber ich schaffs einfach nciht mehr als eins hochzustellen....Ich hab sogar damit im Moment Probleme....Hoffe euch gef\u00e4llt das kapite trotzdem!lg Kate________________________________________________________________9. Das sind die Auserw\u00e4hlten!Caelan musterte die T\u00fcr. Im Gegensatz zu Kim wusste er wo ihr Zimmer war. Er stand genau vor dieser \u0001 \u0002 Zimmers und wollte \u0001 \u0002 sich aber nicht. Er starrte seine zitternden H\u00e4nde an. Warum zum \u0001 \u0002 er es nicht zu klopfen?!,,Was machst du denn da?\u201c,fragte eine Person und tippte ihm auf die rechte Schulter. Es war Ellie.,,\u00c4h...Was machst DU denn hier?\u201c,fragte er zur\u00fcck.,,Ich habe den Befehl euch beide zu Yukon und Yuki zu bringen. Sie wollen euch sehen!\u201c,erkl\u00e4rte sie und grinste.,,Und du hattest wohl vor mit Kim zu reden oder?\u201c,,Was?! Nein....Mir war nur langweilig.\u201c,versuchte er.,,Ist ja jetzt auch egal. Komm schon!\u201cEllie \u0001 \u0002 verschlafene Kim \u00f6ffnete die T\u00fcr und sah die beiden an.,,Komm Kim! Du wirst jetzt den Wolfsherren vorgestellt.\u201c,l\u00e4chelte Ellie. Kim \u0001 \u0002 heraus und schloss die T\u00fcr hinter sich. Sie besa\u00df kein \u0001 \u0002 musterte sie Caelan. War er schon hier oder hat Ellie ihn mitgebracht?,fragte sie \u0001 \u0002 Ellie zog sie bereits mit \u0001 \u0002 f\u00fchrte Kim durch die Wolfsmenschen hindurch zu einem mit goldenen Pflanzen verziertem gro\u00dfen Raum. Darin standen und patrouillierten Wolfsmenschen. Zwei sa\u00dfen auf zwei gro\u00dfen \u0001 \u0002 ebenfalls mit diesen goldenen Pflanzen verziert waren. Kim beschloss nachher mal Ellie zu fragen was es mit den Pflanzen auf sich \u0001 \u0002,die vorgelaufen war verbeugte sich nun vor den Wolfsherren.,,Ehrw\u00fcrdige Yuki und erhw\u00fcrdiger Yukon! Dies ist \u0001 \u0002 Auserw\u00e4hlte. Und dies...\u201cSie zeigte auf die Leere neben ihr und blickte sich dann um. Kim kam schnell zu ihr und sah sie erstaunt an.,,Dies ist \u0001 \u0002 Auserw\u00e4hlte.\u201cYuki und Yukon sahen vom einen Auserw\u00e4hlten zur anderen.,,Erheb dich Ellie Terihiso.\u201cEllie tat so hatte aber trotzdem den Blick auf den Boden \u0001 \u0002 kannte diese Verhaltensweise. W\u00f6lfe die Niedrigestellter als der gegen\u00fcber \u0001 \u0002 stets den Blickkontakt \u0001 \u0002 w\u00fcrde der H\u00f6hergestellte denken das sie eine Herausforderung \u0001 \u0002 vermied Kim es zu vermeiden den Wolfsherren in die Augen zu sehen. Sie war ja im Grunde garnicht niedrigestellt.,,Ihr seid also die Auserw\u00e4hlten?\u201c Yukon sagte es als w\u00e4re es etwas schlechtes.,,Anscheinend schon.\u201c,erwiderte Caelan ohne Hemmungen und bekam von Ellie einen b\u00f6sen \u0001 \u0002 warf Kim einen kurzen Seitenblick zu. Kim l\u00e4chelte schon \u0001 \u0002 sie realisierte was Yuki da sagte:,,Sie sie dir \u0001 \u0002! Ein frisch verliebtes Paar. Und dann auch noch die beiden Auserw\u00e4hlten.\u201c,,Was?\u201c,fragten sie gleichzeitig und starrten sich dann \u0001 \u0002 gleich noch ein St\u00fcck \u0001 \u0002 lachte.,,Ihr seid gar kein Paar?!\u201c,,Nein!....\u201c,antwortete Kim l\u00e4chelnd. Sie wollte schlie\u00dflich nicht unh\u00f6flich \u0001 \u0002 blaue Augen musterten die Blondine.,,Du siehst mir nach einer starken jungen Frau aus!\u201c,,\u00c4h...Danke!\u201c,murmelte Kim ber\u00fchrt.,,Und sie sind wirklich die Auserw\u00e4hlten?\u201c,fragte Yukon. Er schien Kim und Caelan nicht gerade f\u00fcr passend zu \u0001 \u0002 nickte sachte.,,Ja...Wir haben es pers\u00f6nlich festgestellt.\u201c,,Dann trainiert sie! Und bald werden sie unsere Welt retten!\u201c",
            "wordcount": "556",
            "chapter_release": "14.06.2013",
            "chapter_number": "9"
        }
    },
    "title": "Das Abenteuer beginnt!",
    "topic": "unspecified",
    "release": "\n14.06.2013\n\t\t\t\t\t\t",
    "author": "Kara Beckett"
}