{
    "tags": [],
    "chapcount": "4",
    "wordcount": "10.207",
    "chapters": {
        "1": {
            "text": "Hier beginnt der dritte Teil der gefl\u00fcgelten Schlange. Bei den ersten drei Kapiteln handelt es sich um Begebenheiten, die sich zeitgleich zum ersten Teil 'Die gefl\u00fcgelte Schlange - Aufstieg' \u0001 \u0002 Anschlu\u00df daran folgt leider nur eine Zusammenfassung des dritten Teils, weil ich die Geschichte nicht in der gew\u00e4hlten Erz\u00e4hlart fortsetzen kann. Um nicht einfach abzubrechen - nach so vielen Lesern und Kommentaren - habe ich diese Form gew\u00e4hlt, um Euch wenigstens alles wissen zu \u0001 \u0002 hoffe, es gef\u00e4llt euch auch so ein bi\u00dfchen.* * * * *Kapitel 1 geh\u00f6rt zeitlich in die Nacht, die in Aufstieg, \u0001 \u0002 (Die Bef\u00f6rderung) anf\u00e4ngt. # # # # #1. BegegnungDie eilige R\u00fcckreise aus Harna forderte ihren Tribut. Sira schmerzte der ganze R\u00fccken und die Beine, die Verspannung zog auch schon in ihre Schultern und Arme. Sie hatte das Gef\u00fchl, nicht mehr l\u00e4nger auf dem Pferd sitzen zu k\u00f6nnen, trotzdem hielt sie sich weiterhin aufrecht und sehnte die n\u00e4chtliche Rast herbei. Vor dem Nachtessen mu\u00dfte die Zofe sie auf jeden Fall massieren, und vielleicht noch einmal vor der Nachtruhe. Wie bequem war dagegen die Hinreise in der S\u00e4nfte gewesen, doch nun wu\u00dfte Sira, da\u00df sie damit wertvolle Zeit verschenkt \u0001 \u0002 Horizont waren endlich die Palmen der Oase zu erkennen, also gab Sira ihrem Pferd die Sporen und ihre Begleiter mu\u00dften sich anstrengen, mit ihr Schritt zu halten. \"Prinzessin, schont Euer Pferd! Weiter als bis zur Sch\u00e4deloase reisen wir heute ohnehin nicht mehr!\" rief der Hauptmann der Wachen ihr nach, doch nun, so kurz vor dem Ziel dieses Tages, trieb sie das Tier noch weiter an, bis sie die einzelnen Steine der Einfassung des Brunnens am Rande der Oase erkennen konnte. Erst da erlaubte sie ihrer treuen Stute, den Schritt zu verlangsamen und jetzt erreichten sie auch die Wachen. Ihre Zofe und die \u00fcbrigen Diener auf ihren schlechteren Pferden waren mit einigen wenigen Wachen nun weit hinter ihnen, gerade noch am Horizont erkennbar.\"Das... war... sehr... unvorsichtig\", bemerkte der Hauptmann m\u00fchsam beherrscht. \"Diese... Gegend... wimmelt... von... Banditen.\"\"Ach, doch sicher nichts, womit ihr und eure M\u00e4nner nicht fertig w\u00fcrdet, Hauptmann.\" Sira war froh, da\u00df der Schleier ihr Grinsen versteckte. Der Blick in das zornesrote Gesicht des gepanzerten Hauptmanns lie\u00df sie die schmerzenden Muskeln fast ertragen. Wie sch\u00f6n er mit seinem \u00c4rger k\u00e4mpfte und sie wohl zu gern ausgeschimpft h\u00e4tte. Doch nat\u00fcrlich war ihm klar, da\u00df er sich nicht in einer dazu geeigneten Position befand. Und er hatte ja auch recht, es war unvorsichtig gewesen, ihre kleine Karavane so auseinander zu ziehen. Schlie\u00dflich wu\u00dfte sie ja ebenfalls, da\u00df der ordnende Einflu\u00df ihres Vaters hier in der W\u00fcste bisher \u0001 \u0002 erreichten sie die Oase und langsam trudelten nun auch die anderen Wachen und die ersten Diener ein, die sofort begannen, die Tiere zu versorgen, Zelte f\u00fcr die \u00dcbernachtung aufzustellen, im Zentrum des Lagers ein Feuer zu machen und Essen zuzubereiten. \"Prinzessin, darf ich euch dabei behilflich sein, abzusteigen, damit euer Pferd versorgt werden kann?\" fragte ihre \u0001 \u0002 sch\u00fcttelte den Kopf. Sie w\u00fcrde heute abend wahrscheinlich keinen Schritt mehr ohne Hilfe gehen k\u00f6nnen. \"Ich werde bis zu meinem Zelt reiten, dann d\u00fcrft ihr mir gerne behilflich sein.\"Wenig sp\u00e4ter lag sie auf einem weichen Polster, w\u00e4hrend die Zofe das Massage\u00f6l erw\u00e4rmte und dann begann, Siras R\u00fccken zu massieren. Das parf\u00fcmierte \u00d6l entwickelten in den H\u00e4nden der Zofe und auf ihrer eigenen Haut einen Wohlgeruch, der Sira an die Empfangshalle von Harna erinnerte - und damit an den Spruch des Orakelpriesters, nachdem die Traumdeuter sich lange \u00fcber ihren Traum beraten hatten. Doch wo sollte sie zwei Sonnen unter einem nachtschwarzen Himmel finden um die ihrem Vater drohende Gefahr abzuwenden, noch dazu bevor in drei Tagen der geplante Feldzug begann? Sobald der Morgen d\u00e4mmerte, mu\u00dften sie weiter. Dann w\u00fcrden sie am kommenden Abend Hannai erreichen und sie konnte ihrem Vater den Spruch des Orakelpriesters \u00fcberbringen und ihn bitten, mit dem Abmarschbefehl f\u00fcr die Truppen zu warten, bis er sich mit dem Hohepriester \u00fcber die Angelegenheit beraten \u0001 \u0002 s\u00fc\u00dfe Duft und die sanfte Lockerung ihrer schmerzenden Muskeln durch die entspannende Massage sorgten daf\u00fcr, da\u00df Sira schl\u00e4frig wurde. Sie lie\u00df bereitwillig die Augenlider sinken und merkte noch, wie die Zofe ihr ein seidenes Tuch \u00fcber Beine und R\u00fccken legte, dann sank sie in friedlichen Schlummer.*Unsanft wurde Sira geweckt. R\u00fccksichtslos zupackende H\u00e4nde umfassten ihre Handgelenke und bevor sie es richtig merkte, waren ihre H\u00e4nde auf dem R\u00fccken gefesselt, sie geknebelt, fest in ihre seidene Decke gewickelt und ein unangenehm riechender Mann trug sie b\u00e4uchlings \u00fcber der Schulter, als sei sie ein zusammengerollter, allerh\u00f6chstens mittelgro\u00dfer Teppich. Sira versuchte sich zu befreien, aber weder Beine noch Arme konnte sie bewegen. Um sich herum h\u00f6rte sie Schreie und Kampfesl\u00e4rm, aber es gelang ihr auch kaum, ihren Kopf zu heben, sie erkannte nur den zerfransten, braunen Mantelsaum und die mit einfachen Sandalen beschuhten F\u00fc\u00dfe ihres Entf\u00fchrers im schwindenden Tageslicht. Der Mann warf sie auf einen Pferder\u00fccken, so da\u00df die Sattelh\u00f6rner sich in Siras noch immer schmerzende Seite dr\u00fcckten und sie unwillk\u00fchrlich aufst\u00f6hnte. Erstaunlicherweise zog der Mann sie nun ein St\u00fcck von den Sattelh\u00f6rnern fort zum Hals des Tieres, das leise schnaubte. Er stopfte auch irgend ein Polster zwischen ihre Seite und die Sattelh\u00f6rner, bevor er sich auf das Pferd schwang. Anscheinend wollte er sichergehen, da\u00df seine Gefangene keine Besch\u00e4digungen \u0001 \u0002 Pferdedecke, \u00fcber der sie nun lag, roch zwar nach Tier, aber weit besser als der Mantel des Entf\u00fchrers, das war zumindest eine Verbesserung. Doch dann galoppierte das Tier los und Sira wurde von dem Schaukeln ganz schwindelig. Wieder versuchte sie, Arme oder Beine zu bewegen, doch der Seidenstoff war fest um sie gewickelt, nein, die Beine konnte sie ein kleines St\u00fcck bewegen. Und als sie die H\u00e4nde nicht auseinander sondern gegeneinander bewegte, merkte sie, wie die Verschn\u00fcrung des Seiles um ihre Handgelenke sich etwas lockerte.\"La\u00df das sein, mein T\u00e4ubchen\", sagte da der Entf\u00fchrer fast f\u00fcrsorglich und umfa\u00dfte durch die Seide ihre Handgelenke, so da\u00df jede weitere Bewegung der H\u00e4nde unm\u00f6glich wurde. Die durch den Stoff sickernde W\u00e4rme seiner Hand war ausgesprochen widerw\u00e4rtig, und Sira bi\u00df die Z\u00e4hne zusammen, um ihrem \u00c4rger nicht laut Luft zu machen. In ihrer momentanen Situation w\u00fcrde es ihr sicher nicht helfen, sich als Tochter des K\u00f6nigs von Hannai zu erkennen zu geben. Die Banditenbanden, die die Karavanenstra\u00dfen im n\u00f6rdlichen Teil der W\u00fcste unsicher machten, waren Gesetzlose und Stammeslose, die sich der Obrigkeit von Hannai durch nichts verpflichtet \u0001 \u0002 Pferd galoppierte pl\u00f6tzlich noch schneller, Sira sah, wie der Schwei\u00df an seiner Brust herunterlief, pl\u00f6tzlich verschwand die Hand des Banditen von ihren Handgelenken, sein Bein bewegte sich, als drehe er sich im Sattel um.\"Prinzessin, entwindet euch ihm\", rief eine M\u00e4nnerstimme, die Sira nicht zuordnen konnte, aber sie brauchte diese Aufforderung gar nicht, um weiter zu versuchen, sich der Handfesseln zu entledigen. Zugleich bewegte sie auch die Beine und merkte, wie sich die Stoffumwickelungen langsam l\u00f6sten. Wenn sie jetzt noch die Hand aus der Seilschlinge herausziehen konnte, ja, es war geschafft, doch ihr Oberk\u00f6rper war zu fest in die Seide eingewickelt, um sich weiter zu befreien. Sie versuchte, sich aufzub\u00e4umen um vielleicht so vom Pferder\u00fccken zu rutschen, aber sicher w\u00fcrde der Bandit ihre Bem\u00fchungen gleich wieder unterbinden. Der Lumpen, mit dem Siras Seite gegen die Sattelh\u00f6rner abgepolstern worden war, rutschte allerdings an ihrem Gesicht vorbei zu Boden, und die Bewegung des Tieres dr\u00fcckte sie wieder schmerzhaft gegen den \u0001 \u0002 Pferd ihres Retters war jetzt so nahe, da\u00df seine Flanke ihr Ohr streifte, sie h\u00f6rte das Klirren von Waffen. Noch einmal aufb\u00e4umen, da rutschte sie wirklich mit den F\u00fc\u00dfen voran vom Pferd ihres Entf\u00fchrers. Und die G\u00f6tter sorgten daf\u00fcr, da\u00df sie vergleichsweise sanft in den Sand fiel und nur ein paar Schritt weit rollte. Auch die Verschn\u00fcrung in die eigene Seidendecke hatte sich dadurch gelockert, Sira konnte sich ganz befreien. Mit zitternden Armen gelang es ihr schlie\u00dflich, die Decke wie einen Mantel um die unbekleideten Schultern \u0001 \u0002 lief das Pferd ihres Entf\u00fchrers, reiterlos, der Bandit in dem ausgeblichenen Mantel und dem schmuddeligen Kopftuch erwehrte sich der Angriffe eines schwarz gekleideten Oshey, in dessen N\u00e4he ein ebenso schwarzer, stolzer Rappe von einem Huf auf den anderen t\u00e4nzelte. Immer wieder konnte der Bandit die lange Klinge des anderen parieren, doch der Oshey setzte jedes Mal wieder nach und in der D\u00e4mmerung glaubte Sira, seine dunkel geschminkten Augen wie Bernsteine leuchten zu sehen, ann\u00e4hernd von der Farbe der untergehenden Sonne. Die zwei Sonnen unter dem nachtschwarzen Himmel! Dieser Mann mu\u00dfte ihres Vaters Rettung \u0001 \u0002 rappelte sich m\u00fchsam auf, bedeckte auch so gut es ging ihr Haar mit der Decke, um der Schicklichkeit gen\u00fcge zu tun und n\u00e4herte sich mit z\u00f6gernden Schritten ihrer so unendlich schweren Beine vorsichtig den beiden K\u00e4mpfenden. Da, der Oshey stach mit seinem langen Schwert zu und der Bandit lie\u00df endlich von ihm ab und brach getroffen zusammen, sein Blut spritzte auf und sickerte dann in den Sand. Er zuckte noch ein paar Mal, bis der Oshey ihm mit einem Hieb den Kopf abtrennte. Ein Gef\u00fchl der Befriedigung durchstr\u00f6mte Sira bei diesem Anblick. Da lag nun ihr Entf\u00fchrer, aus diesem Leben bef\u00f6rdert durch den von den G\u00f6ttern verhei\u00dfenen \u0001 \u0002 war er, sehr gro\u00df, dieser Oshey, der nun mit einer sehr gel\u00e4ufig aussehenden Bewegung das Blut von seiner Klinge schlug und das Schwert dann in die lackierte Scheide gleiten lie\u00df. Er sah Sira aus seinen bernsteinfarbenen Augen entgegen, trat n\u00e4her und verneigte er sich in der osheytypischen Weise mit vor der Brust gekreuzten Armen. \"Mein Name ist Hermil Tashrany, werte Prinzessin, bitte verf\u00fcgt \u00fcber mich.\" Dieser Mann war doch kein Geist! Er konnte nicht jener Hermil Tashrany sein, der vor Jahrhunderten Hannai eroberte und die Dynastie von Tashranyk\u00f6nigen begr\u00fcndete, denen ihr eigener Gro\u00dfvater ein Ende bereitet hatte. \"Darf ich euch zur\u00fcck zur Oase geleiten, Prinzessin?\" fragte er dann, als Sira vor \u00dcberraschung noch immer schwieg und streckte ihr seinen Arm entgegen.\"Ich w\u00e4re euch sehr dankbar\", brachte sie heraus, doch ihre Beine versagten nun den Dienst. Anstatt sie den einen Schritt nach vorne zu tragen, sackten sie einfach unter ihr \u0001 \u0002 war der Oshey, Hermil Tashrany, bei ihr und hob sie vorsichtig auf seine Arme. Wie wunderbar er duftete, als habe er sich eben mit einem parf\u00fcmierten \u00d6l gesalbt. Wahrscheinlich viel zu vertraut lie\u00df sie den Kopf an seine Schulter sinken, aber er sagte nicht und trug sie zu seinem Pferd, setzte sie seitlich auf seinen Sattel und f\u00fchrte das Tier am Z\u00fcgel zun\u00e4chst zu dem in einiger Entfernung wartenden Pferd des Banditen und mit diesem am Z\u00fcgel dann den Weg zur\u00fcck zur Sch\u00e4deloase, den der Bandit mit Sira genommen \u0001 \u0002 Mann schwieg auf dem Weg und Sira war zu \u00fcberw\u00e4ltigt von der F\u00fcgung, als da\u00df sie dieser Situation angemessene Worte h\u00e4tte finden k\u00f6nnen. Also schwieg auch sie, doch den Blick konnte sie von ihm nicht lassen. Bis auf seine ungew\u00f6hnliche Augenfarbe sah er mit seiner stolzen Haltung, den geschminkten Augenlidern, seinem schwarzen Vollbart und den unter seinem Kopftuch herausschauenden schwarzen Locken genau so aus wie andere Oshey, die sie schon gesehen hatte, allerdings schien er noch recht jung zu sein, zumindest nicht viel \u00e4lter als sie selbst. Bernsteinfarben wie die eines Falken waren seine Augen, nach den Schriften das Zeichen des Blutes der Unirdischen. Mit dem Segen der G\u00f6tter, der demnach auf ihm liegen mu\u00dfte, w\u00fcrde es ihm sicher ein Leichtes sein, ihren Vater vor der drohenden Gefahr zu retten.*Viel zu rasch war ihre Zweisamkeit beendet, denn sie erreichten die Oase. Den Wachen sah man die Spuren des vorangegangenen Kampfes gegen die Banditen noch deutlich an, einige der Manner lagen auch in blutgetr\u00e4nkten Gew\u00e4ndern tot auf dem Boden. Die toten Banditen schienen jedoch in der \u00dcberzahl zu sein. Siras Hauptmann war nur leicht verletzt, er eilte nun heran, wohl um sich zu vergewissern, da\u00df es ihr gut ging. Und da standen auch drei andere Oshey am gro\u00dfen Feuer. Anders als ihr Retter hatten sie zu ihren langen Schwertern auch Jagdb\u00f6gen bei sich, einer trug dazu einen zahmen Falken auf der behandschuhten Hand.\"Ich hoffe, ihr seid wohlauf, Prinzessin\", begr\u00fc\u00dfte der Hauptmann Sira. \"Die Jagdgesellschaft des Prinzen Tashrany war so freundlich, uns gegen die Banditen zu helfen. Habt Dank, Prinz, da\u00df ihr unsere Prinzessin gerettet habt\", wandte er sich dann mit einer angedeuteten Verbeugung an Hermil Tashrany. Er war also sogar aus dem F\u00fcrstenhaus seines Stammes. \"Bitte sagt, wie wir euch f\u00fcr eure Dienste danken k\u00f6nnen.\"Doch Hermil Tashrany sch\u00fcttelte den Kopf. \"Ich habe nicht mehr als meine Pflicht als Oshey getan, meine Belohnung werden dereinst die G\u00e4rten der Freude sein.\" Mit einer etwas steifen Verbeugung gesellte er sich dann zu den drei anderen \u0001 \u0002 schweren Armen winkte Sira den Hauptmann n\u00e4her heran, auch wenn sie viel lieber wieder dem Oshey-Prinzen in die Arme gesunken w\u00e4re. \"Bitte tragt mich in mein Zelt, ich kann kein Glied mehr bewegen.\" Und als er sie vom R\u00fccken des Osheypferdes gehoben hatte, beeilte sie sich noch, ihm mitzuteilen: \"Der Prinz ist der Mann, der in Harna zur Rettung meines Vaters verhei\u00dfen wurde, Hauptmann. Bittet ihn und seine Jagdgef\u00e4hrten doch in meinem Namen, uns bis Hannai zu begleiten.\" Der Hauptmann nickte. \"Das werde ich tun, Prinzessin.\"\"Und morgen geht es in aller Fr\u00fche weiter\", befahl sie, als der Hauptmann sie schon im Eingangsbereich ihres Zeltes \u0001 \u0002 Zofe hatte das Zelt inzwischen wieder aufger\u00e4umt. Als sie Sira auf ihr weiches Lager half, war jedoch zu erkennen, da\u00df sie bei dem \u00dcberfall wohl einen Schlag an den Kopf abbekommen hatte, denn ihr linkes Auge begann zuzuschwellen. Das hinderte sie jedoch gl\u00fccklicherweise nicht daran, Sira eine weitere wohltuende Massage angedeihen zu lassen.* * *",
            "wordcount": "2.250",
            "chapter_release": "26.07.2012",
            "chapter_number": "1"
        },
        "2": {
            "text": "Herzlichen Dank f\u00fcr Eure Kommentare und Euer Lob. Es freut mich, da\u00df auch dieser Teil wieder seine Leser gefunden \u0001 \u0002 2 geh\u00f6rt zeitlich in den Tag und die Nacht, in der \u0001 \u0002 (Das Fest) vom Teil Aufstieg spielt.# # # # #2. SchicksaleHermil wagte nicht, mit der Prinzessin zu sprechen, nur hin und wieder lie\u00df er den Blick \u00fcber die rechte Seite nach hinten schweifen, wie um zu sehen, ob seine Jagdbegleiter noch folgten, oder vielleicht eine Staubs\u00e4ule am Horizont eine Verfolgung durch die Banditenbande zeigen mochte, die siebzehn M\u00e4nner durch die Wachen des K\u00f6nigs von Hannai und die vier Krieger der Tashrany verloren hatten. Und jedes Mal lie\u00df er den Blick f\u00fcr einen hoffentlich unbemerkten Moment auf der schlanken, sehr aufrechten Gestalt der Reiterin rechts neben sich ruhen, die ihr volles schwarzes Haar nun wieder unter ihrem gelben, bestickten Schleier verborgen hatte, ebenso wie die wundersch\u00f6nen Augen...Er l\u00e4chelte versonnen, als er daran dachte, da\u00df ihn ein furchterregender Traum dazu veranla\u00dft hatte, mit seiner Jagdgesellschaft in Richtung der Sch\u00e4deloase zu ziehen, obwohl ihnen allen klar war, das dort keine Antilopen oder Fasane, ja nicht einmal ein Hase zu jagen war. Ausgerechnet Prinzessin Sira war also sein Schicksal - Sira von Berresh, Prinzessin von Hannai, wie der Hauptmann ihrer Wachen sie genannt hatte -, die Urgro\u00dftochter des Mannes, der den letzten Tashranyk\u00f6nig von Hannai entthront und erschlagen \u0001 \u0002 links hinten n\u00e4herte sich Hufgetrappel, Mafar hatte Hermils Falken an Terhan \u00fcbergeben und kam an die Spitze der Reisegesellschaft geritten. \"Hermil\", begann er, \"du solltet einen von uns zur\u00fcck zu den Zelten schicken, um Vater Nachricht zu geben, da\u00df ihr bis Hannai reitet. Er wird sich sonst sorgen.\"Hermil nickte. \"Ja, du hast recht, Mafar. Kehr du zur\u00fcck, wenn du willst, Firat wartet doch sicher schon auf dich, oder?\"Hermils j\u00fcngerer Bruder err\u00f6tete, aber dann teilte er doch das freche Grinsen. \"Nat\u00fcrlich wartet sie, sehns\u00fcchtig. Und ebenso voller Sehnsucht habe ich auf diesen Moment gewartet, da du mir sagst, ich darf heimkehren.\" Mit einem vielsagenden Kopfnicken nach rechts in Richtung der verschleierten Prinzessin raunte er dann: \"Und, \u00e4lterer Bruder, l\u00e4uft nun auch dein Herz Gefahr, von einem Weib eingefangen zu werden?\"Hermil senkte den Blick, auf den Sand vor den Hufen seines Pferdes, dann hob er ihn, so da\u00df er die gro\u00dfen schwarzen S\u00e4ulen am Horizont sehen konnte, die den Weg nach Hannai markierten. \"Es ist schon fast in den Falle\", best\u00e4tigte er dann ebenso leise. Als Hermil wieder zu seinem Bruder sah, lehnte Mafar sich zu ihm hin\u00fcber und fuhr noch leiser fort: \"Unter ihren Leuten hei\u00dft es, sie war in Harna um sich einen Traum deuten zu lassen, der ihrem Vater Verh\u00e4ngnis verhei\u00dft. Und da\u00df du der Retter seist, der ihr von den G\u00f6ttern versprochen wurde.\"\"Dann hatte das Orakel wohl recht, ich habe sie gerettet.\"\"Nein, da\u00df du ihren Vater retten sollst wurde prophezeit, Nisan von Berresh, den K\u00f6nig von Hannai\", zischte Mafar und sah dann besorgt nach rechts, wo neben der Prinzessin auch ihr Hauptmann ritt, aber anscheinend hatte keiner der beiden etwas von dem Gespr\u00e4ch \u0001 \u0002 Tashrany runzelte die Stirn. Eine Reisegesellschaft vor Banditen zu retten w\u00e4re f\u00fcr jeden Oshey selbstverst\u00e4ndlich gewesen, der davon Kunde erhielt, aber f\u00fcr den K\u00f6nig von Hannai zu arbeiten, ihn gar vor irgend etwas zu retten, w\u00fcrde doch Schande \u00fcber jeden Stammesangeh\u00f6rigen bringen. Des K\u00f6nigs Gro\u00dfvater Resan war es gewesen, der Kermul Tashrany, den rechtm\u00e4\u00dfigen K\u00f6nig von Hannai, vor etwa siebzig Jahren hinterlistig gest\u00fcrzt und seine Familie ausgemerzt hatte. Und Nisan selbst versuchte schon lange, die W\u00fcste selbst seinen Besitzt\u00fcmern hinzuzuf\u00fcgen, hielt es f\u00fcr berechtigt, von den St\u00e4mmen Steuerzahlungen einzufordern. Nicht, da\u00df auch nur einer der F\u00fcrsten diesen Forderungen nachkam - oder Nisan wirksame Mittel und Wege gehabt h\u00e4tte, diese Forderungen durchzusetzen. Aber den Titel 'Herr \u00fcber die W\u00fcste' trug er seit Jahren, als h\u00e4tte Tyrima ihn zu ihrem Gemahl erkoren, denn die einzige Herrin der W\u00fcste war die unbarmherzig strahlende Himmelsk\u00f6nigin. Mafar sah seinen Bruder an, als erwarte er irgend ein Wort von ihm, doch Hermil wu\u00dfte nicht, wie er mit dieser seltsamen F\u00fcgung umgehen sollte. \"Wir machen bei den S\u00e4ulen eine Rast. Bleib bis dahin bei uns, so da\u00df wir uns zu viert beraten k\u00f6nnen.\"*Als die vier Oshey sich bei den Schwarzen S\u00e4ulen mit reichlich Abstand zu den St\u00e4dtern in den Schatten zweier aufgespannter M\u00e4ntel setzten, fragte Hermil seine Jagdgef\u00e4hrten: \"Was ratet ihr mir? Die G\u00f6tter haben mich geschickt, die Prinzessin zu retten, sie sei mein Schicksal wurde mir im Traum verhei\u00dfen, und nun h\u00f6re ich von Mafar, da\u00df Orem selbst mich durch das Wort seines Orakel zum Retter von Nisan von Berresh machen will. Wie kann ich meinem Vater danach unter die Augen treten, dessen Verwandter Kermul Tashrany war.\"\"Wenn die G\u00f6tter dies f\u00fcr euch vorgesehen haben, m\u00fc\u00dft ihr gehorchen, Prinz\", begann Terhan sofort. \"Und auch euer Vater wird es so sehen, denn der Gehorsam den G\u00f6ttern gegen\u00fcber ist der Wahre Weg.\" Die anderen zwei nickten und auch Hermil mu\u00dfte ihm darin recht geben.\"Sprecht mit der Prinzessin um zu erfahren, vor welcher Gefahr ihr ihren Vater retten sollt. Wenn die G\u00f6tter es unterst\u00fctzen, wird es wohl ein ehrenvolles Anliegen sein, das euch keine Schande machen wird, Prinz\", gab Barut, der \u00c4lteste der Jagdgef\u00e4hrten, zu bedenken. \"Ist es dagegen ein ehrloses Ansinnen, so sollte gepr\u00fcft werden, was das Orakel in Harna tats\u00e4chlich verk\u00fcndete. Die Dinge dort haben sich in den letzten zwei Jahren ge\u00e4ndert, nachdem die alten Priester in die G\u00e4rten der Freude geholt worden sind.\" Auch dazu nickten die anderen. Alle hatten von den schweren Verw\u00fcstungen der Tempelg\u00e4rten von Harna durch ein gewaltiges Unwetter geh\u00f6rt, von Todesf\u00e4llen unter den Tempeldienern, doch tote Priester hatte man nicht gefunden, auch wenn einige der bedeutendsten M\u00e4nner bis heute verschwunden waren. Das war f\u00fcr alle Oshey der Beweis gewesen, da\u00df Orem selbst seine Getreusten im Tode in Falken verwandelt und in die G\u00e4rten der Freude gerufen hatte.\"Geh nach Hannai und sprich selbst mit dem K\u00f6nig, Hermil. Vielleicht ist es nur die Politik seiner Diener, wie in seinem Namen mit den St\u00e4mmen verfahren wird. Vielleicht ahnt er nichts von den Steuereintreibern, die von uns Gelder fordern. Ist es so, kann er in seiner Stadt Ordnung schaffen und wird dir dankbar f\u00fcr die Nachrichten sein. Es ist immer ehrenhaft, einem ehrenhaften Mann bei ehrenhaften Dingen beizustehen\", riet nun Hermils Bruder Mafar. Auch diesen Ratschlag sahen die anderen M\u00e4nner als gut \u0001 \u0002 dachte einen Moment nach und entschied dann: \"Da wir noch mindestens einen halben Tag unterwegs sein werden, bitte ich die Prinzessin um ein Gespr\u00e4ch, um aus ihrem Munde zu h\u00f6ren, welches Anliegen sie in Harna vorbrachte und welche Antwort sie darauf erhielt. Dann werde ich entscheiden, ob Barut und Terhan mit mir die Prinzessin nach Hannai begleiten, um dort mit ihrem Vater zu sprechen, ob ich allein mit ihr nach Hannai gehe, oder ob wir sie nur bis zur Mauer der Stadt geleiten und dann zun\u00e4chst Harna besuchen, bevor ich eine Entscheidung treffe. Du, Mafar, kehrst jetzt zur\u00fcck, um unserem Vater zu berichten, was du wei\u00dft. Und nimm meinen Jagdvogel mit.\"Als die Reisegesellschaft der Prinzessin wieder aufbrach, ritt Hermil zum Hauptmann der Prinzessin. \"Herr, ich habe meinen j\u00fcngeren Bruder zu unseren Zelten zur\u00fcckgeschickt, damit er dort Bescheid gibt, da\u00df wir die Prinzessin bis Hannai begleiten werden.\"\"In Ordnung\", best\u00e4tigte der Hauptmann und gab seinem Pferd die Sporen, um wieder die F\u00fchrung der Gruppe zu \u00fcbernehmen. \"Herr!\" rief Hermil ihm hinterher und schlo\u00df m\u00fchelos zu ihm auf. \"K\u00f6nntet ihr so freundlich sein, die Prinzessin in meinem Namen um ein Gespr\u00e4ch zu bitten?\"Der Hauptmann nickte nur und gallopierte weiter an die Spitze, wo auch die Prinzessin wieder ritt. Hermil folgte langsamer und sah, wie der Hauptmann mit der Prinzessin sprach und sich dann zur\u00fcckfallen lie\u00df. \"Prinz, begleitet die Prinzessin in ihren Palast nahe Hannai, dort k\u00f6nnt ihr euer Anliegen vorbringen.\"Nun nickte Hermil, bis dahin konnte er sich auch in Ruhe zurechtlegen, was er der Prinzessin von sich erz\u00e4hlen und welche Fragen er ihr zu dem eingeholten Orakel stellen wollte.*Am sp\u00e4ten Nachmittag erreichten sie den Rand der W\u00fcste, die Mauern und T\u00fcrme Hannais kamen schon in Sicht, von der schon tief stehenden Sonne wie vergoldet, doch der Weg der Reisegesellschaft f\u00fchrte nach Osten, um die Stadt herum, an Wiesen und Feldern vorbei, zu einer Baumgruppe, die sich beim N\u00e4herkommen als Teil eines ausgedehnten Parks entpuppte, mit Brunnen und Wasserl\u00e4ufen, bl\u00fchenden B\u00fcschen und einem relativ kleinen, aus wei\u00dfem Stein erbauten Geb\u00e4ude, dessen verzierte S\u00e4ulen und D\u00e4cher den Namen Palast trotz der mangelnden Gr\u00f6\u00dfe verdiente. Der Park erstreckte sich noch sehr viel weiter nach Osten und das Geschrei verschiedener Vogelarten drang an Hermils Ohr, das mu\u00dfte der einst von seinem Namensvetter Hermil Tashranys f\u00fcr die von ihm begr\u00fcndete Oshey-K\u00f6nigslinie und ihre G\u00e4ste angelegte Jagdpark sein. Vielleicht h\u00e4tte er Mafar seinen Vogel doch nicht mitgeben \u0001 \u0002 Siras G\u00e4ste wurden in einen von ausladenden Vord\u00e4chern beschatteten, quadratischen Innenhof geleitet, dessen Zentrum ein von steinernen Falken getragenes Brunnenbecken bildete. Von dem Innenhof gingen wiederum vier R\u00e4ume ab, die nur durch schlanke S\u00e4ulen, die \u00fcber Kopfh\u00f6he durch filigrane Holzgitter verbunden waren, vom Innenhof getrennt waren, so da\u00df die Bauweise an die Zelte der St\u00e4mme erinnerte. Genauere Betrachtung zeigte, da\u00df die Holzgitter Falken im Flug und weitere Jagdszenen zeigten, rote und orangene Vorh\u00e4nge erlaubten, die R\u00e4ume zum Innenhof hin zu schlie\u00dfen. In den Stoff eingewebt fanden sich wiederum Falken, \u00e4hnlich in der Form denjenigen, mit denen auch in den Zelten der Tashrany viele Gegenst\u00e4nde geschm\u00fcckt waren. Sogar die Ausstattung des ersten Raumes den sie betraten erinnerte an die Zelte, der steinerne Boden war mit Teppichen bedeckt, nahe den S\u00e4ulen lagen Sitzkissen, daneben ein flacher runder Tisch, auf dem eine wassergef\u00fcllte Kanne und drei Messingbecher bereitstanden. Nur die Schlafgelegenheit war ein niedriger Holzrahmen, der mit ineinander verflochtenen, ledernen Riemen bespannt waren, auf denen mehrere, aus wattierter Seide bestehende Decken lagen. Zwei weitere R\u00e4ume waren bis auf den Tisch mit der Wasserkanne \u00e4hnlich ausgestattet, der vierte Raum war schon fast eine Art kleines Badehaus mit einer gro\u00dfen, in den Boden eingelassenen \u0001 \u0002 drei Tashrany hatten gen\u00fcgend Zeit sich zu erfrischen, bis ein Diener sie an die Tafel der Prinzessin bat. Er f\u00fchrte sie einige \u00fcberdachte, aber an den Seiten offenen S\u00e4uleng\u00e4nge entlang, bis sie \u00fcber eine Br\u00fccke zu einer ebenfalls \u00fcberdachten Terrasse mitten in einem gro\u00dfen Wasserbecken gelangten, das f\u00fcr ein sehr angenehmes Klima sorgte. Einige St\u00f6rche schritten durch das flache, teilweise mit Seerosen bedeckte Wasser, fanden anscheinend darin auch Fische oder anderes Getier, und etwas entfernter schwammen auch \u0001 \u0002 dem baldachinartigen Dach der Terrasse stand ein rechteckiger Tisch, der bereits mit Speisen aller Art beladen war, darum herum lagen zahlreiche Sitzpolster, die mit strahlend bunten Farben kleinteilig bestickt waren, so da\u00df sie trotz Gr\u00f6\u00dfe und runder Form eher st\u00e4dtisch wirkten. Die nun nicht mehr in ein einfaches Reisegewand, sondern in ein aus schimmernder, blaugr\u00fcner Seide gewebtes st\u00e4dtisches Wickelkleid geh\u00fcllte Prinzessin sa\u00df bereits mittig an einer Langseite des Tisches, mit Blick auf den sich hinter dem Wasserbecken ersteckenden Park, aber sie wandte sich gleich zu ihren eintreffenden G\u00e4sten um. Den bestickten, durchscheinenden Schleier hatte sie \u00fcber den Kopf nach hinten geschlagen, so da\u00df ihr h\u00fcbsches Gesicht und der Haaransatz sichtbar waren. Sie bat ihre drei G\u00e4ste zu Tisch, beantwortete alle Fragen zu den Speisen mit gro\u00dfer Sachkenntnis und lie\u00df ihre gro\u00dfen schwarzen Augen immer \u00f6fter auf Hermil ruhen, anstatt sie \u00fcber das nun schon in der D\u00e4mmerung glitzernde Wasser schweifen zu \u0001 \u0002 des vorz\u00fcglichen Essens wanderten die Gespr\u00e4chsthemen von der K\u00fcche Hannais und Berresh's im Vergleich zur K\u00fcche der St\u00e4mme zur allgemeinen Fleischzubereitung und endlich zur Jagd. Die Prinzessin best\u00e4tigte Hermils Vermutung, hier in einem noch von den Tashrany erbauten Palast zu sitzen, inmitten des von ihnen angelegten Jagdgebietes, in dem sogar ein Wald und ein Sumpf angelegt worden waren, um f\u00fcr die k\u00f6nigliche Tafel selteneres Fleisch von aus dem S\u00fcden eingef\u00fchrten V\u00f6geln und Vierf\u00fc\u00dfern frisch zubereiten zu k\u00f6nnen. Hermil erkl\u00e4rte, da\u00df er f\u00fcr die Fasanen- und Rebhuhnjagd den Falken nahm und nicht, wie die St\u00e4mme es traditionell hielten, Schlingfallen legte. Prinzessin Sira dagegen bevorzugte f\u00fcr die Vogeljagd den Sperber. \"Ich glaube nicht, da\u00df ein Falke in unserem Jagdgebiet mit einem Sperber mithalten kann, zwischen B\u00e4umen wird er durch seine geringere Wenigkeit weit unterlegen sein\", sagte sie entschieden.\"Das sagt ihr nur, weil euch der Falke auf der Hand zu schwer ist, Prinzessin\", mutma\u00dfte Hermil, halb im Scherz. Vermutlich hatte sie, was die Wendigkeit des Sperbers betraf, sogar recht.\"Ich pflege zu Pferd auf die Jagd zu gehen und lasse den Vogel auf einem Sattelknauf sitzen. Wenn mir danach ist, gehe ich mit einem Adler auf die Jagd\", war die promte Antwort auf diese \u0001 \u0002 feurige Temperament der Prinzessin begeisterte Hermil, doch die dem Gast anstehende H\u00f6flichkeit verbot, sie noch weiter durch Widerspruch zu reizen. So belie\u00df er es dabei, das Thema zu beenden: \"Vielleicht k\u00f6nnen wir die Frage, ob Falke oder Sperber \u00fcberlegen ist, einmal durch einen Wettkampf in eurem Jagdgebiet entscheiden.\" Wie ihr goldenh\u00e4utiges Gesicht leuchtete! Oder war das nur das sanfte Licht der Lampen, die eine Dienerin entz\u00fcndet hatte und deren Widerschein die Metallf\u00e4den im Schleier der Prinzessin gl\u00e4nzen \u0001 \u0002 ersten Sterne waren schon am Himmel zu sehen und spiegelten sich in der leicht bewegten Oberfl\u00e4che des Wasserbeckens, als die weitgehend geleerten Sch\u00fcsseln und Schalen abgetragen wurden und nach Rosenbl\u00e4ttern duftender Tee serviert wurde. Die Prinzessin lehnte sich ein wenig \u00fcber den Tisch zu Hermil hin\u00fcber. \"Mein Hauptmann lie\u00df mich wissen, da\u00df ihr etwas mit mir besprechen wolltet, Prinz. Ich nehme nicht an, da\u00df es dabei um die Vorz\u00fcge verschiedener Techniken der Beizjagd gehen sollte\", sagte sie mit einem entz\u00fcckenden aber auch herausfordernden L\u00e4cheln, und Hermil hatte das Gef\u00fchl, ihre Augen w\u00fcrden sein Herz \u0001 \u0002 Moment brauchte er, um sich zu sammeln, die Worte die er sich f\u00fcr sein Anliegen zurechtgelegt hatte, waren vergessen. \"Der Traum und das Orakel\", raunte Barut neben ihm, nippte nur kurz an seiner Teeschale, dann erhob er sich und verneigte sich zun\u00e4chst vor der Prinzessin, dann vor seinem Prinzen. \"Es ist sp\u00e4t und ich bin m\u00fcde. Bitte entschuldigt mich.\" Hastig rappelte sich bei diesen Worten seines Jagdgef\u00e4hrten auch Terhan auf, verbeugte sich ebenfalls, dann verschwanden die beiden \u00fcber die inzwischen von Fackeln beleuchtete Br\u00fccke zur\u00fcck zum \u0001 \u0002 Dienerin, die den Tee in die Schalen gegossen hatten, war wieder im Schatten au\u00dferhalb des Lampenlichtes verschwunden, aus dem Wasser kam das leise Quaken von Fr\u00f6schen und die Prinzessin sah Hermil so erwartungsvoll an, da\u00df ihm trotz der Stichworte von Barut noch immer die Worte fehlten.\"Euer Mann sprach von einem Traum und einem Orakel\", wiederholte die Prinzessin freundlich. \"Ich nehme an, es ist damit mein Traum und der Spruch des Orakels aus Harna, den die Traumdeuter mir gaben, gemeint.\"\"\u00c4h, nein, richtiger: zum Teil, verehrte Prinzessin\", antwortete Hermil. \"Er meinte meinen Traum, der mich zur rechten Zeit in die Sch\u00e4deloase f\u00fchrte, um euch vor den Banditen retten zu k\u00f6nnen.\"\"Dann seid doch so gut und erz\u00e4hlt mir davon, oder zieht ihr es vor, zun\u00e4chst von meinem Traum zu h\u00f6ren, mein Prinz?\" \u00dcber den Rand der Teeschale schienen ihre gro\u00dfen, schwarzen Augen nach seinem Herzen nun auch noch den Rest von ihm verschlingen zu wollen.\"Euer Wunsch ist mir Befehl, liebliche Prinzessin\", beeilte sich Hermil zu antworten, trank zur Beruhigung seines angesichts ihres Blickes aufwallenden Blutes und zur Sammlung f\u00fcr das ernste Thema ebenfalls einen Schluck des zart duftenden Tees und begann: \"An dem Tag, da wir uns trafen, war ich mit meinen Gef\u00e4hrten schon seit einigen Tagen von den Zelten der Tashrany entfernt, um zu jagen. Wir rasteten w\u00e4hrend der gr\u00f6\u00dften Hitze an einem Brunnen und w\u00e4hrend der Mittagsruhe tr\u00e4umte ich, da\u00df ich meinen Falken hatte aufsteigen lassen, um ein Rebhuhn zu schlagen. Doch dann st\u00fcrzte ein anderer, viel gr\u00f6\u00dferer Falke mit strahlend wei\u00dfem Gefieder aus dem Himmel auf mich herab, als sei ich seine Beute. Doch bevor er mich ganz erreicht hatte verharrte er in der Luft, tat den Schnabel auf und sprach mit gewaltiger Stimme, die mir das Blut in den Adern stocken lie\u00df: 'H\u00f6re meine Worte, Sterblicher! Nicht weit von hier, in der Sch\u00e4deloase, an der die Karawanenstra\u00dfe nach Norden entlang f\u00fchrt, werden Banditen dein Schicksal entf\u00fchren, wenn du nicht eingreifst. Gelingt es ihnen, wirst du dein Leben lang nur ein einfacher Sohn der W\u00fcste bleiben, obwohl du zu Gr\u00f6\u00dferem geboren bist.'\" Noch in der Erinnerung an diesen Traum erschauderte Hermil vor Ehrfurcht. \"Nat\u00fcrlich war dies kein gew\u00f6hnlicher Falke, es mu\u00df ein Gesandter Orems gewesen sein, ein Unirdischer, der mir diese Nachricht der G\u00f6tter brachte. Also folgte ich seinem Befehl, wir ritten so schnell wir es vermochten zur Sch\u00e4deloase, wo die Banditen bereits eure Reisegesellschaft angegriffen hatten. Als uns euer Hauptmann zurief, da\u00df seine Prinzessin entf\u00fchrt worden sei, wu\u00dfte ich, da\u00df ihr mein Schicksal sein m\u00fc\u00dft, denn diese Worte durchfuhren mein Herz wie ein Pfeil. Also ritt ich dem Entf\u00fchrer hinterher und konnte endlich auch euch retten.\"Die Prinzessin hatte wie gebannt an seinen Lippen gehangen, w\u00e4hrend er erz\u00e4hlte, nun seufzte sie in einer wohlig klingenden Art und Weise. \"Teilen sich die G\u00f6tter euch immer so klar und deutlich mit? Ihr m\u00fc\u00dft gesegnet sein, da ja auch das Blut der Unirdischen in euren Adern flie\u00dft.\"Hermil sch\u00fcttelte verlegen den Kopf. \"Es war das erste Mal, da\u00df die G\u00f6tter sich mir mitteilten. Doch hei\u00dft es, ich verdankte es einem \u00e4hnlichen Traum von einem Unirdischen, da\u00df ich als Waisenkind in der Fremde zur\u00fcck zu meinem Stamm gebracht wurde.\"\"Oh, mein Prinz, davon m\u00fc\u00dft ihr mir ebenfalls erz\u00e4hlen\", bat die Prinzessin. Und sie f\u00fchrte wieder in einer so aufreizenden Art und Weise ihre Teeschale an die Lippen, da\u00df Hermil verlegen den Blick abwenden mu\u00dfte. \"Erz\u00e4hlt mir doch zun\u00e4chst von eurem Traum und dem Orakel\", fiel ihm dann ein und trank ebenfalls einen weiteren Schluck von dem aromatisierten \u0001 \u0002 Prinzessin stellte die Schale wieder ab und nickte. \"Ihr habt recht. Wie sonst k\u00f6nntet ihr w\u00fcrdigen, wie die G\u00f6tter kunstvoll unser beider Schicksale verkn\u00fcpft haben.\" Sie schien sich zu sammeln, vielleicht um den rechten Anfang zu finden, und begann dann: \"Vor einigen Wochen tr\u00e4umte mir drei N\u00e4chte hintereinander folgendes: ein schwarzer Hengst auf einer vertrockneten Weide sah in geringer Ferne eine Weide von sattem Gr\u00fcn. Er besann sich nicht lange und machte sich auf den Weg dorthin. Alle, die er auf seinem Weg traf und die ihn nach seinem Vorhaben befragten, warnten ihn vor der fetten Weide, doch der stolze Hengst achtete nicht auf die Warnungen und erreichte die fruchtbare Weide schlie\u00dflich. Dort war niemand, der ihm das Grasen verbot und so begann er, das saftige Gras zu rupfen und zu kauen, bis er satt war und seine anf\u00e4ngliche Wachsamkeit zu satter Schl\u00e4frigkeit geworden war. Da st\u00fcrzte sich pl\u00f6tzlich ein wei\u00dfer Falke auf den Rappen hinab und hackte ihm beide Augen aus, bevor er ihn von der Weide vertrieb.\" Allein die Erinnerung an den Traum schien in der Prinzessin wieder neu die Besorgnis zu erwecken, Tr\u00e4nen glitzerten in ihren Augen, doch nach ein paar Atemz\u00fcgen beruhigte sie sich wieder und fuhr fort:\"Drei N\u00e4chte hintereinander wachte ich voller Angst und Schrecken auf, denn der Rappe auf gr\u00fcnem Grund ist doch das Wappentier unseres Hauses, zudem plante mein Vater und seine Feldherren schon seit einiger Zeit einen Feldzug nach Tetraos, das als Kornkammer des Westens gilt und ich f\u00fcrchtete, da\u00df der Traum f\u00fcr diesen Feldzug B\u00f6ses verhie\u00df. Endlich, nachdem ich meinen Vater lange gebeten hatte, erlaubte er mir, zum Orakel Orems zu reisen, damit die Priester des Herrn der Nacht mir diesen Traum deuteten. Mit einer ausreichend scheinenden Menge an Wachen und dem treusten der Hauptleute meines Vaters machten wir uns also auf den Weg nach Harna. Die Priester dort empfingen mich sofort und ich erz\u00e4hlte ihnen von dem Traum den ich gehabt hatte. Nacheinander holten drei Traumdeuter in meiner Gegenwart den Rat ihres Gottes ein, doch dann mu\u00dften sie sich \u00fcber das, was sie in ihren Visionen gesehen hatten, zun\u00e4chst einen Tag beraten, bevor sie mir ihren Spruch gaben. Und schlie\u00dflich verk\u00fcndeten sie mir: 'Deinem Vater droht Unheil und Tod, denn die G\u00f6tter selbst z\u00fcrnen ihm. Nur ein Mann vermag diesen Zorn abzuwenden und dessen Zeichen ist: zwei Sonnen unter dem nachtschwarzen Himmel.'\" Die Prinzessin l\u00e4chelte Hermil versonnen an, dann fuhr sie fort: \"Ihr werdet mir zustimmen, mein Prinz, dieser Spruch war r\u00e4tselhaft, denn wie sollte man den Retter finden. Da ich bef\u00fcrchtete, da\u00df das zu erwartende Unheil auch mit dem in zwei Tagen beginnenden Feldzug in Verbindung steht, beschlo\u00df ich, diesen Spruch dem Hohepriester des Ungenannten in Hannai vorzulegen, da mein Vater auf dessen Wort eher vertraut, als auf das Orakel Orems. Doch dann begegnete ich euch, und als ihr mich aus den H\u00e4nden des Entf\u00fchrers befreitet, sah ich die zwei Sonnen unter dem nachtschwarzen Himmel, eure bernsteinfarbenen Augen unter eurem schwarzen Kopftuch. Ich wu\u00dfte, da\u00df ihr es seid, der den Zorn der G\u00f6tter von meinem Vater abwenden wird, daher bat ich euch, mich nach Hannai zu begleiten. Und die Erz\u00e4hlung von eurem Traum best\u00e4rkt mich nun darin, da\u00df tats\u00e4chlich ihr der verhei\u00dfene Retter seid. Ich hatte schon kurz nach unserer Ankunft hier eine Nachricht an meinen Vater gesandt und eine an den Hohepriester des Ungenannten. Mein Vater will euch morgen empfangen und ich hoffe, ihr wendet dann alles zum Guten.\"Nat\u00fcrlich w\u00fcrde er seiner wundersch\u00f6nen Prinzessin in jeder Weise helfen und das Schicksal ihres Vaters zum Guten werden, ging Hermil durch den Kopf, aber dann erinnerte er sich der Worte Baruts. War es denn wirklich ein ehrenvolles Anliegen, den gerechten Zorn der G\u00f6tter von ihrem Opfer abzuwenden? Wenn Hermil sich dem Richtspruch der G\u00f6tter entgegenstellte, konnte das f\u00fcr einen Oshey nicht als ehrenvoll angesehen werden, egal wie man es auch betrachtete. Wenn nat\u00fcrlich wirklich der geplante Feldzug des K\u00f6nigs den Zorn der G\u00f6tter begr\u00fcndete und es Hermil gelang, den K\u00f6nig davon zu \u00fcberzeugen, von diesem Feldzug abzulassen, w\u00e4re dies ein ehrenhaftes Vorgehen, bei dem er sich den G\u00f6ttern nicht entgegenstellte, sondern dem Mann, der vom Wahren Weg abzuweichen drohte, wieder die Schritte zur\u00fcck wies. Allerdings sah sich der K\u00f6nig selbst nicht in der Tradition der Oshey, viele seiner Taten lagen weit ab vom Wahren Weg. Die Prinzessin selbst hatte gerade gesagt, da\u00df er eher etwas auf die Worte des Priesters eines fremden Gottes gab, als auf die des altehrw\u00fcrdigen Orem-Orakels in \u0001 \u0002 Sira hatte zun\u00e4chst gewartet, w\u00e4hrend Hermil \u00fcberlegte, doch nun rechnete sie wohl mit einer Entscheidung, denn sie fragte: \"Werdet ihr also morgen mit mir in die Stadt kommen und meinen Vater besuchen?\"\"Ich werde euch morgen begleiten\", versprach Hermil. \"Aber heute nacht bete ich um eine Weisung der G\u00f6tter, liebliche Prinzessin. Ich hoffe, morgen wei\u00df ich dann, wie genau ich das Schicksal eures Vaters zum Guten wenden kann, ohne selbst den Wahren Weg zu verlassen.\"* * *",
            "wordcount": "3.779",
            "chapter_release": "26.07.2012",
            "chapter_number": "2"
        },
        "3": {
            "text": "Wieder einmal herzlichen Dank f\u00fcr Eure Kommentare. Ich habe mich sehr dar\u00fcber \u0001 \u0002 Dank insbesondere an Sionon Klingensang f\u00fcr detaillierte Fehlersuche in diesem Kapitel, die ich dadurch ausmerzen konnte!Kapitel 3 spielt am Morgen des Tages, der in \u0001 \u0002 (F\u00fcrstliche Gew\u00e4nder) vom Teil Aufstieg anbricht.# # # # #3. Zur AudienzSira erwachte beim ersten Tageslicht, das durch die noch geschlossenen Vorh\u00e4nge auf das Kopfende ihres Bettes fiel. Heute konnte sie ihrem Vater nicht nur die Deutung ihres Traumes durch die Orempriester, sondern zugleich auch den Retter vor dem Zorn der G\u00f6tter pr\u00e4sentieren. Auch wenn der sehr gutaussehende Oshey-Prinz am Vorabend noch die Einschr\u00e4nkung gemacht hatte, da\u00df er nur dem Wahren Weg folgtend handeln w\u00fcrde, war sie doch sicher, da\u00df er ihr und damit ihrem Vater helfen wollte. Zufrieden r\u00e4kelte sie sich auf ihrem Bett, stellte erfreut fest, da\u00df das hei\u00dfe Bad und die Massagen am Vortag ihre Verspannungen und Schmerzen der Reise nun doch v\u00f6llig gel\u00f6st hatten. Also sprang sie auf, schickte eine Dienerin, ihren Gast zum Fr\u00fchst\u00fcck zu bitten und erst danach sorgte sie daf\u00fcr, da\u00df sie selbst angekleidet und f\u00fcr die Audienz bei ihrem Vater pr\u00e4sentabel gemacht \u0001 \u0002 Tashrany kam allein in den Innenhof, in dem das Fr\u00fchst\u00fcck serviert worden war. Seine M\u00e4nner hatten sich doch so fr\u00fch zur Ruhe begeben, sie konnten kaum noch schlafen. \"Wo sind eure Jagdgef\u00e4hrten, mein Prinz?\" fragte Sira also und winkte der Dienerin, dem Prinzen eine Schale des mit Jasminbl\u00fcten aromatisierten Tee zu \u0001 \u0002 Prinz setzte sich ihr gegen\u00fcber an den niedrigen Tisch, roch neugierig an dem ihm anscheinend ungewohnten Getr\u00e4nk und kostete dann vorsichtig davon, bevor er antwortete: \"Werte Prinzessin, ich bitte euch, ihre fr\u00fche Abreise zu entschuldigen, aber unser Jagdausflug geht nun schon in den dritten Tag, und in den Zelten warten noch andere Aufgaben auf sie.\"Sira nickte gn\u00e4dig und verfolgte am\u00fcsiert, wie dem Prinzen der Tee anscheinend von Schluck zu Schluck mehr zusagte. \"Immerhin seid ihr geblieben, Retter meines Vaters\", wagte sie einen Vorsto\u00df, als der Mann zu einem der d\u00fcnnen Brotfladen griff, wie sie ihres Wissens auch in den Zelten der St\u00e4mme gegessen \u0001 \u0002 Tashrany hielt in der Bewegung inne und schlo\u00df den gerade zum Verzehr des zusammengerollten Fladens ge\u00f6ffneten Mund. Dann r\u00e4usperte er sich und begann verlegen: \"Prinzessin, noch habe ich euren Vater nicht gerettet.\"\"Aber ihr werdet es tun, oder haben es euch die G\u00f6tter im Schlaf verboten?\" vergewisserte Sira \u0001 \u0002 Tashrany sch\u00fcttelte hastig den Kopf. \"Nein, das haben sie nicht. Tats\u00e4chlich wurde ich im Gegenteil ermutigt, das Gespr\u00e4ch mit eurem Vater zu suchen. Anscheinend sind die G\u00f6tter mit meinen gestrigen \u00dcberlegungen zu diesem Thema einverstanden, vielleicht hoffen sie, da\u00df ich ihm den Wahren Weg weise.\"Wie es wohl sein mochte, von den G\u00f6ttern Weisungen zu erhalten? War es eher furchterregend oder f\u00fcllte es den Empf\u00e4nger dieser Weisungen statt dessen mit Vertrauen in die eigene Bedeutung im Plan der G\u00f6tter? \"Der Bote der G\u00f6tter hat also wieder zu euch gesprochen?\" vergewisserte sie sich. Hermil Tashrany nickte. \"Ja, der Falke ist mir wieder erschienen, und er sprach wieder zu mir. Er sagte, ich solle ohne Furcht mit dem K\u00f6nig sprechen, die G\u00f6tter w\u00fcrden \u00fcber mich wachen.\" Dann l\u00e4chelte er. \"Nicht, da\u00df mir als euer Gast bei einem Gespr\u00e4ch mit eurem Vater irgend ein Leid drohen k\u00f6nnte.\"Sie dachte an den J\u00e4hzorn ihres Vaters, der sich gew\u00f6hnlich insbesondere an Themen entz\u00fcndete, bei denen es um die V\u00f6lker der W\u00fcste oder um einzelne Stammesangeh\u00f6rige, die es bis nach Hannai verschlagen hatte, ging. Und was die Oshey und ihren Wahren Weg betraf, wurde er dazu noch regelm\u00e4\u00dfig polemisch. Da\u00df sich eine ihrer Augenbrauen skeptisch hob, konnte Sira nicht verhindern. \"Ihr glaubt, mir k\u00f6nnte doch Gefahr drohen?\" wollte der Oshey-Prinz \u00fcberrascht wissen.\"Es w\u00e4re durchaus im Rahmen des M\u00f6glichen, da\u00df er euch hinauswerfen l\u00e4\u00dft, mein Prinz. Aber ich werde zuerst mit ihm reden und ihm klarzumachen versuchen, wie wichtig es ist, das Gespr\u00e4ch mit euch zu f\u00fchren und eure Ratschl\u00e4ge zu erw\u00e4gen.\" Dann seufzte sie. \"Ich hatte es mir irgendwie einfacher vorgestellt, die Rettung meines Vaters vor dem Zorn der G\u00f6tter ins Werk zu setzen. Seine Kooperation dabei hatte ich nicht f\u00fcr notwendig gehalten.\"\"Meint ihr nicht, da\u00df er klug genug ist, das Vern\u00fcnftigste f\u00fcr sich und Hannai zu erkennen? Er regiert sein Reich doch schon seit Jahren und hat das, was er von seinem Vater erbte, vermehrt. Er mu\u00df ein verst\u00e4ndiger Mann sein, denn Kriegsgl\u00fcck allein ist zu wechselhaft, um damit jede Eroberung f\u00fcr sich zu entscheiden.\" Trotz der freundlichen Worte war Hermil Tashrany anzumerken, da\u00df es nicht vorrangig Bewunderung f\u00fcr den K\u00f6nig war, die aus ihm sprach. Anscheinend hatte der Mann aus der W\u00fcste seine eigene Meinung zu den Eroberungen des K\u00f6nigs von \u0001 \u0002 l\u00e4chelte freudlos. \"Oh ja, mein Vater hat viele Eigenschaften, die ihn zum Herrschen bef\u00e4higen. Er ist klug, skrupellos und hat ein Gesp\u00fcr f\u00fcr seinen Profit. Wenn ein Feldzug keinen sicheren Erfolg verspricht, schickt er seine M\u00f6rder in das gegnerische Lager, oder seinen Schatzmeister. Tats\u00e4chlich geschlagen hat er seine Schlachten nur selten.\"\"Dieses Verhalten ist doch in den Augen seines Gottes nicht ehrenr\u00fchrig, soweit mir bekannt ist. Eure Worte klingen, als w\u00e4ret ihr nicht besonders stolz auf seinen Erfolg.\" Nun lehnte Hermil sich neugierig \u00fcber den Tisch und musterte sie pr\u00fcfend. Ja, sie war weit weniger diplomatisch als er, aber wollte er nun noch Schm\u00e4hungen \u00fcber den K\u00f6nig von ihr h\u00f6ren? Lauerte er darauf, da\u00df sie allenfalls oberfl\u00e4chliche Kenntnisse der Schriften verriet? Die bernsteinfarbenen Augen, deren auff\u00e4llige Farbe durch die schwarz geschminkten Lider noch strahlender wirkte, schienen in diesem Moment wie die eines Raubvogels. Sira mi\u00dfhagte das Gef\u00fchl, sich pl\u00f6tzlich in der Position des Jagdwildes zu befinden. Mit einem Ruck richtete sie sich auf. \"Prinz Tashrany, auch ich habe die Schriften studiert. Ich wei\u00df, da\u00df ein Kind seinem Vater gegen\u00fcber zu Treue und Folgsamkeit verpflichtet ist, doch wo der Vater den Wahren Weg verl\u00e4\u00dft, wie kann ihm das Kind, das diesen Weg als den seinen ansieht, da weiter folgen? Ich werde alles tun, damit mein Vater vor Unbilden verschont bleibt, aber seine Methoden der Herrschaft kann ich trotzdem oft nicht guthei\u00dfen. Er beruft sich auf seinen Gott aus Berresh, den sein Gro\u00dfvater mit hierher brachte. Doch dieser Gott verlangt nur Opfertiere von seinen Dienern, die Vermehrung der Zahl seiner Anh\u00e4nger und den Kampf gegen die D\u00e4monen. Wie man diesen Kampf ausfechtet, wie man das Herrschaftsgebiet des Gottes vergr\u00f6\u00dfert, ist v\u00f6llig uninteressant.\"\"Und diese fehlende Moral hat euch dazu gebracht, die Besch\u00e4ftigung mit den Schriften zu suchen?\" wollte Hermil mit offensichtlicher Neugierde \u0001 \u0002 sch\u00fcttelte den Kopf. \"Meine Mutter, die hier aus Hannai stammte, weckte in mir den Wunsch, mein Leben nach den Schriften auszurichten. Und nach ihrem Tode hat eine andere Frau meines Vaters die Aufgabe \u00fcbernommen, weiter mit mir die Schriften zu diskutieren. Ich wei\u00df, da\u00df ich keine Oshey werden kann, denn dieses Privileg steht allein den Angeh\u00f6rigen der St\u00e4mme zu, aber ich kann dem Wahren Weg ebenso ernsthaft folgen, wie ihr oder ein anderer Oshey es tut.\"Hermil schwieg eine Weile, l\u00e4chelte dann sanft. \"Also seid ihr so etwas wie eine Oshey-St\u00e4dterin\", fa\u00dfte er dann \u0001 \u0002 Wortzusammenstellung klang so seltsam und doch so passend, da\u00df Sira schlie\u00dflich nickte. \"Ja, vielleicht bin ich wirklich soetwas, das erkl\u00e4rt, warum mein Vater gelegentlich an mir verzweifelt.\"Hermil lachte dazu. \"Schaut mich an, ich bin eine Art St\u00e4dter-Oshey. W\u00e4re mein unirdisches Erbteil nicht so deutlich, h\u00e4tte nicht ein Bote der G\u00f6tter zu dem Mann gesprochen, der mich zur\u00fcck zu den Zelten der Tashrany brachte, w\u00e4re ich wohl in der Familie eines Letrani aufgewachsen.\" Dann senkte er err\u00f6tend den Blick. \"Und euch h\u00e4tte ich allenfalls als ein Gesandter dieser Stadt kennengelernt\", f\u00fcgte er fast fl\u00fcsternd hinzu.\"Aber ihr seid doch aus der Familie des F\u00fcrsten der Tashrany\", vergewisserte Sira sich. Wie sonst kam er als Oshey zu dem Titel 'Prinz'?Hermil Tashrany nickte. \"Ja, der F\u00fcrst der Tashrany hat mich auf Weisung der G\u00f6tter als Sohn angenommen, vor dem Gesetz bin ich der zweite Sohn des F\u00fcrsten. Und in meinen Adern flie\u00dft nach Aussage des Boten der G\u00f6tter auch das Blut der Tashrany. Das Wort der G\u00f6tter gen\u00fcgt den Oshey in solchen F\u00e4llen.\"\"Also haben sich schon in eurer fr\u00fchesten Jugend die G\u00f6tter um euch gek\u00fcmmert.\" Sira hatte das Gef\u00fchl, einen der Heiligen, von denen die Schriften erz\u00e4hlten, hier an ihrem Fr\u00fchst\u00fcckstisch zu haben. \"Erz\u00e4hlt mir doch bitte davon, wie ihr in die Zelte der Tashrany gelangtet\", bettelte sie aufgeregt und Hermil Tashrany nickte.\"Einem alten Mann namens Neshrim Temhaly, der in der Wache des Oshey-K\u00f6nigs von Hannai gedient hatte und nach dessen Sturz in die Fremde nach Norden gezogen war, erschien vor knapp achtzehn Jahren im Traum ein wei\u00dfer Falke. Dieser Falke befahl ihm, einen kleinen Jungen mit bernsteinfarbenen Augen aus dem Haus einer Hebamme in Letran abzuholen und zur\u00fcck zum Stamm seiner Mutter zu bringen, zu den Tashrany. Und der Falke befahl ebenfalls, da\u00df der F\u00fcrst der Tashrany dieses Kind als Sohn annehmen sollte.\" Hermil Tashrany verstummte.\"Und so geschah es dann, nehme ich an?\" fragte Sira, etwas entt\u00e4uscht \u00fcber die K\u00fcrze der Geschichte.\"Nat\u00fcrlich, so geschah es\", best\u00e4tigte Hermil Tashrany. \"Der alte Mann fand das Haus der Hebamme und wirklich war dort das Kind mit den bernsteinfarbenen Augen. Und er brachte es zu den Tashrany, wo der F\u00fcrst des Stammes es als Sohn annahm. Eine Waise war dieses Kind, denn die Mutter war kurz nach der Geburt verschwunden. Und die Mutter hatte ebenfalls die Zeichen der Menschen mit unirdischem Blut getragen, die bernsteinfarbenen Augen hatte sie gehabt, dazu schlohwei\u00dfe Haare. Doch selbst hatte die Hebamme diese Mutter nie gesehen, nie den Namen erfahren, ein Reisender hatte das Kind im Auftrag der Mutter zu der Hebamme gebracht und der Frau auf Nachfrage nur das \u00c4u\u00dfere der Mutter beschreiben k\u00f6nnen.\"\"Also wi\u00dft ihr nichts \u00fcber eure wahren Eltern?\"\"Nur, da\u00df meine Mutter eine Tashrany war und ich ihr das unirdische Blut verdanke.\"Wer hatte ihr noch von diesem M\u00e4dchen erz\u00e4hlt? War es einer der Orempriester aus dem hiesigen Tempel gewesen? Oder hatte sie es von einer der Frauen aus dem Harem ihres Vaters geh\u00f6rt, als sie mit der neuen Frau ihres Vaters die Schriften diskutiert hatte? Bernsteinfarbene Augen und wei\u00dfe Haare soll sie gehabt haben, und von wahrhaft unirdischer Sch\u00f6nheit gewesen sein. Sira erinnerte sich noch, da\u00df sie sich damals unter den 'bernsteinfarbenen Augen' nicht so recht etwas hatte vorstellen k\u00f6nnen. Sie hatte an den milchig-hellgelben Bernstein gedacht, aus dem Perlen geschnitten wurden, die einen sch\u00f6nen Kontrast zur dunklen Haut bildeten und sich gefragt, warum von den strahlenden Augen der Unirdischen geschrieben wird, wenn sie eher aussehen, wie die Augen Erblindeter. Aber Hermils tats\u00e4chlich strahlenden Augen waren von einem dunklen Gelb, wie die Augen eines Falken, also war wohl mit der Bezeichnung immer schon eher der harzfarbene und klare Bernstein, in dem man gelegentlich eingeschlossene Insekten und andere kleine Tiere entdecken konnte, gemeint. Da die Zeit der gro\u00dfen Helden schon lange vorbei war, und es kaum Menschen gab, die die Zeichen des unidischen Blutes so deutlich trugen wie Hermil Tashrany und seine Mutter, war die Wahrscheinlichkeit recht gro\u00df, da\u00df dieses M\u00e4dchen tats\u00e4chlich Hermil Tashranys Mutter war. \"Vielleicht k\u00f6nnen wir etwas \u00fcber eure Mutter herausfinden\", lie\u00df sie den jungen Mann an ihren \u00dcberlegungen teilhaben.\"Wie das?\" fragte er mit skeptischem Blick.\"Ich habe nur davon geh\u00f6rt, aber in Hannai machte vor etwa drei\u00dfig Jahren ein M\u00e4dchen mit unirdischem Blut von sich reden, da es mit dem damaligen hannaischen Hohepriester Orems, einem der gr\u00f6\u00dften Schriftgelehrten der Stadt, im Alter von zehn Jahren \u00f6ffentlich die Schriften diskutierte. Sie hatte wohl wei\u00dfes Haar und bernsteinfarbene Augen und ihr Vater soll ein Tashrany gewesen sein. Das M\u00e4dchen k\u00f6nnte also durchaus als eure Mutter in Frage kommen.\"Hermil Tashrany ri\u00df aufgeregt die Augen auf. \"Ja, es k\u00f6nnte wirklich sein! Wi\u00dft ihr noch mehr \u00fcber sie? Etwa wo genau sie wohnte und was aus ihrer Familie geworden ist?\"Sira sch\u00fcttelte bedauernd den Kopf. \"Dar\u00fcber wei\u00df ich nichts. Aber vielleicht ist dazu etwas Hilfreiches in den Aufzeichnungen des hiesigen Oremtempels vermerkt. Ich werde mich erkundigen und euch dann mitteilen, was ich erfahren konnte.\"\"Oh ja, bitte, wollt ihr das f\u00fcr mich tun?\" Wie schnell sein Atem nun ging! Doch dann ri\u00df er sich merklich zusammen, beruhigte sich wieder, senkte den Blick auf die eigenen H\u00e4nde und sagte leise: \"Das lie\u00dfe mich tief in eurer Schuld stehen.\"Wie gut er seine Gef\u00fchle im Griff hatte! Er w\u00fcrde sich vom K\u00f6nig nicht provozieren lassen und ihm im Gespr\u00e4ch sicherlich gewachsen sein. \"Ihr habt gleich Gelegenheit, diese Schuld zu begleichen\", erinnerte Sira ihren Gast. \"Ihr wi\u00dft ja, da\u00df noch das Gespr\u00e4ch mit meinem Vater bevorsteht.\"Nun wurde sein Gesicht zu einer ausdruckslosen Maske. \"Nat\u00fcrlich, ihr habt recht.\" Offensichtlich war sein Interesse mit dem K\u00f6nig zu sprechen weit geringer, als mehr \u00fcber jenes M\u00e4dchen herauszufinden, das seine Mutter sein mochte.\"Mein Vater hat viel zu tun, er wird euch nur wenig Zeit f\u00fcr das Gespr\u00e4ch widmen k\u00f6nnen. Danach k\u00f6nnen wir alle Nachforschungen unternehmen, die ihr f\u00fcr sinnvoll haltet\", tr\u00f6stete Sira ihren Gast. \"Doch nun m\u00fcssen wir aufbrechen, denke ich.\" Und Hermil Tashrany nickte.* * *",
            "wordcount": "2.270",
            "chapter_release": "26.07.2012",
            "chapter_number": "3"
        },
        "4": {
            "text": "4. Das EndeIch habe lange mit mir gerungen, ob und wie ich die 'Gefl\u00fcgelte Schlange' hier bei Fanfiktion fertigstelle. Ich bin mit der vorliegenden Erz\u00e4hlversion an einem toten Punkt angelangt, eigentlich m\u00fc\u00dfte ich die Geschichte \u0001 \u0002 sehe ich mich Euch, meinen treuen Lesern, verpflichtet, die Geschichte wenigstens inhaltlich zu einem Ende zu f\u00fchren. Ich hatte mir \u00fcberlegt, als Fortsetzung die entsprechenden Teile der Vorg\u00e4ngerversion der Geschichte hochzuladen, aber da einige Charaktere dort gar nicht oder ganz anders auftauchen, pa\u00dft es \u00fcberhaupt \u0001 \u0002 habe ich mich letztendlich dazu entschlossen, eine Zusammenfassung der Handlung als abschlie\u00dfendes Kapitel zu \u0001 \u0002 ist das unbefriedigend, ich kann Euch nur darauf vertr\u00f6sten, da\u00df es eine neue, ganze und ganz anders erz\u00e4hlte Version geben wird, in den n\u00e4chsten Jahrzehnten. Wenn Euch der Fortschritt daran interessiert, schaut auf meiner Webseite, die ich \u00fcber mein Profil hier bei Fanfiktion verlinkt habe, oder auf meiner Facebook-Seite.* * * * *Die hier geschilderten Geschehnisse schlie\u00dfen direkt an die Handlung von Teil 2 - Die gefl\u00fcgelte Schlange - Schatten - an.#####Der Mann, der das famili\u00e4re Zusammensein von Merat und Amemna st\u00f6rt, ist ein Bote der Feldherren, der Amemna zu einer Konferenz ruft. Die Hannaiim haben einen Unterh\u00e4ndler geschickt, der um Friedensverhandlungen bittet. Bei der Vorbesprechung dazu stehen sich Amemna und Adarach das erste Mal wieder Aug in Auge gegen\u00fcber. Man ist sich fremd geworden, aber sie waren vor gut zwei Jahren Liebende, und das schafft eine auch f\u00fcr Fremde erkennbare \u0001 \u0002 ist eingetroffen, nat\u00fcrlich nimmt sie als Vertreter Tetraos' an den Friedensverhandlungen teil, auf der anderen Seite steht ein Vertreter des neuen K\u00f6nigs von \u0001 \u0002 neue K\u00f6nig ist Hermil Tashrany. Dieser junge Mann war vom alten K\u00f6nig \u2013 Siras Vater \u2013 eingekerkert worden, weil der Hermil im dem pers\u00f6nlichen Treffen als unversch\u00e4mt empfand. Sira befreit Hermil heimlich, eine Dame vom Hofe des K\u00f6nigs \u2013 Patrais von Letran - verschafft Hermil einen roten Edelstein und schickt ihn nach Hause zu seinem Stamm. Auf dem Heimweg spricht ein Falke zu ihm, der ihm offenbart, da\u00df der Stein magisch ist und er mit seiner Hilfe Hannai einnehmen werde. Auch wenn die Tashrany skeptisch sind, folgen sie Hermil schlie\u00dflich in den Kampf, da sie diesen magischen Stein als den seit Urzeiten im Zepter der K\u00f6nige von Hannai befindlichen Edelstein erkennen und dies als Zeichen der Hilfe der G\u00f6tter \u0001 \u0002 Hermils Heer vor der Stadt steht, wird Hannai ihm fast unverz\u00fcglich von den Wachen \u00fcbergeben, die mit dem alten K\u00f6nig unzufrieden waren. Hermil l\u00e4\u00dft Siras Vater ziehen, plant, Sira zu heiraten und setzt sich auf den Thron. Den aktuellen Krieg gegen Tetraos will er friedlich beenden, da es seine Herrschaft \u00fcberschatten w\u00fcrde, f\u00fchrte er ihn \u0001 \u0002 sitzt noch immer in seinem fahrbaren Kerker. Nachdem die Friedensverhandlungen zu einem erfolgreichen Ende gef\u00fchrt wurden und die Aufl\u00f6sung des Heeres und die Entlassung der S\u00f6ldner ansteht, offenbart der Schreiber Barida, da\u00df er unter den S\u00f6ldnern den Sohn des St\u00e4dtezerst\u00f6rers gefunden habe. Er m\u00fcsse f\u00fcr seinen Mord an Baridas Gatten, des K\u00f6nigs von Tetraos, anstelle seines nicht erreichbaren Vaters zur Rechenschaft gezogen werden, das sei sie den Tetraosi schuldig. Da durch das Heer von Tetraos vor Ort ein Gro\u00dfteil der B\u00fcrgerschaft anwesend ist, willigt Barida, trotz Bauchschmerzen, der \u00f6ffentlichen Verhandlung zu. Sie hofft, um Amemnas willen, auf die Gnade des \u0001 \u0002 wird mit Merats Leuten fortgeschickt, Merat verkleidet sich als Mann, um bei Amemna zu bleiben. Derhan wird mit dem kleinen Nefut nach Tetraos geschickt, Amemna hat ihn aus seinem Dienst entlassen und vorzeitig ausgezahlt. Sein Weg nach Tetraos und Baridas Weg zum Heer \u00fcberschneiden sich ohne ein Treffen der \u0001 \u0002 hat Amemna erfolgreich ins Gewissen geredet, ihren Partnern mit unirdischem Blut nicht die Energie 'abzuziehen'. Amemna verspricht hoch und heilig, das nicht wieder zu \u0001 \u0002 ist anders, anscheinend ist er selbst ganz weg, nur der D\u00e4mon ist noch da, und er scheint einiges \u00fcber Amemnas Herkunft zu wissen, h\u00e4lt sich aber noch bedeckt. Seine Macht ist durch das Metallband aus dem Mantel \u0001 \u0002 S\u00f6ldnerheer wird ausgezahlt, lagert aber noch, weitgehend getrennt vom B\u00fcrgerheer, an der alten Stelle. Die S\u00f6ldner bitten Amemna, sie in einen neuen profitablen Krieg zu f\u00fchren. Amemna erbittet sich Bedenkzeit, denn er/sie will noch immer nach Hannai \u2013 ohne Heer \u2013 will sich aber zuvor mit Nefut beraten, wie das am ehesten funktioniert, sich vom Heer zu l\u00f6sen. Von Barida erh\u00e4lt Amemna Erlaubnis, mit dem eingekerkerten Nefut zu \u0001 \u0002 B\u00fcrgerheer wird zum Prozess gegen Nefut versammelt. Der Schreiber tritt als Ankl\u00e4ger auf, Barida macht einen guten Job, Gnade zu erwirken, aber der Schreiber schafft es, die Menge nun gegen Barida aufzubringen. Nefut gelingt es, Barida vor einem t\u00f6dlichen Schwerthieb zu sch\u00fctzen, aber er wird selbst get\u00f6tet. Barida erkl\u00e4rt die Schuld seines Vaters damit getilgt. Im Geheimen erlaubt Barida Amemna, Nefut fortzuschaffen und zu heilen. Aber Amemna hat nicht genug Kraft f\u00fcr die Heilung, weil er/sie sich an sein Versprechen gehalten hat. Nefut kann nur noch betrauert und begraben werden. Merat und Amemna leiden darunter \u0001 \u0002 Nefuts Rat nun fehlt, sendet Amemna Merat als Boten zu Adarach, um ihn um Rat und Hilfe zu bitten, da er Erfahrungen als S\u00f6ldnerf\u00fchrer hat. Adarach verschafft Amemna eine M\u00f6glichkeit, sein eigenes Leben und das seiner Mawati durch Flucht zu retten, der bestickte Mantel bleibt dabei zur\u00fcck. Hamarem mu\u00df Ramilla verlassen, aber ein erneutes Treffen wird von ihnen nicht \u0001 \u0002 einem Gespr\u00e4ch zwischen Adarach und Amemna stellt sich heraus, da\u00df Hermil Tashrany interessiert an Amemnas Diensten ist, weil Amemna als unkonventioneller Oshey vermutlich eher geneigt ist, dem jungen Hermil zu folgen, als die anderen Oshey, bei denen traditionsgem\u00e4\u00df die \u00c4lteren f\u00fchrende Rollen haben. Da dieser Dienst den offiziellen Aufenthalt in Hannai einschlie\u00dft, nimmt Amemna gerne an. Hamarem hat schlechte Erinnerungen an Hannai, aber folgt seinem Anf\u00fchrer nat\u00fcrlich, ebenso wie Oremar und Merat und der magisch gefesselte Jochawam.*In Hannai ist Amemnas bestickter Mantel und der Helm mit dem gelben Federbusch im K\u00f6nigspalast als Troph\u00e4e ausgestellt. Der unirdische Birh-Melack gilt seit dem Aufstand der von ihm gef\u00fchrten S\u00f6ldner als verschwunden, es gehen Ger\u00fcchte, da\u00df er nicht get\u00f6tet sondern verg\u00f6ttlicht wurde. Bis auf die Mawati ist das alte S\u00f6ldnerheer Amemnas zerschlagen und in alle Winde \u0001 \u0002 soll den K\u00f6nig gemeinsam mit Adarach in Kriegsdingen beraten, dabei kommen Amemna und Adarach sich wieder n\u00e4her, auch wenn Merat und Hamarem, aber auch Buhachan, das skeptisch \u0001 \u0002 Hochzeit wird gefeiert, und Amemna lernt Patrais von Letran kennen. Dabei erf\u00e4hrt Amemna, da\u00df Patrais tats\u00e4chlich die leibliche Mutter des neuen K\u00f6nigs ist, also Patrais Tashrany. Au\u00dferdem war genau sie die Frau, die Amemna das Wiegenlied der Tashrany vorsang, als Amemna noch ein S\u00e4ugling \u0001 \u0002 erz\u00e4hlt, da\u00df Amemnas leibliche Mutter ihr das Kind zur Pflege \u00fcberlassen habe, sie wegen eigener Probleme sp\u00e4ter jedoch gezwungen war, Amemna in einem Korb \u0001 \u0002 macht durch seine Kontakte zu Hannais Unterwelt Hemafas von Menrish \u0001 \u0002 erf\u00e4hrt von dem in Jochawams Leib gefesselten D\u00e4mon, da\u00df er der Hauslehrer von Amemnas leiblicher Mutter war. Amemnas leibliche Mutter Meranai \u2013 und nat\u00fcrlich auch der Hauslehrer - stammen aus einem fremden Volk, da\u00df auf einem Kontinent weit im Westen lebt. Dieses Volk sind die sogenannten 'Unirdischen', von denen einige tats\u00e4chlich gelegentlich den Kontinent der Menschen \u0001 \u0002 mit ihrem Hauslehrer floh Meranai vor einer ungew\u00fcnschten Verehelichung, weil sie den nicht standesgem\u00e4\u00dfen Hauslehrer liebte. Die Verfolger k\u00f6pften den Hauslehrer, dessen Geist in dem Sklavenarmband, das er trug, gefangen blieb. Meranai kann fliehen, das Sklavenarmband wird von Hemafas von Menrish zuf\u00e4llig \u0001 \u0002 erste Kontakt von Meranai mit einem Menschen war der zu Hemafas, der von dem Geist des Hauslehrers Kesoi Jorim besessen war. Die Kombination Mensch und in die Sch\u00fclerin verliebter Hauslehrer f\u00fchrte zur mehr oder weniger unfreiwilligen Vergewaltigung Meranais und damit zur Zeugung von \u0001 \u0002 Mutter verbarg sich bis zur Geburt des Kindes bei den Menschen, \u00fcbergab es dann Patrais und kehrte in ihre Heimat \u0001 \u0002 Geist des toten Hauslehrers war nach der Vergewaltigung sicher in dem Armband eingeschlossen. Durch nicht n\u00e4her nachverfolgbare Wege landete dieses Armband schlie\u00dflich in dem Besitz der Priester des Ungenannten, die darin eine Waffe gegen D\u00e4monen und Menschen mit zu starken unirdischen F\u00e4higkeiten sahen. Als sie es jedoch bearbeiteten, um es in den Mantel einn\u00e4hen zu k\u00f6nnen, zerst\u00f6rten sie seine magischen Eigenschaften zum Teil und Kesoi Jorim war frei. Er erfa\u00dfte, da\u00df Amemna in doppelter Gefahr war, zum einen unmittelbar durch die Verschw\u00f6rung der Priester des Ungenannten, die Amemna aus dem Weg schaffen wollten, weil er mit seinen Taten ihren Gott in den Schatten zu stellen schien, zum anderen durch den ehrw\u00fcrdigen Alten der Orempriesterschaft, der zu Gedankenmanipulation in der Lage war und versuchte, Hamarem von den anderen Mawati und seinem Anf\u00fchrer zu l\u00f6sen, damit er als Priester nach Harna zur\u00fcckkehrt. Den Umtrieben des ehrw\u00fcrdigen Alten war zu verdanken, da\u00df der Schreiber auf Nefut aufmerksam wurde, da\u00df Oremar nach der Wiederbelebung Angst vor Amemna bekam, da\u00df der junge Nefut Amemna t\u00f6ten wollte und da\u00df Hamarem dadurch den anderen Mawati verd\u00e4chtig wurde. Er erkl\u00e4rt auch, da\u00df Derhan unbewu\u00dft genug unirdische F\u00e4higkeiten hatte, um gegen diese Manipulationen abgeschirmt gewesen zu \u0001 \u0002 ehrw\u00fcrdige Vater wollte einen Keil zwischen die Mawati und ihren Anf\u00fchrer treiben, ohne R\u00fccksicht auf Verluste, und war auf einen Kampf gegen Amemna \u0001 \u0002 aus dem Armreif fuhr Jorim Kesoi in den K\u00f6rper des ehrw\u00fcrdigen Alten und bek\u00e4mpfte ihn, brachte ihn damit auch um. Die Leiche bewegte der durch den Kampf sehr geschw\u00e4chte Geist zu den Mawati, um Amemna von allem zu berichten, doch durch das Einmischen des jungen Nefut sowie Jochawams, war der Geist zun\u00e4chst einmal v\u00f6llig ausgeschaltet, erholte sich aber in dem Ma\u00dfe, wie Jochawams K\u00f6rper sich erholte. \u00dcber den Verbleib von Jochawams Bewu\u00dftsein schweigt er, l\u00e4\u00dft aber durchblicken, da\u00df er selbst in den Armreif zur\u00fcckkehren w\u00fcrde, wenn er seine Aufgabe, sein Kind in die Heimat zu f\u00fchren, erf\u00fcllt habe. Kesoi Jorim erkl\u00e4rt Amemna au\u00dferdem, da\u00df seine zweigeschlechtliche Art bei seinem Volk nicht unbekannt \u0001 \u0002 Amemna Hemafas konfrontiert, bekommt dieser einen Nervenzusammenbruch, in dessen Folge Oremar verschwindet, weil er die Rache des Meuchlers Hemafas' f\u00fcr den Verrat seines Verstecks \u0001 \u0002 best\u00e4tigt das Treffen mit Hemafas die Geschichte des Hauslehrers von der 'unerfreulichen Geschichte der Zeugung'. Au\u00dferdem best\u00e4tigt Hemafas' Reaktion die Aussage Patrais', da\u00df Amemna auch seiner/ihrer Mutter recht \u00e4hnlich \u0001 \u0002 leidet still an seiner ungeteilten Begierde, weil Amemna vor allem mit Adarach und der eigenen Selbstfindung besch\u00e4ftigt ist. Er und Merat tr\u00f6sten sich schlie\u00dflich gegenseitig.*Am folgenden Morgen ist Amemna weg. Jochawam ist wieder er selbst und der Armreif ist offenbar mit Amemna \u0001 \u0002, Hamarem und Adarach finden heraus, da\u00df er/sie auf ein Schiff gegangen ist, das zu den Westlichen Inseln f\u00e4hrt. Sie reisen Amemna nach, dort erfahren sie, da\u00df das Schiff nur einen kurzen Halt auf der s\u00fcdlichsten dieser Inseln gemacht hat, auf der Amemna aufwuchs, und dann wieder abgelegt \u0001 \u0002 Tempel auf der Insel liegt Amemnas Schriftrolle, ein Tagebuch, geschrieben in den heiligen Schriftzeichen der Hawatpriesterinnen. Gemeinsam lesen sie Amemnas darin selbst niedergeschriebene Geschichte, da Hamarem die Schriftzeichen beherrscht und Merat und Adarach die Sprache des S\u00fcdens \u0001 \u0002 wird aus dem Tagebuch klar, wie fehl am Platze und allein Amemna sich bei den Menschen f\u00fchlte. Amemna entschlo\u00df sich daher, zum Volk seiner Mutter zu reisen, um in Zukunft dort zu leben und dort das Kind von Nefut auf die Welt zu \u0001 \u0002 drei lassen Amemna ziehen, da sie ihn/sie so sehr lieben, da\u00df ihnen Amemnas Gl\u00fcck wichtiger ist, als ihr eigenes.* * *Danke, da\u00df Ihr die Geschichte bis hier her verfolgt habt.",
            "wordcount": "1.908",
            "chapter_release": "07.08.2015",
            "chapter_number": "4"
        }
    },
    "title": "Die Gefl\u00fcgelte Schlange - Erkenntnis",
    "topic": "unspecified",
    "release": "\n26.07.2012\n\t\t\t\t\t\t",
    "author": "Elisabeth"
}