{
    "tags": [],
    "chapcount": "11",
    "wordcount": "12.198",
    "chapters": {
        "1": {
            "text": "\u201eVerdammt, das kann doch gar nicht funktionieren!\u201c, seine gr\u00fcnen Augen funkelten zornig.\u201eGut, sie sind noch nicht perfekt, aber das wird noch. Ich brauche nur noch ein paar Teile!\u201c\u201eAchso!? Und das m\u00fcssen ausgerechnet die Teile sein, die ich verkaufe und uns damit ern\u00e4hre?\u201c\u201eWieso willst du's nicht verstehen? Wenn das mit den Bot funktioniert werden wir mehr als genug Geld haben um zu \u00fcberleben!\u201c*seufz* \u201eLass es einfach. Spiel nicht die Heldin, Moon!\u201cMit einem entnervten Seufzer steht sie auf, schiebt die Metallplatte zur Seite die als T\u00fcr dient, und stampft nach drau\u00dfen. Er roch nach \u00d6l und verrosteten Metallteilen, wie immer. Zumindest hier auf der M\u00fcllkippe, ob es au\u00dferhalb der Stadt auch so roch?Moon \u00f6ffnete den alten verrosteten Zaun der M\u00fcllkippe und trat an den an den Abgrund. Die Klippe, au\u00dferhalb der M\u00fcllhalde, ging steil nach unten, und unten lag, bis auf einige Wellen, das stille Meer. Es wahrscheinlich h\u00e4sslichste der Welt. Halb \u00fcber die Klippe gebeugt steht ein altes Auto. Es hat nur noch einen Reifen und Auto ist fast komplett verbogen. Wie immer, wenn sie genug davon hatte auf der M\u00fcllhalde zu sitzen und irgendwelche noch halbwegs brauchbare Teile zu sammeln die ihr Vater verkaufen k\u00f6nnte, setzt sie ich auf die Motorhaube des Vehikels. Mit einer Metallstange \u00f6ffnet sie die Motorhaube und nimmt einen Schraubenschl\u00fcssel heraus. Der Motor des alten Autos sah noch gut auch, aber ihr Vater hatte gesagt dass es sowieso keine funktionierenden Autos mehr \u0001 \u0002 setzt sich auf die Motorhaube. Sie hatte das schon oft getan und war sich inzwischen sicher das der Wagen nicht die Klippe hinunter st\u00fcrzen k\u00f6nnte und sie mit sich rei\u00dfen k\u00f6nnte. Aus ihren langen Mantel, der schon einige Flicken hatte, holt sie einen ihrer kleinen Bots. Die Bots waren eigentlich nur daf\u00fcr gedacht dass sie M\u00fcll sammeln, um ihre und die Arbeit ihres Vaters zu vereinfachen. Moon war sich aber sicher dass sie auch gr\u00f6\u00dfere Arbeiten mit etwas Verbesserung verrichten k\u00f6nnten, aber ihr Vater wollte die Teile ja nicht \u0001 \u0002 seufze und schraubte ein wenig an den Bot herum und blickte zum \u0001 \u0002 summen einer Fliege weckte ihn. Sie landete ihm auf der Nase woraufhin er niesen \u0001 \u0002 richtete er sich auf und blickte auf. Zum Gl\u00fcck hatte es heute Nacht nicht geregnet, sonst w\u00e4re das als \u00dcberdachung seines kleinen Schlafplatzes sicherlich durchweicht. Er krabbelte aus der Schlaf-k\u00fchle hervor. Sein Schlafplatz bestand aus ein paar Kartons die er aufeinander gestapelt hatte und dem Lacken das es an den Enden an die Kartons geklemmt hatte. Es war nat\u00fcrlich nicht das sch\u00f6nste Haus, aber wenigstens ein bisschen gem\u00fctlich, vielleicht gew\u00f6hnte er sich aber auch einfach daran nicht mehr in dem Lebensstandard zu leben den er fr\u00fcher genie\u00dfen durfte. Damals hatte er gearbeitet, als Tunnelarchitekt. Er musste eigentlich nur entscheiden wo neue Tunnel gebaut werden sollten die St\u00e4dte verbinden sollten. Mit der Arbeit konnte er sich ein kleines Haus finanzieren, aber irgendwann war auch seine Gl\u00fccksstr\u00e4hne vorbei gewesen. Er w\u00fcrde gefeuert, mit der Begr\u00fcndung er hab zu viele Tunnel gebaut die einst\u00fcrzten, obwohl des meist ein Zufallsakt war ob die Tunnel stehen w\u00fcrden, ober von den gelegentlichen St\u00fcrmen niedergerissen wurden. Zum Gl\u00fcck war niemand bei solchen Ereignissen verletzt worden. Mit dieser Schuld k\u00f6nnte er nicht \u0001 \u0002 hatte ihn das Schicksal ereilt das schon viele Menschen hier ereilt hatte. Job weg. Haus weg. Geld weg. Nur noch das Leben auf der \u0001 \u0002 letztes Geld verdiente er nun damit das es, wie viele andere, n\u00fctzliche Dinge baut wie: Seile, Holz, noch verwendbares Holz und andere Dinge. Wohlgemerkt alles aus M\u00fcll. Aus was auch sonst? Der ganze Plantet bestand aus Abfall. Er hatte sich f\u00fcr das Sammeln und zusammenbasteln von Gegenst\u00e4nden einen scheinbar perfekten Ort gesucht. Eine M\u00fcllhalbe, die von einem alten grimmigen Mann und seiner erwachsenen Tochter betrieben wurde. Der Ort war aber nicht wirklich perfekt, denn der Vater scheuchte ihn sofort von der Halbe wenn er ihn sah. In gewisser Weise konnte er ihn verstehen, denn er brauchte, genau wie er selbst, M\u00fcll zum \u0001 \u0002 Tochter schien nett zu sein, sie hatte ihn zumindest auch einmal verteidigt als ihr Vater ihn wegscheuchen wollte. \u201eLass ihn doch!\u201c, hatte sie gesagt \u201eer braucht es genau wie wir, wenn nicht dann mehr.\u201cEr luckte \u00fcber die kleine Wand aus Kartons die er sich gebaut hatte. Eigentlich hatte die Karton-Wand keine Darseinsberechtigung, aber sie gab ihm zumindestens etwas das Gef\u00fchl dass er noch seine eigenen vier W\u00e4nde hatte. Auf dem kaputten Auto sa\u00df die Tochter und schraubte an einem dieser seltsamen Dinger. Irgendwie fastzinierte ihn ihre Kreatition, obwohl er nicht einmal verstand wozu sie gut war. Er g\u00e4hnte und stampfte aus seiner Karton-Wohnung herraus. \u201eMorgen.\u201c, rief Die Tochter des alten grimmigen Mannes. Sie hatte wirklich verdammt gute Ohren. \u201eGuten Morgen.\u201c, antwortet er. Er ging zu dem Auto auf dem sie sa\u00df. \u201eSch\u00f6n, wie sich der Sonnenaufgang im Wasser spiegelt, nicht war?\u201c Er war sich nicht ganz sicher ob es eine gute Idee w\u00e4re ein Gespr\u00e4ch mit ihr anzufangen. \u201eJa, aber es w\u00e4re eindeutig sch\u00f6ner wenn das Wasser klar w\u00e4re.\u201c, antwortete sie. Er lehnte sich schweigend an das \u0001 \u0002 Weile war es still bis auf das Gerausch des Schraubenschl\u00fcssels. \u201eSoll es ja mal gewesen sein.\u201c \u201eHuh?\u201c, fragte er verwirrt.\u201eNa das Meer! Es soll mal klar und blau gewesen sein. Hat mir zumindest die alte Dame am Markt erz\u00e4hlt, aber das scheint ewig herzu sein, lange vor der Geburt der alten Dame.\u201c\u201eM\u00f6glich...\u201c Stille.\u201eIch wollte mich eigentlich bedanken, da-daf\u00fcr das du mich damals verteidigt hast.\u201c Er wollte unbedingt noch nachholen, dass er sich nicht damals bedankt hatte.\u201c\u201eNicht der Rede wert.\u201c Stille.\u201eWie hei\u00dft du eigentlich?\u201c, fragte sie. \u201eErik.\u201c, antwortete er.\u201cIch hei\u00dfe Erik und du?\u201c\u201eMoon. Sch\u00f6ner Name \u00fcbrigens.\u201c \u201eDanke, gleichfalls.\u201c \u201eWie bist du hier eigentlich gelandet?\u201c, fragte sie Erik.\u201eNa ja eigentlich komm ich unten aus der Stadt aber....\u201c, weiter kam er nicht.\u201eNein, nicht hier an der M\u00fcllhalbe sondern hier auf der Stra\u00dfe.\u201c\u201eAchso. Also dass war so...\u201c, er erz\u00e4hlte Moon die ganze Geschichte, vom Tunnelarchitekten bis zum Obdachlosen.\u201eGemein.\u201c, sagte sie als er geendet hatte. \u201eUnd jetzt h\u00e4ltst du dich mit dem Sammeln \u00fcber Wasser?\u201c\u201eGenau.\u201c, antwortete Erik. Es tat weh daran erinnert zu werden. \u201eWas bastelst du da?\u201c, fragt er Moon. \u201eDas? Das ist ein Bot. Im Moment k\u00f6nnen sie Metall sammeln, aber wenn ich sie ausbauen k\u00f6nnte dann k\u00f6nnten sie weitaus mehr. Aber mein Vater will mir die Teile nicht \u00fcberlassen weil er sie verkaufen muss.\u201c Stille.\u201eIch meine ich k\u00f6nnte die Teile auch kaufen, aber mit welchen Geld?\u201c Moon \u0001 \u0002 Arme Moon, dachte sich Erik. H\u00e4tte sie mehr M\u00f6glichkeiten, k\u00f6nnte sie so viel schaffen. Sie war ein h\u00fcbsches M\u00e4dchen. Mittellange Haare in einem mittel hellen Braun im Licht schimmerten sie ein wenig orange. Ein h\u00fcbsches Gesicht und dunkle Augen. Allerdings sahen ihre Klamotten nicht viel besser aus als seine eigenen. Ebenso wie er tr\u00e4gt sie einen langen Mantel und schlabbrige Hosen. Er konnte sich auch nicht nicht wirklich vorstellen das sie in einem derart hohen Lebensstandard lebte. Langsam kam ihm eine Idee, ihr und sein Leben zu verbessern. Damals hatte ihm ein Arbeitskollege erz\u00e4hlt dass es nicht weit ab der Stadt ein kleines Dorf gab, in dem, wenn man genau hinsieht, viel n\u00fctzliches Zeug finden konnte, dass man dann in der Stadt verkaufen \u0001 \u0002 hatte er keine Karte und wusste somit nicht wo das Dorf liegt. Er hatte nur einen Namen: \u0001 \u0002 hat vielleicht eine Karte und somit eine M\u00f6glichkeit dorthin zu gelangen, ihre Bots zu verbessern (er hoffte einfach das sie so viel Potenzial hatten wie sie sagte) und Geld zu \u0001 \u0002 brauchten nicht viel f\u00fcr ihre Flucht, dass gr\u00f6\u00dfte Problem w\u00e4re wahrscheinlich ein Vehikel, denn Erik w\u00fcsste auch dass, das Dorf weit von anderen St\u00e4dten abgeschieden lag. Es w\u00fcrde zu lange dauern zu laufen. Nach langen \u00dcberlegen erz\u00e4hlte er Moon seinen Plan und irgendwas in ihren Augen sagte ihm dass sie die Idee gut \u0001 \u0002 das war jetzt das erste Kapitel meiner ersten Geschichte: Die Reise :)Ich hoffe es hat euch gefallen, und weitere Kapitel sind nat\u00fcrlich in Arbeit :DDanke f\u00fcr'f\u00fcrs lesen <3",
            "wordcount": "1.362",
            "chapter_release": "02.01.2014",
            "chapter_number": "1"
        },
        "10": {
            "text": "\u201eMoon? Bist du das?\u201c,Caroline sah Moon an.\u201e\u00c4hm wei\u00df ich nicht.. ich...\u201c \u201eBitte.\u201c, jammerte Caroline. \u201eErz\u00e4hl mir mehr von dir. Ich muss es jetzt wissen.\u201c\u201e\u00c4hm gut....\u201c, Im Angesicht der Tatsache, dass sogar Zerwit Angst vor Caroline hatte entschied sich Moon daf\u00fcr ihr alles zu erz\u00e4hlen. \u201eGut, also mein Name ist Moon. Ich komme aus Fiska, dort wohne ich mit meinen Vater. Ich und mein Freund Erik sind aus Fiska geflohen und, na ja der Rest ist unwichtig, jetzt sind wir zumindest hier...\u201cCaroline hatte ihren gigantischen Kopf gesenkt und die Augen geschlossen.\u201eAlso ist es wahr. Ich hab es nicht vergessen.\u201c Moon ging etwas n\u00e4her zu ihr.\u201eWas hast du nicht vergessen?\u201c\u201eWei\u00dft du, ich kam nach Karpan um ein besseres Leben zu f\u00fchren. Ich lebte auch in Fiska. Eines Tages schubste mich einer dieser Banditen von dieser Br\u00fccke, dass hab ich nicht \u00fcberlebt... Mein Vater belebte mich wieder als das was ich jetzt bin. Ein Gro\u00dfteil meiner Erinnerung ist weg, aber...\u201c Sie stoppte und machte eine lange Pause.\u201c\u201eMoon, geh zu dem Schrank neben dem Schreibtisch da hinten, und durchsuche die Schubladen.\u201cMoon ging zu den metallenen Schrank und \u00f6ffnete ein paar Schubladen. In den meisten war voll mit Dokumenten bis auf die letzte. In ihr war ein Foto einer jungen h\u00fcbschen Frau, die Moon extrem \u00e4hnlich sah. Moon erschrak als sie realisierte wer das war.\u201eStimmt es? Bist du es?\u201c, fragte Caroline von \u0001 \u0002 nickte langsam. Aber wie konnte sie wissen, dass ihre Mutter von der Br\u00fccke gest\u00fcrzt war?\u201eLos ihr! Macht dass ihr hier raus kommt! Flieht irgendwo hin wo sie euch nicht kriegen!\u201cMoon sch\u00fcttelte langsam den Kopf.\u201eNein, k\u00f6nnen wir nicht. Dann sterben wir! Wir m\u00fcssen die ganze Bev\u00f6lkerung retten...\u201c\u201eDann nehmt die Bauplane f\u00fcr die Rakete mit. Ohne sie k\u00f6nnen sie nicht bauen. Ihr k\u00f6nnt noch eine Rakete bauen.\u201c\u201eSchwachsinn. Wie soll'n wir das machen?\u201c\u201eIhr konntet eine Revolution zusammentrommeln, also schafft ihr das auch einfach.\u201cEine Stimme ert\u00f6nte wie aus dem Nichts:\u201eComputer will be shut down in1098...\u201cCaroline sah Moon traurig an.\u201eMach's gut, Kleine. Du schaffst das, ich glaub an dich.\u201c\u201eWarte wo sind die Plane.\u201c\u201e3..2..\u201c\u201eSchublade.\u201c\u201e1\u201c Caroline verstummte. Moon senkte den Kopf, aber jetzt war keine Zeit f\u00fcr Traurigkeit. Sie machten sich sogleich daran die Dokumente zu durchsuchen, bis sie einen Ordner in der Hand hatten auf dem gro\u00df : Baupl\u00e4ne geschrieben. Moon steckte sie schnell ein. Jetzt war nur die Frage wie sie hier raus kamen. \u201eDa vorne! Notfallt\u00fcr!\u201c Arvid deutete zu einer unscheinbaren Aussparung in der wei\u00dfe Wand. Als Erik die T\u00fcr \u00f6ffnete begann sofort ein Alarm zu l\u00e4uten.\u201eSCHEI\u00dfE!\u201c, rief Moon und zog Erik und Arvid hinter sich her ins Freie. Sie landeten in einem verlassenem Hinterhof und durch ein Stahltor gelangten sie direkt au\u00dferhalb der Stadt. Arvid sah sich um.\u201eGut Moon, hier sind die Pl\u00e4ne. Ich mach ich auf dem weg zu den Anderen und wir treffen uns sobald wie m\u00f6glich in Kjellbaum.\u201c Er dr\u00fcckte Moon die Mappe mit den Baupl\u00e4nen in die Hand.\u201eViel Gl\u00fcck!\u201c, rief Erik ihm noch hinterher.\u201eDanke, euch auch.\u201cArvid lief die Stadtmauer entlang und war schon bald nicht mehr zu \u0001 \u0002 seufzte. Das war wohl eines der unfassbarsten Dinge gewesen die er je gesehen hatte und er konnte sich jetzt nicht so recht \u0001 \u0002 er mit Moon dar\u00fcber reden sollte, oder sie einfach dar\u00fcber nachdenken lassen sollte. Sie waren jetzt seit circa 2 Stunden unterwegs und hatten fast kein Wort \u0001 \u0002 sah die meiste Zeit nachdenklich zu Boden. Erik konnte sich nicht vorstellen wie schrecklich es war was sie da durchlebte. Jetzt kannte sie ihre Mutter und sie wusste wie sie gestorben war. Wenn sie so traurig war, war sie manchmal wie ein Kind, eine kleine Freundin. Erik liebte Moon und sie war f\u00fcr ihn schon lange nicht mehr nur eine Freundin, sie war die wichtigste Person in seinem Leben geworden. Er hatte sie mit in sein Abenteuer gerissen, und sie riss ihn jetzt auch in ihre Geschichte. Von allem was sie geschafft hatten standen sie jetzt vor der gr\u00f6\u00dften Aufgabe, n\u00e4mlich davor die Rakete zu bauen. Womit hatte alles angefangen? Ach ja, besseres Leben. Jetzt war erst mal \u00fcberhaupt Leben auf dem \u0001 \u0002 wusste immer noch nicht ob sie bereute was sie getan hatte. Auch wenn ihnen die Reise im Grund genommen das Leben gerettet hatte, w\u00e4re es vielleicht besser gewesen w\u00e4re sie in Fiska geblieben. Unwissend \u00fcber alles was sie h\u00e4tte erfahren k\u00f6nnen. Aber sie hatte besseres zu tun als \u00fcber die Vergangenheit nachzudenken. Allerdings wenn sie anfing an die Zukunft zu denken brachte sie das auch nicht weiter, denn statt \u00fcber die Rakete nachzudenken, dachte sie an die weit entfernte Zukunft, wenn sie das \u00fcberleben w\u00fcrden. Sie dachte daran eine Familie zu gr\u00fcnden, mit \u0001 \u0002 Haus zu bauen, mit Erik. Einen Job zu finden, alles zusammen mit \u0001 \u0002 sie stand fest, dass sie den Rest ihres Lebens mit ihm verbringen \u0001 \u0002 es waren noch so viele andere Sachen in ihrem \u0001 \u0002 sollte sie ihre Mutter auf den neuen Planeten bringen? Zur\u00fccklassen kam f\u00fcr sie nicht in \u0001 \u0002 Schweigestunden kamen sie wieder in Kjellbaum an. Sie Stadt war total \u0001 \u0002 und Erik machten sich zu Arvids Haus, er war nat\u00fcrlich auch nicht da. Nach dieser langen Reise machten sie es sich erst mal gem\u00fctlich. Arvid hatte einen Teil seines Vorratsraum f\u00fcr die beiden aufger\u00e4umt und ihnen ein kleines Bett bereit gemacht. Jetzt nach dem Wochen in denen sie hier waren machte ihnen der Stroh- und Weizengeruch nichts mehr aus. Moon legte sich in Eriks Arm und kuschelte sich an ihn.\u201eWei\u00dft du eigentlich, dass ich dich liebe?\u201c Erik sah sie l\u00e4chelt an und sie grinste zur\u00fcck.\u201eHab ich mir fast gedacht... Ich liebe dich auch.\u201c Sie k\u00fcssten sich, und das war eines der Dinge die sie in der Zeit der Vorbereitung f\u00fcr ihre Revolution kaum getan hatten, aber auch etwas anderes noch. Moon begann langsam ihm seinem Mantel auszuziehen und danach musste auch sein T-shirt dran glauben. Moon streichelte seinen K\u00f6rper. Auch wenn es langsam dunkel wurde war es nun Drinnen extrem hei\u00df.---- Ach ja :D Noch mal Sorry dass ich einfach die letzten Tage nicht auf die Reihe bekommen habe .\u0001 \u0002 habe auch einen kleinen Bonus f\u00fcr die Leute die eine 'genauere Beschreibung' vom Ende lieber ist :D Ihr seid gewahrt! Das ist nicht lustig ! ;Dhttp://\u0001 \u0002.de/s/52dbab0600036e2c370f7887/1/Zwischensequenz-Lagerraum Wenn's dir gefallen hat, schreib doch ein Review, wenn nicht dann schreib doch ein Review, damit ich mich verbessern kann! :)Danke f\u00fcrs lesen und dir noch einen wundersch\u00f6nen Tag <3",
            "wordcount": "1.120",
            "chapter_release": "02.01.2014",
            "chapter_number": "10"
        },
        "11": {
            "text": "Meilenstein: Die Reise hat \u00fcber 160 Aufrufe :O(Die Zwischensequenz \u00fcber 4x so viel :'D <3 )Danke daf\u00fcr <3 und viel Spa\u00df beim Lesen!---- \u201eArvid ist immer noch nicht zur\u00fcck...\u201c Moon war schon aufgestanden und stand am Fenster.\u201eMorgen \u00fcbrigens.\u201c, lachte Erik. Sie drehte sich um.\u201eJa, Guten Morgen. Erik trat zu ihr an Fenster. Die Sonne war schon aufgegangen und die Stadt war immer noch geisterhaft leer. Er legte ihr die Hand auf die Schulter.\u201eDie kommen schon noch. Mach dir keine Sorgen.\u201c Moon nickte.\u201eIch mach uns mal Fr\u00fchst\u00fcck.\u201c Moon kletterte die kleine Leiter hinunter und ging in Richtung K\u00fcche. Erik machte sich daran ein wenig aufzur\u00e4umen. Er machte das Bett, ging dann nach unten zu Moon um ihr zu helfen. Moon schmierte gerade auf zwei Brotscheiben die zerstampften Erdbeeren. Sie setzten sich auf die alte Holzbank und a\u00dfen. Allerdings kamen sie nicht zum Ende, denn pl\u00f6tzlich st\u00fcrmte ein Mann in das Haus.\u201eGut.\u201c, schnaubte er atemlos \u201eIhr seid hier. Es gibt schlechte Nachrichten. Arvid ist noch in Karpan! Sie haben ihn gekriegt.\u201c Ehe sie sich versahen war er schon wieder verschwunden. Moon schlug sich die Hand vor dem Mund, und murmelte leise:\u201eSchei\u00dfe.\u201c Erik stand auf und rannte nach drau\u00dfen. Ein Gro\u00dfteil der Gruppe war wieder da, aber weiten nicht alle. Die Menschen brabbelten hektisch durcheinander. Erik holte tief Luft und \u0001 \u0002 ungef\u00e4hr die H\u00e4lfte drehte sich zu ihm um, aber eine Frau kam zu ihm gestampft.\u201eArvid und viele andere sind noch in Karpan. Sie haben sie alle gefangen genommen.\u201c Der Frau liefen die Tr\u00e4nen \u00fcber die Augen.\u201eKeine Sorge, wir holen sie da raus.\u201c, sagte er zu der Frau die sich schon weggedreht hatte und wieder zur\u00fcck in Richtung der Menge \u0001 \u0002 widmete sich gerade den Vorbereitungen, w\u00e4hrend Moon protestierte:\u201eDu kannst da doch nicht allein hingehen!\u201c Seufzend drehte er sich um.\u201eOkay, folgender Plan: Ich geh' nach Karpan. Sie haben mit Sicherheit mitbekommen, dass ihr Pl\u00e4ne fehlen, also musst du ein paar falsche Pl\u00e4ne zeichnen. Denkst du, du kriegst das hin?\u201cMoon seufzte. \u201eGut, wenn's sein muss.\u201c Alles in str\u00e4ubte sich hier zu bleiben, aber was hatte sei f\u00fcr eine Wahl? Es hatten sich bereits ein paar Ingenieure gefunden, trotzdem schien ihr Ziel noch \u0001 \u0002 hatten sie sich da nur aufgehalst? Wie konnte Caroline nur denken, dass eine verh\u00e4ltnism\u00e4\u00dfig kleine Gruppe von Rebellen ein so gro\u00dfes Ziel erreichen k\u00f6nne. Moon machte sich einfach daran die Pl\u00e4ne zu verf\u00e4lschen. Es war nicht gerade einfach, sie w\u00fcrden fr\u00fcher oder sp\u00e4ter sowieso herausfinden, dass sie ausgetrickst worden \u0001 \u0002 sp\u00e4ter verabschiedete sich Erik. Die Arbeiten waren schon im Gange, und jeder der in irgendeiner Weise etwas zum Bau beitragen konnte, zum Beispiel Bauteile oder einfach nur ein paar starke H\u00e4nde, tat das auch. Zumindest war der Arbeitseifer nicht \u0001 \u0002 \u0001 \u0002 hatte sich schon ein kleines Ger\u00fcst gebildet, und Erik, Arvid und die anderen waren immer noch nicht wieder da. Das alles war nur noch eine gigantische Zeitbombe, und wenn sie hochgeht, dann ist die letzte Karte verspielt. Moon half auch, so gut sie konnte, mit beim Bau. Es war nur ein furchtbar seltsames Gef\u00fchl f\u00fcr so viele Menschen zu kochen. Einige Leute hatten auch damit begonnen Treibstoff, \u00d6l, Benzin, irgendwas zu aus den anderen St\u00e4dten zu \u0001 \u0002 war die Begeisterung nicht \u0001 \u0002 \u0001 \u0002 man langsam begann zu erkennen was aus dem Ger\u00fcst wachsen sollten, machte es ihre Tat nur noch gef\u00e4hrlicher. Und nach gut einem Monat war immer noch keine Spur von Erik. Moon ging es schrecklich. Ihr war st\u00e4ndig \u00fcbel und kam sich nach und nach nur noch wie eine Belastung f\u00fcr ihre Aktion vor. Alle machten weiter, niemand gab auf also w\u00fcrde es Moon auch niemals tun. Auch wenn 5 Stunden Schlaf inzwischen ein Luxus war den sie sich nur selten g\u00f6nnen konnte, machte sie weiter. Zumindest war die Hoffnung nicht \u0001 \u0002 \u0001 \u0002 f\u00fchlte sich immer kr\u00e4nker, immer schw\u00e4cher, immer unbrauchbarer. Ewiges Kopfweh, was durch komplizierte Gedanken nur noch schlimmer wurde, Heimweh, ja sie wollte zur\u00fcck nach Fiska, wollte alles ungeschehen machen. Sie Sehnsucht, nach normalen Leben und Erik, zumindest wieder in Ruhe einzuschlafen. Sehsucht nach allen was gewesen war. Zumindest war sie noch nicht \u0001 \u0002 \u0001 \u0002 laute Trubel weckte sie und sie schleppte sich tr\u00e4ge aus dem Bett und sah nach \u0001 \u0002 das wirklich sein? Sah sie da wirklich den Rest der Gruppe? Erik? Arvid? Nein, wahrscheinlich nur ein Traum. Sie war bestimmt verr\u00fcckt geworden. Sie trat ins Freie und atmete die staubige Luft ein. Es wirkte zu echt. Arvid und Erik traten vor sie, mit besorgten \u0001 \u0002 bewegte die Lippen, als w\u00fcrde er reden. Vielleicht tat er das. Vielleicht war sie taub \u0001 \u0002 legte ihr eine Hand auf die Schulter und dann w\u00fcrde ihr schwarz vor Augen. Zumindest war noch nicht alles \u0001 \u0002 nicht.\u201eHey! Hey, ich glaube sie wacht auf.\u201c Moon \u00f6ffnete langsam die Augen und blickte die weit aufgerissenen Augen von Erik.\u201eHuh? Was'n hier los?\u201c Sie rieb sich die \u0001 \u0002 erschien neben Erik. In den H\u00e4nden hielt er ein Suppe.\u201eWie geht\u2019s dir, Kleine?\u201c Er l\u00e4chelte sie an.\u201eWei\u00df nicht. Ich glaub ich bin okay.\u201c Sie zwang sich ein Lachen auf.---- Ahh, es kommt wieder so lange nichts >.< Das regt mich auf. Ich hoffe ich kann am Wochenende wieder aufholen :)Wenn's dir gefallen hat, schreib doch ein Review, wenn nicht dann schreib doch ein Review, damit ich mich verbessern kann! :)Danke f\u00fcrs lesen und dir noch einen wundersch\u00f6nen Tag <3",
            "wordcount": "931",
            "chapter_release": "02.01.2014",
            "chapter_number": "11"
        },
        "2": {
            "text": "\u201eWir brauchen:-Proviant, also Essen und Trinken. Wir m\u00fcssen also viel Geld verdienen.-Schlafs\u00e4cke. Die k\u00f6nnen wir selbst basteln.-Ein Vehikel...\u201cMoon stoppte. Das Vehikel ist wahrlich ein gro\u00dfes Problem.\u201eWer wei\u00df wie viele Kilometer zwischen Kjellbaum und der n\u00e4chsten Stadt liegen? Zu Fu\u00df k\u00f6nnte das ewig dauern.\u201c, meinte Erik.\u201eHmm, der Motor von dem Auto funktioniert glaube ich noch.\u201c Moon deutete auf Wagen der halb \u00fcber der Kippe hing. \u201eVielleicht k\u00f6nnen wir ihn reparieren, neue Reifen sollten zu beschaffen sein... Gut was brauchen wir sonst noch?\u201c, fragt er sie.\u201eEine Karte, damit wir wissen wo Kjellbaum liegt.\u201c Moon schrieb auch das mit Kreidestein auf die alte Tafel die sie gefunden hatten.\u201eMein Vater sollte eine Karte haben. Ich glaube er benutz sie sowieso nicht mehr und wird sie gar nicht erst vermissen.\u201c\u201eMoon? Bist du sicher dass du deinen Vater einfach hier lassen willst?\u201c, fragte Erik besorgt.\u201eJa, ich wei\u00df. Das ist vielleicht nicht richtig, aber wenn ich erstmal genug Geld hat dann wird auch er gl\u00fccklich sein. Und ich werd ihn auf keinen Fall einfach so hier zur\u00fccklassen. Ich schreib ihm zumindest noch eine Nachricht.\u201c Moon seufzte. Es w\u00fcrde keine einfache Reise werden.\u201eOkay, ich geh zu meinen Vater und besorge die Karte. Du gehst Zeug verkaufen und wir treffen uns dann um 13 Uhr auf dem Markt, hinten an der Ruine.\u201c, erkl\u00e4rte Moon. Erik \u0001 \u0002 tritt vorsichtig in die alte Blechh\u00fctte. Auf dem st\u00e4hlernen Boden war es fast unm\u00f6glich leise zu sein. Sie h\u00e4lt einen Moment inne. Ein lautes Schnarchen kommt aus dem Schlafzimmer. Ihr Vater hat sich wohl noch mal hingelegt, nachdem sie morgens noch geschritten hatten. Frust essen konnte sich hier niemand erlauben, also Frust schlafen wenn man das so nennen kann. Leise schleicht sie in das, na ja es sollte etwas wie ein Arbeitszimmer darstellen. Jetzt war nur die Frage, in welcher gottverdammten Schublade die Karte ist. Moon geht zu dem einzigen Schrank. Es war auch zu das ziemlich einzige M\u00f6bel dass hier aus Holz war. Ein paar Schubladen fehlen und einige h\u00e4ngen schief im Regal. Auf gut Gl\u00fcck \u00f6ffnet Moon die zweite. Verdammt wie die \u0001 \u0002 war schon mal keine Karte. Sie lauscht immer noch \u0001 \u0002 Schublade. Tats\u00e4chlich liegt hier die Karte fein s\u00e4uberlich zusammengefaltet. Moon l\u00e4chelt und steckt die Karte ein, sie kann sie sich sp\u00e4ter auch noch genauer ansehen, jetzt erstmal raus hier!Sie verl\u00e4sst grade das Arbeitszimmer als ihr Vater verschlafen ruft: \u201eMoon? Bist du das?\u201c\u201e\u00c4hm ja! Ich mach mich mal wieder an die Arbeit.\u201c \u201eGut viel Gl\u00fcck!\u201cSie verl\u00e4sst die H\u00fctte und schiebt das Metallblech vor den Eingang. Erleichtert atmet sie aus. Jetzt muss sie das selbe tun wie Erik M\u00fcll \u0001 \u0002 hebt die silberne Dose auf die eben den M\u00fcllberg runter gerollt ist. Nachdem er sie genau inspiziert hat wirft er sie in den Plastiksack zu den anderen Dosen. Der soll eigentlich M\u00fcll und Metall suchen, aber trotzdem kriegt er die Reifen f\u00fcr das Vehikel nicht aus dem Kopf. Er hatte schon Teile eines kaputten Reifens eingesammelt, die sie zum flicken eventueller L\u00f6cher verwenden k\u00f6nnten. Obwohl er jetzt noch nicht sonderlich viel gefunden hatte, waren doch einige Sachen dabei die vielleicht mit guten Verhandeln mehr Geld einspielen als gew\u00f6nlicher Schrott. Er klopft etwas Staub von seinem Mantel. Er will die Uhrzeit wissen, aber Uhren haben nat\u00fcrlich nur die reichen Menschen also muss er auf andere Methoden zur\u00fcckgreifen. Er zieht einen Kompass und einen Metallstab aus der Jackentasche, und baut eine Sonnenuhr. Der einzige Nachteil bei den Dingern ist, dass man sie nicht mitnehmen kann und dass sie nicht funktionieren wenn es dunkel oder bew\u00f6lkt ist. 11:47 Uhr. Gut er braucht ungef\u00e4hr eine Vierelstunde bis zum Markt, also hat er noch genug \u0001 \u0002 sieht sich um. Keine Chance. Auf der riesigen M\u00fcllhalbe wird er Moon so leicht nicht \u0001 \u0002 klettert er auf einen kleinen Schrotthaufen und blick sich um. Nach ein bisschen Sp\u00e4hen sticht es ihm ins Auge wie ein bunter Elefant. Ein Reifen. Er stolpert den Schrotthaufen mehr oder weniger runter und geht zu den Reifen. Er hatte ein kleines Leck aber das konnte man stopfen. Im Kopf schreibt er noch: Luftpumpe zur Liste hinzu. Er \u0001 \u0002 paar Dosen und Blechteil sp\u00e4ter macht er sich langsam auf den Weg in die \u0001 \u0002 poliert mit ihren Mantelteil eine alte Dose um sie m\u00f6glich wertvoll aussehen zu lassen. In den Stra\u00dfen sitzen viele Menschen die betteln und an ihnen laufen viele Menschen vorbei die zu arm sind um etwas Geld abzugeben. So wie Moon. Nur wenig Reiche lassen sich zu dieser Zeit sehen. Wahrscheinlich weil sie zu geizig sind etwas von ihrem Geld abzugeben. Moon widmet sich wieder ihrer Dose, also wenige Minuten sp\u00e4ter ihr Erik auf die Schulter tippt.\u201eHey Erik, hast du viel gefunden.\u201c\u201eNicht viel aber gute Sachen.\u201c Er l\u00e4chelt als er ihr die Sachen \u0001 \u0002 l\u00e4chelt zur\u00fcck: \u201eIch die Karte \u00fcbrigens gefunden.\u201c\u201eSuper zeig mal her!\u201c\u201eNein sp\u00e4ter und nicht hier.\u201c Erik hatte irgendwas naives und kindliches.\u201eSagt mal, wie alt bist du eigentlich?\u201c, fragt \u0001 \u0002 sieht sie \u00fcberrascht an. \u201e31. Und du?\u201c\u201e29.\u201c, antwortet Moon. Kaum zu fassen das er wirklich \u00e4lter ist als sie dass h\u00e4tte sie nicht \u0001 \u0002 gegenseitigen Be\u00e4ugen des Zeugs was sie gesammelt hatten machten sie sich ans feilschen und verkaufen. Es war Nachmittag als sie fertig wurden. Es ist \u0001 \u0002 Sloti. Eine gute Beute. Die beiden beschlie\u00dfen das Geld erst zulagern und dann Essen und den Rest zu kaufen, wenn ihre Abfahr unmittelbar bevorsteht. Wieder Zuhause machen sie es sich im kleien Lager von Erik gem\u00fctlich. Moon nimmt die Karte vorsichtig aus ihrer Tasche und breitet sie aus. \u201eAlso wir sind hier.\u201c Erik deutet auf die Stadt Fiska. Moon legt den Finger auf den kleinen Namenszug Kjellbaum. \u201eDa m\u00fcssen wir hin.\u201cSie l\u00e4chelt. \u201eM\u00fcsste machbar sein.\u201c Erik nickte. \u201eMacht sich dein Vater keine Sorgen.?\u201c\u201eNein, der ist es gew\u00f6hnt dass ich sp\u00e4t nachhause komm.\u201c\u201eMoon? Was ist eigentlich mit deiner Mutter?\u201c Erik ist sich nicht sicher ob er diese Frage stellen darf.\u201eKeine Ahnung. Mein Vater sagt sie sei als ich klein war einfach so verschwunden.\u201c Moon zuckt mit den Schultern. \u201eOh, Da-das tut mir leid.\u201c, sagte Erik bedauernd.\u201eMacht nichts. Ich kannte sie ja kaum.\u201cMoon findet Erik schwer in Ordnung, obwohl dieser Gedanke eigentlich nicht viel z\u00e4hlte weil sie sich erst einen Tag kannten. Sie war sich nicht sicher ob sie die richtige Entscheidung traf wenn sie sie Reise mit ihm antrat, aber im Moment ist er der einzige den sie ein bisschen vertrauen \u0001 \u0002 nutzt die Gelegenheit dass er wegguckt, um ihn ein wenig genauer zu betrachten. Braune Haare, Bart, leicht strubbelig, hell blaue Augen, gro\u00dfe Statur vielleicht \u0001 \u0002 gro\u00df. Sie l\u00e4chelt. Erik merkt wie Moon ein wenig n\u00e4her zu ihm r\u00fcckt. \u201eWar ein guter Tag.\u201c, fl\u00fcstert Moon. Er nickt.------Ende des zweiten Kapitel! YAY! Im Moment passiert ja noch nicht so viel. Entschuldigung daf\u00fcr. Das wird aber noch :)Danke f\u00fcrs lesen und dir noch einen wundersch\u00f6nen Tag <3",
            "wordcount": "1.171",
            "chapter_release": "02.01.2014",
            "chapter_number": "2"
        },
        "3": {
            "text": "Achtung: Ab jetzt Zeitwechsel! Viel Spa\u00df :)----Erik schlief schon. Moon m\u00fcsste langsam nachhause. Ihr Vater war sicherlich nicht mehr wach, er war eine Schlafm\u00fctze. Vorsichtig rollte sie sich aus der Schlafkoje heraus und klopfte etwas Staub von ihren Mantel. Das Stahltor war offen und Moon entschloss sich es zu schlie\u00dfen. Ihre Vater regte sich jedes mal auf wenn er es offen vorfand. Sie lief die wenigen Meter zu der H\u00fctte, hob die Stahlplatte auf und stellte sie neben den Eingang. Drinnen stank es entsetzlich. Vermutlich hatte ihr Vater den ganzen Tag nicht gel\u00fcftet. Wie vermutet kam das laute Schnarchen ihres Vaters aus dem Schlafzimmer. Sie zog ihren Mantel, Hose und ihr T-shirt aus und legte sich auf ihre Matratze. Es mochte seltsam klingen, aber im Angesicht der Tatsache dass Erik zumindest eine Decke hatte war seine Schlafkoje eindeutig gem\u00fctlicher. Sie schloss die Augen. Auch wenn sie noch Zweifel an ihrer Reise hatte, was hatte sie f\u00fcr eine Wahl? Zumindest konnte sie so die Welt sehen und Abenteuer erleben, und vielleicht w\u00fcrden ihre Tr\u00e4ume auch wahr.\u201eMoon? Bist du hier? Haaaalloooo?\u201c Keine Antwort. Sie musste wohl heute Nacht irgendwann gegangen sein. Er g\u00e4hnte und kramte die Tafel mit ihrer Liste f\u00fcr die Reise heraus. Er nahm den Kreidestein und schrieb: Luftpumpe dazu. Was stand heute an? Essen hatten sie schon abgehakt, obwohl sie es noch kaufen mussten. Was brauchen wir als n\u00e4chstens? \u0001 \u0002, also heute N\u00e4h-stunde. Er lachte. Ein bisschen Stoff hatten sie gestern schon gefunden, aber reichen w\u00fcrde es trotzdem nicht reichen. Sie mussten wohl oder \u00fcbel wohl auch seine Schlafsachen verwenden. Jetzt musste er erstmal Moon finden. Die Sonne ging grade auf und Moon sollte zu dieser Zeit schon wach sein. Er trat zum Zaun und l\u00fcckte \u0001 \u0002 hinten war Moon schon am Schrott sammeln. Er rief. Moon wirbelte herum und kam langsam zum Zaun gelaufen. \u201eMorgen.\u201c, sie l\u00e4chelte. \u201eGut geschlafen? Lust auf 'ne N\u00e4hsesions?\u201cMoon sah ihm \u00fcberrascht an. \u201eSchlafs\u00e4cke n\u00e4hen und so.\u201c Er grinste.\u201eAch so sag dass doch.\u201c Moon \u00f6ffnete das Tor und stellte sich vor Erik. Sie trugen alle Stoffreste zusammen die sie finden konnten. Inklusive Erik Schlafsachen. \u201eGut. Jetzt brauchen wir Nadel und Faden.\u201c Erik \u00fcberlegte.\u201eIch wei\u00df!\u201c, rief Moon \u201eDas einzige was meine Mutter zur\u00fcck gelassen hat ist ihr N\u00e4hkasten!\u201cBevor Erik etwas sagen konnte war sie nach Hause gelaufen und wenige Minuten sp\u00e4ter kam sie mit einem alten, h\u00f6lzerne, nicht grade gut riechender Kasten mit N\u00e4hsachen. Alte stumpfe Nadeln und ausgeblichene F\u00e4den und eine stumpfe, rostige Schere. Besser als Nichts. Nachdem sie die F\u00e4den in die Nadeln gefummelt hatten begangen sie Stoffteile zusammen zun\u00e4hen. Einen plan brauchten sie nicht wirklich, denn sie brauchten nichts perfektes. Nur was passendes und \u0001 \u0002 holte Moon ein Kannis. Kannis waren Zwieback \u00e4hnliche Brotscheiben. Fast alle Leute die sich keinen Herd leisten konnten ern\u00e4hrten sich von Kannis. Billig und s\u00e4ttigend. Nicht lecker aber lang haltbar. Am Abend hatten sie 1 \u00be Schlafs\u00e4cke. Einer war nicht fertig geworden weil sie sich vern\u00e4ht hatten.\u201eIch mach das heut' noch zu ende und morgen k\u00fcmmern wir uns um das Auto.\u201c Erik stand auf und sch\u00fcttelte seine eingeschlafenen Beine aus.\u201eGut. Wir haben einen Reifen noch am Auto, und zwei gesammelt, einen von denen m\u00fcssen wir reparieren. Einen Reifen m\u00fcssen wir noch finden und eine Luftpumpe haben wir glaube ich Zuhause.\u201cErik nickte:\u201cGut dann bis morgen.\u201c\u00dcberraschenderweise umarmte Moon ihn. Nach kurzen Z\u00f6gern erwiderte er die Umarmung.\u201eGute Nacht.\u201c, sagte sie l\u00e4chelt und ging in richtig der \u0001 \u0002 war am n\u00e4chsten Morgen schnell wach und machte sich gleich daran die Luftpumpe zu suchen. Im \u201cArbeitszimmer\u201c war sie schon mal nicht. Wenn sie ganz viel Rech hatte w\u00fcrde sie im Schlafzimmer ihres Vaters sein, aber gl\u00fccklicherweise war sie in dem Schrank in dem ihr Vater die Metallteile zum verkaufen aufbewahrte. Moon verlie\u00df den Schrottplatz und trat an Eriks Lager. Er hatte sein Wort gehalten. Der Schlafsack war fertig. Vorsichtig b\u00fcckte sich Moon zu seiner Schlafkoje hinab.\u201eErik? Wir m\u00fcssen uns um das Auto k\u00fcmmern. Hallooo! Aufwachen!!\u201c\u201eHuh? Wa-Was??\u201c, er blickte verschlafen auf. \u201eAch guten Morgen, Moon.\u201cSie l\u00e4chelt und holte die Reifen hervor. \u201eHeute noch eine N\u00e4hsesion.\u201c, rief Moon erstaunlich \u0001 \u0002 Zusammenn\u00e4hen der Reifen dauerte nicht mehr ganz solange wenn man es etwas ge\u00fcbt \u0001 \u0002 stand zumindest Erik beim montieren vor einem Problem, aber f\u00fcr Moon, die Super-Bastlerin wie Erik anfing sie zu nennen, war dass kein Problem. Nur das Auto w\u00fcrde mit neuen Reifen nicht total fahrt\u00fcchtig. Die beiden entschieden sich erstmal dazu, das Auto von der Klippe wegzubewegen. Also Seil an die Sto\u00dfstange binden und ziehen. Eine Sache die sie jetzt wusste war, dass ein Auto nicht leicht war. Erst nach vielen Versuchen schafften sie es das Auto zur\u00fcck auf festen Boden zu \u0001 \u0002 holte Wasser. Das hatten sie sich jetzt absolut verdient.\u201eWann woll'n wir los?\u201c, fragte Moon.\u201eWenn das Auto l\u00e4uft und wir Proviant haben, okay?\u201c\u201eJa gut, dann gehen wir morgen Essen und Trinken kaufen und machen heute noch so weit wie m\u00f6glich das Auto fertig.\u201cErik nickte. \u201eToll, der Wagen ist halb Schrott, aber das Schloss funktioniert noch oder was?\u201c Moon seufzte.\u201eWir haben jede Menge Schl\u00fcssel zu Hause, aber es ist nicht sicher ob irgendeiner von denen passen wird.\u201c\u201eJa, egal. Wir k\u00f6nn's ja einfach mal ausprobieren.\u201cMoon nickte und ging zur\u00fcck auf den Schrottplatz, und kam wenige Minuten zur\u00fcck, mit einer halben Schublade voll alten Autoschl\u00fcsseln. Einige waren abgebrochen. Ein Schl\u00fcssel nach dem anderen wurde ausprobiert und wie das eben so ist, passt der Vorletzte. Die Unterbegriffe f\u00fcr -Funktioniertes Auto waren -Benzin -\u00d6lBenzin und \u00d6l konnte man zumindest kaufen, aber es war nicht billig, aber was hatten sie f\u00fcr eine Wahl? Sie entschieden sich daf\u00fcr noch etwas Schrott zu sammeln und zu verkaufen, um zumindest noch etwas mehr Geld hatten. 34, 67 Sloti hatten sie jetzt nur noch. Das w\u00fcrde Morgen komplett f\u00fcr Essen ausgegeben werden. Das sie jetzt nur noch so wenig Geld hatten lag daran dass sie genug Benzin f\u00fcr mehrere Kilometer brauchten. Der Plan den sie aufgeschrieben hatten sagte, dass sie Morgen bei Anbruch der Dunkelheit los fahren w\u00fcrden. Dazu hatten sie sich eine abgelegene Stra\u00dfe ausgesucht, damit sie nicht von irgendjemand gefragt w\u00fcrden wo sie das Auto her hatten oder wo sie hinwollen.\u201eAlso Morgen nur noch Essen kaufen und dann los...\u201c\u201eJa.\u201c, Moon nickte langsam mit dem \u0001 \u0002 war es dunkel geworden.\u201eDu?\u201c, Moon sah Erik fragend an. \u201eIst es okay wenn ich heute Nacht bei dir schlafe?\u201c\u201eKlar, kein Problem. Dann m\u00fcssen wir uns morgen zumindest nicht gleich finden.\u201cMoon \u0001 \u0002 Nacht im trauten Heim.----Huch, bl\u00f6der Cut :D Morgen geht dann die eigentlich Reise los :)Sorry f\u00fcr das ganze Vorgepl\u00e4nkel, aber wir starten einfach mal langsam und legen dann hoffentlich bald richtig los :'DDanke f\u00fcrs lesen und dir noch einen wundersch\u00f6nen Tag <3",
            "wordcount": "1.153",
            "chapter_release": "02.01.2014",
            "chapter_number": "3"
        },
        "4": {
            "text": "\u201eHalt die Klappe, du bl\u00f6de Blechhaube!!\u201c Das Auto schien es nicht f\u00fcr n\u00f6tig zu halten anzuspringen. \u201eHoffentlich wacht dein Vater von der Kiste nicht auf.\u201cMoon sah kurz hin\u00fcber zur H\u00fctte. Nichts. Gut \u0001 \u0002 startete noch einen Versuch, und noch einen und dann sprang der Wagen endlich \u0001 \u0002 ihn nicht leiser machte, aber immerhin war der erste Schritt getan. Die Schlafs\u00e4cke und der Proviant waren verstaut, nur ein Problem hatten sie nicht \u0001 \u0002 der beiden konnte Auto fahren. Niemand auf den ganzen gottverdammten Planeten konnte Auto \u0001 \u0002 konnte Erik nur noch durch ausprobieren der vielen Kn\u00f6pfe und Hebel etwas \u0001 \u0002 Knopf und das Handschuhfach \u00f6ffnete sich. Moon nahm ein halb vergilbte Zettelblock hinaus. Mindestens die H\u00e4lfte war nicht mehr lesbar, aber sie fanden wenigstens heraus wie sie den Gas geben konnten und wie sie die Gange rein bekamen, und last, but not least den \u0001 \u0002 einem starken Ruck setzte Erik das Auto zur\u00fcck, knallte kurz an den Zaun des Schrottplatzes und fuhr dann unsicher die Stra\u00dfe in Richtung Markt an.\u201eLinks!\u201c, rief Moon vom Beifahrersitz. Zwischendurch flogen sie wegen der unebenen Stra\u00dfe aus dem Sitz, oder f\u00fchlten sich bei abfallenden Wegen als w\u00fcrden sie in die Tiefe \u0001 \u0002 etwa einer halben Stunde Fahrt machten sie eine Pause und gingen sicher dass ihnen niemand gefolgt war.\u201eUnfassbar dass wir das geschafft haben.\u201c Moon blickte zum sternenklaren Himmel.\u201eNoch sind wir leider nicht fertig. Im Gegenteil wir sind noch nicht mal ansatzweise in Kjellbaum.\u201cMoon \u0001 \u0002 lange waren sie jetzt schon gefahren? Weit genug dass ihnen niemand folgen \u0001 \u0002 Morgen brach bereits an als sie sich entschlossen eine weitere Pause \u0001 \u0002 waren in eine Ein\u00f6de gelangt. Die Karte sagte, dass die Stra\u00dfe auf der sie f\u00fchren sie zur Stadt Mandon bringen w\u00fcrde. Sie w\u00fcrden aber nicht direkt in die Stadt fahren, sondern sie umrunden.\u201eHalt! H\u00e4nde hoch!\u201c\u201eNiemand bewegt sich und niemand wird verletzt!\u201cWie aus dem Nichts tauchten pl\u00f6tzlich drei Gestallten auf. Ihre Gesichter hatten sie mit T\u00fcchern verschleiert. Die drei M\u00e4nner tr\u00fcgen dunkle M\u00e4ntel die fast bis zum Boden reichten und noch wichtiger sie hatten Pistolen, diese waren auf Moon und Erik gerichtet.\u201eWie viel Geld habt ihr dabei?\u201c Mit Banditen hatten sie nicht gerechnet. Moon blickte unsicher zu dem Geldbeutel der an der Innenseite ihres Mantels hing.\u201eAntwortet! Wir haben nicht den ganzen Tag Zeit!\u201c, bellte der 2. Bandit Erik an.\u201eNichts. Wir haben nichts. Wir sind arme Menschen.\u201c, stotterte \u0001 \u0002 1. Bandit nickte den zwei anderen zu.\u201eDurchsucht die Karre!\u201cDie beiden schmierigen Typen machten sich daran den Wagen zu durchsuchen und fanden nat\u00fcrlich den Proviant.\u201eNur Kannis hier, Boss!\u201c\u201eNehmt es mit!\u201c Der 1. Bandit hatte seine Pistole immer noch auf die beiden gerichtet.\u201eAlles?\u201c, kam die Frage aus dem Wagen.\u201eAlles.\u201c, antwortete er \u0001 \u0002 konnte doch nicht einfach dabei zusehen wie diese Typen sie beklauten!Erik holte tief Luft und rief: \u201eHalt!\u201c Die Banditen sahen sich um. \u201eNehmt lieber mich mit!\u201c\u201ePfff wozu sollten wir den den brauchen?\u201c\u201eGenau.\u201c, antwortete der andere Bandit aus dem Wohnwagen. \u201eDen kann man nicht mal essen.\u201c\u201eOder verkaufen.\u201c, f\u00fcgte ein anderer \u0001 \u0002 machte sich riesige Vorw\u00fcrfe. Wieso hatte er blo\u00df nicht daran gedacht, dass sie ein leichtes Ziel f\u00fcr Banditen waren. Moon konnte wahrscheinlich nicht mal ahnen, dass sie \u00fcberfallen w\u00fcrden k\u00f6nnten. Er konnte sich nicht vorstellen, dass sie den Schrottplatz besonders oft verlassen \u0001 \u0002 einem gro\u00dfen Sack voll Kannis und Wasserdosen kamen die Banditen einige Zeit sp\u00e4ter aus dem Wagen.\u201eWir werden Sie anzeigen!\u201c, schrie Erik sie \u0001 \u0002 'Boss' drehte sich um und zog das Tuch vor seinem Mund weg und grinste Erik mit gelben Z\u00e4hnen an. \u201eWisst du dass wir deine kleine Freundin auch noch mitnehmen? Sie w\u00fcrde bestimmt n\u00fctzlich sein. Bei uns im Lager sieht es schon wieder so schrecklich unaufger\u00e4umt aus.\u201cErik w\u00fcrde sofort still.\u201eDachte ich mir doch du dass nicht willst.\u201c R\u00fcckw\u00e4rts gehend entfernten sich die Banditen immer noch die Pistolen auf die beiden gerichtet. Als sie aus ihren Blickfeld verschwunden waren, begann Erik sogleich in ihre Richtung zu rennen.\u201eLass es bitte, Erik.\u201c Moon sah ihn unendlich traurig an. \u201eLass dich bitte einfach nicht erschie\u00dfen.\u201c\u201eAber die haben unser Zeug!\u201c\u201eIst doch egal. Hauptsache wir leben noch. Ich hab ja noch 7 Sloti. Das ist nicht viel, aber wir k\u00f6nnen es schaffen, okay?\u201cErik seufzte. Die Reise hatte wirklich bescheuert angefangen. Die Motivation war gekillt und nach diesem Schock entschieden sie sich erstmal \u0001 \u0002 war vielleicht Vormittag als sie wieder aufwachten. Ausgeschlafen hatten sie nat\u00fcrlich nicht, aber trotzdem hielt sie nichts in dieser Gegend. Erik stieg in den Wagen, Moon kletterte auf dem Beifahrersitz und sie f\u00fchren los.\u201eMoon? Bist du sicher, dass du das tun willst? Wir k\u00f6nnen auch einfach wieder zur\u00fcckfahren und es lassen.\u201cMoon sah ihn entschlossen an. \u201eIch werde das durchziehen! Auch wenn ich dabei draufgehe!Ich habe noch nie im meinem Leben mich aus der Stadt entfernt. Lieber sterbe ich bei den Versuch meinen Traum wahr zumachen als aufzugeben.\u201cErik nickte. \u201eGut, wenn das so ist geh' ich mit dir bis ans Ende der Welt.\u201cMoon sah ihn \u00fcberrascht an und l\u00e4chelte.\u201eErik? Ich m\u00f6chte dir einfach Danke sagen. Ohne dich und deine Idee w\u00fcrde ich jetzt immer noch im Fiska versauern.\u201eKein Problem. Ich glaube wir brauchten das beiden.\u201cMoon l\u00e4chelte und Erik vernahm ein leises Singen.\u201eWhereever the wind is taking me I'll go with you. I won't ever leave you by your own. Even if the sky is falling down, with you I can survive.\u201c Er kannte dieses Lied und stimmte mit ein:\u201eYou know you can always count on me. Because a bird just wispered me, you belong to me.\u201c\u201e'Cause a bird just wispered me, you belong where.\u201c----Lalalaaa :D Tja das war der Anfang der Reise :)Ich hoffe, dass es niemanden st\u00f6rt das ich am Ende zwei- drei Abs\u00e4tze Englisch geschrieben haben :/ Na ja :DDanke f\u00fcrs lesen und dir noch einen wundersch\u00f6nen Tag <3",
            "wordcount": "1.009",
            "chapter_release": "02.01.2014",
            "chapter_number": "4"
        },
        "5": {
            "text": "\u201eMoon, wach auf!\u201cMoon blinzelte setzte ich grade hin.\u201eSiehst du? Da vorne ist Mandon.\u201c Erik l\u00e4chelte sie \u0001 \u0002 l\u00e4chelte. Erik war erstaunt, dass sie noch so motiviert war, es war ja bis jetzt nicht besonders gut \u0001 \u0002 vor dem Eingang zur Stadt bogen sie rechts ab. Allerdings funktionierte die Lenkung immer noch nicht so gut. Mit einem Knall fuhren sie gegen ein Autowrack am Rand der \u0001 \u0002 lachte:\u201c Dass m\u00fcssen wir aber noch \u00fcben, meine Herr.\u201c Ja, Moon war au\u00dfergew\u00f6hnlich gelassen. \u201eAber nat\u00fcrlich. Tut mir leid, meine Dame ich hoffe sie k\u00f6nnen mir noch einmal verzeihen.\u201cDie brachen in schallendes Gel\u00e4chter aus. Kaum zu glauben, dass einige Reiche in Fiska wirklich so redeten. Erik fuhr vorsichtig r\u00fcckw\u00e4rts und brachte das Auto wieder auf die Stra\u00dfe. In Zukunft sollten sie besser nicht mehr so viele Unf\u00e4lle bauen. Das Auto war zwar funktionst\u00fcchtig, aber auch nicht \u0001 \u0002 eine halbe Stunde sp\u00e4ter entschieden sie sich noch einmal eine Pause zu \u0001 \u0002 machte sich aber auch der Hunger breit.\u201eWir sind noch nicht weit weg von Mandon. Wir k\u00f6nnten dort hingehen und Essen kaufen.\u201cErik nickte. Bis zur n\u00e4chsten Stadt war es noch weit und die Wahrscheinlichkeit einen der wenigen reisenden H\u00e4ndler zu finden, war gering. Sie parkten das Auto etwas abseits der Stra\u00dfe wo es keine Aufmerksamkeit erregte, und machten sich langsam in Richtung Mandon. Noch nie hatten sie so eine gro\u00dfe Stadt gesehen, aber na gut sie hatten auch nie eine andere Stadt als Fiska gesehen. Unz\u00e4hlige Menschen tummelten sich auf den Stra\u00dfen, aber hier schien noch gr\u00f6\u00dfere Armut zu herrschen als in Fiska. Aber unter den vielen Obdachlosen gab es auch ziemlich viele Reiche die in ungem\u00fctlicher Kleidung und Schuhen umherliefen. Die Stadt war kreisf\u00f6rmig aufgebaut, aber es f\u00fchrten auch ein paar Stra\u00dfen in die Mitte der \u0001 \u0002 den kleinen Seitengassen standen viele aufgegebene Gesch\u00e4fte. Das lag wahrscheinlich daran, dass dich die meisten Reichen nur auf der gro\u00dfen Hauptstra\u00dfe aufhielten. \u201ePsst! Hier dr\u00fcben!\u201c, kam es aus einer dunklen Gasse gezischt. Die beiden betraten die \u0001 \u0002 ihnen stand ein kleiner Mann hinter einem Tisch.\u201eAuf der Suche nach Billigware?\u201c Aus einem Karton holte er ein paar P\u00e4ckchen Kannis und legte sie auf den Tisch.\u201eWie viel?\u201c, fragte Erik.\u201eHm, wie w\u00e4re es mit einem Deal? Ihr geht da vorne in den Laden. Einer von euch s\u00fc\u00dfen besch\u00e4ftigt den Verk\u00e4ufer und der andere nimmt sich 'ne Flasche Puls.\u201c Der Mann deutete auf einen Spirituosenladen.\u201eOder...\u201c, der schmierige Typ l\u00e4chelte \u201eDu leihst mir deine Freundin mal f\u00fcr 'ne Weile.\u201cErik zog Moon sogleich aus der Gasse und die begaben sich wieder auf die Hauptstra\u00dfe.\u201eIch schlage vor wir bleiben auf der Hauptstra\u00dfe, oder?\u201c Moon sah ihn fragend \u0001 \u0002 nickte und Moon hackte sich bei ihm \u0001 \u0002 hatten sie einen seri\u00f6sen Laden gefunden, allerdings waren die Preise \u0001 \u0002 fragte sich wie \u00fcberhaupt ein Obdachloser hier \u00fcberleben konnte. Eine T\u00fcte Kannis mit 20 mittelgro\u00dfen Scheiben kostete 5 Sloti! Das war fast das dreifache von dem was es in Fiska \u0001 \u0002 sie noch ein paar weiter L\u00e4den abklappert hatten und feststellen mussten dass alles gleichviel kostete kauften sie sich zwei T\u00fcten, denn f\u00fcr mehr hatte das Geld nicht \u0001 \u0002 entschieden sich den Abend in der Stadt zu verbringen. Die Frage war nur wo? Es w\u00fcrde sp\u00e4ter und sp\u00e4ter und Moon und Erik entschieden sich das zu tun was alle taten. Sich eine Pappe schnappen und die Nacht darauf verbringen. Es war nicht gem\u00fctlich, aber jetzt zum Wagen zu gehen w\u00e4re zu gef\u00e4hrlich. Eventuell w\u00e4ren noch Banditen in der \u0001 \u0002 lieh Moon seinen Mantel damit sie es warm hatte. Sie kuschelten sich zusammen. Hier in der Stadt konnte man die Sterne nicht sehen. Die wenigen Laternen waren zu hell.\u201eWas denkst du, Erik?\u201c Moon sah ihn fragend an.\u201eAch ich glaube es ist... Nichts es ist nichts.\u201c\u201eSicher?\u201c\u201eJa. Schlaf jetzt ein.\u201c Moon kuschelte sich n\u00e4her an ihn und schloss die \u0001 \u0002 hatte gut erkannt dass ihn ihm etwas vorging. \u201eIch hab dich lieb.\u201c, fl\u00fcsterte er in ihr Ohr.\u201eIch dich auch.\u201c Moon \u00f6ffnete noch einmal die Augen und sah direkt in Eriks blaue \u0001 \u0002, wie schnell sich Blicke verlieren \u0001 \u0002 ging alles ganz schnell. Moon kam ihm n\u00e4her und er wusste nicht ob er diese Geste richtig deutete. Einen fingerbreit vor seinem Gesicht stoppte sie und sah ihn erwartungsvoll \u0001 \u0002 oder nie, dachte er sich, jetzt oder nie, und k\u00fcsste \u0001 \u0002 sie endeten l\u00e4chelte Moon: \u201eWusste ich's doch.\u201cSie legten sich wieder hin und schliefen ein.\u201eDing Dong!\u201c Moon lief vor Erik auf und ab und klatschte in die H\u00e4nde. Er grinste.\u201eMorgen Moon.\u201c\u201eMorgen!\u201c, rief sie und k\u00fcsste ihn auf die Wange.\u201eHob los geht\u2019s! Wir haben noch 'ne lange Reise vor uns.\u201cErik stand mal wieder wie angewurzelt da und dachte sich, Was ist nur mit ihr los? Sie konnte wohl einfach nichts aus der Ruhe bringen. Der lachte.\u201eNa dann... Das Abenteuer ruft!\u201c\u201eJa, es ruft: Halt die Klappe du Nervens\u00e4ge.\u201c, kam es von der Schlafst\u00e4tte nebenan auf der ein Mann lag und sich die Ohren \u0001 \u0002 packte ihn und zehrte ihm zum Ausgang der Stadt.\u201eBoah, endlich raus da.\u201c, lachte \u0001 \u0002 hielt sie an und fragte: Halt halt halt, junge Dame. Sind sie sich sicher dass sie nicht zu viel Adrenalin im Blut haben?\u201c\u201eKeine Ahnung, aber ich glaube sie haben Recht.\u201c Schon wieder lief sie auf ihn zu und k\u00fcsste ihn.\u201eVielleicht bin ich auch einfach nur gl\u00fccklich Offizier.\u201cEr lachte und sie machten sich auf dem Weg zum Wagen. Jetzt mussten sie ihn nur noch wieder zur\u00fcck auf die Stra\u00dfe bef\u00f6rdern. Erik steuerte vorsichtig und kam, mehr oder weniger souver\u00e4n, auf die Stra\u00dfe. Moon kramte noch einmal die Karte aus.\u201eGut, jetzt fahren wir eine Weile ohne Zwischenstopp. Wir halten noch einmal vor Kjellbaum an.\u201cErik nickte: \u201eGut dann mal los.\u201cEs versprach noch eine interessante Reise zu werden.----Tjaaa, Morgen geht's weiter :DDanke f\u00fcrs lesen und dir noch einen wundersch\u00f6nen Tag <3",
            "wordcount": "1.014",
            "chapter_release": "02.01.2014",
            "chapter_number": "5"
        },
        "6": {
            "text": "\u201eWoll'n wir mal ne Pause machen?\u201c Moon hatte sich halb auf ihren Sitz gelegt.\u201eJa klar.\u201c Erik hielt den Wagen und Moon kramte sie T\u00fcte Kannis \u0001 \u0002 waren sich noch nicht sicher ob ihr Essen bis zur n\u00e4chsten Stadt reichte, aber das viel gr\u00f6\u00dfere Problem war... Trinken. Erstaunlicherweise hatten die Banditen nicht alles mitgenommen, aber es w\u00fcrde trotzdem niemals \u0001 \u0002 Optimismus war trotz allem ansteckend. Pl\u00f6tzlich begann es zu regnen.\u201eJa! Warte, ich hole die T\u00fcte zum auffangen.\u201cMoon war sofort aufgesprungen um die T\u00fcte zu holen in dem sie den Proviant aufbewahrt hatten.\u201eRiecht irgendwie seltsam oder?\u201c Moon nickte.\u201eKomisch, ist aber bestimmt nicht schlimm.\u201c Sie fuhren fast den ganzen Tag durch und in dieser Zeit erfuhr Erik mehr \u00fcber \u0001 \u0002 anderem, dass sie sich fast allein um Essen f\u00fcr sie und ihren Vater gek\u00fcmmert hatte, und dass sie hoffte das er jetzt die Zeit in der sie weg war klar \u0001 \u0002 sie gegangen war hatte sie ihm noch einen Zettel geschrieben:Hallo \u0001 \u0002 tut mir leid dass ich gehen m\u00fcsste, aber es ist nicht f\u00fcr \u0001 \u0002 ich wiederkomme wirst du stolz auf mich sein. \u0001 \u0002.Von Erik hatte sie ihm noch nichts erz\u00e4hlt, aber wenn sie wiederkamen hatte sie mehr als einen Grund daf\u00fcr ihm davon ihm zu erz\u00e4hlen.\u201ePuh, ich ach mal ne Pause und probier das Wasser.\u201c Erik stand auf und ging zu der kleinen Wasserpf\u00fctze die sich in der T\u00fcte gesammelt hatte. Er nahm einen gro\u00dfen Schluck.\u201eSchmeckt immer noch komisch.\u201c Bei dem Geschmack zog sich sein Magen leicht zusammen.\u201eErik? Stimmt was nicht?\u201c Moon sah ihn besorgt \u0001 \u0002 stoppte den Wagen, sprang aus dem Auto und \u00fcbergab sich.\u201eAch du Schei\u00dfe, das Wasser ist auf gar keinen Fall gesund.\u201cMoon legte Erik besorgt sie Hand auf die Stirn.\u201eDu gl\u00fchst ja.! Wir machen besser eine Pause und fahren morgen weiter.\u201cSie brachte ihn zum Wagen und legte ihn ein seinen \u0001 \u0002 schlief schnell ein. Das Wasser war eine volle Katastrophe. Moon entschied sich es weg zusch\u00fctten. Sie m\u00fcssten jetzt einfach mit dem auskommen was sie \u0001 \u0002 legte sich auch in ihren Schlafsack. Die N\u00e4chte waren erstaunlich kalt im Gegensatz zu den Tagen. Sich m\u00fcsste Erik wieder gesund pflegen und lernen den Wagen zu \u0001 \u0002 brauchte er auch \u00e4rztliche Behandlung, aber die konnten sie sich ja nicht leisten. Das wichtigste im Moment war einfach in das n\u00e4chste Dorf zu \u0001 \u0002 n\u00e4chste Morgen trat an und Erik ging es nur leicht \u0001 \u0002 entschied sich am Autofahren zu versuchen und es war, wie anfangs auch bei Erik, eine Katastrophe. Nach einiger Zeit w\u00fcrde sie besser. Laut Karte w\u00e4re das n\u00e4chst gelegene Dorf \u0001 \u0002 schien nicht besonders gro\u00df zu \u0001 \u0002 versorgte Erik st\u00e4ndig mit Kannis und dem wenigen Wasser das sie hatten so dass sie nur stockend voran kamen. Aber immerhin ging es ihm am Nachmittag besser. Er war immer noch furchtbar blass und \u0001 \u0002 br\u00e4uchten noch ungef\u00e4hr einen halben Tag bis nach Ailline und Moon entschied sich noch bis sp\u00e4t in die Nacht \u0001 \u0002 wurde auch sie m\u00fcde und gesellte sich zu \u0001 \u0002 schlief schon, aber Hauptsache er wurde wieder gesund. Das war wohl der unspektakul\u00e4rste Tag ihrer Reise gewesen uns trotzdem war Moon unfassbar ersch\u00f6pft. Das Autofahren war wirklich anstrengend. Todm\u00fcde fiel sie in Schlaf.\u201eErik? Was ist los? Hallo antworte mir!\u201cAls Moon am n\u00e4chsten Morgen aufgewacht war hatte sie Erik nicht aufwecken \u0001 \u0002 bildeten sich in ihren Augen. Sie r\u00fcttelte ihn. Sein Herz schlug nicht \u0001 \u0002 geriet in Panik. Das d\u00fcrfte nicht wahr sein. Sie schrie, doch niemand h\u00f6rte \u0001 \u0002 h\u00f6rte aber eine leise Stimme. Sie schreckte auf. \u201eMoon was ist los? Warum schreist du so?\u201c Erik sah ihr in die Augen.\u201eI-Ich hab wohl getr\u00e4umt. Tut mir leid. Ich wollte dich nicht wecken.\u201c\u201eKein Problem. Was ist den passiert.\u201c\u201eDu, Du warst tot. Du bist gestorben. An dieser Krankheit.\u201c, stotterte Moon.\u201eAlles gut, okay?\u201c Moon nickte. Verdammt was war nur mit ihr los? Moon war normalerweise kein Mensch der Albtr\u00e4ume hat. Den letzten hatte sie als sie klein war. Bei dem hatte sie immer ihre Mutter gesehen die eine Br\u00fccke hinunterst\u00fcrzt. Als sie sich nicht mehr an ihr Gesicht erinnern konnte hatten die Albtr\u00e4ume \u0001 \u0002 n\u00e4chsten Morgen machte Moon sich sogleich daran \u0001 \u0002 war nur noch wenige Kilometer entfernt. Erik hatte sich wieder aufgerappelt und sich auf den Beifahrersitz gesetzt. Inzwischen hatten sie kein Wasser mehr und nur noch wenig \u0001 \u0002 sie Ailline sahen stiegen sie aus und liefen die letzten Meter zur Stadt. Es war wirklich ein sehr kleines Dorf und es schien als ob hier keine wirklich wohlhabenden Menschen hier \u0001 \u0002 brauchte Erik auf eine kleine Bank auf der er sich ausruhen konnte und sie machte sich auf dem Weg wieder etwas zu sammeln und zu \u0001 \u0002 ihren Gl\u00fcck kostete das Essen und Trinken hier weniger. \u0001 \u0002 Sloti weniger wie in Fiska!Moon bergte nicht besonderes auf den Schrotthaufen auf dem sie mit einigen anderen \u0001 \u0002 fragte sie sich was alle mit dem M\u00fcll machten. Die H\u00e4ndler in Fiska hatten es immer weiter an die Regierung verkauft. Wozu w\u00fcssten sie selbst \u0001 \u0002 war mit ihrer Beute zufrieden. Sie gab die \u0001 \u0002 Sloti einem anderen Bettler und bekam f\u00fcr ihre Beute 13 Sloti. Moon kehrte zu Erik zur\u00fcck der zwei kleinen Kindern beim spielen zusah.\u201eS\u00fc\u00df, nicht wahr?\u201c Erik l\u00e4chelte.\u201eJa, sehr niedlich. Ich habe \u00fcbrigens 13 Sloti.\u201cErik sah sie \u00fcberrascht an.\u201eCool! Wenn das mit Kjellbaum nicht klappt zieh ich hier hin.\u201cEr lachte. Moon war erleichtert dass es ihm besser \u0001 \u0002 Nacht w\u00fcrden sie wieder in der Stadt verbringen. Diesmal hatten sie auch daran gedacht die Schlafs\u00e4cke mitzunehmen. Sie richteten sich ein. Hier waren erstaunlich wenige Obdachlose. Die meisten wohnten anscheinend in den alten H\u00e4usern, aber anscheinend mit vielen anderen zusammen.\u201eHey, ihr! Wollt ihr wirklich hier Drau\u00dfen schlafen?\u201c Eine alte Dame winkte ihnen von dem Eingang eines der H\u00e4user zu.\u201eAch bitte, kommt doch rein. Hier drinnen schlafen doch viele.\u201c Moon und Erik standen auf und gingen zur alten \u0001 \u0002 l\u00e4chelte und fragte: \u201eIhr seid nicht von hier, nicht wahr?\u201cErik sch\u00fcttelte den Kopf.\u201eNein, wir sind aus Fiska.\u201c\u201eFiska?! Das ist ewig weit weg! Ihr m\u00fcsst mir erz\u00e4hlen wie ihr hier hin kommt. Aber kommt doch erst mal rein.\u201c----Tja, da haben unsre beiden ja 'ne Menge zu erkl\u00e4ren :)Morgen geht es \u0001 \u0002 f\u00fcrs lesen und dir noch einen wundersch\u00f6nen Tag <3",
            "wordcount": "1.095",
            "chapter_release": "02.01.2014",
            "chapter_number": "6"
        },
        "7": {
            "text": "\u201e... Und dann kamen wir hier an.\u201cDie alte Frau sah sie erstaunt an.\u201eWirklich? Ihr habt ein funktionierendes Auto?\u201cMoon nickte.\u201eKinder, lasst euch nicht damit erwischen. Die Regierung wird es euch sofort wegnehmen.\u201c\u201eWarum? Was soll'n sie den damit?\u201c\u201eWisst ihr die Regierung sieht in fast allen einen Aufstand, aber niemand wei\u00df warum.\u201cErik kratze sich das \u0001 \u0002 dem Haus schliefen fast 20 Leute. Alle in ein paar zerrissene Decken \u0001 \u0002 Frau verabschiedete sich und ging dann selbst \u0001 \u0002 Moon und Erik machten sich es langsam in ihren Schlafs\u00e4cken \u0001 \u0002 ging es zumindest langsam besser und so auch Moon die sich zu Tode gesorgt \u0001 \u0002 wurden vom Aufstehen der anderen Leute geweckt. Die Meisten standen noch in der Dunkelheit auf, aber Moon und Erik blieben noch liegen. Schlie\u00dflich wollten sie jetzt nach Kjellbaum \u0001 \u0002 die Sonne aufgegangen war standen auch sie auf. Die alte Frau stand am Fenster und blickte nach drau\u00dfen.\u201eMad'm, wir wollten uns verabschieden. Wir m\u00fcssen leider \u0001 \u0002 drehte sich um.\u201eJa, tut das. Ich w\u00fcnsche euch viel Gl\u00fcck.\u201c Sie \u0001 \u0002 und Erik verlie\u00dfen die Stadt. Pl\u00f6tzlich stoppte Moon.\u201eVerdammt! Wir haben sie nicht mal nach ihren Namen gefragt.\u201c\u201eStimmt. Woll'n wir noch mal zur\u00fcckgehen?\u201c\u201eNein, jetzt ist es auch egal.\u201cErik \u00fcbernahm jetzt wieder das Steuer und Moon holte die Karte.\u201eGut, wenn wir durchfahren sind wir in ungef\u00e4hr einen halben Tag da.\u201cErik nickte und fuhr los. Es war ein sehr warmer Tag und das verst\u00e4rkte den Geruch von M\u00fcll und Unrat nur. Ungef\u00e4hr mittags standen sie am Ende der Stra\u00dfe. Die Stra\u00dfe die auf der Karte eingezeichnet war existierte nicht. Es blieb ihnen nichts anderes als Querfeldein \u0001 \u0002 Stra\u00dfe war es denkbar schwer auszumachen wo sie waren. Moon war sich aber trotzdem noch sicher das sie noch nicht an Kjellbaum vorbei gefahren sein konnten.\u201eMoon, da dr\u00fcben.\u201c\u201eWas'n das?\u201c Moon sah skeptisch zu dem Ding das da am Boden lag.\u201eSieht aus wie 'ne Schild.\u201cSie stiegen aus um das Schied genauer zu \u0001 \u0002 Schrift war fast verblichen, aber sie erkannten noch dass dort Kjellbaum stand.\u201eIrgendwas stimmt hier nicht. Die Stra\u00dfe ist weg, das Schild hier... Was ist wenn Kjellbaum gar nicht mehr existiert?\u201cMoon sah nachdenklich das Schild \u0001 \u0002 stiegen wieder ein und konnten das mulmige Gef\u00fchl nicht mehr \u0001 \u0002 w\u00fcrde bereits Abend als die Stadt am Horizont auftauchte. Sie stiegen aus und Moon rannte los in Richtung Stadt. Sie war noch kleiner als Ailline. Viele Menschen wohnten hier nicht. Als Moon und Erik das Dorf betraten wurden sie sofort von einem Mann angesprochen.\u201eWer seid ihr? Wir kommt ihr hier her?\u201c\u201e\u00c4hm...\u201c Erik trat vor. \u201eWir sind Erik und Moon aus Fiska. Wir sind mit einem Auto hierhergekommen, weil erz\u00e4hlt wird dass es hier so viele Ressourcen gibt.\u201c\u201eWer sagt das?\u201eHat ein Freund von mir vor langer Zeit gesagt.\u201c\u201eWer au\u00dfer euch wei\u00df noch wo Kjellbaum liegt.\u201cMoon schaltete sich ein: \u201eWissen wir nicht, aber es stand auf unsrer Karte.\u201c\u201eDarf ich euch bitten kurz mitzukommen?\u201cSie nickten und der Mann begleitete sie in eine Bar. Zu dieser Zeit war hier wenig \u0001 \u0002 Mann und sie setzten sich an einen Tisch und der Mann bestellte Getr\u00e4nke f\u00fcr sich und ihn.\u201eKeine Sorge. Die gehen auf mich.\u201c, sagte der Mann in ihre \u0001 \u0002 war klar: Der Mann wollte ihnen bestimmt nicht B\u00f6ses.\u201eAlso, Moon und Erik. Ihr wisst es anscheinend nicht, dass wir uns von der Regierung abgekoppelt haben. Mein Name ist Arvid und Kjellbaum will sich nur vor der Zerst\u00f6rung retten.\u201c\u201eWelche Zerst\u00f6rung?\u201c Moon sah ihn verwirrt an.\u201eDie Regierung wird nur die Wohlhabenden mit auf den Neuen Planeten nehmen. Auf der Rakete ist angeblich nicht genug Platz.\u201c\u201eWas?! Welche Rakete?\u201c\u201eOh ihr Armen. Sie werden die St\u00e4dte sprengen. Deswegen halten wir uns im Geheimen. So bleiben wir verschont. Keiner wei\u00df wann die Rakete abheben wird und keiner wei\u00df wann die St\u00e4dte gesprengt werden, aber einige wissen dass es passieren \u0001 \u0002 ihr wollte bleibt hier in der Stadt, dann werdet ihr \u00fcberleben.\u201cDer Kellner kam und brachte die Getr\u00e4nke, aber statt mit Sloti zu bezahlen, bezahlte Arvid mit einem Paper auf dem stand : Gutschein f\u00fcr 1kg Weizen.\u201eWarte kurz. Mit was hast du da bezahlt?\u201c Moon verwirrte das Ganze wohl extrem.\u201eAch ich verga\u00df, ihr bezahlt ja noch mit Sloti. Bei uns funktioniert der Tausch ganz gut. Er gab uns etwas zu trinken, ich gebe im Weizen das ich anbaue.\u201cErik kratze sich das Kien. \u201eInteressant.\u201c\u201eNa ja, auf jeden Fall soll keiner von Kjellbaum wissen. Ihr hab doch bitte niemand davon erz\u00e4hlt.\u201cMoon sch\u00fcttelte den Kopf: \u201eNein, wir sind sozusagen von Zuhause ausgerissen.\u201c\u201eGut so.\u201c Erik \u00fcberlegte einen Moment und fragte: \u201eAber woher wisst ihr das mit der Rakete und der Zerst\u00f6rung?\u201c\u201eEine Truppe M\u00e4nner kam einmal zuf\u00e4llig nach Kjellbaum und haben sich hier niedergelassen. Sie waren alle im Auftrag der Regierung gewesen und sie hatten ihren Job verloren, weil sie sich geweigert hatten bei dem Raketenbau und dem Sprengvorgang zu helfen. Sie haben uns alles erz\u00e4hlt und daraufhin aber wir alle Spuren von Kjellbaum verwischt. Wir hatten gehofft dass es niemand mehr kennt.\u201cSchweigen.\u201eErik, ich fahr zur\u00fcck nach Fiska und hole die Leute hierher. Wir k\u00f6nnen das nicht zulassen.\u201cArvid warf ein:\u201eDas Dorf ist klein und wir haben hier niemals genug Platz, aber wir k\u00f6nnten....\u201c Er stoppte.\u201eWas k\u00f6nnten wir?\u201c\u201eJa, es wir schon lange Zeit daf\u00fcr... Bring alle Menschen hierher!\u201c\u201eWof\u00fcr wird es Zeit? Was hast du vor.\u201c\u201eWir werden nicht aufgeben! Wir finden einen Weg zu \u00fcberleben. Alle. Es wird Zeit f\u00fcr das was das Land schon lange gebraucht hat. Gerechtigkeit und eine Revolution.\u201c----Tja, jetzt geht das ja in noch 'ne ganz andere Richtung :DDann geht\u2019s Morgen wohl weiter ;)Danke f\u00fcrs lesen und dir noch einen wundersch\u00f6nen Tag <3",
            "wordcount": "986",
            "chapter_release": "02.01.2014",
            "chapter_number": "7"
        },
        "8": {
            "text": "\u201eOkay, dann besorgen wir dir ein bisschen Proviant und du f\u00e4hrst nach Hause und holst alle Menschen die du findest hierher.\u201c Erik plante schon alles.\u201eGut, und du bleibst hier und besorgst Waffen und erz\u00e4hlst allen von unsrem Plan?\u201cErik nickte. Eigentlich wollte er Moon nicht allein zur\u00fcck auf den Heimweg schicken, aber anderseits war er sich sicher, dass sie das hin \u0001 \u0002 trat an die beiden.\u201eIch wei\u00df eure Aktion wirklich zu sch\u00e4tzen, aber eine Sache m\u00fcsst ihr noch wissen: Und zwar bekommt ihr hier kein Geld wenn ihr Schrott verkauft.\u201c Er sah Moon an.\u201eDu solltest also etwas von dem Zeug mitnehmen und irgendwo anders verkaufen. Ich werde dir aber auch ein bisschen Essen und Trinken mitgeben.\u201c Sie nickte \u0001 \u0002 bedankte und verabschiedete sich von Arvid und trat dann vor Erik.\u201eWir kriegen dass hin, okay?\u201c Sie l\u00e4chelte. Er nickte und sie k\u00fcssten sich kurz und Moon machte sich auf den Weg Richtung Ailline. Sie hatte vor auch die Menschen in den anderen St\u00e4dten f\u00fcr ihre Sache \u0001 \u0002 blieb zur\u00fcck. Arvid trat vor ihn.\u201eAlso wenn du m\u00f6chtest kannst du mir auf dem Feld helfen und dann selber mit etwas Weizen bezahlen. Ich mache mich derweil auf den Weg und erz\u00e4hlen dem Dorf von eurer Idee.\u201c\u201eGut, danke. Wo ist denn das Feld?\u201cArvid deutete einen H\u00fcgel hinauf. Erik dankte und machte sich auf den Weg. Er wollte die Waffen beim Schmid ja irgendwie bezahlen also musste er viel auf dem Feld helfen, aber er konnte unm\u00f6glich alle Waffen kaufen. Es werden sich wohl noch einige Probleme \u0001 \u0002 hatte sein Feld ins innere verlegt, allerdings gab es in dem Gew\u00e4chshaus kein Dach man konnte das Loch in der Decke aber mit einer Plane abdecken. Erik vermutete, dass das so war damit der Regen nicht an die Pflanzen kam. Die Pflanzen sahen trocken aus und er beschloss sie zu gie\u00dfen und ein bisschen Unkraut zu \u0001 \u0002 war inzwischen dunkel geworden und Moon war fast in Ailline. Sie hatte von Arvid etwas Brot bekommen, was um Meilen besser schmeckte als \u0001 \u0002 beschloss dann doch bis zum Morgen zu warten bis sie die Stadt st\u00fcrmte. Sie machte sich es in ihren Schlafsack gem\u00fctlich. Eine Sache war klar, wenn sie nach Hause kam wurde ihr Vater au\u00dfer sich vor Wut sein. Sie musste lachen, aus Nervosit\u00e4t und fiel in einen leichten \u0001 \u0002 wachte in der Morgend\u00e4mmerung auf. Sie stieg aus dem Wagen und machte sich auf den Weg zur Stadt. Sie wurde den Leuten die Karte zeigen, ihnen erz\u00e4hlen was passiert und sie bitten nach Kjellbaum zu gehen. Sie betrat die Stadt und er \u00fcbliche Trubel herrschte auf den Stra\u00dfen. Sie schnappte sich kurzerhand einen Karton und stellte sich auf in. Laut schrie sie:\u201eACHTUNG!!! ICH HABE EUCH ETWAS ZU SAGEN! GEHT ALLE NACH KJELLBAUM, DENN ALLE ST\u00c4DTE WERDEN BALD ZERST\u00d6RT! DIE REGIERUNG WILL DEN PLANETEN VERLASSEN!\u201c Eine Menschenmenge bildete sich um sie herum. Leises Gemurmel.\u201eWas will sie den?\u201c \u201eWovon redet sie?\u201c Moon begann noch einmal schreiend den Leuten alles zu erkl\u00e4ren und schickte sie in Richtung \u0001 \u0002 zum sp\u00e4ten Nachmittag hatten es wohl alle mitbekommen und begannen alles was sie hatten zusammenzupacken und liefen geb\u00fcndelt in Richtung Kjellbaum. Moon hatte ihnen noch einmal aufgemalt wo Kjellbaum lag und machte sich dann weiter in die entgegengesetzte Richtung.\u201eGute Arbeit, Erik. W\u00e4rst du noch so lieb und bringst das zur M\u00fchle?\u201c Er nickte. Inzwischen verbrachte er einen Gro\u00dfteil seiner Zeit damit Arvid zu helfen. Er hob den Sack Getreide hoch und ging in Richtung M\u00fcller. Erik hoffte, dass die Leute aus Ailline bald hier ankommen w\u00fcrden, aber sie mussten ja auch erst mal hierhin laufen. Er hatte inzwischen schon einige Waffen in Auftrag gegeben und der Schmid entpuppte sich als gro\u00dfe Hilfe. Er forderte nur wenig Getreide f\u00fcr seine Arbeit, allerdings hoffte er auch auf Unterst\u00fctzung von anderen Schmieden aus anderen \u0001 \u0002 Gef\u00fchl musste Erik immer unterdr\u00fccken, das Gef\u00fchl einer un\u00fcberlegten Handlung. Sie hatten keinen Schimmer wie gro\u00df die Armee der Regierung war und ob sie \u00fcberhaupt eine hatten. Sie wussten nicht ob sie \u00fcberhaupt genug Anh\u00e4nger f\u00fcr ihre Aktion finden \u0001 \u0002 sie m\u00fcssten es \u0001 \u0002 hatte nun auch Mandon hinter sich gelassen und fuhr auf schnellsten Weg in Richtung Fiska. In Mandon hatten einige Reiche versucht die anderen von ihrer Idee abzubringen, aber sie hatten es nicht geschafft. Nun war auch ein Gro\u00dfteil der Bev\u00f6lkerung auf den Weg nach \u0001 \u0002 wurde in wenigen Stunden Zuhause sein. Sie hatte alle geboten, die Freunde und Verwandte in anderen St\u00e4dten hatten, diese auch unbedingt zu benachrichtigen. Sie brauchte nicht die komplette Bev\u00f6lkerung, aber einen Gro\u00dfteil. Eben so viele wie \u0001 \u0002 n\u00e4herte sich Fiska und bekam ein wenig Angst. Das erste was sie tun w\u00fcrde, w\u00e4re ihren Vater davon zu berichten, danach allen \u0001 \u0002 fuhr auf die abgelegene Stra\u00dfe auf der sie auch Fiska verlassen hatten und n\u00e4herte sich dem Hof ihres Vaters. Sie stieg aus. Ihr Vater stand auf den Schrottplatz und sammelte M\u00fcll. Er war extrem d\u00fcnn geworden und sah krank aus. Moon betrat den Schrottplatz und ihr Vater drehte sich um. Sofort bildeten sich Tr\u00e4nen in seinen Augen und ging auf Moon zu und umarmte sie.\u201eMach das nie wieder. Geh nie wieder weg.\u201c, fl\u00fcsterte er. Moon hatte mit allem gerechnet aber nicht mit einer Umarmung. Nachdem er sie losgelassen hatte sagte Moon:\u201eIch musst dir was erz\u00e4hlen. Kommst du kurz mit.\u201c Er l\u00e4chelte und folgte ihr.\u201eErik, komm raus!\u201c, rief Arvid von Drau\u00dfen.\u201eIst sie wieder da? Moon?\u201c Er hechte nach Drau\u00dfen.\u201eNein, aber noch mehr Leute, als Mandon wohl.\u201c Er l\u00e4chelte. Moon hatte es geschafft. Sie war wahrscheinlich mit den B\u00fcrgern von Fiska auf dem Weg nach Kjellbaum. Inzwischen hatte der Schmid Hilfe bekommen und er stellte jetzt mit einigen Helfer und anderen Schmieden Waffen \u0001 \u0002 waren so unfassbar viel Leute nach Kjellbaum gekommen... Es w\u00fcrde nur noch eine Frage der Zeit sein bis die Regierung davon Wind bekam, wenn sie es denn bis jetzt noch nicht \u0001 \u0002 m\u00fcssten sich beeilen. Sie hatten sich inzwischen ein Zeil f\u00fcr ihren \u00dcberfall \u0001 \u0002, wenn man sie so nennen wollte, Hauptstadt, Karpan. Dort war auch der Hauptsitz der Regierung und vielleicht auch die Rakete.\u201eSiehst du, Papa? Da vorne ist Kjellbaum.\u201c Moon fuhr langsam die Stadt an. So unglaublich viel Menschen hatten sich dort gesammelt, vielleicht \u0001 \u0002 stiegen aus und Moon und ihr Vater bahnte sich einen Weh durch die Menschenmenge zu Arvids Haus.\u201eErik! Hier dr\u00fcben!\u201c, schrie sie in Richtung des \u0001 \u0002 sah auf. Er stand blitzschnell vor ihr und umarmte sie.\u201eUnd du bist dann wohl Erik. Freut mich dich kennen zu lernen.\u201c Erik blickte auf. Moons Vater l\u00e4chelte ihn an.\u201eDie Freude ist ganz meinerseits, Sir.\u201cVielleicht hatte er sich in ihrem Vater \u0001 \u0002 kam auch Arvid aus dem Gew\u00e4chshaus und stellte sich Moons Vater \u0001 \u0002 w\u00fcrden sich so bald wie m\u00f6glich auf in Richtung Karpan machen. Ein Gro\u00dfteil der Truppen war ausger\u00fcstet. Jetzt blieb nur noch warten und hoffen, dass sich alles was sie getan hatten ausgezahlt hatte.---- Yay! Revolution! :D Morgen werden sich unsere kleinen Truppen dann in Richtung Karpan machen :)Ich hoffe es hat dir \u0001 \u0002 noch einen wundersch\u00f6nen Tag und danke f\u00fcrs lesen <3",
            "wordcount": "1.213",
            "chapter_release": "02.01.2014",
            "chapter_number": "8"
        },
        "9": {
            "text": "\u201eMorgen wird spannend..\u201c Moon sah an die \u0001 \u0002 musste schmunzeln. Noch nie in seinem Leben war es so \u00e4ngstlich und aufgeregt wie grade.\u201eMoon, was hast du eigentlich mit deinem Vater gemacht?\u201c\u201eH\u00e4? Nichts. Warum?\u201c\u201eWeil er mich gemocht hat.\u201cMoon lachte. \u201eDich muss man einfach m\u00f6gen.\u201c\u201eAch ist das so?\u201c Er richtete sich auf.\u201eJa, ist so. Wer wei\u00df warum.\u201c Moon hatte sich auch aufgerichtet und sah ihm jetzt direkt in die Augen und es war durchaus schwer ihrem Blick standzuhalten. Erik musste es einfach tun. Von sich aus k\u00fcsste er sie, woraufhin sie ihn in ein Zungengefecht verwickelte.\u201eJetzt oder nie. Wir k\u00f6nnten Morgen tot sein.\u201c Er l\u00e4chelte. Darauf wollte er zwar nicht hinaus, aber trotzdem gut.\u201eOkay sind alle fertig?\u201cMoon sah zum Fenster hinaus.\u201eSieht so aus.\u201c Heute w\u00fcrden sie sich nach Karpan begeben. Inzwischen waren alle ausger\u00fcstet, sogar mit R\u00fcstungen die Pfeile nicht so einfach durchbohren konnten. Die Schmiede hatten sich selbst \u00fcbertroffen. \u201eGut, dann mal los.\u201c Erik und Moon gingen ins \u0001 \u0002 traten vor die Versammlung die sich in der Stadtmitte gebildet hatte.\u201eNA DANN MAL LOS!!!\u201c, schrie Moon in die Menge und erntet kriegerisches \u0001 \u0002 Fu\u00dfmarsch nach Karpan dauerte ungef\u00e4hr einen halben Tag, allerdings hatte Moon die Pausen nicht mit ein berechnet. So waren sie am Ende des Tages noch eine Stunde von Karpan \u0001 \u0002 w\u00fcrde es fr\u00fch weitergehen, also machte sie nochmal eine Pause. Essen, Trinken und Schlafen. Eriks F\u00fc\u00dfe hatten selten so weh getan, aber er war auch selten so lange gelaufen. Die Hauptstadt lag auf einen Berg, dass hei\u00dft das sie quasi den ganzen Tag bergauf gelaufen \u0001 \u0002 n\u00e4chsten Morgen weckte in ausnahmsweise nicht Moon sondern ihr Vater, und berichtete ihm dass es jetzt weiter \u0001 \u0002 wuselte noch zwischen den anderen Leuten umher, weckte Leute und verteilte Essen und Getr\u00e4nke. Als sie endlich in Karpan ankamen war es bereits Mittag und die Einwohner und Vertreter der Regierung hatten sie bereits erwartet. Sie fragten zuerst wer die Vertreter dieser Aktion waren und pickten Moon, Erik und Arvid raus. Denn Rest lie\u00dfen sie einfach drau\u00dfen vor den Stadttoren stehen. Die M\u00e4nner waren schwerbewaffnet und jeder B\u00fcrger den die begegneten verbeugte sich ehrf\u00fcrchtig. Sie begleiteten die drei zu einen riesigen Geb\u00e4ude. Erik war sich ziemlich sicher, dass sein Leben in diesem Geb\u00e4ude enden w\u00fcrde, aber Moon hatte schon ganz andere Gedanken. Das Geb\u00e4ude war gro\u00df genug um eine Rakete darin zu verstecken. Allein die T\u00fcr war riesig, vielleicht 15 Meter gro\u00df und 10 Meter breit. Innen war es furchtbar wei\u00df, sodass sie die Augen zusammenkneifen mussten. Die Soldaten dr\u00fcckten sie immer weiter nach Vorne. Als sie ihre Augen wieder \u00f6ffnen konnten sahen sie einen Mann. Er trug einen wei\u00dfen Mantel, schwarze zur\u00fcckgek\u00e4mmte Haare. Sein Bart war kunstvoll in Schn\u00f6rkeln geschnitten und er sah auf die drei hinab. Er r\u00fcmpfte die Nase \u201eMeine Dame, meine Herren, mein Name ist Zerwit Danid.\u201cErik richte sich auf.\u201eGuten Tag, das ist Moon.\u201c, er deutete auf Moon \u201eUnd das ist Arvid. Mein Name ist Erik.\u201c\u201eFreut mich sie kennen zu lernen.\u201c Der Typ war anscheinend ein totaler Schn\u00f6sel.\u201eWissen Sie, es war mir klar das irgendjemand, irgendwann von meinem Plan erfahren w\u00fcrde, aber ich hatte nicht vermutet, dass sie eine Armee aufbauen k\u00f6nnten.\u201c\u201eAlso existiert die Rakete?\u201c Moon sah ihn mit zusammengekniffenen Augen an.\u201eJa, meine Dame, tut sie.\u201c Moon ballte die F\u00e4uste. Zerwit patrouillierte ein wenig vor ihnen herum.\u201eAlso wir haben jetzt zwei M\u00f6glichkeiten:Erstens: Ihr verschwindet hier und tut so als w\u00e4re nichts passiert, oderZweitens: Wir m\u00fcssen euch alle umbringen.\u201cMoon biss die Z\u00e4hne zusammen.\u201eIhr habt die Wahl.\u201c Als dieser Satz fiel konnte sie sich nicht mehr halten.\u201eSterben tun wir sowieso! Also w\u00e4hlen wir die dritte Option.\u201c Zerwit l\u00e4chelte sie an.\u201eUnd die w\u00e4re.\u201c\u201eWir k\u00e4mpfen und besiegen euch, oder Nummer Vier: Ihr nehmt uns mit. Wo auch immer ihr mit dieser Rakete fliegen wollt.\u201c Zerwit verfiel in ein Lachen.\u201eAch, k\u00f6stlich! Ihr wisst noch nicht einmal wo wir hin wollen und wollt uns schon aufhalten.\u201cErik fauchte ihn an: \u201eDann sagen sie es uns doch! Erz\u00e4hlen sie uns alles!\u201c Sein Lachen verstummte.\u201eNa gut, der Raketenbau wurde vor 6 Jahren von einer unserer Architektinnen, Caroline, vorgeschlagen. Zu eurer Information, der Planet ist keine 10 Jahre mehr bewohnbar. Die Luft ist von all dem M\u00fcll verpestet. Also entschieden wir uns die Idee aufzugreifen, allerdings w\u00fcrden in die Rakete niemals alle Bewohner hineinpassen. Wir entschieden uns die St\u00e4dte zu sprengen bevor wir losflogen, um einen Aufstand wie diesen zu vermeiden. Wir entschieden uns ebenfalls dazu nur die normalen, wohlhabenden, Menschen mitzunehmen.\u201c\u201eAber warum nicht alle?\u201c Moon musste sich immer noch stark zusammenrei\u00dfen damit die nicht ihre Beherrschung verlor.\u201eGanz einfach: Diese Mensch haben, im Gegensatz zu euch, gute Gene. Hei\u00dft auf den neuen Planet w\u00fcrden nur Leute mit guten Genen leben.\u201c\u201eWoher wisst ihr den was gute Gene und was schlechte sind?\u201c\u201eCaroline, die Architektin von der ich euch erz\u00e4hlt habe hat ein Programm entwickelt, dass das testet, und es beweist dass fast alle wohlhabenden Menschen gute Gene haben.\u201cArvid der bis jetzt noch nichts gesagt hatte fragte jetzt:\u201eWoher wei\u00df diese Caroline das?\u201c Zerwit l\u00e4chelte wieder.\u201eSie wei\u00df alles. Sie ist das intelligenteste Wesen auf dem Planeten.\u201cAlle drei sahen ihn jetzt erstaunt an.\u201eFolgen Sie mir.\u201c, sagte Zerwit der sich schon umgedreht hatte. An den Seiten des riesigen Raums waren T\u00fcren. Erst an einer der letzten, an der Zutritt verboten!, stand blieb Zerwit stehen und \u00f6ffnete die T\u00fcr.\u201eHe! Moon!\u201c, fl\u00fcsterte Erik. Zerwit lachte von vorne.\u201eIch bin zwar nicht mehr der J\u00fcngste, aber auch nicht taub.\u201c Letztlich kamen sie in einen wieder recht gro\u00dfen Raum. In der Mitte war eine kreisrunde Aussparung. Ansonsten war der Raum bis auf ein PC leer. F\u00fcr Erik roch das nach Falle. Zerwit war bereits an einen PC getreten und dr\u00fcckte einige Kn\u00f6pfe, worauf hin sich aus der Aussparung ein seltsames Metallger\u00fcst erhob. Zerwit trat n\u00e4her.\u201eAufwachen Caroline, es ist so weit.\u201c Kaum hatte er das gesagt, \u00f6ffneten sich zwei Klappen und zwei gelblich leuchtende Lichter kamen zum Vorschein. Caroline war ein Roboter!Ein mechanische Stimme ert\u00f6nte:\u201eWenn hast du mir da mitgebracht?\u201c Caroline sah auf die drei hinab. Sie war mindestens f\u00fcnfmal so gro\u00df wie Erik!\u201eDas sind Erik, Moon und Arvid. Die Betreiber des Aufstandes gegen deine Rakete. Menschen mit schlechten Genen.\u201c Moon hatte schon wieder die F\u00e4uste geballt.\u201eMoon?\u201c, fragte Caroline \u00fcberrascht. Ein Moment Stille bis Caroline Zerwit w\u00fctend anfuhr.\u201eRaus! Verschwinde von hier! Und lass sie hier!\u201c Sie war mit ihrem beweglichen Kopf ganz nach an sein Zerwits Gesicht gefahren. Zerwit rannte f\u00f6rmlich aus dem Raum und riegelte die T\u00fcr hinter sich ab.---- So, zuerst ein mal SORRY das die letzten Tage einfach nicht gekommen ist :) Das mit \u201et\u00e4glich\u201c wird langsam echt schwierig. Na \u0001 \u0002 f\u00fcrs lesen und dir noch einen wundersch\u00f6nen Tag <3",
            "wordcount": "1.144",
            "chapter_release": "02.01.2014",
            "chapter_number": "9"
        }
    },
    "title": "Die Reise",
    "topic": "unspecified",
    "release": "\n02.01.2014\n\t\t\t\t\t\t",
    "author": "Honigmelone"
}