{
    "tags": [],
    "chapcount": "10",
    "wordcount": "12.998",
    "chapters": {
        "1": {
            "text": "Hey \u0001 \u0002 ist meine erste Geschichte \u00fcberhaupt, nicht nur auf dieser Website... \u00fcber Reviews w\u00fcrde ich mich nat\u00fcrlich riiiiiiesig freuen, aber seit bitte nicht zu gemein;) viel Spa\u00df beim Lesen!PS.: Sorry schon mal falls Rechtschreib- und Grammatikfehler auftauchen ;)Ins B\u00fcro. Um dahin zu kommen, war schon mal eine halb-st\u00fcndige Fahrt im Auto, dessen Fenster sich nicht herunterkurbeln lie\u00dfen, durch die Stadt unterwegs. Um acht Uhr morgens. Davor trinke ich immer viel zu schnell noch einen viel zu hei\u00dfen Kaffee, wobei ich mir zu \u0001 \u0002% die Zunge verbrenne. F\u00fcr ein Br\u00f6tchen bleibt gar keine Zeit, ich rausche nur das Treppenhaus hinunter und w\u00e4re dabei fast \u00fcber die alte Dame von Nebenan, Mrs. Miller, gestolpert, die ihre Eink\u00e4ufe auf der Treppe verloren hatte und versuchte, diese wieder einzusammeln. Nat\u00fcrlich half ich ihr, die Eink\u00e4ufe nach oben zu tragen.\u201eAber Marie, wollen sie nicht einen St\u00fcck Kuchen als Dankesch\u00f6n? Ohne leeren Magen l\u00e4sst es sich doch unm\u00f6glich arbeiten!,\u201c sagte die liebenswerte Frau, w\u00e4hrend sie auf den offensichtlich frisch gebackenen Gugelhupf \u0001 \u0002 Angebot war schon sehr verlockend, aber ein Blick auf meine Uhr verriet mir, dass ich schon seit 15 Minuten im Auto sitzen sollte.\u201eVielen Dank, Mrs, Miller, aber ich muss Ihr Angebot leider ablehnen, ich bin schon zu sp\u00e4t dran\u201c, sagte ich. \u201eVielleicht komm ich nach Feierabend darauf zur\u00fcck.\u201c\u201eDarauf hoffe ich doch!\u201c erwiderte Mrs. Miller freundlich, w\u00e4hrend sie mich aus ihrem kleinen Appartement begleitete. Es war sehr kitschig eingerichtet, mit diesen Porzelantellern an der rosafarbenen Tapete, den Sammeltassen, die sie in der Glasvitrine aufgestellt hatte, und nicht zu vergessen den geh\u00e4kelten Zierp\u00f6lsterchen, die sie \u00fcberall in ihrer Wohnung verteilt hatte. Trotzdem f\u00fchlte ich mich hier wohl, wahrscheinlich lag es an Mrs. Millers go\u00dfm\u00fctterlichen Art, oder dem Duft von frisch gekochtem Kaffee. Ich warf noch einen letzten sehns\u00fcchtigen Blick auf den Kuchen, verabschiedete mich von Mrs Miller und machte mich auf den Weg zur Arbeit. Wie gesagt, ins B\u00fcro. Ich hasste es. Eigentlich wollte ich Unterrichten, am besten Sprachen. Ich hatte sogar mal ein paar Semester studiert, aber dann reichte das Geld trotz Nebenjobs nicht mehr aus, meine Eltern starben und hinterlie\u00dfen mehr Schulden als Erbschaft, und somit musste ich das College verlassen und die Stelle als Buchhalterin annehmen. Es war einfach so langweilig. Irgendwelche Zahlen in das Programm eintippen, sich vom Chef zusammenschreien lassen, weil zu wenig Geld am Konto w\u00e4re, und nicht zu vergessen meine lieben Kollegen, die sich auch noch \u00fcber die \u201eSekret\u00e4rin\u201c im B\u00fcro lustig machten, weil ich nicht wie sie zu ihrer \u201eArbeitergemeinschaft\u201c geh\u00f6rte. Ich war ja eine Studentin. Ja, ich hasste es. Heute jedoch war Freitag, also freute ich mich eigentlich. Ein guter Freund von mir w\u00fcrde am Abend zu Besuch kommen, dann wird der Tag schon gerettet werden. Hoffte ich jedenfalls.",
            "wordcount": "464",
            "chapter_release": "26.08.2013",
            "chapter_number": "1"
        },
        "10": {
            "text": "Hallihallo! Hier das n\u00e4chste Kapitel, ich hoffe, es gef\u00e4llt :) Reviews sind sehr willkomen!!Viel Spa\u00df beim LesenCupcake01Dann standen wir wieder drau\u00dfen. Inzwischen war die Sonne beim Untergehen und tauchte die Stadt in ein wundersch\u00f6nes Gold. Ich war gut drauf, wahrscheinlich wegen des Cocktails. W\u00e4hrend wir durch die Stra\u00dfen gingen, lief ich neben Larry her. Die anderen gingen hinter uns. \u201eWo gehen wir hin essen? Und sag mir nicht wieder, das w\u00e4re ein Geheimnis oder so was. Ich habe das n\u00e4mlich langsam satt\u201c, sagte ich. Larry sah mich an.\u201eDu bist gerade in den Urlaub gefahren und schon so genervt? Du solltest dich wirklich mal entspannen, Marie\u201c, sagte er grinsend. Ich warf ihm einen nicht genervten, aber auch nicht sehr freundlichen Blick zu. Er seufzte. \u201eNa sch\u00f6n, Dann muss ich dir das wohl mal erkl\u00e4ren\u201c, sagte er. \u201eMeine Firma hei\u00dft Surprise Holidays. Der Name sagt schon, was die Philosophie dahinter ist: \u00dcberraschung. Die Leute buchen ihren Urlaub bei mir, sie m\u00fcssen sich um nichts k\u00fcmmern, bekommen Essen, Trinken, Unterhaltung, und was man sonst noch f\u00fcr einen Urlaub braucht. Allerdings haben sie keine Ahnung, was genau auf sie \u0001 \u0002 du, sie bezahlen eine Menge Geld, du ja auch, um mal runterzukommen, um sich mal um nichts Gedanken machen zu m\u00fcssen. Da ist es doch nur fair, wenn ich daf\u00fcr Sorge, dass sie und auch du nicht mehr gestresst werden als n\u00f6tig, meinst du nicht?\u201c Ich dachte dar\u00fcber nach. Die Idee gefiel mir eigentlich. Sich um nichts zu k\u00fcmmern, sich keine Sorgen machen zu m\u00fcssen, was man als n\u00e4chstes macht, oder plant. Langsam konnte ich mir vorstellen, warum Pete ihm geholfen hatte. \u201eUnd wie funktioniert das ganze? Ich meine, wie hast du deine \u201eFirma\u201c aufgebaut?\u201c Larry grinste wieder. \u201eBetriebsgeheimnis\u201c. Ich seufzte. Da war wohl nichts zu machen \u201eUnd au\u00dferdem, wir sind da.\u201cMir war gar nicht aufgefallen, dass wir in diese Seitenstra\u00dfe eingebogen waren. Ich sah mich um. \u201eDa\u201c war nicht viel. Die Stra\u00dfe erinnerte mich sehr an irgendeine Gasse in New York, die Geb\u00e4ude wirkten leicht heruntergekommen. Typische Wohngeb\u00e4ude in ein einer wahrscheinlich miesen Gegend. Hier sollten wir etwas zu essen bekommen?\u201eHey, Larry, bist du sicher, dass wir hier richtig sind? Mir kommt das hier etwas... sch\u00e4big vor\u201c, sagte Dianne und setzte einen Blick auf, der irgendwie angeekelt war. Ich dachte mir, dass sie wahrscheinlich nie einen Fu\u00df bzw. einen Higheel in eine solche Gasse setzten w\u00fcrde. \u201eEntspannt euch, wir sind schon richtig hier. Wir m\u00fcssen nur hier durch, und schon wird euer Hunger gestillt\u201c, antwortete Larry und deutete auf das eine Geb\u00e4ude, das wahrscheinlich einmal rot gewesen war. Jetzt war die Farbe abgebl\u00e4ttert und verblasst, die Mauern waren dreckig und mit Graffiti angespr\u00fcht. Die anderen schauten sehr skeptisch, und ich konnte ebenfalls nicht glauben, dass wir hier etwas essbares bekommen w\u00fcrden. \u201eKommt schon. Oder wollt ihr hier noch l\u00e4nger rumstehen?\u201c Er ging auf die T\u00fcr zu, \u00f6ffnete sie und war im dunklen Geb\u00e4ude verschwunden. Die anderen vier schauten mich an, ich zuckte mit den Schultern und ging ihm nach. Als ich in das Geb\u00e4ude trat, war ich \u00fcberrascht. Es war mehr ein Gang, man konnte nirgendwo in ein weiteres Stockwerk gehen oder fahren. Es war auch dunkel; es gab keine Lichter oder Kerzen, aber nur ein paar Schritte weiter war der Gang auch wieder zu ende und f\u00fchrte zu einer anderen T\u00fcr. Larry \u00f6ffnete sie, und der Gang wurde dadurch lichtdurchflutet. Er ging weiter, und ich ihm nach. Ich konnte die Schritte von Diannes und Jessicas St\u00f6ckelschuhe hinter mir h\u00f6ren. Dann war ich wieder drau\u00dfen. Ich war \u00fcberrascht. Ich hatte viel erwartet, aber das nicht. Wir standen in einem Innenhof, aber es war kein normaler Innenhof. Es war ein Restaurant. Ein paar rote Holztische mit dazupassenden St\u00fchlen waren aufgestellt. Auf jedem Tisch stand eine Kerze und Vase mit frischen Margeriten. Ich war.... irgendwie entz\u00fcckt. Das war so eines dieser Restaurants, die man sich irgendwo in Paris vorstellen konnte. Es war auch nicht sehr gro\u00df. Vielleicht f\u00fcnf Tische waren aufgestellt, dahinter befand sich das Restaurant selbst. Die Frontmauern waren aus Glas, und durch die Vitrine konnte ich Kuchen und Torten erkennen. Und ein paar gesch\u00e4ftige Kellner, die herumliefen. Wahrscheinlich kam man durch einen anderen Eingang, den Haupteingang, gleich in das innere des Restaurants. Auf den Scheiben Frontscheiben war in einer roten, verschn\u00f6rkelten Schrift \u201eRed Flamingo\u201c geschrieben. Daneben war auch ein Flamingo gezeichnet, ebenfalls in passendem rot. Das war offensichtlich der Name des Restaurants. Larry drehte sich zu uns um.\u201eNa, was sagt ihr? Das habt ihr wohl nicht erwartet.\u201c Wieder grinste er sein typisches L\u00e4cheln. Bevor einer von uns antworten konnte, h\u00f6rten wir eine tiefe laute Stimme. \u201eLarry, sch\u00f6n dass ihr da seid! Seid ihr hungrig?\u201c Ich sah einen Mann auf uns zukommen. Es war einfach so typisch. Er war sehr... rund, hatte einen Schnauzer und rote B\u00e4ckchen. Und er sah einfach sympathisch aus. Genauso hatte ich mir immer einen Koch vorgestellt. Das war er auch offensichtlich. Er hatte eine wei\u00dfe Jacke an, Jeans und eine wei\u00dfe Sch\u00fcrze. Auf seiner Jacke war in roten Farben \u201eChristian\u201c gestickt, mit dem Flamingo daneben. Larry drehte sich zu ihm um und umarmte ihn. Sie sahen aus, als ob sie sich schon lange kennen. \u201eKlar, du wei\u00dft doch dass ich immer dann aufkreuze, wenn ich kurz vorm verhungern bin. Und meine G\u00e4ste auch\u201c, sagte er und deutete auf uns. \u201eAh, Ich werde schnell ein paar Tische zusammen stellen lassen. Dann k\u00f6nnt ihr es euch gem\u00fctlich machen.\u201c Er kam n\u00e4her zu unserer Gruppe. \u201eIch bin Christian, Inhaber und Chefkoch des \u201eRed Flamingo\u201c\u201c, stellte er sich vor. \u201eIch hoffe, ihr werdet hier satt und verbringt einen netten Abend. Ich muss leider wieder zur\u00fcck in meine K\u00fcche, aber wenn ihr irgendwelche W\u00fcnsche habt, z\u00f6gert nicht, zu fragen\u201c. Christian machte eine leichte Verbeugung und ging wieder zur\u00fcck ins Restaurant. Inzwischen waren zwei Kellner herausgekommen und hatten Tische f\u00fcr uns zusammengestellt. Wir setzten uns. Inzwischen war ich wirklich hungrig.",
            "wordcount": "983",
            "chapter_release": "26.08.2013",
            "chapter_number": "10"
        },
        "2": {
            "text": "Hallihallo!Danke erstmal f\u00fcr die beiden lieben Reviews! Ich habe mich sehr gefreut, deshalb wird auch gleich weitergschrieben ;) Diesmal gibt es ein l\u00e4ngeres Kapitel, das \u201erichtige\u201c Abenteuer wird nach diesem Kapitel losgehen, allerdings passiert hier auch schon einiges, soviel darf ich schon mal \u0001 \u0002 den Reviews: An Farina: Danke f\u00fcr das Lob! Ich wei\u00df, das mit den langen S\u00e4tzen passiert mir wahrscheinlich \u00f6fter\u2026. Ich versuche mich zur\u00fcckzuhalten ;)An Gublover2000: Ebfalls vielen Dank f\u00fcr das Lob! Wie Oben erw\u00e4hnt, das Abenteuer beginnt langsam, ich m\u00f6chte ja die Spannung aufrechterhalten ;)Danke an beide f\u00fcr die Kritik! \u00dcber weitere Reviews w\u00fcrde ich mich sehr freuen!Und nun, viel Spa\u00df beim Lesen!Ein ungew\u00f6hnlicher VormittagNat\u00fcrlich kam ich zu sp\u00e4t. Um diese Zeit war immer Stau, da k\u00e4me ich h\u00f6chstens dann p\u00fcnktlich an, wenn ich einen Helikopter bes\u00e4\u00dfe. Leider reichte mein hart verdientes Geld gerade mal, um die Miete der Wohnung zu bezahlen. Als ich mit meinem klapprigen Auto in die Tiefgarage fuhr, zeigte meine Uhr 8:30 an \u2013 seit einer halben Stunde h\u00e4tte ich schon am Schreibtisch sitzen m\u00fcssen und Buchungss\u00e4tze schreiben sollen. Mein Chef hatte es leider auch gemerkt.\u201eMiss West, glauben Sie, dass ich Sie f\u00fcrs Zusp\u00e4tkommen bezahle?\u201c, rief mir schon die \u201ewohlklingende\u201c Stimme meines Chefs entgegen. In Wirklichkeit erinnerte mich seine ganze Person, von oben bis unten (inklusive \u201ewohltuender\u201c Stimme) an das eine Schwein in dem Roman von George Orwell, Animal Farm. Wie Napoleon war er fett, wichtigtuerisch, schleimerisch und unausstehlich machthungrig. Da er diese Eigenschaften nirgendwo anders au\u00dfer in seinem Beruf zur Geltung bringen konnte, und ich gerade sein erstes Opfer war, dachte er wohl, er k\u00f6nnte mich heute zur Schnecke machen. Wenn er sich da mal nicht get\u00e4uscht hatte. Ich hatte es n\u00e4mlich wirklich satt. Tats\u00e4chlich \u00fcberlegte ich schon seit l\u00e4ngerem, ob ich nicht einfach k\u00fcndigen sollte. Mit Mrs. Miller hatte ich erst vor ein paar Tagen dar\u00fcber gesprochen.\u201eMarie, Sch\u00e4tzchen, Sie m\u00fcssen tun was f\u00fcr Ihre Gesundheit am Wichtigsten ist\u201c, sagte sie am Dienstag.\u201cSchauen Sie mich an, ich wollte immer schon die Welt sehen, herumreisen, Kulturen kennen lernen. Heute sitze ich allein in meinem Appartement in New York, zwar mit einer \u00e4u\u00dferst netten Nachbarin, aber ohne Nachkommen und Familie. Damals habe ich mich f\u00fcr meine Karriere entschieden anstatt das Leben. Sie m\u00fcssen doch nicht auch so enden wie ich\u201c.Trotz meiner Situation musste ich l\u00e4cheln. Die liebe alte Mrs. Miller hatte Recht. Ich muss nicht so leben. Ich kam also die Treppe zu meinem B\u00fcro hoch, wo schon mein Chef auf mich wartete. \u201eWas gibt es da zu l\u00e4cheln, Miss West?\u201c, fragte er mit einem gef\u00e4hrlichen Unterton. \u201eGlauben Sie ja nicht, dass Sie heute so einfach davonkommen werden. Ich erwarte heute \u00dcberstunden von Ihnen, damit Sie die fehlende Zeit wieder aufholen!\u201cUnd dann ging alles ganz schnell. Mir war auf einmal alles egal. Dann werde ich eben diesen Monat die Miete sp\u00e4ter bezahlen. \u201eWissen Sie was?\u201c, entgegnete ich, immer noch mit dem L\u00e4cheln im Gesicht. \u201eDie \u00dcberstunden k\u00f6nnen Sie sich sonst wohin stecken. Ich k\u00fcndige.\u201cOhne ein weiteres Wort drehte ich mich um und ging wieder die Treppe hinunter. Ich h\u00f6rte noch meinen Chef hinter mir nachschreien \u201eDie Abfindung k\u00f6nnen Sie sich abschminken!\u201c. Es war mir echt egal. Das war nicht das, was ich mein Leben lang machen wollte. Endlich hatte ich den Schlussstrich gezogen. Kaum war ich drau\u00dfen atmete ich erst mal tief ein. Auf einmal f\u00fchlte ich mich wahnsinnig befreit. Voller Adrenalin. Und ich musste mit jemanden reden. Pl\u00f6tzlich \u00fcberkam mich Panik. Oh Gott, was hatte ich getan? Mein Job war weg, wie sollte ich nur die Rechnungen bezahlen? Das Auto, die Wohnung, Lebensmittel? Ich \u00fcberlegte, ob ich vielleicht \u00fcberreagiert hatte. Sollte ich noch einmal hochgehen und mich entschuldigen? Gerade als ich mich umdrehen wollte, klingelte mein Handy. Ich kannte die Nummer nicht, aber ich ging trotzdem ran.\u201eWest\u201c, sagte ich, als ich das Gespr\u00e4ch an nahm. So meldete ich mich immer am Telefon.\u201eMarie West?\u201c, fragte eine m\u00e4nnliche Stimme\u201eJa, die bin ich. Wer spricht hier, wenn ich fragen darf?\u201c\u201eMiss West, Ich bin Dr. Vaughn, ein Notar. Sie sind die Nachbarin von Mrs. Annabeth Miller?\u201cWas wollte der Kerl blo\u00df, fragte ich mich. \u201eJa, bin ich. Um was geht es denn?\u201c\u201eOh, anscheinend haben Sie es noch nicht mitbekommen. Es tut mir sehr leid Ihnen das sagen zu m\u00fcssen, aber Mrs. Miller hatte heute Morgen einen Herzinfarkt. Sie starb noch in ihrem Appartement\u201c. Ich war fassungslos. Ich hatte doch heute morgen noch mit ihr geredet. Sie konnte gerade mal erst 2 Stunden tot sein! Wie konnte das blo\u00df passieren?\u201eMiss West, sind sie noch dran?\u201c, fragte Dr. Vaughn.\u201eJa, \u00e4hm, ich bin nur so\u2026. \u00fcberrascht, ich habe noch heute morgen mit ihr gesprochen\u201c, erwiderte ich, und musste meine Tr\u00e4nen zur\u00fcckhalten. Erst der Job, und jetzt das. \u201eDas kann ich mir vorstellen, ihr Tod kam auch sehr pl\u00f6tzlich. Trotzdem gibt es einige Dinge, die ich mit Ihnen abkl\u00e4ren muss.\u201c\u201eMit mir?\u201c, fragte ich. \u201eIch meine, ich war schon recht gut mit Mrs. Robinson befreundet, aber ich bin schlie\u00dflich keine Verwandte oder so.\u201c\u201eDas ist mir bewusst, deshalb w\u00fcrde ich Sie bitten, wenn m\u00f6glich noch heute in mein B\u00fcro zu kommen. Ich kann Ihnen die Adresse per SMS zukommen lassen.\u201c, sagte der Notar.\u201eNat\u00fcrlich. Ich kann gleich kommen. Zuf\u00e4lligerweise habe ich gerade frei bekommen\u201c, gab ich zur Antwort.\u201eGut, dann bis gleich.\u201c Damit legte er auf, und eine Sekunde sp\u00e4ter erhielt ich die SMS mit der \u0001 \u0002, ich brauchte nicht einmal einen Termin. Was k\u00f6nnte er wollen? Klar wusste ich, dass Mrs. Robinson keine Verwandten mehr hatte. Aber trotzdem, warum wurde dann ich zum Notar bestellt, vor allem kaum zwei Stunden nach ihrem Tod. Oh Gott, als ich wieder daran dachte, wurde mir schlecht. Ich beschloss zu Fu\u00df zum Notar zu gehen, da die Stra\u00dfe nur drei Blocks vom B\u00fcrogeb\u00e4ude entfernt war. Die frische Luft w\u00fcrde mir gut tun. Mann, was f\u00fcr ein Tag! Dabei war es erst 10 Uhr vormittags!So, die Adresse hatte ich schon mal gefunden. Ich klingelte. Es gab eine Gegensprechanlage an dem alten Geb\u00e4ude, die auch gleich mit der Stimme von Dr. Vaughn antwortete. \u201eKommen Sie rein Miss West, das B\u00fcro befindet sich im 1. Stock.\u201c Ich folgte der Anweisung. Das Geb\u00e4ude sah innen genauso typisch aus wie au\u00dfen: altes Gem\u00e4uer, Bilder von irgendwelchen wichtigen Menschen, und dann war dieser typischer Geruch nach alten \u0001 \u0002 ging durch eine offene Holzt\u00fcr. Gegen\u00fcber der T\u00fcr war auch gleich der ebenfalls h\u00f6lzerne Schreibtisch, hinter dem offenbar Dr. Vaughn sa\u00df. Er war gerade in Papierkram vertieft. Als ich hereinkam, sah er auf. \u201eOh, Miss West, gut dass sie so schnell kommen konnten. Ich bin Dr. Vaughn\u201c, sagte er und kam mir entgegen, um mir die Hand zu sch\u00fctteln. \u201eDer Verlust tut mir sehr leid\u201c. Er war mir gleichzeitig einen mitleidigen Blick zu. Ich wusste nicht, wie ich mich f\u00fchlen sollte, oder was ich antworten sollte.\u201eVielen Dank\u201c, sagte ich, w\u00e4hrend ich seine Hand sch\u00fcttelte. Er schwitzte. \u201eMrs. Miller war eine gute Bekannte, aber bitte, weshalb sollte ich denn nun kommen?\u201c\u201eNun, normalerweise brauchen Angeh\u00f6rige nicht zu kommen, wenn es um Erbschaftssummen geht. Allerdings gibt es einige Ausnahmen, und das hier ist wohl so eine.\u201cIch hatte keinen Schimmer, wovon er redete.\u201eErbschaftssumme? K\u00f6nnten Sie vielleicht ein bisschen genauer werden?\u201c\u201eNaja, es ist so\u201c, begann er, und sucht dabei seinen Schreibtisch nach einem Papier ab. \u201eAhja, hier haben wir\u2019s. Also, Ich bin der Notar von Mrs. Miller. Wie Sie ja schon wissen, hat sie keinerlei Verwandte. Auch keine nahstehende Bekannte. Bis auf Sie, Miss West.\u201c\u201eIst ja sch\u00f6n und gut, aber was hat das alles nun mit mir wirklich zu tun? Wenn es um Erbschaft geht, wird diese doch dann an die Regierung weitergegen, wenn niemand angegeben ist und es keine Verwandten gibt. Habe ich zumindest geh\u00f6rt,\u201c sagte ich verwirrt.\u201eDas stimmt auch, allerdings sind Sie als Erbin angegeben. Mrs. Miller hat ihnen ihr ganzes Verm\u00f6gen vermacht.\u201cSie hatte was? \u201eIch glaube, ich habe Sie eben nicht verstanden\u201c, sagte ich\u201c.\u201eSie haben schon richtig geh\u00f6rt\u201c, erwiderte Dr. Vaughn. \u201eMrs. Miller hat Ihnen 5 Millionen Dollar vererbt. Deshalb habe ich Sie hergebeten. Ich sollte Ihnen diesen Brief hier \u00fcberreichen\u201c, er gab mir einen ausgeblichenen Briefumschlag. \u201eUnd ich brauche hier Ihre Unterschrift, um die Erbschaft vollziehen zu k\u00f6nnen\u201c, setzte er fort und deutete auf ein Blatt Papier, das vor mir lag. Tats\u00e4chlich war es ein Testament, und darauf war die Summe von 5 Millionen Dollar abgebildet. Und mein Name stand darauf. Hier konnte es sich nur um ein Missverst\u00e4ndnis handeln.\u201eSind sie sich bei dieser Sache auch wirklich sicher?\u201c fragte ich fassungslos.\u201eJa, ich habe es schon \u00fcberpr\u00fcft. Auch ihr Testament ist nicht gef\u00e4lscht. Wenn Sie also hier unterschreiben, wird morgen das Geld auf Ihrem Konto sein.\u201c\u201eAber geht das denn so einfach? Gibt es nicht irgendwelche anderen Kosten? Die Beerdigung von Mrs. Miller, die Steuern, und so weiter?\u201c Ich konnte es einfach nicht glauben. \u201eMachen Sie sich keine Sorgen, die Dame hat bereits f\u00fcr alles besorgt. Was die Beerdigung betrifft, sie w\u00fcnschte verbrannt zu werden, was gerade in diesem Augenblick passiert. Die Urne k\u00f6nnen Sie selbstverst\u00e4ndlich behalten.\u201cIch las mir noch einmal das Testament durch. Es konnte sich hierbei nur um einen schlechten Scherz handeln. Mrs. Miller sollte mir 5 Millionen Dollar vererben? Nat\u00fcrlich hatten wir ein paar Kaffee zusammen, aber so eine riesige Summe zu verschenken war dann doch zu viel.\u201eMiss West, ich kann Ihnen versichern, das Testament ist absolut richtig. Mrs. Miller hat es pers\u00f6nlich bei mir aufgesetzt, wie sie an unsere beiden Unterschriften sehen k\u00f6nnen. Au\u00dferdem wurde es von einem Gutachter gepr\u00fcft, dessen Urkunde ich ebenfalls beigelegt habe.\u201c, sagte Dr. Vaughn, der mir meine Unsicherheit wohl \u0001 \u0002 sch\u00f6n, was hatte ich zu verlieren? Job hatte ich ja keinen mehr, und falls das ganze kein Scherz war, w\u00e4re ich immerhin Million\u00e4rin. Ich nahm den Kugelschreiber und unterschrieb.\u201eHerzlichen Gl\u00fcckwunsch, Miss West. Das Geld wird morgen auf Ihr Konto \u00fcberwiesen, da die Summe doch etwas zu gro\u00df ist, um es gleich zu \u00fcberweisen. Ihr Verlust tut mir wirklich leid, wenn es irgendwelche Probleme geben sollte, kommen Sie bitte zu mir ins B\u00fcro.\u201c, sagte der Notar, w\u00e4hrend er mir noch einmal die Hand sch\u00fcttelte und mich zur T\u00fcr hinausgeleitete. Er gab mir noch seine Karte. Und schon war er wieder in seinem B\u00fcro verschwunden, und ich stand wieder vor dem \u0001 \u0002 sch\u00fcttelte ich den Kopf. War ich jetzt tats\u00e4chlich eine Million\u00e4rin? Das konnte doch nicht sein! Sowas kam doch h\u00f6chstens in einem Film vor, oder vielleicht bei Menschen, die eh schon alles hatten. Aber ich? Mir fiel ein, dass ich noch immer den unge\u00f6ffneten Brief von Mrs. Miller in der Hand hielt. Ich atmete tief durch, \u00f6ffnete den Umschlag und las ihn, immer noch vor dem Geb\u00e4ude stehend, durch.",
            "wordcount": "1.792",
            "chapter_release": "26.08.2013",
            "chapter_number": "2"
        },
        "3": {
            "text": "Hallo liebe Leser und \u0001 \u0002 Geschichte geht heute schon weiter, da ich gerade so eine Schreibfluss habe (muss ja ausgenutzt werden). Sch\u00f6n langsam beginnt der Hauptteil der Geschichte. Viel Spa\u00df beim Lesen!PS.: vielen Dank an Gublover2000 f\u00fcr das sehr liebe Review! Jetzt gehts dann bald los ;) *dichknuddel*Der BriefLiebe Marie, (stand da in sch\u00f6nen, mit schwarzer Farbe geschriebenen Schriftz\u00fcgen),Wenn Sie das hier lesen, habe ich mich wohl schon von meinem Leben auf dieser Erde verabschiedet. Sie werden im Moment wohl etwas \u00fcberrascht sein, da sie wahrscheinlich nicht damit gerechnet haben, heute zur Million\u00e4rin zu werden, aber das hat schon alles seine Richtigkeit. Ich habe, wie Sie ja wissen, weder Verwandte, noch Bekannte, die noch am Leben w\u00e4ren, deshalb habe ich Sie auserw\u00e4hlt, um mein Erbe anzutreten. Auch wenn wir uns vielleicht nicht so gut kennen, so waren Sie die vier Jahre, in denen wir uns kennenlernten, wie eine Tochter zu mir \u2013 haben mich besucht, mir Gesellschaft geleistet, sogar Essen gekocht, obwohl Sie doch so viel Arbeit haben (und schon konnte ich meine Tr\u00e4nen nicht mehr zur\u00fcckhalten). Marie, ich hatte mein Leben genauso verplant wie Sie, nat\u00fcrlich habe ich auch meine Karriere gemacht, das Geld bekommen, das ich mir hart erarbeitet habe. Und trotzdem fehlte mir etwas. Ich kam nie fort von dieser Stadt, diesem Appartement, und schon gar nicht zu einer Gelegenheit, Menschen kennenzulernen. Sie erinnern mich so an mich selbst, als ich in Ihrem Alter war. Und das macht mich traurig \u2013 ich will nicht, dass auch Sie so einsam enden. Deshalb habe ich Ihnen auch mein Geld vererbt. Sehen Sie sich die Welt an, verbringen Sie die Zeit mit Leuten, die Sie m\u00f6gen, tun Sie das, was immer Sie machen wollen \u2013 Sehen Sie es als eine letzte Bitte von mir an Sie, meine liebe Marie. Und jetzt, machen Sie sich auf und tr\u00f6deln nicht hier rum beim Lesen von einem Brief einer alten Frau, die eh nichts mehr zu sagen \u0001 \u0002 Liebe und viel Gl\u00fcck f\u00fcr Ihr LebenAnnabeth MillerNew York, 16. September 2010Oh Mann, die alte Dame hatte echt Stil. Langsam glaubte ich, dass ich tats\u00e4chlich Million\u00e4rin war. Der Brief war zu 100% echt, nur Mrs. Miller w\u00fcrde so einen Brief schreiben. Was sollte ich jetzt tun? Ich musste mit jemanden \u0001 \u0002 holte ich mein Handy wieder hervor und w\u00e4hlte die Nummer meines besten Freundes Pete.\u201eHey S\u00fc\u00dfe, was geht ab?\u201c, meldete sich seine Stimme. Sofort musste ich l\u00e4cheln, und ich wischte mir mit der freien Hand die Tr\u00e4nen aus den Augen.\u201ePete? Ich wei\u00df, du solltest eigentlich erst heute Abend vorbeikommen, aber es ist gerade etwas\u2026 sagen wir mal, unglaubliches passiert,\u201c antwortete ich. Ich wollte noch nicht alles verraten.\u201eAchja? Du klingst gerade auch gar nicht gut. Was ist los?\u201c, fragte er.\u201eK\u00f6nnen wir uns treffen? Es ist zwar gerade mal halb elf Uhr vormittags, aber ich k\u00f6nnte einen Drink gebrauchen.\u201c\u201eDu? Einen Drink? Okay, dann stimmt etwas ganz und gar nicht. Treffen wir uns im Rocky\u2019s? Oder soll ich dich irgendwo abholen?\u201c. Er klang besorgt. Tats\u00e4chlich trank ich so gut wie nie Alkohol. Meine Eltern starben damals bei einem Autounfall durch einen Alkohollenker, seither traute ich mich nicht mehr, Alkohol zu trinken.\u201eNein, Rocky\u2019s ist passt super, ich nehm mir ein Taxi und bin in sieben Minuten da.\u201c\u201eGut, ich auch gleich, ich muss nur noch meinem Boss bescheid geben. Pass auf dich auf, M\u00e4uschen.\u201cPete war ein Engel. Nein, jetzt kein richtiger Engel nat\u00fcrlich, aber ein echt guter Freund. Wir waren mal kurz zusammen, bevor ich in das Appartement zog, aber wir kamen drauf, dass die Freundschaft wohl eine bessere Idee war. Dann verloren wir uns aus den Augen, er bekam einen guten Job in einer Anwaltskanzlei und dann trafen wir uns zuf\u00e4llig wieder, als wir uns beruflich \u00fcber den Weg liefen. Tja, und seitdem hatten wir wieder Kontakt \u2013 nat\u00fcrlich nur freundschaftlich, wie gesagt. Er war einfach immer da, wenn es Probleme gab, und ich versuchte es auch umgekehrt. Ich hatte schon das Gef\u00fchl, dass er doch noch mehr wollte, aber er setzte nichts aufs Spiel. Dazu kannte er mich inzwischen gut \u0001 \u0002 rief mir ein Taxi, nannte dem Fahrer die Adresse und los ging die Fahrt. In der linken Hand hielt ich noch immer den Brief von Mrs. Miller. Ich wusste immer noch nicht so recht, was ich davon halten sollte. Der Fahrer hielt an, ich gab ihm das Geld und stieg aus. Das Rocky\u2019s war sozusagen meine \u201eStammkneipe\u201c. Naja, ob man es als Stammkneipe bezeichnen konnte, da war ich mir nicht so sicher, wenn man nur einmal alle paar Monate hinging, und dann sowieso nur einen alkoholfreien Cocktail trinkt. Aber heute war nicht irgendein Tag. Pete kam gerade aus dem Zehnst\u00f6ckigen Hochhaus, welches sich gegen\u00fcber der Bar befand \u2013 praktisch, wie er immer sagte. Wie immer trug er seinen Anzug, mit Kravatte und frisch geb\u00fcgeltem wei\u00dfem Hemd. Seine Haare hatte er zu einer Igelfrisur hochgegelt, das einzige, was darauf hindeutet, dass er ein gro\u00dfer Rockfan war. Deshalb gingen wir auch immer ins Rocky\u2019s, das, wie der Name sagt, ebenfalls unter diesem Motto einlud zu feiern. Ich mochte auch diesen Stil, allerdings w\u00e4hlte ich meine Kleidung etwas anders. Pete musste den Anzug tragen, da er ja Anwalt war. Ich jedoch hatte keine Kleidungsvorschrift. Trotzdem war mein Stil nicht zu auff\u00e4llig \u2013 eine Jeans, ein schwarzes mit wei\u00dfer Schrift bedrucktes T-Shirt und schwarze Chucks. Die Haare trug ich meistens offen, und ich hatte eine dunkelblonde Haarfarbe mit Karamellstr\u00e4nchen. Geschminkt war ich auch nur sehr dezent. Da ich eher blass war, hatte ich meistens einen Pfirsichfarbenen Lipgloss auf den Lippen und ein d\u00fcnner Kayalstrich unter den Augen. Das war meistens schnell zum Stylen am Morgen und hielt den ganzen \u0001 \u0002 kam auf mich zu, in seinem Blick spiegelte sich die Sorge, die ich schon in seiner Stimme am Handy geh\u00f6rt hatte.\u201eHey M\u00e4uschen,\u201c sagte er und umarmte mich. Er wusste, dass ich nicht auf diese Luftk\u00fcsschennummer stand.\u201eHey Pete,\u201c fl\u00fcsterte ich. Auf einmal fehlte mir die Stimme.\u201eMarie, hast du etwa geweint?\u201c, fragte er und sah mir in die Augen.\u201eNein, mir geht\u2019s super,\u201c log ich, und starrte auf den Brief in meiner Hand.\u201eWei\u00dft du, du warst schon immer eine schlechte L\u00fcgnerin. Jetzt komm schon, ich spendier dir einen Drink \u2026 wenn du das wirklich willst,\u201c f\u00fcgte er mit einem pr\u00fcfenden Seitenblick auf mich \u0001 \u0002 nickte nur und folgte ihm in die Bar. Es war eigentlich gar nicht rockig eingerichtet, eher normal. Das einzige, das irgendwie an das Genre erinnerte war AC/DC `s Highway to Hell, das gerade im Hintergrund lief. Wie passend, dachte ich \u0001 \u0002 und ich setzten uns an einen kleinen Tisch mit Eckbank. Ein Kellner mit langen dunklen Haaren kam sofort zu uns.\u201eWas darf ich euch bringen?\u201c, fragte er und l\u00e4chelte mir zu. Pete verdrehte die Augen und ich musste mir das Lachen verkneifen. \u201eF\u00fcr mich einen kleines Bier und f\u00fcr die Dame einen doppelten Scotch auf Eis,\u201c erkl\u00e4rte Pete dem Kellner.\u201eKommt sofort.\u201c\u201eOk S\u00fc\u00dfe, jetzt musst du mir schon erkl\u00e4ren, was hier los ist. Das ist das erste Mal, seit du hier in New York bist und du etwas trinken willst.\u201cIch schluckte. Wo sollte ich denn blo\u00df anfangen?\u201eAlso, heute ist einfach so viel passiert, ich wei\u00df im Moment nicht mehr, was ich machen soll!\u201c, begann ich. Das stimmte ja auch. Gerade jetzt kam der Kellner wieder vorbei.\u201eHier ein Bier f\u00fcr den Herrn und der Scotch f\u00fcr die Lady\u201c, sagte er, stellte die Getr\u00e4nke auf den Tisch und verschwand wieder, nicht ohne mir ein L\u00e4cheln zuzuwerfen. An jedem anderen Tag h\u00e4tte ich mich wohl geschmeichelt gef\u00fchlt.\u201eWas kann den schon so viel passiert sein? Es ist doch noch nicht mal Mittag,\u201c sagte Pete, nachdem er dem Kellner einen nicht sehr freundlichen Blick zugeworfen hatte.\u201ePete, da kann so viel passieren, das kannst du dir nicht mal als Anwalt vorstellen\u201c, sagte ich und nahm eine Schluck vom Scotch. Gott, der schmeckte echt widerlich. Ich h\u00e4tte wohl davor etwas essen sollen.\u201eNa dann erz\u00e4hl mal, ich bin ganz Ohr, S\u00fc\u00dfe.\u201c\u201eNa sch\u00f6n. Also, Kannst du dich an meine Nachbarin erinnern, Mrs. Miller?\u201c Pete nickte verwirrt. \u201eIch habe heute Morgen noch mit ihr gesprochen.\u201c\u201eUnd deshalb bist du so aufgeregt? Ist doch nichts Besonderes.\u201c, sagte er.\u201eWarte, das kommt noch. Ich sprach also mit Mrs. Miller, und fuhr dann zur Arbeit. Nat\u00fcrlich kam ich zu sp\u00e4t, mein Chef wollte mir \u00dcberstunden aufbrummen und dann hab ich gek\u00fcndigt.\u201c\u201eDu hast was? Find ich ja stark, endlich bist du dieses Schwein los!\u201c Pete freute sich offensichtlich, aber an meinem Gesichtsausdruck erkannt er wohl, dass er die Freude wohl besser z\u00fcgeln sollte. \u201eNicht stark?\u201c, fragte er.\u201eNein nicht stark. Weil ich gek\u00fcndigt habe, krieg ich keine Abfindung. Aber das ist mir im Moment egal.\u201c\u201eDas ist doch gut. Und was hat Mrs. Miller damit zu tun? Hat sie dich etwa dazu ermutigt?\u201c, fragte er, an seinem Bier nippend.\u201eGewisserma\u00dfen. Kaum als ich das Firmengeb\u00e4ude verlie\u00df, rief mich so ein komischer Notar an, Dr. Vaughn. Er sagte ich solle zu ihm kommen, es ginge um den Tod von Mrs. Miller.\u201c\u201eWarte, hast du nicht gesagt, du h\u00e4ttest mit ihr noch heute Morgen gepsrochen?\u201c\u201eJa doch, aber sie ist an einem Herzinfarkt gestorben, kurz nachdem ich das Appartement verlassen hatte.\u201c Jetzt war ich wieder den Tr\u00e4nen nahe. Ich trank wieder einen Schluck Scotch.\u201eOh Mann, das tut mir leid. Ich wei\u00df, dass du sie mochtest. Aber was wollte denn nun der Notar\u201c.\u201eDer Notar, achja\u201c, fuhr ich fort und trank noch einen Schluck. \u201eEr erkl\u00e4rte mir, dass Mrs. Miller mich als ihre Erbin eingesetzt hatte. Ich bin jetzt anscheinend 5- fache Million\u00e4rin.\u201cPete war kurz sprachlos. \u201eA- aber, geht das denn? Ich meine, warum bist du eingesetzt worden?\u201cIch gab ihm den Brief zu lesen, den ich immer noch in meiner linken Hand festhielt. W\u00e4hrenddessen trank ich den Scotch leer. Er gab ihn mir wieder zur\u00fcck und sah mir in die Augen.\u201eM\u00e4uschen, dieser Brief ist echt. Du wei\u00dft, ich bin Anwalt und habe \u00f6fter auch schon Erbschaftsf\u00e4lle vertreten. Und Dr. Vaughn kenne ich auch von der Arbeit her. Er ist ein seri\u00f6ser Notar, mit ihm hat es noch nie Probleme gegeben.\u201c Er stoppte kurz. Jetzt hielt er auch noch meine Hand, die ich neben dem leeren Glas platziert habe. \u201eDu bist tats\u00e4chlich Million\u00e4rin.\u201cIch wusste nicht, was ich sagen sollte. Ich starrte Pete gef\u00fchlte f\u00fcnf Minuten an, und dann war auf einmal wieder dieser bescheuerte Kellner wieder da.\u201eAlles in Ordnung bei Ihnen?\u201cfragte er, etwas zu h\u00f6flich. Und auch nur an mich gerichtet. Ich wollte nicht mit ihm sprechen, und Pete antwortete einfach f\u00fcr mich.\u201eJa, alles Bestens. Bringen Sie der Lady doch bitte noch so einen Scotch. Sie scheint auf den Geschmack gekommen zu sein\u201c. Zum Gl\u00fcck ging der Kellner auch gleich wieder.\u201eS\u00fc\u00dfe, alles in Ordnung?\u201c fragte Pete noch einmal nach.\u201eJa, ich glaube schon.\u201c Irgendwie war es tats\u00e4chlich in Ordnung. Trotzdem, eine Frage blieb noch offen.\u201ePete, was soll ich jetzt blo\u00df tun? Ich habe doch keinen Job mehr,\u201c sagte ich, meine Stimme h\u00f6rte sich schon wieder weinerlich an. Ich hasste das. Normalerweise war ich so \u00fcberhaupt nicht. Ich war eher eine, die sich um die Probleme anderer Leute k\u00fcmmert, als selbst Hilfe zu brauchen.\u201eIch w\u00fcrde sagen, du tust das, zu dem auch Mrs. Miller dir geraten hat: Tu, was dein Herz dir sagt\u201c.Schon wieder kam der Kellner vorbei, diesmal mit zwei Scotchs. Beide Gl\u00e4ser stellte er zu meinem Platz und sagte mit einem freundlichen L\u00e4cheln: \u201eDer zweite geht aufs Haus.\u201cPete verdrehte wieder die Augen, als der Kellner ging.\u201eDass sich auch immer alle Kerle in dich vergucken\u201c, sagte er genervt. Da musste ich lachen.\u201eDas glaubst du wohl selber nicht! Ich sitz doch hier mit dir, der macht mich doch da nicht an!\u201c Ich glaubte das tats\u00e4chlich. Niemand drehte sich nach mir normalerweise um.\u201eTja, dann hast du dich wohl get\u00e4uscht, der steht auf dich. Sonst w\u00fcrde er dir wohl keinen Drink spendieren. Die Happy Hour hat noch nicht angefangen.\u201c, erwiderte Pete l\u00e4chelnd, immer noch meine Hand haltend.\u201eH\u00f6r schon auf.\u201c, sagte ich, obwohl es mir eigentlich gefiel, was er sagte. \u201eAber was meinst du mit `H\u00f6r auf dein Herz`. Klar wollte ich schon immer mal einfach abhauen, irgendwohin in die Welt fahren. Aber ich kann doch jetzt einfach nicht weg\u201c.Wieder nahm ich einen Schluck vom Scotch, diesmal einen gr\u00f6\u00dferen. Langsam kam ich tats\u00e4chlich auf den \u0001 \u0002 fasste mir mit seinen H\u00e4nden an die Schulter und schaute mir wieder in die Augen. Er konnte das echt gut.\u201eMarie West, du hast heute deinen Job gek\u00fcndigt und bist Million\u00e4rin geworden. Wie du siehst, du kannst alles schaffen.\u201cIch schob seine H\u00e4nde wieder weg und spielte am Scotchglas herum. \u201eDu sagst das so einfach. Aber ich wei\u00df doch nicht mal, wohin ich will. Falls ich \u00fcberhaupt irgendwo hinwill.\u201c\u201eWei\u00dft du was, ich habe einen guten Freund in Australien. Er sagt immer so `Deine Freunde sind auch meine Freunde`. Wenn du willst, ruf ich ihn an und sage, dass du morgen oder \u00fcbermorgen vorbeikommst.\u201c, sagte Pete.\u201eSpinnst du? Nach Australien?\u201c, fragte ich entsetzt. Pete schaute sehr ernst. Er meinte es so, wie er es gesagt hatte, soviel stand fest. \u201eAber was soll ich denn in Australien? Das ist doch so weit weg von hier! Und \u00fcberhaupt, warum soll ich schon morgen hin? Willst du mich etwa loswerden?\u201c, f\u00fcgte ich scherzhalber hinzu.\u201eNein, das w\u00e4re eigentlich das Letzte was ich wollte\u201c, sagte Pete ernst. \u201eAber Mrs. Miller hatte einfach recht. Wenn du noch l\u00e4nger hier bleibst, wirst du einsam in deinem Appartement weitertrotten. Wenn du dich gleich aufmachst, hast du was von deinem Leben. So seh ich eben das ganze. Marie, du bist 22 Jahre alt und hast au\u00dfer New York und Chicago noch keine anderen St\u00e4dte gesehn. Du musst hier mal raus.\u201cIch war jetzt schon irgendwie beeindruckt. Klar, Pete war ein guter Anwalt, und ich hatte wohl schon einen Schluck Scotch zu viel. Aber ich war schon fast \u0001 \u0002 sah ich von meinem Glas auf zu Pete. \u201eUnd das w\u00e4re kein Problem f\u00fcr deinen `Freund`, dass ich bei dem \u00fcbernachten k\u00f6nnte?\u201c, fragte ich leise.\u201eKlar, er schuldet mir eh noch einen Gefallen. Ich ruf ihn gleich heute Abend an\u201c.Dann war es also entschieden. Ich hob eines meiner Scotchgl\u00e4ser und hielt es hoch. \u201eAlso auf Australien,\u201c sagte ich entschieden und sah Pete an.\u201eAuf Australien\u201c, erwiderte er, und sto\u00df an.",
            "wordcount": "2.416",
            "chapter_release": "26.08.2013",
            "chapter_number": "3"
        },
        "4": {
            "text": "Hallo an meine lieben \u0001 \u0002 als geplant gibt es hier ein weiteres Kapitel f\u00fcr euch :) Ist nur so ein Zwischenkapitel, aber ich hoffe, euch gef\u00e4llts. Und ich freue mich weiterhin auf viiiiiiiele Reviews :)Ps.: special thanks an Gublover2000 :)Abgemacht?Inzwischen war es mittags. Die Scotchs waren ausgetrunken und Pete war irgendwo drau\u00dfen telefonieren. Ich wusste nicht, wen er anrief, aber er meinte es sei dringend. Ich sa\u00df immer noch an der Eckbank im Rocky\u2019s und hielt schon wieder den Brief in meiner Hand. Den Alkohol sp\u00fcrte ich auch sch\u00f6n langsam, aber es war irgendwie ein gutes Gef\u00fchl. Nicht dass man meinen k\u00f6nnte, ich w\u00e4re jetzt total betrunken oder so, aber das schlechte Gef\u00fchl in meiner Magengegend, welches ich seit dem Anruf von Dr. Vaughn gesp\u00fcrt habe, war endlich weg, und ich konnte mich auch wieder halbwegs konzentrieren. Der Kellner mit den langen Haaren hatte wohl auch bemerkt, dass ich alleine dasa\u00df. Erst schaute er von der Bar aus zu mir her\u00fcber, dann nahm er irgendeine gr\u00fcne Flasche aus dem kleinen K\u00fchlschrank und ein Glas dazu und kam zu mir her. Langsam glaubte ich Pete, als er sagte, dass der Kerl mich anmachen wollte.\u201eHey Lady, ich glaube Sie sollten mal etwas Wasser trinken. Wenn man den Scotch nicht gewohnt ist, wird seine Wirkung nicht lange auf sich warten lassen\u201c, sagte er und setzte sich ungefragt neben mich. Dabei stellte er die Flasche, in der sich offenbar Mineralwasser befand, auf den Tisch und schenkte es in das Glas ein. Ich dachte nur: \u201eHoffentlich kommt Pete gleich wieder rein\u201c.\u201eDanke f\u00fcr den Hinweis\u201c, murmelte ich, und nahm trotzdem einen Schluck vom Wasser. Vielleicht war ich schon angetrunken, aber noch lange nicht genug, um mich von dem Kellner beeindrucken zu lassen. Er war \u00fcberhaupt nicht mein Typ. Au\u00dferdem waren seine Z\u00e4hne irgendwie eklig, gelb. Bestimmt vom Rauchen. Ich konnte eine Schachtel Zigaretten in seiner Hosentasche erkennen.\u201eGern geschehen\u201c, sagte er. Offensichtlich schreckte ihn meine Zur\u00fcckhaltung nicht ab. \u201eDieser Kerl, der bei Ihnen war, war das Ihr Freund?\u201c Oh Mann, der war ja direkt. Was konnte ich den blo\u00df loswerden?\u201eJa ist er.\u201c Verwundert schauten der Kellner und ich auf. Gott sei dank war Pete zur\u00fcck und schaute meinen Sitznachbarn nicht gerade freundlich an. \u201eD\u00fcrfte ich mich wieder an meinen Platz setzen?\u201c Obwohl Pete freundlich gefragt hatte, war dieses Funkeln in seinen Augen. Ich grinste innerlich. Dem Kellner schien das Funkeln wohl auch nicht entgangen zu sein.\u201eKlar doch. Nur keinen Stress, Alter\u201c, sagte er und stand auf. \u201eAchja, das Wasser geht auf mich.\u201c, f\u00fcgte er noch mit einem L\u00e4cheln auf mich hinzu und ging wieder zu seiner Bar zur\u00fcck. Pete setzte sich wieder hin.\u201eMensch Marie, ich kann dich doch kaum aus den Augen lassen\u201c, sagte er mit einem scherzhaften Unterton. Ob er es wirklich so meinte, da war ich mir nicht so sicher.\u201eTja, du kennst mich doch. Und danke f\u00fcr die Rettung\u201c, meinte ich nur. \u201eMit wem hast du eigentlich telefoniert?\u201c\u201eNaja, ich hab mal meine Kontakte spielen lassen. Ich vereise ja \u00f6fter und kenne am Flughafen ein paar Leute. Ich hab dir f\u00fcr morgen eine Flug nach Australien gebucht.\u201cWow, so schnell? Es war irgendwie so unwirklich.\u201ePete, ich wei\u00df nicht ob das echt so eine gute Idee war. Ich meine, ich war noch nie irgendwo anders, ich kenne dort doch niemanden. Und was soll ich danach machen? Und wie lange soll ich dort \u00fcberhaupt bleiben?\u201c, sprudelte es aus mir heraus. Diese Australien Sache machte mich nun doch etwas nerv\u00f6s. Schlie\u00dflich war gestern noch alles normal. Da war ich auch noch keine Million\u00e4rin.\u201eKeine Sorge, M\u00e4uschen\u201c, sagte Pete, und nahm meine Hand. \u201eDein Flug geht morgen um halb Zwei am Nachmittag. Larry, mein Kumpel bei dem du \u00fcbernachten kannst, wird dich abholen, und dann siehst du ja, wie\u2019s dir gef\u00e4llt. Ich hab mit der Fluggesellschaft ausgemacht, dass du jederzeit ohne Probleme irgendwo hin oder abreisen kannst, egal wann.\u201c\u201eDas ist ja alles sch\u00f6n und gut\u201c, sagte ich, auch ein klein wenig beeindruckend. Pete war ein Organisationstalent. \u201eAber was soll ich da tats\u00e4chlich machen? Ich werde mich bestimmt nicht den ganzen Tag an den Strand legen.\u201c Nein, das kam gar nicht in Frage. Da blieb ich doch lieber zu Hause und lese ein gutes Buch.\u201eMarie, ich habs dir schon gesagt. Und Mrs. Miller hat es dir auch gesagt: Du musst hier raus. Und ich bringe dich morgen selbst zum Flughafen. Ich w\u00fcrde sagen, du machst, was du einfach schon immer machen wolltest. Du fotografierst doch gern\u201c.Das stimmte. Ich hatte einmal ein wenig Geld gespart und mir eine Kamera geleistet. Keine besonders teure, aber sie erf\u00fcllte Ihren Zweck. Wenn ich nicht gerade arbeitete oder daheim war, war ich in der Stadt damit unterwegs. Die Idee war gar nicht mal so schlecht. Ich w\u00fcrde einfach herumfahren und Fotos machen. \u201eUnd du ich m\u00f6chte, dass du mir immer scheibst, wo du gerade bist, was du machst und wie\u2019s dir geht\u201c, fuhr Pete mit seiner Idee fort. \u201eIch meine, du hast alle Zeit der Welt, und das Geld ist jetzt auch nicht mehr das Problem.\u201c Er hatte Recht. \u201eNa sch\u00f6n, du hast mich \u00fcberzeugt. Dann flieg ich morgen wirklich nach Australien. Wo wohnt dein Freund eigentlich genau? Ist ja nicht gerade ein kleines Land\u201c, sagte ich neugierig.\u201eIn Sydney, vielleicht etwas au\u00dferhalb. Er hat vermietet dort kleine Appartements f\u00fcr Touristen. Also perfekt f\u00fcr dich\u201c, antwortete Pete und l\u00e4chelte. Es war einfach unglaublich, wie ihn dieses typische L\u00e4cheln ver\u00e4nderte. Wenn er nur so dasa\u00df, in seinem Anzug, war er trotz Igelfrisur ein ganz normaler Anwalt. Kaum l\u00e4chelte er, sah man, dass mehr dahinter steckte. Pete hatte es nicht immer einfach gehabt. Seine Eltern konnten mit dem \u201eRockzeugs\u201c, wie sie es immer nannten, nie etwas anfangen. Und damit auch nichts mit ihm. Er zog schon fr\u00fch von daheim aus, und musste auch schon fr\u00fch auf eigenen Beinen stehen. Als ihm das Geld fehlte, beschloss er, sich auf gut Gl\u00fcck f\u00fcr einen Praktikantenjob in dieser Anwaltskanzlei vorzusprechen, in der er heute als Verteidigungsanwalt arbeitete. Er hatte zwar immer gesagt, dass er nie in einem Anzug enden m\u00f6chte, aber wenn er Menschen half, die seiner Meinung nach unschuldig waren, schien ihm der Anzug auch weniger schlimm. Er arbeitete sehr hart, um den Menschen zu helfen und inzwischen war er Leiter seiner Abteilung. Mit seinen Eltern hatte er, seit er ausgezogen war, keinen Kontakt mehr. Aber es schien ihn nicht sonderlich zu st\u00f6ren. Er war hart im nehmen. Und er nahm sich nicht viel Zeit f\u00fcr seine eigenen Probleme. Mir kam eine Idee. \u201ePete, willst du nicht mitkommen?\u201c, fragte ich ihn. Alleine zu verreisen war mir wahrscheinlich eh zu langweilig. \u201eIch zahle auch\u201c, f\u00fcgte ich mit einem Grinsen \u0001 \u0002 wusste wohl nicht, was er sagen sollte. Er \u00fcberlegte, schaute mich an, und dann hatte er sich entschieden.\u201eS\u00fc\u00dfe, ich glaube, du musst erstmal f\u00fcr dich selbst etwas tun. Au\u00dferdem hab ich gerade in der Arbeit Stress.\u201c Traurig senkte ich den Kopf. Es w\u00e4re toll, nicht alleine herumzureisen. \u201eAber wei\u00dft du was?\u201c, sagte er. \u201eIch werde nachkommen. Du schreibst mir einfach alle paar Tage, wo du bist. Und wenn sobald ich dann Zeit finde, werde ich dich irgendwo treffen. Abgemacht?\u201cDamit konnte ich leben. \u201eAbgemacht\u201c, sagte ich und trank einen weiteren gro\u00dfen Schluck vom Wasser.",
            "wordcount": "1.213",
            "chapter_release": "26.08.2013",
            "chapter_number": "4"
        },
        "5": {
            "text": "Hallo liebe LeserInnen. Hier ist mal wieder ein kleineres Kapitel, die Reise f\u00e4ngt an :) Ich w\u00fcnsche euch sehr viel Spa\u00df beim \u0001 \u0002.: Ich w\u00fcrde mich seeeeeehr \u00fcber weitere Reviews freuen! *euchkeksehinstell* und danke an Gublover2000 f\u00fcr dein liebes Review :)Zum FlughafenAm n\u00e4chsten Tag ging es mir erstaunlich gut. Pete hatte mich nach unserer Abmachung nach Hause gefahren. Erst wollte ich gar nicht in das Wohnhaus gehen, weil ich auch an Mrs. Millers Appartement vorbeimusste. Aber er begleitete mich, und es war am Ende nicht so schlimm. Nur machte es mich traurig, dass weder eine Kerze, noch Blumen vor ihrem Appartement standen. Ich beauftragte Pete, das am N\u00e4chsten Tag zu erledigen. Dann war ich wieder allein in meiner Wohnung. Ich hatte mich umgesehen. Eigentlich w\u00fcrde ich das hier nicht wirklich vermissen. Meine Wohnung bestand aus einem kleinen Wohnzimmer mit winziger K\u00fcche, einem kleinen Schlafzimmer und einem noch sehr viel kleineren Badezimmer. Alles war schon sehr abgenutzt, da das Wohnhaus schon sehr alt war. Die M\u00f6bel hatte ich damals \u00fcbernommen, da ich kein Geld f\u00fcr neue hatte. Ich musste l\u00e4cheln. Das war wohl jetzt kein Problem mehr. Trotzdem hatte ich mit Pete besprochen, dass ich die Wohnung vorl\u00e4ufig behielt. Jetzt stellte sich nur noch die Frage, was ich eigentlich mitnehmen wollte. Koffer hatte ich keinen, nur einen riesigen Wanderrucksack. Ich hatte ihn mir mal von meinen Eltern gew\u00fcnscht, damit ich mal eine Wandertour machen konnte. Dann hatte ich keine Zeit mehr daf\u00fcr. Und jetzt kam er doch in Einsatz. Er war dunkelblau mit hellblauen N\u00e4hten. Ich liebte die Farben. Dann stand ich vor meinem Kleiderschrank. Viel Auswahl hatte ich ja nicht. Es befanden sich fast nur Jeans, ein paar dunkelfarbige T-Shirts und Pullover darin. Ich hatte keine Ahnung, wie das Klima momentan in Australien war, also nahm ich von allem etwas. Ich hatte auch ein paar Shorts und ein dunkelblaues Sommerkleid, das ich so gut wie nie anhatte. Vielleicht brauchte ich es ja. Ich stopfte alles in den Rucksack, dazu nahm ich noch eine Zahnb\u00fcrste, Zahnpasta und was man sonst noch so brauchte. Dabei lie\u00df ich mir Zeit, ich hatte ja keinen Stress. In den Rucksack packte ich auch ein paar schwarze Sandalen, die Turnschuhe w\u00fcrde ich morgen anziehen. Wo hatte ich denn nur die Kamera hingelegt? Ich benutzte sie eigentlich oft, allerdings war ich etwas chaotisch. Zum Beispiel hatte ich eine Brille, die ich zu Hause trug, und oft hatte ich sie auf und wusste nicht, wo sie war. Wie eine Bekloppte lief ich dann durch die Wohnung, bis ich kapierte, dass ich sie auf der Nase hatte. Die Kamera hatte ich gefunden. Sie war in der Schublade in der K\u00fcche. Dort bewahrte ich alles M\u00f6gliche auf, von Stifte bis hin zu Nadel und Faden. Und meine Kamera. Diese steckte ich in meine Handtasche, zusammen mit meinem Pass, meiner Geldb\u00f6rse, dem Handy und einem kleinen Notizblock mit Stift. Dort wollte ich alle Orte notieren, zu denen ich hinreiste. Noch immer kam es mir so unwirklich vor. Ich w\u00fcrde morgen um diese Zeit im Flieger sitzen, auf den Weg nach Australien! Wie oft kam sowas denn schon vor? Ich schaute auf die Uhr. Es war bereits 19 Uhr, ich hatte gar nicht bemerkt, wie schnell die Zeit beim Packen verging. Ich a\u00df noch schnell ein Sandwich und trank eine Flasche Wasser dazu. Dann goss ich noch meine zwei einzigen Pflanzen: Orchideen. Pete w\u00fcrde hin und wieder vorbeischauen, ob alles in Ordnung war. Ich hoffte, dass er auf meine Blumen nicht verga\u00df. Dann wusste nicht, was ich machen sollte. Ich hatte keinen Fernseher, nur ein B\u00fccherregal, welches bis oben hin voll gestopft war. Ich liebte B\u00fccher, ich hatte auch noch viele von meinem Studium. Ich ging zum Regal hin\u00fcber. Vielleicht war es eine nette Besch\u00e4ftigung f\u00fcr den Flug? Aber ich hatte die meisten schon so oft gelesen, dass ich dann doch keines in die Tasche steckte. Nachdem ich das B\u00fccherregal entt\u00e4uscht gemustert hatte, beschloss ich schlafen zu gehen. Es war zwar erst viertel nach sieben abends, aber morgen w\u00fcrde ein langer Tag werden. Ich kroch in mein Bett und schloss die \u0001 \u0002 n\u00e4chste Tag war angebrochen. Mein Wecker zeigte bereits 11 Uhr vormittags. Ich hatte noch nie so lange geschlafen. H\u00f6chstens bis 8 Uhr, normalerweise. Ich h\u00f6rte ein Klingeln, von meiner Haust\u00fcre, kaum als ich aufgestanden war. Wer wollte denn etwas um diese Uhrzeit? Ich ging zur T\u00fcr und \u00f6ffnete sie. Davor stand Pete und grinste mich an. Und mir viel es wieder ein: Ich wollte doch heute nach Australien und mein Flug ging in zweieinhalb Stunden!\u201eNa, gut geschlafen?\u201c, fragte Pete. Sein Grinsen verschwand dabei nicht. Ich lie\u00df ihn herein.\u201eKlar doch. Ich sehe morgens immer so toll aus. Solltest du doch wissen\u201c, gab ich zur\u00fcck. \u201eGib mir 10 Minuten, dann bin ich bereit zur Abfahrt\u201c, f\u00fcgte ich noch hinzu, und ging schnell in mein Bad. Z\u00e4hneputzen, abwaschen, Haare k\u00e4mmen. Nicht, dass es etwas n\u00fctzte, aber ich sah zumindest ein bisschen besser aus. Schnell machte ich mir noch einen Liedstrich unter die Augen, das geh\u00f6rte zu meiner \u00fcblichen Morgenprozedur. \u201eWillst du Kaffee?\u201c, fragte Pete vom Wohnzimmer aus. Was f\u00fcr eine Frage!\u201eWas glaubst du denn?\u201c, antwortete ich. Ich h\u00f6rte, wie er meine Kaffeemaschine einschaltete, w\u00e4hrend ich mich noch fertig machte. Ich ging durchs Wohnzimmer in die K\u00fcche, wo Pete mir schon mit seinem strahlenden L\u00e4cheln eine Tasse mit frisch gekochtem Kaffe entgegen hielt. Kaffee war so etwas wie mein Lebenselixier. Ich nahm ihm die Tasse ab.\u201eDanke\u201c, sagte ich. \u201eSeit wann bist du denn schon auf?\u201c\u201eNaja, sagen wir mal, du warst noch im Reich deiner Tr\u00e4ume als ich gefr\u00fchst\u00fcckt habe\u201c, antwortete Pete. Heute sah er aus wie Pete. Nicht wie ein Anwalt. Er trug seine schwarzen Turnschuhe, ausgebleichte Jeans und ein schwarzes T-Shirt mit der Aufschrift von Guns\u2019n\u2018 Roses. Ich hatte es ihm letztes Jahr geschenkt. Die Kaffeetasse war schnell leer, und Pete meinte: \u201eIch will ja nicht rumstressen, aber wenn du deinen Flug noch kriegen willst, sollten wir besser losfahren. Du kennst ja den Verkehr hier. Hast du schon gepackt?\u201c\u201eKlar. Ich will nur noch kurz mein Bankkonto checken.\u201c, sagte ich. Es w\u00fcrde mich schon interessieren, ob das Geld wirklich auf meinem Konto war, wie Dr. Vaughn es gesagt hatte. Ich nahm mein Handy aus der Tasche heraus und gab die Internetseite meiner Bank ein und logte mich ein. Tats\u00e4chlich, das Konto zeigte \u00fcber 5 Millionen Dollar an. Es war einfach unglaublich! Noch nie hatte ich soviel Geld, ich kannte nicht mal einen, der soviel Geld hatte. \u201eUnd?\u201c, fragte Pete neugierig, w\u00e4hrend er meinen Rucksack nahm.\u201eAlles da\u201c, sagte ich erstaunt und gab das Handy zur\u00fcck in die Tasche.\u201eDu klingst so erstaunt. Hast du immer noch gedacht, es handle sich um einen Scherz?\u201c\u201eDu etwa nicht?\u201c, fragte ich ihn. Pete zuckte nur mit den Schultern. \u201eNachdem ich den Brief gelesen hatte, nicht wirklich. Also, gehen wir?\u201c\u201eJa\u201c. Bevor wir das Appartement verlie\u00dfen, schaute ich mich noch einmal um. Ich wusste noch nicht, dass ich es lange Zeit nicht mehr sehen w\u00fcrde, allerdings wird es mir auch nicht sonderlich fehlen. Ich drehte mich um, nahm meine Handtasche, die Lederjacke, ging aus der Wohnung und verschloss sie. Den Schl\u00fcssel bekam Pete. W\u00e4hrend der Fahrt zum Flughafen war ich sehr still. Gleich w\u00fcrde ich das erste Mal in ein Flugzeug steigen. Ich hoffte, dass alles hinhaute wie geplant. Dann waren wir da. Pete ging zum Schalter und holte mein Ticket, w\u00e4hrend ich daneben mein Gep\u00e4ck abgab. \u201eHier\u201c, sagte Pete und gab mir den Umschlag mit dem Ticket. \u201eEs gab keine Probleme. Manchmal ist es schon gut, Kontakte zu haben\u201cIch verdrehte die Augen. \u201eWei\u00dft du, wenn du es so sagst, h\u00f6rst du dich irgendwie wie ein Drogendealer oder so an. Weniger cool, wie du vielleicht denkst\u201c.\u201eAch M\u00e4uschen, lass mir doch meinen Spa\u00df\u201c, sagte \u0001 \u0002 sagte nichts darauf und schaute mich um. Noch niemals war ich auf einem Flughafen gewesen. Es waren so viele Leute da, Familien mit ihren Kindern, Gesch\u00e4ftsleute, Paare. Mein Flug ging in einer halben Stunde, und er wurde gerade aufgerufen. \u201eDas ist meiner\u201c, sagte ich aufgeregt und sah Pete an.\u201eOk, hier ist die Telefonnummer von Larry. Er wird in Sydney am Flughafen auf dich warten.\u201c, sagte Pete und gab mir einen Zettel. \u201eUnd ruf mich an, wenn du da bist.\u201c\u201eMach ich.\u201c, antwortete ich. Wir standen nun vor der Stewardess, die mein Ticket wollte. \u201eNa sch\u00f6n. Dann kannst du wohl los. Achja, ich hab noch etwas vergessen\u201c.\u201eWas denn?\u201c, fragte ich neugierig.\u201eHier.\u201c Er gab mir ein kleines Paket. \u201eMachs auf, wenn du in Sydney bist.\u201c\u201eAlles klar. Danke Pete. F\u00fcr alles.\u201c Ich umarmte ihn.\u201eMiss?\u201c, fragte die Stewardess. \u201eIch brauche jetzt ihr Ticket. Der Flug geht bald los. Pete l\u00f6ste die Umarmung.\u201eMachs gut, M\u00e4uschen.\u201c, sagte er und schaute mir noch einmal in die Augen. Dann drehte er sich um und war auch schon in der Menschenmenge des Flughafens \u0001 \u0002 atmete tief durch und gab der l\u00e4chelnden Flugbegleiterin das Ticket. Jetzt ging es wohl los.",
            "wordcount": "1.498",
            "chapter_release": "26.08.2013",
            "chapter_number": "5"
        },
        "6": {
            "text": "Hi liebe LeserInnen!Offenbar wird meine Story von mehr Leuten gelesen als gereviewt wird (gibt es das Wort \u00fcberhapt? \u0001 \u0002) Jedenfalls, ich hoffe dass euch das neue Kapitel auch gef\u00e4llt, und ihr ich freue mich \u00fcber jede Kritik... Also, nur nicht sch\u00fcchtern sein ;)glg, cupcake01Erste Eindr\u00fcckeDer Flug dauerte lange. Ich hatte einen Fensterplatz, neben mir sa\u00df eine Frau, Mitte 40, daneben offensichtlich ihr Sohn. Der war in seinen Gameboy vertieft, w\u00e4hrend seine Mutter in einer Zeitschrift bl\u00e4tterte. Ich bereute, dass ich kein Buch mit eingepackt hatte. Da Pete und ich sp\u00e4t dran waren, hatte ich keine Zeit mehr, eins am Flughafen zu kaufen, und somit langweilte ich mich jetzt zu Tode. Eine Flugbegleiterin kam vorbei.\u201eM\u00f6chten Sie vielleicht noch etwas trinken, Miss?\u201c, fragte sie freundlich. Essen gab es schon vor 4 Stunden. Ich w\u00fcrde definitiv keine Freundin von Flugzeugessen werden. Pete hatte mich davor wohl nicht gewarnt. \u201eJa, ich h\u00e4tte gerne einen Kaffee, schwarz\u201c, sagte ich, und blickte ebenfalls freundlich zur\u00fcck. Die Frau nickte, drehte sich zu ihrem multifunktionalen Ger\u00e4t um, in dem das Essen und die Getr\u00e4nke aufbewahrt wurden, und schenkte mir aus einer Kanne in einen Becher den Kaffee ein. \u201eHier bitte sehr\u201c.\u201eVielen Dank\u201c. Vorsichtig nippte ich an dem hei\u00dfen Getr\u00e4nk. Ich w\u00fcrde wohl auch keine Freundin von Flugzeugkaffee werden. Wenn das so weiterging, w\u00fcrde ich mich wohl morgen schon auf dem Weg nach Hause befinden. Ich atmete durch. Was redete ich mir eigentlich ein? Ich war auf dem Weg nach Australien, ich w\u00fcrde K\u00e4ngurus sehen und Koalas streicheln, die Landschaft bewundern, Einheimische kennenlernen. Ich sollte mich freuen, anstatt schon w\u00e4hrend des Flugs so herumzun\u00f6rgeln. So kannte ich mich eigentlich gar nicht. Normalerweise war ich eine Frohnatur, ich sah immer das positive, in fast allem und in fast jedem. Selbst als ich noch arbeitete dachte ich, zumindest kann ich das mal in meinem Lebenslauf angeben. Und dann starb Mrs. Miller, vor gerade mal ein paar Stunden. Und sogar dann noch bekam ich 5 Millionen Dollar \u00fcberwiesen, einfach so. Und jetzt sa\u00df ich in einem Flieger ins sonnige Australien und dachte nur: Was mache ich eigentlich hier?Naja, hier w\u00fcrde ich auch keine Antwort bekommen. Und wie Pete gesagt hatte, ich konnte ja jederzeit wieder nach Hause kommen. Ich trank den Kaffee leer. Das Zeug konnte unm\u00f6glich Koffein enthalten. Ich schloss die Augen und schlief \u0001 \u0002 Flug verlief ansonsten sehr ruhig. Daf\u00fcr, dass ich noch nie geflogen war, war alles ziemlich unspektakul\u00e4r. Ich habe geh\u00f6rt, dass manche Touristen beim Landen applaudierten. Zum Gl\u00fcck wurde mir das erspart. Warum sollte man auch klatschen, nur weil ein Pilot seinen Job erledigte? Wahrscheinlich flog er die Strecke vier, f\u00fcnf mal in der Woche. Da war doch nichts Besonderes daran. Ich schaute auf meine Uhr. Ach ja, da gab es ja wohl einen Zeitunterschied. Der Pilot sagte die Uhrzeit gerade durch, als eine der Flugbegleiterinnen mir meine Handtasche von den Verstaur\u00e4umen \u00fcber mir herunterreichte. \u201eLadies und Gentlemen, willkommen in Sydney. Drau\u00dfen sind es 31\u00b0C, der Himmel Wolkenlos und hier haben wir es bereits 14 Uhr Nachmittags, am Sonntag. Ich w\u00fcnsche ihnen einen angenehmen Aufenthalt.\u201cOk, hier war es 14 Uhr, meine Armbanduhr zeigte 9 Uhr, das hei\u00dft es bestand ein Zeitunterschied von f\u00fcnf Stunden. Ich stellte meine Uhr vor. Meinen Rucksack bekam ich dann ohne Probleme. Ich hatte eher Angst, dass dieser \u201eLarry\u201c, der Kumpel von Pete, mich nicht abholen kam. Ich hatte keine Ahnung, was ich dann machen sollte. Ich kannte hier doch niemanden. Ich ging mit meinem Gep\u00e4ck durch die Kontrolle zur riesigen Wartehalle. Ich musste mir wohl keine Sorgen machen. Gegen\u00fcber vom Eingang zur Halle stand ein Mann, gekleidet in einer Jeans, schwarze Schuhe und einem t\u00fcrkisfarbenen T-Shirt mit einem Skateboard darauf. Er hielt ein Schild von sich, auf dem Stand \u201eMarie West\u201c. Damit war wohl ich gemeint. Ich ging auf ihn zu.\u201eHi, ich bin Marie\u201c, stellte ich mich vor, w\u00e4hrend ich ihm meine Hand zusteckte. Er sch\u00fcttelte sie.\u201eFreut mich, ich bin Larry, sozusagen dein Kontaktmann hier.\u201c, sagte er grinsend. Ich hatte mir Larry irgendwie anders vorgestellt. Mehr so wie Pete. Dieser Mann jedoch war bestimmt schon an die 35, trug eine 3 Tage- Bart und hatte braune lockige kurze Haare. Er war eigentlich das Gegenteil von Pete.\u201eIch hoffe du hattest einen guten Flug\u201c, sagte Larry, w\u00e4hrend er mir meinen Rucksack abnahm. \u201eAchja, willkommen in Australien. Pete hat mir erz\u00e4hlt, dass du zum ersten Mal verreist?\u201c\u201eJa\u201c, sagte ich. Dabei gingen wir durch die gro\u00dfe Wartehalle zum Ausgang. \u201eIch war noch nie so weit weg von daheim. Ehrlich gesagt, ich hab noch keine Ahnung, was ich hier eigentlich machen will.\u201c\u201eDas lass mal meine Sorge sein. Wie gesagt, ich bin hier dein Kontaktmann. Ich bin Pete noch eine Gefallen schuldig und mach das gern. Also, wenn du hier irgendwas Bestimmtes anschauen willst, dann bin ich dein Mann\u201c, antwortete Larry. Offenbar kannte er sich in Australien gut aus.\u201e\u00c4hm, ich hatte nicht so viel Zeit, mich vorher zu erkundigen. Vielleicht kannst du mir ja was empfehlen?\u201c, fragte ich. Jetzt waren wir gleich drau\u00dfen. Ein Schritt, dann betrat ich zum ersten Mal den Australischen Kontinent. Drau\u00dfen war es warm. Im Flugzeug musste ich meine Jacke anziehen, weil die Klimaanlage dauernd angeschaltet war. Als ich mit Larry zum Parkplatz ging, schlug mir die Warme Luft von \u00fcberallher entgegen. Das gefiel mir schon mal. Ich mochte es, wenn es warm war. Inzwischen waren wir auch bei Larrys Auto angekommen. Es war ein grauer Gel\u00e4ndewagen. Wahrscheinlich war er mal schwarz, aber die Staubschicht darauf lie\u00df mich das nicht ganz erkennen.\u201eAlso, wenn du hier was sehen willst, ich leite unter anderem ein paar F\u00fchrungen f\u00fcr Touristen. Du kannst gleich morgen mitkommen, wenn du willst\u201c, sagte Larry, als er meinen Rucksack ins Auto hievte. \u201eKlingt gut\u201c, sagte ich. Dann war ich zumindest nicht alleine. Wohin geht\u2019s denn?\u201cLarry hielt mir die Autot\u00fcr auf. Den Gentlemen h\u00e4tte ich ihm gar nicht zugetraut.\u201eDas ist das spezielle an den Touren. Man muss sich dabei \u00fcberraschen lassen. Sonst w\u00e4r das ganze doch langweilig, oder\u201c, sagte er mit einem Grinsen. Er schlug die Autot\u00fcr zu, als ich mich in den Wagen gesetzt hatte. \u201eDa hast du wohl recht\u201c, murmelte ich. Larry stieg ein, und los ging die Fahrt.",
            "wordcount": "1.040",
            "chapter_release": "26.08.2013",
            "chapter_number": "6"
        },
        "7": {
            "text": "Hi meine lieben LeserInnenSo, hier ist das n\u00e4chste Kapitel :) Ich wei\u00df, ich halte sie eher kurz... ich mache das, damit mehr Spannung reinkommt und die Geschichte ein bisschen l\u00e4nger wird.... ich hoffe euch gef\u00e4llt die Story bis jetzt. Vergesst nicht auf die Reviews, dann wird die Story umso schneller upgedatet ;)Alles Liebe, cupcake01AngekommenSydney war gar nicht so anders wie New York. Eine Gro\u00dfstadt eben. Vielleicht lag es daran, dass ich noch nie eine andere Stadt gesehen hatte, so als Vergleich. Naja, irgendwie kam sie mir doch ein bisschen anders vor. Ich wusste nicht, wie ich es beschreiben konnte. Sydney kam mir\u2026 heller vor?Larry redete die ganze Fahrt \u00fcber Australiens Sch\u00f6nheit. Es war mir so eh lieber, dann musste ich nicht so viel von mir erz\u00e4hlen. Dazu war ich erstens nicht in Stimmung, und zweitens war ich noch von dem Flug doch etwas ausgelaugt. \u201eDir wird es hier bestimmt gefallen\u201c, fasste Larry nach 15 Minuten Fahrt und 15 Minuten durch reden zusammen. Inzwischen befanden wir uns auf der Autobahn, die anscheinend um die Stadt f\u00fchrte. \u201eUnd keine Sorge, die Fahrt dauert nicht mehr lang. Zehn Minuten, dann sind wir da.\u201c Larry hatte anscheinend bemerkt, dass ich m\u00fcde war. Aber hatte Pete nicht gesagt, dass die Appartements au\u00dferhalb waren?\u201eIch dachte, dein Hotel oder was immer du hast befindet sich nicht so richtig in der Stadt\u201c, sagte ich verwundert, den Blick vom Autofenster zu Larry gerichtet. Denn auch in 10 Minuten w\u00fcrden wir es nicht in die \u201eAustralische Wildnis\u201c schaffen.\u201eAh, ich wei\u00df schon warum\u201c, antwortete er. \u201eEs ist so, die Appartements sind eigentlich mitten in der Stadt, in einem Hochhaus. Als Pete hier gewohnt hatte, existierten die noch gar nicht, damals bestand mein Unternehmen eher aus Barracken, die wirklich au\u00dferhalb der Stadt lagen. Pete hatte mir damals aufgeholfen, meine Firma aufzubauen, weshalb ich ihm bis heute noch immer sehr dankbar bin, auch wenn er es vielleicht als selbstverst\u00e4ndlich sah, mir zu helfen.\u201cIch wusste, dass Pete eine Zeit lang in Australien gewesen war, allerdings hatte ich keine Ahnung, was er da getrieben hatte. Jetzt bekam ich eine ungef\u00e4hre Ahnung.\u201eAlso hat er dich als Anwalt vertreten, um dein \u201eUnternehmen\u201c aufzustellen?\u201c, fragte ich nach.\u201eJap. Und er war echt gut. Es gibt keinen besseren als ihn\u201c, sagte er l\u00e4chelnd.\u201eUnd was genau machst du eigentlich?\u201c, hakte ich neugierig nach.\u201eDas wirst du noch fr\u00fch genug erfahren\u201c, entgegnete Larry. Sein L\u00e4cheln hatte sich in ein Grinsen verwandelt. \u201eLass dich einfach \u00fcberraschen. Ach und \u00fcbrigens, wir sind da.\u201cIch hatte gar nicht bemerkt, dass er geparkt hatte. Wir befanden uns tats\u00e4chlich mitten in der Stadt, das war durch die vielen Hochh\u00e4user und Gesch\u00e4fte unverkennbar. Larry stieg aus, und ich machte es ihm nach. Er ging zum Kofferraum und nahm meinen Rucksack heraus. Ich wollte schon hingehen und ihm das schwere Gep\u00e4cksst\u00fcck abnehmen, aber er sagte so etwas wie \u201eDu bist hier Gast, und als Lady tr\u00e4gst du bestimmt keinen zentnerschweren Rucksack\u201c. Also lie\u00df ich ihn machen, auch wenn der Rucksack offensichtlich auch f\u00fcr ihn fast zu schwer war. Ich musste grinsen. Hier gefiel es mir \u0001 \u0002 Auto hatte vor einem \u00e4lteren Geb\u00e4ude geparkt. Eigentlich sah es fast so aus wie mein Wohnhaus, nur dass dieses hier hellblau gestrichen war, und meines in den roten Ziegeln quasi naturbelassen gestaltet. Aber das Blau lie\u00df die ganze eher gesch\u00e4ftsm\u00e4\u00dfige Umgebung etwas heller und freundlicher aussehen. \u00dcberhaupt war Sydney f\u00fcr eine Gro\u00dfstadt ziemlich hell, im Gegensatz zu New York. Hier ein B\u00e4umchen, weiter hinten konnte ich sogar einen Park entdecken. Damit konnte ich wirklich gut \u0001 \u0002 ich mich noch umschaute, hatte Larry inzwischen die T\u00fcr ge\u00f6ffnet. \u201eLadies first\u201c, sagte er, immer noch l\u00e4chelnd.\u201eDanke. Daran k\u00f6nnte ich mich glatt gew\u00f6hnen\u201c, gab ich zur\u00fcck. Meinen Sinn f\u00fcr Humor hatte ich trotz des ungem\u00fctlichen langen Fluges noch nicht verloren. Die Anfahrt war dazu viel zu interessant \u0001 \u0002 gingen die Treppe hoch. Larry begann w\u00e4hrenddessen wieder zu quasseln.\u201eAlso, ganz unten befindet sich der Gemeinschaftsraum mit Billiardtischen, einer hauseigenen Bar, und alles was man sonst noch braucht, um Party zu machen. Aber keine Angst, die Zimmer sind alle gut abgedichtet, sodass kein L\u00e4rm durchdringt. Fr\u00fchst\u00fcck gibt es hier im ersten Stock, und falls du morgen bei der Tour dabei bist, dann gehst du besser fr\u00fch schlafen. Dann gibt\u2019s Fr\u00fchst\u00fcck um halb 6, und wir starten dann um viertel nach\u201c. Er machte eine Pause und zeigte mir den Weg zum Fr\u00fchst\u00fcckszimmer. Es war hell, aber auch nicht viel gr\u00f6\u00dfer als mein Appartement. So viele Leute konnten hier wohl nicht wohnen. Kurz stutzte ich. Hatte Larry gesagt, dass wir um 6 fr\u00fchst\u00fccken sollten? \u201eWer was erleben will, der muss auch was daf\u00fcr tun\u201c, sagte er nur, als ich nochmal nachfragte. Ich belie\u00df es mal dabei. Er hatte ja auch irgendwie recht, oder?\u201eAchja, hier ist dein Zimmer, der Schl\u00fcssel steckt schon.\u201c Wir waren im dritten Stock angelangt. Mir war aufgefallen, dass die T\u00fcren alle verschieden gestrichen waren, und meine war in Lila. Wir gingen rein. Ich war wirklich \u00fcberrascht. Das Appartement war ein bisschen gr\u00f6\u00dfer wie meines, aber eigentlich nicht zu gro\u00df und auch nicht zu klein. Wenn man reinkam, befand man sich direkt in einem gro\u00dfen Wohnzimmer, welches mit gro\u00dfem Fernseher, einer anscheinend gem\u00fctlichen Couch, einem riesigen B\u00fccherregal und einem kleinen Glastisch mit Lederlesesessel eingerichtet. Es sah alles wie neu aus, selbst der Luminatboden hatte keinen einzigen Kratzer.\u201ePete meinte, du liest gern. Das hier ist das Zimmer f\u00fcr Leseratten\u201c, sagte er, und mit einem Seitenblick auf mich f\u00fcgte er hinzu \u201eObwohl ich dich niemals als Ratte bezeichnen w\u00fcrde.\u201c\u201eSchon klar\u201c, sagte ich l\u00e4chelnd. Ich wusste noch nicht, was ich von Larry halten sollte, aber sein Humor gefiel mir irgendwie.\u201eIch hab mir auch erlaubt, f\u00fcr dich einzukaufen, da Pete meinte, es soll dir an nichts fehlen. Die Lebensmittel sind alle dort in der K\u00fcche, falls du Hunger bekommst oder so.\u201c Er deutete auf die offene K\u00fcche in der linken Ecke des riesigen Zimmers. Sie war zwar nicht sehr gro\u00df, aber immer noch fast doppelt so gro\u00df wie meine eigene in New York. Daneben befand sich auch noch ein gro\u00dfer Balkon, dessen Fenster mit h\u00fcbschen lilafarbenen leichten Vorh\u00e4ngen zugezogen waren. Larry hatte den Rucksack abgestellt. Er f\u00fchrte mich noch durch das Appartement. \u201eHier ist das Badezimmer\u201c, sagte er und \u00f6ffnete die T\u00fcre neben dem Eingang. Dusche, Badewanne, Waschbecken mit Spiegel. Da war alles drin, was man brauchte, nur ungef\u00e4hr zweimal so gro\u00df wie bei mir zu Hause. Die Fliesen waren in wei\u00df gehalten, mit ein paar lilafarbenen dazwischen. Und alles war makellos \u0001 \u0002 dem Badezimmer befand sich noch ein Raum. Die T\u00fcre f\u00fchrte ins Schlafzimmer. \u201eUnd hier kannst du dich erstmal ausruhen\u201c, sagte Larry als er die T\u00fcre \u00f6ffnete. Im Raum befand sich ein Riesiges Himmelbett mit einem Schrank aus einem dunklen Holz und einem dunklen Schminktisch mit einem dazu passenden Sessel. Es war genau nach meinem Geschmack. \u201eWow\u201c, gab ich von mir. Das beschrieb das Ganze wohl auch ziemlich gut. Larry grinste wieder. \u201eIch hoffe dir gef\u00e4llt\u2019s hier. Falls es ein Problem gibt, auf dem Tisch dort liegen meine Handy- und Heimnummer, ebenso wie die Notfallnummern f\u00fcr alles M\u00f6gliche. Unten an der Bar gibt es zwischen 10 und 11 Uhr abends \u00fcbrigens eine Happy Hour, falls du dann mal Gesellschaft brauchst. Ich muss jetzt noch kurz weg, noch andere G\u00e4ste vom Bahnhof abholen, aber sp\u00e4ter spiele ich dann den Barmann. W\u00fcrde mich freuen, wenn du sp\u00e4ter vorbeischaust. Au\u00dfer, du willst dich ausruhen, damit du f\u00fcr morgen fit bist\u201c, f\u00fcgte er hinzu. Ich war wirklich m\u00fcde, aber vielleicht w\u00fcrde ich in der Bar ein paar Leute kennenlernen, die morgen bei dieser geheimnisvollen Tour dabei sein w\u00fcrden. \u201eIch komme bestimmt noch vorbei\u201c, versprach ich, w\u00e4hrend ich immer noch das wundervolle Schlafzimmer musterte.\u201eGut, dann lass ich dich mal ankommen\u201c, sagte Larry mit einem nun freundlichen L\u00e4cheln. \u201eBis sp\u00e4ter dann\u201c. Er ging aus dem Zimmer und ich h\u00f6rte die Eingangst\u00fcre zufallen. Ich atmete durch. Jetzt war ich angekommen.",
            "wordcount": "1.326",
            "chapter_release": "26.08.2013",
            "chapter_number": "7"
        },
        "8": {
            "text": "Hallihallo!Es hat sich herausgestellt, dass meine Geschichte wohl etwas l\u00e4nger dauern wird. Erstens, weil ich relativ kurze Kapitel schreibe und zweitens, mir fallen gerade echt viele Ideen ein :D Ich hoffe, ihr bleibt weiterhin beim Lesen, und ich w\u00fcrde mich auch weiterhin \u00fcber Reviews und Anregungen freuen :) Alles liebecupcake01Erste KontakteIch wusste nicht, was ich zuerst machen sollte. Nachdem ich mich noch einmal umgeschaut hatte und zufrieden den prall gef\u00fcllten K\u00fchlschrank entdeckt hatte, beschloss ich, erst einmal auszupacken und mir dann etwa zu essen zu machen. Dabei lie\u00df ich mir, wie beim einpacken Zeit, ich war ja quasi im Urlaub. Ich ging dann noch schnell unter die Dusche und zog mir etwas anderes an; Shorts und ein Hellblaues T-Shirt; mir war irgendwie nach etwas sommerlichen. Dann viel mir ein, dass ich ja Pete anrufen sollte. Erstaunlicherweise hatte mein Handy noch viel Akku, also rief ich ihn gleich \u0001 \u0002 klingelte.\u201eMarie, bist du das\u201c, fragte dann Pete. Er klang erfreut.\u201eJa, ich bin vor zirka 2 Stunden angekommen\u201c, antwortete ich. \u201eWie geht\u2019s dir?\u201c Das war irgendwie meine Standardfloskel. Aber ich wollte wirklich wissen wie es im ging.\u201eWas soll die doofe Frage?\u201c, fragte Pete. \u201eViel wichtiger ist, wie's dir geht\u201c. Die Antwort h\u00e4tte ich erwarten m\u00fcssen. Trotzdem musste ich erstmal nachdenken. \u201eNaja, also dieser Larry scheint ganz nett zu sein. Ich soll dir \u00fcbrigens sch\u00f6ne Gr\u00fc\u00dfe ausrichten\u201c, sagte ich. \u201eNett?\u201c Ich konnte sein Grinsen beinahe vor mir sehen. Ich versuchte es mit einem Themenwechsel.\u201eJa, und die Wohnung hier ist echt super.\u201c\u201eTja ich wei\u00df eben, was dir gef\u00e4llt\u201c, sagte Pete. Jetzt wurde er aber ein bisschen zu \u00fcberheblich.\u201eWas hast du morgen vor?\u201c, fragte er.\u201eIch mach irgendsoeine Touristentour mit. Keine Ahnung was mich da erwartet. Wei\u00dft du was dar\u00fcber?\u201c\u201eKlar wei\u00df ich was. Schlie\u00dflich waren die Touren meine Idee\u201c, sagte. \u201eH\u00f6r mal M\u00e4uschen, ich muss Schluss machen, ich bekomm grad einen Kunden rein. Ruf mich morgen nochmal an, ok?\u201c\u201eKlar, aber was...\u201csetzte ich an, aber da hatte er schon aufgelegt. Was war das denn gerade? Es kam schon vor, dass Pete auflegen musste, wenn ein Kunde kam, aber es war schon seltsam, gerade jetzt und gerade bei dem Thema mit diesen Touren. \u201eWas soll's\u201c, dachte ich. Er wird bestimmt eine gute Ausrede daf\u00fcr finden. Ich machte mich auf in die K\u00fcche. Mir fiel erst jetzt auf, wie hungrig ich war. Der K\u00fchlschrank war auch mit allem gef\u00fcllt, was das Herz begehrte : Eier, Obst, Gem\u00fcse, verschiedene Fleischsorten, Getr\u00e4nke, und sogar Eiscreme fand ich im Gefrierfach. Larry hatte an alles gedacht. Trotzdem war ich zum kochen irgendwie zu faul. In der Hoffnung, unten in der Bar etwas Essbares aufzutreiben, ging ich nach unten in das Kellergeschoss. Mir kam Niemand entgegen, das war schon ein bisschen unheimlich. Die Treppe endete vor einer T\u00fcr. Darauf war ein Schild, mit Graphitizeichnungen bemalt. \u201eLarry's Chillout Zone\u201c, stand da geschrieben. Ich vertrete die Augen. Das klang schon etwas kindisch. Aber naja, ein versuch war es wohl Wert. Ich \u00f6ffnete die T\u00fcre und trat ein. Drinnen war es etwas anders, wie ich mir vorgestellt hatte. Von den verwendeten Materialien her war es wie in meiner Wohnung. Laminatboden, der jedoch schon etwas abgenutzt aussah. \u00dcber den Raum waren gem\u00fctliche Ledersessel mit dazupassenden Tischen verteilt. Gleich links neben der T\u00fcr befand sich eine gro\u00dfz\u00fcgig ausgebauten Bar, die in der gleichen Tonfarbe und ebenfalls aus Holzwie der Boden konstruiert war, dazu gab es jede Menge moderner Leuchtst\u00e4be an der Theke. Zwei Billiardtische waren ganz hinten untergebracht, ebenso wie ein Fu\u00dfballtisch. Gar nicht so \u00fcbel hier, dachte ich. Ich schaute mich um. Am einen Billiardtisch spielten vier Leute, zwei M\u00e4nner und zwei Frauen, ungef\u00e4hr in meinem Alter, aber ganz und gar nicht mein Stil. Eher gesch\u00e4ftsm\u00e4\u00dfig unterwegs. Die beiden trugen einen Anzug wie Pete, die eine Frau einen dunkelroten Hosenanzug und die andere, eine Blondine, ein pinkfarbenes Kost\u00fcm. Nein, das war wirklich nicht mein Stil. An einem anderen Tisch sa\u00df ein \u00e4lteres, offensichtlich, Ehepaar, die einfach nur dasa\u00dfen und sich nicht miteinander unterhielten. Und dann sa\u00df noch ein Mann, der wahrscheinlich so um die 28 war, am anderen Ende der Bar, und trank ein Mineralwasser und eine Zeitung las. Er sah gar nicht schlecht aus, trug Jeans und ein dunkelgr\u00fcnes T-Shirt. Schon eher mein Stil, dachte ich, innerlich grinsend. Sonst befand sich niemand im Raum, und keiner achtete auf mich, ich setzte mich an einen freien Platz an die Bar. Erst jetzt fiel mir auf, dass es hier keinen Barmann oder so gab. Ich wusste nicht was ich tun sollte, und schaute etwas verwirrt umher. Dabei war ich fast vom Barhocker gefallen. Der Kerl mit dem gr\u00fcnen T-Shirt schien das wohl mitbekommen zu haben, er schaute n\u00e4mlich von seiner Zeitung auf, und grinste mich an. \u201eHey, dich kenn ich ja noch gar nicht. Woher kommst du denn?\u201c, fragte er, immer noch grinsend. Dich kenn ich noch gar nicht? Woher sollte er mich auch kennen? Und dann hatte ich's kapiert. \u201eAus dem Land, wo's Barkeeper gibt\u201c, gab ich, ebenso grinsend zur\u00fcck. Sein Grinsen formierte sich zu einem leichten L\u00e4cheln zur\u00fcck. Er faltete die Zeitung zusammen, trank noch einen Schluck von seinem Mineralwasser und begab sich mit einem un\u00fcberh\u00f6rbaren Seufzer hinter die Theke. Und das alles in einer unglaublichen Langsamkeit, dass ich fast einschlief. \u201eWas darf's denn sein?\u201c, fragte er. \u201eWas empfehlen Sie denn?\u201cfragte ich zur\u00fcck. \u201eIch glaube, wir k\u00f6nnen das \u201eSie\u201c hier sein lassen. Ich bin Scott\u201c Er reichte mir die Hand.\u201eMarie\u201c, sagte ich und sch\u00fcttelte seine. Er hatte einen festen H\u00e4ndedruck.\u201eMarie, ein h\u00fcbscher Name\u201c, sagte er, wieder grinsend. \u201eAlso Marie, was kann ich dir hier empfehlen? Wir haben eine gro\u00dfe Auswahl an Cocktails, wenn das etwas f\u00fcr dich ist.\u201c\u201eKlar warum nicht\u201c, sagte ich. \u201eIch bin ja im Urlaub\u201c. Wie oft w\u00fcrde ich den Spruch eigentlich noch bringen. \u201eAlles klar, dann mach ich dir den \u201eGolden Nectar\u201c. Ist unsere Hausspezialit\u00e4t.\u201c\u201eKlingt gut\u201c. Er grinste noch mehr und machte sich ans Werk. Gerade als er mit dem hantieren der Flaschen begann, sah ich aus den Augenwinkeln noch jemanden hereinkommen.\u201eAh, Marie, du hast Scott schon kennengelernt\u201c, sagte eine bekannte Stimme. Es war Larry. \u201eUnd, hast du dich schon eingew\u00f6hnt?\u201eJa, das Appartement ist super, und danke f\u00fcrs einkaufen\u201c, antworte ich. Larry setzte sich neben mich. Es war mir eh recht. Ich kam mir auch bl\u00f6d vor, hier alleine rumzusitzen. \u201eLarry, was ich dich fragen wollte...\u201c, begann ich. Ich glaubte eh nicht, dass ich eine Antwort bekam. \u201eWas machen wir morgen eigentlich?\u201cEr grinste. \u201eNiemand wei\u00df das. Meine Kunden wissen nicht, worauf sie sich einlassen, wenn sie bei mir gebucht haben. Lass den Dingen ihren freien Lauf. Ist \u00fcbrigens mein Lebensmotto.\u201cWas sollte ich nun damit anfangen? Ich hoffte, dass nicht alle hier so geheimniskr\u00e4merisch waren und schaute Scott zu, wie er meinen Drink mixte.",
            "wordcount": "1.148",
            "chapter_release": "26.08.2013",
            "chapter_number": "8"
        },
        "9": {
            "text": "Hallo meine lieben Leser! Hier gibt es ein neues Kapitel f\u00fcr die Story. Leider f\u00e4llt es nicht so lange aus, ich hatte leider nicht Zeit f\u00fcr mehr. Ich hoffe euch gef\u00e4llt es trotzdem :) Bitte hinterl\u00e4sst mir eure Kritik in Form des Reviews... Wie schon mal gschrieben, Je mehr Reviews, umso schneller gibts ein Update :)Jetzt viel Spa\u00df beim \u0001 \u0002 01BillardMein Drink war... gab es ein Wort daf\u00fcr? K\u00f6stlich. Ja, er war wirklich au\u00dfergew\u00f6hnlich lecker. Golden Nectar war der perfekte Name daf\u00fcr. \u201eWas ist da drin?\u201c fragte ich Scott neugierig.\u201eBetriebsgeheimnis\u201c, sagte er und grinste wieder. Langsam ging mir das ganze auf die Nerven. \u201eGibt es hier irgendwas, was kein Betriebsgeheimnis ist?\u201c fragte ich und trank einen weiteren Schluck vom \u201eNektar\u201c. \u201eKlar\u201c, sagte Larry. \u201eNur die Cocktailrezepte und die Touren. Ansonsten gibt\u2019s hier keine Geheimnisse.\u201cDa viel mir nichts darauf ein. Aus den Augenwinkel sah ich die Frau vom Billardtisch her\u00fcberkommen. Die eine mit dem pinkfarbenen Kost\u00fcm. Sie stellte sich neben mich an die Bar. \u201eNa Dianne, was darf's denn sein?\u201c, fragte Scott. \u201eDasselbe nochmal\u201c, sagte sie. Dann wandte sie sich zu mir.\u201eHi, ich bin Dianne\u201c. Sie gab mir ein K\u00fcsschen links, ein K\u00fcsschen rechts. Gott, dieses k\u00fcnstliche Gek\u00fcsse mochte ich ja gar nicht. W\u00e4hrend sie mir die 2 Luftk\u00fcsse auf die Wangen hauchten, drehte ich mich zu Larry und verdrehte wieder die Augen. Er musste grinsen. \u201eFreut mich, ich bin Marie\u201c, sagte ich, \u00fcberrascht \u00fcber ihre... Herzlichkeit?\u201eHabt ihr zwei Lust auf eine Partie Billard?\u201c, fragte sie und schaute Larry und mich an. Eigentlich wollte ich ja was essen. Mein Magen knurrte schon, was den beiden M\u00e4nnern offensichtlich nicht entgangen war. \u201eWei\u00dft du was? Wir spielen eine Partie, und wenn ihr gewinnt, laden die beiden Verliererteams das Gewinnerteam ein und wir gehen alle zusammen Essen ein. Abgemacht?\u201cDas klang schon besser. Ich schaute Larry an. \u201eAlso ich bin dabei, ich hab n\u00e4mlich echt Kohldampf\u201c, sagte ich. \u201eDas war nicht zu \u00fcberh\u00f6ren\u201c, murmelte Scott. Ich warf ihm einen nicht sehr freundlichen Blick zu und er grinste wieder. \u201eNa sch\u00f6n, da kann ich wohl kaum Nein sagen.\u201c Er stand von seinem Hocker auf. Ich war schon ein wenig \u00fcberrascht, dass die Leute, zumindest hier in der Bar, offensichtlich sehr offen waren. Das war ich zwar noch nicht sehr gewohnt, allerdings gefiel mir die Art. In New York waren die meisten Leute, mit dehnen ich es zu tun hatte, eher steif und zur\u00fcckhaltend gegen\u00fcber allem Neuen. Da ich selbst Schwierigkeiten hatte, mich \u201eauszuleben\u201c, dachte ich hier, was hatte ich schon zu verlieren? Schlie\u00dflich war ich hier um Spa\u00df zu haben. Ich stand ebenfalls auf, Dianne nahm die vier Bierflaschen mit und ich meinen Cocktail. Dann gingen wir zu den anderen hin\u00fcber. \u201eDarf ich vorstellen: Das ist Gus\u201c, sagte Dianne als wir am Billardtisch waren und deutete auf den Braunhaarigen. \u201eHi\u201c, sagte er l\u00e4chelnd und sch\u00fcttelte meine Hand.\u201eIch bin Jessica\u201c, sagte die Br\u00fcnette in dem roten Hosenanzug. Und wieder K\u00fcsschen \u2013 K\u00fcsschen. Ich hoffte, dass das hier nicht alle Frauen machen. \u201eUnd der h\u00fcbsche Kerl hier ist Mike\u201c, fuhr Dianne fort und deutete auf den anderen schwarzhaarigen im Anzug Nachdem er meine Hand gesch\u00fcttelt hatte, k\u00fcsste sie ihn. Offenbar war er ihr Freund. \u201eIch bin Marie, freut mich euch kennenzulernen\u201c, sagte ich, etwas sch\u00fcchtern. Ich war nie gut darin gewesen, neue Freundschaften zu schlie\u00dfen. \u201eGut, die K\u00fcsschennummer ist erledigt\u201c, sagte Larry und grinste mich an. \u201eWie wollt ihr jetzt spielen?\u201c\u201eWir dachten an 3 Teams zu zwei Leuten\u201c, sagte Gus. Er hatte eine angenehme rauchige Stimme. \u201eJa, Dianne und ich, Jessica und Gus und Larry plus du, Marie. Ich denke, dass am besten zwei Teams zusammenspielen und eines alleine. Also ihr zwei gegen uns, wenn ihr nichts dagegen habt\u201c, fuhr Mike fort. \u201eDie Aufteilung ist zwar nicht ganz fair, aber wir wollen mal keine Spielverderber sein\u201c, sagte Larry und nahm sich ein Queue . Er reichte mir ebenfalls einen, w\u00e4hrend Jessica die Kugeln sch\u00f6n auflegte. \u201eIch hoffe, du bist gut\u201c, sagte Larry zu mir leise, als dann Dianne den ersten Ansto\u00df erledigte. Keine der Kugeln traf in ein Loch. Ich grinste. Larry hatte ja keine Ahnung. Eigentlich war ich ja v\u00f6llig unsportlich, meine Figur behielt ich nur, weil ich auf meine Ern\u00e4hrung achtete. Allerdings war mein Dad mit mir oft Billardspielen gegangen, weil er in einer Art Verein mitmachte. Da hatte ich schon einiges aufgeschappt. Und ich hatte Hunger, da arbeitet mein Motorik meistens besser. \u201eDu bist dran, Liebes\u201c, sagte Dianne. \u201eDu kannst dir aussuchen, welche du als erstes einlochen willst.\u201c\u201eMal sehen, ob ich was treffe\u201c, meinte ich grinsend. Ich sah die rote, halb. Die zuerst. Zum Gl\u00fcck traf ich. Und dann noch 4 \u0001 \u0002 dann noch zwei weitere. Die letzte und die schwarze Kugel traf ich leider nicht mehr. \u201eNa Gott sei dank\u201c,sagte Mike\u201c. \u201eWir wollten ja auch noch mitspielen. K\u00f6nnen wir eigentlich noch Partner tauschen?\u201c Er schaute mich an und ich sah, dass Dianne ihm einen nicht zu freundlichen Blick zuwarf. \u201eOffensichtlich der eifers\u00fcchtige Typ\u201c, dachte ich. \u201eNichts da, sie geh\u00f6rt schon zum Gewinnerteam\u201c, sagte Larry und nahm mich freundschaftlich in den Arm. \u201eWollen wir doch mal sehen!\u201c, gab Mike zur\u00fcck, und versuchte die wei\u00dfe Kugel anzusto\u00dfen. Er traf zwar, aber die Kugel, die er tats\u00e4chlich treffen wollte, stie\u00df eine die letzte von uns an. Damit mussten wir nur noch die Schwarze \u0001 \u0002 setzte zum Ansto\u00df an. \u201eWei\u00dft du\u201c, sagte er und drehte sich nochmal zu mir um. \u201eIch habe auch Hunger\u201c, fuhr er fort und brachte die schwarze Kugel in ihr Loch. \u201eYeah Baby, so wird das gemacht!\u201c rief er und umarmte mich. Wow, soviel \u201eK\u00f6rperkontakt\u201c mit eigentlich unbekannten Menschen war ich tats\u00e4chlich nicht gewohnt. \u201eGut gemacht!\u201c, sagte ich und klopfte ihm auf die Schulter. \u201eNa das ging ja schnell. Ich konnte gar nicht spielen\u201c, sagte Jessica etwas entt\u00e4uscht. Larry drehte sich zu ihr um.\u201eMacht ja nichts, wir k\u00f6nnen ja sp\u00e4ter nochmal. Nachdem ihr uns zum Essen eingeladen habt!\u201c Larry war nicht sehr gut im vertr\u00f6sten. Trotzdem musste ich grinsen.\u201eDa m\u00fcssen wir wohl durch\u201c, sagte Gus. \u201eWo wollt ihr hin?\u201c \u201eDu darfst aussuchen, Marie\u201c, sagte Larry und wandte sich wieder mir zu. \u201eSchlie\u00dflich hast du auch die Arbeit erledigt.\u201c\u201eNaja, ich kenne mich hier ja gar nicht aus. Was w\u00fcrdest du denn empfehlen?\u201c, fragte ich. Wieder grinste er.\u201eIch kenne da ein super Restaurant. Wird euch allen gefallen\u201c, meinte Larry und ging langsam zum Ausgang der Bar.\u201eNa dann, auf geht's\u201c, sagte Dianne, nahm Mike an der Hand und ging Larry nach.\u201eWoher hast du so spielen gelernt?\u201c fragte Gus neugierig, als auch Jessica den dreien nachgegangen war. Ich zuckte nur mit den Schultern \u201eBetriebsgeheimnis\u201c, sagte ich l\u00e4cheln und ging den anderen ebenfalls nach.",
            "wordcount": "1.118",
            "chapter_release": "26.08.2013",
            "chapter_number": "9"
        }
    },
    "title": "Die Reisende",
    "topic": "unspecified",
    "release": "\n26.08.2013\n\t\t\t\t\t\t",
    "author": "cupcake01"
}