{
    "tags": [],
    "chapcount": "5",
    "wordcount": "13.875",
    "chapters": {
        "1": {
            "text": "PrologDie W\u00f6lfe des Rudels standen angespannt um ihr Lager herum. Sie waren Kampfbereit. Sie hatten das andere Rudel belauscht und waren nun auf den Angriff vorbereitet, der geplant worden war. Dennoch hofften sie alle, dass das andere Rudel durch ihre Kampfbereitschaft abgeschreckt sein w\u00fcrde. Doch dem war nicht so. Nat\u00fcrlich nicht. Aus dem Dickicht des verschneiten Waldes schlichen geschmeidig W\u00f6lfe hervor. Sie kamen von allen Seiten auf das versteckte Lager des anderen Rudels zu. Woher auch immer sie wussten, dass es hier war, es war schrecklich, sich diesen Kampf vorzustellen. Die Angreifer sprangen auf die W\u00f6lfe des Lagers. Gejaule ert\u00f6nte und der Geruch von Blut erf\u00fcllte die Luft. Blut tropfte auf den Waldboden und verklebte das Fell der W\u00f6lfe. Schmerz lag in jeder ihrer Bewegungen. Das Rudel wurde langsam von der gewaltigen \u00dcbermacht aus dem Lager vertrieben. Doch da waren W\u00f6lfe, die weiter k\u00e4mpften. Die weiter verteidigten und weitere Wunden in Kauf nahmen. Die anderen W\u00f6lfe trugen die Jungen aus dem Lager und verschwanden lautlos und heimlich im Dickicht. Die letzten Verteidiger des Lagers huschten ihnen hinterher, doch ein Wolf konnte sich nicht abwenden. Er k\u00e4mpfte angestrengt mit zwei der Angreifer, w\u00fcrde er ihnen den R\u00fccken zuwenden w\u00fcrde er sterben. Vielleicht w\u00fcrde er auch so sterben. Einer der W\u00f6lfe, mit denen er k\u00e4mpfte, traf ihn mit scharfen Krallen hart an der Flanke, so, dass er sich nicht auf den Pfoten halten konnte. Der andere dr\u00fcckte ihn sofort kr\u00e4ftig auf den Boden, und kratzte ihn im Gesicht. Aus seiner Flanke quoll Blut und aus den Kratzern in seinem Gesicht ebenfalls. Es verdeckte ihm die Sicht, und er musste die Augen schlie\u00dfen. W\u00f6lfe mussten ihre Umgebung genau sp\u00fcren, damit sie nicht von hinten angegriffen wurden. So konnte der am Boden liegende Wolf es auch jetzt. Er sp\u00fcrte, dass etwas \u00fcber ihn sprang und den Wolf wegstie\u00df, der ihn auf den Boden dr\u00fcckte. Jetzt wo er konnte, wollte er aufstehen und helfen, doch die Bewegungen schmerzten zu sehr. Er h\u00f6rte einen Wolf schmerzhaft aufheulen und ins Dickicht laufen. \u201eVorsicht!\u201c rief die Stimme eines Rudelmitglieds. Der am Boden liegende Wolf wusste, dass er gemeint war, doch er konnte nichts tun. Es war zu sp\u00e4t. Er sp\u00fcrte einen harten Schlag auf den Kopf. Und noch einen\u2026 und noch einen\u2026 Die Ger\u00e4usche klangen jetzt wie viel weiter entfernt, und auch sein K\u00f6rper schien weit weg zu sein. Somit auch der Schmerz. Er f\u00fchlte nur schwach, wie ihn zwei W\u00f6lfe vorsichtig packten und mit sich zogen.",
            "wordcount": "963",
            "chapter_release": "15.06.2016",
            "chapter_number": "1"
        },
        "2": {
            "text": "Night erhob sich zitternd auf die Pfoten. Er stand zwischen vier B\u00e4umen, die mit W\u00e4nden und einem Dach aus St\u00f6cken und Laub versehen waren. Es gab einen kleinen Ausgang. Der schwarze Wolf wusste nicht wo er hier war. Er sah sich um, doch durch die dichten W\u00e4nde konnte man nichts erkennen. Sein Fell war schmutzig, seine Augen m\u00fcde und sein Blick verschwommen. Immer noch unsicher auf den Pfoten machte Night einen Schritt auf den Ausgang zu. Er stolperte sofort. Wie lange war er nicht mehr gelaufen? Es kamen Schritte von drau\u00dfen, und vertraute Augen musterten den Wolf. \u201eNight!\u201c \u00fcberrascht trat ein dunkelgrauer Wolf ein. Night keuchte, w\u00e4hrend er sich m\u00fchevoll wieder aufrichte. \u201eMarco\u2026\u201c hauchte Night, der mit der Situation leicht \u00fcberfordert war. Noch dazu \u00fcberanstrengte es ihn, vern\u00fcnftig zu stehen, und sich davon nichts anmerken zu lassen. Marco war geschmeidig gebaut, und hatte sanftes Fell. Seine orange schimmernden Augen leuchteten voller Freunde. \u201eNight!\u201c seine Stimme klang \u00fcbergl\u00fccklich. \u201eNight, endlich bist du wach!\u201c Jetzt verstand der schwarze Wolf gar nichts mehr. \u201eWas...?\u201c fragte er mit schwacher Stimme. \u201eDu bist zwei Jahre nicht aufgewacht! Nach dem Kampf beim alten Lager warst du bewusstlos, und wir haben dich hier her getragen.\u201c Begann Marco eifrig zu erz\u00e4hlen. Night f\u00fchlte, wie sich eine k\u00e4lte in ihm ausbreite, als Marco den Kampf erw\u00e4hnte. Er fing an zu zittern, immer st\u00e4rker. Doch er wollte sich nichts anmerken lassen, nicht vor Marco. Bilder huschten vor seinen Augen her, wie der feindliche Wolf seine Flanke traf, wie er auf den Boden fiel\u2026 es war wie eine Vision, doch es war Vergangenheit\u2026 Night\u00b4s Knie gaben nach und er brach zusammen. Erschrocken stockte Marco in seiner Erz\u00e4hlung, wie sie den dunklen Wolf immer f\u00fcttern mussten. \u201eNight!\u201c Marco steckte den Kopf aus dem Eingang des Zimmers. Kurz darauf tauchte eine wei\u00dfe W\u00f6lfin im Eingang auf. \u201eWas ist passiert?\u201c fragte sie. Ihre Stimme war klar. \u201eEr ist einfach zusammengeklappt.\u201c Meinte Marco besorgt. Sein Fell war aufgerichtet und seine Augen fixierten den Wolf am Boden. Er wollte nicht noch mal weinen. Als Night damals verletzt wurde, hatte er genug geweint. Er war zu nichts zu gebrauchen gewesen. Immer sa\u00df er neben dem bewusstlosen Wolf, hatte nichts gegessen, nichts getrunken, nur geweint. Eine Stimme riss Marco aus seinen d\u00fcsteren Gedanken. \u201eschon gut..\u201c schnaubte Night vorsichtig. \u201emir geht\u2019s gut.\u201c Die W\u00f6lfin l\u00e4chelte. Sie war noch sehr jung, bestimmt erst zwei Jahre. Deshalb kannte Night sie auch noch nicht. Doch er fragte nicht nach, denn sie schl\u00fcpfte gerade durch den Ausgang. Der schwarze Wolf wandte sich zu Marco. \u201eWer hat mich damals gerettet?\u201c fragte er mit ruhiger, aber schwacher Stimme. Der graue Wolf konnte sich ein schwaches L\u00e4cheln nicht verkneifen, doch seine Augen funkelten vor Sorge um Night. \u201eLumeen hat den ersten Wolf weg gesto\u00dfen\u201c begann Marco zu erz\u00e4hlen. \u201edann kam ich um zu helfen und habe den anderen erledigt. Aber ich war zu sp\u00e4t und konnte ihn nicht rechtzeitig von dir w\u2026\u201c Marcos Stimme war rau und belegt, er gab sich die Schuld. Das merkte auch Night. Er machte zwei sichere Schritte auf Marco zu, und legte ihm den Kopf auf die Schulter. Der graue Wolf erwiderte die Umarmung. Night folgte seinem Freund aus dem kleinen Zimmer, in dem er aufgewacht war. Er stand am Rand einer kleinen Lichtung, die von einem Wall aus St\u00f6cken, Gestr\u00fcpp und Laub umschlossen war. Es gab vier weitere Eing\u00e4nge, die in kleine Zimmer f\u00fchrten, wie das in dem der dunkle Wolf aufgewacht war. Die Eing\u00e4nge lagen dicht bei einander. Night sah sich die Lichtung genauer an: Es gab einen kleinen Ausgang, ansonsten war alles von dem hohen Wall abgeschirmt. Einige W\u00f6lfe huschten auf der Lichtung umher, darunter auch die wei\u00dfe W\u00f6lfin, die Marco gerufen hatte. \u201eDas ist unser neues Lager.\u201c Erkl\u00e4rte er fr\u00f6hlich, w\u00e4hrend ein k\u00fchler Wind das Fell der W\u00f6lfe durchfuhr. Die Sonne schien hell zwischen den kahlen \u00c4sten der B\u00e4ume hindurch, an denen nur noch einige, wenige Bl\u00e4tter hingen. \u201eKomm, ich stelle dir die neuen Rudelmitglieder vor!\u201c fuhr Marco fort und steuerte die wei\u00dfe W\u00f6lfin an. Night folgte ihm mit schnellen Schritten. Das Gras f\u00fchlte sich feucht und weich an seinen Pfoten an. Marco machte vor der W\u00f6lfin halt. Sie stand vor dem Wall und stopfte noch mehr Laub zwischen die st\u00fctzenden St\u00f6cke. Als sie die beiden W\u00f6lfe bemerkte sah sie auf. \u201eDas ist Lux.\u201c Sagte Marco l\u00e4chelnd. Night musterte Lux mit seinen dunklen Augen. Ihre Ohren zuckten. \u201eSie ist auf dem Weg zum neuen Lager zu uns gesto\u00dfen\u201c erkl\u00e4rte der dunkelgraue. \u201esie hat uns diesen Platz hier gezeigt.\u201c Night l\u00e4chelte die W\u00f6lfin an. \u201eDas Lager sieht toll aus.\u201c Sagte er bedr\u00fcckt. Lux legte den Kopf schief. \u201eWas ist los?\u201c fragte sie vorsichtig. In Marcos Augen blitzte wieder diese Besorgnis auf, die der schwarze Wolf so hasste. Er wollte nicht, dass sich irgendjemand wegen ihm Sorgen machte. \u201eWie weit sind wir von den Nachtw\u00f6lfen entfernt?\u201c fragte Night leise. Die Mine seines Freundes verfinsterte sich. \u201eWir haben Spuren von ihnen hier in der N\u00e4he gefunden.\u201c Antwortete Lux, da Marco kein Wort herausbrachte. Er starrte Night traurig und leicht unruhig an. \u201eIhr Rudel vergr\u00f6\u00dfert sich stetig, und sie suchen nach uns.\u201c Fuhr sie fort und in ihren Augen funkelte etwas. Es war keine Angst, sondern Bereitschaft. Bereitschaft das Lager zu verteidigen. \u201eDas klingt nicht gut.\u201c Stellte Night fest. \u201edanke, Lux. Wer ist noch neu im Rudel, Marco?\u201c fragte er seinen Freund. Der sch\u00fcttelte kurz den Kopf. \u201enur noch Silou.\u201c Sagte der dunkelgraue Wolf und wandte sich zum Lagerausgang. \u201eSie ist am Bach.\u201c Gerade als die beiden W\u00f6lfe das Lager verlassen wollten, ert\u00f6nte hinter ihnen eine Stimme. Night kannte diese Stimme, konnte sie aber nicht sofort zuordnen, da er sie schon lange nicht mehr geh\u00f6rt hatte. Als Night sich umwandte, stand dort ein kr\u00e4ftig gebauter Wolf, mit wei\u00dfem, edel schimmerndem Fell. Seine hellen, blauen Augen fixierten den schwarzen Wolf, w\u00e4hrend er komplett ruhig dastand. \u201eWo geht ihr hin?\u201c fragte der Wolf ruhig, als w\u00e4re es normal, das Night auf den Beinen war. Dieser konnte jetzt jedoch den edlen Wolf zuordnen, der stetig sein Fell pflegte. Es war Moon, der stellvertretende Anf\u00fchrer des Rudels. Marco schien ein wenig verwirrt, dass er Night nicht \u00fcberrascht begr\u00fc\u00dfte, hielt aber den Mund. \u201eWir gehen zum Bach.\u201c Antwortete der dunkle auf Moons Frage. Der wei\u00dfe Wolf neigte zustimmend den Kopf. Als Marco sich bereits wieder dem Ausgang gewidmet hatte, zwinkerte Moon Night zu und l\u00e4chelte. Au\u00dferhalb des Lagers blickte sich Night um, und sog die D\u00fcfte des Waldes in seine Nase auf. Es war herrlich! Die Sonne fiel auf sein schwarzes Fell und erw\u00e4rmte es. Die B\u00e4ume boten einen perfekten Schutz f\u00fcr das Lager, was von au\u00dfen mit viel Laub und Erde getarnt war. Man sah es zwar noch sehr gut, aber aus etwas Entfernung brachte es bestimmt etwas. Die beiden W\u00f6lfe wanden sich nach links. Nach kurzer Zeit kamen h\u00f6rten sie das Pl\u00e4tschern des Baches, und bald sahen sie ihn. Eine h\u00fcbsche, braune W\u00f6lfin sa\u00df auf einer Moss-bewachsenen Fl\u00e4che, und lauschte auf die Ger\u00e4usche des Waldes. Sie h\u00f6rte die geschmeidigen Schritte ihrer Rudelmitglieder und stand auf. Sie hatte blasse Augen, die im k\u00fchlem Sonnenlicht gr\u00fcn schimmerten. Marco und Night blieben vor ihrer stehen. \u201eDas muss schmerzhaft gewesen sein.\u201c Murmelte die W\u00f6lfin und richtete den Blick auf Nights linkes Auge. Das erste Mal fielen ihm die Narben wieder ein, die er im Kampf bekommen hatte. Die Wunden an seiner Flanke waren verheilt, und die im Gesicht auch. Nur die drei Narben \u00fcber seinem Auge waren geblieben. Der Wolf aus dem Nachtrudel hatte ihn zwar nur mit drei Krallen erwischt, aber diese haben Spuren hinterlassen. Night sch\u00fcttelte kurz den Kopf, als wollte er damit die Gedanken an die Vergangenheit absch\u00fctteln. Aber nat\u00fcrlich ging das nicht. Diese Gedanken w\u00fcrden da sein, und f\u00fcr immer bleiben, denn sie pr\u00e4gten ihn, bestimmten, wie er jetzt war.",
            "wordcount": "3.463",
            "chapter_release": "16.06.2016",
            "chapter_number": "2"
        },
        "3": {
            "text": "Silou schien zu bemerken, dass Night von dem Kampf traumatisiert war. Sie \u00fcberlegte kurz, dann sagte sie: \u201egehen wir ins Lager, Night sollte die anderen W\u00f6lfe begr\u00fc\u00dfen.\u201c Marco l\u00e4chelte zustimmend, und neigte seinen Kopf zum k\u00fchlen Wasser des Baches herunter. Dann wandten sich die drei um, und liefen geschmeidig und Edel durch den im Sonnenlicht schimmernden Wald zur\u00fcck zum Lager des Rudels. Night war froh \u00fcber die Zeit, wo niemand den Kampf oder sein Koma ansprach, denn so sehr er auch dagegen ank\u00e4mpfte, Bilder von massiven Steinmauern und brennenden Pfeilen huschten vor seinen Augen umher. Er war wehrlos dagegen. Und erkl\u00e4ren konnte er es sich auch nicht. Was hatte das zu bedeuten? Sie erreichten das Lager, und Marco schl\u00fcpfte als erster von ihnen durch den schmalen Eingang. Eine dunkelgraue W\u00f6lfin sa\u00df links neben dem Eingang, und bewachte ihn. Night lie\u00df seinen Blick \u00fcber das ganze Lager schweifen. Er sah W\u00f6lfe die er kannte. Endlich! L\u00e4chelnd schob der dunkle Wolf sich an Marco vorbei, so, dass ihr Fell sich kurz ber\u00fchrte. F\u00fcr einen Moment hatte er vergessen, dass das Rudel hier nicht sicher war. Dass sie eine Wache brauchten, und das bereits Spuren der Nachtw\u00f6lfe gefunden wurden. Night h\u00f6rte die Schritte von Marco und Silou hinter sich, die ihm folgten. \u201eLumeen!\u201c Sagte Night zu einem rot-braunen Wolf. Er wandte sich um, und seine gelben Augen starrten den dunklen Wolf an. \u201eWurde aber auch mal Zeit!\u201c grinste er. Kurz blitzte etwas Ernstes in seinen Augen auf, doch es war so kurz, das Night es als Einbildung abtat. Er wusste nicht, das Silou hinter ihm den Kopf gesch\u00fcttelt hatte, als sie bemerkte, dass Lumeen den Kampf ansprechen wollte. Der Rudelf\u00fchrer rief alle W\u00f6lfe zusammen: Neben Marco, Silou, Lux und Moon kamen noch Pulvis, die W\u00f6lfin die den Eingang bewacht hatte, Ayla, eine hellgraue W\u00f6lfin und Syla dazu. Sylas Fell war wei\u00df, doch in dem richtigen Licht schimmerte es bl\u00e4ulich. Das Rudel war ziemlich klein, wie Night feststellen musste. Lumeen sah die W\u00f6lfe an. \u201eWie ihr seht, ist Night endlich wieder auf den Beinen.\u201c Begann er l\u00e4chelnd. \u201eIch m\u00f6chte, dass ihr ihn ehrenvoll behandelt, denn fr\u00fcher hat er unser Lager gegen das Nachtrudel verteidigt. Er hat viel auf sich genommen, wisst das zu sch\u00e4tzen.\u201c Der Anf\u00fchrer wandte sich ab und verschwand in einem der vier kleinen Zimmern. Nach einer ausgiebigen Begr\u00fc\u00dfung des Rudels konnte sich Night endlich an einen ruhigen Platz des Lagers setzen. Er mochte sein Rudel, ohne Frage, doch momentan war Ruhe f\u00fcr ihn besser. Am n\u00e4chsten Morgen brauchte Night etwas, um zu realisieren, wo er war. Sein Kopf f\u00fchlte sich noch ein wenig matschig an, als er zu Marco her\u00fcberlief, der schon wach war. Sein Freund redete gerade mit Lux, als sie den schwarzen Wolf bemerkten. Das Licht der gerade aufgegangenen Sonne funkelte ihn ihren Augen und erf\u00fcllte Nights Fell mit einer sanften W\u00e4rme. \u201eDu kannst ruhig noch ein wenig schlafen.\u201c Sagte Marco ruhig. Night lehnte mit einem Kopfsch\u00fctteln das Angebot seines Freundes ab. \u201eWas macht ihr?\u201c fragte er neugierig, doch seine Miene blieb wie immer ernst. Wenn Night l\u00e4chelte, dann nur, wenn es wirklich einen Anlass dazu gab. Oder wenn er jemanden davon \u00fcberzeugen wollte, dass es ihm gut ging. \u201eWir besprechen, wer wo jagen geht.\u201c Erkl\u00e4rte Lux. \u201ees sind immer drei W\u00f6lfe morgens, und zwei am Nachmittag. Wir wollten Pulvis fragen ob sie mitkommt.\u201c \u201eDarf ich euch begleiten?\u201c Fragte Night vorsichtig. Marco l\u00e4chelte. \u201eWir teilen uns auf, denkst du, dass du noch gut jagen kannst?\u201c Fragte Lux pl\u00f6tzlich. Der dunkle Wolf sah ihr in die grauen Augen. \u201eWenn jemand Jagen kann, dann ich.\u201c sagte er Nachsichtig, und innerlich musste er grinsen. Lux sah ihn mit verwundertem Blick an. \u201eNight ist der beste J\u00e4ger des Rudels. Er f\u00e4ngt alles was er Jagt!\u201c Erkl\u00e4rte Marco lachend und in Lux Augen mischte sich ein bewunderndes Funkeln. Einige Minuten sp\u00e4ter schl\u00fcpfte Night aus dem Lagerausgang, die beiden anderen folgten ihm. Ohne wirklich dar\u00fcber nachzudenken wandte der Wolf sich nach rechts. \u201eFalls du an die Schlucht kommst, \u00fcberquere sie nicht.\u201c Sagte Lux warnend. Night nickte, und Neugier brannte in ihm. Er wusste nicht was hinter der Schlucht war, doch es gab sicher einen guten Grund, weshalb er die andere Seite meiden sollte. Die W\u00f6lfe trennten sich. Night schlich lautlos und geschmeidig durch den im Sonnenlicht getr\u00e4nkten Wald. Nicht lange, und er h\u00f6rte etwas. Es waren zwei Tauben, die auf dem Waldboden hockten und Samen der Pflanzen suchten. Night duckte sich hinter einer kr\u00e4ftigen Buche, ohne dabei ein Ger\u00e4usch zu machen. Dann, in einem Unachtsamen Moment, sprang der Wolf auf die Tauben. Eine von ihnen begrub er unter seiner kr\u00e4ftigen Pfote, die andere holte er mit seinem Kiefer aus der Luft. Alles geschah in wenigen Sekunden. Noch nicht eingerostet, dachte Night und genehmigte sich eine Taube als Fr\u00fchst\u00fcck. Das erste Mal fragte sich der Wolf, weshalb er allein jagen musste. Das war alles andere als \u00fcblich! Mit einem kurzen Kopfsch\u00fctteln vertrieb er die Gedanken. Es gab sicher einen triftigen Grund, doch jetzt musste er weiter jagen. Er ging weiter in die Richtung der Schlucht, bis er etwas h\u00f6rte. Neugierig, was es wohl war, schlich er geduckt und lautlos weiter. Der Wald schien wie eine gerade Linie aufzuh\u00f6ren, und der sanfte Boden wurde zu hartem Stein. Night trat vorsichtig an den Rand der Schlucht, die sich tief in die Erde zog. Spitze Felsen ragten \u00fcberall hervor, so konnte man an manchen Stellen den Abgrund \u00fcberqueren. Das Ger\u00e4usch, was den Wolf hier her gelockt hatte, war verstummt. Alles war ruhig, au\u00dfer einige V\u00f6gel, die unbeirrt ihre Lieder sangen. Kopfsch\u00fcttelnd, als h\u00e4tte er sich alles nur eingebildet, wandte Night sich wieder dem Wald zu, um weiter zu jagen. Vor ihm, dicht am Waldrand, sa\u00df ein anderer Wolf. Night blieb wie angewurzelt stehen und fixierte den Fremden mit seinen finsteren Augen. Es war ein schwarzer Wolf, doch im warmen Sonnenlicht schimmerte sein Fell bl\u00e4ulich. \u201eMein Name ist Lenox.\u201c Sagte der Fremde ruhig, als w\u00fcrde er das alles schon zum hundertsten Mal tun. Night r\u00fchrte sich immer noch nicht. \u201eIch bin aus dem Nachtrudel.\u201c Fuhr Lenox fort, als der andere nicht antwortete. Das schien dem dunklen Wolf zu reichen und er knurrte warnend. Lenox blieb einfach dort sitzen, und machte keine einzige Bewegung. Nicht einmal ein Zucken. \u201eSpar dir das\u201c zischte der Fremde ein wenig genervt. \u201edu w\u00fcrdest nicht gegen mich gewinnen.\u201c \u201eUnd wieso nicht?\u201c fragte Night herausfordernd. Lenox stand grinsend auf, und kam ohne ein Ger\u00e4usch auf den dunklen Wolf zu. Dieser hatte alle Muskeln angespannt, und war Kampfbereit, doch er wusste, Lenox w\u00fcrde nicht angreifen. Noch nicht. \u201eIch bin ein J\u00e4ger. Ich bin dazu ausgebildet, um zu t\u00f6ten.\u201c Fl\u00fcsterte der blau schimmernde Wolf, als er drei Schritte vor Night stehen blieb. \u201eIch bin hier, weil mein Rudelf\u00fchrer will, dass du in sein Rudel kommst.\u201c Damit war Night \u00fcberfordert. Hatte der Rudelf\u00fchrer nicht Angst, dass er alle Informationen an das Schneerudel weiter gab? Warum wollte ein Wolf wie Soul, der \u00fcber vierzig Rudelmitglieder Anf\u00fchrte, jemanden wie Night im Rudel haben? \u201eAber\u2026\u201c Lenox unterbrach den Versuch des anderen Wolfes, einen vern\u00fcnftigen Satz herauszubringen. \u201eSoul erwartet morgen deine Entscheidung. Ich erwarte dich morgen zur gleichen Zeit hier, und erz\u00e4hl lieber nichts davon deinem Rudel. Ich wollte schon immer wissen, wie ein Wolf schmeckt.\u201c Grinsend huschte Lenox an Night vorbei und sprang geschmeidig \u00fcber die Schlucht.",
            "wordcount": "3.555",
            "chapter_release": "19.06.2016",
            "chapter_number": "3"
        },
        "4": {
            "text": "Night rannte zur\u00fcck zu seinem Lager, ohne darauf zu achten, wie laut er war. Die Sonne stand senkrecht am Himmel, als er es erreichte. Der keuchende Wolf hatte bereits einen Entschluss gefasst: er w\u00fcrde seine Rudelmitglieder nicht in Gefahr bringen. Er w\u00fcrde das Rudel wechseln, nur um alles \u00fcber die Nachtw\u00f6lfe herauszufinden. Moon bemerkte Night als erster, und kam mit seinem \u00fcblich ernstem Gesichtsausdruck auf ihn zu. Immer noch keuchend wartete Night, bis der helle Wolf bei ihm war. \u201eBist du nicht mit Marco und Lux auf der Jagd?\u201c fragte er mit loyaler Stimme. Der schwarze Wolf neigte unterw\u00fcrfig den Kopf. Wie sollte er es am besten formulieren? Er durfte nicht auff\u00e4llig wirken, Moon durfte einen Verdacht sch\u00f6pfen. Unsicher wog Night seine Chancen ab, w\u00e4hrend ein frischer Wind sein Fell durchfuhr. Er zuckte zusammen, w\u00e4hrend Moon unger\u00fchrt dastand, und den Wolf vor sich musterte. \u201eich werde das Rudel verlassen\u201c sagte Night geradeheraus, da ihm nichts Besseres einfiel. Hoffentlich fiel der leichte, zittrige Unterton in seiner Stimme nicht auf\u2026 Die Augen des wei\u00dfen Wolfes weiteten sich f\u00fcr eine Sekunde erschrocken, dann wurde sein Blick wieder ernst. Night fragte sich, was er jetzt wohl dachte. Hatte er einen Verdacht? \u201eWir werden dich nicht aufhalten.\u201c Damit hatte der schwarze Wolf nicht gerechnet. Er hob den Blick und sah in die hellblauen Augen von Moon, der sich jedoch sofort abwandte und zur\u00fcck zu Pulvis ging. Night glaube, darin einen Funken von Verwirrung gesehen zu haben, was bei einem so ersten Wolf wie Moon schon faszinierend war. Der dunkle sch\u00fcttelte den Kopf, um wieder klare Gedanken fassen zu k\u00f6nnen. Was er in den Augen des wei\u00dfen Wolfes gesehen hatte oder nicht, spiele jetzt keine Rolle. Wichtig war, das Night hier weg kam, und einen Unterschlupf f\u00fcr die Nacht fand. Er huschte lautlos durch den schmalen Ausgang des Lagers, und lie\u00df sein ehemaliges Rudel zur\u00fcck. Wenn Marco ihn sah, w\u00fcrde er es nicht \u00fcbers Herz bringen, zu gehen, also musste er sich beeilen. Die Zeit verstrich, w\u00e4hrend der Wolf am Rand der Schlucht umher strich, und einen geeigneten Platz f\u00fcr die Nacht suchte. Eine dichte Wand aus gr\u00e4ulichen Wolken bildete sich am Himmel, und bald w\u00fcrden die ersten Tropfen das Fell der W\u00f6lfe benetzen. Night dachte daran, wie das Schneerudel sich in die vier kleinen R\u00e4ume zw\u00e4ngte, um trocken zu bleiben. Bestimmt muss jemand von ihnen im Regen Wache halten, fuhr es dem Wolf durch den Kopf, als er unter den tief h\u00e4ngenden \u00c4sten einer Eiche her kroch. Einige Regentropfen fanden ihren Weg durch die Bl\u00e4tter und Zweige des Baumes, und f\u00fchlten sich k\u00fchl auf der Haut des Wolfes an. Dieser kratzte ein wenig Gras zusammen, und legte sich eng an den Stamm des Baumes. Er war nicht weit von der Schlucht entfernt, und w\u00fcrde so das Treffen mit Lenox nicht verpassen. Die Nacht verstrich elend langsam, und Night schlief nicht viel. Die Sonne schien dem Wolf auf das immer noch feuchte Fell und er erhob sich m\u00fcde und zitternd auf die Pfoten. Er war nicht bereit, f\u00fcr das was ihn erwartete. Doch Night hatte sich entschieden, und er w\u00fcrde sein Rudel niemals in derartige Gefahr bringen. So schlich der Wolf sich geduckt unter den \u00c4sten der Eiche hervor, und ging einige Meter, bis der Steinboden anfing, und die Baumreihen aufh\u00f6rten. Dann wandte sich Night nach rechts und folgte dem Verlauf der Schlucht. Die Sonne schien zwar, aber der Morgen war k\u00fchl, das Fell des Wolfes war noch nicht getrocknet, und so stand dieser wartend an dem Punkt, wo er Lenox getroffen hatte. Er musste nicht lange warten, da sprang dieser \u00fcber die Schlucht. Sein br\u00e4unlich schimmerndes Fell war trocken, nur einige Tropfen von den nassen Bl\u00e4ttern des Waldes hatten ihn getroffen. Night versuchte, sicher auf seinen Pfoten zu stehen, und sich die Aufregung nicht anmerken zu lassen. Lenox setzte sich einige Meter vor Night, so dass die Schlucht knapp hinter ihm in die Tiefe fiel. Es schien ihn nicht zu k\u00fcmmern. \u201eDu bist gekommen.\u201c Stellte Lenox mit ruhiger, fast gelangweilter Stimme fest. Der dunkle Wolf nickte und seine Pfoten kribbelten vor Nervosit\u00e4t. Sie k\u00f6nnten Night einfach umbringen, wenn er erst mal mitgekommen war. Doch vielleicht klappte sein Plan ja auch, und dann h\u00e4tte sich all das hier gelohnt. M\u00f6glichst aufrecht und ruhig wartete er darauf, dass Lenox wieder etwas sagte, und hoffte, dass dieser sein Zittern nicht bemerkte. Einige Minuten verstrichen, in denen Night keinen klaren Gedanken fassen konnte. \u201eMir wurde gesagt, dass du tats\u00e4chlich mit niemandem dar\u00fcber gesprochen hast.\u201c Sprach Lenox dann endlich, und starrte dem anderen Wolf direkt in die Augen, doch Night hielt diesem Blick stand. \u201eDas ist richtig.\u201c Antwortete er mit angestrengt fester Stimme, doch es mischte sich ein Hauch von Angst darunter. Wie auf ein Zeichen raschelte das Gestr\u00fcpp am Waldrand hinter Night, und erschrocken fuhr er herum. Hatte sein Rudel ihn gefunden? Hier, wie er mit einem Nachtwolf sprach? Ein Schauer lief ihm \u00fcber den R\u00fccken. Dann atmete er erleichtert aus, als er die W\u00f6lfe zu dem Nachtrudel zugeordnet hatte. Sie waren nur da, um einen m\u00f6glichen Angriff des Schneerudels abzuwehren. Mit sowas h\u00e4tte Night rechnen m\u00fcssen. Er wandte sich zu Lenox, der ihn belustigt musterte. \u201egehen wir!\u201c sagte er mit einem kurzen grinsen, und die W\u00f6lfe, samt Night folgten ihm. Zuerst sprang Lenox \u00fcber die Schlucht, dann folgte ihm eine hellgraue W\u00f6lfin. Sie sprangen, als h\u00e4tten sie nie in ihrem Leben etwas anderes getan. Hinter Night standen zwei weitere W\u00f6lfe, einer davon war erstaunlich gelblich, der andere komplett grau. Sie warteten nur, dass er sprang, denn sonst k\u00e4me er vielleicht auf die Idee abzuhauen. Gegen zwei erfahrene J\u00e4ger konnte er jedoch nicht gewinnen. Mit einem kr\u00e4ftigen Sprung \u00fcberquerte er die Schlucht an dieser schmalen Stelle, und setzte sicher auf der anderen Seite auf. Die letzten beiden W\u00f6lfe folgten, ebenfalls so, als h\u00e4tten sie nie etwas anderes getan. Sie mussten wohl oft das Schneerudel gesucht haben. Und sie hatten es ja auch gefunden, ohne, dass das Rudel es bemerkt hatte. Umringt von Nachtw\u00f6lfen folgte Night Lenox, der voraus ging. Es kam ihm vor, als w\u00e4ren nur wenige Sekunden verstrichen, da stoppten die W\u00f6lfe. Night h\u00e4tte gerne mehr Zeit gehabt, um \u00fcber all das Nachzudenken, doch stattdessen sah er nun noch mehr, \u00fcber das er sich den Kopf zerbrechen konnte. Vor ihm t\u00fcrmte sich eine gewaltige Mauer auf, die fast die B\u00e4ume \u00fcberragte. Night machte erstaunt einige Schritte zur\u00fcck, was Lenox sofort bemerkte. Er sah \u00fcber die Schulter zur\u00fcck. \u201eDas schafft man mit sechzig W\u00f6lfen.\u201c Grinste er und wartete vor dem kleinem Eingang in der Mauer. Es war nur ein halbrunder Tunnel, der auf der anderen Seite von einigen W\u00f6lfen bewacht wurde. Oben Auf der Mauer, die das gesamte Lager des Rudels umschloss, was nicht gerade klein war, liefen insgesamt zw\u00f6lf Wachen herum, und \u00fcberwachten das Gel\u00e4nde. Sie gaben den W\u00f6lfen hinter dem Eingang den Befehl, Lenox hereinzulassen, und so schl\u00fcpften auch alle anderen hinter ihm in das Lager. \u00dcberall huschten W\u00f6lfe umher und in den Mauern gab es kleine R\u00e4ume in denen W\u00f6lfe schliefen. Lenox entlie\u00df die vier anderen W\u00f6lfe, und f\u00fchrte Night an das andere Ende des Lagers. Dort gab es einen besonders gro\u00dfen Hohlraum in der steinernen Mauer, indem ein wei\u00dfer Wolf sa\u00df. Lenox nickte Night zu, und dieser kroch in die H\u00f6hle, zu Soul. Die dunklen Augen des Rudelf\u00fchrers funkelten im ged\u00e4mpften Sonnenlicht, das durch den Eingang drang. Sie fixierten Night, der sich gerade vor Soul niederlie\u00df. Nachdenklich legte der wei\u00dfe Wolf den Kopf schief und ein kurzes L\u00e4cheln huschte \u00fcber seinen Mund.",
            "wordcount": "2.792",
            "chapter_release": "23.06.2016",
            "chapter_number": "4"
        },
        "5": {
            "text": "Als die ersten Sonnenstrahlen durch die dichte Wolkendecke drangen, gab Moon gerade die Erlaubnis, nach dem vermissten Wolf zu suchen. Er hatte Marco erkl\u00e4rt, dass Night das Rudel freiwillig verlassen hatte, und das er keine Verletzungen von einem Kampf gehabt hatte, doch das wollte der dunkelgraue Wolf nicht akzeptieren. \u201eDas w\u00fcrde er nie tun!\u201c hatte er w\u00fctend geknurrt. \u201enicht ohne sich zu verabschieden.\u201c Der wei\u00dfe Wolf hatte nur genickt, mit dem \u00fcblich gef\u00fchlslosen Gesichtsausdruck. Jetzt war Marco aufgebrochen, und durchk\u00e4mmte mit Lux und Syla den gesamten Wald im Umkreis des Lagers. Sie lie\u00dfen keinen Fleck aus, der in ihrem Waldteil lag. Er muss schrecklich Hunger haben, wenn er in die falschen Regionen geraten ist!, dachte Marco unruhig, w\u00e4hrend er auffordernd den Namen des dunklen Wolfes rief. Wenn man aus dem Lager des Schneerudels heraus trat, und undurchl\u00e4ssig geradeaus lief, dann kam man in eine w\u00fcstenartige Region, die die W\u00f6lfe Stachelfelsen nannten. Dort gab es kaum Beute oder Wasser. Bei dem Gedanken wurde ihm kalt. Er sch\u00fcttelte den Kopf und lauschte auf die Schritte der beiden W\u00f6lfe die ihm halfen. Am Abend hatten sie die Schlucht erreicht. Mit h\u00e4ngendem Kopf setzte sich Marco vor den tiefen Abgrund und wartete auf Syla und Lux. Wir haben ihm gesagt, dass es gef\u00e4hrlich ist dort r\u00fcber zu springen. Sie w\u00fcrden ihn sofort entdecken\u2026 Ein rascheln k\u00fcndigte die anderen W\u00f6lfe an. Das mussten wir auch erst mal herausfinden.. Leyla hat es erwischt.. Lux tauchte aus dem Gestr\u00fcpp aus und erblickte den traurig dasitzenden Wolf. Sie trat mit mitf\u00fchlenden Augen zu ihm. \u201eWoran denkst du?\u201c fragte sie nach einer Weile vorsichtig und ruhig. \u201edaran, dass es ihm ergangen ist wie Leyla.\u201c Murmelte er und hob den Kopf um der wei\u00dfen W\u00f6lfin in die Augen zu sehen. Sie war noch zu jung um die Geschichte von Leyla zu kennen, die das Schneerudel nur wenige Wochen begleitet hatte. Night kannte sie auch nicht, und sie hatten ihn am Anfang nicht damit belasten wollen. Unschl\u00fcssig musterte Lux den grauen Wolf vor sich, und wog ab, ob es klug war ihn nach Leyla zu Fragen. Sie endschied sich daf\u00fcr, denn dann w\u00fcrde Marco sich in ihre Geschichte vertiefen, und nicht nur an Night denken. Marco hatte bereits wieder den Kopf gesenkt, als sie endlich den Mund \u00f6ffnete. \u201eWie ist es ihr denn ergangen?\u201c fl\u00fcsterte die wei\u00dfe W\u00f6lfin vorsichtig, nicht sicher, ob dies die richtige Endscheidung gewesen war. Das Fell des Wolfes str\u00e4ubte sich und als er sie ansah lag ein bedauerndes Funkeln in seinen Augen. \u201eSie war eine wei\u00dfe W\u00f6lfin, die hier als Einzelg\u00e4ngerin lebte. Sie hielt sich von dem Abgrund fern, bis sie uns bemerkte. Erst half sie unserem Rudel nur, doch dann trat sie uns bei. Wir erz\u00e4hlten Leyla von dem Schattenrudel, aber sie wusste ebenso wenig wie wir, dass sie ihr Lager auf der anderen Seite der Schlucht aufgeschlagen hatten. Im Winter war die Beute so knapp, dass wir beschlossen, dort Jagen zu gehen, denn unser Teil des Waldes gab nicht genug her. Kaum war sie auf der anderen Seite gelandet st\u00fcrzte sich eine wei\u00dfe Gestalt auf sie und stie\u00df sie in die Schlucht.\u201c Marcos Stimme war rau und von Traurigkeit gepr\u00e4gt. Unschl\u00fcssig verlagerte Lux ihr Gewicht von einer Pfote auf die andere. Sie \u00fcberlegte noch, wie sie darauf am besten Antworten sollte, da stand der graue Wolf auch schon auf und wandte sich in Richtung des Lagers. \u201eKomm.\u201c Murmelte er leise, so, dass sie ihn kaum verstehen konnte. Sie neigte zustimmend den Kopf und folgte ihm in den dichten Wald. Sie kehrten zum Lager zur\u00fcck, ohne die geringste Spur von Night.\u201eIch hatte nicht erwartet, dich heute zu sehen, Night.\u201c Sagte Soul mit einem nicht zu deutendem L\u00e4cheln, w\u00e4hrend er den schwarzen Wolf musterte. Dieser blickte ihn aus dunkelblauen Augen an. \u201eDu hattest mich erwartet, Soul.\u201c Sagte Night. Es gelang ihm ein ernster, ruhiger Tonfall, doch es kostete ihn viel Beherrschung. Der wei\u00dfe Wolf erwiderte seinen festen Blick m\u00fchelos. Es jagte Night einen unangenehmen Schauer \u00fcber den R\u00fccken. \u201estimmt.\u201c Antwortete der Rudelf\u00fchrer ohne den unangenehmen Blick abzuwenden. Bei dem Gedanken daran, dass er Soul nicht vertrauen konnte, wurde Night kalt. Er wusste es. Er wusste es schon seit er sich endschieden hatte, zu ihm zu gehen. Doch die Gewissheit schien ihn zu Boden zu dr\u00fccken. Halt, dachte er, das war keine L\u00fcge, die irgendeine Bedeutung hat. Ich reagiere \u00fcber. Konzentrier dich! Der Rudelf\u00fchrer stand auf und trat einige Schritte auf den dunklen Wolf zu. \u201eaber ich wei\u00df nicht warum du hier bist.\u201c Erkl\u00e4rte Soul mit nachdenklicher Stimme. Nun stand auch Night auf, und trat dem wei\u00dfen Wolf gegen\u00fcber. Er war kleiner als der Anf\u00fchrer, der ihn absch\u00e4tzend ansah. \u201ein diesem Rudel kann ich \u00fcberleben.\u201c Sagte er und es gelang ihm, seine Stimme fest klingen zu lassen. Soul fing erneut an zu grinsen, er sah aus als w\u00e4re er verr\u00fcckt. Sein Blick fixierte den schwarzen Wolf vor ihm. \u201eWir sind Quitt.\u201c Zischte er durch sein L\u00e4cheln hindurch. Erschrocken fuhr Night hoch und blickte ihm direkt in die Augen. Was sollte das denn? Was meinte er? \u201eIch habe dich angelogen, und du mich. Wir sollten das lassen, dass bringt uns nicht weiter.\u201c Auch, wenn das keine besonders sch\u00f6ne Erkl\u00e4rung war, hatte Soul Recht, und das gestand sich auch Night. Er nickte nerv\u00f6s und in seinem Kopf \u00fcberschlugen sich die Gedanken. Der wei\u00dfe Wolf k\u00f6nnte bemerken, dass er hier nicht zu seinem Vergn\u00fcgen war, und dann w\u00e4re der ganze Plan gescheitert. Unruhig versuchte Night, eine gute Antwort zu geben, doch ihm fiel nichts ein. Das Licht, dass durch den Eingang des Hohlraumes drang, wurde verdunkelt, als sich Wolken vor die Sonne schoben. Der Rudelf\u00fchrer sah nun gef\u00e4hrlich aus, und lie\u00df seine Worte drohend wirken.\u201eIch mache das hier nicht zu meiner Belustigung.\u201c Night erhob sich bei diesen Worten, und sah von dem von Erde verschmutzen Boden auf. Komm schon! Mir muss doch irgendwas einfallen!, doch ihm fiel nichts ein. Er hatte tausende Gedanken, die ihm unordentlich im Kopf herumschwirrten, doch es half ihm nicht. \u201eIch erwarte, dass ich mit dir auch einen guten J\u00e4ger und treuen Wolf in mein Rudel aufgenommen habe.\u201c Fuhr der wei\u00dfe Wolf fort, und seine Augen starrten Night unentwegt an. Sie waren wie zwei Funkelnde Steine in der Dunkelheit des Raumes. Er vertraut mir doch nicht wirklich, oder?, dachte der dunkle Wolf misstrauisch. Wenn er ihm wirklich vertraute, w\u00fcrde es Night schwerer fallen, ihn zu verraten. Er sch\u00fcttelte kaum merklich den Kopf. Sie w\u00fcrden gn\u00e4dig mit Soul sein, und ihn nicht t\u00f6ten, wie er es tun w\u00fcrde. Sie w\u00fcrden ihn verjagen oder gefangen nehmen. Sie waren nicht so grausam, um einen anderen Wolf zu ermorden, wenn man es verhindern konnte. \u201eDu sollst f\u00fcr mich k\u00e4mpfen, wenn es n\u00f6tig ist\u201c unterbrach der Rudelf\u00fchrer die Gedanken des anderen. Dieser zuckte zusammen. Er sah vor sich, wie sein Rudel von dem alten Lager weg in den Wald rannten, wie sie die Welpen trugen. Viele davon waren gestorben. Er sp\u00fcrte den Schmerz \u00fcber seinem Auge, wo ihn Krallen erwischt hatten. Sie hatten Narben hinterlassen, doch durch das schwarze Fell waren sie kaum zu sehen. Er spannte seine Beine an, damit er nicht hinfiel. Seine Krallen fanden kaum halt auf dem dreckigen Steinboden, und er zitterte. Er sp\u00fcrte das Blut, dass sein Fell verklebte\u2026 Erschrocken sprang Soul auf die Pfoten. Das d\u00fcstere Funkeln in seinen dunklen Augen war Entsetzen und Verwirrung gewichen. Er jaulte mit tiefer Stimme auf und st\u00fctze Night, damit dieser nicht hinfiel. Seine Augen waren zur Decke gerichtet, und bewegten sich nicht. Er zitterte stark und seine Krallen kratzen dabei \u00fcber den Boden. Schritte ert\u00f6nten und Lenox schl\u00fcpfte schnell in die H\u00f6hle, seine Augen misstrauisch verengt. Ihm folgte ein rot-orangener Wolf, der kr\u00e4ftiger gebaut war. \u201ehinlegen!\u201c gab dieser den Befehl und Lenox half dem Rudelf\u00fchrer den kleineren Wolf auf die Seite zu legen. Soul wandte seinen Blick nicht eine Sekunde von dem zuckenden K\u00f6rper vor ihm ab. Er unterdr\u00fcckte sein eigenes Zittern, doch der r\u00f6tliche Wolf wusste genau was er tat.",
            "wordcount": "3.102",
            "chapter_release": "10.07.2016",
            "chapter_number": "5"
        }
    },
    "title": "Die Spuren der W\u00f6lfe",
    "topic": "unspecified",
    "release": "\n15.06.2016\n\t\t\t\t\t\t",
    "author": "DreamhorsesGerman"
}