{
    "tags": [],
    "chapcount": "13",
    "wordcount": "11.945",
    "chapters": {
        "1": {
            "text": "Der Wind wehte durch die \u00c4ste. Die letzten bunten Bl\u00e4tter, die diesem Ort seinen Namen gegeben hatten, waren schon l\u00e4ngst heruntergefallen und vom Wind vorgetragen wurden. Bald wird die kalte Jahreszeit beginnen und die ersten Schneeflocken werden fallen. Ein Windsto\u00df lie\u00df sie fr\u00f6steln und sie schlang den Umhang enger um sich. Sie war schon \u00f6fter fortgegangen, aber nie fiel es ihr so schwer. Waren es die Albtr\u00e4ume, die sie schon seit Wochen qu\u00e4lten? Alles war ungewiss und Keiner kannte eine Antwort, wohin ihr Weg noch f\u00fchren sollte. Vorsicht blickte sie sich um. Das war die Stelle, an der sie ihn treffen sollte. Sie wirkt zerbrechlich aber sie ist viel st\u00e4rker als man glaubt. Sie ist anders als die Kriegerinnen ihres Clans. Diese k\u00e4mpfen meist aus weiter Entfernung mit Pfeilen und Wurfmessern, sie aber ist bekannt f\u00fcr ihre \u00fcberragenden F\u00e4higkeiten im Nahkampf. Schritte n\u00e4hern sich. Sie griff unter den langen Umhang, um ihre zwei Dolche zu ziehen, die sie an ihren Oberschenkeln festgebunden hatte, als sie die Schritte einer sich n\u00e4hrenden Person vernahm. \"Hier bist du also. Ich hoffe ihr geht auf unsere Bedingungen ein und habt was wir wollen.\", sagte der vermummte Mann. Er verh\u00fcllte sein Gesicht mit einem r\u00f6tlichen Tuch, dem Zeichen seines Clans. Sie verstaute die Dolche wieder unter dem Umgang, nachdem sie ihn kurz gemustert hatte. \" Du weisst, dass das unm\u00f6glich ist. Die Karten mit den Positionen sind schon l\u00e4ngst versiegelt und zur Front geschickt wurden.\", erwiderte sie. \"Aber du kannst mir den Weg sagen, den der Bote nehmen wird?\", entgegnete er und schritt n\u00e4her zu ihr \"Die Karten wurden aufgeteilt und Mehreren \u00fcbergeben. Sie nehmen alle einen anderen Weg durch das Tal des roten Waldes. Aber es gibt eine M\u00f6glichkeit sie zu stoppen. Sie m\u00fcssen alle die Br\u00fccke \u00fcber den gro\u00dfen Strom passieren. Dort k\u00f6nnt ihr sie aufhalten.\", antworte sie ihm und wich etwas zur\u00fcck. \"Vielen Dank das du kooperiert.\", bedankte er sich und wollte sich umdrehen und weglaufen. Blitzschnell griff sie nach ihrem Dolch und rammt ihn ihm in den R\u00fccken. All seine Kraft entwicht aus seinem K\u00f6rper und er kippte nach vorne in den Dreck des aufgeweichten Waldbodens. \" Verzeih mir, aber ich konnte dich mit solch wichtigen Informationen nicht laufen lassen.\" Sie schob seinen Mantel zur Seite und durchsuchte die Taschen. Neben seinem Schwert, etwas Geld und einer kleinen Essensration, trug er nichts weiter bei sich. Sie nahm seinen Geldbeutel mit sich obwohl sie seinen Inhalt nicht brauchte. So w\u00fcrde es aussehen als ob er einem R\u00e4uber zu Opfer gefallen w\u00e4re. Niemand w\u00fcrde je erfahren, dass er versucht hat einen der m\u00e4chtigsten Klans zu Fall zu bringen und dies fast geschafft h\u00e4tte. So starb er ohne jedes Ansehen im Dreck des \u0001 \u0002 lang sie zur\u00fcck denken konnte, war sie auf dem Schlachtfeld. An iher Elernen konnte sie sich nicht mehr erinnern. Einige S\u00f6ldner nahmen sie auf nachdem ihre Eltern get\u00f6tet wurden. Sie zog mit ihnen von Schlacht zu Schlacht und musste schon fr\u00fch mitk\u00e4mpfen, um sich ihr Brot verdienen. Ihr Lehrer war ein erfahrener Krieger und S\u00f6ldner. Sie war talentiert und lernte schnell. Er brachte ihr auch bei, wie man mit den Dolchen umgeht. Sie war schnell eine der Besten des ganzen Trupps. Bald erhielt sie den Befehl \u00fcber eine Hand voll M\u00e4nner und k\u00e4mpfte erfolgreich mit ihnen Seite an Seite. Doch bei dieser einen Schlacht sollte sie das Gl\u00fcck verlassen.",
            "wordcount": "571",
            "chapter_release": "06.10.2014",
            "chapter_number": "1"
        },
        "10": {
            "text": "Das Blut war bereits getrocknet und die ersten Fliegen hatten sich auf seinem toten K\u00f6rper niedergelassen, als Brocos ihn fand. Er bedeckte die Leiche mit seinem weinroten Mantel und sandte einige M\u00e4nner aus, die nach den R\u00e4ubern suchen sollten. Danach rief er den 'Totengr\u00e4ber' zu sich. Seine Aufgabe war es, die Leichen seiner Kameraden zu waschen und sie friedlich schlafend aussehen zu lassen. Er zog ihm sein blutiges Gewand aus, wusch ihn und kleidete ihn neu ein. Es war keine angesehene Aufgabe, aber daf\u00fcr erhielt er einen gr\u00f6\u00dferen Anteil an den Einnahmen. Er bettete ihn auf und r\u00e4umte die herumliegenden Sachen in die Truhen. Danach ging er zu Brocos zur\u00fcck, der bereits alle auf dem Platz versammelt hatte, um die ersch\u00fctternde Nachricht bekannt zu machen. \"Ihr werdet euch fragen, warum ich jetzt vor euch stehe. Der Anlass ist ersch\u00fctternd und es f\u00e4llt mir schwer euch mitteilen zu m\u00fcssen, dass Tepur nicht mehr am Leben ist. Er wurde von R\u00e4ubern am fr\u00fchen Morgen angegriffen, die ihn hinterh\u00e4ltig erstachen. Ich habe bereits einige M\u00e4nner ausgesendet um diese Bastarde zu finden und zu bestrafen. Sein Sohn Tepur wird die Nachfolge antreten und uns in der Zukunft f\u00fchren. M\u00f6gen die sieben G\u00f6tter des Himmels seine Seele aufnehmen und uns ihren Segen schenken. Heute nach Sonnenuntergang werden wir seinen K\u00f6rper den Flammen \u00fcbergeben.\" Die Menge war still und alle senkten betroffen ihre K\u00f6pfe. Aber nicht jeder empfand aufrichtige Trauer. Ganz im Gegenteil: sie waren froh ihm nicht mehr dienen zu m\u00fcssen. Er hatte nie gerecht die Beute geteilt und jeder wusste dass er seine Frau schlug, wenn er am Abend betrunken zur\u00fcck kam. Viele wollten seinen Tod und ihm das Leben nehmen. Aber sie hatten ihm Treue geschworen und durften ihn nicht hintergehen. Sie hatten im Namen der G\u00f6ttern diesen Eid geleistet. Sollte er gebrochen werden, nehmen die G\u00f6tter einen nicht bei sich auf. Diese Seelen sollen zwischen den Sternen auf Ewigkeit umherirren. Manchmal sieht man sie als Sternschnuppen in klaren N\u00e4chten am Himmel. Dann soll man sich an sie erinnern und um Gnade f\u00fcr ihre Seele \u0001 \u0002 Tr\u00e4nen wollten nicht aufh\u00f6ren zu flie\u00dfen. Seitdem sie davon erfahren h\u00e4tte, konnte sie nicht aufh\u00f6ren zu schluchzen. Wie oft er sie wohl geschlagen hatte, aber sie hatte ihm immer wieder verziehn. Sie hatte gelernt ihn bedingungslos zu lieben. Jetzt erschien ihr der Verlust und die Trauer un\u00fcberwindlich. Den ganzen Tag lang blieb Nighean in Wekas N\u00e4he um sie zu tr\u00f6sten und ihre Tr\u00e4nen zu trocken. Als die Nacht hereinbrach, wurde der dunkle Himmel von dem rot lodernden Feuer erhellt. Der graue Rauch stieg in den Himmel auf, als wolle er seine Seele den G\u00f6ttern entgegenstrecken. Im flackernden Licht standen sie nun da und blickten in die Flammen. Pirek stand neben seiner frisch gebacken Frau und hielt ihre Hand. Sie beide trugen die Reife der Klanoberh\u00e4upter. Obwohl er es sich nicht anmerken lie\u00df, trauerte auch er. Still standen sie nun da und beobachteten wie das Feuer langsam niederbrannte und die gl\u00fchenden Funken in der Nacht erl\u00f6schten. Sie blieben bis alle anderen gegangen waren und das Feuer nur noch gl\u00fchende Asche war. \"Ich m\u00f6chte dich um einen Gefallen bitten.\", sagte sie fast fl\u00fcsternd zu ihm. \"Ich will nicht wie Weka immer im Lager bleiben m\u00fcssen. Dieses Leben ist nichts f\u00fcr mich. Ich m\u00f6chte wieder in die Schlacht ziehen und an deiner Seite k\u00e4mpfen. Du kennst meine St\u00e4rke und ich kann viel besser mit einem Schwert umgehen als mit einem Kochl\u00f6ffel.\" Er nickte und legte seinen Arm um sie. \"Ich verstehe dich und es w\u00e4re mir eine Ehre an deiner Seite zu k\u00e4mpfen. Du kannst mir bestimmt noch etwas beibringen. Doch ich habe auch Angst, dass dir in einem der K\u00e4mpfe etwas zusto\u00dfen k\u00f6nnte. Jetzt um diese Zeit finden kaum noch gro\u00dfe Schlachten und wir sollten diese Zeit nutzen um st\u00e4rker zu werden. Ich plane in Richtung Norden zu ziehen und die F\u00fcrsten dort fragen ob sie Hilfe brauchen ihre L\u00e4ndereien zu verteidigen. Jetzt vor dem ersten Schnee ziehen viele Pl\u00fcnderer umher um kleine unbewacht D\u00f6rfer zu \u00fcberfallen. Die letzte Ernte ist noch nicht lange her, also k\u00f6nnten sie gro\u00dfe Beute machen und wir k\u00f6nnten uns f\u00fcr unsere Dienste in Getreide auszahlen lassen.\" \"Das klingt gut\", antwortete sie ihm und lehnte sich an seine Schulter. \"Werden wir anschlie\u00dfend wieder nach S\u00fcden ziehen, wenn der Schnee zu fallen beginnt?\" \"Ja das werden wir. Wir haben schon jetzt genug verdient um \u00fcber den Winter zu kommen. Tepur hatte vor einigen Jahren einem F\u00fcrsten nicht weit von hier Land abgekauft und dort eine Siedlung aufgebaut. Fr\u00fcher mussten alle auch die Alten, Frauen und Kinder mitziehen. Jetzt konnten sie sich dort niederlassen und die Felder bestellen. Im Winter kehren alle dorthin zur\u00fcck, wenn wir genug Geld haben. Die meisten freuen sich schon darauf ihre Familien wiederzusehen. Die Einzige die sich weigerte dort zu bleiben und sesshaft zu werden, war Weka. Sie wollte an Vaters Seite mitziehen und ihre Kinder im Lager gro\u00dfziehen. Ihre Entscheidungen war Weise, aber sie musste deswegen auch Spott hinnehmen, aber nur so k\u00f6nnen jetzt auch ihre T\u00f6chter sich verteidigen.\", erz\u00e4hlte er ihr und hielt sie eng and sich. \"Deine Mutter ist wirklich au\u00dfergew\u00f6hnlich. Sie behandelt mich wie eine Mutter die ich nie hatte. Ich kann ihr nicht genug danken, aber es ist schrecklich sie so leiden zu sehen. Ich hoffe es wird ihr etwas besser gehen, wenn wir den Winter in der Siedlung verbringen. Sieh! Das Feuer ist fast niedergebrannt. Wir sollten gehen.\" Sie griff seine Hand und lief langsam mit ihm zur\u00fcck. Sie w\u00fcnschte sie k\u00f6nnte die Traurigkeit von seinem Gesicht nehmen. Zum ersten Mal f\u00fchlte sie sich schuldig wegen einer ihrer Taten. Es fiel ihr schwer in seine Augen blicken. Jeder seiner Blicke sagte, dass er indirekt davon wusste. Sie erinnerte sich zur\u00fcck an Kirlags Worte zur\u00fcck, als er sie das erste Mal mit einem Mord beauftragte. \"Unsere Leben sind wie durch F\u00e4den mit denen der Anderer verbunden. Manchmal rei\u00dft ein solcher Faden. Das kann jederzeit unabsichtlich und unvorhersehbar passieren. Aber mit dieser Klinge zerschneidest du sie absichtlich und weitere k\u00f6nnen rei\u00dfen. Bedenke dies jedes Mal, wenn du sie benutzt.\"",
            "wordcount": "1.034",
            "chapter_release": "06.10.2014",
            "chapter_number": "10"
        },
        "11": {
            "text": "Schon seit Tagen zogen sie nun in Richtung Norden. Der Regen hatte die Wege zu Schlamm werden lassen, durch den sie waden mussten. Das bunte Laub war bereits von den B\u00e4umen gefallen und alles sah trist und grau aus. Sie genoss den Anblick der Felder und Berge, die von Nebel umh\u00fcllt waren und geheimnisvoll wirkten. Sie mochte diese Zeit, weil sie in der Landschaft einen Spiegel ihrer Seele sah. Sie sa\u00df zusammen mit Weka und ihren j\u00fcngsten zwei Kindern auf einem Planwagen. Die \u00c4lteren mussten laufen oder durften reiten. Weka hielt ihr kleine schlafende Tochter und hatte ihrer Schwiegertochter ihren j\u00fcngsten Sohn in die Arme gelegt. Nighean wiegte ihn sanft hin und her und summte ein Lied, damit er nicht aufwacht. \"Du k\u00fcmmerst dich gut um ihn. Er schl\u00e4ft auf langen Fahrten meist nicht so lang.\", lobte sie sie und Blicke nach drau\u00dfen, \" Hoffentlich kommen wir bald an. Die Pferde, aber auch die M\u00e4nner, sind von diesem Marsch ersch\u00f6pft.\", stellte sie fest. \"Ich kann schon die Gebirgskette sehen, die als Grenze dient. Am Abend sollten wir ankommen.\", vermutete sie. Bereits wenige Stunden sp\u00e4ter standen sie vor den Toren der Burg des Landgrafen. Als man ihm von ihrer Ankunft berichtete, lie\u00df er sie gleich zu sich rufen. Pirek bestand darauf, dass seine Frau ihn \u0001 \u0002 zog sich schnell um, um ihn begleiten zu k\u00f6nnen. Sie trug ein feines Gewand aus Stoff, den sie zu ihrer Hochzeit geschenkt bekommen hatte und den golden Schmuck, als sie vor ihn traten. Pirek war fast jedes Jahr mit seinem Vater hier her gekommen und kannte den Graf gut. Er empfing sie in einem reich geschm\u00fcckten Saal und hie\u00df sie herzlich willkommen. Er bereits etwas in die Jahre gekommen, wirkte aber trotzdem noch sehr gesund und voller Energie. Als sie eintraten sprang er auf um Pirek zu umarmen und seiner Frau die Hand zu k\u00fcssen. \"Es ist sch\u00f6n dich wiederzusehen Pirek. Wie ich sehe hast Du eine Frau gefunden und eine wundersch\u00f6ne dazu. Aber wo ist dein Vater und Weka?\", fragte er sie. \"\u00dcber meinen Vater wachen nun die G\u00f6tter. Er wurde von einem R\u00e4uber am Tag nach unserer Hochzeit get\u00f6tet. Weka leidet immer noch sehr darunter. Zudem muss sie sich noch um ihre j\u00fcngeren Kinder k\u00fcmmern. Sie hat erst vor wenigen Monaten noch einen Sohn zur Welt gebracht.\", berichtete er ihm und die Traurigkeit kehrte zur\u00fcck auf sein Gesicht. Auch der Graf war sichtlich ber\u00fchrt und sprach ihnen ihr Beileid aus: \"Es ist eine Schande, dass euch so etwas geschehen musste. Ich hoffe dass die G\u00f6tter Tepur bei sich aufnehmen und seinen M\u00f6rder bestrafen. \" Um seiner Trauer nicht zu erliegen und Schw\u00e4che zu zeigen wechselte Pirek schnell das Thema. \"Ich habe dir noch gar nicht meine Frau Nighean vorgestellt. Sie entstammt einem edlen Geschlecht von Kriegerinnen. Ich begegnete ihr in einer unserer Schlachten und h\u00f6rte von ihrer St\u00e4rke. Aber all das war noch untertrieben. Ich hatte zuvor noch nie eine Frau so k\u00e4mpfen gesehen. Deshalb wurden wir einander versprochen. Sie war mein Licht der Hoffnung in diesen tr\u00fcben Tagen.\", schmeichelte er ihr und hielt ihre Hand, w\u00e4hrend er ihr ein sanftes L\u00e4cheln schenkte. \"Wie geht es eurer Famile?\", erkundigte er sich nun auch bei ihm. \" Sehr gut sogar. Die Ernte war gro\u00df dieses Jahr und meine Frau hat gesunde Zwillinge geboren. Aber deswegen seid ihr aber nicht gekommen. Ihr braucht etwas Arbeit und die habe ich f\u00fcr euch. Die Pl\u00fcnderer haben mittlerweile auch schon Wind von der reichen Ernte bekommen und str\u00f6men herbei. Einige abgelegene D\u00f6rfer sollen bereits angegriffen worden sein, aber am wichtigsten sind die Kornspeicher. Sie lassen sich leicht angreifen und man kann mit viel Beute zur\u00fcckkehren. Bald wird der erste Schnee fallen. Bis dahin m\u00fcssen sie zur\u00fcck sein, deshalb werden sie in den n\u00e4chsten Tagen angreifen. Ich m\u00f6chte, dass ihr die Speicher bewacht und verteidigt. Wenn das geschafft ist erhaltet ihr euren Lohn und k\u00f6nnt in den w\u00e4rmeren S\u00fcden ziehen.\" \"Wir werden unser Bestes geben.\", versprach Pirek und verbeugte sich leicht, bevor er und seine Frau sich auf den Weg zur\u00fcck machten, um den Anderen von ihrem Auftrag zu erz\u00e4hlen. Diese hatten bereits ihr Lager vor den Toren der Burg aufgeschlagen. Nach Sonnenuntergang erreichte sie ein Bote des Grafen. Er brachte K\u00e4se und Trockenfleisch mit sowie ein nachtr\u00e4gliches Verm\u00e4hlungsgeschenk: eine alte Schrift mit Erz\u00e4hlungen die seit Jahrhunderten weitergegeben wurden. Sie handelten von legend\u00e4ren Kriegern, die sich mit Monstern duellierten und schlauen Bauern, die durch ihre Klugheit viel Unheil abwenden konnten. Sie war Kirlag dankbar, dass er ihr das Lesen beigebracht hatte. W\u00e4hrend sie in die Geschichten vertieft war, setzte sich Pirek neben sie und blickte \u00fcber ihre Schulter. \" Dir scheint es anscheindend zu gefallen. Ich kann leider nicht lesen, aber du kannst es mir eines Tages beibringen und bis dahin mir vorlesen.\", sagte er und legte sie Arme um sie. \"Morgen werden wir aber erst einmal zu den Speichern gehen und sie bis zum ersten Schnee bewachen. Ich habe nur etwas Angst um meine M\u00e4nner. Sie sind entkr\u00e4ftet von dem Marsch und die vielen K\u00e4mpfe dieses Jahr haben ihre Spuren hinterlassen. Es w\u00e4re besser, wenn sie nicht mehr k\u00e4mpfen m\u00fcssten. In den letzten Jahren mussten viel zu viele M\u00e4nner in diesen letzten K\u00e4mpfen ihr Leben lassen. \", erkl\u00e4rte er ihr. \"Ich verstehe dich. \", antwortete sie ihm und hielt seine H\u00e4nde. \"Ich habe geh\u00f6rt die Leute hier im Norden sind sehr abergl\u00e4ubisch. In dieser Gegend erz\u00e4hlt man sich gern die Geschichte von einer Armee der Geisterkrieger. Man soll sie an ihren auff\u00e4llig bemalten Gesichtern und ihrer enormen St\u00e4rke erkennen. Wenn wir uns anmalen und uns verkleiden, k\u00f6nnen wir vielleicht einige in die Flucht schlagen und einen Kampf vermeiden.\", schlug sie vor. \"Dein Plan ist genial. Ich w\u00e4re nie auf so was gekommen. Zum Gl\u00fcck hab ich dich.\", lobte er sie und nahm sie in den Arm um sie kurz zu k\u00fcssen. Er hatte sie liebgewonnen und war immer noch von ihrer Sch\u00f6nheit angetan. Auch sie hatte begonnen sich in seiner N\u00e4he wohl zu f\u00fchlen. Er war einer der wenigen, dem sie vertrauen konnte. Allein dies machte ihn besonders. Sie fuhr sanft durch sein Haar und k\u00fcsste ihn etwas zaghaft zur\u00fcck. \"Bitte verspricht mir mich nicht zu verlassen. Du hast immer noch diesen Freiheitsdrang in deinen Augen und ich habe Angst, das er dazu bewegt wegzulaufen. Bitte bleib bei mir.\" , bat er sie inst\u00e4ndig. \"Wohin sollte ich denn entfliehen? Die Welt da drau\u00dfen hat nichts mehr f\u00fcr mich zu bieten.\", antwortete sie ihm etwas bedr\u00fcckt. All die Erinnerungen an Kirlag kamen ihr wieder in den Sinn und auch wie sehr sie ihn vermisste. Pirek strich \u00fcber ihre Wange und versuchte sie zu tr\u00f6sten. Niemanden liebte er so sehr wie sie und es brach ihm das Herz sie so zu sehen. \"Ich w\u00fcnschte ich k\u00f6nnte dir dein altes, besseres Leben zur\u00fcckgeben. Es tut mir leid, dass du stattdessen mit mir zusammen bleiben musst, obwohl es dich so ungl\u00fccklich macht. \", entschuldigte Pirek sich bei ihr und l\u00f6ste ihre Umarmung. \"Bitte sag das nicht.\", bat sie ihn und hielt seine Hand, \"Ich wei\u00df nicht warum, aber ich will schon lange nicht mehr ausrei\u00dfen. Ich habe mein altes Leben hinter mir gelassen und du und Weka haben mir ein Neues geschenkt. Es macht mich gl\u00fccklich hier bei euch zu sein und jeden Morgen neben dir aufzuwachen. Ich h\u00e4tte es nie f\u00fcr m\u00f6glich gehalten, aber ich habe begonnen dich zu lieben.\" Sie l\u00e4chelte und legte seine Hand \u00fcber ihr Herz. Sie sah wie sich langsam einige Tr\u00e4nen der Freude sich in seinen Augen sammelten, bevor er sie \u00fcbergl\u00fccklich an sich dr\u00fcckte. \" Ich liebe dich auch und das werde ich immer tun. Ich kann nicht beschreiben, wie dankbar ich dir bin.\", bedankte er sich \u00fcberschwenglich und strich durch ihr Haar, w\u00e4hrend er einige Tr\u00e4nen der Freude vergoss. Als sie sich diese Nacht zu Bett legten, hielt er sie enger als sonst in seinen Armen und f\u00fchlte sich ihr n\u00e4her denn je.",
            "wordcount": "1.354",
            "chapter_release": "25.05.2017",
            "chapter_number": "11"
        },
        "12": {
            "text": "Es f\u00fchlte sich gut an wieder ihre R\u00fcstung zu tragen und auf dem R\u00fccken eines Pferd zu sitzen. Sie f\u00fchlte sich frei w\u00e4hrend der Wind durch ihr langes Haar strich. Am liebsten h\u00e4tte sie Fl\u00fcgel gehabt, um sich wie ein Vogel in die L\u00fcfte zu erheben. Erst jetzt merkte sie, wie sehr sie dieses Feuer in jeder ihrer Adern vermisst hatte. Der Wald lichtete sich langsam und die Bergkette tat sich vor ihr auf. Sie war schon seit Jahrhunderten die un\u00fcberwindbar erscheinende Grenze zum Nordreich. Aber viele kleine Wege f\u00fchrten \u00fcber das Massiv und die reiche Beute trieb Diebesbanden und Pl\u00fcnderer \u00fcber die Berge. Das Nordreich war sehr arm, aber die Winter umso l\u00e4nger. Das erbeutete Getreide half ihnen beim \u00dcberwintern, weil die B\u00f6den nicht viel Ertrag brachten in den kurzen \u0001 \u0002 seit mehreren Tagen patrouillierten Truppen des Grafen um die Banden fernzuhalten. Bisher hatte sie noch niemanden ausmachen k\u00f6nnen und es schien fast als ob sie sich dieses Mal gar nicht erst blicken lie\u00dfen. Nach einer stieg sie von ihrem Pferd ab und z\u00fcndete ein Feuer an, um ihren Kameraden in einiger Entfernung durch Rauchzeichen Bescheid zu geben. Sie warf trockene Bl\u00e4tter in die Flamme, um hellen Rauch aufsteigen zu lassen. Nun brauchte sie nur noch ihre Antwort abwarten. Im Westen konnte sie bereits hellen Rauch ausmachen. Doch im Osten war noch nichts zu sehen. Irgendetwas musste nicht stimmen oder sie h\u00e4tten schon l\u00e4ngst geantwortet. Sie stieg vorsorglich wieder auf ihr Pferd als sie dunkelgrauen Rauch aufstiegen sah. Ihr Instinkt hatte sie nicht get\u00e4uscht und wohlm\u00f6glich wurden die anderen schon in einen Kampf verwickelt. Schon aus einiger Entfernung konnte sie die unz\u00e4hligen Pl\u00fcnderer sehen, die das Massiv \u00fcberquerten. Nur mit dem Schwert in der Hand k\u00f6nnte man sie schwer zur\u00fcckhalten. An einem Baum in einiger Entfernung zu Pireks Truppen band sie ihr Pferd an und eilte zu ihnen. Die meisten von ihnen hatten bereits ihre Gesichter mit leuchtenden Farben bemalten, die sie aus gemahlenen Steinen gewonnen hatte. Einige hatte sich zottlige, alte Felle \u00fcbergeworfen. Ihr Anblick glich wirklich dem der Barbarenkrieger, die dieses Land vor Urzeiten regiert haben sollen. Man f\u00fcrchtete ihre Brutalit\u00e4t und es hie\u00df das sie irgendwann zur\u00fcckkehren w\u00fcrden, um Rache zu \u00fcben. Pirek hatte geschickt die \"Riesen\" ihrer Truppe an ihrer Spitze platziert um sie alle noch furchterregender aussehen zu lassen. Auf sein Zeichen hin st\u00fcrmten sie den Angreifern entgegen und machten so viel L\u00e4rm wie m\u00f6glich. Als sie n\u00e4her kamen konnte man f\u00f6rmlich den Schrecken der Pl\u00fcnderer in ihren Gesichtern sehen. Die Meisten legten eine Kehrtwende ein und rannten um ihr Leben oder versuchten sich zu verstecken. Nur einige wenige Angreifer waren mutig genug sie zu attackieren doch sie hatten keine Chance. Schon nach wenigen Stunden waren alle in die Flucht geschlagen und kein einziger Mann musste sein Leben lassen. In den n\u00e4chsten Tagen und Jahren w\u00fcrden die R\u00e4uber aus dem Norden sich bestimmt nicht mehr so schnell nach S\u00fcden trauen. Auch nach dieser Schlacht ging sie ihrem alten Ritual nach. An einem See, der ein wenig im Wald versteckt war, s\u00e4uberte sie die Teile ihrer R\u00fcstung und wusch die Farbe von ihrem Gesicht. Pirek war ihr unauff\u00e4llig gefolgt und beobachtete sie aus einiger Entfernung. Er schlich sich an, w\u00e4hrend sie sich auszog ihren Brustpanzer auszog um ihn im klaren Wasser des Sees von Matschspritzern zu befreien. \"Da bist du ja!\", \u00fcberraschte er mit einer Umarmung von hinten. Sie zuckte leicht zusammen aber musste l\u00e4cheln als sie merkte wer es war. \"Und hast du schon unsere Belohnung abgeholt?\", fragte sie ihn neugierig und drehte sich um. \"Noch nicht, aber es w\u00e4re mir eine Ehre wenn du mich begleiten k\u00f6nntest. Unseren Sieg haben wir schlie\u00dflich dir zu verdanken.\", antwortete er ihr und k\u00fcsste sie kurz. \"Heute Abend wird es ein gro\u00dfes Fest geben mit viel gutem Essen und morgen ziehen wir nach S\u00fcden in unser Lager f\u00fcr den Winter. Ich muss dir dort noch so viel zeigen und ich wette es wird dir gefallen.\", schw\u00e4rmte er und k\u00fcsste sie erneut; dieses mal etwas l\u00e4nger. \"Vielleicht k\u00f6nnen wir uns eines Tages auch dort niederlassen und unseren Kindern und Enkelkindern beim spielen zuschauen.\"Deine S\u00f6hne werden die St\u00e4rksten im ganzen Land sein und Prinzessinnen werden die Sch\u00f6nheit deiner T\u00f6chter beneiden.\", malte er sich aus und hob seine Geliebte hoch, um sie zu ihrem Pferd zu tragen. Sie musste lachen und wiedersetzte sich ihm nicht, als er sie trug. Sie lehnte sich leicht an ihn und genoss seine N\u00e4he. Er hatte ihr Herz gewonnen und das Band zwischen ihnen wurde immer st\u00e4rker.",
            "wordcount": "773",
            "chapter_release": "25.05.2017",
            "chapter_number": "12"
        },
        "13": {
            "text": "Bereits am n\u00e4chsten Morgen brachen sie in Richtung S\u00fcden auf. Sie zogen vor\u00fcber an den un\u00fcberwindbar erscheinenden Felsw\u00e4nden, deren Spitzen schon mit Schnee bedeckt waren und an tiefen, schwarzen Seen von denen man sich sagt, dass in deren Tiefen Ungeheuer leben. Der Regen, der die B\u00f6den aufweichte, hatte nachgelassen und ab und zu taten sich die Wolken auf um einige Sonnenstrahlen hindurch zu lassen. Deshalb beschloss Pirek auf einem steinigen Weg durch die dichten Nordw\u00e4lder zur\u00fcck in den S\u00fcden zu ziehen. So w\u00e4ren sie in nur wenigen Tagen am Ziel und der Wald w\u00fcrde ihnen Schutz und Nahrung bieten. Jeden Tag musste einige M\u00e4nner jagen gehen um ihre Vorr\u00e4te zu schonen. Schon nach 7 Tagen lichtete sich der Wald vor ihnen und nur einen Tag sp\u00e4ter konnten sie das Dorf von einer Anh\u00f6he aus sehen, dass ihnen als Winterlager dienen sollte . Es war von Feldern umgeben, die mit schwarzer, fruchtbarer Erde bedeckt waren. Dahinter tat sich Wald als eine Art Schutzwall auf. Sie ritten von der kleinen Anh\u00f6he hinab und ihre Ankunft blieb nicht lange unbemerkt. Sie hatten noch nicht einmal die kleine Siedlung erreicht, als sich bereits eine Traube Kinder um sie scharte . Sie rannten an den Reihen entlang um die Ank\u00f6mmlinge zu begr\u00fc\u00dfen und um ihre V\u00e4ter zu suchen die sie fast ein Jahr lang nicht gesehen hatten. Als sie dem Dorf n\u00e4her kamen, entdeckte Pirek in der Menge eine \u00e4ltere Frau die sich suchen umschaute. Er hielt an, und stoppte somit den ganzen Zug, und stieg von seinem Pferd ab, um sich den Weg zu ihr zu bahnen. Er umarmte die Frau und schien sich zu freuen sie zu sehen. \"Wie geht es dir Sahreta?\", fragt er sie. \"Ich bin alt und alles geht nicht mehr so gut. Wie soll es mir also gehen.\", antwortete sie und schaute sich erneut um. \"Wo ist dein Vater Pirek? Ich konnte ihn noch nirgends sehen oder sind meine Augen schon so schlecht geworden, dass ich meinen eigenen Sohn \u00fcbersehen habe?\" Sie merkte wie die Trauer wieder in ihm aufstieg und die anf\u00e4ngliche Freude getr\u00fcbt wurde. \"Er konnte leider nicht mit uns kommen... \", begann er mit gesenktem Kopf. \" Seine Seele ist nun bei den G\u00f6ttern.\" Die alte Frau begann zu schluchzen und Tr\u00e4nen rannen \u00fcber ihre eingefallenen Wangen. Pirek st\u00fctzte sie und auch seine Augen f\u00fcllten sich mit Tr\u00e4nen. \"Warum musste er nur vor mir gehen?\", schluchzte sie bitterlich. \"Die G\u00f6tter wollten es so und ihre Weitsicht k\u00f6nnen wir nicht immer verstehen. Ich hoffe nur, dass ich ein w\u00fcrdiger Nachfolger f\u00fcr ihn sein kann.\", antwortete er ihr um ihren Kummer zu stillen. \"Dieses Jahr war sehr beschwerlich f\u00fcr uns alle, doch unsere Opfer haben sich gelohnt. Wir haben genug Vorr\u00e4te auch f\u00fcr einen langen Winter. Au\u00dferdem wurde mir ein weiterer Bruder geschenkt und eine liebevolle Gef\u00e4hrtin.\" Er winkte Nighean zu sich, auf die sich nun alle Blicke der Dorfbewohner richteten. Sie stieg von ihrem Ross ab und ging auf ihren jungen Ehemann zu, der noch immer seine Gro\u00dfmutter st\u00fctzte. \"Ihr Name ist Nighean. Sie wird von nun an zusammen mit mir und Weka und meinen Geschwistern unsere Geschicke leiten.\", sagte er und hielt ihre Hand. Nun war sie offiziell ein Mitglied dieses Klans. Nach einer Weile l\u00f6ste sich die Menge auf und ging wieder ihrer Arbeit nach. In einigen Tagen wollten sie ihrer Ankunft und auch Tepur mit einem gro\u00dfen Festmahl gedenken. Bis dahin hatten sie Zeit sich in ihrem neuen Lager einzurichten. Auch f\u00fcr Pirek war dies immer noch etwas ungewohnt nun sesshaft zu sein, wenn auch nur f\u00fcr den Winter. Er f\u00fchrte seine Gef\u00e4hrtin durch den kleinen Ort und stellte sie jedem Bewohner noch einmal pers\u00f6nlich vor. Sie genoss diese Abwechslung und schloss die freundlichen Leute in ihr Herz. Es f\u00fchlte sich an als h\u00e4tte sie eine neue Familie gefunden. Ganz zum Schluss f\u00fchrte sie Pirek zu ihrer Bleibe f\u00fcr die n\u00e4chsten Monate: eine gro\u00dfe H\u00fctte aus Stein und Holz. Die T\u00fcr war mit einem schweren Balken verriegelt und die Fenster mit Laden verschlossen. Gemeinsam schoben sie den Balken beiseite um einzutreten. Der mit Holz verkleidete Boden knirschte leicht unter ihren Schritten und die fein verzierten M\u00f6bel waren das einzige im Raum. Nur durch die ge\u00f6ffnete T\u00fcr str\u00f6mte ein wenig Licht in die dunkle Stube. \"Alles ist noch so wie ich es in Erinnerung hatte.\", sagte er mit einem L\u00e4cheln auf den Lippen. \"Lass uns als erstes Feuer machen und dann k\u00f6nnen wir alles auskehren und einr\u00e4umen.\" Er \u00f6ffnete eines der Laden um die Stube zu erhellen. \"Wo werden Weka und deine Geschwister nun eigentlich untergebracht?\", fragte sie ihn w\u00e4hrend sie sich umschaute. \"Dieses Haus hier war nur f\u00fcr meinen Vater vorbehalten. Weka wird weiterhin in ihrem eigenen Haus mit den Kindern leben. Ich h\u00e4tte dich gern an meiner Seite und w\u00fcrde mir deshalb dieses Haus hier mit dir teilen. Doch wenn es dir angenehmer w\u00e4re, k\u00f6nntest du auch bei Weka wohnen.\", erwiderte er und ging auf sie zu um einen Arm um sie zu legen. \"Hier bei dir zu sein w\u00e4re mir am liebsten\", antwortete sie ihm mit einem L\u00e4cheln im Gesicht und lehnte sich an seine Schulter. \"Das freut mich Liebste.\", fl\u00fcsterte er und strich eine Str\u00e4hne aus ihrem Gesicht. Die beiden verharrten so einige Zeit bis ein kleiner Junge mit einem B\u00fcndel Felle und Leinen zu ihnen hineineilte. \"Ich soll euch beim Abladen helfen.\", sagte er kurz bevor er das B\u00fcndel vor ihnen ablegte und schon wieder verschwand. Nighean musste schmunzeln und folgte dem Kleinen zusammen mit Pirek um ihm zu helfen . Fast bis zur Abendd\u00e4mmerung waren sie damit besch\u00e4ftigt das H\u00e4uschen zu scheuern und mit ihrem Hab und Gut einzurichten. Nach getaner Arbeit lie\u00df sich Nighean auf eines der Felle vor der Feuerstelle nieder. Pirek brachte ihr etwas Brot, K\u00e4se und Speck und setzte sich neben sie. \"Die Anderen wollten schon wissen warum du nicht mit beim Abendessen warst. Ich habe einfach behauptet das du etwas ersch\u00f6pft bist und dich ausruhen willst. Stimmt doch, oder ? \", fragte er mit einem Schmunzeln und reichte ihr das Brett mit den Speisen. \"Ein Tag auf dem Schlachtfeld ist nichts dagegen.\", antwortete sie grinsend und nahm sich ein gro\u00dfes St\u00fcck Brot. \"Trotzdem bin ich hungrig. Nichts geht \u00fcber ein Essen nach einem aufregenden Tag.\" \"Da hast du recht. Wie gef\u00e4llt dir eigentlich unser Heim? Ich hoffe die Anderen im Dorf haben dich nicht irgendwie bedr\u00e4ngt und ausgefragt.\", fragte er leicht besorgt und nahm sich auch etwas K\u00e4se und Brot. \"Mach dir keine Sorgen. Alles ist bestens. Ich habe es jahrelang in einer S\u00f6ldnertruppe ausgehalten, also werde ich hier wohl auch zurecht kommen. Ich freue mich schon darauf alle genauer kennenzulernen. Ich durfte heute schon Bekanntschaft mit einigen neugierigen M\u00e4dchen von hier machen. Sie haben mich ausgefragt, wie es so ist mit euch umherzuziehen und ob ich schon ein Kind erwarte.\", antwortete sie und musste leicht schmunzeln. \"So sind sie halt!\", erwiderte er l\u00e4chelnd und legte einen Arm um sie. Sie betrachten gemeinsam die Flammen des Feuers im Ofen w\u00e4hrend sie aufa\u00dfen. Pirek hielt sie in seinen Armen und strich durch ihr Haar, das er so sehr liebte. \"Wir sollten langsam schlafen gehen. Es ist schon sp\u00e4t. Die Sonne ist schon lange hinter dem Horizont verschwunden.\", stellte er fest und k\u00fcsste ihre Wange. \"Ich bin noch nicht wirklich m\u00fcde.\", erwiderte sie und lehnte sich an ihn. \"Wie w\u00e4re es denn dann mit einem Becher Honigwein und dann legen wir uns schlafen.\" \"Klingt schon besser.\" Er stand langsam auf und kehrte mit zwei Bechern gef\u00fcllt mit der s\u00fc\u00dflichen Fl\u00fcssigkeit zur\u00fcck. Einen davon reichte er ihr. \"Ich w\u00fcrze den Wein selbst. Nach einem langen, aufregenden Tag bereitet er eine erholsamen Schlaf.\", erkl\u00e4rte er ihr und nahm einen gro\u00dfen Schluck davon ebenso wie sie. \"Er schmeckt wirklich gut!\", lobte sie ihn und leerte langsam den Becher. Ihr Gemahl tat es ihr gleich und half ihr auf, um sie anschlie\u00dfend zum Bett zu f\u00fchren. \"Soll ich dir mit deinem Kleid helfen?\", fragte er nach, als er bemerkte wie sich mit der Schn\u00fcrung am R\u00fccken abm\u00fchte. \"Ja, das w\u00e4re nett. Deshalb sind mir Hose und Hemd allemal lieber als das!\", beschwerte sie sich, w\u00e4hrend er ihr Kleid langsam \u00f6ffnete und auszog, bis sie nur noch ein d\u00fcnnes Hemd trug. \"Wenn wir wieder durch das Land ziehen kannst du Hosen anziehen so oft du willst. Hier aber w\u00fcrde man dich nicht wirklich als Oberhaupt anerkennen in dieser Aufmachung.\", erwiderte er w\u00e4hrend auch er sich sein Hemd und die dicke Wollhose auszog. \"Ich wei\u00df. Du hast recht. F\u00fcr die n\u00e4chsten Monate werde ich wohl so herumlaufen m\u00fcssen.\" Sie legte das Kleid zusammen und lie\u00df sich anschlie\u00dfend auf das Bett mit seinen strohgef\u00fcllten Matratzen fallen, die mit Fellen und Decken bedeckt waren. \"Es ist schon Jahre her dass ich auf einem vern\u00fcnftigen Bett geschlafen habe. Und damals musste ich es mir noch mit 4 anderen Kindern teilen.\", stellte sie fest und schlang die weiche Wolldecke um sich. Pirek legte sich neben sie und nahm sie in seine Arme , um sie warm zu halten. \"Jetzt k\u00f6nnen wir diesen Luxus ja genie\u00dfen. Das Leben hier hat auch seine Vorz\u00fcge.\", meinte er und k\u00fcsste ihre Stirn w\u00e4hrend er \u00fcber ihren R\u00fccken strich. \"Du hast recht. Wir m\u00fcssen nicht so viel reisen und k\u00f6nnen abends einfach schlafen ohne st\u00e4ndig die Wache abzul\u00f6sen.\", stimmte sie ihm zu und genoss seine N\u00e4he. Sie hatte ihn lieben gelernt und seine z\u00e4rtliche Seite hatte ihr dies nur erleichtert. Sie lie\u00df ihn gew\u00e4hren, als er \u00fcber ihren Hals und ihre Schultern k\u00fcsste und seine Hand langsam ihren R\u00fccken herunterstrich. Sie f\u00fchlte sich wohl w\u00e4hrend er sie sanft ber\u00fchrte, doch als seine Hand ihr Bein entlang und langsam unter ihr Hemd strich, zuckte sie zusammen und wich leicht von ihm. Sie merkte wie er auf einmal rot wurde und seine Hand sofort wegzog. \"Es tut mir so leid. Ich wollte nicht aufdringlich sein.\", entschuldigte er sich \u00fcberschw\u00e4nglich f\u00fcr sein Verhalten. \"Ich h\u00e4tte dich erst fragen und abwarten sollen. Es tut mir so leid.\" \"Es ist schon in Ordnung. Es war nur etwas unerwartet.\", erwiderte sie seine Entschuldigungen und l\u00e4chelte ihn leicht verlegen an, um ihm zu zeigen, dass er sich keine Sorgen machen muss. \"Da bin ich beruhigt.\", atmete er auf und dr\u00fcckte sie an sich. \"Ich will dich zu nichts zwingen. Wir k\u00f6nnen so lange warten wie du willst.\", versprach er ihr und strich sanft \u00fcber ihr Haar. \"Danke\", antwortete sie ihm leise und strich auch ihm \u00fcber den R\u00fccken. Sie konnte leicht die einzelnen Muskeln erf\u00fchlen, die er durch sein t\u00e4gliches Trainieren im Schwertkampf erworben hatte. Sie hatte ihn schon einige Male aus der Ferne dabei beobachtet. Sie fragte sich ob er sie mittlerweile in einem Duell schlagen k\u00f6nnte. Sie hatte nicht mehr viel Zeit zum \u00dcben seitdem gehabt. Pirek hingegen m\u00fcsste an Kraft gewonnen haben. Er schien ihre Ber\u00fchrungen anscheinend auch zu genie\u00dfen und streichlte ihren Nacken im Gegenzug. Sie f\u00fchlte sich zu ihm hingezogen und sie wusste, dass er das selbe f\u00fcr sie empfindet. Er w\u00fcrde ihr nie etwas tun und sie immer so sanft behandeln wie jetzt. \"Pirek?\", fragte sie zaghaft. \"Ja ?\"- \"W\u00fcrdest du mir aus meinem Hemd helfen ?\"",
            "wordcount": "1.938",
            "chapter_release": "25.05.2017",
            "chapter_number": "13"
        },
        "2": {
            "text": "Die Sonne war noch nicht ganz aufgegangen, als sie an diesem Morgen aufwachte. Sie zog sich schnell an und stieg aus ihrem Zelt. Die Wiese war noch feucht vom Tau. Sie fr\u00f6stelte. Es war noch niemand zu sehen, als sie wie jeden Tag ihre Runde um das Lager lief. Dabei konnte sie ungest\u00f6rt nachdenken, was der Tag noch bringen wird. Sie w\u00fcrden bald die Zelte abbrechen m\u00fcssen und weiter nach Westen ziehen. Ein reicher Graf hatte sie zu sich bestellt. Er wollte, dass sie seine Truppen verst\u00e4rken im Kampf gegen einen benachbarten F\u00fcrsten. Solche Auftr\u00e4ge waren Alltag und nichts Besonderes. Die Schlacht w\u00e4re schnell entschieden mit wenig Verlusten auf ihrer Seite. Aber dies sollte ein fataler Irrtum \u0001 \u0002 ging zur\u00fcck zu ihrem Zelt im Lager. Sie wusch sich und legte dann ihre R\u00fcstung an. Sie wurde extra f\u00fcr sie angefertigt und war leichter als eine normale R\u00fcstung aber genauso stabil. Sie glich mehr einer R\u00fcstung, die f\u00fcr die jungen S\u00f6hne der F\u00fcrsten angefertigt wird, doch die einzelnen Teile bestanden aus einem besonders hartem Eisen. Dies sollte ihr den besten Schutz gew\u00e4hren. Nachdem sie fertig angekleidet war, verstaute sie ihre Habseligkeiten in dicken Leinen Taschen und packte diese auf ihr Pferd. W\u00e4hrend dessen str\u00f6mte der Duft von s\u00fc\u00dfer Griessuppe zwischen den Zelten umher. Sie lief in Richtung Kochplatz. Dieser befand sich meistens in der Mitte und bestand aus einen riesigen Metalltopf \u00fcber einem offenen Feuer. Heute waren Nosper und Pesrac mit kochen an der Reihe. \" Guten Morgen Kommandantin\", begr\u00fc\u00dften sie sie etwas sp\u00f6ttisch. Die beiden waren etwa 20 Jahre alt und so um einige Jahre \u00e4lter als sie. Trotz des Altersunterschiedes waren sie ihre Untergebenen. \" Passt lieber auf das Essen auf, damit es nicht anbrennt. Was machen die Anderen?\" \" Der Kommandant hat ihnen befohlen die Zelte abzubauen und auf die Pferde und Wagen zu packen. Schau, dort kommt er auch schon.\" Kommandant Kirlag war wie einen Vater f\u00fcr sie. Er hatte ihr Talent schon fr\u00fch erkannt und machte sie zu einer ihm direkt Untergebenen. Er hielt viel von ihr und gab ihr den Befehl \u00fcber einige seiner M\u00e4nner. \" Wir haben schon fast alles auf die Pferde geladen und k\u00f6nnen bald aufbrechen. Hast du schon gegessen? Du solltest dich st\u00e4rken, du wirst es brauchen.\" Er reichte ihr eine Schale mit dem noch dampfenden Brei. Ein wenig appetitlos l\u00f6ffelte sie ihn in sich hinein. Kurz nach dem Essen brachen sie auf und zogen in Richtung Westen. Kurz vor Sonnenuntergang erreichten sie die L\u00e4ndereien des Grafen. Nachdem sie ihr Lager aufgeschlagen hatten, rief der Graf den Kommandanten zu sich. Er kehrte erst sehr sp\u00e4t zur\u00fcck, als bereits fast alle schliefen. Sie warte bei den Wachen bis er zur\u00fcckkehrte. Am n\u00e4chsten Tag versammelte er alle und teilte ihnen ihren Auftrag mit: \"Der Graf liegt schon sehr lange im Streit mit dem benachbarten F\u00fcrsten wegen eines St\u00fcck Landes. Das braucht uns nicht zu interessieren, aber jetzt hat dieser F\u00fcrst dem Grafen den Krieg erkl\u00e4rt. 'Unser' Graf will, dass wir seine Truppen unterst\u00fctzen und den Gegner vertreiben. Die f\u00fcrstlichen Streitkr\u00e4fte m\u00fcssten heute noch ankommen. Wir sollen ihnen entgegenkommen und sie aufhalten bis die Truppen des Grafen bereit sind. Wir sind in der Mehrzahl und sollten ohne gro\u00dfe Verluste gewinnen k\u00f6nnen.\"",
            "wordcount": "547",
            "chapter_release": "06.10.2014",
            "chapter_number": "2"
        },
        "3": {
            "text": "Sie hatten sich hinter einem H\u00fcgel positioniert. Schon seit drei Stunden warteten sie jetzt aber es war immer noch niemand von ihnen zu sehen. \"Sollten wir weiter nach Norden ziehen, was meinst du?\", fragte Kirlag sie.\"Wir sollten weiter warten. Wir wissen nicht, ob sie uns schon bemerkt haben und darauf hinauswollen, um uns in ihre Falle zu locken.\" \" Ich glaub ich seh was.\", rief Radrus unser Sp\u00e4her, \"Sie kommen aus Nord-Ost. Es scheint als haben sie uns noch nicht bemerkt.\" \" Kannst Du noch was sehen?\" \"Es sind mehr als ich gedacht habe.\" \"Das ist \u0001 \u0002 sollten wir uns aufteilen um sie zu umzingeln. Dann haben wir bessere Chancen, Kommandant.\", schlug sie vor.\" Du hast recht. Das ist das Beste was wir tun k\u00f6nnen.\", stimmte er ihr zu, \"Ich nehme die eine H\u00e4lfte und Frugos die andere. Wir greifen gleichzeitig an.\" \" Ich sag's ihm\", antwortete sie, aber er hielt sie zur\u00fcck. \"Du bleibst hier und \u00fcberwachst die Lage. Schick Pesrac zu Frugos. Er sagt's ihm schon. Au\u00dferdem will ich unseren besten Stratege nicht an der Front fallen sehen.\" Er fuhr ihr durch ihr Haar. In diesen Momenten war er f\u00fcr sie wie ein echter Vater, der seine Tochter liebte und nicht wollte, dass ihr etwas zust\u00f6\u00dft. \"Kommandant wir haben ein Problem. Das sind nicht nur die Truppen des F\u00fcrsten. Sie haben den ganzen Tepur Klan als Verst\u00e4rkung. Wir m\u00fcssen uns zur\u00fcckziehen. Gegen die haben wir keine Chance.\", h\u00f6rte sie Radrus schreien. \" Wir machen weiter!\", unterbrach sie ihn harsch. \"Wenn wir nicht angreifen, greifen sie uns an und wir konnten unseren Vorteil nicht nutzen. Wir m\u00fcssen den ersten Schritt wagen und auf die Verst\u00e4rkung warten.\" Dies sollte sich als die schlechteste Entscheidung ihres Lebens herausstellen. Sie st\u00fcrmten auf die feindlichen Truppen zu und versuchten sie zu umringen. Aber ihre Gegner waren schon darauf vorbereitet. Sie hatten ihre besten Nahk\u00e4mpfer in den vorderen Reihen platziert und nahmen sie gleichzeitig von den hinteren Reihen in Beschuss. Wen sie nicht mit dem Schwert durchbohrten, spie\u00dften sie mit Pfeilen auf. Sie wollte nicht fliehen, lieber im Kampf sterben aber sie verschonten sie. Sie hatte nicht bemerkt das sich jemand von hinten an sie geschlichen hatte. Gerade als sie auf das Schlachtfeld st\u00fcrmen wollte, als letzten verzweifelten Akt, sp\u00fcrte sie einen dumpfen Schlag auf ihrem Kopf und verlor das Bewusstsein. Sie wurde gefesselt und ihr Entf\u00fchrer warf sie sich \u00fcber die Schulter um sie bis zu einem ihrer Wagen zu tragen. Als sie wieder erwachte, hatte sich der Zug bereits in Bewegung gesetzt und das Schlachtfeld weit hinter sich gelassen. Sie hatten ihr nicht mehr als ihr Leben und die Kleider die sie trug gelassen . Trotzdem wollte sie stark bleiben und hielt ihre Tr\u00e4nen zur\u00fcck als sie die Landschaft an sich vorbeiziehen sah und der Sonnenuntergang alles blutrot f\u00e4rbte.",
            "wordcount": "498",
            "chapter_release": "06.10.2014",
            "chapter_number": "3"
        },
        "4": {
            "text": "\"Los! Beweg deinen Hintern.\" Die Wache packte sie am Arm und zerrte sie unsanft vom Wagen herunter. Die Fesseln rieben an den Kn\u00f6cheln und schnitten unsanft in ihre Haut ein. Sie waren im Lager des Tepur Klans angekommen. Er f\u00fchrte sie zu dem gr\u00f6\u00dften Zelt und stie\u00df sie unsanft hinein. \"Das ist die Kleine, die wir bei den S\u00f6ldnern aufgelesen haben.\" sagte er noch schnell und verschwand. Nun stand sie allein vor dem Anf\u00fchrer des m\u00e4chtigsten Klans des Landes. Das Zelt war komfortabel aus gestattet und der Boden war mit weichen Fellen und Teppichen ausgelegt. Der Anf\u00fchrer erhob sich aus seinem Sessel und ging auf sie zu, um sie sich besser anschauen k\u00f6nnen. Er war kr\u00e4ftig gebaut und in seinen Haaren war bereits ein leichtes grau zu sehen. \" Wie alt bist du?\", fragt er sie. \" Sechzehn.\", antwortete sie kurz. \" Du tr\u00e4gst eine R\u00fcstung. Wozu brauchst du die?\", fragte er sie, w\u00e4hrend er langsam auf sie zukam und sie musterte. \"Als Schutz im Kampf.\", antwortete sie. \"Deine Arme sind d\u00fcnn. Kannst Du \u00fcberhaupt ein Schwert halten?\", fragte er sie leicht sp\u00f6ttisch. \"Das kann ich sehr wohl, aber am liebsten benutze ich zwei Dolche. Sie sind leicht und wendig besonders im Nahkampf \", antwortete sie ihm. \" Wer hat dir das beigebracht?\", fragte er zweifelnd. \" Ein alter S\u00f6ldner war mein Lehrer. Er hat mich vor vielen Jahren bei sich aufgenommen und mir das K\u00e4mpfen beigebracht.\" Er hob eine Augenbraue und war noch nicht wirklich von ihr \u00fcberzeugt. \" Dein K\u00f6nnen interessiert mich. Brocos k\u00f6nntest Du kommen. Dieses M\u00e4dchen behauptet k\u00e4mpfen zu k\u00f6nnen. Besorg' ihr ein Schwert, damit sie ihr K\u00f6nnen unter Beweis stellen kann. Mein Sohn sucht jemanden mit dem er sich messen kann. Da haben wir heut' Abend wenigstens etwas zu lachen.\", verspottete er sie und fing an h\u00f6hnisch zu lachen. \"Aber zuerst bringst Du sie zu Weka und sag ihr, dass sie nicht zu grob sein soll.\" Die Wache packte sie wieder an ihrem Arm und schleifte sie durch das Lager bis zu einem kleineren aber trotzdem prunkvollen Zelt. \" Weka, Besuch f\u00fcr dich!\", rief er kurz und stie\u00df sie hinein. Das war eindeutig ein Zelt f\u00fcr die Frauen. Es war nicht ganz so luxuri\u00f6s ausgestattet aber trotzdem gem\u00fctlich. Weka war etwa 30 Jahre alt und trug ein tief ausgeschnittenes Kleid aus feinem Stoff mit vielen Verzierungen und hielt ein kleines Kind im Arm. \" Dich haben sie also mitgebracht. Ungew\u00f6hnlich. Sonst sind keine jungen M\u00e4dchen mit S\u00f6ldnern unterwegs. Komm lass mich dich anschauen!\", forderte sie sie auf . Langsam hob die junge K\u00e4mpferin den Kopf. \" Du hast ein h\u00fcbsches Gesicht und bist sch\u00f6n gewachsen. Du solltest vorsichtig sein, wenn du durch das Lager gehst. Einer der M\u00e4nner h\u00e4tte dich vielleicht gerne eine Nacht in seinem Zelt.\", warnte sie sie. Weka hatte sanfte Augen und war ganz und gar nicht so grob wie sie Tepur gewarnt hatte. \" Ich kann mich selbst verteidigen und bin nicht so schwach wie ich aussehe.\", erwiderte sie ein wenig stur. \" Sei trotzdem auf der hut. Hast Du dich schon einmal zu einem gelegt?\" \"Nein noch nicht.\" \"Wenn du schon deine Blutungen hast solltest du aufpassen, wenn du dich zu einem legst. Sonst k\u00f6nnte ein Kind in dir wachsen.\", versuchte Weka sie zu warnen. \" Ich verstehe.\", antwortete sie kurz. Kirlag hatte sie schon vor langer Zeit dar\u00fcber aufgekl\u00e4rt, da ein Haufen S\u00f6ldner nicht wirklich f\u00fcr ihre Moral bekannt sind. \"Sie wollen sich heute einen lustigen Abend machen und werden versuchen dich betrunken zu machen. Komm deshalb so schnell wie m\u00f6glich wieder hier her und r\u00fchre keinen Becher an. Hier k\u00f6nnen sie dir nichts tun.\", bat ihr Weka an und \u00f6ffnete eine Truhe und holte ein Messer hervor. Damit zerschnitt sie ihre Fesseln und einen Leib Brot. Sie reichte ihr das St\u00fcck und ein wenig K\u00e4se als St\u00e4rkung. Der Abend w\u00fcrde noch anstrengender werden, als sie dachte, aber Wekas Angebot gab ihr ein wenig Sicherheit.",
            "wordcount": "688",
            "chapter_release": "06.10.2014",
            "chapter_number": "4"
        },
        "5": {
            "text": "Die Sonne war bereits untergegangen und das Lager war vom Schein der vielen kleinen Feuer erleuchtet. Sie hatten ihr ein Kleid angezogen und dar\u00fcber ihre R\u00fcstung angelegt. So war es unm\u00f6glich, richtig zu k\u00e4mpfen und die R\u00fcstung bat kaum Schutz. Auf dem Platz in der Mitte des Lagers warteten sie schon alle. Sie hatten eine Art Turnierplatz aufgebaut, um das Spektakel perfekt zu machen. Die Meisten waren schon angetrunken und johlten als sie den Platz betrat. \"Heute werdet ihr Zeugen eines sehr au\u00dfergew\u00f6hnlichen Wettstreits. Aus unseren Reihen tritt der Erstgeborene unseres F\u00fchrers und zuk\u00fcnftiges Klanoberhaupt Pirek an. Sein Gegner wird die mysteri\u00f6se Kriegerin aus einem fernen Land sein, die uns ihr K\u00f6nnen beweisen will. Ihr werdet euch im Schwertkampf duellieren. Dabei d\u00fcrft ihr den Kreis nicht verlassen. Hier sind eure Waffen.\" Sie hatten f\u00fcr sie ein riesiges und besonders schweres Schwert ausgesucht. Selbst f\u00fcr einen normalen Mann w\u00e4re es schwer zu h\u00e4ndeln gewesen. Es war anscheinend f\u00fcr einen Riesen gemacht worden. Sie brauchte beide H\u00e4nde, um es hochzuheben und zu halten. Lange k\u00f6nnte sie so nicht k\u00e4mpfen k\u00f6nnen. Der Sohn des Klanf\u00fchrers trat nun auch in den Kreis. Er war einen Kopf gr\u00f6\u00dfer als sie, sehr muskul\u00f6s aber nach seinem Aussehen nur wenig \u00e4lter als sie. \"Dann k\u00f6nnen wir ja beginnen!\", br\u00fcllte der Ansager. \" Wartet noch\", erwiderte Pirek unerwartet, \"Ich m\u00f6chte einen fairen Kampf haben und sehen was sie kann. Besorgt ihr ein ordentliches Schwert und zieht ihr was Vern\u00fcnftiges an. Sonst zieht ihr das n\u00e4chste Mal auch alle mit einem Kleid in die Schlacht.\" Ein Murren ging durch die Menge der Zuschauer. Trotzdem wiedersprach ihm niemand. Seine Worte hatten Eindruck gemacht und niemand wollte sich mit dem zuk\u00fcnftigen Anf\u00fchrer verscherzen. Sie schafften sie zur\u00fcck und gaben ihr die Kleidung der Jungen, in der man besser k\u00e4mpfen konnte. Sogar ein leichtes Schwert konnten sie auf einmal auftreiben. So ging sie zur\u00fcck zum Turnierplatz. \" Ich hoffe niemand hat noch irgendwelche W\u00fcnsche. Dann tretet beide in den Ring und der Kampf kann beginnen.\" , rief der Ansager und schlug einen Gong um den Beginn zu signalisieren. Die Zuschauer verfolgten gespannte wie sie aufeinander zust\u00fcrmten, aber er wich geschickt aus. Er versuchte sie mit einem Schwerthieb zu Fall zu bringen. Sie blockte ihn und stie\u00df ihn kr\u00e4ftig zur\u00fcck, sodass er fast aus dem Kreis gestolpert w\u00e4re. Er war \u00fcberrascht von ihrer St\u00e4rke und ihrem Geschick. Er richtete sich wieder auf und holte zu einem weiteren Schlag aus. Sie jedoch war flink und duckte sich schnell unter seinem Arm hindurch. Sie packte ihn von hinten, schlug ihm das Schwert aus der Hand und warf ihn zu Boden. Die Menge fing an zu br\u00fcllen und zu lachen. Sie selbst war von ihrem schnellen Sieg \u00fcberrascht. Oberhaupt Tepur erhob sich von seinem Stuhl und ging auf die beiden zu. \" Es ist eine Schande f\u00fcr meinen Sohn Pirek. Er hat keine St\u00e4rke bewiesen und gegen ein M\u00e4dchen verloren, das kleiner als er ist und von Wilden erzogen wurde. Aber f\u00fcr sie ist dies ein bedeutender und ehrenvoller Sieg. Sie hat durch T\u00fccke und List einen \u00fcberm\u00e4chtigen Gegner besiegt. Du hast nicht gelogen. Du kannst wirklich k\u00e4mpfen. Ich habe noch nie eine Frau so gut mit einem Schwert umgehen sehen. Viele meiner M\u00e4nner k\u00f6nnten sich eine Scheibe von dir abschneiden. Wir brauchen neues Blut in unseren Reihen, um weiterhin gef\u00fcrchtet zu werden und nicht an St\u00e4rke zu verlieren. Du w\u00e4rst ideal, aber du bist nur eine Gefangene, eine Sklavin. Um dich trotzdem in unseren Klan aufnehmen zu k\u00f6nnen, verlobe ich dich hiermit mit meinem Sohn Pirek, der nicht gegen deine St\u00e4rke ankam. Du sollst ihm viele S\u00f6hne schenken, die den Klan vergr\u00f6\u00dfern und weiterf\u00fchren werden und viele wundersch\u00f6ne T\u00f6chter, die im ganzen Land bekannt sein werden.\", verk\u00fcndete er stolz. Sie hingegen schaute ihn ungl\u00e4ubig an und konnte noch nicht fassen was sie gerade geh\u00f6rt hatte. Sie wusste nicht was sie erwiedern sollte, es war viel zu pl\u00f6tzlich um all das zu verstehen. Sie konnte einfach nicht antworten. Wie in Trance wandte sie sich ab und rannte fort. Sie machten sich nicht die M\u00fche sie zu verfolgen. Intuitiv war sie zu Wekas Zelt gelaufen, dem einzige Ort auf der ganzen Welt der ihr sicher erschien. Sie konnte nicht reden, alle Stimmen zogen an ihr vorbei. Erst jetzt merkte sie was sie alles verloren hatte. Alle Menschen, die ihr bisher etwas bedeutet hatten, waren tot oder hatten sie zur\u00fcckgelassen. Sie hatte ihnen versprochenen, sie zu besch\u00fctzen, aber nun verrotteten ihre Leichen auf dem Schlachtfeld und werden von V\u00f6geln und wilde Tieren aufgefressen. Ihr wurde \u00fcbel beim Gedanken daran. Pesrac, Nosper, Kirlag; lagen ihre toten K\u00f6rper auch da auf freiem Feld und verwesten oder war jemand so g\u00fctig gewesen sie zu begraben oder den Flammen zu \u00fcbergeben. Sie hatten ihnen das angetan. Nun verlangten sie, das sie eine der Ihrigen wird. Um keinen Preis konnte sie das zulassen. Sie hatten ihnen das angetan. Sie wollte wegrennen und weinen aber ihre Augen blieben trocken und ihre Beine wollten sich nicht mehr bewegen. Sie war m\u00fcde aber ihre Augen wollten sich nicht schlie\u00dfen. Sie sackte zusammen und blieb auf dem Boden liegen. Ihr Blick war in den klaren Sternenhimmel gerichtet. Das erste Mal f\u00fchlte sie wie einsam und allein sie war. Und nur der Mond wachte \u00fcber sie.",
            "wordcount": "887",
            "chapter_release": "06.10.2014",
            "chapter_number": "5"
        },
        "6": {
            "text": "Am n\u00e4chsten Morgen erwachte sie in Wekas Zelt. Irgendjemand hatte sie zu ihr gebracht. Die Erinnerungen an den Abend zuvor erschienen wie ein Traum und nicht wie die ihren. Alles schien so weit entfernt. Ihr linker Arm war verbunden und schmerzte , als sie sich aufst\u00fctzte und aufzustehen. Woher diese Verletzung kam war ihr unbekannt. Ihr Kopf tat weh und sie f\u00fchlte sich krank. \"Endlich bist du aufgewacht.\", h\u00f6rte sie eine bekannte Stimme sagen. Weka schob den Vorhang zur Seite und stellte eine Sch\u00fcssel mit Wasser neben sie. Sie f\u00fchlte an ihrer Stirn.\" Deine Temperatur ist normal. Zum Gl\u00fcck hast Du kein Fieber.\" \"Was war gestern los und woher habe ich diese Wunde.\", fragte sie scheu. \" Du erinnerst dich nicht mehr. Du hast gestern gegen Pirek gek\u00e4mpft und gewonnen. Danach bist du weggerannt und zusammengebrochen. Dabei hast dich dann am Arm verletzt. Du lagst die ganze Nacht im Freien bis dich jemand gefunden und zu mir gebracht hat.\", erkl\u00e4rte sie ihr. \" Stimmt es, dass ich Pirek heiraten soll?\", fragte sie nach, um sich zu vergewissern, das es nicht nur ein Traum war. \" Ja, aber es eilt nicht. Tepur will eine Antwort von dir, aber du solltest dich erst noch ein wenig ausruhen. Wasch dich und zieh dir neue Kleidung an. Ich kann dir etwas von mir leihen, wenn du willst. Ich hole dir noch rasch etwas Suppe, damit du wieder zu Kr\u00e4ften kommst.\" Sie \u00f6ffnete eine Truhe und gab ihr daraus ein beiges, einfaches Leinenkleid. Danach verschwand Weka. Sie sch\u00f6pfte mit der Hand etwas Wasser aus der Schale und wusch sich die M\u00fcdigkeit aus ihrem Gesicht. Ihr Bild spiegelte sich dabei auf dem Wasser und starrte sie mit kalten Augen an. Sie fand ihren Anblick absto\u00dfend und stand auf um das Wasser auszusch\u00fctten und sich selbst nicht mehr sehen zu m\u00fcssen. Anschlie\u00dfend legte sie ihre schmutzigen Sachen ab und zog das neue Kleid an. Es passte gut und sie wirkte sehr zierlich darin. Es war mit mit feinenund kleinen Stickereien an den \u00c4rmeln versehen und wirkte dadurch eher edel als einfach. Kurze Zeit sp\u00e4ter kehrte Weka mit einer Schale Suppe zur\u00fcck. \"Du siehst gut in dem Kleid aus. Hier, iss ersteinmal etwas.\" Sie reichte ihr die Sch\u00fcssel und setzte sich neben sie. \" Diese Entscheidung wird dein ganzes Leben ver\u00e4ndern und bei dir liegt die Wahl. Du kannst dein ganzes Leben als eine Sklavin verbringen und jeden Tag arbeiten oder die Frau des zuk\u00fcnftigen Klanoberhauptes werden und ein gutes Leben f\u00fchren und selbst Diener haben. Was willst du?\" \"Ich m\u00f6chte mich an denen r\u00e4chen, die die alle meine Kameraden get\u00f6tet haben.\", antwortete sie trocken und eine leichte Traurigkeit stieg in ihr auf. \"Das bringt dir nichts meine Liebe. Sie werden nicht wieder lebendig, auch wenn du sie r\u00e4chst. Du bist wie eine Distel. Sie ist stark aber sticht jeden der sie anf\u00e4sst. Deshalb brennt man sie nieder oder rei\u00dft sie aus. Sei lieber wie eine Rose. Sie begl\u00fcckt jeden durch ihre Sch\u00f6hnheit, aber sie haben sie ist nicht wehrlos und hat ihre Dornen.\" Wekas Worte waren wahr und ergriffen sie tief. H\u00e4tte nicht auch Kirlag ihr ein solches Leben gew\u00fcnscht als eine m\u00e4chtige Frau einen Klan anzuf\u00fchren. Sie z\u00f6gerte kurz und holte tief Luft bevor sie antwortete: \"Ich werde zusagen. Ich werde deinen Sohn Tepur heiraten. Ich werde von einer Distel zu einer Rose mit Dornen.\" Sie f\u00fchlte sich unwohl und gleichzeitig stieg eine seltsame Angst in ihr auf, als sie sich auf den Weg zu Tepurs Zelt am Abend machte. Diese Furcht war anders als das was vorher darunter verstand, es war die Angst gebunden und der Freiheit beraubt zu werden. Wie ein Tier, das man in einen K\u00e4fig gesperrt hatte. Sie schob mit zitternder Hand den Vorhang beiseite und trat ein. Tepur erwartete sie bereits und richtete sich auf als er sie sah. \" Wie hast du dich entschieden?\", fragte er sie. \"Ich bin mit der Verlobung einverstanden und werde Pirek heiraten.\", antwortete sie schnell um nicht noch ihre Meinung zu \u00e4ndern. \"Es ist dir bestimmt nicht leichtgefallen dies zu entscheiden, aber es ist die beste Wahl. Es freut mich dich in meinen Klan aufzunehmen. Deine F\u00e4higkeiten sind erstaunlich und ich h\u00e4tte niemand besseren finden k\u00f6nnen. Ich hoffe meine Frau Weka hat gut f\u00fcr dich gesorgt. Die Hochzeit wird in zwei Monden stattfinden. Bis dahin wirst du weiter bei Weka bleiben. Sie wird dich vorbereiteten und dir deine Aufgaben zeigen und versuchen dich kleinen Wildfang zu z\u00e4hmen.\" Er \u00f6ffnete ein K\u00e4stchen, das neben ihm stand und holte eine feingearbeitete Goldkette hervor und reichte sie ihr. \"Dies soll die Verlobung best\u00e4tigen und dich freikaufen, sodass nicht mehr eine Gefangene und Sklavin bist.\" Er stand auf und ging auf sie zu, um ihr die Kette umzulegen. \" Ich m\u00f6chte mich f\u00fcr ihre Gro\u00dfz\u00fcgigkeit bedanken und versuchen mein Bestes zu geben.\", bedankte sie sich kurz. Er war ihr immer noch immer suspekt und sie konnte und wollte ihm nicht vertrauen. Sie drehte sich um und verlie\u00df das Zelt so schnell wie m\u00f6glich. Jetzt war es besiegelt und sie konnte nicht mehr r\u00fcckg\u00e4ngig \u0001 \u0002 war eine sehr gute Lehrerin. Sie brachte ihr bei wie man sich um Kinder k\u00fcmmert und den Haushalt f\u00fchrt. Au\u00dferdem lernte sie das Spinnen, Weben und N\u00e4hen von ihr. Am Abend erz\u00e4hlte sie ihr die alten Geschichten des Klans, die sie sp\u00e4ter auch an ihre S\u00f6hne und T\u00f6chter weitergeben sollte. Einige Male beobachtete sie auch ihren zuk\u00fcnftigen Mann wie er seinen kleineren Geschwisten den Umgang mit dem Schwert beibrachte. Sie sah wie er heimlich nachts \u00fcbte um besser zu werden und nicht mehr gegen ein M\u00e4dchen zu verlieren. Innerhalb von zwei Monaten schulte Weka sie f\u00fcr ihr neues Leben und z\u00e4hmte sie ein wenig. Sie zeigte ihr ihre versteckte Sch\u00f6hnheit. Sie erbl\u00fchte wie eine Rose aber ihre Dornen blieben erhalten und wurden st\u00e4rker.",
            "wordcount": "995",
            "chapter_release": "06.10.2014",
            "chapter_number": "6"
        },
        "7": {
            "text": "Nun war es so weit. Sie trug ein Kleid aus feinstem Stoff, das aufwendig mit Stickereien und Perlen verziert war. Ihr Haar wurde fein von Geka geflochten und mit Blumen und goldenem Schmuck geschm\u00fcckt. Um ihren Arm trug sie den Reif der ihre Verlobung besiegelte. Sie hoffte immer noch, das dies alles nur ein Traum war, aus dem sie jederzeit aufwachen k\u00f6nnte. Sie hatte ihren Verlobten in der Zeit, seit sie nun in ihrem Lager war, nur von fern gesehen und beobachten k\u00f6nnen. Ihr Lager hatten sie einige Male ab- und aufgebaut und sind von Schlachtfeld zu Schlachtfeld gezogen. Oft ertappte sie sich bei dem Wunsch, das er einfach nicht vom n\u00e4chsten Kampf zur\u00fcckkehrt und sie frei \u0001 \u0002 war nun fertig angekleidet und wurde zum festlich geschm\u00fcckten Platz vor Tepurs Zelt gef\u00fchrt. Der Goldschmuck in ihrem Haar gl\u00e4nzte im Sonnenlicht und die frischen Blumen untermalten ihre Sch\u00f6nheit. Sie sah wundersch\u00f6n in ihrem Hochzeitskleid aus, das sie zusammen mit Weka gen\u00e4ht hatte und glich einer Prinzessin. Pirek und der \u00c4lteste warteten schon um mit der Zeremonie zu beginnen. Pirek wurde von Tepur begleitet und sie von Weka, die in Zwischenzeit fast wie eine richtige Mutter war. Das junge Brautpaar musste sich in der Mitte des Platzes auf einen kleinen Teppich knien und die H\u00e4nde halten, w\u00e4hrend der Rest des Klans im Kreis um sie standen. Nun mussten beide ihren Schwur aufsagen. Zusammen mit Pirek sagte sie sie die Worte auf die ihr Weka begebracht hatte. \"M\u00f6gen wir siegreich sein und die G\u00f6tter unser Schwert f\u00fchren. M\u00f6gen unsere Kinder zahlreich sein und uns neue St\u00e4rke geben. Bis zum Ende unserer Tage sollen wir zusammen bleiben und das Erbe unserer Ahnen ehren.\" Der \u00c4lteste legte ihnen symbolisch die Reifen der Klanf\u00fchrer an. \" Hiermit ernenne ich euch zu den zuk\u00fcnftigen Oberh\u00e4uptern dieses Klans. Um euren ewigen Bund zu besiegeln, lege ich euch nun diese Ketten um. Im Namen der sieben G\u00f6tter des Himmels verm\u00e4hle ich euch.\" Er legte beiden goldene und silberne Kettchen um und sprach den Segen der G\u00f6tter f\u00fcr sie. Pirek hielt noch immer ihre Hand und erhob sich zusammen mit ihr nachdem der \u00c4lteste geendigt hatte. \"Lasst uns feiern und gut essen!\", verk\u00fcndete er feierlich und die Bediensteten kamen herbeigeeilt und bauten eine lange Tafel auf und brachten die Schalen mit edlen Speisen. Darunter waren vielen Arten von feinem Fleisch, aber auch s\u00fc\u00dfe Fr\u00fcchte und runde Honigkuchen. Eine junge Frau brachte beiden einen gro\u00dfen Becher mit Wein und platzierte sie an der Tafel. Musiker spielten und man tanzte, a\u00df und trank ausgelassen bis sp\u00e4t in die Nacht. Sie wurden von den G\u00e4sten reich beschenkt und erhielten ein eigenes Zelt. Sp\u00e4t am Abend nahm Weka die Braut kurz beiseite und sagte ihr es sei langsam an der Zeit zu ihrem Br\u00e4utigam zu gehen. Zu guter letzt w\u00fcnschte sie ihr noch viel Gl\u00fcck f\u00fcr die Nacht, bevor sie verschwand. Allein lief nun zu ihrem eigenen Zelt und schob z\u00f6gernd den Vorhang zur\u00fcck und trat ein. Pirek war auch schon da und hatte einige Kerzen angez\u00fcndet und den Boden mit weichen Fellen ausgelegt. \"Komm n\u00e4her. Ich kann sonst meine wundersch\u00f6ne Braut gar nicht sehen.\", hie\u00df er sie willkommen. Sie trat ein und setzte sich neben ihn auf den Boden. \"Wir kennen uns kaum. Erz\u00e4hl mir bitte etwas \u00fcber dich! Ich kenne nicht einmal deinen richtigen Namen. \" sagte er und r\u00fcckte etwas n\u00e4her. \"Ich habe keinen wirklichen Namen. Ich wurde von einer Gruppe S\u00f6ldner gro\u00dfgezogen, bevor ich hier herkam. Mein Ziehvater fand mich nach einer Schlacht in den Armen meiner toten Mutter. Er nahm mich mit und nannte mich immer nur seine Tochter. \" \"Meine Mutter hat mir bereits davon erz\u00e4hlt. Du brauchst unbedingt einen sch\u00f6nen Namen meine h\u00fcbsche Braut. Wie w\u00e4re es mit Nighean, das Wort der alten Sprache f\u00fcr Tochter.\" \"Das klingt gut.\", antwortete sie und l\u00e4chelte sanft. Sie mochte es endlich einen Namen zu haben. \"Deine F\u00e4higkeiten im Umgang mit dem Schwert haben mich beeindruckt. Die T\u00f6chter unseres Klans k\u00f6nnen auch k\u00e4mpfen, aber sie sind bei weitem nicht so gut. Ich bin froh eine so starke und tapfere Braut zu haben und eine so sch\u00f6ne dazu. Ich hoffe ich gefalle dir auch ein wenig.\", lobte er sie und l\u00e4chelte sanft zur\u00fcck. Er war sehr zuvorkommend und versuchte das Beste aus ihrer Situation zu machen. Er war anderes als sein Vater, das merkte sie sofort. Er war mehr das Abbild Wekas und hatte den selben sanften Blick. \"M\u00f6chtest du noch etwas trinken? Oder ist dir kalt? Soll ich eine Decke holen?\", fragte er sie und man merkte ihm seine Nervosit\u00e4t an. \"Alles es ist in Ordnung. Keine Sorge!\", versicherte sie ihm. Vorsichtig griff sie nach seiner Hand um ihn ein wenig zu beruhigen. \"Bitte erz\u00e4hl' mir auch etwas \u00fcber dich!\", bat sie ihn und merkte wie er ihre Hand sanft dr\u00fcckte. Er hatte auch diese wundervolle Art, die einem sofort ein Gef\u00fchl der Geborgenheit vermittlete und sie begann sich wohler in seiner N\u00e4he zu f\u00fchlen. \"Da gibt es nicht so viel zu erz\u00e4hlen. Meine Mutter hat das bestimmt schon f\u00fcr mich \u00fcbernommen.\", begann er zu erz\u00e4hlen, \" Ich wurde vor 17 Wintern geboren und habe 5 Geschwister. Seitdem ich 12 bin nimmt mein Vater mich mit, wenn er in die Schlacht zieht. Er sch\u00e4mt sich aber st\u00e4ndig, da ich so schm\u00e4chtig bin. Ich habe jeden Abend stundenlang ge\u00fcbt, nachdem ich gegen dich verloren hatte, in der Hoffnung st\u00e4rker zu werden.\", berichtete er ihr. Es schien zu bedr\u00fccken, dass er nicht die selbe St\u00e4rke wie sie hatte. \"Ich glaube an dich. Eines Tages wirst du der st\u00e4rkste von uns allen sein.\", erwiderte sie ihm und strich \u00fcber seine Hand ein wenig sch\u00fcchtern. \"Danke das du mir das zutraust.\", bedankte er sich und umarmte sie pl\u00f6tzlich. Sie erschrak leicht, aber nach einigen Augenblicken wich der Schreck und sie merkte wie sie es doch genoss von ihm gehalten zu werden. \"Ich muss dir erz\u00e4hlen. Wei\u00dft Du, in der letzten Schlacht wurde ich von einem Pfeil verletzt. Es schmerzte furchtbar und ich konnte mich gerade noch rechtzeitig in Sicherheit bringen. Ich hatte viel Blut verloren und wusste nicht, ob ich es \u00fcberleben werden und dachte bereits es w\u00e4re mit mir zu Ende. Aber dann habe ich an dich gedacht und ich wusste, dass ich nicht aufgeben darf. Mit letzter Kraft schleppte ich mich zu meinen Leuten. Du warst sozusagen mein Schutzengel und hast mir das Leben gerettet.\" Er lockerte seine Umarmung um ihr in die Augen schauen zu k\u00f6nnen. Er strich sanft \u00fcber ihre Wange und l\u00e4chte sie sanft an. \"Ich bin froh dich getroffen und jetzt als meine Frau zu haben.\", fl\u00fcsterte er und k\u00fcsste sie kurz. Es f\u00fchlte sich nicht unangenehm an, aber sie wich zur\u00fcck als er ihren Kuss unterbrach. \"Ich muss dir auch etwas erz\u00e4hlen.\", begann sie und r\u00fcckte etwas zur\u00fcck. Langsam \u00f6ffnete sie ihr Kleid und zog es aus, sodass sie nur das kurze Unterkleid trug. Um ihre H\u00fcfte war ein G\u00fcrtel gebunden, an dem zwei Dolche befestigt waren. . \"Sie waren das Hochzeitsgeschenk deines Vaters. Er brachte sie mir heute morgen. Mein Ziehvater brachte mir bei mit ihnen umzugehen und er soll sie bis zu seinem Tod in den H\u00e4nden gehalten haben, um sich mit letzter Kraft zu wehren, nachdem sein Schwert verloren ging, bis ihr ihn umgebracht habt. Sie waren die Troph\u00e4e eures Sieges und Tepur hat sie mir erst heute gegeben, um zu sehen, ob ich ihm treu bin. Er wollte sehen, ob mein Drang nach Rache und Freiheit gro\u00df genug ist um dich zu t\u00f6ten. Ich bin nicht dein Schutzengel. Bei jeder Schlacht hoffte ich insgeheim, du kehrst nie wieder zur\u00fcck. Ich bin dein gr\u00f6\u00dfter Feind.\"",
            "wordcount": "1.308",
            "chapter_release": "06.10.2014",
            "chapter_number": "7"
        },
        "8": {
            "text": "Ihre Worte waren klar und ungesch\u00f6nt. Die reine Wahrheit ohne jede Ausnahme. Einen Anderen h\u00e4tte es schockiert, sodass er zur\u00fcckgewichen w\u00e4re. Er war aber anders. Er kam auf sie zu, griff nach ihrer Hand. \"Ich wei\u00df, dass du das nicht mehr bist. Du bist nicht mehr ein kaltbl\u00fctige Kriegerin. Ich kenne deine Kampfk\u00fcnste und wenn du das noch w\u00e4rst, h\u00e4ttest du mich schon l\u00e4ngst umgebracht. Bitte sag mir, dass ich richtig liege. Ich liebe dich und hoffe inst\u00e4ndig, dass du eines Tages meine Gef\u00fchle erwiedern kannst. Ich w\u00fcrde daf\u00fcr alles unternehmen. Du musst mir nur eine Chance geben.\", bat er sie inst\u00e4ndig und hielt ihre Hand mit beiden H\u00e4nden. Sie wich zur\u00fcck und z\u00f6gerte bevor sie ihm antwortete: \"Ich dachte noch heute morgen, dass du wie dein Vater seist und genauso herzlos und brutal w\u00e4rst. Doch ich erinnerte mich daran, wie du dich bei unserem Duell f\u00fcr mich eingesetzt hattest und mir eine Chance gabst. Ich sah wie du jeden Abend trainiertest und wollte dir auch noch eine Chance geben. Als ich dann aber zu dir kam und in deine Augen blickte, merkte ich, das ich mich get\u00e4uscht hatte. Du strahlst die selbe W\u00e4rme und Herzlichkeit wie deine Mutter aus. Sie hat es geschafft mich zu z\u00e4hmen und selbst wenn ich es w\u00f6llte, k\u00f6nnte ich dich nicht t\u00f6ten.\" Sie nahm den G\u00fcrtel mit den Dolchen ab und legte ihn auf den Boden. \"Ich werde mein Bestes geben eine gute Ehefrau f\u00fcr dich zu sein und versuchen dich so gut es geht zu besch\u00fctzen.\", versprach sie ihm und umschloss seine H\u00e4nde und r\u00fcckte nah an ihn heran. \"Der \u00c4lteste unterrichtete mich fr\u00fcher in der Geschichte unseres Klans. Er las mir auch aus den alten Schriften unserer Vorv\u00e4ter vor. Damals war es in einer solchen Situation Brauch einen Eid abzulegen und ihn durch seine Waffen zu besiegeln. Diese Dolche sind nun unsere Zeugen und Beweise. Ich m\u00f6chte, dass wir einen Schwur leisten um dieses Versprechen zu besiegeln.\", schlug er vor und legte seine Stirn auf ihre. \"Bitte sprich mir nach: Hier an diesem Ort schw\u00fcre ich, nie diesem Bund untreu zu werden.\" \" Hier an diesem Ort schw\u00fcre ich, nie diesem Bund untreu zu werden.\" \"Ich werde nie die Flamme in mir erl\u00f6schen lassen und nie aufh\u00f6ren f\u00fcr dich zu k\u00e4mpfen.\" \"Ich werde nie die Flamme in mir erl\u00f6schen lassen und nie aufh\u00f6ren f\u00fcr dich zu k\u00e4mpfen.\" \"Als Zeugen sollen diese Waffen dienen bis dieser Bund gel\u00f6st wird.\" \"Als Zeugen sollen diese Waffen dienen bis dieser Bund gel\u00f6st wird.\", wiederholte sie seine Worte. Er blickte tief in ihre Augen und hielt sie eng bei sich. \"Es ist schon sp\u00e4t. Wir sollten uns schlafen legen.\", sagte er sanft und strich \u00fcber ihren Arm. \"Ja das w\u00e4re das beste. Ich bin auch schon etwas m\u00fcde.\", antwortete sie. \"In Ordnung. Dann lass uns schlafen gehen.\", erwiderte er und half ihr auf. \"Komm lass mich zum Bett tragen und wenigstens das f\u00fcr meine Braut tun.\", schlug er vor und hob sie an, um sie auf seine Arme zu nehmen. Er trug sie durch das Zelt und legte sie vorsichtig auf die Felle, die ihnen als Bett dienen sollten. Er deckte sie zu und k\u00fcsste ihre Stirn. Anschlie\u00dfend begann auch er sich auszuziehen bis er noch noch sein langes Hemd trug. \"Darf ich mich neben dich heute Nacht legen?\", fragte er etwas sch\u00fcchtern. \"Nat\u00fcrlich darfst du!\", antwortete sie und r\u00fcckte zur Seite, um Platz f\u00fcr ihn zu machen. Er legte sich neben sie ein St\u00fcck weit entfernt und deckte sich selbst zu. \"Ich hoffe du wirst gut schlafen.\", w\u00fcnschte er ihr und strich ihr einige Haare aus dem Gesicht. \"Ich w\u00fcnsche dir dasselbe.\", antworte sie ihm und umarmte ihn sanft. \"Danke f\u00fcr alles Pirek.\", bedankte sie sich bei ihm bevor sie beide Arm in Arm einschliefen.",
            "wordcount": "667",
            "chapter_release": "06.10.2014",
            "chapter_number": "8"
        },
        "9": {
            "text": "Die Sonne war noch nicht aufgegangen als sie am n\u00e4chsten Morgen in seinen Armen erwachte. Er sah so friedlich schlafend aus. Sie lauschte seinem gleichm\u00e4\u00dfigen Atem und es kam ihr vor, als w\u00fcrden sie sich schon seit Jahren kennen. Die W\u00e4rme seines K\u00f6rpers f\u00fchlte sich geborgen an. Sie l\u00f6ste sich vorsichtig aus seinen Armen um aufzustehen und sich anzuziehen. Dieses Mal war es aber kein Kleid sondern Hemd und Hose und dar\u00fcber ihre R\u00fcstung. Auch den Waffeng\u00fcrtel mit ihrem leichten Schwert und ihren Dolchen legt sie um. Als sie fertig war kniete sie sich neben ihn und strich ihm durch sein weiches Haar. Er \u00e4hnelte auch \u00e4u\u00dferlich seiner Mutter sehr und hatte die selben Gesichtsz\u00fcge. \"Das was ich jetzt vorhabe tue ich nur f\u00fcr dich, oder der Schatten des Todes wird nie von dir verschwinden\", fl\u00fcsterte sie und schlich leise heraus um ihn nicht zu wecken. Sie h\u00fcllte sich in einen schwarzen Umgang um mit der Dunkelheit zu verschmelzen und nicht gesehen zu werden. Es war still im Lager. Alle schliefen noch ihren Rausch aus, denn man war am vorherigen Abend gro\u00dfz\u00fcgig mit dem Ausschenken von Bier und Wein gewesen. Sie schlich bis zu Tepurs Zelt. Wie sie erwartet hatte, war keine einzige Wache zu sehen. Vorsichtig schob sie den Vorhang beiseite und stahl sich hinein. Er war auch bereits wach und erwartete sie schon. \"Du kommst erst sp\u00e4t. Eigentlich bin ich \u00fcberrascht, dass du nicht so klug warst und schon l\u00e4ngst verschwunden bist.\", sagte er h\u00f6hnisch. \"Wieso wolltest du, dass ich ihn t\u00f6te? Er ist dein eigen Fleisch und Blut und zudem dein Erstgeborener.\", fragte sie ihn mit einem w\u00fctenden Unterton und schritt auf ihn zu. \"Du m\u00fcsstest es am besten wissen.\", erwiderte er, \"Er ist viel zu weich und gutherzig. Bei einem Duell l\u00e4sst er sich von einem M\u00e4dchen besiegen und in der Schlacht taugt er auch nichts. Er ist wie mein Weib. Wie soll er so vern\u00fcnftig den Klan weiterf\u00fchren. Ich habe noch viele andere S\u00f6hne, die dies besser tun k\u00f6nnen. Aber er hat das Recht auf die Nachfolge. Sein Tod ist also nur gut und recht. Damit w\u00e4re alles gesagt und du kannst gehen. Die Kette um deinen Hals ist der Preis f\u00fcrdeine Freilassung und du kannst gehen wohin du willst. Hast du noch einen Wunsch?\", fragte er sie und n\u00e4herte sich ihr. \"Ich m\u00f6chte noch etwas zur\u00fcckgeben.\", antwortete sie ihm und zog den Dolch hervor. Sie lief auf ihn zu und eher er sich versah rammte sie ihn in die Brust. Er war \u00fcberrascht von diesem pl\u00f6tzlich Angriff und sank zu Boden w\u00e4hrend sich sein Gewand rot f\u00e4rbte.\"Bevor Du stirbst, sollst Du noch etwas wissen. Dein Sohn ist immer noch am Leben. Der Schatten des Todes lag nicht \u00fcber ihm sondern \u00fcber deinem schuldbeladenen Haupt. Er wird der n\u00e4chste Anf\u00fchrer dieses Klans werden und dein Wirken bedeutungslos erscheinen lassen. Denn er besitzt ein warmes Herz, das die Finsternis vertreiben kann.\" \"Wie konntest du nur...\", r\u00f6chelte er mit letzter Kraft bis er regungslos zu Boden. Nun musste sie sich beeilen. Hecktisch \u00f6ffnete sie alle Truhen und verstreute deren Inhalt auf dem Boden. Das wertvolle Gold packte sie in einen Sack und nahm es mit. So erweckte es den Eindruck, als h\u00e4tte er Diebe ertappt und diese h\u00e4tten ihn erstochen. Sie l\u00f6schte die Kerzen und verschwand in der Dunkelheit. Auf dem Weg zur\u00fcck warf sie den Sack mit dem wertvollen Gold in den Fluss neben ihrem Lager und wusch das Blut von ihrem Dolch, um alle Spuren zu verwischen. Niemand hatte sie beobachtet und sie kehrte im Schutz der Dunkelheit zu ihrem Zelt zur\u00fcck. Sie zog so schnell wie m\u00f6glich ihre R\u00fcstung aus und versteckte diese, um sich wieder zu ihm zu legen. Der gleichm\u00e4\u00dfige Rhythmus seines Atems beruhigte ihr aufgew\u00fchltes Herz und sie konnte schlie\u00dflich wieder einschlafen. Als er kurz darauf erwachte lag sie neben ihm und schlief tief und fest. Er betrachtete ihr friedvoll schlafendes Gesicht. Nie d\u00fcrfte er erfahren, was sie gerade getan hatte sonst w\u00fcrde es sein Herz zerrei\u00dfen.",
            "wordcount": "685",
            "chapter_release": "06.10.2014",
            "chapter_number": "9"
        }
    },
    "title": "Disteln und Dornen",
    "topic": "unspecified",
    "release": "\n06.10.2014\n\t\t\t\t\t\t",
    "author": "Nirala Nox"
}