{
    "tags": [],
    "chapcount": "16",
    "wordcount": "14.673",
    "chapters": {
        "1": {
            "text": "LeonDer Gong der Schulklingel erklang. Der Ton war wesentlich angenehmer, als der Ton der deutschen Schulen. Zeit f\u00fcr eine Pause hatte ich jedoch nicht, denn ich musste zum Kyudo-Unterricht. Ich packte meine B\u00fccher in meinen Rucksack, schnappte mir meine blau, gelbe Sporttasche, eilte die Treppen runter und hechtete zum Sportplatz, der etwas weiter hinter der Schule lag. Eine angenehme Herbstbrise rauschte durch meine strubbeligen braunen Haare. Ich schaute auf meine Armbanduhr - 12:55 Uhr. Zwei Stunden Unterricht hatte ich noch vor \u0001 \u0002 trat nerv\u00f6s von einem Fu\u00df auf den anderen. Z\u00e4hlte jede Minute. Es war jetzt gerade \u0001 \u0002 Uhr geworden, und gleich w\u00fcrde sich zeigen, ob mein Plan aufging. Mina strich mir z\u00e4rtlich um die Beine und gab ein leises Schnurren von sich. Ich b\u00fcckte mich und kraulte sie sanft am Kopf. ,,In einem Monat bin ich wieder da.\", fl\u00fcsterte ich, und mir wurde bewusst, wie sehr ich die kleine, grau getigerte Katze, vermissen w\u00fcrde. Aber ich hielt es hier einfach nicht mehr \u0001 \u0002 ersten drei Monate meines Austauschjahres waren bereits vergangen. Nach einem unangenehmen Flug f\u00fchlte ich mich in Yokoze jetzt schon fast wie zuhause. Es war kein winziges Dorf, schon eher eine Kleinstadt, in der alles erreichbar war. Die Austauscheltern waren sehr freundlich und ich hatte in ihrem kleinen Haus sogar ein eigenes Zimmer bekommen, auch wenn es mir ebenfalls recht gewesen w\u00e4re, das Zimmer von ihrem Sohn Satoshi zu mieten, der zurzeit meinen Platz in Deutschland einnahm. Die Schule in Tokio war klasse. Der Leistungsdruck, den ich hier zu sp\u00fcren bekam, trieb mich \u0001 \u0002 dem schmalen, sandigen Durchgang zum Sportplatz wehten mir bunte Herbstbl\u00e4tter entgegen. Endlich angekommen, erschien auch schon unsere Lehrerin, Frau Uzumi. Eine mitte 30-j\u00e4hrige Japanerin mit einer schwarzen Brille. Sie hatte eine sehr starke Ausstrahlung und war eigentlich immer gut gelaunt. Ganz traditionell begr\u00fc\u00dften wir sie und zogen uns in der Umkleide um. Meine Klasse bestand aus 33 Sch\u00fclerinnen und Sch\u00fclern, die nun auf ihr Signal eilig Pfeil und Langbogen aus ihren Schr\u00e4nken holten, die sich in einem kleinen Schuppen am Rande des Sportplatzes \u0001 \u0002 ein synchron abgestimmtes Tanzteam schossen wir auf die bereitgestellten Holz-Zielscheiben. Yuna, ein sehr aufgewecktes M\u00e4dchen mit schulterlangen, hell gef\u00e4rbten Haaren, stellte sich neben mich. Ich zog den Spann meines Langbogens nach hinten, zielte und lie\u00df los. Der Pfeil sauste blitzschnell auf die Holz-Zielscheibe zu und traf genau die Mitte des rot gekennzeichneten Bereiches. \u201eLeo!\", jubelte Yuna neben mir, \"Das war klasse!\" Ein genervtes Seufzen fuhr mir \u00fcber die Lippen. \u201eYuna, bitte lass mich in Ruhe. Ich brauche meine Konzentration\", sagte ich in einem monotonen \u0001 \u0002 \u00fcberh\u00f6rte das gekonnt und fuhr fort:,,Leo, hast du heute nach der Schule Zeit f\u00fcr mich?\"Ich versuchte, sie zu ignorieren und zielte wieder auf die \u0001 \u0002 wiederholte ihre Frage, nun aber um einiges lauter und zupfte an dem \u00c4rmel meiner Schuluniform. \u201eNein, Yuna\", antwortete ich schroff und lie\u00df meinen Spann los.\"Aber Leo.. \" Ich unterbrach sie, laut und sauer: \u201eNEIN. Yuna, ich m\u00f6chte nicht mit dir-\", ein heller Schrei lie\u00df mich \u0001 \u0002,,Da drau\u00dfen ist es viel zu gef\u00e4hrlich \", h\u00f6rte ich die Stimme meines Vaters in meinen Gedanken. ,,Ich kann dich nicht auch noch verlieren.\", hatte er mir jedes Mal gepredigt, wenn ich ihn darum gebeten hatte, mal wieder einen Tag in Tokio ohne Bodyguards verbringen zu d\u00fcrfen. Denn mit den Bodyguards an meiner Seite, f\u00fchlte es sich, selbst in der Stadt, wie in einem Gef\u00e4ngnis an. Keiner der Anwohner traute sich auch nur in meine N\u00e4he, wenn sie die M\u00e4nner im typischen Yakuza-Outfit neben mir bemerkten. Ich hatte es tats\u00e4chlich einmal geschafft, meinen Vater zu \u00fcberreden, sie in normalen Alltagsklamotten mit mir in die Stadt zu schicken. Aber wenn mich auf der Stra\u00dfe auch nur ein Flyer-Verteiler ansprach, stand sofort einer der Bodyguards neben mir und zog mich weiter. Als ich sie in einem Caf\u00e9 darum gebeten hatte, mich alleine an einem Tisch sitzen zu lassen, und sie zustimmten, war das f\u00fcr mich ein absolutes \u0001 \u0002 einen Moment f\u00fchlte ich mich wie ein stinknormales M\u00e4dchen, das einfach im Caf\u00e9 ihren Kaffee trank und in ihrer Zeitschrift bl\u00e4tterte. Aber als einmal ein gutaussehender Junge zu mir kam und mich freundlich fragte, ob er mir Gesellschaft leisten d\u00fcrfte, da kamen sie aus der hinteren Ecke des Caf\u00e9s auf uns zu marschiert und machten eine Szene, die sich gewaschen hatte. ,, Verpiss dich Junge! Sie hat kein Interesse.\"Das Gesicht des Jungen werde ich nie vergessen. Ihm war der Schreck in die Glieder gefahren, und er sah mich nur verst\u00e4ndnislos an. Dann ging er einfach. Alle im Caf\u00e9 sahen zu uns her\u00fcber, und ich w\u00e4re am liebsten im Erdboden versunken. Das war wieder einer dieser Tage, an denen ich mein Leben verfluchte. Seitdem mied ich Caf\u00e9s und das Gef\u00fchl, mich wie ein stinknormales M\u00e4dchen zu f\u00fchlen.",
            "wordcount": "824",
            "chapter_release": "11.11.2019",
            "chapter_number": "1"
        },
        "10": {
            "text": "LeonMehrere 100 Meter vor der Kleinstadt hielt ich an und schaltete den Motor ab. \u201eEs ist besser, wenn wir das letzte St\u00fcck laufen, da diese Viecher auf Ger\u00e4usche reagieren.\", schlug ich vor und nahm den Helm ab. Aiko wirkte immer noch sehr aufgel\u00f6st. Langsam legte in meine Hand auf ihre Schulter und sah sie mitf\u00fchlend \u0001 \u0002 N\u00e4he war mir sofort unangenehm. Der Blick, den er mir zuwarf, troff vor Mitleid. Ich schlug seine Hand weg und gab ihm seinen Helm zur\u00fcck, dann ging ich ein paar Schritte voraus und gl\u00e4ttete meine Haare:,, Du meinst also, dass selbst hier Infizierte sein k\u00f6nnten, weswegen wir jetzt ewig auf das Dorf zu latschen m\u00fcssen?\" Ich wusste selbst nicht genau warum ich auf einmal so gereizt reagierte, aber ich sehnte mich so sehr nach Schutz und Geborgenheit und keins von beidem fand ich hier drau\u00dfen. Leon\u201eIch will nur auf Nummer sicher gehen, wenn wir das Dorf betreten.\", fauchte ich zur\u00fcck. Sarkastisch fuhr ich fort:,, Du kannst nat\u00fcrlich gerne vorfahren.\" Ich grinste. Ich ging davon aus, dass sie keinen F\u00fchrerschein besa\u00df, daf\u00fcr sah sie zu jung aus. Aiko warf mir einen giftigen Blick zu und ging voraus. Ich trottete mit meinem Motorrad hinterher. Die Strecke zum Dorf war in wenigen Minuten geschafft, und wir wechselten von der Stra\u00dfe auf den B\u00fcrgersteig. Auf den ersten Blick wirkte Yokoze friedlich. Ich konnte keine Spuren von Zerst\u00f6rung, oder dergleichen entdecken. Das Haus in dem ich wohnte, war das siebte auf der linken Seite und lag eher am Stadtrand. Ich stellte mein Motorrad auf den kleinen Vorhof, ging zur Haust\u00fcr und klopfte. Aiko stellte sich mit einem ausdruckslosen Gesichtsausdruck neben mich. Es dauerte einige Minuten bis Akari, meine Tauschmutter, die T\u00fcr \u00f6ffnete. Wir gr\u00fc\u00dften sie h\u00f6flich und gingen \u0001 \u0002 mein Tauschvater als Polizist in Tokio arbeitete, sollte er \u00fcber die Geschehnisse Bescheid wissen und hatte meine Gastmutter bestimmt bereits eingeweiht.\u201eHast du von den Vorf\u00e4llen in Tokio geh\u00f6rt?\", hakte ich vorsichtig nach. \u201eJa, Hiroko hat mich vorhin angerufen. Hier ist allerdings nichts passiert.\", antwortete sie. Dann deutete sie auf meine Uniform:,, Aber ist mit euch alles in Ordnung? Seid ihr verletzt?\"Ich begutachtete meinen \u00c4rmel, der an einigen Stellen Risse aufwies.\u201eMir ist nichts passiert. Das muss in der Schule passiert sein.\", beruhigte ich Akari. Akari goss Aiko und mir etwas Gr\u00fcntee ein und bat mich das Oberteil auszuziehen, damit sie es flicken und waschen konnte. Ich zog es aus und Akari setzte sich mit meinem Oberteil an die N\u00e4hmaschine.-----AikoDen Weg \u00fcber schwiegen wir. Auch wenn ich ihn gerne gefragt h\u00e4tte, wo wir \u00fcberhaupt hin gingen, lie\u00df mein Stolz es, nach unserer kleinen Auseinandersetzung, nicht \u0001 \u0002 standen vor einem kleinen Einfamilienhaus, und er klopfte. Ich war gespannt, wer uns gleich die T\u00fcr \u00f6ffnen w\u00fcrde. Wom\u00f6glich seine Eltern, aber ich konnte mir eigentlich nicht vorstellen, dass es Ausl\u00e4nder gerade nach Yokoze verschlug. Es dauerte eine Weile bis schlie\u00dflich eine Japanerin Ende 30 die T\u00fcr \u00f6ffnete. Wir verbeugten uns, und sie begr\u00fc\u00dfte uns herzlich. ,,Oh Leon. Du hast eine Freundin mitgebracht.\", fl\u00f6tete sie mit einem freundlichen L\u00e4cheln. ,,Das ist Aiko Mitsugashi.\", stellte mich Leon vor und wir betraten das Haus. Das Haus wirkte von innen viel gr\u00f6\u00dfer als von au\u00dfen und zudem auch viel freundlicher. ,,Beim n\u00e4chsten Mal musst du mir aber vorher Bescheid geben. Jetzt habe ich gar nicht aufger\u00e4umt, also entschuldige bitte die Unordnung Aiko.\", sie bedeutete uns im Wohnzimmer platz zu nehmen. ,,Ich finde ihr Haus wundersch\u00f6n.\", lobte ich, w\u00e4hrend ich mich auf den Boden vor einen langen Holztisch setzte. ,,Ich habe Gott sei dank gerade frischen Tee gebr\u00fcht.\", sie ging in die K\u00fcche und Leon bot seine Hilfe an, aber sie lehnte ab und kam mit einem Tablett wieder auf dem 3 Tassen und ein kleiner Teller mit Geb\u00e4ck standen. Sie stellte den Teller in die Mitte des Tisches und verteilte die Tassen. Dann setzte sie sich zu uns an den Tisch.\u201eHast du von den Vorf\u00e4llen in Tokio geh\u00f6rt?\", fragte Leon vorsichtig. Er sa\u00df direkt neben mir und ich boxte ihn gegen seine Knie. Wie konnte er nur so unh\u00f6flich sein. ,,Ja, Hiroko hat mich vorhin angerufen. Hier ist allerdings nichts passiert.\", antwortete sie und sah ihn nachdenklich und besorgt an. ,,Aber ist bei euch alles in Ordnung? Seid ihr verletzt?\", sie deutete auf seine Uniform. ,,Mir ist nichts passiert. Das muss in der Schule passiert sein.\", versuchte Leon sie zu \u0001 \u0002 goss uns noch etwas Tee ein, dann bat sie Leon um sein Oberteil, damit sie es n\u00e4hen konnte. Sie stand auf und setzte sich an die N\u00e4hmaschine. Leon sa\u00df nur noch im Unterhemd da, aber es schien ihm nichts auszumachen. ,,Du bist verdammt unh\u00f6flich, wei\u00dft du das? Direkt so mit der T\u00fcr ins Haus zu fallen.\" ,fl\u00fcsterte ich, auch wenn die N\u00e4hmaschine so laut war, dass Akari uns selbst nicht h\u00f6ren w\u00fcrde, wenn wir normal sprachen. ,,Wer ist \u00fcberhaupt Hiroko?\", ich trank einen Schluck von meinem \u0001 \u0002\"Hiroko ist Polizist, arbeitet in Tokio und mein Austauschvater.\", wisperte ich zur\u00fcck. ,,Mir war klar, dass sie schon \u00fcber die aktuelle Lage Bescheid wissen musste.\" Ich nippte vorsichtig an der Tasse Tee und stellte sie dann wieder auf den Tisch. Erleichtert davon, dass hier nichts vorgefallen war, lehnte ich mich nach hinten und schloss entspannt die Augen. ,,Ich bin zu Hause.\", h\u00f6rte ich pl\u00f6tzlich eine weibliche Stimme, die nur schwach die N\u00e4hmaschine \u00fcbert\u00f6nte. Mai, die Tochter von Akari kam gerade von ihrer Freundin, die im Nachbarhaus wohnte und begr\u00fc\u00dfte mich \u00fcberschw\u00e4nglich. \"Mai, sei h\u00f6flich.\", befahl Akari laut, \u00fcber das tackern der N\u00e4hmaschine hinweg. Ich t\u00e4tschelte Mai auf den R\u00fccken, die sich halb auf mich geschmissen hatte. \"Ist schon ok, Akari.\" Mai begr\u00fc\u00dfte Aiko freundlich und verschwand dann in ihrem Zimmer.//Vielen Dank f\u00fcr das Herz anonymer User *_* Es wird hier jetzt auch wieder regelm\u00e4\u00dfiger geupdatet :'D//",
            "wordcount": "999",
            "chapter_release": "16.12.2019",
            "chapter_number": "10"
        },
        "11": {
            "text": "Hallo, liebe Dying Heartbeat Leser! Zu diesem Kapitel hatten wir auf einer anderen Plattform ein Gewinnspiel gemacht, wobei 2 Gewinner eine SMS verfassen durften, die in die Geschichte eingebaut wurden. Da wir hier noch nicht so viele Leser haben, haben wir hier kein Gewinnspiel gestartet und deswegen haben wir einfach die Gewinner SMS von der anderen Plattform drin gelassen. Lange Rede kurzer Sinn, viel Spa\u00df mit diesem Teil! LG Lu & Oli AikoIch schreckte zusammen, als aufeinmal ein M\u00e4dchen herein st\u00fcrmte und sich auf Leon warf. Das M\u00e4dchen war etwa 12 Jahre alt und trug eine Schuluniform, mit einer roten Ledertasche auf dem R\u00fccken. Die \u00c4hnlichkeit zu Akari war verbl\u00fcffend. Sie waren sich wie aus dem Gesicht geschnitten. Das M\u00e4dchen hatte beim L\u00e4cheln so gar genau die gleichen Gr\u00fcbchen wie Akari. Sie stellte sich mir als Mai vor, und ihre witzige Art lie\u00df sie mich sofort ins Herz \u0001 \u0002 Mai das Wohnzimmer verlassen hatte, sah ich \u00fcber der Zimmert\u00fcr auf die Uhr. Es war mittlerweile schon nach 8. Leon\"Woher kommst du eigentlich? Du scheinst kein Stadtmensch zu sein.\"Aiko,,Ich komme aus Kawasaki, wie kommst du darauf, dass ich kein Stadtmensch sei?\", fragte ich \u0001 \u0002,,Naja du scheinst einen ganz sch\u00f6nen Stock im Arsch zu haben.\"AikoIch schnappte w\u00fctend nach Luft. ,,Was versteht ein Ausl\u00e4nder schon von japanischen Sitten.\", entgegnete ich trocken und trank einen gro\u00dfen Schluck Tee. Er zuckte nur mit den Schultern.-----LeonEs d\u00e4mmerte und eine gem\u00fctliche Stille legte sich \u00fcber das Dorf. Akari hatte mittlerweile die Uniform repariert. Ich hatte meinen Tee leer getrunken und bat nach einem weiteren. Nachdem Akari mir neuen Tee eingeschenkt hatte, setzte ich mich daran die Uniform zu s\u00e4ubern. Akari sah die ganze Zeit schon sehr besorgt aus und ich wollte ihr etwas Arbeit abnehmen. Akari klopfte mir dankend auf die Schulter und verschwand mit Aiko im Flur. Ich versank in meinen \u0001 \u0002 Rattern der N\u00e4hmaschine war mittlerweile verstummt und mir fielen fast die Augen zu. Das Adrenalin schien langsam meinen K\u00f6rper zu verlassen und ich sp\u00fcrte eine M\u00fcdigkeit, wie ich sie lange nicht gesp\u00fcrt hatte. Es fiel mir schwer aufrecht sitzen zu bleiben und Akari schien dies zu bemerken. ,,Komm, ich zeige dir das Zimmer in dem du schlafen kannst. Du bist ja todm\u00fcde.\" Ich nickte dankbar und raffte mich auf. ,,Ich wasch dann auch gleich die Uniform aus. So kannst du ja nicht rumlaufen.\", sagte sie an Leon gewandt. Sie schien den Fakt v\u00f6llig zu verdr\u00e4ngen, dass unsere Normalit\u00e4t vielleicht bald ein j\u00e4hes Ende finden w\u00fcrde, sollte das Milit\u00e4r die Situation nicht in den Griff bekommen. Die Schule w\u00fcrde bestimmt erstmal geschlossen \u0001 \u0002 nahm die Uniform vom Tisch und Leon stand ebenfalls auf. ,,Ich kann sie auswaschen, du brauchst das nicht machen.\", beteuerte er. Akari nickte und ich folgte ihr die Treppen nach oben ins Zimmer. Sie erkl\u00e4rte mir kurz, dass das Zimmer, das ihres Sohnes Satoshi sei, der zurzeit allerdings in Deutschland wohnte. Ich wollte sie fragen, ob sie, seit dem Ganzen, Kontakt zu ihm aufgenommen hatte, aber ich traute mich nicht. Nachdem sie mir eine Gute Nacht gew\u00fcnscht, und das Zimmer verlassen hatte, lie\u00df ich mich ersch\u00f6pft in die warmen Kissen fallen. Meine Glieder f\u00fchlten sich schwer und bleiern an. Unten h\u00f6rte ich das Wasser im Bad rauschen. Ich schlief direkt unter dem Dach und durch eine Luke konnte ich in den Sternenhimmel gucken. Alles in mir schrie nach Schlaf. Aber meine Gedanken hielten mich \u0001 \u0002 gut einer Stunde hatte ich die Flecken komplett raus gewaschen. \"Was versteht ein Ausl\u00e4nder schon von japanischen Sitten.\" Aikos Aussage lie\u00df mich innerlich \u0001 \u0002 umsonst hatte ich, lange vor meiner Reise nach Japan, recherchiert welche Sitten hier zu Lande \u00fcblich waren. Mai und Akari waren mittlerweile auch in ins Bett gegangen. Ich machte mir Sorgen um Hiroko, er war ein strenger, aber liebensw\u00fcrdiger Vater, wie ich ihn mir gew\u00fcnscht h\u00e4tte. Er w\u00e4re normalerweise schon vor 9 hier gewesen. Ich setzte mich mit dem mittlerweile kalten Tee ans Fenster der K\u00fcche und schaute nach drau\u00dfen. Das Fenster stand auf Kipp und man h\u00f6rte die Grillen zirpen. Es war eine sch\u00f6ne Nacht und man konnte die Sterne klar und deutlich erkennen. Ich trank den Tee Schluck f\u00fcr Schluck langsam aus und dachte dabei an meine Eltern, Freunde und Zuhause. Sie mussten sich Sorgen machen, wenn die Nachrichten davon berichteten. Ich zog mein Handy aus meiner Hosentasche und versuchte meine Mutter anzurufen. Kein Signal. Dann \u00f6ffnete ich die SMS, die aufgeploppt waren, bevor ich versucht hatte zu telefonieren.~~~~~~~~~~~~~~~~~~~~~~~~~~~[15:17, \u0001 \u0002.2019] Creepypastastorry +49177777776:Hallo \u0001 \u0002 ruachst doch regelm\u00e4ssig Zigarren oder?Ist dies nicht etwas umst\u00e4ndlich ind einer \u0001 \u0002 der dies fast \u00fcberall verboten ist?Erz\u00e4ll mal etwas \u0001 \u0002 freundlichen Gr\u00fcssen Simeon.~~~~~~~~~~~~~~~~~~~~~~~~~~~[21:46, \u0001 \u0002.2019]Leon +811788888887:Hei \u0001 \u0002 rauche keine \u0001 \u0002 Zigaretten und ich hab's geschafft weniger zu \u0001 \u0002 Trick ist dabei, sich nicht erwischen zu \u0001 \u0002 Gr\u00fc\u00dfe nach Deutschland.~~~~~~~~~~~~~~~~~~~~~~~~~~~Ich dr\u00fcckte voller Hoffnung auf Senden. Doch schon nach wenigen Sekunden bekam ich die Mitteilung, dass das Senden fehlgeschlagen war. Ich dr\u00fcckte erneut und es wiederholte sich. Vielleicht lag es an seinem Handy, redete ich mir ein und \u00f6ffnete die andere SMS.~~~~~~~~~~~~~~~~~~~~~~~~~~~[14:06, \u0001 \u0002.2019]Lebensvermieser +49177777776:Woher hast du meine Nummer!?~~~~~~~~~~~~~~~~~~~~~~~~~~~[21:47, \u0001 \u0002.2019]Leon +811788888887:Hast du nicht diese Whatsapp Gruppe? Aber ist eh schei\u00df egal. Ich komm eh nicht mehr aus Japan raus, wenn ich Pech \u0001 \u0002 Leon~~~~~~~~~~~~~~~~~~~~~~~~~~~Als w\u00fcrde ich noch aus Japan raus kommen, was hatte ich mir vorhin eigentlich gedacht? Meine Aussichten nach Hause zu kommen lagen so gut wie bei null. Und nochmal. Senden. Ich dr\u00fcckte unbewusst kr\u00e4ftiger, in der Hoffung, dass die Nachricht diesmal versandt wurde. Doch ich wurde erneut entt\u00e4uscht. Ich dr\u00fcckte die weiteren Mitteilungen auf meinem Bildschirm weg und versuchte meinen Kumpel Jonas zu \u0001 \u0002 das Gleiche. Dann \u00f6ffnete ich Whatsapp und versuchte auf Nachrichten zu antworten, doch meine Nachrichten blieben ausstehend. Komisch, mein Handy zeigte mir an, dass ich WLAN- Empfang \u0001 \u0002 stand ich auf und ging nach drau\u00dfen, um eine zu rauchen. Akari w\u00fcrde es hassen, wenn im Haus geraucht wurde, das hatte mir ihr Sohn Satoshi tausende Male \u00fcber Skype gepredigt. Ich setzte mich auf die kleine Treppe vor der Haust\u00fcr, welche ich zuvor angelehnt \u0001 \u0002 Nacht war wirklich friedlich und lie\u00df mich neue Hoffnung sch\u00f6pfen. Nach der Zigarette schlich ich wieder in die K\u00fcche. Schon kurz nach zehn. Ich pustete. Satoshis Zimmer, in dem nun Aiko lag, befand sich genau neben meinem Zimmer. Ich schritt leise die Treppen hinauf und lie\u00df mich in mein Bett fallen. Eine gef\u00fchlte Stunde sp\u00e4ter vernahm ich das Auto von Hiroko, aber ich war zu m\u00fcde, um nach unten zugehen. Zu m\u00fcde, um zu fragen was nun passieren sollte. Meine Augen fielen zu und ich schlief ein.",
            "wordcount": "1.162",
            "chapter_release": "18.12.2019",
            "chapter_number": "11"
        },
        "12": {
            "text": "AikoIch war fr\u00fcher aufgewacht als gedacht. Da ich kaum geschlafen hatte, war das letzte womit ich rechnete, dass ich um 7 bereits aufstehen w\u00fcrde. Aber als ich von unten aus der K\u00fcche Ger\u00e4usche h\u00f6rte und mir der s\u00fc\u00dfe Geruch von frischem Reis und Miso-Suppe in die Nase gestiegen war, hielt mich nichts mehr im Bett. Au\u00dferdem hatte ich Angst, etwas zu verpassen, jetzt, wo alles so unwirklich und wie in einem Albtraum schien. Ich hatte mich also schnell in meinem Sommerkleid, welches mir jetzt als Nachthemd diente, ins Erdgeschoss begeben und mich vorsichtig in die K\u00fcche geschlichen. Akari hatte gerade am Herd gestanden und mich freundlich gebeten mich schon mal an den Tisch zu setzen. Ich h\u00f6rte die Pfanne brutzeln und sog gen\u00fcsslich den Duft von w\u00fcrzigen W\u00fcrstchen in die \u0001 \u0002 und ich verstanden uns sofort. Wir plauderten \u00fcber das Wetter und ein paar Schauspieler, die wir mochten. Kein Wort \u00fcber die Vorf\u00e4lle von gestern. Schlie\u00dflich gesellte sich auch Mai zu uns. ,,Wow. Aiko. Mir ist gestern gar nicht aufgefallen, wie lang deine Haare sind. Wie machst du das? Meine brechen immer ab, wenn ich versuche sie lang wachsen zu lassen.\", schmollte sie und ich musste l\u00e4cheln. ,,Ich hab die Haarstruktur meiner Mutter geerbt. Ich mache nichts.\" Mit einem Blick zu ihrer Mutter schmollte sie weiter:,, Ich glaub ich hab die Haarstruktur von meinem Vater geerbt.\" Akari und ich wechselten kurz einen Blick, dann prusteten wir los. ,,Lacht nicht.\", Mai stemmte, gespielt w\u00fctend, ihre H\u00e4nde in die H\u00fcften und setzte sich dann zu uns an den Tisch. Kurz darauf erschien auch Akaris Mann, Hiroko. Ein gro\u00dfer Mann mit ernsten Z\u00fcgen. Ein kompletter Gegensatz zu Akari. Aber als er sich mir h\u00f6flich vorstellte und mir anbot, so lange zu bleiben wie n\u00f6tig, konnte ich erkennen, was Akari an ihm sch\u00e4tzte. LeonIch \u00f6ffnete die Augen. Das grelle Sonnenlicht, das durch die Dachluke fiel, blendete mich und ich kniff meine Augen direkt wieder zu. Man h\u00f6rte die V\u00f6gel zwitschern und das Rascheln zwischen den B\u00e4umen. Ich hatte mich gestern noch nicht mal umgezogen und lag nun leicht verschwitzt in meinem Bett. Von unten vernahm ich schon klapperndes Geschirr. Die Anderen schienen schon wach zu sein, denn ich h\u00f6rte dumpfe Stimmen. Noch leicht benommen setzte ich mich auf und sah auf die Uhr. 8:17 Uhr. Meine gewohnte Zeit, um die ich aufstand war gegen 6 Uhr, meist sogar fr\u00fcher. Ich stand auf, ging zu meinem Schrank und suchte mir ein graues Langarm-Shirt, eine schwarze Jeans, Socken und Unterw\u00e4sche raus. Danach begab ich mich ins Badezimmer, das sich im gleichen Stockwerk befand, um zu duschen. Ich zog mich aus und stellte das Wasser an. Behutsam drehte ich an dem W\u00e4rmeregler. Das Wasser schoss aus dem Duschkopf, ich schloss die Augen und lie\u00df mir das Wasser \u00fcber den Kopf laufen. Meine kurzen Haare waren schnell durchn\u00e4sst und ich wuschelte mir mit dem Shampoo durch die Haare. Danach wusch ich den Rest meines K\u00f6rpers und sp\u00fclte den Schaum ab. Erfreut \u00fcber die erw\u00e4rmende Dusche trat ich auf den weichen Teppich vor der Dusche und trocknete mich mit einem gro\u00dfen Handtuch ab. Angezogen ging ich die Treppen hinunter und in die K\u00fcche. Akari hatte den Fr\u00fchst\u00fcckstisch gedeckt und wartete nun, dass ich mich \u0001 \u0002 und Mai sa\u00dfen sich schr\u00e4g gegen\u00fcber. Hiroko sa\u00df auch bereits am Tisch und trank seinen unges\u00fc\u00dften Kaffee. Ich begr\u00fc\u00dfte sie und setzte mich neben Mai. ,,Guten Morgen Leo, hast du gut geschlafen?\", Mai grinste mich auf ihre niedliche Art und Weise an.\"Ja, Danke.\", ich l\u00e4chelte zur\u00fcck. Hiroko r\u00e4usperte sich und blickte uns streng an. Er mochte es nicht sehr gerne, wenn beim Essen geredet wurde. Wir entschuldigten uns und Akari bat uns nun zu fr\u00fchst\u00fccken. Der Tisch war gro\u00dfz\u00fcgig gedeckt mit typisch japanischen Leckereien. Aikos Blicke wanderte \u00fcber den Tisch und dann zu mir. Ich warf ihr einen genervten Blick zu und bediente mich am \u0001 \u0002 Als Leon die K\u00fcche betrat, l\u00e4chelte ich ihm freundlich zu und gr\u00fc\u00dfte ihn mit einem \"Guten Morgen\", aber er grummelte nur irgendetwas. Mai die extra aufgestanden war, um ihm einen Guten Morgen zu w\u00fcnschen, ihr antwortete er mit einem fr\u00f6hlichen L\u00e4cheln. Ich verzog mein Gesicht. Akari bemerkte es und nickte mir aufmunternd zu. Hiroko r\u00e4usperte sich streng. Mai und Leon setzten sich. Nat\u00fcrlich musste er mir direkt gegen\u00fcber zu sitzen. Seine Miene sprach B\u00e4nde. War er etwa nachtragend? Jedes Mal wenn sich unsere Blicke trafen wurde ich gereizter. Hatte er denn gar kein Benehmen?! Ich rutschte auf meinem Stuhl hin und her. Am liebsten h\u00e4tte ich ihn zurechtgewiesen. Aber ich versuchte gute Miene zum b\u00f6sen Spiel zu machen. Immerhin wollte ich es mir nicht mit Akari oder Hiroko verscherzen. Also zwang ich mich ein nettes Gesicht zu machen und widmete mich meinem Fr\u00fchst\u00fcck. Es war k\u00f6stlich. Nat\u00fcrlich war Akari kein 5 Sterne Koch, so wie ich es von zu Hause gewohnt war. Aber man schmeckte die Liebe mit der sie gekocht hatte. Ich nahm einen L\u00f6ffel Reis mit Fleisch und Karotte, und lie\u00df es mir schmecken. ,, Was ist los? Warum weinst du?\", fragte mich Akari besorgt. Ich sah verwundert auf. Die Tr\u00e4nen waren gekommen, ohne dass ich es bemerkt hatte. Das Essen blieb mir fast im Hals stecken. Eilig wischte ich mir meine Wangen trocken. ,, Es ist einfach so lecker.\", sagte ich an Akari gewandt. Und vermied es in Leons Richtung zu sehen. ,, Das ist doch kein Grund zu weinen.\" Akari war aufgestanden und reichte mir ein Paket Taschent\u00fccher. Ich sah zu Hiroko w\u00e4hrend ich mir ein Taschentuch aus der Packung nahm und mir meine Wangen trocknete. LeonIch sah zu Aiko, die nun nicht mal mehr in meine Richtung schaute. Sie nahm die Packung Taschent\u00fccher dankend entgegen und trocknete ihre Wangen. Pl\u00f6tzlich bekam ich ein dr\u00fcckendes Gef\u00fchl im Bauch. Mein schlechtes Gewissen. Sie war hier fremd und auf sich alleine gestellt. Normalerweise war ich auch nicht so nachtragend. Verdammt. Der Reis, der mir eben noch wunderbar geschmeckt hatte, schmeckte nun nur noch wie Gummi. AikoHiroko war die Situation deutlich unangenehm. Also setzte er zum Reden an. ,,Ich habe vorhin einen Anruf von einem Kollegen bekommen. Die Lage in Tokio hat sich nicht verbessert. Au\u00dferdem kann man momentan weder aus Japan ausreisen, noch in Japan einreisen. Aber sie sind jetzt dabei, so genannte, Schutz- und Quarant\u00e4nelager einzurichten.\", er nahm sich einen L\u00f6ffel Reis mit Suppe und f\u00fchrte ihn zum Mund. Mein Blick wanderte unwillk\u00fcrlich zu Leon. Hiroko musste Leons Hoffnung mit diesem einen Satz zunichtegemacht haben. Aber auch wir anderen mussten bei diesen Informationen heftig schlucken. Wie w\u00fcrde sich das Ganze blo\u00df entwickeln? Ich kaute nachdenklich auf einem St\u00fcck Fleisch \u0001 \u0002 biss mir auf die Unterlippe und lauschte dem was Hiroko erz\u00e4hlte. Dann schluckte ichden Reis herunter und stand auf. \"Ich bitte darum den Tisch verlassen zu d\u00fcrfen.\", ich richtete mich an Hiroko. Er sah mich mit ernstem Gesicht an und stimmte meiner Bitte zu. Ich stand auf und blieb im T\u00fcrrahmen stehen. \"Aiko ich w\u00fcrde gerne nachher mit dir reden.\", ich blickte \u00fcber meine Schulter zu ihr. Sie schien etwas \u00fcberrascht zu sein und nickte kurz. Z\u00fcgig verschwand ich in meinem Zimmer und schloss die T\u00fcr. Mein Benehmen war Aiko gegen\u00fcber unm\u00f6glich. Genervt setzte ich mich an den Schreibtisch. Ich pustete und nahm mir vor, mich bei Aiko nach dem Fr\u00fchst\u00fcck zu entschuldigen.",
            "wordcount": "1.237",
            "chapter_release": "20.12.2019",
            "chapter_number": "12"
        },
        "13": {
            "text": "LeonLangsam drehte ich mich auf dem Drehstuhl. Als mir meine Gitarre ins Auge fiel, die vor meinem Schrank lehnte. Ich griff sie mir und meine Stimmung wurde allm\u00e4hlich besser. Ich spielte ein Lied, das mir mein Bruder beigebracht hatte und verlor mich in l\u00e4ngst vergangenen Zeiten. Es war ein ruhiges langsames Lied. Ich spielte eine Weile und merkte nicht, dass Mai in der T\u00fcr stand und mir zuh\u00f6rte.\"Das ist ein sch\u00f6nes Lied, Leo.\", ich zuckte zusammen, als Mai mich aus meinen Gedanken riss. ,,Danke.\", erwiderte ich, stoppte und stellte die Gitarre neben den Schreibtisch. \"Seid ihr schon fertig?\" Mai nickte. Akari rief nach oben: ,,Mai komm bitte und hilf mir beim Abwasch.\" Mai rannte nach unten, wobei sie fast die Treppen runter gefallen w\u00e4re. \"Pass doch bitte auf, wenn du die Treppen so runter rennst.\" \"Jaha, Mama.\" Ich \u0001 \u0002 Leon den Esstisch verlassen hatte, herrschte betretenes Schweigen. Aber anscheinend schien es f\u00fcr alle in Ordnung gewesen zu sein. ,,Ich bin so satt. Vielen Dank Akari. Es war unheimlich lecker.\" Mai stimmte mir nickend zu. ,,Ich habe dir ein frisches Handtuch rausgelegt. Es h\u00e4ngt \u00fcber der Badewanne.\", sagte Akari und begann den Tisch abzur\u00e4umen. Ich fragte, ob ich ihr helfen k\u00f6nne, aber sie sch\u00fcttelte nur den Kopf. Mai und ich verlie\u00dfen die K\u00fcche und ich ging direkt ins Bad und stellte mich unter die warme Brause. Das tat gut. Allerdings beeilte ich mich lieber, da ich nicht das warme Wasser aufbrauchen wollte. Wahrscheinlich w\u00fcrde Akari es gleich f\u00fcr den Abwasch brauchen. Ich lugte kurz aus dem Bad und als ich niemanden sah, rannte ich schnell, nur im Handtuch, \u00fcber den Flur, in mein Zimmer. Gerade als ich mir eine frische dunkle Stoffhose aus meiner Tasche gekramt und angezogen hatte, klopfte es an der T\u00fcr.,,Ja.\", rief \u0001 \u0002 schien im Zimmer zu sein. Also ergriff ich meine Chance und klopfte an ihre T\u00fcr. Nach einem klaren \"Ja\" \u00f6ffnete ich die T\u00fcr. \"Aiko ich m\u00f6chte mich f\u00fcr mein Benehmen entschuldigen.\", \u00e4u\u00dferte ich etwas \u0001 \u0002,,Gut. Dann scheinst du ja zumindest ein bisschen Anstand zu besitzen.\", antwortete ich und musste g\u00e4hnen. Er stand in den T\u00fcrrahmen gelehnt und ich musterte ihn. Er hatte kurze braune Haare, die etwas zerzaust aussahen, aber ich konnte nicht sagen, ob es so gestylt, oder sein nat\u00fcrlicher Look war. Mit seinen gr\u00fcnen Augen und den markanten Gesichtsz\u00fcgen h\u00e4tte ich ihn unter anderen Umst\u00e4nden recht attraktiv gefunden, aber sein bisheriges Benehmen machte das alles f\u00fcr mich \u0001 \u0002 atmete h\u00f6rbar genervt aus. Wieder war sie so. So arrogant. So stur. Ich kaute w\u00fctend auf meiner Unterlippe. Aiko hatte eine kleine, schmale und sehr feminine Figur. Ihre langen schwarzen Haare waren noch nass vom Duschen und das Wasser tropfte auf den Boden. Ihre kleine Stupsnase lie\u00df ihre weiblichen Gesichtsz\u00fcge noch mehr zu Geltung kommen. Mir fiel eine Narbe auf, die sich wie eine Kette um ihren Hals legte. Bei dem Anblick der Narbe runzelte ich kurz die Stirn, wollte aber nicht weiter darauf eingehen. \"Ich will dich nicht los werden, nicht das du das denkst, aber du meintest gestern, dass du am liebsten nach Hause willst, oder m\u00f6chtest du doch noch l\u00e4nger hier bleiben? Akari scheint dich ja zu m\u00f6gen.\", erw\u00e4hnte ich m\u00f6glichst beil\u00e4ufig und verschr\u00e4nkte meine \u0001 \u0002 bemerkte wie er auf meine Narbe starrte. Das Make up, das ich gestern noch drauf geschmiert hatte, war nach dem Duschen v\u00f6llig verschwunden und ich hatte noch kein neues aufgetragen. Ich strich etwas nerv\u00f6s meine Haare vorne \u00fcber die Schultern, so dass sie meinen Hals etwas verdeckten. Der gereizte Unterton in seiner Stimme war un\u00fcberh\u00f6rbar. Er hatte sich doch gerade erst entschuldigt, warum war er jetzt schon wieder so komisch? Er wollte mich loswerden. Ich sp\u00fcrte es in jeder Faser meines K\u00f6rpers. Aber wieso? Was hatte ich ihm getan? Warum hatte er mich \u00fcberhaupt mitgenommen, wenn er mich eindeutig nicht leiden konnte. ,,Ich w\u00fcrde gerne nach Hause, ja. Aber ich hab keine Ahnung wie ich dorthin komme. Ich wei\u00df den Weg aus Tokio. Aber dein Gastvater meinte selbst vorhin, dass dort zurzeit Ausnahmesituation ist.\" Ich tippte mit meiner Fu\u00dfspitze vor mir auf den Boden. Das war eine Angewohnheit von mir, wenn ich mich unwohl f\u00fchlte. ,,Akari ist wirklich sehr nett.\", f\u00fcgte ich etwas leiser \u0001 \u0002 Unwohlsein war schon fast greifbar. Ein kleines L\u00e4cheln machte sich auf meinem Gesicht breit. Ich versuchte meine Stimme etwas zu legen.,,Du kannst gerne noch hier bleiben, aber ich denke nicht das Hiroko diese Anspannung zwischen uns lange mitmacht.\", sagte ich mit einem etwas freundlicheren \u0001 \u0002,,Anspannung? \", fragte ich und wurde rot. Doch im selben Moment begriff ich. Er meinte unser feindseliges Verhalten einander gegen\u00fcber. Im Japanischen konnte das Wort Anspannung auch das genaue Gegenteil bedeuten, n\u00e4mlich, dass wir auf einander scharf waren. Mir lief ein Schauer \u00fcber den R\u00fccken. ,,Ich versuche eine M\u00f6glichkeit zu finden, so schnell wie m\u00f6glich, nach Hause zu kommen. Also k\u00fcmmer dich einfach um deine Angelegenheiten.\", versuchte ich schnell von meinem Missverst\u00e4ndnis \u0001 \u0002 irritiert runzelte ich die Stirn. Pl\u00f6tzlich verstand ich und fing an zu lachen. Ich Idiot. ,,Tut mir leid, ich wollte dich nicht in Verlegenheit bringen.\" Ich kratze mich nerv\u00f6s hinterm Ohr. \"\u00c4hm .. Ich w\u00fcrde sagen wir beginnen von vorn.\", stammelte ich und begr\u00fc\u00dfte sie mit Verbeugung.,,Mein Name ist Leon Feldner. Freut mich dich kennenzulernen.\" Ich hoffte ich wirkte damit nicht zu albern, immerhin wollte ich die Stimmung auflockern, und etwas von dem vorherigen Missgeschick \u0001 \u0002 Situation wurde immer unangenehmer. Aber ich bem\u00fchte mich. Schlie\u00dflich wollte ich auch nicht, dass wir uns wom\u00f6glich vor Akari an die Gurgel gingen. Ich wollte ihm gerade antworten, als auf einmal ein unbekanntes Ger\u00e4usch den Raum erf\u00fcllte. Als ich Begriff was es war, drehte ich Leon, ohne ein Wort, den R\u00fccken zu und st\u00fcrmte zu meiner Tasche. Meine Finger f\u00fchlten sich an wie Gummi und beinahe w\u00e4re mit das Handy aus der Hand geglitten. Ich bet\u00e4tigte den gr\u00fcnen H\u00f6rer:,, Papa! \", rief ich in das Handy hinein. Doch als Antwort h\u00f6rte ich nur helles Rauschen. ,,Papa.\", rief ich erneut. Doch keine Antwort. Von unten h\u00f6rte ich Hiroko nach uns rufen.",
            "wordcount": "1.055",
            "chapter_release": "15.01.2020",
            "chapter_number": "13"
        },
        "14": {
            "text": "LeonNach Aikos missgl\u00fccktem Versuch den Anruf entgegen zunehmen, drang Hirokos Stimme nach oben. Wir hetzten die Treppen \u0001 \u0002 stand schon vor der Haust\u00fcr und erwartet uns. Ich blieb auf der letzten Treppenstufe stehen und Aiko direkt hinter mir. Sie legte, aus einem Reflex heraus, ihre Hand auf meine Schulter und sp\u00e4hte \u00fcber sie hin\u00fcber zu Hiroko. Der Eingangsbereich war nicht sonderlich gro\u00df, jetzt grad hatte Hiroko mit seiner st\u00e4mmigen Figur fast den kompletten Platz eingenommen. Er hatte schon wieder seine Polizisten Uniform an und verabschiedete Akari und Mai mit einem Kuss. In einem strengen Ton und mit einem ernsten Blick mahnte er mich:,,Leon. Ich \u00fcberlasse dir die Verantwortung. Ich muss nach Tokio.\" Erschrocken schaute ich zu Akari, die mit Mai in der Flurt\u00fcr stand. ,,Die Lage in Tokio ist kritisch und ich werde zur Unterst\u00fctzung gebraucht. Macht nach meiner Abreise das Radio an, um auf dem Laufenden zu bleiben.\", befahl Hiroko, \u00f6ffnete die T\u00fcr und schritt nach drau\u00dfen. Ich folgte ihm. Aiko blieb bei Mai und versuchte sie zu beruhigen. Hiroko stieg in das Polizeiauto und lie\u00df das Fenster runter. ,,Ich sage dir eins Leon, wenn irgendwas passiert, kannst du dich warm anziehen.\" Ich merkte, dass die Situation wirklich ernst war. Er fuhr fort mit gesenkter Stimme, damit nur ich es h\u00f6rte:,,Wenn es wirklich hart auf hart kommt und ihr selbst hier Schwierigkeiten bekommen solltet..\",er seufzte kurz,\"...unter einer Fliese, auf der rechten Seite der Toilette im oberen Badezimmer, liegt eine Waffe. Du musst die Fliese zerbrechen, um an die Waffe zu kommen.\" Nachdem ich seine Worte realisiert hatte, fuhr es mir eiskalt den Nacken runter. Er sah mich zuversichtlich an. \"Ich wei\u00df, dass du das kannst. Es wird bestimmt wieder sp\u00e4t werden.\", er verabschiedete sich schloss das Fenster und fuhr los. Ich blieb stehen und schaute dem Auto nach. Langsam ging ich ins Haus und versuchte mir nichts anmerken zu lassen. Aiko, Mai und Akari sa\u00dfen bereits vor dem Radio in der K\u00fcche. Ich setzte mich benommen auf einen Stuhl. Akari sah mich an und erkundigte sich:,, Leon, alles in Ordnung?\" \"Ja, ich mach mir nur Sorgen.\", best\u00e4tigte ich. Ich machte mir nicht nur Sorgen um Hiroko, sondern auch darum, dass er mir die komplette Verantwortung \u00fcbertragen hatte. Er vertraute mir eine seiner Waffen an, mit dem Gedanken, dass ich jemanden, oder etwas umbringen m\u00fcsste. Ich schluckte schwer. Aiko versuchte gerade den richtigen Sender einzustellen und drehte hastig am Rad. Zwischen dem Rauschen war eine Stimme zu h\u00f6ren. Aiko drehte behutsamer und fand den passenden Sender. \"Guten Tag. Ich bin Kenta Takashi von Radio Tokio und wir begr\u00fc\u00dfen heute Ayumi Sakaguchi, unsere Reporterin.\" Ayumi Sakaguchi ergriff das Wort:,,Die Lage hat sich um weiten verschlechtert. Gestern hat das Milit\u00e4r in Windeseile einige Quarant\u00e4nelager rund um Tokio errichtete und versucht nun den Virus in Tokio in Schach zu halten. Die Stadt \u00e4hnelt einem Tr\u00fcmmerfeld. Gesch\u00e4fte wurden ausgeraubt und die Stra\u00dfen sind von Autos blockiert. Hinzu kommt es noch zu einem landesweiten Blackout der gesamten mobilen Netzwerke, also bleibt Ihnen der Internetzugriff und die Kontaktaufnahme bis auf weiteres verwehrt.\" Es f\u00fchlte sich beklemmend an, dass Hiroko gerade genau dorthin fuhr. Ich konnte nicht mehr hier sitzen bleiben, stand auf und ging nach oben.\"Leo. Papa hat gesagt wir sollen beim Radio bleiben.\", rief mir Mai hinterher. \"Ich muss kurz auf die Toilette.\", rief ich. Ich verschwand im Badezimmer und stand nun vor der Toilette. Mein Herz pochte und mein kompletter K\u00f6rper schien sich dem anzuschlie\u00dfen. Ich hockte mich hin und klopfte auf die rechte Fliese. Der Hohlraum darunter war deutlich zu h\u00f6ren. Ein kalter Schauer lief mir blitzschnell den R\u00fccken runter und ich lie\u00df von der Fliese ab. Ich verlie\u00df das Badezimmer und setzte mich auf die vorletzte \u0001 \u0002 Hiroko uns verlie\u00df beschlich mich ein ungutes Gef\u00fchl. Und das Gef\u00fchl verst\u00e4rkte sich nur noch, als wir in der K\u00fcche Platz nahmen und anfingen dem Radio zu lauschen. Den Radiomoderatoren gelang es kaum ihre Angst hinter den Fakten zu verbergen. Ich sah zu Akari, sie hatte einen Arm um Mai gelegt und streichelte ihre Schulter. Die Spannung in der K\u00fcche war fast greifbar. Leon war nach uns in der K\u00fcche aufgetaucht, aber verschwand gleich wieder. Akari seufzte stand auf und begann Tee aufzubr\u00fchen. Ich sah zu Mai die mit einem ihrer Finger kleine Kreise auf die Tischplatte malte. Sie bemerkte meinen Blick und hob den Kopf. ,, Sag mal Aiko. Wo kommst du eigentlich her? Und warum bist du nicht bei deinen Eltern?\" Ich hatte gewusst, dass die Fragen irgendwann losgehen w\u00fcrden. Aber ich war mir nicht sicher was ich darauf antworten sollte, oder wollte. Bei dem Gedanken ihr meine Geschichte zu erz\u00e4hlen wurde ich unendlich m\u00fcde. Also beschloss ich mich kurz zu halten und nicht zu viel preiszugeben. ,, Ich wollte Urlaub in Tokio machen. Ich war gerade angekommen, als...\", ich schluckte. ,,... als pl\u00f6tzlich die Nachrichten von den ersten Vorf\u00e4llen berichteten. Ich war v\u00f6llig \u00fcberfordert und wenn Leon nicht gewesen w\u00e4re... Ich denke ich h\u00e4tte es ohne ihn nicht aus der Stadt geschafft. Die Panik brach aus wie ein Lauffeuer, niemand wusste mit der Situation umzugehen, alle.. \", Akari r\u00e4usperte sich. Ich hielt mir eine Hand vor den Mund. Ich war dabei gewesen mich in rage zu reden und hatte nicht mehr vor Augen gehabt, dass ich gerade mit ihrem Kind redete. ,, Naja auf jeden Fall bin ich dankbar, dass ich erstmal hier unterkommen darf.\" Mai nickte verst\u00e4ndnisvoll. ,, Und deine Eltern?\", hakte sie noch einmal nach. ,, Mai. Ich sag es dir immer wieder. Sei nicht so neugierig.\", sagte Akari in einem tadelnden Tonfall. Sie ahnte, dass mich die Frage runterziehen k\u00f6nnte. Ich winkte ab:,, Meine Mutter ist vor ein paar Jahren gestorben. Ich habe mit meinem Vater zusammengelebt. Aber seit der Virus ausgebrochen ist, kann ich ihn leider nicht erreichen.\" Mai sah etwas besch\u00e4mt zu Boden. Dann sah sie mich wieder an. ,, Tut mir Leid. Ich h\u00e4tte nicht fragen sollen.\" Ich sch\u00fcttelte den Kopf. ,, Ist schon gut.\" Akari, die zu merken schien wie ich mit den Gedanken zu meinem Vater abdriftete, schlug mit der Handfl\u00e4che auf den Tisch.,, Wenn wir hier schon rumsitzen m\u00fcssen, k\u00f6nnen wir doch auch etwas spielen.\"LeonIch war total hin und her gerissen, ob ich den anderen das mit der Waffe erz\u00e4hlen sollte, oder nicht. Es schien eher so zu sein, dass nicht mal Akari davon wusste, sonst h\u00e4tte Hiroko lauter gesprochen. Oder er hatte es nur gemacht, um Mai keine Angst zu machen. Meine H\u00e4nde zitterten. Ich war v\u00f6llig \u00fcberfordert mit der jetzigen Situation. ,,Wenn wir hier schon rumsitzen, k\u00f6nnen wir doch auch etwas spielen\", drang aus der K\u00fcche nach oben. \"Ja\", jubelte Mai. Ich riss mich zusammen und ging nach unten, ohne mir irgendwas anmerken zu lassen nahm ich \u0001 \u0002 kam schlie\u00dflich zur\u00fcck und Mai kam mit einem gro\u00dfen Holzkoffer aus einem der Zimmer im Erdgeschoss. Sie platzierte den Koffer auf dem K\u00fcchentisch und klappte ihn auf. Er verwandelte sich in ein gro\u00dfes Mahjong Spielfeld und Akari begann die Steinchen zu mischen. ,,Kennst du Mahjong? Wei\u00dft du wie es funktioniert? \", erkundigte sich Akari, w\u00e4hrend sie begann aufzubauen. Ich nickte:,, Ja, ich habe es als Kind oft mit meinem Vater gespielt. Aber ich bin nicht sonderlich gut.\", gab ich zu und begutachtete die Steinchen, die sie mir ausgeteilt hatte. ,,Da kannst du dich mit Leon zusammen tun. Er ist immer der erste, wenn es ums verlieren geht.\", sie lachte und wir begannen reihum zu \u0001 \u0002 gute Stunde spielten wir bis es klopfte. Akari stand auf und ging zur T\u00fcr. \"Leon? Es ist f\u00fcr dich. Daiki und Isamu.\", rief Akari in den Flur. Ich stand auf und ging zur T\u00fcr. Daiki, der direkt neben uns wohnte und Isamu, der am anderen Ende des Dorfes wohnte, fragten ob ich Lust h\u00e4tte etwas spazieren zugehen. Mir war bewusst, dass sie wissen wollten, was genau in Tokio passiert war. \"Akari, ich w\u00fcrde gerne mitgehen, wenn du nichts dagegen hast?\", fragte ich vorsichtig. Sie stimmte zu:,, Nimm doch bitte Aiko mit und zeig ihr ein bisschen das Dorf, aber passt auf euch auf.\" Ich stimmt zu und wartete auf Aiko. |Ende - Episode 5||N\u00e4chste Episode : Shots|",
            "wordcount": "1.394",
            "chapter_release": "19.01.2020",
            "chapter_number": "14"
        },
        "15": {
            "text": "AikoIch schmiss mir schnell eine Jacke \u00fcber und rannte nach unten. Leon und die beiden anderen Jungen warteten schon auf mich. Der gr\u00f6\u00dfere von ihnen, der sich mir als Daiki vorstellte, zwinkerte mir verschw\u00f6rerisch zu. Mit seiner trainierten Statur und den gestylten Haaren, ahnte ich schon, dass er von vielen als Frauenschwarm angesehen wurde und sich dem auch sehr bewusst war. Ich wich seinem Blick aus und begr\u00fc\u00dfte den kleineren, Isamu, mit einem freundlichen L\u00e4cheln. ,,Seit ihr zu Fu\u00df, oder mit den Motorr\u00e4dern? \", fragte Leon w\u00e4hrend er seine Jacke zumachte. ,,Wir sind zu Fu\u00df, wollten nachher eventuell noch in die Bar.\", erwiderte Daiki. Leon hielt sich einen Finger vor die Lippen und deutete mit dem Kopf in Richtung K\u00fcche, in der Akari und Mai sa\u00dfen, dabei grinste er, legte Daiki einen Arm um die Schultern und fl\u00fcsterte:,, M\u00fcssen die dahinten ja nicht mitkriegen.\" Wir lie\u00dfen das Haus und die Einfahrt hinter uns und schlenderten Dorf \u0001 \u0002\"Eigentlich gibt es hier nicht viel zu sehen.\", erw\u00e4hnte ich und sah Aiko an. Sie nickte kurz. Daiki wechselte den Platz neben mir und schlenderte, nun mit einer lockeren Haltung und H\u00e4nden in den Hosentaschen, neben Aiko \u0001 \u0002 merkte leichtes Unbehagen in mir aufsteigen, als ich das wahrnahm. Ich wusste genau, dass Daiki ein Frauenaufrei\u00dfer war und runzelte leicht die Stirn. ,,Hauptsache ich hab etwas anderes um die Ohren.\", sagte Aiko fl\u00fcchtig. Ich l\u00e4chelte Aiko aufmunternd zu. ,,Tut mir echt leid, Aiko. Ich hoffe ich zieh dich damit jetzt nicht wieder runter. Aber ich muss wissen was passiert ist.\", wendete sich Isamu an Aiko und dann an mich:,, Leon, erz\u00e4hl mal bitte was \u00fcberhaupt vorgefallen ist.\" Ich schnappte nach Luft und fing an von den Geschehnissen zu berichten. Dennoch bekam ich mit wie Daiki Aiko \u0001 \u0002 betrachtete die kleinen und gro\u00dfen H\u00e4user am Stra\u00dfenrand. Alle hatten ihre eigenes Grundst\u00fcck und eine eigene Garageneinfahrt. Als wir mehr und mehr ins Innere des Dorfes gelangten, sah ich auch ein paar kleine L\u00e4den. Ich h\u00e4tte mich gerne in einem von ihnen umgesehen, aber da Leon gerade dabei war die Geschehnisse ausf\u00fchrlich zu schildern, wollte ich ihn nicht \u0001 \u0002 erz\u00e4hlte bis zu der Stelle, an der ich mit Aiko von der Tankstelle los gefahren war. Isamu war v\u00f6llig schockiert, als er davon h\u00f6rte und atmete lautstark aus:,,Du wirkst so gefasst beim Erz\u00e4hlen.\", dann wandte er sich an Aiko:,, Dann kam Leon ja genau im richtigen Moment.\" Aiko,,Ja, ohne ihn w\u00e4re ich aufgeschmissen gewesen.\", ich l\u00e4chelte Leon dankbar an. ,,Aber wer h\u00e4tte so ein h\u00fcbsches M\u00e4dchen auch sich selbst \u00fcberlassen k\u00f6nnen.\", sagte Daiki und stie\u00df Leon kumpelhaft in die \u0001 \u0002 verdrehte meine Augen so, dass Daiki es nicht sehen konnte. Er kam Aiko etwas n\u00e4her, was sie aber nicht bemerkte. Ich zog sie an ihrem \u00c4rmel unauff\u00e4llig etwas n\u00e4her zu mir. Sie sah mich etwas verwundert an. Ich blickte nach vorne und hoffte, dass sie merken w\u00fcrde, dass ich sie mit dieser Geste nicht anbaggern wollte. ,,Hat deine Mutter nicht ein Gesch\u00e4ft in Tokio?\", fragte ich Daiki interessiert. Er nickte:,, Ja, sie hat das Gesch\u00e4ft kurz nach den Nachrichten geschlossen und ist heil nach Hause gekommen.\"AikoLeon zog mich am \u00c4rmel etwas zu sich. Ich sah ihn irritiert an und formte mit meinen Lippen ein stummes ,,Was?\", aber er ignoriert mich und stellte Daiki stattdessen eine Frage nach Daikis \u0001 \u0002 wir den Rundgang durch das Dorf beendet, und auf Aikos Wunsch, schlie\u00dflich auch die Gesch\u00e4fte durchst\u00f6bert hatten, schlug Isamu vor in die Bar seines Vaters zu \u0001 \u0002 war mittlerweile kurz vor sechs und die Bar war nur sp\u00e4rlich besucht.,,Leon.\", gr\u00fc\u00dfte mich Masato, Isamus Vater und Barbesitzer erfreut:,,Du bist doch bestimmt aus Tokio gerast wie ein bekloppter.\" Ich l\u00e4chelte ihn an:,, Klar, du kennst mich doch.\" Er klopfte mir auf die Schulter. Wir setzten uns an einen Tisch am Fenster. ,,F\u00fcr euch das \u00dcbliche, Jungs?\", fragte er lachend. ,,Und Sie junge Dame, was darf ich Ihnen bringen?\"Aiko,,Eine Sprite, bitte.\", sagte ich h\u00f6flich. ,, Mit Schuss.\", f\u00fcgte Daiki hinzu. Ich sah ihn erstaunt an. ,,Alles klar.\", sagte der Wirt und zwinkerte mir zu. Ich widersprach nicht. ,,Masato ist Isamus Vater und stolzer Besitzer dieses Etablissements\", kl\u00e4rte Daiki mich auf:,,Du kannst trinken was du willst. Er fragt nicht nach deinem Alter.\" Ich nickte langsam und erntete einen skeptischen Blick von Leon. ,,Kannst du Alkohol ab?\", fragte er mich mit einer hochgezogenen Augenbraue. ,,Heute ist der perfekte Tag, um das herauszufinden.\", lachte ich und sah in die erschrockenen Gesichter der Jungs. ,,Nein, nein. Ich habe schon des \u00d6fteren, mit meinem Vater zusammen, Sake getrunken.\" Isamu atmete h\u00f6rbar erleichtert aus:,, Gut. Wir kratzen dich n\u00e4mlich nicht vom Boden auf. \"",
            "wordcount": "816",
            "chapter_release": "27.01.2020",
            "chapter_number": "15"
        },
        "16": {
            "text": "LeonDie Stimmung war klasse. Wir unterhielten uns \u00fcber belanglose Themen und den jetzigen Schulstoff. Aiko hielt sich zur\u00fcck und h\u00f6rte uns zu. ,,Alles gut?\", fragte ich sie etwas besorgt. ,,Klar ist mit ihr alles in Ordnung.\", lachte mich Daiki an und legte seine Hand kurz auf Aikos:,, Ich bin ja da.\" Mich lie\u00df das Gef\u00fchl nicht los, dass es zwischen mir und Daiki noch knallen w\u00fcrde. Ich versuchte es locker zu nehmen und unterhielt mich wieder mit Isamu, der von einem M\u00e4dchen aus seiner Klasse \u0001 \u0002 legte seine Hand auf meine und ich zog sie weg. ,,Ich kann f\u00fcr mich selbst sprechen. Wir leben nicht mehr im 19. Jahrhundert.\", ich warf ihm einen giftigen Blick zu. \u00dcber den Tisch sah ich, wie Leon sich ein Lachen verkniff. ,,Tut mir leid. Ich halte mich zur\u00fcck.\" Daiki hielt seine beiden H\u00e4nde bes\u00e4nftigend in die Luft. ,,Danke. \", meinte ich nur und rutschte etwas von ihm weg. ,,Nimm es ihm nicht \u00fcbel.\", mischte sich auf einmal Isamu ein:,, Er vergisst sofort sein benehmen, wenn er ein h\u00fcbsches M\u00e4dchen sieht. Aber wenn du ihn n\u00e4her kennenlernst, ist er eigentlich ganz zahm.\" Daiki lachte:,, Achja bin ich das?.\"LeonIch lachte. Zahm? Alles nur bestimmt nicht Daiki. Ich verkniff mir diesen Satz und nippte an dem Glas. ,,Papa, hast du etwas zu Knabbern f\u00fcr uns?\", erkundigte sich Isamu an der Theke. ,,Klar. Ich hab nur auf die Frage gewartet.\", antwortete er und stellte uns eine Sch\u00fcssel mit Chips und anderen Leckereien hin. Ich nahm mir direkt eine Handvoll. Isamu stie\u00df mich mit dem Ellbogen an und fl\u00fcsterte:,, Aiko ist wirklich h\u00fcbsch oder?\" Er schmunzelte. Ich wusste genau worauf er hinaus wollte. Ich l\u00e4chelte und machte eine ausweichende Handbewegung. Aiko war wirklich sehr h\u00fcbsch und sie strahlte, wenn sie denn mal \u0001 \u0002 merkte, wie mir der Alkohol langsam zu Kopf stieg und war dankbar etwas Salziges knabbern zu k\u00f6nnen. Ich bediente mich reichlich und bemerkte wie mich Leon daraufhin sp\u00f6ttisch angrinste: ,,Da hat aber jemand Hunger. Wir haben doch vorhin erst Ramen gegessen.\" Ich verdrehte die Augen. ,,Das ist der Alkohol-Hunger, kennst du das nicht?\" Er grinste: ,,So lange es nicht wieder raus kommt.\" Daiki und Isamu lachten. ,,Ja, ja, ja. Mal sehen bei wem hier was raus kommt.\", erwiderte ich herausfordernd und orderte zwei Kurze. Einen davon stellte ich Leon vor die Nase. ,,Jetzt will sie es aber wissen.\", lachte Daiki neben mir und sah Leon abwartend \u0001 \u0002 grinste siegessicher und nahm das Shot-Glas. ,,Na, dann.\", ich hob das Glas an und Aiko tat dasselbe. Etwas mulmig wurde mir schon bei dem Gedanken, dass ich sie noch nach Hause bekommen musste. Wir setzten an und tranken. Fast gleichzeitig stellten wir die Gl\u00e4ser ab. Daiki orderte vier weitere. Ich lehnte mich zu Aiko und fragte:,,M\u00f6chtest du demn\u00e4chst nach Hause?\" Mir war ihre Antwort eigentlich schon klar. ,,Nein, noch nicht.\"Eigentlich wollte ich selber noch nicht los. Die Stimmung lie\u00df mich das momentanen Geschehen in Tokio etwas \u0001 \u0002 genoss die Ablenkung, so hatte ich mir eigentlich meine N\u00e4chte in Tokio ertr\u00e4umt. ,,Und dann hat sie dir wirklich vor der ganzen Klasse eine verpasst? \", fragte ich Isamu lachend. ,,Ja, dabei wollte ich nur die Spinne von ihrem Hemd wegschnipsen. Ich wei\u00df ja das M\u00e4dchen sich oft davor f\u00fcrchten. Aber sie dachte wohl ich wollte ihr an die W\u00e4sche gehen.\" Ich kriegte mich gar nicht mehr ein vor Lachen und auch Daiki prustete los:,, Du h\u00e4ttest sein Gesicht sehen sollen.\"Leon,,Zum Gl\u00fcck hat sie es danach dann doch noch verstanden, aber vorher musste ich mir eine einfangen\", erz\u00e4hlte Isamu. Ich lachte. Masato brachte uns noch eine Runde Getr\u00e4nke und die Kurzen. Langsam merkte ich den Alkohol und mir wurde leicht warm. Ich griff an meinem Kragen und f\u00e4chelte mir Luft ins Shirt. ,,Aber wenn wir grad bei dem Thema sind, wie steht's denn mit deiner Flamme Daiki?\", fragte Isamu und grinste ihn an. Er machte eine abwinkende Handbewegung und sch\u00fcttelte den Kopf:,, H\u00f6r blo\u00df auf... und bei dir Aiko? Leon frag ich gar nicht erst. Seine K\u00f6rpergr\u00f6\u00dfe schreckt die meisten M\u00e4dchen ja schon ab.\" Er lachte laut und ich musste mich dem \u0001 \u0002,,Bei mir l\u00e4uft gaaaaaaaaar nichts.\", zur Untermalung hob ich meine H\u00e4nde in die Luft und breitete meine Arme aus. Dann lie\u00df ich sie mit einem Rums auf die Tischplatte fallen und griff nach meinem Glas Bier. Ich trank es in einem Rutsch leer und knallte es auf den Tisch. ,, Arhhh.\", seufzte ich. ,,Bitte noch eins.\", rief ich dem Wirt lallend zu. ,,Nein, nein. Warten sie. Leon trinkt auch noch eins.\", h\u00e4ngte ich noch an meine Bestellung hinten an. ,,Das geht auf mich Leon. Ich danke dir vielmals, dass du mich mitgenommen hast. Danke, danke, danke, danke!\", dabei warf ich ihm eine Kusshand zu, verlor etwas das Gleichgewicht und rutschte in Richtung Daiki. Dieser nutzte die Gelegenheit und legte einen Arm um mich. Es st\u00f6rte mich nicht, der Alkohol stimmte mich offener. ,,Ich glaub die kleine ist langsam voll. Wie sieht es bei euch aus Jungs. Geht noch was rein?\", er hob sein Glas zum Prosten. Ich sah Leon etwas widerwillig \u0001 \u0002 schaute zu Aiko. ,, Ich glaub wir gehen lieber nach Hause, Aiko.\", riet ich ihr. ,,Nein, noch nicht Leon.\", lallte sie. ,,Ich glaube das frische Luft ihr ganz gut tun w\u00fcrde. Lasst uns doch noch zum See gehen.\", schlug Isamu vor. ,,Ja, gute Idee.\", stimmte ich zu, holte meine und Aikos Jacke und trat zu Masato an den Tresen. ,,Ich glaube wir brauchen die zwei Bier nicht mehr\", sagte ich leise. Ich wollte nicht, dass Aiko noch mehr trank. Masato nickte mir zu. Ich war mir nicht sicher, wie ich jetzt mit ihr umgehen sollte. ,,Ich w\u00fcrde sagen, wir trinken unsere Gl\u00e4ser leer und gehen dann los.\", schlug Daiki vor, trank sein Glas leer und grinste:,, Also meinen Teil habe ich schon mal erledigt.\" Nach etwa 20 Minuten hatten wir unsere Gl\u00e4ser geleert. Ich legte Masato Geld auf die Theke und bedankte mich. Wir verabschiedeten uns und torkelten zum See.|Ende - Episode 6||N\u00e4chste Episode : Wahrheit oder Pflicht|",
            "wordcount": "1.059",
            "chapter_release": "14.02.2020",
            "chapter_number": "16"
        },
        "2": {
            "text": "LeonAlle drehten sich um und schauten in Richtung aus der der Schrei gekommen war. Eine Klassenkameradin, die eben noch aus dem Unterricht entlassen worden war, weil sie sich unwohl gef\u00fchlt hatte, erschien nun neben dem Schulgeb\u00e4ude. Ihre Schuluniform war blut\u00fcberstr\u00f6mt. Frau Uzumi rannte zu ihr und rief uns panisch zu:,, Ruft einen Krankenwagen! Sofort!\"Mir fuhr ein eiskalter Schauer \u00fcber den R\u00fccken, und ein ekelhaftes Gef\u00fchl machte sich in mir breit. Yuna z\u00fcckte ihr Handy, w\u00e4hlte die Nummer des Notarztes und schilderte die Situation. Die meisten Sch\u00fcler eilten zu Frau Uzumi und Miu, und wir schlossen uns ihnen \u0001 \u0002 heulte laut und versuchte W\u00f6rter herauszupressen. Frau Uzumi versuchte sie zu beruhigen:,, Miu, der Krankenwagen ist auf dem Weg.\" Die Menge der Sch\u00fcler war komplett still. Sie waren geschockt von dem ganzen Blut, das mittlerweile Mius Kleidung durchtr\u00e4nkt hatte und auf den Boden tropfte. Yuna umklammerte meinen Arm, in diesem Moment st\u00f6rte mich ihre N\u00e4he nicht. Miu atmete schneller und schneller, bis sie pl\u00f6tzlich innehielt und eine riesige Menge Blut kotzte. Die Lache verteilte sich schnell \u00fcber den Steinboden des Schulhofs. Ich griff Yunas Hand, die sich an meinem Oberarm festhielt, und zog Yuna ein St\u00fcck \u0001 \u0002 wenn ich Yuna nicht ausstehen konnte, wollte ich sie etwas von der erschreckenden Szene fernhalten. Miu erbrach eine noch gr\u00f6\u00dfere Menge Blut und schnappte nach Luft. Einmal. Ein zweites Mal. Irgendetwas schien ihr den Atem zu rauben. Ein drittes \u0001 \u0002 passierte. Miu verlor das Bewusstsein und fiel in ihre \u0001 \u0002 Uzumis Augen waren gl\u00e4sern und ihr Gesicht ganz blass geworden. Sie hockte sich zu Miu und versuchte sie aufzurichten. Aber Miu fiel wieder in sich zusammen. Nach einem kurzen Z\u00f6gern pr\u00fcfte Uzumi ihren Puls. Es f\u00fchlte sich an, als w\u00e4ren Stunden vergangen. Der Krankenwagen war noch nicht eingetroffen und Uzumi sagte nichts. Pl\u00f6tzlich brach Uzumi ihr Schweigen und weinte laut. Wir alle wussten, dass Miu tot war. Yuna vergrub ihr Gesicht in meinem Oberarm. Einige Minuten hielt die Stille unter uns an. Ich schaute auf die Uhr. 13:42 Uhr. Wo war nur der Krankenwagen? \u201eSchauen Sie, Frau Uzumi! Miu atmet \", rief ein Junge, der dicht vor Miu stand. Er beugte sich nach unten. Frau Uzumi wirkte verst\u00f6rt und f\u00fchlte erneut nach ihrem Puls. Sie sch\u00fcttelte den Kopf und pr\u00fcfte noch einmal. \u201eNein.\", fl\u00fcsterte Uzumi kaum h\u00f6rbar:\u201eDas kann nicht sein, ich muss mich irren.\" Miu gab ein rauchiges Brummen von sich. Sie erhob sich langsam vom Boden, wie eine sehr alte gebr\u00e4chliche Frau. Mein Herz klopfte. Mir schien, als w\u00fcrde mein ganzer K\u00f6rper pulsieren. Ich h\u00f6rte nur meinen eigenen Herzschlag und blendete alles andere aus. Mius Kopf lag noch auf ihrer Brust, als sie nun endlich stand. Langsam hob sie ihn an. Ihre Haut hatte einen bl\u00e4ulichen Schimmer angenommen und ihre Iris war kaum noch zu erkennen, nur noch ein leichter Umriss, der Rest war v\u00f6llig verblasst. Wie angewurzelt standen wir vor ihr, keiner bewegte sich, oder wagte \u00fcberhaupt zu atmen. \u201eMiu?\", stie\u00df Uzumi leise aus. Miu reagierte nicht und Uzumi wiederholte sich. Nur ein dumpfes St\u00f6hnen erhielt sie als Antwort. Miu drehte sich langsam und wackelig zu Uzumi hin, dann fiel sie \u00fcber die Lehrerin \u0001 \u0002 war nun Punkt 1 Uhr und wie erwartet, hatten sich die Hausm\u00e4dchen vor der gro\u00dfen Eingangst\u00fcr versammelt. Ich hatte mir eine Hausm\u00e4dchen-Uniform, aus einer der Umkleiden, geklaut und versteckte meine langen schwarzen Haare unter einer Wollm\u00fctze. Es war den Hausm\u00e4dchen verboten, ihre Haare l\u00e4nger als 30 cm zu tragen, weil mein Vater es sonst als unhygienisch empfand. Meine 60 cm langen Haare h\u00e4tten mich also direkt verraten, aber da auch einige von ihnen M\u00fctzen trugen, w\u00fcrde ich damit nicht auffallen. Wild schnatternd \u00f6ffneten sie die hohe T\u00fcr. Das war mein Moment. Jetzt konnte ich mich einfach zu ihnen gesellen, ohne dass sie etwas bemerken w\u00fcrden. Ich schlich mich also hinter ihnen aus der T\u00fcr und tats\u00e4chlich schenkte mir keine von ihnen Beachtung. Aber bei 15 Angestellten auf einem Haufen, war das wohl auch kein Wunder. Wir \u00fcberquerten den gro\u00dfen steinigen Kiesweg, der einmal \u00fcber das gesamte Gel\u00e4nde f\u00fchrte. Am Eingangstor angekommen, kramte eine von ihnen eine Chipkarte aus ihrer Umh\u00e4ngetasche und hielt sie an einen Scanner, der links am Tor angebracht war. Wie von Zauberhand \u00f6ffnete sich die kleine Forte neben dem Tor, welche extra f\u00fcr Fu\u00dfg\u00e4nger bestimmt war. Ich atmete tief ein. Ich war nur noch ein paar Schritte von meiner Freiheit entfernt.",
            "wordcount": "744",
            "chapter_release": "12.11.2019",
            "chapter_number": "2"
        },
        "3": {
            "text": "LeonSie wehrte Miu ab, doch Miu schien pl\u00f6tzlich viel st\u00e4rker zu sein als zuvor, als w\u00e4re sie besessen. Der Junge, der als erster bemerkt hatte, dass Miu atmete, riss nun wie wild an Mius Schultern. Doch schon im n\u00e4chsten Moment biss Miu in Frau Uzumis linke Wange. Frau Uzumi schrie. Die schockierte Stille der Sch\u00fcler verwandelte sich sofort in hysterisches Geschreie, und alle versuchten sich in Sicherheit zu \u0001 \u0002 zerrte an meinem Arm, wimmerte und schrie: \"Leo wir m\u00fcssen hier weg! Irgendwas stimmt hier nicht!\" Ihr lautes Gebr\u00fcll zog an mir vorbei. Miu riss mit ihren Z\u00e4hnen etwas von Uzumis Wangenfleisch heraus und fra\u00df es gen\u00fcsslich. Das Blut spritzte quer \u00fcber den Steinboden. Der Mund unserer Lehrerin f\u00fcllte sich mit Blut und ihre Schreie verkamen zu einem Husten, dann zu einem R\u00f6cheln. Ich packte Yunas Handgelenk und zog sie hinter mir her.\u201ePass auf, ich werde dich nach Hause zu deiner Familie fahren. Danach sind wir dann auf uns gestellt.\" An der Hintert\u00fcr der Schule blieb ich stehen, um mir einen \u00dcberblick \u00fcber die Situation zu verschaffen. Frau Uzumi lag noch immer auf dem Boden, mittlerweile schien sie an ihrem eigenen Blut erstickt zu sein. Miu wandte sich einem M\u00e4dchen zu, das weinend und fluchend mit dem Langbogen auf Miu zielte. Im n\u00e4chsten Moment rannte hinter Miu ein anderes M\u00e4dchen entlang, welches sich vorher hinter einer M\u00fclltonne versteckt hatte. Miu bemerkte sie nicht. \u201eLeo, lass uns bitte weiter!\", flehte Yuna und zog kr\u00e4ftig an meinem Arm. \u201eWarte. Ich will etwas ausprobieren.\", fl\u00fcsterte ich und dr\u00fcckte Yuna ins Schulgeb\u00e4ude. Ich stellte mich auf die unterste Stufe und br\u00fcllte: \u201eHEY, ICH BIN HIER.\"Miu hielt in ihrer Bewegung inne, drehte sich dann und wankte in meine \u0001 \u0002 M\u00e4dchen mit dem Bogen verstummte, sah ihre Chance und floh. \u201eYUNA!\", rief ich Yuna zu, die im Eingang neben der Glast\u00fcr stand. ,,DU HOLST SOFORT ETWAS MIT DEM WIR DIE T\u00dcR BLOCKIEREN K\u00d6NNEN!\" Ich sprintete hoch, wendete mich zur T\u00fcr und zog sie zu. Kurz darauf erschien Yuna mit drei St\u00fchlen, die uns etwas Vorsprung verschaffen \u0001 \u0002 blockierten wir die T\u00fcr von \u0001 \u0002 war noch nicht mal bei den Treppen angekommen, als Frau Uzumi sich vom Boden aufrichtete. Sie bewegte sich genau so schlaksig wie Miu. Ich packte Yunas Arm und riss sie mit mir. Wir holten meine Schl\u00fcssel aus meinem Fach und flohen durch den \u0001 \u0002 ich den Trupp hinter mir gelassen hatte, zog ich mich in einer Seitengasse um und rannte zum Bahnhof in Kawasaki. Ich war nun v\u00f6llig auf mich allein \u0001 \u0002 wartete ich am Bahnhof auf den n\u00e4chste Zug nach \u0001 \u0002 musterte die am Bahnsteig vorbeieilenden Zivilisten, die allesamt sehr gehetzt wirkten. Wahrscheinlich waren die meisten von ihnen gerade auf dem Weg zur Arbeit oder nach Hause, wo ihre Familien mit dem Mittagessen auf sie warteten. Hier und da lungerten aber auch ein paar Jugendliche herum, die im Gegensatz zu den rastlosen Bahnreisenden einen sehr entspannten Kontrast bildeten. Sie zogen an d\u00fcnnen Zigaretten, bliesen ihre Rauchwolken in die Luft und handelten sich daf\u00fcr Schimpfe vom Bahnpersonal ein. Ich hatte noch nie in meinem Leben geraucht. Mein Vater hatte mich immer ermahnt, wie ungesund das Rauchen sei und wie viele Menschen dadurch j\u00e4hrlich ums Leben kamen. Diese Fakten hielten ihn allerdings nicht davon ab seine Zigarren zu rauchen. Bei der Erinnerung daran, hatte ich sofort den Geruch seiner Zigarren in der Nase. Ob er den Brief bereits gefunden hatte? Oder ob mein Verschwinden bisher nicht aufgefallen war? Ich wusste, dass ich meinem Vater das Herz brach, aber ich hoffte er w\u00fcrde mich verstehen und es war ja schlie\u00dflich nicht f\u00fcr lange. Ich richtete meine Aufmerksamkeit auf die Abfahrts-/Ankunftsanzeigen. Obwohl ich die Menschen noch stundenlang h\u00e4tte weiter beobachten k\u00f6nnen. Es war jetzt mittlerweile halb 2 und auf der Anzeige wurde die Ankunftszeit f\u00fcr meinen Zug als ,,sofort\" angezeigt. Tats\u00e4chlich, der Zug kam p\u00fcnktlich auf die Minute. Ich dr\u00e4ngelte mich zusammen mit ein paar Gesch\u00e4ftsleuten in das hintere Abteil der Bahn und schaffte es gerade noch, einen Sitzplatz zu ergattern. Ich sah aus dem Fenster, an dem die Landschaft, wie ein nie enden wollender Strom, vorbei rauschte. Ich malte mir aus, was mich wohl in Tokio erwarten \u0001 \u0002 hatte mir bei einer Privatperson ein Zimmer gemietet. Hotels waren zu gewagt, dort w\u00fcrden mich die Yakuza als Erstes vermuten. Mein Plan war es, mich unter der Woche mit ein paar Sch\u00fclern zusammenzusetzen und ihnen Nachhilfe in Mathe zu geben. So w\u00fcrde ich auch gleich Kontakte kn\u00fcpfen k\u00f6nnen. Ins Nachtleben w\u00fcrde ich mich, allerdings erst zum Ende des Monats st\u00fcrzen, da die meisten Clubs von Yakuza betrieben wurden und ich ihnen nicht direkt am Anfang meines Aufenthalts in die H\u00e4nde fallen wollte. ,,Tokio Hauptbahnhof. Ausstieg links.\", ert\u00f6nte eine Frauenstimme, durch die eingebauten Lautsprecher im Zug.",
            "wordcount": "812",
            "chapter_release": "13.11.2019",
            "chapter_number": "3"
        },
        "4": {
            "text": "LeonNun war mir klar, dass diese wandelnden Leichen auf Ger\u00e4usche reagierten. Das Aufheulen der Motoren, meiner giftgr\u00fcnen Kawasaki Ninja, w\u00fcrde f\u00fcr sie wie ein Gong zum Mittagessen sein, wenn es denn in der N\u00e4he noch mehr Infizierte geben sollte. Ich wollte kein Risiko eingehen, also schob ich meine Kawasaki zum Tor und schnappte mir einen gro\u00dfen Ast. Yuna schaute mich verwundert an:,,Was hast du vor?\"Ich stieg auf die Motorhaube von Uzumis Toyota, hob den Ast \u00fcber meinen Kopf und schlug kr\u00e4ftig auf die Windschutzscheibe ein. Viele kleine Risse verteilten sich \u00fcber die Scheibe. Ich holte ein zweites Mal aus. Mein K\u00f6rper vibrierte. Der zweite Schlag traf die Mitte der Risse, und lie\u00df die Scheibe springen. Sofort heulte die Alarmanlage auf. Das laute Jaulen hallte durch die Stra\u00dfen und \u00fcber das Schulgel\u00e4nde. Ich lie\u00df den Ast in der zersprungenen Scheibe stecken und sprang von der Motorhaube.\u201eIch habe f\u00fcr Ablenkung gesorgt.\", erwiderte ich \u0001 \u0002 setzte mir meinen schwarz, gr\u00fcnen Helm auf und stieg aufs Motorrad. \u201eLeider habe ich keinen zweiten. Du musst dein Gesicht an meinen R\u00fccken pressen und die Augen schlie\u00dfen, damit es nicht unangenehm wird.\", riet ich Yuna und winkte sie zu mir. Yuna stieg auf und tat genau das, was ich ihr gesagt hatte. Ihre Wohnung lag ca. 5 km von der Schule entfernt, in Richtung Krankenhaus. Ich startete den Motor, schloss das Visier meines Helms und raste los. Die Stra\u00dfen waren relativ leer. Einige Autos parkten quer \u00fcber den Fu\u00dfwegen. Ich sah wie Menschen eilig ihre Wohnungen und H\u00e4user betraten. Dieses ekelhafte Gef\u00fchl machte sich erneut in mir breit. Yuna umarmte mich fester, als ich mehr Gas gab. Das Heulen der Alarmanlage war noch immer zu h\u00f6ren. Yunas Wohnung lag zwei Stra\u00dfen von uns entfernt. Wir hielten schlie\u00dflich am Gehweg vor der Wohnung an, und ich schaltete den Motor ab. Yuna bedankte sich bei mir und stieg ab. Ich schaute ihr nach, als sie zur Eingangst\u00fcr ging, und betrachtete dann das dreist\u00f6ckige \u0001 \u0002 Hauseingang lag an der Seite des Hauses. Aus dem zweiten Stock schaute mich eine \u00e4ltere Dame an und l\u00e4chelte mir freundlich zu. Hier schien alles in Ordnung zu sein. Der Vorfall in der Schule war wohl ein Einzelfall \u0001 \u0002 Bilder von Mius \u00dcberfall auf Uzumi schossen mir durch den Kopf. Yuna hatte inzwischen die Haust\u00fcr erreicht. Mich erdr\u00fcckte dieses ekelhafte Gef\u00fchl. Mein Blick fiel auf das Fenster des Wohnbereiches von Yunas Eltern, im Erdgeschoss. Mein Gef\u00fchl hatte mich nicht get\u00e4uscht. Ich entdeckte einen blutigen Handabdruck an der Scheibe. Im selben Moment schob Yuna vorsichtig die schon ge\u00f6ffnete T\u00fcr auf. Bevor ich sie warnen konnte, packte eine dieser wandelnden Leichen Yuna von vorne und schlug die Z\u00e4hne in ihre Schulter. Yuna schrie auf und schubste den toten K\u00f6rper mit Schwung von sich. Yuna hielt inne und betrachtete das Monster. \u201eNein.\", fl\u00fcsterte sie und sank zu Boden. \u201eMama...\"Mir fuhr ein eiskalter Schauer \u00fcber den R\u00fccken. Das Blut f\u00e4rbte das Oberteil ihrer Schuluniform St\u00fcck f\u00fcr St\u00fcck in ein dunkles Rot. \u201eGeh Leon! VERSCHWINDE!\", br\u00fcllte mir Yuna zu, mit einem Ausdruck von Angst und Verzweiflung im Gesicht. Z\u00f6gernd startete ich den Motor. Yunas Mutter reagierte darauf nicht, sie wankte weiter auf ihre Tochter zu. Mit einem unheimlich schlechten Gewissen fuhr ich los. In einer Seitenstra\u00dfe hielt ich an, schaltete den Motor ab und vergewisserte mich, dass sich niemand in meiner N\u00e4he befand. Ich schob mir den Helm vom Kopf, setzte mich auf den Pflastersteinboden und lehnte mich an eine Backsteinwand. Aus meiner Motorradtasche holte ich eine Schachtel Zigaretten und ein Feuerzeug. Nach dem ganzen Schreck brauchte ich erstmal eine Zigarette. Ist das alles nur ein Albtraum? Oder vielleicht ein grausames Experiment? Wie weit w\u00fcrde es noch gehen, wenn eine Mutter sogar ihr eigenes Kind fra\u00df? Ich z\u00fcndete die Zigarette an, nahm einen tiefen Zug und schaute auf meine Uhr. 14:49. \u00dcber eine Stunde war bereits vergangen. Ich schaute dem tanzenden Rauch der Zigarette nach, der immer transparenter wurde. Tokio war eine Millionenstadt, und vor einer Panik sollte ich sie am besten, so schnell wie m\u00f6glich, verlassen. F\u00fcr einen Moment schloss ich die Augen und spielte mit dem Gedanken, mich einfach, von einem dieser Viecher, fressen zu lassen. Wer w\u00fcrde mich schon vermissen? Die Zigarette knisterte bei meinem n\u00e4chsten Zug. Ich w\u00fcrde es nicht zur\u00fcck nach Deutschland schaffen. In meinen Gedanken flogen die blutigen Vorf\u00e4lle an mir vorbei, und in meinen Ohren hallten die panischen Schreie meiner Mitsch\u00fcler wider.",
            "wordcount": "746",
            "chapter_release": "14.11.2019",
            "chapter_number": "4"
        },
        "5": {
            "text": "AikoIch sah auf meine Armbanduhr. Jetzt war es kurz vor 2, das hie\u00df, ich hatte noch gut etwas \u00fcber 1 Stunde Zeit, bevor ich mich auf den Weg zu meiner neuen WG-Partnerin machen musste. Ich trat vom Bahnhof auf die Stra\u00dfe. Auch wenn Kawasaki nicht weit von Tokio entfernt lag, war es trotzdem ein ganz anderes Gef\u00fchl, selbst die Luft roch hier anders. Ich atmete tief ein. Und bekam prompt einen Hustenanfall. Vor mir hatte ein Auto gehalten, dessen Abgase ich gro\u00dfz\u00fcgig eingeatmet hatte. Ich musste laut loslachen und erntete daraufhin einen skeptischen Blick von einer alten Dame, die neben mir die Stra\u00dfe \u00fcberqueren wollte. Ich h\u00e4tte vor Freude in die Luft springen k\u00f6nnen. Ich war in Tokio! Ohne Bodyguards! Ich \u00fcberquerte hinter der alten Dame die gro\u00dfe weitl\u00e4ufige Stra\u00dfe und begutachtete die hohen Geb\u00e4ude. Sie ragten an jeder Ecke wie Riesen in die Luft. Auch die Menschen in Tokio wirkten exotischer, wie ich mal wieder feststellen durfte, als mir ein paar verkleidete Lolitas entgegen kamen. Ich w\u00fcrde zu gerne auch mal in so ein Kost\u00fcm schl\u00fcpfen. Kurzerhand nahm ich es mir vor. Ich bummelte eine dreiviertel Stunde durch allerlei bunte Gesch\u00e4fte und wollte mich gerade wieder auf den Weg zum Bahnhof machen, um dort mit dem Bus zum Apartment zu fahren, als auf der Bildschirm-Leinwand am Geb\u00e4ude gegen\u00fcber auf einmal das Regional-Nachrichten-Symbol erschien. Es war gerade kurz nach 3, dies war nicht die normale Zeit, in der die Regional-Nachrichten ausgestrahlt wurden. Ich interessierte mich nicht so wirklich f\u00fcr Nachrichten, aber dieser ungew\u00f6hnliche Umstand mit der Sendezeit, lie\u00df mich stehen \u0001 \u0002 Mann mittleren Alters meldete sich zu Wort:,,Im s\u00fcdlichen Zentrum von Tokyo, gab es heute einen schrecklichen Vorfall im Shikara Krankenhaus. Der Bereich wurde weitr\u00e4umig abgeriegelt. Augenzeugen berichten, dass sich, eben noch komat\u00f6se, Patienten pl\u00f6tzlich auf Angeh\u00f6rige und Krankenhauspersonal st\u00fcrzten und diesen, in einem Anfall von Kannibalismus, mehrere Bisswunden beibrachten. Tote wurden bisher noch keine best\u00e4tigt. Wir behalten die Sache im Auge. Warten Sie! Gerade bekommen wir noch eine Eilmeldung rein. Auf einem Schulhof in der N\u00e4he des Shikara-Krankenhauses haben sich \u00e4hnliche Geschehnisse ereignet. Es wird von Zeugen berichtet, dass Sch\u00fcler auf einmal ein sehr aggressives Verhalten an den Tag legten und auf ihre Mitsch\u00fcler los gingen. Auch hier ist die Rede von pl\u00f6tzlich auftretendem Kannibalismus. Jetzt bekommen wir noch eine Meldung rein. Was ist hier los?\"Das pausb\u00e4ckige Gesicht des Nachrichtenmoderators erschien auf einmal, auf allen umliegenden Bildschirmen und Leinw\u00e4nden. Nirgendwo lief mehr Werbung, alle Bildschirme zeigten sein \u0001 \u0002 tupfte sich mit einem Taschentuch den auftretenden Schwei\u00df von der Stirn.,,Entschuldigen Sie, liebe Zuschauer! Ich glaube die Lage ist ernster als gedacht. Bitte installieren Sie sich alle die News-App auf ihrem Handy, um auf dem Laufenden zu bleiben. Wir hoffen, dass es sich hierbei, um einen schlechten Scherz oder um eine Promo-Aktion handelt. Aber gerade wurde mir der n\u00e4chste Vorfall in Shibuya best\u00e4tigt. K\u00d6NNEN WIR JETZT ENDLICH EINEN DER VERANTWORTLICHEN SPRECHEN?\"Man sah, dass er die letzten Worte nicht ans Volk, sondern an die Regie richtete. Mir stockte der Atem. Was passierte hier gerade? Das musste ein Scherz sein. Tokio war f\u00fcr seinen verr\u00fcckten Charme bekannt, aber w\u00fcrde man tats\u00e4chlich so weit gehen? ,,Wir \u00fcbertragen jetzt live vom Shikara Krankenhaus und sprechen mit Shinsuke Mirugami Oberhauptkommissar der ans\u00e4ssigen Polizeiwache. Also Herr Mirugami, bitte schildern sie uns die aktuelle Situation!\"Im Bild erschien ein uniformierter Mann mit grauem Oberlippenbart. Im Hintergrund sah ich mehrere postierte Kranken- und Streifenwagen. Hier und da liefen ein paar Uniformierte oder Menschen in wei\u00dfen Kitteln herum. Auch ein paar Passanten konnten ich aus dem Geb\u00e4ude fl\u00fcchten sehen. ,,Guten Tag. Die momentane Situation ist schwer einzusch\u00e4tzen. Es handelt sich wohl um einen mutierten Virus. Wir haben die Anweisung vom Milit\u00e4r bekommen Ruhe zu bewahren. Die Annahme liegt wohl nahe, dass der gesamte Bereich rund ums Krankenhaus demn\u00e4chst gar nicht mehr betreten werden darf. Eigentlich h\u00e4tten wir auch gar nicht vor Ort sein sollen. Es liegt ein gro\u00dfer Fehler im System vor, und der Notfall-Plan wurde nicht eingehalten. Also wenn ich es richtig verstanden habe, ist es bereits zu sp\u00e4t, um das komplette Gebiet unter Quarant\u00e4ne zu stellen. Wir erfahren hoffentlich mehr, sobald das Milit\u00e4r vor Ort ist.\" Der Polizist runzelte die Stirn. Ich konnte sehen, wie er versuchte, die Fassung zu bewahren.,,Was raten Sie der Bev\u00f6lkerung?\", meldete sich der Nachrichtenmoderator wieder zu Wort. Der Polizist richtete sich nun direkt an uns Zuschauer:,,Bewahren Sie die Ruhe. Am besten begeben Sie sich nach Hause und warten dort auf weitere Meldungen. Ich denke, wir werden die Situation bald wieder in den Griff bekommen.\"Der Polizist nahm seine Polizeim\u00fctze in die rechte Hand, setzte sie sich auf den Kopf, wand sich von der Kamera ab und ging zu einem der Polizeiwagen hin\u00fcber.,,Wir melden uns ab jetzt im halbe Stunden Takt. Wenn Ihnen das nicht gen\u00fcgt, laden Sie sich bitte unsere News-App aus dem App-Store herunter!\", schloss der Nachrichtensprecher. Damit wurden die Bildschirme f\u00fcr einen kurzen Augenblick schwarz. Und mir beinahe schwarz vor Augen. Ich taumelte einen Schritt zur\u00fcck auf die Stra\u00dfe und w\u00e4re beinahe \u00fcberfahren worden.",
            "wordcount": "863",
            "chapter_release": "16.11.2019",
            "chapter_number": "5"
        },
        "6": {
            "text": "LeonEin lautes Husten riss mich aus meinen Gedanken. Ich blickte an das Ende der Seitenstra\u00dfe. Menschen zogen an der Gasse vorbei. Ich raffte mich auf, schmiss meine Zigarette auf den Boden und trat sie aus. Meinen Helm h\u00e4ngte ich an den linken Lenker. Etwas unsicher schob ich meine Ninja in die Richtung der Menschenmenge. Als ich aus der Seitenstra\u00dfe trat befand ich mich direkt im Zentrum von Tokio. Riesige Massen dr\u00e4ngten sich aneinander vorbei, ein Meer aus hunderten von Menschen. Ich war irritiert und blieb mit meinem Motorrad einen Moment lang auf dem Fu\u00dfg\u00e4ngerweg stehen. \u201eVerpiss dich vom Gehweg, du Idiot!\", fuhr mich ein Anzugtr\u00e4ger an. Genervt musterte er mich kurz, als ich ihm nicht gleich antwortete, aber dann ging er eilig weiter. Ich schob das Motorrad an den Stra\u00dfenrand und stellte es ab. Meine H\u00e4nde zitterten. Ich stand v\u00f6llig neben der Spur. Mir schossen wieder die Bilder vom Schulhof in den Kopf, der Handabdruck und Yunas verst\u00f6rter Gesichtsausdruck. Ich musste mich beruhigen, also schloss ich ein weiteres Mal die Augen. Aber sofort riss mich die durchdringende Stimme von Masashi Funakoshi, dem Lokal-Nachrichtensprecher, wieder in die Realit\u00e4t zur\u00fcck.\u201eIm s\u00fcdlichen Zentrum von Tokio, gab es heute einen schrecklichen Vorfall im Shikara Krankenhaus. Der Bereich wurde weitr\u00e4umig abgeriegelt. Augenzeugen berichten, dass sich, eben noch komat\u00f6se, Patienten pl\u00f6tzlich auf Angeh\u00f6rige und Krankenhauspersonal st\u00fcrzten und diesen, in einem Anfall von Kannibalismus, mehrere Bisswunden beibrachten. Tote wurden bisher noch keine best\u00e4tigt. Wir behalten die Sache im Auge. Warten Sie! Gerade bekommen wir noch eine Eilmeldung rein. Auf einem Schulhof in der N\u00e4he des Shikara-Krankenhauses haben sich \u00e4hnliche Geschehnisse ereignet. Es wird von Zeugen berichtet, dass Sch\u00fcler auf einmal ein sehr aggressives Verhalten an den Tag legten und auf ihre Mitsch\u00fcler los gingen. Auch hier ist die Rede von pl\u00f6tzlich auftretendem Kannibalismus. Jetzt bekommen wir noch eine Meldung rein. Was ist hier los?\" Sein Gesicht erschien auf einmal auf allen umliegenden Bildschirmleinw\u00e4nden in der Umgebung.,,Entschuldigen Sie, liebe Zuschauer. Ich glaube die Lage ist ernster als gedacht. Bitte installieren Sie sich alle die News-App auf ihrem Handy, um auf dem Laufenden zu bleiben. Wir hoffen, dass es sich hierbei, um einen schlechten Scherz oder um eine Promo-Aktion handelt. Aber gerade wurde mir der n\u00e4chste Vorfall in Shibuya best\u00e4tigt. K\u00d6NNEN WIR JETZT ENDLICH EINEN DER VERANTWORTLICHEN SPRECHEN?\" Der Bildschirm wurde einen Moment lang blau, dann erschien Masashi Funakoshi wieder im Bild:,,Wir \u00fcbertragen jetzt live vom Shikara Krankenhaus und sprechen mit Shinsuke Mirugami Oberhauptkommissar der Ans\u00e4ssigen Polizeiwache. Also Herr Mirugami, bitte schildern sie uns die aktuelle Situation!\" Der Standort des Shikara Krankenhauses wurde eingeblendet und ein Polizist erschien im Bild. ,,Guten Tag. Die momentane Situation ist schwer einzusch\u00e4tzen. Es handelt sich wohl um einen mutierten Virus. Wir haben die Anweisung vom Milit\u00e4r bekommen: Ruhe zu bewahren. Die Annahme liegt wohl nahe, dass der gesamte Bereich rund ums Krankenhaus demn\u00e4chst gar nicht mehr betreten werden darf. Eigentlich h\u00e4tten wir auch gar nicht vor Ort sein sollen. Es liegt ein gro\u00dfer Fehler im System vor und der Notfall-Plan wurde nicht eingehalten. Also wenn ich es richtig verstanden habe, ist es bereits zu sp\u00e4t, um das komplette Gebiet unter Quarant\u00e4ne zu stellen. Wir erfahren hoffentlich mehr so bald das Milit\u00e4r vor Ort ist.\"Wie sollte man Ruhe bewahren, w\u00e4hrend Menschen scheinbar grundlos zu Kannibalen wurden und andere angriffen? Ein Lautes Hupen schreckte mich \u0001 \u0002 M\u00e4dchen, das etwas weiter rechts von mir stand, taumelte r\u00fcckw\u00e4rts auf die Stra\u00dfe. Ich lie\u00df mein Motorrad stehen, packte sie gerade noch rechtzeitig am Handgelenk, zog sie zu mir und hielt sie fest.|Ende - Episode 1||N\u00e4chste Episode : Vollgas |",
            "wordcount": "608",
            "chapter_release": "18.11.2019",
            "chapter_number": "6"
        },
        "7": {
            "text": "AikoWie in Trance bekam ich nur am Rande mit, wie ich von der Stra\u00dfe gezogen wurde. Das konnte alles nur ein Traum sein. Gleich w\u00fcrde ich in meinem gro\u00dfen \u0001 \u0002 x \u0001 \u0002 Himmelbett aufwachen, und Miku w\u00fcrde mir auf einem Tablett mein Fr\u00fchst\u00fcck ans Bett bringen. Alles w\u00fcrde wieder gut \u0001 \u0002 kniff mir mit der rechten Hand in den Arm und sah zu dem Jungen auf, der mich gerettet hatte. Mit zitternden Fingern deutet ich in die Richtung einer der Bildschirme und sah ihn fragend an:,, Ich tr\u00e4ume, oder? \", fragte ich, meine Stimme zitterte, eben so doll, wie meine Finger. Aus den Augenwinkeln sah ich, wie die Menschen panisch umher liefen. In der Ferne h\u00f6rte ich \u0001 \u0002\"Nein, leider nicht. Ich war bei dem Vorfall in der Schule dabei.\", antwortete ich.\"Wir m\u00fcssen verschwinden.\" Ich zog das M\u00e4dchen zu meinem \u0001 \u0002 und mit dem Gedanken an Yuna, erkl\u00e4rte ich ihr, dass ich keinen zweiten Helm hatte und wie sie am angenehmsten mitfahren \u0001 \u0002 stieg ich auf die Ninja, w\u00e4hrend ich nach dem besten Ausweg suchte und bat sie aufs \u0001 \u0002 sah den Jungen zum ersten Mal wirklich an. Er war eindeutig ein Ausl\u00e4nder, aber sein Japanisch klang erstaunlich akzentfrei. Seine Miene war ernst und als er von dem Vorfall an der Schule sprach, glaubte ich ihm. Ich war noch v\u00f6llig perplex, aber ich wollte definitiv nicht alleine bleiben. Au\u00dferdem w\u00fcrde ich, in meiner jetzigen Verfassung ,den Weg zum Apartment nicht mal mit Navi finden. Ohne lange zu \u00fcberlegen, gehorchte ich ihm und stieg hinter ihm auf das Motorrad. Hoffentlich beging ich keinen Fehler, den ich sp\u00e4ter bereuen sollte. Aber was blieb mir sonst \u00fcbrig? Ich hatte mein Handy entsorgt, damit mein Vater mich per GPS nicht orten konnte. Aber wahrscheinlich brachen gerade sowieso die Telefonnetze \u0001 \u0002 gab nur eine M\u00f6glichkeit, die sich richtig anf\u00fchlte und die hie\u00df: Weg hier!Die Panik war bereits ausgebrochen und aus B\u00fcchern und Filmen wusste ich, dass nichts schlimmer war als eine \u0001 \u0002 einzige Weg, der frei war, f\u00fchrte mich durch die Seitenstra\u00dfe, aus der ich gekommen war. Ich startete den Motor und setzte mir meinen Helm auf. Den kr\u00e4ftigen Griff des M\u00e4dchens konnte ich deutlich sp\u00fcren. Sie hatte eine schlanke feminine Figur, dennoch schien sie Sport zu treiben, soviel Kraft hatte ich ihr im ersten Augenblick gar nicht zugetraut. Ich gab Vollgas, und wir d\u00fcsten die Pflastersteinstra\u00dfe in Richtung Schule entlang. Hauptsache raus aus Tokio. Wir fuhren an Zivilisten vorbei, an Verungl\u00fcckten und blutigen Autoscheiben. Ich konnte die Schule sehen. Nur noch wenige Kilometer, dann w\u00e4ren wir raus aus Tokio. AikoMit einem Affenzahn sausten wir durch die Stadt. Er nutzte nicht nur die Stra\u00dfen, sondern auch Gehwege und enge Gassen, denn schnell hatte sich ein endloser Stau gebildet. Hier und da qualmten Autos, die einander aufgefahren waren. Dutzende Menschen lagen verletzt auf den Stra\u00dfen und B\u00fcrgersteigen. Als wir am Rande von Tokio angekommen waren und an der Schule vorbei fuhren, die auch in den Nachrichten genannt worden war, war es auf einmal still. Fast totenstill. Ich schlang meine Arme noch fester um seinen K\u00f6rper. Er fuhr nun langsamer. Auch er musste gemerkt haben, wie gespenstisch still es geworden war. LeonDiese Stille um uns herum war unheimlich. Ich hielt an und schaltete den Motor ab. \"Was?\", fl\u00fcsterte das M\u00e4dchen panisch. \"Psst \", fuhr ich sie an und spitzte die Ohren. Die Stra\u00dfe war leer. Es waren keine Schreie oder Sirenen mehr zuh\u00f6ren. Totenstille. Die Polizei schien die Leute in der n\u00e4heren Umgebung bereits evakuiert zu haben. ,,Fahr weiter!\" Das M\u00e4dchen umfasste mich noch fester. Ich startete den Motor und fuhr los. Ich sp\u00fcrte ihren Herzschlag an meinem R\u00fccken und ihren Atem in meinem Nacken. Es f\u00fchlte sich so an, als w\u00fcrde sich der Rhythmus meines Herzens an ihren anpassen. Die n\u00e4chste Tankstelle befand sich einige Kilometer von Tokio entfernt, und mein Tank sollte genau bis dahin reichen. W\u00e4hrend wir die Stadt hinter uns lie\u00dfen, kam uns ein Milit\u00e4rjeep mit mehreren Soldaten entgegen, die uns allerdings keinerlei Beachtung \u0001 \u0002 nutzte die wenigen Sekunden, die wir anhielten, um mich umzusehen. Es schockierte mich, dass ich eigentlich nichts sah. Die Stra\u00dfen waren menschenleer. Ich lie\u00df meinen Blick \u00fcber den B\u00fcrgersteig wandern und sah ein paar vereinzelte Blutspritzer. Aber was war das? Ich kniff meine Augen zusammen. Erst dachte ich, es w\u00e4re eine Schlange, aber bei n\u00e4herem Hinsehen, traf mich der Schock. Ich musste w\u00fcrgen und h\u00e4tte mich beinahe \u00fcbergeben. Das war keine Schlange. Die Salami- breite, in Blut getr\u00e4nkte Schnur am Boden, war ein Darm. Ich tippte dem Jungen an die Schulter:,, Fahr weiter!\" Ich wollte keine Sekunde l\u00e4nger an diesem Ort bleiben. Zu meiner Erleichterung startete er den Motor und fuhr los. Auf dem Weg kam uns das Milit\u00e4r entgegen. Ich betete innerlich, dass sie dem ganzen Chaos schnell ein Ende machen w\u00fcrden. Doch eine innere Ahnung sagte mir, dass dies erst der Anfang war.|Ende - Episode 2||N\u00e4chste Episode : Freizeichen|",
            "wordcount": "841",
            "chapter_release": "23.11.2019",
            "chapter_number": "7"
        },
        "8": {
            "text": "LeonWir fuhren direkt auf einen riesigen Stau zu. Um schneller zu sein, nutzte ich die Zwischenr\u00e4ume der wartenden Autos. Laut hupend protestierten die anderen Fahrer, als wir im Slalom durch die Kolonne \u0001 \u0002 weitere Fahrt verlief, wider Erwarten, unspektakul\u00e4r. Ich drosselte die Geschwindigkeit, w\u00e4hrend ich der Ausfahrt der Tankstelle folgte. Die Tanke war auff\u00e4llig leer, obwohl sie direkt an der Autobahn lag. Ich bemerkte einen dunkelblauen Familienvan, der quer auf einem der Tankpl\u00e4tze stand. Die Windschutzscheibe des Vans war von innen mit Blut besudelt und ich beschloss wachsam zu \u0001 \u0002 war das Motorrad so langsam geworden, dass ich meine F\u00fc\u00dfe von den Fu\u00dfrasten hob, um die Maschine zu st\u00fctzen. Ich machte den Motor aus und zog den Schl\u00fcssel aus dem Z\u00fcndschloss. Wir stiegen ab, und ich stellte den St\u00e4nder der Ninja auf. Aus meiner Motorradtasche holte ich mein Portmonee. Wortlos tankte ich die Maschine voll und betrat die Tankstelle, deren T\u00fcr bereits offen stand. Ich schaute mich um. Eine gro\u00dfe Pf\u00fctze Blut tropfte vom Tresen auf den Boden. Missmutig ging ich weiter. Ich war mir nicht sicher, ob das M\u00e4dchen mir gefolgt, oder beim Motorrad stehen geblieben war. Schnell griff ich mir zwei Wasserflaschen und bewegte mich nach drau\u00dfen. AikoIch versuchte w\u00e4hrend der Fahrt meine Gedanken zu ordnen, doch ich scheiterte kl\u00e4glich. Mein Kopf schaffte es noch immer nicht, die Situationen, in der wir uns befanden, vollst\u00e4ndig zu begreifen. Wir hielten an einer Tankstelle. Nachdem er fertig getankt hatte, folgte ich ihm in die Tankstelle hinein. Die Tankstelle schien verlassen zu sein. Ich wollte nicht hinter die Theke sehen, nach dem ich das Blut auf ihr bemerkte. Allerdings musste ich um sie herum gehen, wenn ich an die Prepaid-Handys wollte, die dahinter an der Wand hingen. Ich h\u00e4tte gerne den Jungen gebeten mir eins zu holen, aber er war im hinteren Bereich des Ladens verschwunden und ich kannte noch nicht mal seinen Namen. Oder hatte er ihn vorhin genannt? Ich wusste es nicht mehr. Mit weichen Knien ging ich um die Theke herum. Ein kleiner Aufschrei entfuhr mir. Hinter der Theke lag ein Mann auf dem Boden, oder eher das was von ihm \u00fcbrig geblieben war. Ich zwang mich ihn nicht weiter anzusehen und griff schnell eines der Handys von der Wand. Der Junge war mittlerweile dabei mit einem Paar Wasserflaschen den Laden zu verlassen. Ich lief ihm schnell hinterher und kaum war ich neben ihn getreten, sprach er mich \u0001 \u0002\"Wie hei\u00dft du eigentlich?..\", fragte ich etwas missmutig und reichte ihr eine der Wasserflaschen. \u201eHast du ein Ziel?\"Aiko,, Aiko Mitsugashi. \", antwortete \u0001 \u0002 f\u00fcgte ich niedergeschlagen hinzu:,, Ich w\u00fcrde gerne nach Hause. Der schnellste Weg w\u00fcrde durch Tokio f\u00fchren, aber das ist wohl..... \" Ich verstummte. Ich musste nicht mehr sagen, er wusste was ich \u0001 \u0002 Blick wanderte in Richtung Autobahn. Die Autos fuhren Schritt-Tempo. ,, Wie ist dein Name?..\", erkundigte ich \u0001 \u0002 sah in seine teilnahmslosen Augen. Er verzog keine Miene und wirkte fast wie die Ruhe selbst. Setzte ihm die ganze Situation denn gar nicht zu?,,..und schockiert dich das alles gar nicht? Du wirkst so gelassen.\" Ich strich mir eine Haarstr\u00e4hne aus dem \u0001 \u0002 kurzes L\u00e4cheln flog mir \u00fcber die Lippen, bevor ich mit einem gro\u00dfen Schluck aus meiner Wasserflasche meinen trockenen Mund befeuchtete. Ich sollte gelassen wirken?,,Ich habe mit angesehen wie meine Lehrerin gefressen wurde. Glaub mir, das hat mich mehr als nur schockiert. Der Stau und die Panik danach waren allerdings abzusehen, nach dem so etwas in den Nachrichten gebracht wurde.\", antwortete ich und sah zum Stau hin\u00fcber.\"Mein Name ist Leon Feldner.\"Neben der Tankstelle fiel mir ein Motorroller ins Blickfeld. Hier musste irgendwo noch ein Helm sein. Auch wenn es unh\u00f6flich war, drehte ich ihr den R\u00fccken zu und ging wieder hinein. AikoIch blickte Leon fragend nach. Schnell holte ich das Handy aus meiner Tasche, das ich aus der Tankstelle mitgenommen hatte. Ich kannte die Handynummer meines Vaters leider nicht auswendig, also musste ich es auf dem Festnetz versuchen. Mit klammen Fingern klappte ich das Handy auf, schaltete es ein und w\u00e4hlte unsere Festnetznummer. Innerlich betete ich darum, dass mein Anruf durchkommen \u0001 \u0002 n\u00e4herte mich der Theke und blickte dahinter. Dort lag ein Helm und neben ihm, in einem Zustand als w\u00e4re ein hungriges Wolfsrudel \u00fcber ihn hergefallen, der Tankstellenwart. Ich erkannte ihn nur an seiner Kleidung und dem kleinen Namensschild - Iroko. Er hatte mich morgens immer freundlich gegr\u00fc\u00dft, wenn ich zum Tanken her kam. Seine Nase war nicht mehr vorhanden und die Haut rund herum stand in Fetzten ab. Sein rechter Arm fehlte komplett und aus der \u00fcbrig gebliebenen Schulter schauten Knochen, Sehnen und Muskelstr\u00e4nge hervor. Mein Magen drehte sich um und Galle stieg mir die Speiser\u00f6hre hinauf. Mir fiel es schwer nicht zu brechen. Ich wandte meinen Blick von der zerfetzten Leiche ab und hob meine Hand, um nach dem Helm zu greifen. Als ich pl\u00f6tzlich eine leichte Schnappatmung h\u00f6rte, die mich innehalten lie\u00df. Ich blickte auf den Brustkorb des Tresenwarts, der sich leicht anhob und dann wieder senkte. Ich hielt den Atem an und griff mir hastig den Helm. Es konnte nur bedeuten, dass er auch von dem Virus befallen war und ich wollte nicht in der N\u00e4he sein, wenn der Virus sein erstes Opfer fordern \u0001 \u0002 Helm schien trotz des ganzen Blutes nur ein paar Tropfen abbekommen zu haben, die ich rasch an meiner Uniform abwischte. Mich \u00fcberkam ein beklemmendes Gef\u00fchl, als mich der Gedanke packte, dass diese Viecher es schon bis hierher geschafft hatten. Ich beschloss Aiko nichts davon zu sagen, ich wollte sie nicht noch mehr beunruhigen. Die ganze Situation war schon verr\u00fcckt genug. Ich trat mit dem Helm wieder nach drau\u00dfen, reichte Aiko meinen Helm und setzte mir den anderen auf. \"K\u00f6nnen wir weiter oder m\u00f6chtest du noch etwas mitnehmen?\", fragte ich, w\u00e4hrend ich mich auf die Ninja \u0001 \u0002 war schnell wieder zur\u00fcck. Er sagte etwas, aber ich hielt mir nur den Finger an die Lippen und bedeutete ihm still zu sein. Ich lauschte immer noch dem nicht enden wollendem Tuten im H\u00f6rer. Es nahm niemand ab. Ich sp\u00fcrte, wie meine Glieder taub wurden. Ein unangenehmes Gef\u00fchl kroch meine Beine hinauf. Die Schuldgef\u00fchle h\u00e4tten mich beinahe umgerissen. Was hatte ich mir nur dabei gedacht?Ich h\u00e4tte meinen Vater niemals alleine zur\u00fcck lassen d\u00fcrfen. Ich sp\u00fcrte, wie meine Augen sich mit Tr\u00e4nen f\u00fcllten. Aber ich konnte nicht weinen - nicht jetzt und nicht hier. ,,Wir k\u00f6nnen weiter. \", fl\u00fcsterte ich und nahm seinen Helm entgegen.|Ende - Episode 3||N\u00e4chste Episode : Kleine Flamme|",
            "wordcount": "1.105",
            "chapter_release": "24.11.2019",
            "chapter_number": "8"
        },
        "9": {
            "text": "LeonIch bemerkte ihren aufgew\u00fchlten Gesichtsausdruck, und musterte sie abwartend. Sie sah f\u00fcr mich nicht wie der gew\u00f6hnliche japanische Stadtmensch aus. Sie war vielleicht ein oder zwei Jahre j\u00fcnger als ich und trug anstelle einer Schuluniform Alltagskleidung, die hochwertig und fast schon elegant aussah. \u201eWoher kommst du eigentlich?\", fragte ich etwas lauter, um sie aus ihren Gedanken zu rei\u00dfen. Etwas irritiert schaute sie mich an und setzte sich den Helm auf. Da ich keine Antwort auf meine Frage bekam, fuhr ich fort: \"Ich werde nach Yokoze fahren, meine Sachen von dort holen und danach versuchen, aus dem Land zu reisen.\" Immer noch keine Antwort. Ich startete die Maschine, und wir rauschten los. Vielleicht evakuierte das Milit\u00e4r die Stadt erfolgreich, und ich w\u00fcrde mein Austauschjahr beenden k\u00f6nnen. Hoffnung flammte in mir auf, auch wenn die Flamme recht klein war. AikoKaum waren wir losgefahren, sp\u00fcrte ich wie die erste Tr\u00e4ne \u00fcber meine Wange kullerte und in der Polsterung des Helms versiegte. Die D\u00e4mme brachen, und Tr\u00e4nen liefen \u00fcber meine Wangen. Ich konnte es nicht verhindern. Wie gut, dass Leon es nicht sehen konnte. ,,Zeige niemals deine Schw\u00e4che, besonders nicht vor M\u00e4nnern. M\u00e4nner neigen dazu, diese auszunutzen.\" Mein Vater hatte mir viele solcher Weisheiten mit auf den Weg gegeben. Und ich wollte mich unbedingt daran halten, denn vielleicht waren diese Weisheiten, das letzte was mir von ihm blieb. \u0001 \u0002 durfte nicht so denken. Ihm ging es sicher gut. Er ist nicht leicht unter zu kriegen und hart im nehmen. Au\u00dferdem hatte er eine halbe Armee von Yakuza unter sich. Nein, ich musste mir wirklich keine Sorgen um ihn machen. Aber was war mit mir? War ich stark genug, um mich dem, was gerade auf mich zu kam, mutig entgegen zu stellen? Bisher hatte ich mich die ganze Zeit eher ohnm\u00e4chtig gef\u00fchlt und der Nebel war immer noch nicht verschwunden. Doch wenigstens war ich nicht \u0001 \u0002 lag noch etwa drei\u00dfig Minuten von der Tankstelle entfernt. Nach guten 10 Minuten kamen wir an eine Kreuzung. Eine riesige Kollision in der Mitte hatte die Kreuzung komplett blockiert, so dass man mit einem Auto nicht mehr durchkam. Die Menschen, die den Unfall verursacht hatten, waren scheinbar schon \u0001 \u0002 erlaubte uns eine winzige Pause und schaute auf meine Armbanduhr. 16:46 Uhr. Wir umfuhren die blockierte Kreuzung und rasten nun auf der freien Stra\u00dfe in Richtung Yokoze weiter. |Ende - Episode 4||N\u00e4chste Episode : Willkommen in Yokoze|",
            "wordcount": "408",
            "chapter_release": "26.11.2019",
            "chapter_number": "9"
        }
    },
    "title": "Dying Heartbeat",
    "topic": "unspecified",
    "release": "\n11.11.2019\n\t\t\t\t\t\t",
    "author": "Lukoliv"
}