{
    "tags": [],
    "chapcount": "3",
    "wordcount": "10.976",
    "chapters": {
        "1": {
            "text": "Eine dunkle Vergangenheit AN: Sch\u00e4tzchen, Sch\u00e4tzchen, Sch\u00e4tzchen... Willkommen zu einer neuen Geschichte, die von einer b\u00f6sen Zauberfeder und verhexten Gedanken erschaffen wurde. Coco, meiner Meinung nach einer der besten Filme, die Pixar jemals gedreht hat, ist jetzt das Opfer meines verr\u00fcckten Fantasie und wir alle stehen vor einem wilden und emotionalen Ritt. * Bitte, Riveras! Schmei\u00dft nicht eure Schuhe nach mir! Ich liebe euch! *Ich habe keine Rechte an COCO, daf\u00fcr aber geh\u00f6ren mir diese irren Originalfiguren. Da es noch keine Seite f\u00fcr COCO gibt, werde ich das erstmal als pers\u00f6nliche Geschichte ver\u00f6ffentlichen, bis mir gen\u00fcgend weitere eingefallen sind. Aber nun bereitet eure Taschenlampen und Gl\u00fccksbringer vor, wenn wir uns... in Eine dunkle Vergangenheit \u0001 \u0002 da ich einige W\u00f6rter und S\u00e4tze in Spanisch gelassen habe, um den Film zu ehren, hier die Liste von Spanisch zu Deutsch- \u00dcbersetzungen:Pap\u00e1 = Vater (lit.), Vaterfigur (umgs.)Mam\u00e1 = Mutter (lit.), Mutterfigur (umgs.)T\u00eda = TanteMocoso = Balg, Rotzbengel\u00a1No, por Dios, no! = Nein, gro\u00dfer Gott, nein!Muchacho = Junge (umgs.)Cari\u00f1o = Schatz, Liebste(r) Coraz\u00f3n = Herz (lit.), Schatz (umgs.)\u00a1Ay, mi amor! = Oh weh, Schatz!X-x-x-x-x-x-x-x-x-XDie Sonne begann bereits hinter die Berge zu sinken, die die kleine Stadt Santa Cecilia umgaben und f\u00e4rbte den Himmel und die Wolken in verschiedenen Schattierungen von Rosa, Orange und Rot. Ein leichter Wind war aufgekommen und k\u00fchlte die Gesichter der Musiker an der Plaza Mariachi, die dort den ganzen Tag gespielt hatten, einschlie\u00dflich eines Jungen, der auf einer Wand sa\u00df und eine Gitarre im Scho\u00df hatte. \u0001 \u0002 l\u00e4chelte strahlend und enth\u00fcllte eine kleine Zahnl\u00fccke und ein Gr\u00fcbchen am linken Mundwinkel, als er dankbar sein bronzefarbenes Gesicht in die frische Luft hielt, die aus den Bergen wehte. Miguel Rivera hob seine handgemachte Gitarre hoch und fuhr mit den Fingern \u00fcber die farbenfrohen Details, mit denen er sie dekoriert hatte. Sie erinnerten ihn an die Ornamente auf dem Skelett seines geliebten pap\u00e1. H\u00e9ctor...Er zupfte an den Seiten. Der Junge seufzte gl\u00fccklich, r\u00e4usperte sich und begann zu singen. Er hatte an neuen Liedern gearbeitet und sich immer noch in sein Versteck zur\u00fcckgezogen, um zu arbeiten und sich inspirieren zu lassen, obwohl seine Familie jetzt offen Musik im Haushalt akzeptierte. Das Lied, das er jetzt sang, war eines der ersten, das er geschrieben hatte, nachdem er in die Welt der Lebenden zur\u00fcckgekehrt \u0001 \u0002 sprach von Liebe durch die Jahrhunderte, der Wichtigkeit des Erinnerns und der Familie. Nachdem das Lied geendet hatte, legte Miguel das Instrument nieder und streckte - scheinbar aus einem Impuls heraus - eine Hand aus, nur um blindlings die Luft neben sich zu ertasten. \"War das nicht toll, Dante? Was denkst du, Junge? Dante?\", fragte er, aber nur der Wind antwortete \u0001 \u0002 Junge seufzte leise und legte den Kopf zur\u00fcck. Er dachte an alles, was passiert war, wie es sein ganzes Leben f\u00fcr immer ver\u00e4ndert hatte. Nach seinem unerwarteten Besuch auf der anderen Seite war etwas Erschreckendes und gleichzeitig Ehrfurchtgebietendes geschehen. Der junge Rivera hatte herausgefunden, dass er Geister sehen konnte. Er konnte nicht nur ihre Energie wahrnehmen, sondern tats\u00e4chlich ihre Erscheinungen sehen und sogar mit ihnen sprechen, wenn er wollte. Zuerst hatte er Angst gehabt, aber er hatte bald gelernt, es zu genie\u00dfen und stolz auf seine au\u00dfergew\u00f6hnliche Gabe zu \u0001 \u0002 seine neu entdeckten \u00fcbernat\u00fcrlichen F\u00e4higkeiten ihm die Gewissheit gegeben hatten, dass er seinen pap\u00e1 H\u00e9ctor wirklich gerettet hatte, f\u00fchlte er sich manchmal immer noch elend. Manchmal vermisste Miguel seine tote Familie so sehr, dass er den ganzen Tag zusammengerollt auf seinem Bett lag, nur weinte und sich weigerte, etwas zu tun. Er vermisste Imelda, seine feurige, aber gutherzige mam\u00e1, ihren beeindruckenden alebrije Pepita, seiner lieben t\u00eda Rosita... und Dante. Sein tapferer und treuer Xolo-Freund war gezwungen gewesen, im Land der Toten zur\u00fcckzubleiben, da er offiziell ein Geisterf\u00fchrer geworden war. Miguel glaubte fest an das Schicksal, aber er w\u00fcnschte sich manchmal, alles w\u00e4re so anders verlaufen...Miguel sp\u00fcrte, wie Tr\u00e4nen \u00fcber sein Gesicht liefen. Er entschied, dass dies einer seiner \u201esensibleren\u201c Tage war. Der Junge wischte sich mit dem \u00c4rmel \u00fcber die nassen Augen, sprang von der Wand und befestigte seine Gitarre mit einem Riemen auf dem R\u00fccken. \"Pap\u00e1 H\u00e9ctor w\u00fcrde nicht wollen, dass ich weine...\", sagte er sich, wie jedes Mal, wenn er die Kontrolle \u00fcber seine Gef\u00fchle verlor. Es wurde langsam dunkel und er wollte nach Hause, bevor seine Eltern ihn noch daf\u00fcr straften, zu sp\u00e4t gekommen zu sein. Von seiner abuelita ganz zu schweigen... Miguel beschloss, eine seiner Abk\u00fcrzungen zu nehmen, die er in der Vergangenheit h\u00e4ufig benutzt hatte, um von seinem Haus zur Plaza zu gelangen. Er f\u00fchlte sich zuversichtlich, als er durch die Reihen dunkler unbenutzter H\u00e4user joggte. Er n\u00e4herte sich bereits dem Ende der Stra\u00dfe, als...\"Hab ich dich, du kleine Ratte!\", zischte pl\u00f6tzlich eine raue Stimme hinter ihm und f\u00fcr ein paar Sekunden konnte er nicht atmen, als jemand an der R\u00fcckseite seines Pullis riss. \"Was soll das?! Lassen Sie mich los, lassen Sie mich los! H- \", protestierte Miguel instinktiv, aber eine starke Hand legte sich fest um seinen Mund und reduzierte jedes Ger\u00e4usch zu einem ged\u00e4mpften Wimmern. Das Herz des Jungen sank wie ein Stein und er verlor f\u00fcr einen Moment alle Energie. Er wurde entf\u00fchrt! Sein Angreifer nahm ihn in einen Haltegriff und zwang ihn langsam zu Boden. Der junge Rivera versuchte, aus dem Griff zu winden oder seinen Gegner zu treten, irgendetwas zu tun, aber das Gewicht auf ihm war zu gro\u00df. Miguel stie\u00df ein angstvolles Schluchzen aus, seine Augen rollten wie verr\u00fcckt in ihren H\u00f6hlen. Er hatte furchtbare Angst. \"Also, mocoso, und jetzt s\u00fc\u00dfe Tr\u00e4ume!\", raunte sein Entf\u00fchrer bedrohlich. Mam\u00e1! Pap\u00e1! HILFE!!! Aus dem Augenwinkel sah er einen gro\u00dfen Stein, der auf seinen Kopf zielte. No, por Dios, no! BAM! Der Schmerz explodierte hinter ihm, dann wurde sein zitternder K\u00f6rper still, als seine Welt in Dunkelheit versank.*W\u00e4hrenddessen standen die Dinge im farbenfrohen Land der Toten f\u00fcr die verstorbene Rivera-Familie besser als seit langer Zeit. Seit sehr, sehr langer Zeit. Besonders f\u00fcr H\u00e9ctor Rivera. Er war hundert Jahre gemieden worden, als Witzfigur hingestellt worden und war dem letzten Tod nur um Haaresbreite entronnen. Nun hatte das Schicksal endlich beschlossen, ihn zu belohnen. Er hatte seinen Ururenkel kennengelernt - so ein kluger, talentierter, wunderbarer muchacho! -, die Liebe seines Lebens hatte ihm endlich vergeben und vor allem war er endlich wieder mit seiner geliebten Tochter vereint worden. Seiner - jetzt nicht mehr so kleinen - \u0001 \u0002 lag mit Imelda auf ihrem Doppelbett, seine H\u00e4nde ruhten auf ihren H\u00fcften, ihre Arme waren um seinen Hals gewickelt. Imelda fuhr ihre kn\u00f6chernen Finger durch seine rabenschwarzen Haare. Cocos Vater seufzte gl\u00fccklich. Wie sehr hatte er ihre Ber\u00fchrungen und Liebesbekundungen vermisst! Er wiederum griff nach oben, um einen Punkt \u00fcber Imeldas linkem Ohr zu massieren. Sie schauderte vor Freude. \"Cari\u00f1o, ich... Es tut mir so Leid, dass ich jemals an dir gezweifelt habe. Ich...\u201c, begann sie sich zu entschuldigen. Ihr Mann lie\u00df sie nicht fertigreden, sondern schnitt sie mit einem tiefen, leidenschaftlichen Kuss auf die Lippen ab. \"Nein, mein coraz\u00f3n. Nichts davon ist deine Schuld. Ich h\u00e4tte Ernesto niemals vertrauen d\u00fcrfen. Aber lass uns nicht mehr dar\u00fcber reden, einverstanden? Konzentrieren wir uns nur auf...\", fl\u00fcsterte er \u0001 \u0002 traf ihn ein \u00fcberw\u00e4ltigendes Gef\u00fchl der Angst wie eine Flutwelle. Es f\u00fchlte sich an, als w\u00e4re ihm ein Lastwagen in die Brust gerammt. H\u00e9ctor trennte sich von Imelda und setzte sich an den Rand des Bettes. Sein Atem war tief und zittrig, seine geweiteten braunen Augen starrten ins Nichts. Das weibliche Skelett legte besorgt eine Hand auf seine Schulter und rief: \"Ay, mi amor! Was ist passiert?!\" Bevor er antworten konnte, h\u00f6rten sie ein tiefes Knurren von drau\u00dfen kommen. \"Pepita...\", fl\u00fcsterte Imelda und das Paar rannte hinaus, um zu sehen, was los war. Sie wurden von einem Anblick erwartet, der nichts zur Beruhigung von H\u00e9ctors pl\u00f6tzlichen Nerven \u0001 \u0002 beiden Alebrijes in der Familie befanden sich am Rande ihres Rasens, ihre K\u00f6rper in Richtung der Blumenbr\u00fccke in der Ferne deutend. Pepita hatte alle ihre Muskeln angespannt, ihre Fl\u00fcgel flatterten leicht auf und ab, als ob sie sich auf einen Flug vorbereiten w\u00fcrde. Ihre Z\u00e4hne waren entbl\u00f6\u00dft, ihre Katzenaugen klein und gl\u00fchend vor Agressivit\u00e4t. Dante \u2013 der treue, enthusiastische Xolo ihres Ururenkels \u2013 wimmerte, seine bunte Haut nahm in einen dunkleren Farbton an als normal, seine gro\u00dfen Augen zeigten Sorge, aber auch \u0001 \u0002 ihnen stand Coco, am ganzen K\u00f6rper zitternd. Pl\u00f6tzlich fiel ihr Stock zu Boden und auch sie w\u00e4re gefallen, wenn H\u00e9ctor und Imelda ihr nicht zur Seite geeilt w\u00e4ren, um sie aufzufangen. \"Was im Namen Quetzalcoatls und aller G\u00f6tter ist hier los?!\", rief die Rivera-Matriarchin, die Angst in ihrer Stimme deutlich. H\u00e9ctor zuckte zusammen. Den Namen ihres Sch\u00f6pfers auszusprechen hatte eine sehr starke Wirkung und sollte niemals leichtfertig verwendet werden. Dann murmelte Coco ein einziges Wort, das sein nicht vorhandenes Blut erfrieren lie\u00df: \"Miguel.\" *Die Luft in Mexiko-Stadt f\u00fchlte sich k\u00fchl und feucht an, was nur bedeuten konnte, dass ein Gewitter im Anmarsch war. Nichts Au\u00dfergew\u00f6hnliches an einem Tag im September. Eine Figur \u2013 nach ihrer Silhouette zu urteilen, war sie weiblich \u2013 zog ein letztes Mal an einer Zigarette, bevor sie den Stummel erreichte. Sie trat die Kippe im nassen Gras aus und lie\u00df dann langsam den Rauch durch Mund und Nasenl\u00f6cher entweichen. Nachdenklich beobachtete sie, wie er sich langsam mit den grauen Wolken \u00fcber ihr vermischte. Die Frau zog ihr die Kapuze ihrer schwarzen Jacke tiefer ins Gesicht und \u00f6ffnete eine Flasche Alkohol. Nachdem sie einen langen Schluck Tequila genommen hatte, lehnte sie ihren K\u00f6rper an den Grabstein, auf dem sie sa\u00df. Sie zeichnete die Buchstaben des Namens nach, der auf dem Stein eingraviert war. Ein paar Minuten der Stille vergingen, bevor sie anfing, leicht auf den Grabstein zu tippen und begann, mit niemandem im Besonderen zu sprechen: \"Du wirst mir nicht glauben, ich hatte heute Abend den seltsamsten Traum... Es waren eher wie Einblendungen, um ehrlich zu sein. Ich hatte eine Vogelperspektive auf das mexikanische Staatsgef\u00e4ngnis, einen roten Lieferwagen... Ich h\u00f6rte Musik und einen Knall und Weinen. Die schrecklichsten Teile waren aber die Gef\u00fchle. Es gab diese dunkle, b\u00f6se Pr\u00e4senz, es war furchtbar. Und-\" Ihre Stimme begann zu zittern und sie kippte schnell ein bisschen mehr Alkohol in sich hinein, um die Fassung zu bewahren. \"Und diese Angst. So viel Angst, Verzweiflung und Einsamkeit! Frag mich nicht, wie, aber ich habe das Gef\u00fchl, dass irgendetwas Schlimmes passieren wird.\"Die Besucherin schnaufte durch und stand dann mit einem kleinen L\u00e4cheln auf. \"Auf jeden Fall bin ich nur gekommen, um es dir zu sagen. Ich muss jetzt gehen. Bis zum n\u00e4chsten Mal...\" Sie k\u00fcsste ihre Fingerspitzen und ber\u00fchrte mit ihnen den Grabstein, ein letzter sentimentaler Abschied. Nachdem sie die Flasche in ihre Tasche gesteckt und ihre Autoschl\u00fcssel herausgenommen hatte, schlenderte sie zum Eingang des Friedhofs. Lachend warf die Frau die Schl\u00fcssel in die Luft, wirbelte um sich herum und fing sie eine Sekunde auf, bevor sie auf den Boden fielen. Sie stieg in ihr Auto \u2013 einen roten Pickup-Truck \u2013, schaltete den Motor ein und murmelte noch einmal: \"Es wird definitiv etwas passieren...\", bevor sie das Fahrzeug wendete und wegfuhr. Drau\u00dfen grollte der Donner bedrohlich in der Ferne. ENDE KAPITEL 1X-x-x-x-x-x-x-x-XAlso, ihr Lieben. So endet Kapitel 1 von Eine dunkle Vergangenheit. Keine Sorge, ich f\u00fchle mich schrecklich, Miguel so in die Mangel zu nehmen, aber gleichzeitig m\u00fcsstet ihr inzwischen wissen, dass Autoren es lieben, so grausam wie m\u00f6glich zu sein... Lasst mich wissen, ob es euch gefallen hat, indem ihr einen Kommi da lasst. Bleibt sicher und nehmt keine Abk\u00fcrzungen, Sch\u00e4tzchen. (Solltet ihr gerade sowieso nicht tun!) K\u00fcsschen und \u0001 \u0002 McHill",
            "wordcount": "1.982",
            "chapter_release": "24.05.2020",
            "chapter_number": "1"
        },
        "2": {
            "text": "Eine dunkle VergangenheitAN: Hey, Leute! Ich bin froh, dass diese Geschichte schon die ein oder andere Aufmerksamkeit auf sich zieht. Die Idee, dem Film einen ganz anderen Twist zu geben, scheint wohl Anklang zu finden. Also... wir wissen bereits, dass eine schreckliche Person es gewagt hat, unserem lieben Miguelito Hand anzulegen, weswegen ich mich schrecklich f\u00fchle (und irgendwie nicht...) und das werden die Riveras nicht auf sich sitzen lassen! Wir werden etwas mehr \u00fcber diesen mysteri\u00f6sen Mann erfahren und wie Miguels Familie auf das Verschwinden ihres Jungen reagiert. Ab Kapitel 3 tritt auch die Frau vom Friedhof ins \u0001 \u0002 nun ist das Warten vorbei! Lass uns mit den Riveras auf Spurensuche gehen! Auf zu Kapitel 2!!!Dies sind die \u00dcbersetzungen:hermano = Brudermocoso = Balgmijo = (mein) Sohn mi amor = Schatz, Liebescari\u00f1o = \"beb\u00e9 = Babyquerida = Liebe madre = Mutter buenas noches = Gute Nachtalebrijes = Fabelwesen aus mexikanischer Mythologiese\u00f1ora = Frauvamos, chicos = Kommt, JungsX-x-x-x-x-x-x-XDer rote Van stand in der N\u00e4he einer der den Park umgebenden Mauern, so, dass er gr\u00f6\u00dftenteils von den str\u00e4hnigen Bl\u00e4ttern und Zweigen einer Weide bedeckt war, die dar\u00fcber wuchs. Mit der zus\u00e4tzlichen Dunkelheit der Nacht h\u00e4tte jemand, der sich f\u00fcr einen Spaziergang entschieden h\u00e4tte und an diesem Ort vorbeigekommen w\u00e4re, nichts Au\u00dfergew\u00f6hnliches bemerkt. Aber wie naiv sie w\u00e4ren...Ein Mann lehnte l\u00e4ssig an der Wand, die muskul\u00f6sen Arme vor der Brust verschr\u00e4nkt. Er trug eine schwarze Weste \u00fcber einem orangefarbenen Hemd, Jeans und Tennisschuhen. Sein schwarzes Haar war kurz geschnitten. Die Sonne hatte sein braunes Gesicht weiter gebr\u00e4unt, das man als h\u00fcbsch bezeichnet h\u00e4tte, wenn es nicht der eisige Blick in seinen Augen und der aggressive Zug seiner rissigen Lippen gewesen w\u00e4re. Eine Prellung begann um sein linkes Auge zu heilen. Es war offensichtlich, dass er vor nicht allzu langer Zeit in einen Kampf geraten war, aber sein allgemeines Aussehen sagte allen, dass er nicht auf der Verliererseite gewesen war. Der Mann schob seinen rechten \u00c4rmel hoch und enth\u00fcllte die beeindruckende T\u00e4towierung einer dreik\u00f6pfigen Schlange, die sich um seinen Unterarm \u0001 \u0002 seufzte und murmelte etwas Unverst\u00e4ndliches und lie\u00df seine Augen die Stra\u00dfe auf und ab wandern. Wenige Minuten sp\u00e4ter tauchte ein anderer Mann aus dem Schatten auf und stellte sich still neben ihn. Die beiden nickten sich gegenseitig knapp zu. Dann lehnte sich der Neuank\u00f6mmling nach vorne und sagte: \"Du hast besser einen guten Grund, mich das alles tun zu lassen...\" Der erste Mann lachte finster und lie\u00df seinen Blick \u00fcber den anderen schweifen. Er war ein wenig kleiner als er und d\u00fcnn, sah aber nicht ungesund aus. Seine gebr\u00e4unte Haut war so glatt wie ein Spiegel, sein schulterlanges schwarzes Haar war sorgf\u00e4ltig in der Mitte gescheitelt. Dunkle Augen blickten ihn ruhig an. Er trug einen Business-Anzug, der einen wichtigen Rang nahelegte. Die Schnauzen von drei Schlangen waren \u00fcber seinen geschlossenen \u00c4rmeln kaum zu sehen. \"Deine Schulden beim Staatsgef\u00e4ngnis sind beglichen worden. Ich w\u00fcrde trotzdem vorschlagen, dass du f\u00fcr eine Weile von ihrem Radar verschwindest. Hast du die... Ware?\", fragte der Gesch\u00e4ftsmann leise. \"Keine Sorge, hermano. Sie werden uns in Ruhe lassen. Und ja, ich habe ihn. Diesen mocoso zu fangen, war einfacher, als eine streunende Katze zu erschie\u00dfen.\", antwortete sein Begleiter. Sein spanischer Akzent war leicht wahrnehmbar, als er sprach. \"Hmm... Ich habe dem Unternehmen gesagt, dass ich einen einw\u00f6chigen Urlaub nehmen w\u00fcrde. Reicht das f\u00fcr dich... um mit ihm fertig zu werden?\", teilte ihm sein Bruder mit. Sein Akzent war kaum wahrnehmbar. \"Nat\u00fcrlich, Joaco... Obwohl ich lieber mehr Zeit h\u00e4tte. Ich werde ihn daf\u00fcr bezahlen lassen, dass er unseren Namen durch den Schmutz gezogen hat... Ich werde die Ungerechtigkeit r\u00e4chen, die er Ururgro\u00dfvater angetan hat. Wo steckt Manny jetzt? Er sollte bereits hier sein! Wir m\u00fcssen einen Zeitplan einhalten... \", zischte der Verbrecher und rieb sich die muskul\u00f6sen Arme, um sich zu w\u00e4rmen. \"Woher soll ich das wissen? Wenigstens wei\u00df er, wo wir uns treffen...\", murmelte \u0001 \u0002 als Joaquin sein Handy aus der Tasche nehmen wollte, erschien eine Gestalt am Ende der Stra\u00dfe. Sie winkte ihnen zu und verfiel in einen Trab, um sich ihnen anzuschlie\u00dfen. Sekunden sp\u00e4ter stand ein junger Mann vor ihnen. Er nickte den Br\u00fcdern zu und begr\u00fc\u00dfte sie: \"Hey, Leute! Ram\u00f3n, Joaco... Es tut mir leid, dass ich euch habe warten lassen. Ich musste den Laden noch schlie\u00dfen, nachdem ich einem Paar geholfen habe, ihre Eheringe auszuw\u00e4hlen. Das hat ewig gedauert...\" Emmanuel oder Manny war der j\u00fcngste der Br\u00fcder. Er war auch in einem schlichten schwarzen zweiteiligen Anzug gekleidet, wie sein \u00e4lterer Bruder, der aber nicht so teuer aussah wie der von Joaquin. Genau wie seine \u00c4ltesten hatte er ein dreik\u00f6pfiges Schlangen-Tattoo. Seine dunkelbraunen Haare waren sorgf\u00e4ltig gek\u00e4mmt und mit etwas Gel gestylt. Von den dreien waren seine braunen Augen die w\u00e4rmsten. \"Erinnert mich wieder, warum wir hier sind, bitte...\", fragte Manny. Er hatte die groben Umrisse des Plans seines Bruders am Telefon geh\u00f6rt, aber er war sich nicht sicher, richtig geh\u00f6rt zu haben...Der \u00e4lteste Bruder, Ram\u00f3n, zeigte ein psychotisches Grinsen und \u00f6ffnete eine der Hintert\u00fcren des Transporters. Der Anblick \u00fcberraschte seine j\u00fcngeren Geschwister. Joaqu\u00edn pfiff leise, seine Augen weiten sich, Emmanuel keuchte unfreiwillig und machte einen Schritt zur\u00fcck. Inmitten leerer Limo- und Bierdosen und schwarzer M\u00fclls\u00e4cke lag... Miguel. Er war bewusstlos. Seine H\u00e4nde waren ihm auf dem R\u00fccken gefesselt worden, seine F\u00fc\u00dfe waren ebenfalls zusammengebunden, um ihn an einer Flucht zu hindern. Ein Knebel war fest um seinem Mund gebunden und sicher am Hinterkopf befestigt. Ein d\u00fcnnes, getrocknetes Blutrinnsal lief von seinem Haaransatz seine Schl\u00e4fe hinunter. \"Du hast es wirklich getan...\", murmelte Joaquin und konnte sein Erstaunen nicht verbergen. Manny seufzte und \u00e4u\u00dferte leise seine Bedenken: \"Also ziehen wir das wirklich durch? Du meinst es ernst. Ich wei\u00df, wir haben immer ein paar krumme Dinger gedreht, um durchzukommen, aber eine Entf\u00fchrung? Das ist eine andere Liga...\"F\u00fcr einen Moment sah es so aus, als ob Ramon kurz davor war, seinen kleinen Bruder an der Kehle zu packen, aber er belie\u00df es dabei, ihm so einen emp\u00f6rten Blick zuzuwerfen, dass ihm beinahe Funken aus den Augen spr\u00fchten. \"Ja, Emmanuel, ich meine es ernst! Ich will Rache! Ich will, dass er f\u00fcr das bezahlt, was er getan hat! Ich werde unseren Namen reinigen und wenn es das Letzte ist, was ich tue! Sch\u00e4mt ihr euch nicht f\u00fcr das, was wir geworden sind?\", zischte er. Als er sah, dass der J\u00fcngste nicht antwortete, beugte er sich hinab und kratzte Miguels Wange. Der bewusstlose Junge zuckte nicht einmal zusammen. \"Er ist vollkommen ko. Ich glaube nicht, dass er aufwachen wird, bevor wir ankommen.\", murmelte Ram\u00f3n s\u00fcffisant. Mit einem letzten triumphalen Blick auf seinen kleinen Gefangenen schlug er die Hintert\u00fcren des Transporters zu. \"Jetzt steigt ein! Wir haben einen Zeitplan einzuhalten und ich will raus aus dieser verdammten Stadt!\", knurrte er seinen Gef\u00e4hrten zu, die sofort reagierten. Eine Minute sp\u00e4ter erwachte das Fahrzeug leise zum Leben und bald verh\u00fcllte die Nacht die Br\u00fcder und ihre sch\u00e4ndlichen Pl\u00e4ne. * \"MIGUEEEEEEEEEEEEEEEEL!!!!!!\", schrie T\u00edo Berto in die Nacht. \"Wo bist du, mijo?! Miguel, bitte antworte!\", folgte Enrique, die Stimme heiser vom Schreien. Miguels Mutter Luisa lehnte sich an einen Brunnen, ihre Beine waren zu schwach, um ihr Gewicht mehr zu st\u00fctzen. Sie begann zu zittern und murmelte schwach: \"Warum tust du mir das an, Miguel?\" Die sch\u00f6ne Frau dachte an die schreckliche Nacht vor einem Jahr am Tag der Toten zur\u00fcck. Ihr Junge war verschwunden, nachdem Mama Elena Miguels Gitarre zerst\u00f6rt hatte, sie hatten ihn erst am n\u00e4chsten Tag gefunden. Aber sie, ihr Mann und ihr Schwager hatten bereits die ganze Stadt durchsucht und Miguel war immer noch nicht aufgetaucht. Selbst die \u00f6rtliche Polizei konnte ihren Sohn nicht ausfindig machen. Sie waren gezwungen gewesen, die Suche aufzugeben und verlie\u00dfen den Riveras, aufrichtige Reue in ihren Gesichtern. Miguel war nirgendwo zu sehen... Ihre beiden Begleiter n\u00e4herten sich ihr, ihre Ausdr\u00fccke bitter und m\u00fcde. \"Lasst uns nach Hause gehen, mi amor... Wir werden ihn heute nicht finden. Es ist Nacht und es wird kalt. Wo immer er ist, er findet sicher Schutz vor den Elementen. Lasst uns morgen weitersuchen. Komm, Luisa...\", seufzte Enrique und half seiner Frau auf die Beine. Langsam und geknickt machten sich die drei auf den Weg zur\u00fcck ins Haus der Riveras. Elena wartete am Eingang auf sie, ihr Gesicht dunkel vor Sorge. \"Und?\", fragte sie. Diese einfache, monosyllabische Frage gab den Mauern der jungen Mutter den letzten Schlag und reichte aus, um sie zum Einsturz zu bringen. Mit einem verzweifelten Schrei warf sich Luisa in die Arme der Matriarchin und begann zu schluchzen, als h\u00e4tte sie gerade erfahren, dass ihr Miguel gestorben war. Elena seufzte tief und f\u00fchrte sie schnell zum Esstisch, wo sie sie sie sanft auf einen Stuhl setzte. Miguels Mutter sank darauf zusammen und vergrub das Gesicht in ihren Armen. \"Keine Sorge, cari\u00f1o. Er muss irgendwo sein. Er w\u00fcrde uns nicht einfach so verlassen. Bei unseren Vorfahren, er kam er auch das letzte Mal zur\u00fcck! Niemand konnte ihn finden, aber er kam zur\u00fcck... Er muss...\", murmelte die Gro\u00dfmutter des \u0001 \u0002 selbst diese hoffnungsvolle Aussage half nicht, die Stimmung der jungen Mutter zu heben. Enrique kam auf sie zu, einen gebrochenen Ausdruck auf seinem Gesicht. \u201eIch bin sicher, dass es ihm gut geht, mi Luisa. \u201c, fl\u00fcsterte er und lehnte sich zu ihr hinunter. \u00dcberw\u00e4ltigt vor Kummer, warf sich Luisa in Arme ihres Ehemanns, vergrub ihr Gesicht in seiner Brust und weinte laut. Gloria und Carmen, ihre Schw\u00e4gerinnen, hatten wohlweislich alle kleinen Kinder zu Bett gebracht, als die drei gegangen waren, um nach ihrem fehlenden Familienmitglied zu suchen, also war es sicher, zusammenzubrechen. \"Wo ist mein beb\u00e9?! Ich will ihn zur\u00fcck, Kike! Ich will ihn in meinen Armen, ich will mein Baby zur\u00fcck!!!\", schluchzte Miguels Mutter und bebte vor Trauer und Furcht am ganzen K\u00f6rper. Enrique hielt seine Frau fest und k\u00e4mpfte gegen seine eigenen Tr\u00e4nen. Ihre Schw\u00e4gerin Gloria kam auf sie zu und ber\u00fchrte ihre Schulter. \"Mach dir keine Sorgen, Luisa. Wir werden ihn finden, koste es, was es wolle. Hab Vertrauen, cari\u00f1o...\" Unterdessen schaute Cousin Abel zum Sofa, auf dem seine Schwester Rosa sa\u00df. Das M\u00e4dchen hatte kein Wort gesprochen, seit ihr j\u00fcngeres Familienmitglied verschwunden war. Sie hatte ihre Ballerinas ausgezogen und ihre Knie an ihre Brust gezogen. Sie zitterte. \u201eBist du ok, Rosita?\u201c, fragte sie ihr \u00e4lterer Bruder besorgt. Rosa fing an zu schluchzen, kurz von Furcht und der intensiven Verzweiflung ihrer Tante \u00fcberw\u00e4ltigt. Aber dann \u00e4nderte sich etwas in ihr. Traurigkeit und Hoffnungslosigkeit verwandelten sich in Entschlossenheit und Wut. Das bebrillte M\u00e4dchen wischte sich die Tr\u00e4nen aus den Augen und stand auf. \"Genug!\", rief sie durch zusammengepresste Z\u00e4hne, \"Wir k\u00f6nnen nicht einfach herumsitzen und weinen und nichts tun! Unsere Gendarmen konnten nichts tun, oder? Na gut, aber was ist mit einem echten Suchtrupp aus Mexiko-City, mit Hunden und allem? Wenn es jemanden gibt, der Miguel finden kann, dann die Leute, die tats\u00e4chlich darauf spezialisiert sind, Vermisste zu finden.\" F\u00fcr einen Moment waren alle im Raum totenstill, so still, dass Rosa es fast bereute, gesprochen zu haben. Dann, zur \u00dcberraschung aller im Raum, ergriff Mama Elena als Erste wieder das Wort und sagte: \"Rosita, querida, ich h\u00e4tte nie gedacht, dass ich das sagen w\u00fcrde, aber...\" Ihre Enkelin zog ihren Kopf zwischen ihre Schultern und erwartete zu h\u00f6ren, dass dies die schlimmste Idee \u00fcberhaupt war und dass sie die Pl\u00e4ne den Erwachsenen \u00fcberlassen sollte. Aber sie h\u00f6rte stattdessen: \"Ich habe keine besseren Ideen. Wir haben genug Geld f\u00fcr vier Bustickets. Ich schlage vor... dass Luisa und Enrique definitiv gehen, ich m\u00f6chte auch reisen. Als Matriarchin der Familie werde ich wahrscheinlich f\u00fcr die Prozesse gebraucht. Und ich w\u00fcrde gerne auch Rosa mit uns nehmen... Es war nicht nur ihre Idee, sondern sie kennt sich auch am besten von uns mit der modernen Kultur aus. Das wird in der Gro\u00dfstadt von Nutzen sein. Wir werden uns nat\u00fcrlich um sie k\u00fcmmern, aber der Rest von euch muss hier bleiben. Jemand muss den Laden am Laufen halten, w\u00e4hrend wir weg sind. Riveras bleiben immer dran...\"Mama Elena seufzte und goss sich ein Glas Tequila ein. Sie hatte noch nie so viel auf einmal geredet. Nachdem sich alle von ihrer anf\u00e4nglichen \u00dcberraschung erholt hatten, n\u00e4herte sich ihr Sohn Berto ihr und murmelte: \"Wie auch immer du entscheidest, madre, wir unterst\u00fctzen dich.\", w\u00e4hrend seine Frau Rosa eine enge Umarmung gab und ihren Kopf unter Tr\u00e4nen k\u00fcsste. \"In Ordnung. Ich werde dann gehen und die Tickets kaufen. Ich schlage vor, dass wir fr\u00fch ins Bett gehen, ich glaube, der Bus f\u00e4hrt in den Morgenstunden ab.\", seufzte Miguels Vater, befreite sich sanft von Luisas Griff und rieb an seinen Schl\u00e4fen, um die aufkommenden Kopfschmerzen zu vertreiben. Elena gab ihm das Geld, dann stolperte Enrique noch einmal in die Nacht. Die Matriarchin schaute den Rest der Familie an, erregt und sorgenvoll, und wies sie an: \"Ihr habt ihn geh\u00f6rt. Geht ins Bett und schlaft so viel wie m\u00f6glich. Morgen wird f\u00fcr uns alle ein harter Tag. M\u00f6gen uns unsere Vorfahren gute Tr\u00e4ume bescheren. Ich werde hier warten, bis Enrique zur\u00fcckkommt. Buenas noches...\"Gute Nacht murmelnd, schleppten sich die Riveras einer nach dem anderen in ihre Zimmer und bald wurde das Haus in Dunkelheit getaucht. Miguels Gro\u00dfmutter schluckte. Obwohl sie versuchte, vor ihrer Familie stark und entschlossen auszusehen, machte sie sich gro\u00dfe Sorgen um ihren Enkel. Schuldgef\u00fchle regten sich erneut in ihr, als sie an das Jahr zuvor zur\u00fcckdachte, als er weinend weggelaufen war, wegen ihr. Aber irgendwie wusste sie tief in sich, dass es diesmal anders war. Etwas Schlimmeres war ihrem Miguelito zugesto\u00dfen. Etwas viel Schlimmeres... Elena bekreuzigte sich und betrat den Ofrenda-\u0001 \u0002 alte Dame lie\u00df ihren Blick dar\u00fcber schweifen. Der Altar war noch da und f\u00fcllte den gr\u00f6\u00dften Teil des Raumes. Obwohl es diesmal keine Blumen oder Essen gab, die die Tische schm\u00fcckten, nachdem sie sie angez\u00fcndet hatte, erhellten Dutzende von Kerzen die Ofrenda mit einem warmen orangen Leuchten. Auf buntem Tuch aufgerichtet, sahen die Bilder des verstorbenen Riveras Elena unbewegt an. Ihre Hand griff nach oben, um sanft das Foto ihrer Mutter zu ber\u00fchren. Der Tod von Mama Coco, wenn auch vorhersehbar, hatte die Familie sehr geschmerzt. F\u00fcr einen kurzen Moment ging ihr der dunkle Gedanke durch den Kopf, ob sie Miguels Bild bald auch auf die Ofrenda setzen m\u00fcssten...Entsetzt \u00fcber ihre eigenen Gedanken schloss Cocos Tochter fest die Augen und zwang sich, positiv zu denken. Miguel war weder tot noch kurz davor zu sterben. Es stimmte, er war in Schwierigkeiten, aber sie glaubte fest daran, dass am Ende alles gut ausgehen w\u00fcrde. Zumindest hoffte sie es... Nachdem sie sich beruhigt hatte, \u00f6ffnete Sie ihre Augen wieder und tat, wof\u00fcr sie hierher gekommen war. Sie kniete nieder, bekreuzigte sich, schaute ihrer Vorfahrin Imelda ins Gesicht und betete: \"Ich bitte euch, Vorfahren. Helft uns, Miguel sicher und gesund zu finden und nach Hause zu bringen. Er ist vermisst und unauffindbar. Ich f\u00fcrchte, es ist etwas Schlimmes passiert... Bitte, helft und besch\u00fctzt uns bei unserer Suche. H\u00f6rt mein Flehen.\" Damit stand sie wieder auf, trocknete ihr tr\u00e4nennasses Gesicht und blies die Kerzen aus, bevor sie sich ins Wohnzimmer zur\u00fcckzog. *Mit Hilfe von Pepita waren die toten Riveras blitzschnell bei der Abteilung f\u00fcr Familientreffen angelangt. Allein der Anblick von Imelda mit einem h\u00f6chst besorgten Blick in den Augen gen\u00fcgte den Managern, um zu erkennen, dass ihr Problem ernst war und schickte sie sofort zu einem der Angestellten. Es war derselbe, der ihnen geholfen hatte, als Miguel ihnen seinen unerwarteten Besuch abgestattet hatte. Imelda beugte sich angespannt \u00fcber den Schreibtisch und fragte: \"K\u00f6nnten Sie bitte so freundlich sein zu erkl\u00e4ren, was in der Welt mit unserer Familie vor sich geht? Wir alle haben negative Schwingungen gesp\u00fcrt und unsere alebrijes sind nerv\u00f6ser als je zuvor. Ist auf der anderen Seite alles in Ordnung? Ist unser Ururenkel ok?\" Das kleine Skelett schaute sich einige Minuten lang verschiedene Papiere an, blickte dann wieder auf die Riveras und begann zu erkl\u00e4ren: \"Nun, se\u00f1ora, soweit ich sehen kann...\" Pl\u00f6tzlich flogen Imeldas H\u00e4nde an ihren Kopf und sie brach auf dem Boden zusammen. Zur gleichen Zeit brach Dante drau\u00dfen in ein ohrenbet\u00e4ubendes Heulen aus. Sofort eilten H\u00e9ctor und Coco zur Seite der Matriarchin. \"Mi amor, was ist los?! Sprich mit uns!\", rief Imeldas Mann, der Schrecken, den er zuvor gesp\u00fcrt hat, schoss erneut durch seine Knochen wie Adrenalin. Imelda h\u00f6rte das Gebet von Mama Elena in ihrem Kopf wie eine riesige Glocke, die gel\u00e4utet wurde. Dann kam sie wieder zu sich. \"Miguel... Er ist verschwunden! Sie k\u00f6nnen ihn nirgendwo in Santa Cecilia finden. Sie brauchen unsere Hilfe!\", stotterte sie und atmete schwer. \"Wenn der Junge nicht gefunden werden kann, wird in der Regel ein bestimmter Begriff verwendet: Entf\u00fchrung\", stellte der Sekret\u00e4r widerwillig klar. Rosita entfuhr ein kleiner Schrei, Oscar, Julio und Felipe keuchten, sogar Victoria, meist so stoisch, war schockiert. Coco begann leise zu schluchzen. H\u00e9ctor kr\u00fcmmte und schlang fest die Arme um sich, die Augen geschlossen, seine Schultern zitterten. Sein wunderbarer Ururenkel?! Wer w\u00fcrde es wagen, auch nur ein Haar auf seinem Kopf zu kr\u00fcmmen? Warum war das Schicksal immer so grausam zu ihrer Familie?! Ihm war zum Heulen zumute. Miguel entf\u00fchrt? Er hatte Angst und war verst\u00f6rt. Was w\u00fcrden sie seinem Jungen antun? Aber seine Frau zog sich hoch und rief leidenschaftlich: \"Wir m\u00fcssen ihnen helfen! Wir m\u00fcssen jetzt in die Welt der Lebenden!\" Der Sekret\u00e4r seufzte tief und klagte: \u201eIch bin untr\u00f6stlich \u00fcber diesen bedauerlichen Vorfall, das bin ich wirklich, aber es gibt keine M\u00f6glichkeit f\u00fcr euch, zu passieren. Die Blumenbr\u00fccke wird am Tag der Toten aktiviert und nur an diesem Tag. Das ist m\u00e4chtige, uralte Magie, sie kann nicht aufgehoben werden, so ist es seit unsere Welt existiert. Mein tiefstes Beileid, aber ihr k\u00f6nnt nicht in die Welt der Lebenden reisen. Es gibt nichts, was ich f\u00fcr euch tun kann...\" Imelda zuckte zur\u00fcck, eine Hand \u00fcber ihren Mund, ihr Ausdruck gebochen. \"Nun, wenn es nichts gibt, was wir tun k\u00f6nnen...\", sagte Oscar und nahm seinen Hut ab. \"... werden wir Sie nicht mehr st\u00f6ren. Verzeihung, dass wir Ihre Zeit in Anspruch genommen haben. Vamos, chicos...\", vollendete Felipe den Satz seines Bruders. \"Ich bin derjenige, der sich entschuldigen muss, dass ich euch nicht helfen konnte\", murmelte der Sektret\u00e4r, aufrichtig \u0001 \u0002 trat die Familie wieder nach drau\u00dfen. \"Ich kann nicht glauben, dass wir Miguel nicht helfen k\u00f6nnen, nach allem, was er f\u00fcr uns getan hat... \", sagte Julio ungl\u00e4ubig. \"Ich auch nicht, aber was k\u00f6nnen wir tun? Wir k\u00f6nnen die Br\u00fccke nicht einfach selbst heraufbeschw\u00f6ren, oder?\", antwortete sie etwas sch\u00e4rfer als beabsichtigt, aber ihre Stimme zitterte leise vor Verzweiflung. Pl\u00f6tzlich schien ausgerechnet Rosita eine Idee zu haben. Ihre braunen Augen weiteten sich wie Teller und sie stammelte: \"Wartet eine Minute, ich wei\u00df vielleicht, was wir tun k\u00f6nnen...\" Zu verdutzt, um wirklich zu reagieren, sah die Familie zu, wie Miguels Gro\u00dftante sich auf dem Absatz umdrehte und zur\u00fcck zum B\u00fcro des Sekret\u00e4rs rannte. Pepita und Dante schlossen sich ihnen an. Der bunte Jaguar kuschelte sich dicht an die Riveras und versuchte, ihnen W\u00e4rme und Hoffnung zu geben, wo es anscheinend keine gab. Miguels treuer Xolo-Hund rollte sich zu einem Ball zwischen H\u00e9ctors Beinen zusammen und winselte laut, seine Farben ged\u00e4mpfter und dunkler als je zuvor. Seine gro\u00dfen Augen gl\u00e4nzten und rollten in ihren H\u00f6hlen. Minuten vergingen in Stille, als pl\u00f6tzlich Rosita aus dem Geb\u00e4ude platzte, eine Mappe in ihren Skeletth\u00e4nden. \"Ich denke...\", verk\u00fcndete sie, \"ich habe jemanden gefunden, der uns helfen k\u00f6nnte, in das Land der Lebenden zu gelangen...\"ENDE KAPITEL 2X-x-x-x-x-x-x-x-x-x-x-x-x-x-X-XNun, meine Lieben, das beendet Kapitel 2 von Eine dunkle Vergangenheit!Lasst mir einen Kommentar da, so winzig er auch sein mag, um mir gr\u00fcnes Licht zu geben und mir zu versichern, dass solche Geschichten wert sind, weitergeschrieben zu werden. (Vielleicht ein Hashtag #IchHabsGelesen?)Ich bin in den letzten Wochen endlich dazu gekommen, wieder zu \u00fcbersetzen und mehr zu schreiben. Kann sein, dass meine Hauptgeschichten bald wieder ein neues Kapitel \u0001 \u0002 und Kuchen!Eure Yuna",
            "wordcount": "3.541",
            "chapter_release": "27.04.2021",
            "chapter_number": "2"
        },
        "3": {
            "text": "Eine dunkle Vergangenheit (Kapitel 3):AN: Hallo, meine Follower und Fanfiction-Kollegen! Ich habe endlich die Zeit und die Inspiration gefunden, mehr zu \u00fcbersetzen und zu schreiben, bis mir wieder die Zeit im Juli ausgeht, weil ich dort 100% auf mein \u00dcbersetzungspraktikum konzentriert sein muss. Zuerst einmal will ich einen ganz lieben Dank aussprechen an Sarila f\u00fcr den ersten Kommentar, ich freue mich sehr, dass es dir gef\u00e4llt und hoffe, dass dir die anderen zwei ebenso gefallen \u0001 \u0002 nun zu den Besonderheiten und Warnungen dieses Kapitels und dar\u00fcber hinaus\u2026 In diesem und dem n\u00e4chsten Kapitel wird eine neue Figur ins Rampenlicht treten: die Frau vom Friedhof, die den Verdacht hatte, dass etwas passieren k\u00f6nnte. Nun, sie mag zwar auf der Seite der Guten sein, aber ich will dennoch daran erinnern, dass meine Hauptinspirationen f\u00fcr sie von ziemlich... erwachsenen Quellen kommen. (Haupts\u00e4chlich die Stieg Larsson- Triologie und Lisbeth Salander) Ich werde nicht ins Detail gehen \u00fcber alles, was sie macht, aber ich werde sie so tough sein lassen, wie ich es f\u00fcr n\u00f6tig halte. Diese Lady ist keine Disney-Prinzessin. Sie ist eine hartgesottene Erwachsene, die im Vergleich zu meinen \u00fcblichen Teenager-OCs viel von der Welt gesehen hat. Au\u00dferdem ist Ram\u00f3n sehr sauer auf Miguel und hat nicht die Absicht, unseren armen Jungen wohlf\u00fchlen zu lassen\u2026Ok, das war es mit den Warnungen. Schnappt euch eure Getr\u00e4nke, Taschenlampen und Bustickets und nehmt am Abenteuer teil\u2026 in Kapitel 3. 0-----------0------------0------------\u0001 \u0002 konnte nichts sehen ... War es Nacht? War es Tag? Wo zur H\u00f6lle war er? Er konnte es nicht sagen. Alles um ihn herum war nur undurchdringliche Dunkelheit. Er zitterte vor Angst und K\u00e4lte. War er erblindet? Hat etwas oder jemand sonst ihn erblinden lassen? Nach einer Sekunde des Schocks konnte er sich genug beruhigen, um sich zu vergewissern, dass er viel mehr Schmerzen haben w\u00fcrde, wenn ihn jemand wirklich geblendet \u0001 \u0002.Er spitzte die Ohren und lauschte in den dunklen Raum. Wasser tropfte irgendwo in der Ferne und Wind, der sich kalt auf seiner Haut anf\u00fchlte, heulte um hohle Strukturen. Wo immer er war, er war definitiv nicht mehr zu Hause. Und er war allein ... Bis auf den Wind und das Wasser konnte er keine Schritte, keine Atmung oder keinen Herzschlag h\u00f6ren, au\u00dfer sein eigenes Herz, das wie ein wild gewordenes Pferd in seiner Brust \u0001 \u0002.Erst als er versuchte, jemanden zu rufen, erkannte Miguel das volle Ausma\u00df der Situation, in der er sich befand. Sein Schrei wurde erstickt und kam nur als schwaches Wimmern heraus. Ein dickes St\u00fcck Stoff in seinem Mund presste unangenehm gegen seine Zunge und er konnte die kleinen Haare auf seinem Kopf f\u00fchlen, die sich im Knoten des Knebels verheddert hatten. Sein Herz blieb f\u00fcr einen Moment stehen, bevor er wieder doppelt so schnell \u0001 \u0002. Schmerz. Terror\u2026Von Verzweiflung \u00fcberw\u00e4ltigt, versuchte er sich zu befreien, aber so sehr er es auch versuchte, er konnte nicht gegen das Seil ankommen, das seinen K\u00f6rper fest an einen Stuhl band. Miguel wollte den Knebel ausspucken, aber er war zu eng und l\u00f6ste fast seinen W\u00fcrgereflex aus. Schwei\u00dfperlen liefen ihm \u00fcber die Stirn, was die Wunde vom Steinangriff und Ram\u00f3ns Kratzer stechen lie\u00dfen. Die Seile rieben an seinen Handgelenken und Kn\u00f6cheln. Schmerz und blanker Schrecken lie\u00dfen hei\u00dfe Tr\u00e4nen \u00fcber Miguels Gesicht flie\u00dfen und benetzten die Augenbinde \u00fcber seinen Augen. Miguel schluchzte leise und schrie in seinem Kopf nach seinen Eltern und sogar nach seiner toten Familie. Er konnte es nicht glauben. Nur wegen einer dummen Abk\u00fcrzung war er jetzt in den H\u00e4nden eines Entf\u00fchrers an einem Ort, der Gott-wusste-wo sein konnte! Der Gedanke an seine Familie f\u00fchlte sich an wie ein Messer, das in seinem Herzen verdreht wurde. Das half \u00fcberhaupt nicht. Anstatt sich besser zu f\u00fchlen, f\u00fchlte er sich noch elender, als das Heimweh einsetzte. Der Junge weinte heftiger und zitterte schlimm. Dann h\u00f6rte er, wie eine T\u00fcr ge\u00f6ffnet \u0001 \u0002 junge Musiker erstarrte. Sein Kopf schoss hoch und er wimmerte hoffnungsvoll. Ram\u00f3n musste sich zusammenrei\u00dfen, um nicht zu lachen. Sein Opfer so hilflos zu sehen, lie\u00df ihn eine Freude versp\u00fcren, die er meistens nur nach einem erfolgreichen Plan oder einer... besonders guten Nacht f\u00fchlte. Die Br\u00fcder n\u00e4herten sich Miguel. Dann griff der \u00c4lteste nach dem Knebel und zog ihn aus Miguels Mund.\"Also bist du wach, mocoso...\", kicherte Ramon finster. Er reichte nach unten, um dem Jungen eine Hand durch die Haare zu fahren, und sp\u00fcrte, wie er sich anspannte. \"Hast du wirklich gedacht, dass du damit durchkommen kannst?\", spottete Joaquin. \"Wovon redet ihr?! Lasst mich nach Hause!\", flehte Miguel. \"Oh, da kannst du lange darauf warten, muchacho.\", seufzte Emmanuel im Hintergrund. \"Wer seid ihr?! Ich will nach Hause! Por favor, lasst mich \u2013 AH!\" Ram\u00f3n hatte ihn hart ins Gesicht geschlagen, Feuer breitete sich auf seine Wange aus. Der Kriminelle packte den weinenden Jungen am Kragen und zischte mit einer giftigen Stimme, die vor Hass zitterte: \"Du kleine Ratte hast im Alleingang den Namen unserer Familie ruiniert! Ich werde dich NICHT damit durchkommen lassen! Ich schw\u00f6re dies bei meinem Blut und dem Namen... De la Cruz.\"Er f\u00fchlte Miguel in seinem Griff erstarren und die Schreie erstarben. Der Junge schien unter Schock zu stehen. Ram\u00f3n grinste hinterh\u00e4ltig. Der Bengel war in der richtigen Position, um zu beginnen. Aber vorerst... Er schlug ihm \u00fcber den Kopf und lie\u00df ihn los. \"Du wirst bezahlen...\", knurrte der Mann, w\u00e4hrend er Miguel den Knebel wieder in den Mund steckte. \"Genie\u00dfe diese elende Nacht und denke \u00fcber alles nach, was du getan hast.\", h\u00f6hnte Joaqu\u00edn. \"Lasst uns gehen, wir haben Arbeit zu tun...\", rief Manny aus der \u0001 \u0002 h\u00f6rte Metall gegen Metall klirren, als die T\u00fcr geschlossen wurde. Schock lief durch seinen ganzen K\u00f6rper, als h\u00e4tte ihm jemand ein Schlafmittel injiziert. Er murmelte immer wieder in seinem Kopf, dass dies unm\u00f6glich war, w\u00e4hrend sein Herz seinen K\u00f6rper verlassen zu haben schien. Sie hatten ihn entf\u00fchrt und planten, Gott-wei\u00df-was mit ihm zu tun \u2013 nur weil er versucht hatte, H\u00e9ctor mit seiner Familie wieder zu vereinen... Die blo\u00dfe Vorstellung von Folter, dem Schmerz und unweigerlich dem Blut gen\u00fcgte, um ihm den letzten Schlag zu versetzen. Er stie\u00df einen letzten erstickten Entsetzensschrei aus, bevor er sp\u00fcrte, wie die Dunkelheit in die Ecken seines Geistes eindrang. Schlie\u00dflich sank ihm sein Kopf auf die Brust, als ihn die Panik und die k\u00f6rperlichen Schmerzen \u00fcberw\u00e4ltigten, was ihn schlie\u00dflich in Ohnmacht fallen \u0001 \u0002 Riveras waren bereits wach, als das erste Licht der Morgend\u00e4mmerung \u00fcber Santa Cecilia fiel. Rosa hatte eine l\u00e4ngere Hose angezogen und ihre Ballerinas gegen Turnschuhe eingetauscht. Ein pinker Pulli sch\u00fctzte sie vor der kalten Morgenluft. Sie war die Erste der Familie gewesen, die aufgewacht war und hatte den anderen ein kleines Fr\u00fchst\u00fcck gemacht. Miguels Cousine hatte begonnen, in dem Notizbuch zu zeichnen, das sie sich gekauft hatte, um sich von schrecklichen Gedanken abzuhalten, w\u00e4hrend sie darauf wartete, dass der Rest ihrer Familie aufwachte und nach unten kam. Nun war das Buch in einem kleinen Rucksack verstaut, der auf ihren Knien ruhte, als die Familie Rivera an der Bushaltestelle wartete, um sie nach Mexiko-Stadt zu \u0001 \u0002 M\u00e4dchen schaute auf, als leise Stimmen an ihr Ohr drangen. Ihre t\u00eda Luisa sa\u00df neben ihr, bekleidet mit ihrem \u00fcblichen Kleid, trug aber auch festere Schuhe. Ihr Mann ber\u00fchrte ihr Gesicht sanft mit der Hand und streichelte ihre Wange. Er trug seine Alltagskleidung, au\u00dfer dass er wie sie eine Jacke gegen die K\u00e4lte angezogen hatte. Neben ihm sa\u00df Mama Elena und umklammerte ihre Handtasche. Die Matriarchin trug Arbeiterstiefel, Shorts und ein weites T-Shirt. Zusammen mit ihrem Hut auf dem R\u00fccken sah sie aus wie eine alte Forscherin, was Rosa trotz der Schwere ihrer Situation fast zum Lachen brachte. Sowohl Luisa als auch Elena trugen gro\u00dfe Schals, die \u00fcber ihre Schultern drapiert waren. Der Rest ihrer Familie umgab sie. Als die Rezeptionistin ank\u00fcndigte, dass der Bus in f\u00fcnf Minuten ankommen w\u00fcrde, bildeten sie einen Kreis und hielten sich an den H\u00e4nden fest. \"Ich wei\u00df nicht, was uns in Mexiko-Stadt erwarten wird, aber mit etwas Gl\u00fcck werden wir mit jemandem zur\u00fcckkommen, der Miguel bald finden wird...\", meldete sich Mama Elena zu Wort, ihr Ton ernst. \"Wir werden jede Nacht daf\u00fcr beten...\", seufzte Rosas Mutter. \"In Ordnung, familia, gehen wir. Der Bus wird in wenigen Minuten ankommen.\", sagte Enrique mit Blick auf seine Uhr. \"Dann sch\u00e4tze ich, dass das der Abschied ist. Viel Gl\u00fcck.\", murmelte Berto und leitete eine Reihe von Umarmungen des Restes der Familie ein, die zur\u00fcckbleiben w\u00fcrden. Zwei Minuten sp\u00e4ter sahen Elena, Rosa, Luisa und Enrique zu, wie sich die T\u00fcren des Busses \u00f6ffneten, der sie nach Mexiko-Stadt bringen w\u00fcrden. Mit einem letzten Seufzer stiegen sie in den Bus und beanspruchten ihre \u0001 \u0002 Eltern nahmen einen Doppelsitz f\u00fcr sich ein, w\u00e4hrend Rosa mit ihrer Gro\u00dfmutter sa\u00df. Ihre Gesichter waren blass und besorgt, als sie darauf warteten, dass die \u00fcbrigen Passagiere an Bord kamen. Tats\u00e4chlich schien es, dass ihre Besorgnis so offensichtlich war, dass eine freundliche Dame auf der anderen Seite des Ganges sie fragte, ob sie in Ordnung seien. Die Riveras nickten einfach und zwangen ein L\u00e4cheln und etwas Farbe zur\u00fcck in ihre Wangen. Dann schlossen sich die T\u00fcren endlich und der Fahrer k\u00fcndigte an, dass die Fahrt etwa zwei Stunden dauern w\u00fcrde. Luisa wimmerte. Noch zwei Stunden, die sie ohne ihren Jungen verbrachte... Ihr Mann dr\u00fcckte sanft ihre Schulter und Elena und Rosa wuselten ihre Arme zu den Vordersitzen, um ihre Haare zu streicheln. \"Keine Sorge, t\u00eda. Wir werden bald genug ankommen.\", versuchte Rosa sie zu tr\u00f6sten. Auch wenn sie sich hinlegen und weinen wollte, f\u00fchlte sie, dass sie stark f\u00fcr ihre Familie sein musste. Nach gef\u00fchlten Stunden heulte der Motor auf und passierte die Stadtlinie auf dem Weg nach Mexiko-\u0001 \u0002 der Busfahrt schwieg die trauernde Familie und ignorierte das Geschw\u00e4tz der anderen Fahrg\u00e4ste. Es war offensichtlich, dass keiner von ihnen letzte Nacht viel geschlafen hatte. Ihre Worte kamen fl\u00fcsternd heraus und alle k\u00e4mpften darum, die Augen offen zu halten. Eine Stunde nach der Reise lehnte Luisa ihren Kopf an die Schulter ihres Mannes und fiel in einen leichten Schlummer, ihre Wimpern nass vor Tr\u00e4nen. Er schloss sie fest an seine Brust und schloss sich bald seiner Frau in einem qualvollen Land der Tr\u00e4ume an. Elena beendete ein Gebet, als sie bemerkte, wie ihre Nichte in einem Notizbuch zeichnete. Das M\u00e4dchen hatte ihre Schuhe ausgezogen und ihre Knie als Zeichenbrett an den Bauch gezogen. Es war das Bild einer Gitarre und einer Violine, umgeben von einer Spirale von Noten. \"Es symbolisiert mich und Miguel und die Bindung, die wir durch Musik gekn\u00fcpft haben. Ich liebe es, Geige zu spielen, aber ich bin auch in letzter Zeit an Kunst interessiert, meistens nur Skizzen. Es bedeutet aber nichts, es ist nur eine Phase, nur eine sinnlose Kritzelei. Ich tue es nicht...\", versuchte Rosa, ihre Zeichnung zu verteidigen, aber sie wurde still, als sie feststellte, dass die Matriarchin sie liebevoll anl\u00e4chelte. \"Du musst nichts rechtfertigen, querida. Dieses Bild ist wundersch\u00f6n. Ich bin stolz darauf, dass Miguelito dich so sehr inspiriert hat. Er w\u00fcrde... er ist sicher auch stolz auf dich.\", beruhigte Elena sie \u0001 \u0002 steckte ihr Notizbuch in ihren Rucksack und lehnte sich an ihre Gro\u00dfmutter. \"Ich vermisse ihn jetzt schon, abuelita... Ich habe das Gef\u00fchl, dass es so viel gibt, was ich ihm noch nicht gesagt habe. Ich will ihn zur\u00fcck...\", murmelte sie, ihre Stimme am Ende brechend, weil ihr ein schrecklicher Klo\u00df im Hals wuchs. Und da kamen sie, die Tr\u00e4nen. Diese elenden, verfluchten Tr\u00e4nen, die auftauchten, wenn sie am wenigsten gebraucht wurden. Das M\u00e4dchen sp\u00fcrte, wie sie \u00fcber ihre Wangen liefen. Ein kleines Schluchzen entkam ihr und ein weiteres und ein weiteres, die ihre Schultern zittern und ihre Brust schmerzen lie\u00dfen. Sie biss auf ihre Kn\u00f6chel, um es zu stoppen, damit ihr Weinen ihre Tante und ihren Onkel nicht weckte. Ihr Bestes tuend, um ihre Traurigkeit zu unterdr\u00fccken, wand Rosa ihren Kopf durch den Arm ihrer Gro\u00dfmutter und versuchte sich auf ihre raue Haut, ihren Geruch und alles zu konzentrieren, das sie in der Wirklichkeit halten w\u00fcrde. Langsam wurde auch Rosa m\u00fcde und obwohl sie den verletzlichen Geisteszustand hasste, in dem sie sein w\u00fcrde, gab sie nach und schweifte schlie\u00dflich ab.\"Ankunft in Mexico-Stadt in zwei Minuten!\" Diese Durchsage riss die vier Riveras gleichzeitig aus dem Schlaf. \"Halte durch, Miguel. Mam\u00e1 wird dich finden...\", murmelte Luisa gl\u00fccklich, als sie das h\u00f6rte. Zwei Minuten vergingen schnell genug und die Gro\u00dfstadt kam endlich in Sicht. Die Metropole raubte ihnen den Atem. Es schien fast wie eine Stadt f\u00fcr Riesen im Vergleich zu ihrem kleinen Dorf. Der Bus hielt am Terminal an und die Familie stieg ab. F\u00fcr ein paar Augenblicke bewegte sich niemand, \u00fcberw\u00e4ltigt von der dunklen Wolke des Schicksals, die \u00fcber ihnen schwebte. Die Wiedervereinigung ihrer Familie w\u00fcrde hier und jetzt entschieden werden... Dann nahm Mama Elena ihren Rucksack, zog ihren Hut an und begann in Richtung Eingang der Bushaltestelle zu marschieren. \"Lasst uns ihnen zeigen, woraus echte Riveras gemacht sind!\", verk\u00fcndete sie, Hoffnung und Entschlossenheit hoben ihre \u0001 \u0002 freundlicher Verk\u00e4ufer erz\u00e4hlte Rosa, wo die Polizeistation war, als sie in den Laden ging, um Kaugummi und Wasser zu kaufen. Er bedauerte, keine Karte zu haben, um sie ihnen zu geben, aber das M\u00e4dchen nahm einfach ihr Notizbuch heraus und kritzelte die Anweisungen hinein. Danach erz\u00e4hlte sie ihrer Familie, was sie herausgefunden hatte. \"Das ist ziemlich weit weg von hier...\", sagte Enrique mit einem Blick auf seine Mutter. \"Aber Gott wei\u00df, wie viel wir der Polizei geben m\u00fcssen, um uns zu helfen. Ich f\u00fcrchte, wir haben nicht das Geld f\u00fcr Taxis, die Ermittlung UND unsere Heimfahrt.\", antwortete sie, ihr Gesicht zerfurcht vor Sorge. \"Dann laufen wir!\", rief Luisa, \"Ich w\u00fcrde 100 Meilen durch eine sengende W\u00fcste laufen, nur um mein beb\u00e9 zur\u00fcck zu bekommen! Wir m\u00fcssen gehen!\" Der Rest des Riveras schaute sie z\u00e4rtlich an. Es war beeindruckend, wie entschlossen eine Mutter sein konnte, nur um ihre Kinder zu sch\u00fctzen. \"Dann verschwenden wir keine Zeit. Ich bezweifle, dass es ein Zuckerschlecken wird...\", sagte Enrique und umarmte seine Frau. Mit Mut strotzend, trat die Familie direkt in die pulsierende Metropole von Mexiko-\u0001 \u0002 Miguels Vater bereits vorhergesagt hatte, war es in der Tat nicht einfach, die Polizeistation zu erreichen. Sie mussten manchmal anhalten und nach Wegbeschreibungen fragen, und einmal hatten sie eine falsche Gasse genommen, was sie kostbare Minuten verlieren lie\u00df, bevor sie wieder die richtige Stra\u00dfe fanden. Es war auch nicht einfach f\u00fcr Mama Elena, so weit zu laufen. Rosa konnte die Ersch\u00f6pfung in ihrem verschwitzten Gesicht und ihren tiefen Atemz\u00fcgen bemerken, aber die alte Dame biss einfach die Z\u00e4hne zusammen und ging ohne Beschwerden weiter, entschlossen, alles f\u00fcr ihren vermissten Enkel zu tun. Aber schlie\u00dflich sahen sie das graue Geb\u00e4ude in der Ferne, das der Verk\u00e4ufer beschrieben hatte. Die schwarzen Metallbuchstaben an der Wand glitzerten in der Sonne und winkten ihnen wie ein Leuchtturm. Alle M\u00fcdigkeit und Frustration vergessen, schien die Familie pl\u00f6tzlich Superkr\u00e4fte zu entwickeln. Miguels Eltern liefen auf das Geb\u00e4ude zu wie Starathleten, Rosa und Elena dicht auf den \u0001 \u0002 streng aussehender Wachmann \u00f6ffnete ihnen die T\u00fcr, als sie vor dem Revier zum Stehen kamen. Beim Betreten wurden sie von einem k\u00fchlen Windsto\u00df getroffen, verursacht von zwei gro\u00dfen Ventilatoren auf beiden Seiten der Lobby. Eine Reihe von Sitzen s\u00e4umte die Wand, damit die Besucher sich hinsetzen konnten, aber das Adrenalin hielt sie auf den Beinen. Es gab vier geschlossene Kabinen mit jeweils zwei Polizisten, die die Leute empfingen. Als er sah, dass einer von ihnen unbesetzt wurde, ging Enrique schnell darauf zu, dr\u00e4ngte seine Gef\u00e4hrten vor sich her und wich so gut wie m\u00f6glich anderen Polizisten aus, die mit Papierkram oder manchmal Verbrechern im Schlepptau ein- und ausgingen. \u201eGuten Tag, meine Herren.\u201c, begr\u00fc\u00dfte er die Polizisten, nachdem er die milchige Glast\u00fcr geschlossen hatte. Ein ungutes Gef\u00fchl stahl sich in Rosas Magen, als sie sie sah. Ihre Jacken waren schlampig \u00fcber die R\u00fcckenlehnen ihrer Sitze drapiert und sie hatten wegen der Hitze die ersten Kn\u00f6pfe ihrer Hemden ge\u00f6ffnet. Einer von ihnen hatte eine T\u00fcte Churros in der Hand, w\u00e4hrend der andere sich mit seinem Hut zuf\u00e4chelte, und beide kicherten leise. Sie sahen hoch und h\u00f6rten auf zu lachen, als sie Enriques Stimme h\u00f6rten.\u201eHallo, compadre! Was k\u00f6nnen wir f\u00fcr dich tun?\u201c, grinste der \u00c4ltere. \u201eIch m\u00f6chte um einen Suchtrupp bitten. Oder ein Rettungsteam. Mein Sohn ist\u2026\u201c, erkl\u00e4rte der Schuhmacher, wurde aber von einem Lachen r\u00fcde unterbrochen. Die beiden Polizisten hatten wieder angefangen zu kichern und ihre Herzen sanken wie ein Stein. \"Ein Suchtrupp? Ein Rettungsteam? Sonst noch etwas, compadre?\", antwortete der Polizist mit dem Hut. Etwas in den Augen der Riveras zerbrach wie Kristall. Rosa f\u00fchlte sich, als h\u00e4tte man ihr in den Bauch geschlagen und sie k\u00e4mpfte darum, nicht das Weinen anzufangen. Luisa stolperte nach vorne, ihre Arme zitterten und ihre Augen wurden leer, als ob sie kurz davor w\u00e4re, in Ohnmacht zu fallen. Ihre Stimme klang hohl und atemlos, als sie fl\u00fcsterte: \"Mein Sohn... Er ist verschwunden... Er ist ein wunderbarer 12-j\u00e4hriger Junge... Sie m\u00fcssen uns helfen... Mein Sohn... Wir m\u00fcssen ihn finden...\"\u201eOk. H\u00f6ren Sie, se\u00f1ora, wir m\u00fcssen rechtlich 48 Stunden warten, bevor jemand offiziell f\u00fcr vermisst erkl\u00e4rt werden kann und die Polizei in den Fall involviert wird. Das Kind ist 12. Mexiko City ist gro\u00df. 12-J\u00e4hrige sind nicht die Kl\u00fcgsten, sie laufen weg, sie nehmen falsche Abzweigungen, aber sie tauchen meist nach weniger als 48 Stunden von alleine wieder auf.\", antwortete sein Kollege, ein Hauch von \u00c4rger in seiner Stimme. \"H\u00f6ren SIE, wir sind nicht den ganzen Weg von Santa Cecilia gekommen, nur um so behandelt zu werden, Sie...\", zischte Mam\u00e1 Elena, Wut und Entt\u00e4uschung f\u00e4rbten ihr Gesicht rot, aber sie wurde von dem Offizier abgeschnitten, der sich gerade an seinem Churro verschluckt hatte. \"Santa Cecilia?!\", rief er ungl\u00e4ubig aus, \"Wir haben diese Stadt nicht einmal unter unserer Zust\u00e4ndigkeit! Warum beschweren Sie sich bei uns? Sehen wir f\u00fcr Sie \u00fcberhaupt wie Detektive aus? Schauen Sie, Mexiko-Stadt hat schon genug vermisste Leute, wir k\u00f6nnen es uns nicht leisten, wertvolle Offiziere in irgendein St\u00e4dtchen in der Mitte von nadazu schicken! Sorry, das Gesetz ist hart, aber es ist das Gesetz...\"Es war schwer zu sagen, was die Familie als N\u00e4chstes tun w\u00fcrde. Da waren Rosa und Enrique mit einem gr\u00fcnlichen Ton auf ihren Gesichtern, Luisa sah aus, als h\u00e4tte der Tod sie gek\u00fcsst und ihre Matriarchin war so rot wie ein Hummer. Der Churro-Polizist schien sich darauf vorzubereiten, ihnen zu sagen, dass sie gehen sollten, aber sein Partner tippte ihn auf die Schulter und fl\u00fcsterte ihm etwas ins Ohr. Der andere Polizist hob die Augenbrauen und beide fingen an zu kichern. \"Hey! Ok, campesinos... Vielleicht KANN euch jemand helfen. La muerta loca... \u00e4hm, ich meine Offizierin Carmen Martinsen. Sie arbeitet solo, also hat sie vielleicht etwas Zeit f\u00fcr euch.\", wandte sich Hut-Cop an die Riveras und schnippte mit den Fingern, um ihre Trance zu brechen. \"Was? Es gibt jemanden, der uns helfen k\u00f6nnte? Wie war der Name nochmal?\", stammelte Enrique. \"Carmen Avila Martinsen. Es tut uns Leid, dass wir nicht direkt helfen k\u00f6nnen, aber diese Lady ist eure beste Chance.\", sagte Churro-Cop, sein Ton v\u00f6llig ver\u00e4ndert.\"Danke! Vielen Dank, Officers. Jetzt ist mein Baby endlich gerettet!\", schluchzte Luisa, Freudentr\u00e4nen wuschen die letzten f\u00fcnf Minuten weg, die sie in ihrer pers\u00f6nlichen H\u00f6lle verbracht hatte; sie klammerte sich an das geringste Bisschen Hoffnung, das sich bot. Rosa, die etwas wachsamer war, verengte misstrauisch ihre Augen und fragte die M\u00e4nner: \"Warum helfen Sie uns jetzt? Ein paar Minuten zuvor wollten Sie nichts mit uns zu tun haben.\" \"Tut uns leid, peque. Es war unangebracht, so zu sprechen. Als Entschuldigung, lasst uns euch Carmen anbieten.\", erkl\u00e4rten sie, falsche S\u00fc\u00dfe tropfte von ihnen wie Honig in eine Fliegenfalle. \"Und wo wohnt sie \u00fcberhaupt, diese Carmen?\", mischte sich Elena ein. \"Sie hat das offizielle Amt vor ein paar Jahren verlassen, also wei\u00df es niemand genau. Doch Patrouillen schw\u00f6ren, sie in den Stra\u00dfen des Barrio Bajo gesehen zu haben. Hier ist ihr Foto. Abgesehen davon k\u00f6nnen wir euch nicht helfen. Viel Gl\u00fcck.\", erkl\u00e4rte der Offizier, der seinen Hut endlich dort positioniert hatte, wo er hingeh\u00f6rte, vage und Rosa nahm das Foto, das er anbot. Eine sch\u00f6ne junge Frau mit gr\u00fcnen Augen und gebr\u00e4unter Haut l\u00e4chelte sie strahlend an. Ihr langes lockiges Haar war in einem ordentlichen Zopf gehalten und sie posierte stolz in ihrer dunkelblauen Uniform. \"Wir werden sie finden. Danke f\u00fcr Ihre Zeit.\", sagte Elena k\u00fchl und nickte den Polizisten zu. Als sie die Kabine verlie\u00dfen, h\u00f6rte die Familie sie wieder lachen. Rosa musste ihre Faust ballen, um die Schimpfw\u00f6rter zu unterdr\u00fccken, die in ihrer Brust brodelten, und eilte aus dem Revier. Sie konnte das erstickende Geb\u00e4ude nicht l\u00e4nger ertragen. Sobald sie drau\u00dfen waren, versammelten sie sich auf einer Treppe, um die frische Luft einzuatmen und ihren n\u00e4chsten Schritt zu besprechen. \"Wir m\u00fcssen so schnell wie m\u00f6glich zum Barrio Bajo kommen!\", rief Luisa nerv\u00f6s aus, \"Wer wei\u00df, wie lange es dauern wird, diese Frau zu finden?\" \"Ruhig, meine Liebe. Lasst uns das nicht \u00fcberst\u00fcrzen...\", warnte ihr Mann sie, \"Was ist, wenn das Barrio Bajo weit weg von hier ist? Mam\u00e1 kann nicht so weit gehen und mit der aufkommenden Hitze wird es uns nichts bringen, ahnungslos herumzustolpern.\" Sie waren im Begriff, in Verzweiflung und Lethargie zu verfallen, als ein schwarzes Taxi sie anhupte und sie aus ihren Gedanken riss.\"Sind Sie in Ordnung? Kann ich Ihnen bei irgendetwas helfen?\", fragte der Fahrer und warf der Familie einen besorgten Blick zu. \u201eVielleicht k\u00f6nnen Sie das. K\u00f6nnen Sie uns sagen, wie weit das Barrio Bajo von hier entfernt ist? Zu Fu\u00df?\", antwortete Mam\u00e1 Elena. Der junge Mann lachte ungl\u00e4ubig: \"Ay, mamita! Zu Fu\u00df? Ungef\u00e4hr zwei, zweieinhalb Stunden! Ich w\u00fcrde es zu dieser Stunde definitiv nicht empfehlen. Sind Sie zum Besichtigen hier?\" Bevor Luisa etwas sagen konnte, nickte Rosa heftig mit dem Kopf. \"Wie viel verlangen Sie daf\u00fcr?\", fragte das M\u00e4dchen und be\u00e4ugte ihn etwas misstrauisch. \"Mal sehen...\", murmelte der Taxifahrer, \"Von hier zum Barrio Bajo... ca. 45 Minuten... das macht \u0001 \u0002 MXN.\" Miguels Vater wurde blass und sie bildeten schnell einen Kreis. \"137! Das ist mehr als die H\u00e4lfte von dem, was wir haben! Falls Carmen bereit ist, unseren Fall anzunehmen, bin ich mir sicher, dass wir sie auch bezahlen m\u00fcssen und wer wei\u00df, wie wir unsere Heimfahrt bezahlen werden?!\", fl\u00fcsterte er mit zitternder Stimme. Luisa bebte, stille Tr\u00e4nen liefen \u00fcber ihre Wangen. Sie konnten sehen, dass die Situation sie langsam an den Rand der Hysterie trieb. Es brach Rosa das Herz, ihre Tante so zu sehen. \"Ich glaube, t\u00eda Luisa. Ich glaube daran, dass wir alles haben werden, was n\u00f6tig ist, um Miguel zu finden. Manchmal muss man einfach einen Sprung in die Dunkelheit wagen, aber ich kann esf\u00fchlen... Ich sage, wir nehmen dieses Taxi.\", sagte sie mit fester Stimme, pl\u00f6tzlich von einer Welle des Vertrauens gepackt. \"Wenn du es so sehr glaubst, querida... sage ich auch, wir nehmen dieses Taxi.\", beendete Mam\u00e1 Elena das \u0001 \u0002 drehten sich wieder um und nickten dem Mann zu, der geduldig auf das Ende ihres Gespr\u00e4chs gewartet hatte. \"Worauf warten Sie noch? Steigen Sie ein.\", l\u00e4chelte er sie breit an. Nachdem alle in das Fahrzeug eingestiegen waren, die Frauen hinten und Enrique auf dem Beifahrersitz, fuhr das Taxi bald stetig die Hauptstra\u00dfe entlang. \"Was interessiert Sie am meisten an einem Besuch im Barrio Bajo? Eigentlich hei\u00dft der Bezirk, in den Sie gehen m\u00f6chten, Cuautepec de Madero, der in Barrio Bajo und Barrio Alto unterteilt ist. Wenn Sie besichtigen wollen, w\u00fcrde ich eigentlich das Barrio Alto empfehlen. Es gibt Kirchen und G\u00e4rten und das Haus von Juventino Rosas.\", sagte ihr Fahrer ihnen. \"Eigentlich... suchen wir zuerst eine Freundin, mit der wir besichtigen m\u00f6chten. Rosa, gib mir bitte das Foto. Falls Sie sie durch ein Wunder schon einmal gesehen haben, soll sie im Barrio Bajo leben... Ihr Name ist Carmen Avila Martinsen.\", erkl\u00e4rte Enrique z\u00f6gernd. Der Mann blieb an einer roten Ampel stehen und nutzte die Zeit, um sich das Foto anzusehen, das Miguels Vater in der Hand hielt. Seine Augen weiteten sich und er schnappte nach Luft. \"Ob ich sie kenne? Na klar tu ich das! Manchmal verkauft sie ihre Bilder auf der Plaza dort, ich habe ihre Kunst schon dreimal gekauft, weil meine Frau sie liebt. Warum w\u00fcrden Sie mit ihr eine Besichtigungstour machen wollen?\", rief er \u0001 \u0002 sagen, dass die Riveras schockiert waren, war eine Untertreibung. Sie sahen allesamt aus, als h\u00e4tte ein luchador ihnen den Wind aus den Segeln genommen und sie vergessen h\u00e4tten, zu atmen. Elena sah aus, als w\u00fcrde sie gleich in Ohnmacht fallen, Rosa presste ihre Hand gegen ihre Brust und Luisas Gesichtsfarbe wechselte innerhalb von Sekunden mehrmals von wei\u00df zu gr\u00fcn. Konnte das wahr sein? Es war keine t\u00fcckische Falle, um sie in die Abgr\u00fcnde der Verzweiflung zu locken? Hatten sie tats\u00e4chlich einen Durchbruch gehabt? Mit Tr\u00e4nen in den Augen stammelte Enrique: \"Wir sind Verwandte von ihr. Ich habe die l\u00e4ngste Zeit nichts von ihr geh\u00f6rt, nicht nach... diesem gro\u00dfen Streit mit ihr, als sie weglief. Sie k\u00f6nnen sich nicht vorstellen, wie viel Freude wir empfanden, als sie uns kontaktierte. Leider weigerte sie sich, uns eine klare Adresse zu geben, aber ich w\u00fcrde Himmel und Erde bewegen, um sie zu finden.\", w\u00e4hrend er seine Finger wrang, als w\u00fcsste er nicht recht, was er mit ihnen machen sollte. Der Taxifahrer\u2013 dessen Name Damian war, wie auf seiner Jacke stand, als der Schuhmacher ihn genauer ansah \u2013 sah f\u00fcr ein paar Sekunden unentschlossen aus, ohne hinter die die erfundene Geschichte zu kommen, grinste dann aber sanft. \"Wie sch\u00f6n, von Hilfe zu sein, um verlorene Seelen wieder zu vereinen. Normalerweise darf ich die Daten anderer Kunden nicht preisgeben, aber da es Martinsen ist, werde ich eine Ausnahme machen...\", gab er zu. \"Danke! Vielen, vielen Dank!\", schluchzte Luisa schwach. Die Riveras f\u00fchlten sich von Gl\u00fcck bet\u00e4ubt und schwiegen f\u00fcr den Rest des Weges, entweder verloren in Gebeten oder einfach zu fassungslos und ersch\u00f6pft, um zu sprechen. Sie merkten kaum, wie die Zeit und die Geb\u00e4ude wie im Flug vergingen. Miguel war einen Schritt n\u00e4her dran, gefunden zu werden, sie waren sich dessen sicher! Sie tr\u00e4umten mit offenen Augen davon, wann sie ihn endlich wieder in den Armen halten und seine R\u00fcckkehr feiern konnten... \"Ok, das ist unser Ziel!\", rief Damian, als sie pl\u00f6tzlich zum Stillstand kamen. Er hatte am Eingang einer kleineren Ansammlung von Geb\u00e4uden geparkt und die Familie stieg aus. \"Carmen Martinsen wohnt im Geb\u00e4ude Nr. 7. Sie m\u00fcssen vier H\u00e4user entlang dieser Gasse gehen und dann eine Stra\u00dfe nach links abbiegen. Die Hausnummern sind immer aufgemalt, so dass Sie es nicht verpassen k\u00f6nnen. Hoffentlich freut sie sich, euch zu sehen. Viel Gl\u00fcck.\", erkl\u00e4rte er. \"Gott segne Sie, junger Mann.\", seufzte Elena gl\u00fccklich und gab ihm das Geld f\u00fcr die Fahrt. \"Keine Ursache, mamita. Es ist mein Job...\", l\u00e4chelte der Fahrer, dann winkte er ihnen zum Abschied zu, als der gesch\u00e4ftige Verkehr von Mexiko City ihn wieder verschlang. Rosa nahm Luisa an der Hand und lachte, gl\u00fccklicher als in den letzten 48 Stunden, und begann die Stra\u00dfe entlang zu joggen. Ihre Tante raffte ihr Kleid und folgte ihr dicht auf den Fersen, ihr Lachen mischte sich mit dem von Rosa. Die anderen beiden folgten etwas langsamer. Sie waren so nah, so nah...Etwa auf halbem Weg zum Haus Nr. 7 kamen zwei junge Erwachsene an ihnen vorbei und Rosa verlangsamte ihren Schritt, um einen unauff\u00e4lligen Blick auf sie zu werfen. Die beiden waren ziemlich provokant gekleidet: formsch\u00fcssige Lederjacken, enge Hosen und R\u00fcschenrock von tiefroter Farbe und die Frau trug High Heels, die das M\u00e4dchen schwindlig machten, nur indem sie sie ansah. Beide waren mit Make-up aufgestylt. Es war nicht schwer, ihren Beruf zu erraten... Aber es war nicht das, was Miguels Cousin st\u00f6rte. Es war das leise Gespr\u00e4ch, das sie f\u00fchrten. Die Frau seufzte leise: \"Ich mache mir Sorgen um sie, Angel. Ich meine, sie ist gut und all das, aber es f\u00fchlt sich an, als w\u00fcrde sie versuchen... etwas zu vermeiden, ich wei\u00df es nicht.\", worauf der Mann antwortete: \"Ich verstehe, was du meinst, Isa. Carmen... Sie ist besonders. Sie ist anders als alle anderen, denen wir je gedient haben...\" Dann verschwanden die beiden au\u00dfer H\u00f6rweite und lie\u00dfen eine sehr verwirrte Rosa zur\u00fcck. \"Was sollte das gerade?\", fl\u00fcsterte sie vor sich hin. Pl\u00f6tzlich f\u00fchlte sie sich angespannt, je mehr sie sich dem Haus n\u00e4herten, und eine kleine dunkle Stimme in ihrem Kopf sagte ihr, dass es vielleicht nicht die richtige Entscheidung gewesen war, hierher zu kommen. Dann fielen ihre Augen auf das \u00fcbergl\u00fcckliche Gesicht von Luisa und sie verfluchte sich selbst, dass sie \u00fcberhaupt daran dachte, ihr diese Chance zu \u0001 \u0002 Minute sp\u00e4ter kam schlie\u00dflich Haus Nr. 7 in Sicht. Die Riveras versammelten sich beklommen um die T\u00fcr und dr\u00fcckten auf die Klingel. Ein schrilles L\u00e4uten durchbrach die Stille und die Spannung. Sie warteten einen Moment, aber niemand \u00f6ffnete. \"Okay, das muss nichts bedeuten...\", sagte Enrique leise und dr\u00fcckte erneut auf die Klingel. Nichts bewegte sich hinter dem rot gestrichenen Eingang zum Haus. \"Vielleicht ist sie nicht zu Hause? Oder sie duscht?\", fl\u00fcsterte Elena. \"Nein, sie ist zu Hause. Diese Liebesdiener haben sie erst vor ein paar Minuten verlassen.\", dachte Rosa, sagte dies aber nicht laut. Erst nach einem dritten z\u00f6gerlichen L\u00e4uten h\u00f6rten sie Bewegung. \"Ich komme schon!\", sagte eine Stimme energisch. Die T\u00fcr \u00f6ffnete sich schlie\u00dflich und... zu sagen, dass die Familie schockiert war, war ein wenig untertrieben. Miguels Eltern klappten leicht die Kinnladen herunter, Elena presste sich mit einem Quietschen die H\u00e4nde auf den Mund und man konnte fast h\u00f6ren, wie das Blut in Rosas Wangen \u0001 \u0002 Carmen, die sie vor sich hatten, hatte fast nichts mit dem Bild zu tun, das sie bei sich trugen. Das Einzige, was noch gleich war, waren ihre gebr\u00e4unte Haut und ihr kr\u00e4ftiges Gesicht. Smaragdgr\u00fcne Augen wurden immer wieder unscharf, sahen sie aber mit einer Mischung aus Neugier und Misstrauen an. Ihr einst langes, geflochtenes Haar war jetzt schulterlang und ungez\u00e4hmt, als h\u00e4tte sie sich seit Tagen nicht mehr darum gek\u00fcmmert, es zu k\u00e4mmen. Mehrere Str\u00e4hnen standen in mindestens drei verschiedenen Richtungen ab. Die junge Frau trug einen nietenbesetzten Choker mit einem goldenen Kreuz, das ihr an einer Kette um den Hals hing. Sie hatte ihre Brust mit einem schwarz-roten Flanell-Crop-Top bedeckt, das nicht viel mehr verdeckte und den Blick auf ihren braunen Bauch freigab. Dar\u00fcber hinaus trug Carmen kurze Yoga-Shorts, die tief an ihren H\u00fcften hingen und Rosa schnell weiter nach unten schauen lie\u00dfen. Ein goldenes Fu\u00dfkettchen blitzte \u00fcber ihren wei\u00dfen Turnschuhen auf. Carmen Martinsen legte den Kopf schief und fragte sie mit leiser, heiserer Stimme: \"Kann ich euch helfen?\"0------------------0-----------------0EN: HA! ENDLICH! Baby hat die Hand seiner Mutter losgelassen! Es. Ist. Fertig! Wie immer ist hier eine Liste von Begriffen und \u00dcbersetzungen von dem Spanisch-Deutsch, was hier gesprochen wird. Ich werde diese unten f\u00fcr dieses Kapitel posten:Mocoso = G\u00f6rPor favor = bitteFamilia = FamilieT\u00eda = TanteQuerida = Liebe, LieblingAbuelita = Gro\u00dfmutterMam\u00e1 = MutterBeb\u00e9 = BabyCompadre = Kumpel, KerlSe\u00f1ora = Fr\u00e4ulein, DameNada = nichtsCampesinos = Bauern, LandleuteLa muerta loca = Die verr\u00fcckte TotePeque = Kurzform f\u00fcr peque\u00f1a/o, was klein bedeutetMamita = Mama, aber als niedlicher Spitzname Luchador = mexikanischer K\u00e4mpfer Dar\u00fcber hinaus bin ich in keiner Weise eine Expertin f\u00fcr die Zust\u00e4ndigkeit und das Gerichtsverfahren, wenn eine Person vermisst wird. Ich entschuldige mich f\u00fcr alle rechtlichen Fehler, die ich geschrieben habe, diese Geschichte ist nur zum Spa\u00df. Im n\u00e4chsten Kapitel werden wir uns darauf konzentrieren, wer diese r\u00e4tselhafte Carmen ist, und wir werden einen Blick darauf werfen, wie die toten Riveras planen, in die Welt der Lebenden zu gelangen. Entschuldigung f\u00fcr dieses super sp\u00e4te \u0001 \u0002 Spa\u00df damit! K\u00fcsschen und \u0001 \u0002 McHill",
            "wordcount": "5.453",
            "chapter_release": "29.09.2021",
            "chapter_number": "3"
        }
    },
    "title": "Eine dunkle Vergangenheit",
    "topic": "unspecified",
    "release": "\n24.05.2020\n\t\t\t\t\t\t",
    "author": "Yuna McHill"
}