{
    "tags": [],
    "chapcount": "8",
    "wordcount": "12.196",
    "chapters": {
        "1": {
            "text": "Gegen Mittag sa\u00df Mina am Schreibtisch ihres Studierzimmers und beantwortete die neueste Korrespondenz des Herzogshauses. Es war ein warmer Sp\u00e4tsommertag, an dem durch das offene Fenster leise musikalische Laute zu ihr herein drangen. Mit jeder Sekunde wurde die Melodie lauter und lauter, als sie sich dem herz\u00f6glichen Anwesen in der kleinen Stadt unterhalb des Schlosses \u0001 \u0002 erkannte bereits von Weitem die Fanfaren der k\u00f6niglichen Garde. Man m\u00f6chte es eine innere Eingebung nennen, als Mina urpl\u00f6tzlich aufsprang, durch das Anwesen lief und \u00fcber den Vorgarten direkt auf die Stra\u00dfe \u0001 \u0002 Schatten einer uralten Eiche blieb die junge Herzogin stehen und beobachtete jenes ihr folglich dargebotene Szenario mit pr\u00fcfendem \u0001 \u0002 war eine zierliche Frau, mit langen schwarzen Haaren, die sie zu einem Knoten am Hinterkopf zusammengebunden hatte. Ein paar Str\u00e4hnen hatten sich daraus gel\u00f6st und umspielten sanft ihr schmales, helles \u0001 \u0002 blaue Augen strahlten eine majest\u00e4tische Wachsamkeit aus und hielten jeden noch so kleinen neuen Eindruck sofort fest. Wie man es von ihrem Stand zu erwarten pflegte, war Mina eine intelligente, sehr talentierte Adelige mit einem ganz besonders gut ausgepr\u00e4gtem \u0001 \u0002 kamen beim Klang der Fanfaren aus ihren H\u00e4usern und H\u00f6fen. Hoch zu Ross sa\u00df der Hauptmann der k\u00f6niglichen Garde, als er just in diesem Moment dabei war, eine Schriftrolle zu entfalten. Mina erkannte das k\u00f6nigliche Siegel sofort wieder. Hinter ihm ritten vier weitere Krieger des K\u00f6nigs daher. Einer von ihnen hielt ein Banner mit dem Wappen des Herrschers darauf \u0001 \u0002 sein Pferd endlich zum stehen gekommen war, sprach der Hauptmann zu dem Volk, dass sich neugierig auf der Stra\u00dfe versammelt hatte.\u201eH\u00f6ret Volk von Nieralya! Der K\u00f6nig und die K\u00f6nigin haben folgendes zu berichten: Prinz Kameo hat die geplante Hochzeit mit der Herzogin Yamaguchi, welche in drei Tagen statt finden sollte, annulliert. Er befindet sich zum jetzigen Zeitpunkt nicht in diesem K\u00f6nigreich und seine R\u00fcckkehr ist ungewiss. Eines ist jedoch sicher: Dem Land steht ein Krieg bevor und jeder einsatzf\u00e4hige Junge, Mann und Greis soll sich bereit halten, f\u00fcr sein K\u00f6nigreich in den Kampf zu ziehen!Prinz Kameo verlies gegen den Willen seiner Majest\u00e4t das Reich und wird fortan als Hochverr\u00e4ter behandelt. Sollte er im K\u00f6nigreich Nieralya gesichtet werden, so ist er sofort der k\u00f6niglichen Garde auszuliefern. Jeder der sich nicht an die Anweisungen h\u00e4lt, wird daf\u00fcr hart bestraft werden.\u201cKaum hatte der Hauptmann die Botschaft seines K\u00f6nigs dem Volk \u00fcbermittelt, ritt er mit seinen M\u00e4nnern weiter durch die Stadt. Ihr weg f\u00fchrte sie weiter durch die D\u00f6rfer des Reiches, weit in den hintersten Zipfel des Landes, bis ein jeder die Botschaft w\u00fcrde vernommen \u0001 \u0002, die unweigerlich alles mit angeh\u00f6rt hatte, blieb wie versteinert hinter der Eiche stehen, unf\u00e4hig auch nur einen klaren Gedanken zu \u0001 \u0002 der wachsenden Verzweiflung \u00fcber das eben geh\u00f6rte, stiegen ihr allm\u00e4hlich die Tr\u00e4nen in die Augen. Die Herzogin Yamaguchi drehte sich auf dem Absatz um und wollte gerade zur\u00fcck zum Anwesen rennen, als sie von einer starken Hand an der Schulter festgehalten wurde. Diese unerwartete Ber\u00fchrung brachte Mina zwar ins stolpern, mit eisernem Willen schaffte sie es aber stehen zu \u0001 \u0002 drehte sich gar nicht erst um, stattdessen lie\u00df Mina ihren Tr\u00e4nen freien Lauf. Am wohligen Geruch nach Zedern und Kirschen erkannte sie ohnehin, wer in diesem Augenblick hinter ihr stand, noch ehe derjenige auch nur ein Wort gesprochen \u0001 \u0002 junge Mann hinter ihr, ein Ritter aus dem Gefolge des Hauptmannes auf der Stra\u00dfe eben, war nur wenige Monde \u00e4lter als die Herzogin selbst, \u00fcberragte sie jedoch beinahe um zwei \u0001 \u0002 trug die lederne Uniform der Garde. Doch statt des \u00fcblichen Schwertes am G\u00fcrtel, hing ihm \u00fcber der Schulter ein langer Bogen aus feinstem Ebenholz, sowie ein K\u00f6cher mit etlichen Pfeilen. Seine kurzen, braunen Haare standen in alle Himmelsrichtungen ab, wodurch er fast so aussah, als s\u00e4\u00dfe ihm ein echter Igel auf dem \u0001 \u0002 Herzogin und der junge Ritter kannten sich seit fr\u00fchester Kindheit und waren \u00fcber die Jahre zu engen Freunden geworden.\u201eMina, ich muss dich sprechen. Es geht um Kameo\u201c, brach der Ritter mit ruhiger, fester Stimme das \u0001 \u0002 sich umzudrehen schluchzte Mina aufgebracht. \u201eDann fasse dich kurz, Tomoaki.\u201c\u201eKameo hat die Hochzeit nicht annulliert, also zumindest nicht wirklich. Er musste ins benachbarte K\u00f6nigreich aufbrechen, weil Kameo von dort einen Hilferuf der K\u00f6nigin erhalten hat. Es schien sehr dringlich zu sein und gebot keinen Aufschub. Er bat mich vor seiner Abreise, dir folgendes auszurichten: Sobald er seine Mission dort erf\u00fcllt hat, kommt er zur\u00fcck und wird dich wie versprochen zur Frau nehmen.\u201c\u201eUnd warum konnte er mir das nicht pers\u00f6nlich sagen? Stattdessen hintergeht er mich einfach und macht mich dazu noch zum Gesp\u00f6tt aller im K\u00f6nigreich!\u201c\u201eWeil ihm daf\u00fcr keine Zeit mehr blieb. Der Auftrag kam vorgestern gegen fr\u00fchen Nachmittag per Brief an. Nach ein wenig Vorbereitung brach er bei Einbruch der Dunkelheit noch am selben Tag \u0001 \u0002 K\u00f6nig und die K\u00f6nigin hielten diesen Hilferuf f\u00fcr eine Falle der K\u00f6nigin aus dem Nachbarreich, da zwischen ihnen seit geraumer Zeit schwere Konflikte herrschen. Sie haben Kameo ausdr\u00fccklich verboten diesem Aufruf Folge zu leisten. W\u00fcrde er es dennoch wagen, so w\u00fcrde Kameo als Hochverr\u00e4ter verbannt werden. Aus diesem Grund hat er sich vorgestern Abend mit einem von uns aus dem Schloss geschlichen, wodurch er die Hochzeit zur Annullierung \u0001 \u0002 Hofe ist man dar\u00fcber nat\u00fcrlich alles andere als begeistert, wie du dir sicherlich denken kannst.\u201cIn Anbetracht dessen, was Tomoaki ihr so eben berichtet hatte, versiegten Minas Tr\u00e4nen und ihr Kummer machte allm\u00e4hlich dem Groll platz, der mittlerweile in ihr \u0001 \u0002 dem Handr\u00fccken wischte sich die Herzogin die letzten Tr\u00e4nen aus dem Gesicht. Sie ballte die F\u00e4uste, atmete tief ein und drehte sich wutentbrannt zu dem Ritter hinter sich um.\u201eDenkt dieser Kerl auch nur ein einziges Mal nach, bevor er solche Aktionen startet?! Dass er aber auch immer den gro\u00dfen Helden spielen muss. Wei\u00dft du wo er hin wollte, Tomoaki? Kannst du mich zu ihm bringen? Und denk erst gar nicht daran mir das ausreden zu wollen. Ich bin schlie\u00dflich stink sauer auf diesen Mistkerl!\u201cDrohend hob Mina den Zeigefinger an die Brust des Ritters. Dieser r\u00fchrte sich keinen Zentimeter, sein Atem ging ruhig und regelm\u00e4\u00dfig. Bevor Tomoaki ihr eine Antwort gab, hob er beschwichtigend die H\u00e4nde nach oben und seufzte schwer.\u201eIst ja schon gut. Mir war von Anfang an klar, dass dich nichts mehr aufhalten wird, sobald du wei\u00dft was hier vor sich geht. Wenn ich mich recht erinnere, dann kenne ich noch den Weg zum Schoss der K\u00f6nigin. Es k\u00f6nnte jedoch sehr gef\u00e4hrlich werden, schlie\u00dflich wissen wir nicht, was da dr\u00fcben alles vor sich geht.\u201c\u201eDas ist mir egal. Ich will die Wahrheit von ihm pers\u00f6nlich h\u00f6ren. H\u00f6ren, dass es sich dabei wirklich um einen Hilferuf handelt und nicht, dass er nur zu einer anderen Frau abgehauen ist. Denn das er st\u00e4ndig anderen Weibern sch\u00f6ne Augen macht, wissen wir beide nur zu gut. Au\u00dferdem mache ich mir Sorgen\u201c, antwortete Mina und schaute dem Ritter fest in die Augen. Beim letzten Satz blickte die Herzogin besch\u00e4mt zu Boden und err\u00f6tete ein \u0001 \u0002 Rest des Tages verbrachte Mina damit, das N\u00f6tigste f\u00fcr die anstehende Reise zusammen zu \u0001 \u0002 einen kleinen, ledernen Beutel steckte sie ein paar Lebensmittel und eine Flasche mit Wasser. Anschlie\u00dfend zog Mina ihr langes Kleid aus, warf es unachtsam auf das Bett und ging zum \u0001 \u0002 zog sie eine enganliegende, bequeme Hose an, nahm eine dunkle Bluse, deren \u00c4rmel bis zu den Ellenbogen reichten, aus dem obersten Fach und zog auch dieses an. Ihre F\u00fc\u00dfe steckte Mina in Stiefel die ihr bis zu den Knien \u0001 \u0002 Schluss warf sich die junge Herzogin einen langen Mantel mit weiter Kapuze \u00fcber die Schultern. Mit einer bronzefarbenen Fibel verschloss sie letztendlich den Mantel vor der \u0001 \u0002 d\u00e4mmerte der Abend und die Dunkelheit der Nacht brach herein. Da alle Vorbereitungen f\u00fcr die Reise getroffen waren, nahm Mina den gef\u00fcllten Beutel, ging in den Stall, sattelte das Pferd und verlie\u00df den \u0001 \u0002 wartete Tomoaki vor dem Anwesen mit seinem eigenen Pferd auf die junge Adlige. Im Gegensatz zur Herzogin, der man ihre Aufregung schon von weitem ansehen konnte, war Tomoaki weder nerv\u00f6s noch aufgeregt. Schlie\u00dflich hatte er mit seinem Prinzen bereits unz\u00e4hlige Male solch klammheimlichen Aktionen \u0001 \u0002 marschierte Mina trotz der Aufregung durch das Tor, bevor sie mit ihrem Pferd dicht neben dem Ritter stehen blieb. Sie sah ihm fest entschlossen in die Augen und schwang sich elegant in den \u0001 \u0002 Ritter tat es ihr gleich, nahm die Z\u00fcgel in die Hand und lenkte seinen Hengst Richtung \u0001 \u0002 Herzogin und der Ritter galoppierten neben einander her, ihre Stute konnte erstaunlich gut mit dem Hengst des Ritters Schritt \u0001 \u0002 ganze Weile ritten sie so in die immer dunkler werdende Nacht hinein, ohne dabei ein einziges Wort miteinander zu wechseln.",
            "wordcount": "1.470",
            "chapter_release": "14.03.2017",
            "chapter_number": "1"
        },
        "2": {
            "text": "\u201eWas guckst du eigentlich die ganze Zeit so angespannt\u201c, fragte Kameo den Ritter neben sich gelassen.\u201eIch verstehe einfach nicht, wie du so ruhig bleiben kannst. Deine Eltern werden dich aus dem K\u00f6nigreich verbannen, schlie\u00dflich reitest du ihren Feinden zu Hilfe. Ganz zu Schweigen von der geplatzten Hochzeit mit Mina\u201c, r\u00e4usperte sich sein Begleiter verlegen.\u201eHideki, du wei\u00dft, ich liebe das Abenteuer \u00fcber alles und der K\u00f6nig und die K\u00f6nigin werden sich irgendwann auch wieder einkriegen. Was ich bei Mina hingegen stark bezweifeln werde. Ich mag mir gar nicht vorstellen, wie sauer sie jetzt auf mich ist\u201c, gestand der Prinz, d\u00e4mlich grinsend. Dann ritten sie beide ohne ein weiteres Wort \u0001 \u0002 ihrem heimlichen Aufbruch war inzwischen mehr als ein ganzer Tag vergangen. Am Morgen des zweiten Tages passierten der Prinz und der Sp\u00e4her den Grenz\u00fcbergang zum benachbarten K\u00f6nigreich im \u0001 \u0002 nicht am \u00dcbergang von der k\u00f6niglichen Wache ihres Landes entdeckt und kontrolliert zu werden, ritten die beiden jungen M\u00e4nner fern ab des Hauptweges durch das tiefe Dickicht des \u0001 \u0002 Meilen und Stunden hinter dem Grenz\u00fcbergang, erlaubten sich die zwei Reiter eine erste kurze Rast f\u00fcr diesen Tag, am Ufer eines kleinen Flusses. Mir seinem kristallklaren Wasser zog er still seinen Weg durch die wilde \u0001 \u0002 tat es Kameo gleich, stieg von seinem Pferd ab und band des an einem tiefh\u00e4ngenden Ast nahe des Ufers fest. Beide sogen erstaunt die Eindr\u00fccke ihrer Umgebung in sich auf. Als Kameo das letzte Mal in diesem K\u00f6nigreich war, genoss er diesen Anblick ebenso intensiv wie in diesem \u0001 \u0002 zwei Freunde standen dicht am Ufer, vor ihnen erstreckten sich weite Getreidefelder gen Norden. Am Horizont lie\u00df sich eine gewaltige Bergkette \u0001 \u0002 S\u00fcden erstreckte sich ein dichter, fast mystisch wirkender Wald, der nur selten das Sonnenlicht durch sein dichtes Bl\u00e4tterwerk hindurch lie\u00df. Dazwischen erstreckte sich die einzige, halbwegs befestigte Stra\u00dfe, die ihre Besucher weiter in das K\u00f6nigreich des Ostens f\u00fchrte. Nat\u00fcrlich gab es noch unz\u00e4hlige weitere Wege durch das Land, doch nur sehr selten waren sie so befestigt wie eben \u0001 \u0002 kniete sich ans Flussufer, tauchte langsam die H\u00e4nde ins Nass und genoss es, wie das kalte Wasser seine m\u00fcden Finger kitzelte. Einige Atemz\u00fcge sp\u00e4ter zog er eine kleine Flasche von seinem G\u00fcrtel, dann tauchte er die Flasche tief in das Wasser, bis sie wieder vollst\u00e4ndig mit frischem Wasser bef\u00fcllt \u0001 \u0002 Prinz verkorkte das Loch und band die Flasche wieder an seinem G\u00fcrtel fest. Der Krieger zu seiner Rechten tat es ihm gleich. So knieten die zwei Freunde noch eine ganze Weile dort am \u0001 \u0002 gaben sie ein doch recht merkw\u00fcrdiges Bild ab, wie sie da so hockten, die Kapuzen ihrer M\u00e4ntel weit in die Gesichter hinunter \u0001 \u0002 war noch nicht viel Zeit ins Land gegangen, da bemerkte Hideki pl\u00f6tzlich, dass sie gleich Gesellschaft bekommen w\u00fcrden. Er gab seinem Herrn ein Zeichen, woraufhin sich beide langsam erhoben, um zu ihren Pferden zur\u00fcck zu \u0001 \u0002 nicht wieder vollst\u00e4ndig auf den Beinen, wurden die zwei Freunde auch schon aufgehalten. Die Stimme eines Mannes mittleren Alters drang aus den Schatten der B\u00e4ume zu ihnen her\u00fcber.\u201eHalt, Fremde, stehen bleiben! Ganz langsam umdrehen. Die Kapuzen absetzen, ich will eure Gesichter sehen k\u00f6nnen!\u201cDie M\u00e4nner taten wie ihnen befohlen und streiften vorsichtig die Kapuzen vom Kopf. Beim Umdrehen hoben sie die leeren H\u00e4nde hoch, um ihrem unbekannten Gast zu zeigen, dass sie nichts B\u00f6ses im Sinn \u0001 \u0002 und sein Herr sahen, dass sie nun drei M\u00e4nnern gegen\u00fcber standen. Zwei von ihnen waren kaum \u00e4lter als sie selbst, der dritte hingegen war wesentlich \u00e4lter und schien in seinem Leben bereits so einige K\u00e4mpfe gef\u00fchrt zu haben. Die beiden J\u00fcngeren trugen Helme, durch die man ihre Gesichter kaum erkennen \u0001 \u0002 drei M\u00e4nner trugen auf ihren R\u00fcstungen das Wappen des K\u00f6nigshauses \u00c4lendrion. Auf ihrem Brustpanzer prangte ein gro\u00dfer, gr\u00fcner Baum, dessen Wurzeln aus dem R\u00fccken einer Riesenschildkr\u00f6te hervorwuchsen. Sie sahen v\u00f6llig anders aus, als die beiden \u0001 \u0002 hatte lange schwarze Haare, die ihm in einem Zopf bis auf den halben R\u00fccken fielen. Seine dunklen Augen, die markanten Wangenknochen und die helle Haut lie\u00dfen ihn so majest\u00e4tisch erscheinen, wie es sich f\u00fcr einen Krieger seines Standes ziemte. Der Prinz trug eine dunkle, aus robustem Leder bestehende R\u00fcstung, ohne jegliches Wappen. Man k\u00f6nnte meinen, er k\u00e4me als gew\u00f6hnlicher Landstreicher daher. Doch bei genauerer Betrachtung erkannte man deutlich, mit welch teurem Material seine R\u00fcstung gefertigt wurde. Zu dem war sie viel zu sauber und adrett f\u00fcr einen einfachen \u0001 \u0002 seinem G\u00fcrtel hingen, neben der Wasserflasche, ein stattlicher Zweih\u00e4nder sowie zwei \u0001 \u0002 Prinzen Begleiter und Freund Hideki sah ihm sehr \u00e4hnlich, zumindest was die Kleidung betraf. Von der Statur her war er kleiner und rundlicher als sein Gebieter. Hidekis mittellange, blonden Haare wehten ihm offen um den Kopf und untermalten sein rundliches \u0001 \u0002 Sp\u00e4her waren seine braunen Augen stets wachsam in die weite Ferne gerichtet und Hidekis linke Hand ruhte, f\u00fcr gew\u00f6hnlich, vorsorglich immer auf dem Griff seines Schwertes.\u201eWer seid Ihr und was habt Ihr hier zu suchen\u201c, fragte der \u00e4ltere der drei Ritter die zwei Wanderer mit rauer Stimme.\u201eIch erkenne euer Wappen, Herr. Mein Name lautet Kameo und ich bin der Prinz des Nachbarlandes Nieralya. Mein Begleiter und ich sind hier, weil eure K\u00f6nigin dringlichst um meine Unterst\u00fctzung gebeten hat.\u201c Kameo senkte daraufhin vorsichtig eine Hand und zog einen Brief aus der Innentasche seines Gewandes. Diesen reichte er seinem \u0001 \u0002 sp\u00e4ter senkte der fremde Ritter den Brief. Mit seinen grauen Augen sah er die zwei fremden Reiter eindringlich an. Er war in etwa genauso gro\u00df wie der Prinz, doch wesentlich st\u00e4mmiger von der Figur her. Unter dem grobmaschigen Kettenpanzer lie\u00df sich ein gewaltiger Bauch erahnen, der \u00fcber die Jahre hinweg durch ausreichend Speis' und Trank wohl geformt \u0001 \u0002 war der einzige der drei einheimischen Ritter, der keinen Helm trug. Zwischen den kurzen stoppeligen Haaren auf seinem Kopf bildeten sich allm\u00e4hlich kahle \u0001 \u0002 einem unbeholfenen kurzen L\u00e4cheln wandte er sich endlich wieder dem Hauptgeschehen zu, der kleinen merkw\u00fcrdig wirkenden Gesellschaft, von sich eigentlich gegen\u00fcberstehenden Feinden.\u201eIhr k\u00f6nnt die Waffen senken, M\u00e4nner. Der Mann spricht die Wahrheit. Unsere Herrin bat in der Tat um seine Unterst\u00fctzung. Dies best\u00e4tigt das Siegel unter diesem Schreiben\u201c, raunte er schlie\u00dflich. \u201eVerzeiht unsere raue Art. Doch in letzter Zeit sind wir bei allen Fremden besonders auf der Hut\u201c, wandte er sich letztlich an Kameo und Hideki.\u201eSchon gut. K\u00f6nnt ihr uns auf schnellstem Wege zu Ihrer Majest\u00e4t bringen\u201c, richtete Hideki schulterzuckend das Wort an den \u0001 \u0002 dr\u00e4ngte der Alte die beiden dazu, sich zu sputen. \u201eMacht eure Pferde los. Eure Hoheit, wir sollten uns beeilen und meiner Herrin umgehend \u00fcber eure Ankunft Bericht erstatten.\u201cSo holten Kameo und Hideki ihre Pferde, sattelten auf und ritten mit den M\u00e4nnern entlang des Flusses, durch einen dichten Wald, bis sie etliche Zeit sp\u00e4ter eine kleine Bergkette \u0001 \u0002 ritt vorne weg, zusammen mit dem \u00e4lteren Mann und unterhielt sich ein wenig mit ihm. Er hoffte auf einige n\u00fctzliche Hinweise darauf, was sie hier erwarten w\u00fcrde.\u201eIch glaube ich habe mich noch gar nicht vorgestellt bei Euch. Mein Name ist Yorick und ich bin der Hauptmann unserer K\u00f6nigin\u201c, stellte sich der Alte vor.\u201eK\u00f6nnt Ihr mir sagen, was genau hier los ist und warum eure Majest\u00e4t auf meine Unterst\u00fctzung bestand?\u201c\u201eLeider nein. Es obliegt allein unserer K\u00f6nigin dar\u00fcber Auskunft zu geben. So lautet unser Befehl. Seit einigen Tagen werden wir abwechselnd in kleinen Trupps auf Patrouille geschickt. Zum einen wegen unserer Feinde, zum anderen, falls Ihr wirklich diesen Weg auf euch nehmen solltet.\u201cStill schweigend ritt die kleine Gruppe kampferprobter Ritter die restlichen Meilen \u0001 \u0002 viel kurz vor dem Ende ihrer Reise ein St\u00fcck nach hinten ab, um neben Hideki weiter zu reiten. Sie diskutierten leise, was sie wohl erwarten w\u00fcrde, sobald sie den k\u00f6niglichen Hof erreicht \u0001 \u0002 schenkten der wundervollen, fast mystischen Landschaft keinerlei Beachtung, so sehr waren sie in ihr Gespr\u00e4ch vertieft. Dann ritten sie schweigend \u0001 \u0002 Prinz des K\u00f6nigreiches Nieralya war bereits zweimal zu Gast im Schloss der benachbarten K\u00f6nigin. Doch irgendetwas schien ihn bei seinem jetzigen Besuch zu irritieren und so fragte er ihren Leiter.\u201eHauptmann Yorick, sagt, wo f\u00fchrt ihr uns hin? Soweit ich mich erinnere, h\u00e4tten wir zum Schloss vor einigen Meilen gen Norden abbiegen m\u00fcssen?!\u201c\u201eDas ist korrekt, Mylord. Wir mussten fliehen und das Schloss aufgeben. Aus diesem Grund f\u00fchren wir Euch und euren Ritter hoch ins Gebirge. Dort haben wir eine uralte Zufluchtsst\u00e4tte entdeckt und unser Lager aufgeschlagen.\u201c\u201eIhr musstet das Schloss aufgeben? Dann sollten wir noch schneller euer Lager erreichen und mit der K\u00f6nigin sprechen. Eventuell ben\u00f6tigt ihr die Unterst\u00fctzung unserer gesamten Truppen.\u201c\u201eSeht, wir haben unser Ziel beinahe erreicht, Sir. Dort oben, am Ende dieser ansteigenden Schlucht, liegt unser Lager\u201c, deutete Hauptmann Yorick nach \u0001 \u0002 wenigen hundert Meter, die sie noch reiten mussten, schwiegen sie alle erneut. Kameo war dar\u00fcber sehr dankbar. So konnte er versuchen seine Gedanken st\u00fcckweise zu ordnen, die sich st\u00e4ndig nur um eine Person \u0001 \u0002 sie wohl reagiert hatte, auf die Nachricht der geplatzten Hochzeit, dachte er beklommen? Wie gro\u00df ihr Groll ihm gegen\u00fcber wohl ausfiel?Dies w\u00fcrde er wohl erst erfahren, wenn er wieder zur\u00fcckkehren w\u00fcrde in sein K\u00f6nigreich. Doch daf\u00fcr m\u00fcsste er aus dieser Sache hier heil heraus kommen.",
            "wordcount": "1.548",
            "chapter_release": "12.08.2017",
            "chapter_number": "2"
        },
        "3": {
            "text": "Abrupt wurde Prinz Kameo aus seinen tr\u00fcbseligen Gedanken gerissen, als er und seine Begleiter hinter einer Felswand die Pferde scharf nach links lenkten, bis Yorick einige Schritte weiter diese schlie\u00dflich sanft zum Stehen \u0001 \u0002 stiegen von ihren Pferden ab, denn bis zum Heerlager seiner K\u00f6nigin w\u00fcrden er und seine Begleiter den unwegsamen Pfad zu Fu\u00df \u0001 \u0002 angekommen offenbarte sich ihnen ein gewaltiges gr\u00fcnes Plateau. Es war \u00fcbers\u00e4t von Zelten und kleinen Holzunterk\u00fcnften, die notd\u00fcrftig zusammengetragen wurden. Die Nord- und Ostseite des Lagers bestanden aus einem weiteren, steil aufragenden Gebirgsabschnitt. Zwischen den groben Felsw\u00e4nden erstreckten sich zwei Wege in verschiedene \u0001 \u0002 Westen zog sich das Plateau noch etliche hundert Fu\u00df dahin, bis es an einer steilen Klippe endete. Jene Klippe war umgeben von einer etwa drei Fu\u00df hohen Steinmauer. Vor dieser Mauer standen in unregelm\u00e4\u00dfigen Abst\u00e4nden kleine Steinb\u00e4nke, von denen etliche schmale Trampelpfade zur\u00fcck zum Lager \u0001 \u0002 und da standen B\u00e4ume und gro\u00dfe Str\u00e4ucher, die an hei\u00dfen Sommertagen ausreichend Schatten spendeten. Au\u00dferdem hingen an ihnen die k\u00f6stlichsten Beeren und Fr\u00fcchte der ganzen \u0001 \u0002 und Kameo sahen sich eine Weile lang staunend um und sogen die Eindr\u00fccke der Umgebung in sich auf. Ihre Blicke schweiften \u00fcber die Mauer hin weg, bis weit in die Ferne zum \u0001 \u0002 Yorick hatte die beiden jungen M\u00e4nner f\u00fcr ein paar Augenblicke allein gelassen, um f\u00fcr diese Zeit in der gr\u00f6\u00dften Holzh\u00fctte zu verschwinden. W\u00e4hrenddessen wurden ihre Pferde zu den behelfsm\u00e4\u00dfigen St\u00e4llen an der Ostseite des Lagers gebracht und dort mit Wasser und Futter \u0001 \u0002 Yorick aus der H\u00fctte trat und zu ihnen zur\u00fcck kehrte, straffte der Prinz unweigerlich die \u0001 \u0002 Aufregung war bei Kameo und seinem Ritter zwar nichts zu sp\u00fcren, dennoch legte Hideki aus alter Gewohnheit seine Hand auf seinen Schwertgriff.\u201eIhre Majest\u00e4t erwartet Euch in ihrer Unterkunft. Wenn Ihr mir also bitte folgen w\u00fcrdet\u201c, sagte Yorick \u0001 \u0002 eine weitere Aufforderung folgten der Prinz und sein Ritter dem Hauptmann. Als sie da so \u00fcber den provisorischen Dorfplatz liefen, zogen sie gelegentlich forschende oder gar absch\u00e4tzende Blicke auf sich. Manch einer tuschelte mit seinem Nebenmann, doch keiner trat ihnen feindselig \u0001 \u0002 dachte daran, wie dieses Szenario wohl in seiner Heimat geendet h\u00e4tte. Er kam zu dem Schluss, dass es wahrscheinlich mit einem Blutbad ausgegangen w\u00e4re und schob den Gedanken schnell wieder beiseite. Im Moment hatte er wahrlich andere Sorgen, die eher seiner Aufmerksamkeit \u0001 \u0002 war er hier, um zu helfen und nicht um zu t\u00f6ten, denn er hatte f\u00fcr diese sinnlose Fehde der beiden K\u00f6nigreiche eh keinerlei \u0001 \u0002 H\u00fctte, der sie langsamen Schrittes n\u00e4her kamen, bestand an drei Seiten aus Bretterverschl\u00e4gen. Die Vorderseite hingegen wurde haupts\u00e4chlich von zwei gro\u00dfen Stoffbahnen eingenommen, die in der Mitte auseinander gezogen wurden, um einen Durchgang frei zu geben. Als Dach dienten der H\u00fctte abwechselnd Holzleisten und Leinent\u00fccher, welche \u00fcber einen dicken Querbalken und die Bretterw\u00e4nde genagelt worden \u0001 \u0002 Inneren der H\u00fctte war es sehr dunkel, nur hier und da hingen an den W\u00e4nden vereinzelt Fackeln. Im Zentrum stand ein gro\u00dfer schwerer Holztisch mit etlichen St\u00fchlen drum herum. Gegen\u00fcber des Eingangs stand ein Stuhl, gr\u00f6\u00dfer als alle anderen im Raum. An der R\u00fcckenlehne war er mit dunklem Samt bezogen, auf dem Sitz lagen mehrere Kissen. Doch er war \u0001 \u0002 dem Moment in dem die M\u00e4nner den Raum betraten, l\u00f6ste sich eine Gestalt aus dem Schatten hinter dem Thron. Die Gestalt umrundete gem\u00e4\u00dfigten Schrittes den Tisch, bis sie vor den Besuchern stehen \u0001 \u0002 und Hideki verbeugten sich tief vor der K\u00f6nigin des Nachbarlandes.\u201eEure Majest\u00e4t. Hier sind wir nun, wie ihr es w\u00fcnschtet. Wie kann ich Euch zu Diensten sein?\u201c Kameo sprach mit der Erhabenheit seines Adelsgeschlechts und sah der Frau fest in die Augen, nachdem er sich wieder aufgerichtet \u0001 \u0002 Kendra war eine hochgewachsene Frau, dabei nur wenige Jahre \u00e4lter als der junge Prinz. Ihre wilden roten Haare trug sie offen und fielen ihr in lockigen Wellen \u00fcber die \u0001 \u0002 dicke Haarstr\u00e4hnen waren nach hinten gebunden, als geflochtener Kranz und wurden am Hinterkopf von einer filigranen Spange zusammen \u0001 \u0002 hellen Augen strahlten eine ungeheure W\u00e4rme aus, als sie ihre G\u00e4ste l\u00e4chelnd willkommen hie\u00df. Dennoch konnte die K\u00f6nigin ihre Besorgnis und ihren Kummer nicht vollst\u00e4ndig \u0001 \u0002 ihre Augen herum bildeten sich kleine Sorgenf\u00e4ltchen, denen sie allerdings keinerlei Aufmerksamkeit vor dem Spiegel zu schenken schien. Von Kendras linkem Ohr hing eine metallische Feder herunter, der einzige Schmuck den sie \u0001 \u0002 Leib trug sie eine schwere dunkelgr\u00fcne Lederhose und ebenso schwere gr\u00fcne Stiefel. \u00dcber ihre Hose fiel eine Tunika, welche das Wappen des K\u00f6nigshauses \u00c4lendrion trug und die an der Taille mit einem extra G\u00fcrtel zusammengeschn\u00fcrt \u0001 \u0002 eigentlichen G\u00fcrtel hingen ein Schwert, zwei Dolche, sowie ein gl\u00e4nzender Rundschild.\u201ePrinz Kameo, Ihr habt also meinen Brief erhalten. Ich danke Euch, dass Ihr diesen Weg auf Euch genommen habt, um hier her zu \u0001 \u0002 m\u00fcsst m\u00fcde von der langen Reise sein. Kommt und setzt Euch, dann erkl\u00e4re ich Euch und Eurem Begleiter, warum ich Euch hier her gebeten habe.\u201cK\u00f6nigin Kendra breitete die Arme aus und deutete auf den Tisch hinter sich. Die beiden jungen M\u00e4nner nickten dankbar und nahmen platz. Kendra befahl einem ihrer Bediensteten Speis' und Trank zu \u0001 \u0002 sie da so sa\u00dfen und a\u00dfen, fing K\u00f6nigin Kendra an ihnen zu erkl\u00e4ren, warum sie dort hin gebeten wurden.\u201eEuch d\u00fcrfte nicht entgangen sein, dass wir uns nicht im Schloss befinden, sondern wie elendige Vagabunden hier drau\u00dfen weit entfernt Unterschlupf gesucht haben.\u201cAls ihre beiden G\u00e4ste keinerlei Anstalten machten zu Antworten sondern nur nickten, fuhr sie ungehindert fort.\u201eWir wurden vor etwa neun Tagen angegriffen. Die V\u00f6lker des Nordens haben einen gewaltigen Krieg gegen uns angezettelt. Ihr Angriff kam tief in der Nacht. Wir waren v\u00f6llig unvorbereitet, konnten nur noch das N\u00f6tigste zusammenpacken und die Flucht \u0001 \u0002 meiner Leute, vor allem die Alten, Frauen und Kinder, mussten wir zur\u00fcck lassen. Wir wissen nicht, wie viele von ihnen diesen Angriff \u00fcberlebt haben oder entkommen \u0001 \u0002 weiter Ferne mussten meine M\u00e4nner und ich mit ansehen, wie das brennende Schloss die dunkle Nacht erhellte. So zogen wir also weiter nach S\u00fcden. Bis wir nach knapp zwei Tagen diese Ruinen des einstigen Schlosses entdeckten und hier Schutz suchten.\u201c\u201eIhr wurdet heimlich und hinterr\u00fccks angegriffen\u201c, fragte Hideki erstaunt?\u201eDoch wie kamt Ihr dann dazu, ausgerechnet mir dieses Schreiben zukommen zu lassen? Ihr wisst doch, dass der K\u00f6nig und die K\u00f6nigin von Nieralya Euch gegen\u00fcber nicht gerade wohlgesonnen sind. Also warum dann ausgerechnet ich?\u201c Kameo brannte f\u00f6rmlich vor Neugierde und rutschte auf seinem Stuhl aufgeregt hin und her.\u201eBereits als ich den Brief an Euch verfasste, wusste ich, dass Ihr mir diese Frage stellen w\u00fcrdet. Gleichzeitig wusste ich aber auch, dass Ihr kommen w\u00fcrdet, ungeachtet dessen, was zwischen der k\u00f6niglichen Familie Nieralyas und mir vorgefallen sein \u0001 \u0002 seit weit \u00fcber die Grenzen beider L\u00e4nder hinaus bekannt f\u00fcr Eure St\u00e4rke, Euren Mut und Eure Heldentaten, ungeachtet Eures jungen Alters. Keiner meiner M\u00e4nner k\u00f6nnte es ernsthaft mit Euch aufnehmen. Und genau aus diesem Grund brauche ich Euch und Euren \u0001 \u0002 Kameo, Ihr seit wahrscheinlich der Einzige, der mir jetzt noch helfen kann, mein K\u00f6nigreich zur\u00fcck zu erobern. Ich bitte Euch also, um meines Volkes Willen, bitte helft uns in unsere Heimat zur\u00fcck zu kehren. Verlangt daf\u00fcr als Dank, wonach auch immer Euch beliebt, nur bitte helft uns!\u201cSchweigen legte sich wie ein Schleier \u00fcber die H\u00fctte. Lange Zeit schien zu vergehen, bis Prinz Kameo zu einer Entscheidung bereit war.\u201eZun\u00e4chst erst einmal: Eure Worte schmeicheln mir und ich wei\u00df dies sehr zu \u0001 \u0002 K\u00f6nnt auf meine Hilfe bauen, doch eines muss ich dazu noch dringend los werden. Um einen erfolgreichen Plan und Gegenangriff schmieden zu k\u00f6nnen, brauche ich meinen Ersten Leutnant zur Beratung.\u201cBeim letzten Satz des Prinzen sah K\u00f6nigin Kendra beinahe verzweifelt drein, bis sie resigniert meinte: \u201eWir d\u00fcrfen keine Zeit verlieren. Der Brief um Euch hier her zu bringen, hat schon eine gef\u00fchlte Ewigkeit an Zeit verschlungen. Ich wei\u00df nicht, ob wir noch einmal so viel Zeit haben.\u201c\u201eDies wird wahrscheinlich auch gar nicht n\u00f6tig sein. So, wie ich meinen Leutnant kenne, wird er bereits auf dem Weg hier her sein. Doch er wird sich wohl oder \u00fcbel auf den Weg zum Schloss \u0001 \u0002 meine Bitte, Eure Majest\u00e4t, k\u00f6nntet Ihr ein oder zwei Eurer M\u00e4nner entbehren, die uns hier hinauf gef\u00fchrt haben? Schickt sie den Weg noch einmal zur\u00fcck, den auch wir gekommen sind, um meine Leute zu f\u00fchren.\u201c\u201eDies w\u00fcrde uns Unmengen an Zeit ersparen. Ich werde Eurer Bitte umgehend nachkommen. Und w\u00e4hrend wir auf Euren Leutnant warten, k\u00f6nntet Ihr mit meinen Truppen ein paar Taktiken \u00fcben\u201c, \u00fcberlegte die K\u00f6nigin und lie\u00df sofort einen der M\u00e4nner kommen, um ihm und seinem Kollegen den Auftrag zu erteilen, um den der Prinz sie soeben gebeten \u0001 \u0002 Kameo und sein Begleiter Hideki verbeugten sich zum Dank erneut tief vor der K\u00f6nigin, bevor sie die H\u00fctte wieder verlie\u00dfen, um mit ihren Soldaten zu \u0001 \u0002 Stunden sp\u00e4ter, die M\u00e4nner trainierten noch immer, kam ein Sp\u00e4her aufgeregt angerannt und fl\u00fcsterte Hauptmann Yorick aufgeregt zu. Kameo beobachtete die beiden und kam zu dem Schluss, dass bei diesem Gesichtsausdruck von Yorick nichts gutes dabei heraus kommen \u0001 \u0002 Vorwarnung trommelte Yorick pl\u00f6tzlich einige Leute zusammen, darunter auch Hideki und sein Prinz.\u201eMir wurde soeben berichtet, dass der Feind eine kleine Vorhut hier ganz in der N\u00e4he patrouillieren l\u00e4sst. Wir m\u00fcssen sie ausschalten, bevor sie ihrem Anf\u00fchrer mitteilen k\u00f6nnen, wo wir uns versteckt halten. Sie d\u00fcrfen auf keinen Fall das Dorf erreichen. Also M\u00e4nner, folgt mir!\u201c",
            "wordcount": "1.592",
            "chapter_release": "11.12.2017",
            "chapter_number": "3"
        },
        "4": {
            "text": "So machte sich der kleine Trupp zu Fu\u00df auf, dem Pfad gen Nordosten zu folgen, der zwischen den Felsw\u00e4nden hindurchf\u00fchrte. Sie brauchten nicht lange zu suchen, bis sie in dem kleinen W\u00e4ldchen vor sich den Sp\u00e4hertrupp des Feindes \u0001 \u0002 der schmalen Lichtung z\u00e4hlten sie f\u00fcnf Gegner, drei weitere lauerten im Geb\u00fcsch drum herum. Hauptmann Yorick rechnete damit, dass noch wenigstens vier weitere Gegner in unmittelbarer N\u00e4he lauern \u0001 \u0002 Umschweife gingen die Soldaten, der Prinz und Hideki zum Angriff \u00fcber und hatten damit zumindest das \u00dcberraschungsmoment auf ihrer \u0001 \u0002 M\u00e4nner schlichen durchs Unterholz an ihre Gegner heran, um dann im richtigen Moment die ersten paar Feinde zu \u0001 \u0002 dies nicht lange unbemerkt bleiben w\u00fcrde war Yorick und seinen M\u00e4nnern von vornherein klar und so lie\u00dfen sie ihre Deckung au\u00dfer acht und griffen frontal \u0001 \u0002 und Hideki st\u00fcrmten zwischen den B\u00e4umen hindurch, dabei zogen sie fast zeitgleich ihre Schwerter aus den Scheiden. Bevor die beiden die Lichtung erreichten, auf der sich der Feind in einer kleinen Gruppe gesammelt hatte, wurden sie unvorhergesehen von einem Gegenangriff \u0001 \u0002 Krieger des Feindes lie\u00dfen sich aus den B\u00e4umen herabfallen, bis sie hinter dem Prinzen und dem Ritter auf dem Waldboden landeten. Diese drehten sich im letzten Moment herum und parierten den ersten Angriff ihrer \u0001 \u0002 Hideki und Kameo standen nun zwei M\u00e4nner mit breiten Schultern und jeweils einer Axt in den H\u00e4nden. Und das war auch schon alles, was sie im Moment erkennen konnten. Die Kleidung der Feinde war vollkommen schwarz und schien gr\u00f6\u00dftenteils aus altem, zerschlissenem Leder zu \u0001 \u0002 den Gesichtern war nichts zu erkennen, durch tief herunterh\u00e4ngende Kapuzen, die ihren Gegnern die Sicht auf dessen Aussehen \u0001 \u0002 und Hideki parierten und griffen im stetigen Wechsel an, wurden dabei immer weiter zu der Lichtung hinter ihnen getrieben. Hier tobte ein Kampf neben dem anderen und aus dem Wald schallten die Ger\u00e4usche von auf einander prallenden Waffen von den B\u00e4umen \u0001 \u0002 Prinz versetzte mit einem gezielten Stich dem Feind den Todessto\u00df. Als er seinen Dolch wieder herauszog brach der Gegner leblos in sich \u0001 \u0002 pr\u00fcfendem Blick sah Prinz Kameo sich kurz um, stellte daraufhin fest, dass sein Freund allein mit seinem Gegner fertig werden w\u00fcrde und st\u00fcrmte schlie\u00dflich zu Yoricks M\u00e4nnern. Das Schwert in der linken Hand fest umklammert, sprintete Kameo auf einen der Feinde zu. Wenige Zentimeter hinter ihm sprang er in die Luft, hob sein Schwert mit beiden H\u00e4nden weit \u00fcber den Kopf, nur um es dann im richtigen Moment nach unten schnellen zu \u0001 \u0002 glitt es durch den K\u00f6rper seines Opfers. Dort wo eben noch der Gegner stand, lagen nun vereinzelte Leichenteile \u0001 \u0002 Zeit zum durchatmen blieb den M\u00e4nnern allerdings nicht, auch wenn sie bereits die H\u00e4lfte der Vorhut ausgeschaltet \u0001 \u0002 Sekunden vorher h\u00f6rte der Prinz den Angriff hinter sich kommen, als er sich gerade mit der ausgestreckten Schwerthand links herum drehte und so den Axthieb blockte. Zeitgleich zog er mit der rechten Hand einen Dolch aus seinem G\u00fcrtel und stach damit auf den Oberk\u00f6rper des Gegners \u0001 \u0002 taumelte benommen nach vorne, stolperte \u00fcber Hidekis ausgestreckten Fu\u00df und fiel vorn\u00fcber in Yoricks Klinge. Anschlie\u00dfend brauch sein K\u00f6rper leblos zusammen. Hideki grinste triumphierend und sah abwechselnd zu Yorick und \u0001 \u0002 jedoch sein Blick erneut bei Kameo innehielt, verblasste sein Grinsen schlagartig. Wenige Augenblicke sp\u00e4ter wusste der Prinz auch \u0001 \u0002 des Szenarios zuvor abgelenkt, sah der Prinz den n\u00e4chsten Angriff nicht mehr rechtzeitig kommen, was ihm zum Verh\u00e4ngnis werden sollte. Einen Wimpernschlag sp\u00e4ter bohrte sich die Schneide einer Axt in seinen Bauch. Nachdem der Feind sie wieder herausgerissen hatte, sank Prinz Kameo vor Schmerzen schreiend auf die \u0001 \u0002 und Yorick wussten in just diesem Moment beide, was sie nun zu tun gedachten. Sie hoben zeitgleich ihre Schwerter und st\u00fcrmten auf den Gegner zu. Am Ende machten sie kurzen Prozess mit ihm und hackten ihm mehrere Gliedma\u00dfen ab, bevor der Hauptmann ihn schlie\u00dflich \u0001 \u0002 immer keuchend kniete der Prinz im Dreck, w\u00e4hrend er beide H\u00e4nde fest auf die klaffende Wunde presste. Doch der letzte noch lebende Feind rannte von der Seite her auf ihn zu. Mit letzter Kraft hob Kameo sein Schwert mit der rechten Hand auf, welches vor ihm im Dreck lag. Als sein Gegner nahe genug heran gekommen war, bewegte er es mit einer letzten schwungvollen Drehung und schlitzte dem Gegner den Bauch \u0001 \u0002 brachen beide endg\u00fcltig zusammen und blieben reglos auf dem Waldboden liegen.\u201eKameo! Kameo\u201c, br\u00fcllte Hideki aufgebracht und rannte zu seinem Prinzen!Hideki kniete neben seinem Herrn im Dreck nieder, drehte ihn auf den R\u00fccken und atmete halbwegs erleichtert auf. \u201eGott sei dank, er ist noch am Leben. Hauptmann Yorick, schnell, wir m\u00fcssen ihn auf der Stelle zur\u00fcck zum Lager bringen!\u201cYorick nickte kurz, br\u00fcllte einige Befehle und am Ende trugen sie zu viert den Prinzen in Richtung Lager. Gl\u00fccklicherweise war dieses nicht all zu weit \u0001 \u0002 bevor der Trupp oben ankam, schickte Yorick einen seiner M\u00e4nner voraus, um Bericht zu \u0001 \u0002 Kendra br\u00fcllte bereits einige Befehle, als der Rest des Trupps endlich das Lager erreichte, winkte die M\u00e4nner zu sich heran und deutete dann auf ihre H\u00fctte. Auf ein provisorisch zusammengebautes Krankenlager sollten die M\u00e4nner Kameo ablegen.\u201eYorick, bringt den Prinzen hier her! Er muss so schnell wie m\u00f6glich behandelt werden!\u201cDer Hauptmann und Kameos Ritter legten ihn auf den Decken nieder, dann traten sie mehrere Schritte \u0001 \u0002 Heilkundige der K\u00f6nigin trat an den Verwundeten heran und sah sich die Wunde ganz genau an. \u201eIch brauche sofort eine leere Sch\u00fcssel und eine mit klarem Wasser, dazu trockene T\u00fccher, meine Salben und Tinkturen\u201c, rief der Heiler \u00fcber die Schulter!Kendras Heiler hie\u00df Granius und war ein hagerer Mann, der die besten Jahre seines Lebens bereits hinter sich zu haben schien. Er trug weder Bart noch Brille und auch seine grauen Haare, hatte er sehr kurz geschnitten, damit sie ihm bei seiner Arbeit nicht st\u00e4ndig behindern konnten und st\u00f6rend ins Gesicht \u0001 \u0002 Leib trug er ein kn\u00f6chellanges, dunkelgr\u00fcnes Gewand. Am Bauch hatte er es mit einem G\u00fcrtel ein wenig zusammengerafft, an dem die unterschiedlichsten Sachen hingen. Kleine und gr\u00f6\u00dfere Fl\u00e4schchen, ein kleines Messer, mehrere Leders\u00e4ckchen und eine handgro\u00dfe Sichel um Kr\u00e4uter und Gr\u00e4ser zu \u0001 \u0002 K\u00f6nigin schickte augenblicklich zwei Bedienstete los, um die geforderten Gegenst\u00e4nde zu besorgen. Anschlie\u00dfend wandte sie sich dem Heiler zu. \u201eSagt, Granius, wie schlimm ist es?\u201c\u201eDie Waffe drang zum Gl\u00fcck nicht all zu tief in den K\u00f6rper ein, Eure Majest\u00e4t. Aber sie war vergiftet. Damit der Prinz \u00fcberlebt, muss ich ihm das Gift aus der Wunde saugen und sie dann gr\u00fcndlich \u0001 \u0002 beiden dort, kommt und geht mir mal zur Hand. Da es sich hierbei um eine sehr schmerzhafte Prozedur handelt und der junge Prinz hier bei vollem Bewusstsein ist, m\u00fcsst Ihr ihn mit Leibeskr\u00e4ften festhalten\u201c, befahl der \u0001 \u0002 und Hideki taten wie ihnen gehei\u00dfen, sie traten rechts und links neben Kameo, knieten sich neben ihn und hielten ihn an Armen und Schultern fest. Damit sich Kameo vor Schmerzen nicht die Zunge abbiss, dr\u00fcckte ihm der Heiler ein St\u00fcck Stoff in den \u0001 \u0002 gleichen Augenblick brachten die Bediensteten die geforderten Gegenst\u00e4nde f\u00fcr den \u0001 \u0002 Heiler, mit Namen Granius, zerriss das Hemd des Prinzen, um die Wunde vollst\u00e4ndig freilegen zu k\u00f6nnen. Zuvor hatte Hideki ihm bereits die zerst\u00f6rte Lederr\u00fcstung abgestreift. Dann beugte er sich \u00fcber den Oberk\u00f6rper des Prinzen, dr\u00fcckte die Lippen auf die Wunde und zog nach und nach das Gift aus dem K\u00f6rper. Im stetigen Wechsel sog er an der Wunde, hob den Kopf um das Gift in die leere Sch\u00fcssel zu spucken und setzte die Lippen erneut \u0001 \u0002 zuckte jedes Mal zusammen, wenn Granius mit den Lippen an der Wunde sog und das Gift allm\u00e4hlich seinen K\u00f6rper \u0001 \u0002 ob das noch nicht schlimm genug gewesen w\u00e4re, sollte im Anschluss der wirklich schmerzhafte Teil der Behandlung \u0001 \u0002 \u00f6ffnete eine kleine flache Dose, die mit einer z\u00e4hfl\u00fcssigen, dunklen Kr\u00e4utertinktur gef\u00fcllt war. Sein n\u00e4chster Schritt bestand darin, eines der T\u00fccher in der zweiten Sch\u00fcssel anzufeuchten und in die Tinktur zu tunken, bevor er sich daran machte die Wunde damit \u0001 \u0002 Hauptmann und der junge Ritter mussten all Kraft aufbieten die sie besa\u00dfen, um den Prinzen auf den Decken festzuhalten, w\u00e4hrend dieser sich bei jeder Ber\u00fchrung mit der Tinktur vor Schmerzen \u0001 \u0002 Zeit schien zu vergehen, bis der Heiler endlich fertig war. Nun schnitt er aus einem weiteren Tuch ein St\u00fcck Stoff heraus, das ein wenig gr\u00f6\u00dfer als die Wunde selbst war. Er tunkte es in eine weitere Salbe, dieses mal jedoch vollst\u00e4ndig. Schlie\u00dflich legte er das feuchte St\u00fcck Stoff auf die immer noch klaffende Wunde. Durch die damit einhergehenden Schmerzen wand sich der junge Prinz erneut unheimlich stark auf dem \u0001 \u0002 verband Granius die Wunde und erhob sich langsam und tr\u00e4ge. Kameo derweil lie\u00df sich st\u00f6hnend in die Kissen sinken und schloss ersch\u00f6pft die Augen.\u201eEuer K\u00f6rper muss sich nun erst einmal von den Strapazen erholen, Hoheit. Das Gift sollte vollst\u00e4ndig raus sein und die Wunde ist gereinigt. Falls Ihr, wie ich stark vermute, Eure Beine zum jetzigen Zeitpunkt nicht sp\u00fcrt, verfallt nicht gleich in Panik. Dies ist ein Nebeneffekt des Giftes. Nach einer ordentlichen Runde Schlaf und mit etwas Gl\u00fcck, sollte das Gef\u00fchl in den n\u00e4chsten zwei Tagen wieder zur\u00fcck kehren. Solange hei\u00dft es allerdings, dass Ihr strengstens das Bett h\u00fctet.\u201c\u201eIch danke euch, Meister Granius\u201c, hauchte der Prinz ersch\u00f6pft.\u201eRuht Euch nun aus, Prinz Kameo. Wir besprechen dann morgen nach Sonnenaufgang alles weitere\u201c, sagte K\u00f6nigin Kendra entschlossen. Kameo nickte ihr lediglich aber dankbar zu, woraufhin sie sich umdrehte und die H\u00fctte verlie\u00df, dicht gefolgt von Yorick und \u0001 \u0002 hingegen blieb die Nacht \u00fcber bei seinem Herrn. Bald darauf, nachdem die beiden endlich allein in der H\u00fctte waren und noch eine Kleinigkeit zum Abendessen zu sich genommen hatten, schliefen sie tief und fest ein.",
            "wordcount": "1.645",
            "chapter_release": "12.12.2017",
            "chapter_number": "4"
        },
        "5": {
            "text": "Mit den ersten Sonnenstrahlen begann der kommende Morgen relativ fr\u00fch, als in dem provisorischen Heerlager allm\u00e4hlich alles wieder zum Leben erwachte. Lediglich in der H\u00fctte der K\u00f6nigin blieb zun\u00e4chst noch alles \u0001 \u0002 den zwei Nachtg\u00e4sten in der H\u00fctte erwachte Hideki als Erster. Nachdem er sich vergewisserte, dass sich der Zustand seines Herrn nicht verschlechtert hatte, stand er auf und verlie\u00df kurz die \u0001 \u0002 Zeit sp\u00e4ter kam Hideki wieder, gefolgt von der K\u00f6nigin und zwei ihrer Bediensteten. Beide Diener trugen ein gef\u00fclltes Tablett vor sich her. Auf dem einen Tablett befanden sich die unterschiedlichsten Speisen, mehrere Tonbecher und eine gro\u00dfe \u0001 \u0002 zweite Tablett war voll mit frischem Verbandsmaterial, T\u00fcchern und den Tinkturen vom \u0001 \u0002, Prinz des Nachbarlandes Nieralya, war bereits hell wach, als seine Besucher die H\u00fctte betraten. Da er sich auf seinem Bett schlecht verbeugen konnte, nickte er K\u00f6nigin Kendra freundlich zu und schenkte ihr ein strahlendes L\u00e4cheln.\u201eWie geht es Euch, Prinz Kameo\u201c, fragte sie h\u00f6flich, w\u00e4hrend sie sich neben ihm auf die Bettkante setzte.\u201eIch sp\u00fcre zwar meine Beine noch immer nicht vollst\u00e4ndig, aber die Schmerzen sind mittlerweile ertr\u00e4glich. Ich m\u00f6chte Euch noch einmal daf\u00fcr danken, dass Ihr meine Wunde gestern habt so schnell versorgen lassen. Wie kann ich mich daf\u00fcr ausreichend revanchieren, Eure Majest\u00e4t?\u201c\u201eIhr tatet es bereits, als Ihr meine M\u00e4nner gestern tatkr\u00e4ftig unterst\u00fctzt habt bei der Vorhut des Feindes. Wie w\u00e4re es nun mit einem herrlichen Fr\u00fchst\u00fcck?\u201c Kendra deutete auf das beladene Tablett zu ihrer Linken.\u201eWenn Ihr mir dabei Gesellschaft leisten w\u00fcrdet, dann gerne.\u201c Wieder l\u00e4chelte Kameo ihr freundlich zu. Als sein Freund aufstehen und gehen wollte, f\u00fcgte er rasch hinzu: \u201eHideki, dies Angebot gilt ebenso f\u00fcr dich. Bleib und setz dich zu uns.\u201cSo blieb Hideki also. Kaum hatten sie zu Ende gefr\u00fchst\u00fcckt, ging die K\u00f6nigin ohne Umschweife zum n\u00e4chsten Thema \u00fcber.\u201eEure Wunde muss gereinigt und neu verbunden werden. Granius hat mich im Morgengrauen mit dieser Aufgabe beauftragt. Er ist los gegangen um neue Kr\u00e4uter zu sammeln und wird erst bei Sonnenuntergang zur\u00fcck sein.\u201c\u201eWie Ihr w\u00fcnscht, Majest\u00e4t.\u201c Mit diesen Worten zog Kameo das Hemd hoch, welches man ihm noch am Abend zuvor als Ersatz f\u00fcr sein eigenes \u0001 \u0002 die K\u00f6nigin den alten Verband l\u00f6ste, sp\u00fcrte Kameo die W\u00e4rme ihrer z\u00e4rtlichen Finger auf seiner Haut. Sie rang ihm erneut ein L\u00e4cheln ab, dann unterhielten sie sich ungezwungen \u00fcber alles \u0001 \u0002 Stunden ritten sie nun schon ohne Pause durch die Landen. Mina tat in ihrem Sattel allm\u00e4hlich der Hintern weh, was sie sich jedoch nicht anmerken lie\u00df. In der Nacht des ersten Tages hatten sie und ihr Begleiter die Grenze zum Nachbarreich passiert und f\u00fcr ein paar Stunden eine Rast eingelegt. Seitdem ritten sie durch eine ihr vollkommen unbekannte \u0001 \u0002 kam es wie eine Ewigkeit vor, dass sie und ihr Begleiter das letzte Mal miteinander gesprochen hatten.\u201eBist du dir auch wirklich ganz sicher, dass du wei\u00dft, wo wir lang reiten m\u00fcssen, Tomoaki\u201c, fragte sie und sah ihn schon fast m\u00fcrrisch an. Mina war noch immer sauer auf die jungen \u0001 \u0002 der Zeit \u00fcberkamen sie indes weitere Gef\u00fchle. Traurigkeit und Besorgnis. Warum hatte ihr Prinz ihr nicht wenigstens pers\u00f6nlich Bescheid sagen k\u00f6nnen, oder hatte er wom\u00f6glich tats\u00e4chlich eine Andere?Zu diesen traurigen Gedanken mischten sich die Sorgen dar\u00fcber, ob es ihm gut ginge und ob er \u00fcberhaupt noch am Leben \u0001 \u0002 wurde sie von Tomoakis Antwort aus ihren Gedanken gerissen. \u201eSolange wir diesem Weg hier weiter folgen, sollten wir auf der richtigen Spur sein. Das Schloss des K\u00f6nigs von \u00c4lendrion befindet sich im Norden. Wenn ich mich nicht g\u00e4nzlich irre, m\u00fcssten wir bald an einer Kreuzung vorbei kommen. Dort reiten wir dann Richtung Norden weiter.\u201c\u201eNun gut, dann werde ich einfach mal auf dein Gesp\u00fcr vertrauen\u201c, meinte Mina lediglich. Dann ritten sie beide stumm nebeneinander \u0001 \u0002 und wieder wanderte der Blick der Herzogin \u00fcber die ihr dargebotene Landschaft, bis in weite Ferne. Ihr Weg f\u00fchrte die beiden Reisenden durch eine fruchtbare Vegetation. Am Wegesrand standen immer wieder gro\u00dfe B\u00fcsche mit den sch\u00f6nsten Beeren, die Mina jemals gesehen \u0001 \u0002 wieder ver\u00e4nderte sich die Umgebung. Mal kamen sie an riesigen bewirtschafteten Feldern vorbei, dann wieder durchquerten sie mystisch anmutende W\u00e4lder. Hier und da streiften Rehe, Wildschweine, W\u00f6lfe und andere Waldbewohner durch die Gegend, doch nicht ein einziges wildes Tier n\u00e4herte sich ihnen zu \u0001 \u0002 beiden Reisenden fiel auf, dass sie vollkommen allein auf den Stra\u00dfen unterwegs waren. Tomoaki hoffte die ganze Zeit \u00fcber, dass sie nicht in irgendeinen Hinterhalt gerieten. Er wollte die Herzogin nicht noch weiter in Schwierigkeiten bringen, als er es sowieso schon \u0001 \u0002 Herr und bester Freund w\u00fcrde ihm schon so oder so den Kopf daf\u00fcr abrei\u00dfen, dass er das Frauenzimmer \u00fcberhaupt mitgeschleppt hatte. Er wollte erst gar nicht daran denken, was passieren w\u00fcrde, wenn sie verletzt werden w\u00fcrde oder gar noch \u0001 \u0002 schob er diesen Gedanken schnell wieder beiseite und sah sich erneut auf dem Weg wachsam um.\u201eVerhalte dich unauff\u00e4llig und lass blo\u00df deine Waffen am G\u00fcrtel stecken. Wir bekommen Besuch\u201c, fl\u00fcsterte der Erste Leutnant seiner Begleiterin zu, als sie erneut durch einen kleinen Waldabschnitt ritten und in just diesem Moment um eine kleine Kurve \u0001 \u0002 versteifte sich in ihrem Sattel und nahm die Z\u00fcgel fester in die H\u00e4nde, gehorchte aber dem Befehl des Leutnants neben \u0001 \u0002 langsam drehte sie den Kopf hin und her, in der Hoffnung sie w\u00fcrde ebenfalls erkennen, was ihren Reisebegleiter so \u0001 \u0002 wurde Tomoaki noch langsamer, griff Mina in die Z\u00fcgel und brachte beide Pferde sanft zum stehen. Am Ende versteifte auch er sich in seinem Sattel und blickte konzentriert \u0001 \u0002 dem Schatten einer uralten Linde trat ein st\u00e4mmiger Mann mittleren Alters hervor. Er trug die st\u00e4hlerne R\u00fcstung des K\u00f6nigshauses dieses Landes. Zum Erstaunen der beiden Reiter, hielt er seine leeren H\u00e4nde abwehrend in die H\u00f6he. Dann trat er langsam n\u00e4her und blieb etwa sechzehn Fu\u00df vor den Pferden \u0001 \u0002 war der erste der beiden M\u00e4nner, der schlie\u00dflich das Wort ergriff, nachdem sie sich gegenseitig eine Zeit lang argw\u00f6hnisch gemustert hatten.\u201eSeid gegr\u00fc\u00dft, Herr. Wir sind nur zwei m\u00fcde Durchreisende in einem fremden Land. Wir wollen nichts b\u00f6ses. Darum bitte ich Euch, lass uns unserer Wege ziehen.\u201c\u201eBeantwortet mir nur eine einzige Frage, dann lasse ich Euch eures Weges ziehen\u201c, bat der Mann \u0001 \u0002 nickte lediglich woraufhin der Fremde ruhig weiter sprach. \u201eIch bin auf Befehl Ihrer Majest\u00e4t auf der Suche nach einem bestimmten Wanderer. Man sagte mir lediglich, dass er aus dem benachbarten K\u00f6nigreich k\u00e4me, auf der Suche nach seinem Herrn. Und Ihr seit die einzigen Menschen die mir seit geraumer Zeit begegnet sind.\u201cMina und Tomoaki wechselten einen vielsagenden Blick, bevor der Fremde weiter sprach.\u201eIch kann Euch leider keinen Namen nennen oder gar beschreiben, wie eben dieser Wanderer aussieht. Nur den Namen seines Herren kann ich euch verraten.\u201c\u201eDer Name des Herren lautet Kameo und er ist der Prinz des Reiches Nieralya. Und Ihr, mein Herr, seid auf der Suche nach mir. Welch ungeahnter Zufall, m\u00f6chte man meinen, nicht wahr, Mylady?\u201c Den letzten Satz richtete er an seine Begleiterin Mina, zusammen mit einem verschmitzten Grinsen, als er sie so formell \u0001 \u0002 tiefst erschrocken \u00fcber diese Tatsache, verbeugte sich der Fremde tief vor der Dame. Erleichterung machte sich auf seinen Gesichtsz\u00fcgen breit, nachdem er sich wieder erhoben hatte.\u201eFantastisch! W\u00e4rt Ihr so freundlich, mir dann zu folgen? Ich f\u00fchre euch auf dem schnellsten Wege zu meiner K\u00f6nigin und Eurem Prinzen\u201c, bat der Fremde.\u201eWir nehmen doch die \u00fcbliche Route zum Schloss, nehme ich an\u201c, meinte Tomoaki verwundert.\u201eLeider nein. Wir mussten vor wenigen Tagen das Schloss aufgeben und haben uns in die Berge weit \u00f6stlich im Land zur\u00fcckgezogen. Bitte, folgt mir hier entlang.\u201cDa der Ritter zu Fu\u00df unterwegs war, stiegen die beiden Reisenden freundlicherweise von ihren Pferden ab. Als Dank nahm der Fremde Mina die Z\u00fcgel ab und ging mit ihrem Pferd voraus.\u201eTomoaki, meinst du, wir k\u00f6nnen ihm trauen? Nicht, dass wir hier geradewegs in eine Falle tappen\u201c, fl\u00fcsterte Mina besorgt.\u201eDu wei\u00dft, ich rieche Fallen selbst Meilen weit gegen den Wind. Er tr\u00e4gt die k\u00f6nigliche R\u00fcstung und er kam unbewaffnet auf uns zu. Ich denke also schon, dass wir ihm trauen \u0001 \u0002 selbst wenn es ein Hinterhalt sein sollte, dann werde ich uns beide da eben irgendwie wieder raus bugsieren\u201c, grinste er die Herzogin an. Der Leutnant hatte mit einem Mal erstaunlich gute Laune, denn schlie\u00dflich blieb ihm soeben eine Menge Arbeit damit erspart, durch das Auftauchen dieses fremden \u0001 \u0002 merkw\u00fcrdig anmutende Trio war noch eine ganze Weile zu Fu\u00df unterwegs. Sp\u00e4t am Abend des zweiten Tages schlugen sie an dem kleinen Fluss ihr Nachtlager auf, an dem einen Tag zuvor auch der Prinz und sein Begleiter ebenfalls Rast gehalten \u0001 \u0002 vor Sonnenaufgang packten sie ihre Habseligkeiten zusammen und folgten stumm ihrem F\u00fchrer den restlichen Weg, bis sie schlie\u00dflich kurz nach der Mittagsstunde ihr Ziel endlich \u0001 \u0002 einiger Entfernung zum Lager bat der Mann sie, kurz dort auszuharren und zu warten, nur solange bis er \u00fcber ihr Eintreffen bei seinem Vorgesetzten Meldung gemacht \u0001 \u0002 und Tomoaki taten wie ihnen \u0001 \u0002 Ungeduld warteten sie auf die R\u00fcckkehr des Mannes. Von der Reise ersch\u00f6pft und m\u00fcde wollten sie beide sich nur noch ausruhen, und vor allem erfahren, was hier denn nun von statten \u0001 \u0002 mussten gl\u00fccklicherweise nicht lange warten, bis der Ritter wieder zur\u00fcck kam. Er f\u00fchrte sie direkt in das Heerlager seiner K\u00f6nigin. Hauptmann Yorick, dem er unterstellt war, machte sich zur selben Zeit auf den Weg zur H\u00fctte der K\u00f6nigin, wo diese noch immer damit besch\u00e4ftigt war, dem Prinzen den Verband zu wechseln.",
            "wordcount": "1.603",
            "chapter_release": "12.12.2017",
            "chapter_number": "5"
        },
        "6": {
            "text": "In dem Augenblick, als Yorick die H\u00fctte erreichte, hoben Kameo und Hideki zeitgleich den Kopf, blickten in die Richtung aus der er kam und \u0001 \u0002 unterhielt sich noch immer ausgelassen mit Ihrer Majest\u00e4t der K\u00f6nigin und lachte dabei hin und wieder fr\u00f6hlich. Er sah seine Freunde anfangs nur aus den Augenwinkeln heraus, doch da war es auch schon zu \u0001 \u0002 und Tomoakis Blicke folgten dem stattlichen Hauptmann ebenfalls zur H\u00fctte hin\u00fcber.\u201eHideki\u201c, sagte Tomoaki \u00fcberrascht, als besagter ihnen aus der H\u00fctte entgegen kam, um sie beide zu begr\u00fc\u00dfen.\u201eKameo!\u201c Mina hingegen riss erschrocken und voller Entsetzen die Augen auf, als sie die K\u00f6nigin sah, wie diese so vertraut und ausgelassen bei ihrem Prinzen sa\u00df und ihm immer wieder \u00fcber den Bauch zu streicheln \u0001 \u0002 schossen ihr in die Augen, vernebelten ihr die Sicht und liefen schlie\u00dflich \u00fcber ihre Wangen nach \u0001 \u0002 nicht vor Entsetzen zu Schreien riss Mina die H\u00e4nde vor den Mund, drehte sich halb nach links und rannte los. Sie wollte nur noch weg, so schnell ihre F\u00fc\u00dfe sie noch tragen w\u00fcrden nach der halbwegs langen Reise. Vor eben diesem Bild hatte sie immer Angst gehabt, dass ihr geliebter Prinz sich in die Arme einer anderen Frau begeben w\u00fcrde.\u201eMina\u201c, riefen Tomoaki und Hideki gleichzeitig, als die junge Herzogin schluchzend davoneilte!\u201eIch gehe ihr nach. Geh du zu unserem Prinzen, er ist schwer verwundet, Tomoaki\u201c, rief Hideki seinem Freund gerade noch zu, da hatte er sich auch schon aufgemacht der Herzogin zu \u0001 \u0002 sah den beiden noch einen kurzen Moment nach, dann sch\u00fcttelte er kurz den Kopf und eilte zu der gro\u00dfen H\u00fctte.\u201eOh nein, Mina! Warum ist sie hier? Ich muss dringend zu ihr, sie scheint das geschehene eben v\u00f6llig falsch verstanden zu haben!\u201cKameo musste hilflos alles mit ansehen. Er wollte seiner Herzogin um jeden Preis folgen, um ihr die Situation zu erkl\u00e4ren. Doch seine Beine gehorchten ihm noch immer nicht ganz und so lie\u00df er sich, br\u00fcllend vor Schmerzen, wieder in die Kissen sinken.\u201eKameo, was ist denn mit dir passiert\u201c, fragte Tomoaki, nachdem er die H\u00fctte betreten und sich h\u00f6flich vor der K\u00f6nigin verbeugt \u0001 \u0002 Prinz setzte sich auf und sah seinen Ersten Leutnant zu gleich zornig und besorgt an. Dann fragte er mit fester Stimme nach den Umst\u00e4nden ihrer Anwesenheit. \u201eTomoaki , warum ist Mina hier und nicht daheim?\u201c\u201eDu kennst doch dein Frauenzimmer am Besten und wei\u00dft daher ganz genau, dass sie nicht aufzuhalten war. Schon gar nicht, nach der Nummer die du da abgezogen hast. Das M\u00e4del eiskalt abservieren und einfach so zur\u00fcck zu lassen. Im gesamten K\u00f6nigreich zerrei\u00dft man sich \u00fcber deinen \u00fcbereilten Abgang bereits das Maul, mein Freund\u201c, antwortete Tomoaki seinem Herrn offen und \u0001 \u0002 Kendra musste sich ein leichtes Lachen verkneifen, angesichts der Umgangsformen dieser beiden jungen \u0001 \u0002 es sich ein normaler Untertan gewagt, so mit dem Prinzen zu sprechen, w\u00e4re er jetzt einen Kopf k\u00fcrzer und w\u00fcrde sich die Radieschen von unten betrachten k\u00f6nnen. Doch nach \u00fcber zwanzig Jahren Freundschaft mit dem Thronfolger seiner Heimat, wusste Tomoaki, wie weit er gehen konnte, ohne vom Prinzen f\u00fcr seine offenen Worte getadelt zu \u0001 \u0002 Zeit zu Zeit hatte sich dieser Vorteil als recht n\u00fctzlich erwiesen.\u201eNa gro\u00dfartig. Mina ist, v\u00f6llig vernebelt durch ihre d\u00e4mliche Eifersucht, abgehauen und ich kann ihr nicht nach, weil meine Beine mir noch immer nicht wieder gehorchen!\u201c. Prinz Kameo machte seinem Zorn Luft, bevor er sich wieder in die Kissen sinken lie\u00df.\u201eWenn Ihr gestattet, dann werde ich Eure Herzdame pers\u00f6nlich suchen gehen und die Dinge richtig stellen?!\u201c Mit jenem Angebot erhob sich Kendra und marschierte gelassen zum Eingang der H\u00fctte.\u201eEure Majest\u00e4t, dies kann ich nicht von euch verlangen. Ihr gabt mir schon so viel\u201c, fing Kameo an zu \u0001 \u0002 sie erstickte seine Worte mit einer knappen Handbewegung im Keim, schenkte ihm ein strahlendes L\u00e4cheln und meinte zu ihm: \u201eIch kenne die Gef\u00fchle eines gebrochenen Herzens nur zu gut. Und da ich wohl oder \u00fcbel nicht ganz unschuldig an dieser kleinen Katastrophe hier bin, m\u00f6chte ich diese Unstimmigkeit gerne pers\u00f6nlich aus der Welt treiben. Schlie\u00dflich handelt es sich hierbei um Eure Herzdame, mein lieber Prinz. Dies ist mir keineswegs entgangen, w\u00e4hrend unseres am\u00fcsanten Gespr\u00e4ches.\u201cOhne eine Antwort abzuwarten drehte sie sich wieder um, verlie\u00df die H\u00fctte und ging der jungen Frau in Richtung Westen \u0001 \u0002 l\u00f6ste sich aus seiner Starre und kniete neben seinem Herren nieder. \u201eWie konnte das denn nur passieren, mein Prinz?\u201c\u201eYoricks Sp\u00e4her hatten eine kleine Vorhut des Feindes hier ganz in der N\u00e4he entdeckt. Gestern Abend sind wir der Spur sofort gefolgt und haben uns nur wenige hundert Meter von hier entfernt eine kleine Schlacht mit ihnen geliefert. Dabei hat Yorick drei seiner M\u00e4nner verloren. Die Gegner konnten wir alle ausschalten.\u201c\u201eAber du bist verletzt! Wie schlimm ist es?\u201c\u201eIch habe nur einen winzigen Moment lang nicht aufgepasst, da hatte ich auch schon die vergiftete Axt des Feindes im Bauch zu stecken. Er war der Letzte und ich schlitzte ihm zum Dank den Bauch auf. Dann brachen wir beide im Dreck \u0001 \u0002, Yorick und zwei seiner M\u00e4nner trugen mich hier her zur\u00fcck. Granius, der Heiler ihrer Majest\u00e4t, behandelte mich daraufhin sofort. Er entfernte das Gift aus meinem K\u00f6rper, reinigte und verband die Wunde.\u201c\u201eDie Axt war vergiftet, sagst du? Ein Wunder, das dich das Gift nicht auf der Stelle get\u00f6tet hat und du noch am Leben bist\u201c, meinte Tomoaki erleichtert.\u201eNun ja, so glimpflich bin ich aus der Geschichte jetzt auch nicht heraus gekommen. Durch das Gift gehorchen mir zeitweise meine Beine nicht mehr. Granius meinte, es w\u00fcrde in den n\u00e4chsten Tagen nachlassen. Aber keiner wei\u00df so ganz genau ob und wann. Ich kann zwar noch nicht laufen, sp\u00fcre sie aber wieder, wenn auch nur ein ganz kleines bisschen\u201c, erkl\u00e4rte Kameo seinem Freund die Lage.\u201eAber warum hat K\u00f6nigin Kendra vorhin neben dir gesessen und dir so vertraut \u00fcber den Bauch gestreichelt? Kein Wunder, dass bei Mina die Sicherungen durchgebrannt sind\u201c, tadelte Tomoaki seinen Herrn und Freund.\u201eSie hat ihn mir nicht gestreichelt! Sie hat die Wunde noch einmal gereinigt und neu verbunden. Wir haben uns lediglich nebenbei \u00fcber belangloses Zeug unterhalten. Doch das hat Mina leider in den falschen Hals bekommen\u201c, seufzte der Prinz \u0001 \u0002 schaute Tomoaki nach drau\u00dfen und betrachtete das emsige Treiben im \u0001 \u0002 rannte quer durch das Heerlager, dann \u00fcber die kleine bewachsene Lichtung und kam schlie\u00dflich bei den B\u00e4nken an den Klippen zum stehen. Sie sank auf eine der unz\u00e4hligen B\u00e4nke, st\u00fctzte die Ellenbogen auf die Knie und vergrub das Gesicht in den H\u00e4nden. Die junge Herzogin weinte bitterliche \u0001 \u0002 war ihr anstelle der anderen gefolgt, trat nun behutsam von hinten an Mina heran und versuchte mit ihr zu sprechen.\u201eMina, darf ich mich zu dir setzen und dir alles erkl\u00e4ren?\u201c Z\u00f6gerlich und untentschlossen stand Hideki hinter der Herzogin.\u201eVerschwinde einfach und lass mich in Ruhe\u201c, schluchzte sie aufgebracht. \u201eIch will euch alle drei nicht mehr sehen. Dieser Heuchler!\u201c\u201eWas kann ich denn jetzt bitte daf\u00fcr, dass du die Dinge eben einfach in den falschen Hals bekommen hast?\u201c Hideki f\u00fchlte sich zu unrecht angegriffen.\u201eIch in den falschen Hals bekommen. Das war ja wohl alles sehr eindeut...\u201c sprang Mina ver\u00e4rgert und entt\u00e4uscht zugleich auf, kam aber nicht mehr dazu ihren Satz beenden. Aus dem Schatten der B\u00e4ume trat pl\u00f6tzlich die K\u00f6nigin auf sie beide zu. Mina verbeugte sich tief vor ihr, drehte dann jedoch den R\u00fccken zu und klammerte sich an der Steinbr\u00fcstung fest. Sie bebte noch immer unter den Schluchzern die sie \u0001 \u0002 verbeugte sich ebenfalls von Kendra und zog sich schlie\u00dflich, auf ihr Zeichen hin, zur\u00fcck, sodass die beiden Frauen alleine waren.\u201eIhr m\u00fcsst Mina sein. Prinz Kameo hat mir von Ihnen erz\u00e4hlt\u201c, begann die K\u00f6nigin freundlich und setzte sich nebenbei auf die Bank, auf der kurz zuvor noch Mina gesessen \u0001 \u0002 straffte unweigerlich die Schultern, brachte es jedoch nicht fertig, der K\u00f6nigin zu antworten. 'Wie unh\u00f6flich zu doch bist', dachte sie sich in diesem \u0001 \u0002 ergriff K\u00f6nigin Kendra erneut das Wort.\u201eIch muss mich bei Euch entschuldigen, junge Dame. Der Anblick, der sich Ihnen bot, muss Sie entsetzlich erschreckt haben. Doch ich gebe Ihnen mein k\u00f6nigliches Ehrenwort, dass da zwischen dem Prinzen und mir keinerlei Ann\u00e4herung erfolgte oder jemals erfolgen wird. Euch allein geh\u00f6rt sein Herz und seine Liebe.\u201cEine Ewigkeit schien zu vergehen, in der Mina das eben geh\u00f6rte erst einmal verarbeiten musste. Die K\u00f6nigin wartete seelenruhig auf die Antwort der jungen Herzogin und schaute derweil \u00fcber die Klippen in ihr eigenes K\u00f6nigreich.\u201eWenn das wahr ist, warum habt Ihr ihm dann vorhin so vertraut und ausgelassen \u00fcber den Bauch gestrichen?\u201c Wieder rannen ihr die Tr\u00e4nen \u00fcber das Gesicht, den Blick noch immer \u00fcber die Klippe \u0001 \u0002 sie ihr antwortete stand Kendra auf, stellte sich vorsichtig neben Mina und lie\u00df ebenfalls ihren Blick gen Westen wandern. \u201ePrinz Kameo ist gestern Abend bei einer kleinen Schlacht unterhalb dieses Bergkamms verwundet worden. Als Ihr mein Heerlager betreten hattet, habe ich ihm die Wunde am Bauch versorgt und neu verbunden. Dies muss f\u00fcr euch einen schrecklichen Anblick geboten haben. Doch ich versichere Euch noch einmal, dass zwischen uns nichts l\u00e4uft au\u00dfer gesch\u00e4ftliche Verhandlungen und Unterst\u00fctzungen.\u201c\u201eDann muss ich mich bei Euch wohl aufrichtig f\u00fcr mein \u00fcbereiltes Verhalten entschuldigen, Eure Majest\u00e4t\u201c, sagte Mina, drehte sich um und verbeugte sich vor der K\u00f6nigin des Nachbarlandes.\u201eIhr habt keinen Grund, Euch zu entschuldigen. Es ist nur zu offensichtlich, dass Ihr ihn aus tiefstem Herzen liebt. Sonst w\u00e4re eure Reaktion auf diese Situation wahrscheinlich vollkommen anders ausgefallen.\u201c\u201eDamit habt Ihr sicherlich Recht, aber was n\u00fctzt das schon, wenn er mir doch nicht vertraut und ehrlich zu mir ist.\u201c\u201eOh meine Liebe, er vertraut ihnen durch aus. Und vielleicht mag er in dieser Geschichte jetzt nicht vollends ehrlich zu Ihnen gewesen sein, aber das liegt nur daran, dass er versucht sie zu besch\u00fctzen.\u201c\u201eWie kommen Sie darauf\u201c, fragte Mina verwundert.\u201eIch habe ihn um einen \u00e4u\u00dferst gef\u00e4hrlichen Gefallen gebeten, der wie es aussieht in naher Zukunft nicht nur mein K\u00f6nigreich betreffen d\u00fcrfte sondern auch das K\u00f6nigreich Nieralya. Und Euer Prinz w\u00fcrde alles daf\u00fcr geben, dass Ihr, seine Herzdame, niemals zu schaden kommt. So sagte er es mir heute morgen als ich seine Wunde versorgte.\u201cMina wollte der K\u00f6nigin antworten, wusste aber nicht was sie darauf erwidern sollte.",
            "wordcount": "1.720",
            "chapter_release": "22.07.2018",
            "chapter_number": "6"
        },
        "7": {
            "text": "Irgendwann kehrte die Herzogin mit der K\u00f6nigin zur\u00fcck ins Heerlager. Sie ging etwas entfernt hinter Kendra her und wischte sich mit einem feinen Tuch die letzten Tr\u00e4nen aus dem Gesicht. Hideki kam ihnen entgegen, um sich nach dem Befinden seiner Freundin zu erkundigen. Au\u00dferdem wurde er geschickt, um ihr mit zu teilen, dass Kameo sie unbedingt sprechen \u0001 \u0002 Mina wollte den Prinzen noch nicht sehen und so kam es, dass sie in den notd\u00fcrftigen Stallungen mithalf die Pferde zu \u0001 \u0002 Abend d\u00e4mmerte so langsam, als sich Kameo m\u00fcde in die Kissen sinken lie\u00df. W\u00e4hrend der letzten Stunden hatte er von seinem Krankenlager aus mit Hauptmann Yorick und dessen M\u00e4nnern die unterschiedlichsten Angriffstaktiken besprochen. Zuerst aber mussten sie versuchen unbemerkt in das Schloss ein zu dringen, um Informationen \u00fcber den Feind sammeln zu k\u00f6nnen. Erst dann konnte Kameo einen entsprechenden Plan schmieden, wie sie den Feind besiegen \u0001 \u0002 seine Beine noch immer nicht zu gebrauchen waren und er in der H\u00fctte fest hing, betraute Kameo seinen Ersten Leutnant mit der Erkundungsaufgabe. Er sollte sich ein paar M\u00e4nner mitnehmen, die sich im K\u00f6nigreich auskannten und ihn unbemerkt durch die Geheimg\u00e4nge des Schlosses f\u00fchren konnten. Zudem Befahl Kameo, dass er auch Hideki mitnehmen solle, da dieser als Sp\u00e4her ebenfalls sehr n\u00fctzlich sein \u0001 \u0002 am selben Abend brach der kleine Trupp zum Schloss auf. Alle Hoffnungen der n\u00e4chsten Stunden und Tage ruhten auf diesen sechs jungen M\u00e4nnern. Yorick blieb mit den anderen im Lager \u0001 \u0002 nach Einbruch der Dunkelheit lag Kameo noch immer wach und blickte durch die \u00d6ffnung in der H\u00fctte auf die letzten Feuer, die im Heerlager langsam vor sich hin brannten. Im Schein der Flammen einer der Feuerstellen machte er die vertrauten Umrisse zweier Frauen aus. Sie hatten der H\u00fctte und ihm den R\u00fccken zugewandt. Neben ihnen sa\u00dfen noch andere Personen, aber Kameo konnte nicht genau erkennen wie viele es waren. W\u00e4hrend die Minuten und Stunden am Feuer dahin strichen, konnte er erkennen, dass immer weniger Leute dort sa\u00dfen, bis am Ende nur noch die beiden Frauen die W\u00e4rme des Feuers \u0001 \u0002 muss bereits weit nach Mitternacht gewesen sein und Kameo konnte noch immer nicht schlafen. So vieles ging ihm durch den Kopf. Was w\u00fcrden die M\u00e4nner im Schloss erreichen? Wie konnten sie es zur\u00fcckerobern? W\u00fcrden alle lebend aus dieser Sache wieder heraus kommen? Aber vor allem machte ihm ein Gedanke besonders zu schaffen: Wie konnte er das mit Mina nur wieder gerade biegen?Nachdem er das n\u00e4chste Mal zum Feuer sah, bemerkte er, dass nur noch eine einzige Person am Feuer sa\u00df. 'Typisch Mina', dachte er, 'Das Feuer hat sie schon immer in ihren Bann gezogen'.In diesem Moment fasste er den Entschluss, dass er unbedingt mit der Herzogin w\u00fcrde reden m\u00fcssen, komme was da wolle. Er wusste auch, dass jetzt wohl der beste Moment daf\u00fcr w\u00e4re, denn bald w\u00fcrden sie in eine erbarmungslose Schlacht ziehen. Da sonst im Lager schon alle zu schlafen schienen, konnte er sie nat\u00fcrlich nicht zu sich rufen. Er sah sich in der H\u00fctte um und entdeckte zwei Arml\u00e4ngen von sich entfernt sein Schwert. Er wusste, dass ihn seine Beine alleine noch nicht tragen w\u00fcrden, also musste er sich auf sein Schwert \u0001 \u0002 richtete sich auf, schwang mit Hilfe seiner H\u00e4nde die Beine von dem Krankenlager und beugte sich nach vorne zu seinem Schwert. Der mit Leder eingeschlagene Griff lag k\u00fchl und fest in seiner rechten Hand, dann st\u00fctzte Prinz Kameo sich mit der linken Hand auf den Knauf und zog sich vorsichtig hoch. Behutsam setzte er einen Fu\u00df vor den anderen, trat aus der H\u00fctte und lief durch das Lager auf das kleiner werdende Feuer zu. Kameo verzog das Gesicht vor Schmerzen. Mit jedem Schritt den er tat, kam ihm der Weg zu dem kleinen Lagerfeuer immer l\u00e4nger \u0001 \u0002 war einer der letzten warmen Sp\u00e4tsommerabende und Mina sa\u00df zusammen mit der K\u00f6nigin und einigen ihrer Gefolgsleute an der Feuerstelle. Die Herzogin war in diesem Augenblick sehr Dankbar f\u00fcr die Ablenkung durch die K\u00f6nigin. Sie versicherte der jungen Adligen bei einem ordentlichen warmen Becher Honigwein, dass zwischen ihr und dem Prinzen nichts ungew\u00f6hnliches vorgefallen war. Langsam flaute Minas Groll dem jungen Mann gegen\u00fcber \u0001 \u0002 in der Nacht genoss sie es, vollkommen allein am Feuer zu sitzen und den verkohlenden Holzscheiten beim Knistern zu \u0001 \u0002 all den Jahren die sie gemeinsam mit Tomoaki, Hideki und auch Kameo verbrachte, hatte sie ebenso wie die Jungs ein gutes Geh\u00f6r entwickelt und nahm jeden noch so kleinen Laut in ihrer unmittelbaren Umgebung sofort \u0001 \u0002 wusste nicht mehr wie viel Zeit vergangen war, seit K\u00f6nigin Kendra ebenfalls zu Bett gegangen war, als sie mit einem Mal das leise Ger\u00e4usch von Stiefeln auf dem steinigen Boden wahr nahm. Ein weiteres Ger\u00e4usch mischte sich unter die Stiefelger\u00e4usche, der Klang von Metall auf \u0001 \u0002 die Schritte nur sehr langsam lauter wurden, brach Mina nicht in Panik aus und blieb weiterhin ruhig und entspannt am Feuer sitzen. Nur wenige Augenblicke sp\u00e4ter verstummte das Ger\u00e4usch und machte einem neuen Platz, dem leisen Keuchen eines entkr\u00e4fteten \u0001 \u0002 wusste sofort wer in diesem Augenblick hinter ihr stand, doch auf den Anblick der sich ihr kurz darauf bot, war sie nicht gefasst gewesen. Just in dem Moment, als sie sich umdrehte, sackte Kameo vor ihr auf die Knie zusammen. Das Schwert landete im Dreck, w\u00e4hrend er sich mit der rechten Hand auf dem Boden abst\u00fctzte und mit der linken fest auf eine Stelle an seinem Bauch \u0001 \u0002 seine Beine ihm noch immer nicht richtig gehorchen wollten und durch die damit verbundene Anstrengung beim Gehen, war seine Wunde am Bauch wieder leicht aufgerissen und Blut sickerte in feinen Rinnsalen durch das neue wei\u00dfe Hemd \u0001 \u0002 junge Frau sprang auf, rannte am Prinzen vorbei auf direktem Wege zu der H\u00fctte aus der er kam, um kurz darauf mit einer Decke und dem Verbandsmaterial zur\u00fcck zu \u0001 \u0002 des Feuers breitete sie die Decke aus, half dem Prinzen sich darauf zu betten und zog das blutgetr\u00e4nkte Hemd \u0001 \u0002 machte sie sich daran, die Wunde noch einmal zu versorgen und neu zu verbinden. Dabei achtete Mina sorgf\u00e4ltig darauf, dass sich ihre Blicke nicht trafen, denn h\u00e4tte sie in diesem Moment seinen schmerzerf\u00fcllten Blick gesehen, w\u00e4re sie wahrscheinlich erneut in Tr\u00e4nen \u0001 \u0002 einem der dicken Holzst\u00e4mme die um das Lagerfeuer herum gelegt wurden, lehnte der junge Prinz und sah den z\u00fcngelnden Flammen zu wie sie sich \u00fcber einen frischen Holzscheit hermachten. Ringsum herrschte Grabesstille. Geistesabwesend strichen seine Finger durch die langen weichen Haare, die \u00fcber den R\u00fccken der jungen Frau auf seinem Scho\u00df fielen. Auch Mina schaute dem Feuer zu, unf\u00e4hig auch nur ein Wort zu \u0001 \u0002 Zeit sp\u00e4ter brach eine ruhige tiefe M\u00e4nnerstimme durch die Stille. Kameo hielt das Anschweigen nicht l\u00e4nger aus.\u201eDu hast definitiv etwas besseres verdient, als so einen abenteuerlustigen, halsbrecherischen, sich st\u00e4ndig in Lebensgefahr bringenden, unbesonnenen Deppen wie mich. Zu keiner Zeit wollte ich dich verletzen, dich entt\u00e4uschen oder daf\u00fcr verantwortlich sein, dass du dir meinetwegen Sorgen machen musst. Ich kann nun mal nicht nein sagen, wenn jemand um meine Hilfe bittet, auch wenn es dieses Mal bedeuten sollte, dass ich aus meinem eigenen K\u00f6nigreich und Zuhause verbannt werde. Und um keinen Preis der Welt w\u00fcrde ich auf die Idee kommen, die Hochzeit mit dir wirklich platzen zu lassen, auch wenn meine Eltern dies im K\u00f6nigreich behaupten. Ich h\u00e4tte vollstes Verst\u00e4ndnis daf\u00fcr, wenn du dich nach den Geschehnissen der letzten Tage und vor allem von heute Mittag von mir distanzieren w\u00fcrdest. Nat\u00fcrlich h\u00e4tte ich es nicht anders verdient. Es muss schrecklich f\u00fcr dich ausgesehen haben, uns dort so zu sehen, obwohl die Situation eine vollkommen andere war. Doch du sollst wissen, dass nur dir allein seit Jahren mein Herz geh\u00f6rt und daran wird auch niemals jemand etwas \u00e4ndern k\u00f6nnen, solange ich lebe. Und ehrlich gesagt, hoffe ich, dass das noch ein paar Jahrzehnte klappt.\u201cF\u00fcr einige wenige Augenblicke senkte sich eine unangenehme Stille \u00fcber die Nacht und die beiden jungen Menschen am Feuer. Kameo wartete unruhig auf eine Antwort von Mina, auch wenn er auf alles gefasst war. W\u00e4hrend er gesprochen hatte, sah Mina weiterhin nur zum Feuer, doch er konnte an der d\u00fcnnen Stoffhose, die er an hatte, sp\u00fcren wie ihr die Tr\u00e4nen \u00fcber das Gesicht \u0001 \u0002 atmete mehrmals tief ein und aus bevor sie ihm antworten konnte. \u201eDie Nachricht von deinem \u00fcbereilten Aufbruch vor ein paar Tagen hat mich rasend vor Wut gemacht. Ich war so sauer auf dich, dass du dir nicht mal die Zeit genommen hattest, mich pers\u00f6nlich dar\u00fcber zu informieren. Dazu mischte sich die Sorge dar\u00fcber, ob es dir gut geht oder ob dir was passieren w\u00fcrde bei dieser Mission. Als wir nach mehr als einem Tag zu Pferd dann endlich hier ankamen, ich dich dort verletzt und mit einer anderen Frau liegen sah, sind bei mir s\u00e4mtliche Sicherungen durchgebrannt. Ich wollte einfach nur noch weg, weg von hier, von den Jungs und in dem Moment vor allem von dir.\u201cWieder trat diese unangenehme Stille ein. Als Kameo keine Anstalten machte zu antworten, sprach Mina genauso ruhig weiter wie zuvor schon.\u201eMylady hat kurz nach dem ich davon gelaufen bin, das Gespr\u00e4ch mit mir gesucht, wor\u00fcber ich ihr \u00fcbrigens sehr dankbar bin. Danach flaute meine Wut ein wenig ab, aber einen von euch drei Jungs sehen konnte ich danach noch immer nicht. Also habe ich erst bei den Pferden geholfen und dann beim Zubereiten des Abendessens f\u00fcr das gesamte Lager. Sp\u00e4ter sa\u00df ich dann mit der K\u00f6nigin und einigen der M\u00e4nner hier am Feuer. Dabei erz\u00e4hlte sie mir einiges dar\u00fcber, was hier vorgefallen war und warum du so \u00fcbereilt aufgebrochen \u0001 \u0002 verrauchte auch das letzte bisschen Wut dar\u00fcber. Seitdem habe ich nach den letzten aufregenden Tagen die Ruhe am Feuer genossen.\u201c",
            "wordcount": "1.633",
            "chapter_release": "22.07.2018",
            "chapter_number": "7"
        },
        "8": {
            "text": "Den Kopf in den Nacken gelegt, sah Kameo nach diesem Gest\u00e4ndnis von Herzogin Mina frustriert in den Nachthimmel. Sie hatte ihm ihre Sicht auf die letzten Tage ausf\u00fchrlich geschildert, war ihm letztendlich jedoch eine einzige Antwort schuldig geblieben. Er traute sich auch nicht, in diesem Moment noch einmal danach zu fragen. Zu Gro\u00df war die Angst, dass sie nach dieser Aktion getrennte Wege gehen w\u00fcrden, zu Gro\u00df seine eigenen Schuldgef\u00fchle \u00fcber seine Dummheit und \u0001 \u0002 Traurigkeit \u00fcberkam ihn in jenem Augenblick, als er sich bereits eine Zukunft ohne seine Herzogin ausmalte. Die folgende Antwort lie\u00df ihm selbst die Tr\u00e4nen \u00fcber das Gesicht laufen.\u201eIch war stinksauer, als ich mit Tomoaki auf dem Weg hierher war, gemischt mit den Sorgen um euer Wohlbefinden. Und auch wenn mir der Anblick heute Mittag zun\u00e4chst beinahe das Herz gebrochen h\u00e4tte, habe ich Tomoaki nicht ohne Grund dazu verdonnert mich hier her zu f\u00fchren. Und ich w\u00e4re auch nicht mehr hier, nach heute Mittag, wenn du nicht so ein elendiger Halunke w\u00e4rst, dem schon seit unserer Kindheit mein Herz geh\u00f6rt.\u201cMina konnte regelrecht sp\u00fcren, wie die Anspannung aus Kameos K\u00f6rper wich und er scheinbar ein wenig in sich zusammen sackte. Als nach ein paar Minuten noch immer keine Antwort von ihm kam, richtete sich Mina langsam auf. Dabei drehte sie ihm das Gesicht zu und sah, dass sein Blick gen Nachthimmel gerichtet war, seine Wangen gl\u00e4nzten im Schein des Feuers, von den Tr\u00e4nen die er \u0001 \u0002 senkte er wieder den Kopf und sah ihr nun fest in die Augen. So elend wie er sich wohl f\u00fchlen musste, sah er nun auch aus, dachte Mina beklommen. Dunkle Schatten hatten sich unter seine sonst so wachsamen Augen gelegt, das lange schwarze Haar fiel ihm in wirren Str\u00e4hnen ins \u0001 \u0002 junge Herzogin beugte sich zum Prinzen vor, bis ihre Lippen kurz darauf endlich ihr Ziel fanden, die \u0001 \u0002 senkte sich erneut Stille \u00fcber das Lager. Aber dieses Mal war sie keineswegs unangenehm. Kameo war dar\u00fcber sehr dankbar, ebenso wie \u00fcber den Kuss und die Vers\u00f6hnung mit seiner Herzogin.\u201eMach jetzt keine ruckartigen Bewegungen, aber wir bekommen Besuch\u201c, fl\u00fcsterte er ihr ins Ohr. Sofort spannten beide die Schultern an und lauschten in die Dunkelheit hinter dem Feuer vor sich hinein.\u201eMeine Anweisung lautete 'strengste Bettruhe', Mylord. Wie also kann es sein, dass ich Euch hier drau\u00dfen nun antreffe?\u201c Aus dem Schatten der Dunkelheit trat der Heiler der K\u00f6nigin. Sofort erhob sich Mina und sah leicht besch\u00e4mt zu Boden. Zum Gl\u00fcck konnte keiner erkennen, das ihr die Farbe ins Gesicht gestiegen war.\u201eVerzeiht mir Mylady, ich glaube wir sind uns noch nicht vorgestellt geworden. Ich bin Granius und der Hofheiler ihrer Majest\u00e4t K\u00f6nigin Kendra.\u201c \u201eIch bin erfreut, eure Bekanntschaft zu machen. Ich hei\u00dfe Minako Yamaguchi. Und ich bin wohl nicht ganz unschuldig hieran.\u201c\u201eNa na, ich mache Ihnen keinen Vorwurf, junge Dame. Aber unser junger Prinz hier, sollte es wohl wirklich besser wissen. Wie ich sehe habt ihr eure Rechnung f\u00fcr diesen vorschnellen Ausflug bereits davon getragen\u201c, sagte Granius und deutete mit einem Nicken auf den dunklen Fleck am Unterbauch des Prinzen.\u201eIhr habt ja Recht, es war eine \u00e4u\u00dferst d\u00e4mliche Idee. Aber mir blieb in jenem Moment nichts anderes \u00fcbrig. Diese Angelegenheit bedurfte keinerlei Aufschiebung mehr\u201c, schuldbewusst aber grinsend sah Kameo zu Granius hinauf.\u201eNa wenn das so ist. Ich hoffe ihr habt eure Angelegenheiten regeln k\u00f6nnen. Denn es wird Zeit f\u00fcr euch, wieder das Bett zu h\u00fcten\u201c, entgegnete Granius \u0001 \u0002 st\u00fctzte sich auf den Heiler und die Herzogin, bis sie wieder in der H\u00fctte der K\u00f6nigin waren und er sich auf die Decken nieder lie\u00df. Seine Wunde war zum Gl\u00fcck nicht wieder aufgegangen und auch seine Beine gehorchten ihm fast wieder vollst\u00e4ndig. Granius verabschiedete sich kurz darauf und kehrte in seine eigene Unterkunft zur\u00fcck. Mina blieb bei ihrem Prinzen, gl\u00fccklich dar\u00fcber, dass zwischen ihnen nun alles ausgesprochen war. Bis zum Morgengrauen waren es kaum mehr als drei Stunden, als sie beide endlich \u0001 \u0002 nach dem Morgengrauen erwachte das junge Paar wieder. Vor der H\u00fctte herrschte emsiges Treiben. Kameo richtete sich auf, um besser nach drau\u00dfen sehen zu k\u00f6nnen. Einige der Zelte vor der H\u00fctte wurden zur Seite geschafft. Und auch die Lagerfeuerstellen waren allesamt begradigt worden. Hauptmann Yorick rief den Rittern eifrig Befehle zu und versammelte sie allm\u00e4hlich auf dem geradewegs entstandenen \u0001 \u0002 schwang Kameo die Beine aus dem Bett, zog sich seine Stiefel wieder an und stand auf. Seine Beine gehorchten ihm endlich wieder vollends und er schwankte auch nicht mehr hin und her. Auf dem Weg nach drau\u00dfen sammelte er seine Habseligkeiten auf, darunter seine Schwerter und seine zerrissene Lederr\u00fcstung. Prinz Kameo band seine Schwerter an seinem G\u00fcrtel fest, dann streifte er den Fetzen Leder \u0001 \u0002 er den provisorischen \u00dcbungsplatz erreicht hatte, verbeugten sich kurzerhand s\u00e4mtliche versammelten Ritter vor ihm.\u201eMylord, es scheint Euch besser zu gehen. Ich bin erfreut Euch wohl auf zu sehen\u201c, begr\u00fc\u00dfte ihn der Hauptmann.\u201eBesten Dank. Was habt Ihr vor, Hauptmann Yorick\u201c, wollte Kameo wissen?\u201eWir wollten die Zeit bis zur R\u00fcckkehr unserer Leute nutzen und f\u00fcr die unvermeidlich anstehende Schlacht trainieren\u201c, antwortete Yorick ihm.\u201eW\u00fcrde es Euch etwas ausmachen, mich daran teilhaben zu lassen?\u201c\u201eKeinesfalls, Sir. Solange Eure Verwundung dies zul\u00e4sst.\u201cUm Kameos Lippen spielte ein kurzes L\u00e4cheln, dann fragte er den Hauptmann nach einem geeigneten Schwert. Seine eigenen Schwerter legte er an der Seite ab.\u201eWer m\u00f6chte es denn nun gerne mit seiner Hoheit aufnehmen?\u201c Pr\u00fcfend sah Yorick in die Runde.\u201eIch werde es tun\u201c, drang eine Frauenstimme aus der hintersten Reihe nach vorn. Durch die versammelten Ritter ging ein Raunen und der Hauptmann lachte lautstark los. \u201eVerzeiht mir, junge Dame, aber dies ist wohl nicht die richtige Besch\u00e4ftigung f\u00fcr eine so zierliche Person wie Euch!\u201cKameo dagegen ging auf die Mitte des Platzes zu, dabei winkte er die Herzogin zu sich. \u201eReicht der Dame ein ordentliches Schwert! Man sollte sie niemals untersch\u00e4tzen!\u201c... ... ...",
            "wordcount": "985",
            "chapter_release": "23.02.2019",
            "chapter_number": "8"
        }
    },
    "title": "Eternal Dreams",
    "topic": "unspecified",
    "release": "\n14.03.2017\n\t\t\t\t\t\t",
    "author": "Lady Misa"
}