{
    "tags": [],
    "chapcount": "15",
    "wordcount": "13.670",
    "chapters": {
        "1": {
            "text": "Ich sage gleich vorweg schonmal, dass dieses Kapitel etwas grober geschrieben ist, als ich es f\u00fcr sp\u00e4ter vorhabe, weil es nur die Entstehung der Situation erkl\u00e4ren soll usw. Und es ist meine erste Geschichte, also muss mich erstmal ein wenig ausprobieren :)\"Schatz! Hast du auch alles?\", t\u00f6nte die aufgeregte Stimme meiner Mutter gef\u00fchlt \u00fcber den ganzen Flughafen von K\u00f6ln. Ich verdrehte die Augen: \"Mum... wir sind alles so oft durchgegangen. Ich habe nichts vergessen! Und wenn doch, kann ich es nachkaufen. Du vegisst mal wieder, dass ich 18 Jahre alt bin.\" Sie l\u00e4chelte: \"Wei\u00df ich doch. Ich bin nur so aufgeregt!\" Nun l\u00e4chelte ich auch: \"Alles gut. Aber wenn ich nicht will, dass der Flieger ohne mich abhebt, sollte ich jetzt echt gehen...\" Ein letztes Mal tastete ich nach meinem Portmonnaie samt Ausweisen und Geld. Solange ich das dabei hatte, war alles gut. \"Komm her, Liz\" sagte meine Mutter und nahm mich in den Arm, \"ich werde dich so vermissen!\" \"Ich dich auch\", fl\u00fcsterte \u0001 \u0002 wir uns verabschiedet hatten, war nun endlich der Zeitpunkt gekommen, den ich schon seit so langer Zeit herbeigesehnt hatte: Ich sa\u00df im Flieger nach Australien, frei und voller Erwartungen, mit einem Kribbeln im Bauch, weil vor mir eine hoffentlich mega tolle Zeit lag. Ich lehnte mich zur\u00fcck und schloss die Augen. Da fiel mir ein, dass ich noch ein letztes Bild aus Deutschland posten wollte. Schnell machte ich einen Schnappschuss aus dem Flugzeugfenster und lud es auf Instagram hoch. #workandtravel #australia #letsgetstarted #happy... das sollte reichen. Im Handy-Display sah ich mich selbst l\u00e4cheln und wollte gerade noch ein Selfie machen, als das Flugzeug zu rollen begann und die Durchsage kam, man solle sich anschnallen. Das tollste am Fliegen ist f\u00fcr mich der Start, dieses Gef\u00fchl wie beim Achterbahnfahren, und dann das beste aller Gef\u00fchle, vom Boden abzuheben und zu fliegen. Bis wir die Wolken durchbrochen hatten klebte ich daher fast an der kleinen Fenstersheibe, um m\u00f6glichst viel zu sehen. Als das Land unter mir aussah wie auf einer Landkarte lehnte ich mich schlie\u00dflich zur\u00fcck und musste schonwieder l\u00e4cheln. \"Dein erster Flug?\", fragte mich mein Sitznachbar schmunzelnd. Bisher war ich so mit mir selbst besch\u00e4ftigt gewesen, dass ich nicht h\u00e4tte sagen k\u00f6nnen, wer neben mir sa\u00df. Es war ein Junge mit braunen Haaren, vielleicht etwas \u00e4lter als ich, aber nicht viel. Er sah wirklich gut aus, weshalb ich gleich nerv\u00f6s wurde: \"\u00c4h nein.. nein, aber ich finde es immer wieder aufregend\", sagte ich schnell und l\u00e4chelte unsicher. Er nickte mehrmals und sagte dann: \"Lass mich raten - work and travel? Die meisten machen ja ein Jahr, aber du siehst so aus wie ein total familienliebernder Mensch... 6 Monate?\" Verbl\u00fcfft stotterte ich \"Jja.. work and travel f\u00fcr 3 Monate, wie kommst du drauf?\" \"S\u00fc\u00dfe, schau dich um\", lachte er und zwinkerte mir zu, \"dieser ganze Flieger ist quasi voll von Leuten wie uns!\" Als ich mich nun zum ersten Mal wirklich im Flieger umsah, merkte ich dass er Recht hatte. \u00dcberall junge Leute, die wahrscheinlich auch ihren Abschluss in der Tasche hatten und das selbe vor wie ich. Gut, es war die richtige Jahreszeit daf\u00fcr und Australien war nunmal ein sehr beliebter Ort f\u00fcr einen Auslandsaufenthalt. Ich merkte, dass ich dem Jungen noch nicht geantwortet hatte. \"Hast Recht\", sagte ich schnell, \"f\u00e4llt mir jetzt erst auf.\" Ich war nicht sonderlich begeistert von dem Fakt, dass er mich S\u00fc\u00dfe genannt hatte, was ich generell von fremden Typen nicht angebracht fand, aber wahrscheinlich war es einfach seine Art. Er hatte breite Schultern und war braungebrannt, trug ein wei\u00dfes Shirt und eine Cap und wirkte nicht gerade sch\u00fcchtern. Der Flug verlief erstmal ganz normal, ich h\u00f6rte Musik, las ein wenig in meiner Zeitschrift, die ich mir am Flughafen noch schnell besorgt hatte. Mein Sitznachbar hie\u00df Rick, wie ich aus einem Gespr\u00e4ch dessen mit seinem anderen Sitznachbar und anscheinend guten Kumpel Basti, also wahrscheinlich Sebastian, entnehmen konnte. Irgendwann nickte ich ein, im Halbschlaf h\u00f6rte ich die beiden neben mir noch reden...\"Aufwachen, Miss!\" - \"Hey...du sollst aufwachen\"Ich schlug die Augen auf und blickte in die Gesichter einer zierlichen rothaarigen Stewardess und meines Sitznachbarn Rick. Verwirrt sah ich von einem zum anderen und strich mir schnell die Haare aus dem Gesicht. \"Bitte bleiben Sie angegurtet und aufrecht sitzen. Wir durchfliegen in wenigen Minuten Turbulenzen\", wies mich die Stewardess an und war auch schon in der n\u00e4chsten Reihe. Ich checkte schnell meinen Anschnallgurt und schaute mich etwas besorgt um. Rick (von dem ich ja den Namen offiziell noch nicht wusste aber eindeutig aus dem Gespr\u00e4ch entnommen hatte) traf meinen Blick. \"Meinst du da kann was passieren?\", fragte ich. Er winkte ab \"Ach was, das ist Routine. Bestimmt merken wir gleich gar nichts.\" Ich nickte und versuchte, cool zu bleiben. Genau in dem Moment machte das Flugzeug einen ungeheuren Ruck. Leute schrien auf, das Licht flackerte. Erschrocken atmete ich Luft ein, Panik machte sich breit. F\u00fcr einige Sekunden flogen wir ruhig weiter, dann noch ein Ruck. Pl\u00f6tzlich schien der Flieger komplett seinen Kurs zu verlieren, schwankte wild in der Luft umher und verlor offensichtlich an H\u00f6he. Das Licht war ausgefallen und es leuchteten nur noch die Notfallleuchten. \"Aufgrund eines Defekts m\u00fcssen wir Sie bitten, das Flugzeug zu verlassen. Bitte bewahren Sie Ruhe und befolgen Sie den Plan der Notausstiege. Ihre Schwimmwesten finden Sie unter Ihren Sitzen...\" Wie in Trance tat ich was mir gesagt wurde, ich musste gar nicht richtig zuh\u00f6ren, denn ich hatte mir so oft diese Anweisungen durchgelesen. Nat\u00fcrlich nie im Glauben, diese eines Tages tats\u00e4chlich gebrauchen zu m\u00fcssen. Es war \u00fcberraschend ruhig im Flieger, nur wenige hysterische Stimmen waren zu h\u00f6ren. Anscheinend nahmen die meisten Menschen den Ernst der Lage wahr und waren sich der Notwendigkeit bewusst, das zu tun, was jetzt bevorstand. Es gab keine \u0001 \u0002 erinnere mich schlecht an den genauen Ablauf, jedenfalls war ich irgendwann an der Reihe, \u00fcber den Fl\u00fcgel des Flugzeugs zu rutschen. Als ich vorne stand \u00fcberkam mich Panik. \"Ich kann nicht\", murmelte ich immer wieder, doch die Zeit dr\u00e4ngte. Ich wusste, wenn ich nicht machte, hielt ich alle anderen auf. Pl\u00f6tzlich bekam ich einen Schubs von hinten, zwar nicht stark, aber allein durch den Schreck verlie\u00df ich das Flugzeug. In dem Moment verlor ich das Bewusstsein.",
            "wordcount": "1.080",
            "chapter_release": "06.03.2017",
            "chapter_number": "1"
        },
        "10": {
            "text": "In dieser Nacht hatte ich schonwieder Alptr\u00e4ume, und nat\u00fcrlich handelten sie wieder von Flugzeugkatastrophen. Als ich irgendwann panisch hochschreckte weckte ich damit Rick, der neben mir lag. \"Alles klar?\", fl\u00fcsterte er. Ich erz\u00e4hlte ihm von meinem Alptraum und er nahm mich kurz in den Arm. Es f\u00fchlte sich an, als w\u00fcrden wir uns schon ewig kennen, und so ging es mir eigentlich auch mit Kaya oder Luisa. Wir waren auf eine Art zusammengewachsen, wie es in der \"normalen Welt\" nie stattfinden w\u00fcrde, vorallem nicht innerhalb von zwei \u0001 \u0002 die Sonne aufging, krochen wir aus unserer H\u00fctte ans Tageslicht und streckten die m\u00fcden Glieder. \"Ich brauch jetzt erstmal nen Kaffee!\", meinte Rick verschlafen, was uns alle zum Lachen brachte. Er hatte es so selbstverst\u00e4ndlich gesagt, als h\u00e4tte er vergessen, wo er war. Die allgemeine Stimmung war recht gut, allerdings kam so langsam der Hunger und wir hatten kaum noch Obst da... also setzten wir uns kurz zusammen und beschlossen, das die Bewohner von H\u00fctte 1 und 2 heute f\u00fcr das Besorgen von Essen und Trinken zust\u00e4ndig waren. Die Kinder sollten allerdings nicht mit in den Wald gehen, nachdem wir gesehen hatten, was mit Hannah passiert war. Diese konnte auch nicht mitgehen, also blieben nur noch Lukas, Martin und Sybille. \"Ich werde zur Verst\u00e4rkung mitkommen\", beschloss Luisa, und so zogen sie zu viert \u0001 \u0002 wir warteten, fiel mir auf, dass ich dringend eine Dusche gebraucht h\u00e4tte und den anderen ging es wohl genauso... ich bekam mit, dass die M\u00e4dels aus H\u00fctte 5 vorhatten, eine Runde im Meer zu schwimmen und auch Will, Anton und Levi sich anschlie\u00dfen wollten. Ich besprach mich kurz mit Kaya und Rick, die auch sagten, sie w\u00fcrden gerne mitkommen. Keno war gerade irgendwohin \u0001 \u0002 geschah es, dass wir zu neunt Richtung Meer liefen und uns eine sch\u00f6ne Stelle aussuchten. Als wir so da standen fiel mir auf, dass ja keiner von uns Badekleidung dabei hatte! W\u00e4hrend ich noch \u00fcberlegte, ob ich einfach mit meinen Sachen reingehen sollte, warfen Cecilia, Alisar und Brenda schon ihre Kleidung auf den Boden und liefen kichernd in Unterw\u00e4sche ins Wasser. Verdattert blickte ich ihnen hinterher. Rick neben mir pfiff anerkennend durch die Z\u00e4hne, was ihm einen entnervten Blick von Kaya und mir einbrachte. Das schien ihn jedoch wenig zu st\u00f6ren und schon hatte er sich auch bis auf die Boxershorts ausgezogen und rannte den M\u00e4dels grinsend \u0001 \u0002 f\u00fchlte mich ein wenig unwohl, neben all den Barbies in Unterw\u00e4sche rumzulaufen, doch es war das einzig sinnvolle. Als Kaya und ich uns auch gerade ausziehen wollten, kam pl\u00f6tzlich Keno w\u00fctend angerannt und schrie Kaya in einer anderen Sprache an. Ich verstand zwar nicht die Worte, doch an seinen Gesten konnte ich erkennen, dass er nicht wollte, dass andere Jungs sie in Unterw\u00e4sche sahen. Nach kurzer Diskussion schleppte er sie mit zur\u00fcck ins Lager. \"Soll ich mitkommen?\", rief ich ihnen hinterher, doch Kaya sch\u00fcttelte den Kopf und sagte angespannt, dass m\u00fcssten sie kurz alleine kl\u00e4ren. Ich legte meine Kleidung ab und beeilte mich dann, schnell ins Wasser zu kommen. Rick hatte augenscheinlich gro\u00dfen Spa\u00df mit den drei M\u00e4dels... Ich schwamm in ihre Richtung und nahm mir vor, nicht vorschnell \u00fcber sie zu urteilen, vielleicht waren sie ja ganz cool drauf. Einen Moment lang war alles gut, doch dann begann Cecilia, ihren BH auszuziehen! Zwar unter Wasser, aber im Beisein von Rick, der immer gr\u00f6\u00dfere Augen bekam. \"Was machst du da?\", fragte ich erschrocken. \"Mich waschen, wonach siehts denn aus?\", l\u00e4chelte sie mich s\u00fc\u00dflich an. Im Prinzip war es mir ja egal was sie machte, aber es ging mir auf den Keks, dass sie Rick damit in ihren Bann zog, der gar nicht mehr wegschauen konnte und sich total dumm benahm. \"Sei doch nicht so pr\u00fcde\", kicherte sie, wof\u00fcr sie bewundernde Blicke von Rick erntete. Da reichte es mir und ich schwamm davon. \"Mach doch was du willst\", murmelte ich genervt vor mich hin. Ich beschloss, noch ein wenig hin und her zu schwimmen, weil das Wasser gerade so sch\u00f6n war und verlor mich in meinen Gedanken. Gerade wirkte alles so, wie ein Urlaub am Strand, doch so war es nicht... Ich wollte meine Angeh\u00f6rigen so gerne wissen lassen, dass es mir gut ging, sie machten sich bestimmt schreckliche Sorgen, aber ich konnte nichts tun. Ich bemerkte, dass die anderen sich schon wieder anzogen, also machte ich mich auch auf den Weg zum Ufer. Dort angekommen sch\u00fcttelte ich mir kurz das Wasser aus den Haaren und wollte dann schnell wieder in meine Kleidung schl\u00fcpfen, doch - da lag nichts mehr! Peinlich ber\u00fchrt bedeckte ich mich mit meinen Armen und sah mich verwirrt um. Wo waren meine Sachen? Da wurde es mir schlagartig bewusst! Cecilia!!!\"Gib mir sofort meine Sachen wieder!\", rief ich ihr w\u00fctend hinterher, doch sie lachte nur h\u00f6hnisch und meinte, die m\u00fcsste ich schon selbst wieder finden. Sie wusste ganz genau, dass es mir unangenehm war, hier in Unterw\u00e4sche zu stehen! Mit rotem Kopf machte ich mich daran, meine Kleidung zu suchen, doch ich konnte sie nicht finden. Gerade als ich \u00fcberlegte, einfach zur\u00fcck ins Meer zu gehen, h\u00f6rte ich eine Stimme hinter mir. \"Suchst du das hier?\" Es war Anton, neben ihm stand Levi. Beide sahen mich belustigt an, als ich ein danke murmelnd meine Sachen schnappte und sie mir so schnell es ging anzog. \"War doch halb so schlimm!\", tr\u00f6stete mich Anton lachend. Ich f\u00fchlte mich nunmal nicht so wohl in Unterw\u00e4sche, wenn alle anderen M\u00e4dels eine Bombenfigur hatten und man von allen angeschaut wurde! \"Nein ernsthaft, wir sind nunmal in einer Extremsituation und solange wir keinen FKK-Zwang haben ist doch alles gut. Bei einem Bikini sieht man auch nicht weniger\", schmunzelte er. Ich wusste dass er Recht hatte, aber trotzdem fand ich es nicht lustig, was Cecilia gemacht hatte. Mit der w\u00fcrde ich noch ein W\u00f6rtchen reden!",
            "wordcount": "996",
            "chapter_release": "17.03.2017",
            "chapter_number": "10"
        },
        "11": {
            "text": "Nachdem Cecilia mir diesen gemeinen Streich gespielt hatte, lie\u00df sie sich erstmal nicht mehr blicken. Als die Gruppe aus dem Wald zur\u00fcckkehrte und es \"Fr\u00fchst\u00fcck\" gab, traf ich schlie\u00dflich doch wieder auf sie. Mit finsterer Miene lief ich ihr entgegen und fragte sie, ob wir kurz reden k\u00f6nnten. Sie verdrehte allerdings nur die Augen und fragte mit gespieltem Erstaunen, ob ich ihr etwa immernoch den kleinen Spa\u00df von vorhin \u00fcbel nahm.\"Kleiner Spa\u00df? Was nimmst du dir eigentlich raus! Fass bitte nie wieder meine Sachen an oder...\" \"Oder was?\", fragte sie gelangweilt, w\u00e4hrend sich Alisar und Brenda hinter ihr aufbauten. Ich hatte nat\u00fcrlich niemanden zur Verst\u00e4rkung, Kaya war nicht da und Rick verfolgte unser Gespr\u00e4ch zwar, aber wollte sich wohl auf keine Seite stellen. \"Lass solche Sp\u00e4\u00dfe in Zukunft einfach sein\", sagte ich genervt und lie\u00df die drei M\u00e4dels stehen. Ich verstand nicht, wieso sie mir das Leben schwermachen mussten, obwohl wir sowieso schon in einer schwierigen Lage waren! Rick kam hinter mir her, doch auf ihn war ich auch ein wenig sauer, weil er sich so von der Sch\u00f6nheit der drei Ziegen blenden lie\u00df. \"Was willst du?\", blaffte ich ihn an. \"Hey, sei doch nicht so.\" Er hatte M\u00fche, mit mir Schritt zu halten. \"Ich fand es doch auch bl\u00f6d von ihr...\" Ich blieb stehen. \"Ach ja?! Sah aber nicht so aus!\" Da kam zum Gl\u00fcck Kaya und schaffte es mit ihrer diplomatischen Art, uns beide zu beruhigen. \"Cecilia ist es nicht Wert, dass du dich \u00fcber sie aufregst, Liz\", meinte sie zu mir. Eigentlich hatte sie Recht, aber es nervte mich trotzdem. Wieso mussten solche Zicken dabei sein, wenn man auf einer einsamen Insel festsa\u00df?!Ich sagte den anderen, ich w\u00fcrde mich kurz ausruhen und zog mich in unsere H\u00fctte zur\u00fcck. Es kreiste durch meinen Kopf, wie sehr es mich gest\u00f6rt hatte, dass Rick die M\u00e4dels so toll fand... was war los mit mir? Eigentlich k\u00f6nnte es mir doch ganz egal sein. Oder besser gesagt es sollte mir ganz egal sein! Aber wieso war es das nicht? \"Das kannst du jetzt gar nicht gebrauchen\", sagte ich leise zu mir selbst. Au\u00dferdem gab es da noch Will... Nach einer Weile kam Kaya zu mir und fragte, ob alles klar war. Ich nickte \u00fcberschw\u00e4nglich und folgte ihr nach drau\u00dfen, weil Luisa eine Versammlung einberufen \u0001 \u0002 ich sah, wieso sie uns gerufen hatte, war ich sehr \u00fcberrascht: Neben Luisa stand das M\u00e4dchen von damals vom Strand, das ich hatte holen sollen. Neben ihr ein Junge, der ebenfalls mit in den Wald gegangen war. Verwundert \u00fcberlegte ich, wo die restlichen 3 abgeblieben waren - vielleicht schon in Sicherheit und sie kamen nun, um uns auch abzuholen? Doch meine Hoffnungen wurden nicht erf\u00fcllt. Luisa bat das M\u00e4dchen, doch bitte am besten selbst zu erz\u00e4hlen, was passiert war. Sie atmete ein paar Mal tief ein und aus, was mich schon ahnen lie\u00df, dass keine sch\u00f6ne Geschichte folgen w\u00fcrde. Was sie dann erz\u00e4hlte, schockte uns alle:\"Ich hei\u00dfe Milena und bin mit Oliver und 3 anderen am Tag unserer Ankunft in den Wald gegangen, weil wir dachten, wir w\u00fcrden bestimmt bald in eine Stadt kommen\" Viele von uns senkten den Blick, da wir nun wussten, es gab auf der ganzen Insel keine Stadt. \"Wir sind bis es dunkel wurde gelaufen, dann haben wir uns schlafen gelegt. Wir haben nicht daran gedacht, dass einer h\u00e4tte wach bleiben m\u00fcssen.\" Tr\u00e4nen stiegen ihr in die Augen. \"Ich bin davon aufgewacht, dass ich die anderen schreien h\u00f6rte und sah ein schreckliches Raubtier, was gerade Josie angriff. Es war dunkel und wir hatten nichts, um uns zu wehren, also blieb uns nichts \u00fcbrig, au\u00dfer wegzulaufen. Josie und die anderen - schafften es nicht... Wir beide konnten uns in letzter Sekunde auf einen Baum retten, wo wir dann die ganze Nacht verbrachten. Als die Sonne aufging, sind wir so schnell wie m\u00f6glich wieder aus dem Wald raus gelaufen.\"Fassungslos sahen wir die beiden an. Keiner hatte geahnt, dass die riesige Ratte, die Hannah angegriffen hatte, im Gegensatz zu anderen Bewohnern dieses Waldes noch harmlos war! Luisa sagte den beiden, sie k\u00f6nnten ab jetzt mit Hannah und Lukas die H\u00fctte teilen und sich dort erstmal erholen. Nachdem die beiden sich dorthin begeben hatten, kam das Gespr\u00e4ch auf Tabea und ihre Gruppe. Einige meinten, wir sollten sie suchen und zur\u00fcckholen, bevor ihnen \u00c4hnliches zustie\u00df. Doch wir beschlossen, hier zu bleiben, da wir keine Ahnung hatten wo sie waren und wir uns vielleicht unn\u00f6tig selbst in Gefahr begeben w\u00fcrden. Sie wussten ja, wo wir waren, und k\u00f6nnten gegebenenfalls \u0001 \u0002 weitere nennenswerte Ereignisse wurde es Abend und ich war froh, mich endlich schlafen legen zu k\u00f6nnen. Es war wieder viel passiert und ich war sehr ersch\u00f6pft. Komisch, dachte ich noch, es f\u00fchlt sich an, als w\u00e4re ich schon ewig hier und w\u00fcrde alle schon lange Zeit kennen. Dabei war es erst der dritte Abend...Der n\u00e4chste Morgen kam und da wir uns geeinigt hatten, dass immer abwechselnd die Bewohner von zwei H\u00fctten Essen besorgen sollten, waren wir heute dran. Gemeinsam mit Anton, Levi und Will, die auch schon bereit standen. \"Sollen wir?\", fragte Rick und wir murmelten ein ja. Z\u00f6gerlich liefen wir Richtung Wald - keiner von uns hatte ein gutes Gef\u00fchl, nachdem Milena uns ihre Geschichte erz\u00e4hlt hatte. Am Waldrand blieben wir kurz stehen und besprachen uns. Will und Levi waren am ersten Tag schon dabeigewesen und wussten daher Bescheid, wie wir zum See kamen und wo man Fr\u00fcchte fand. \"Ich schlage vor, ich gehe mit Kaya und Rick Wasser holen, w\u00e4hrend ihr anderen Obst sammelt?\", sagte Levi. Damit w\u00e4re ich Will, Anton und Keno zugeteilt gewesen, was mir Recht war. Will runzelte allerdings die Stirn: \"Ich glaub nicht, dass sie das hinkriegt.\", sagte er, w\u00e4hrend er auf mich deutete. Verwirrt sah ich ihn an. \"Ernsthaft Levi, schau sie an. Sie kann auf keinen Baum klettern.\" Ich sp\u00fcrte viele Blicke auf mir und f\u00fchlte mich \u00e4u\u00dferst unwohl. Was sollte das denn? Will war so nett zu mir gewesen, er hatte mich getr\u00f6stet als ich weinend am Strand sa\u00df und jetzt DAS! Es f\u00fchlte sich an wie ein Schlag in die Magengrube, dass er mich anscheinend nicht dabei haben wollte und mich vor allen blo\u00dfstellte. Auch noch er! Anscheinend hatte ich mich sehr in ihm \u0001 \u0002 meinte schlie\u00dflich, dann sollte ich mit Wasser holen kommen, und wir setzten uns in Bewegung. Den ganzen Weg lang dachte ich dar\u00fcber nach, ob ich wirklich so schwach aussah. Was hatte Will damit bezwecken wollen? Wollte er mich fertig machen? Ich entschied, dass er einfach nur ziemlich bl\u00f6d war und ich mich in Zukunft von ihm fern halten w\u00fcrde, auch wenn mir der Gedanke wehtat. Nach vielleicht 5 Minuten erreichten wir auch schon den See, der friedlich zwischen den B\u00e4umen und Str\u00e4uchern lag. Von einem kleinen Wasserfall rieselte Wasser auf die klare Oberfl\u00e4che des Sees hinab und wir blieben kurz stehen, um die Idylle dieses sch\u00f6nen Orts zu genie\u00dfen. Levi sagte, wir sollten die Flaschen f\u00fcllen gehen, w\u00e4hrend er sich umsah. Es war zwar heller Tag, aber man wusste ja nie... Mit ungutem Gef\u00fchl machte ich mich an die Arbeit, und mit der Zeit beruhigte ich mich mehr und mehr. Keine Ratten, keine Raubtiere und Levi hatte auch nichts Besorgniserregendes entdeckt. Ich kniete gerade am Ufer und schraubte die letzte Flasche zu, da h\u00f6rte ich Levi jedoch rufen: \"Liz! Achtung!!! Nicht bewegen!\" Doch durch seine Stimme hatte ich mich so erschreckt, dass ich automatisch herumfuhr und panisch die Umgbung absuchte. Wovor hatte er mich warnen wollen? Pl\u00f6tzlich sp\u00fcrte ich einen starken Schmerz in meiner Wade, so stark, dass ich aufschrie. Ich tastete nach meinem Bein und da sah ich sie: Eine kleine gr\u00fcne Schlange! Mittlerweile war Levi bei mir angekommen und zerrte mich weg von der Schlange, die sich jetzt ins Geb\u00fcsch zur\u00fcckzog. \"Zeig mal her, tut es sehr weh?\", fragte er alarmiert. Ich biss die Z\u00e4hne zusammen und nickte. Ein h\u00f6llischer Schmerz breitete sich mehr und mehr in meinem Bein aus. \"Es - es f\u00fchlt sich - taub an!\", presste ich panisch hervor. Es war, als h\u00e4tte ich kein Gef\u00fchl mehr an der Stelle, wo sie mich gebissen hatte. Auch Kaya und Rick waren nun bei mir und blickten mich erschrocken an. \"Ich werde es aussaugen\", meinte Levi und versuchte, das Gift soweit es ging aus meinem Bein zu saugen, doch viel kam dabei nicht rum. Das Taubheitsgef\u00fchl hatte sich schon \u00fcber den ganzen Unterschenkel ausgebreitet. \"Wir m\u00fcssen sofort zur\u00fcck\", sagte Kaya. \"Vielleicht wei\u00df Luisa, was wir tun m\u00fcssen.\" Das war auch die Hoffnung der anderen und so nahm Rick mich kurzerhand in seine Arme, weil ich nicht mehr richtig auftreten konnte, und so liefen wir so schnell es ging Richtung Lager. Unterwegs stie\u00dfen die anderen zu \u0001 \u0002 wir wenig sp\u00e4ter im Lager angekommen waren, brachte Rick mich auf direktem Weg zu Luisa. Er erz\u00e4hlte knapp, was passiert war, woraufhin sie mein Bein betrachtete. Sie ber\u00fchrte vorsichtig meine Wade, doch es tat nicht weh. Ich sp\u00fcrte nichts, und das war noch viel schlimmer. \"Holt Sybille, sie ist Krankenschwester!\", sagte sie zu Kaya und Rick. Ich versuchte, nicht zu weinen, doch ich stellte mir die Frage, wie mir jetzt noch jemand helfen sollte. Wir hatten keine Medikamente. Vielleicht w\u00fcrde ich das Bein nie wieder benutzen \u0001 \u0002 kam und untersuchte mein Bein vorsichtig mit den H\u00e4nden. \"Ich habe soetwas noch nie gesehen\", fl\u00fcsterte sie vor sich hin. Schlie\u00dflich meinte sie, wir k\u00f6nnten nicht viel ausrichten, au\u00dfer dass ich viel trinken und mich wenig bewegen sollte. Vielleicht w\u00fcrde es von alleine wieder abklingen. Das klang nicht sehr hoffnungsvoll und ich war mit den Nerven am Ende, als die anderen mich schlie\u00dflich in unsere H\u00fctte brachten und dort vorsichtig ablegten. Ich sagte, ich wollte am liebsten allein sein, also respektierten sie meinen Wunsch und gingen nach drau\u00dfen. Eine ganze Weile liefen mir die Tr\u00e4nen \u00fcbers Gesicht. W\u00e4ren wir nicht hier gefangen, w\u00e4re ich ein Krankenhaus gekommen und h\u00e4tte Hilfe bekommen. So war ich meinem Schicksal restlos ausgeliefert...--------------------------------------------------------------------------------Es steckt mal wieder sehr viel M\u00fche drin und ich w\u00fcrde mich \u00fcber Reviews echt freuen :) ich habe es etwas l\u00e4nger gemacht, weil ich gerade sowieso mit dicker Backe zuhause sitze (Weisheitsz\u00e4hne raus...), hoffe es hat euch gefallen :)",
            "wordcount": "1.744",
            "chapter_release": "18.03.2017",
            "chapter_number": "11"
        },
        "12": {
            "text": "Es f\u00fchlte sich an, als w\u00fcrde die Zeit nur qu\u00e4lend langsam vergehen, w\u00e4hrend ich in unserer H\u00fctte lag und alle paar Minuten mein taubes Bein betastete. Zur Mittagszeit kamen Luisa und Sybille nach mir schauen, dann brachte Kaya mir etwas zu essen, was ich dankbar entgegen nahm. Verwundert blickte ich auf die r\u00f6tiche Knolle in meiner Hand, die von au\u00dfen an manchen Stellen etwas verkohlt war. \"Wo kommt das denn her?\" \"Oh, wir mussten nochmal in den Wald weil das Obst nicht gereicht hat. So langsam ging uns das aber auch auf den Keks, also haben wir uns genauer umgesehen und dann das hier gefunden... und ein wenig \u00fcber der Flamme ger\u00f6stet. Es ist etwas verbrannt, sorry\", sagte sie und schaute mich so schuldbewusst an, dass ich ein bisschen lachen musste. \"Danke, endlich mal was anderes!\", meinte ich begeistert und es schmeckte wirklich gar nicht so schlecht. Etwas sp\u00e4ter kam Levi nach mir schauen, was ich sehr nett von ihm fand. \"Es tut mir so leid, dass ich dich nicht rechtzeitig warnen konnte\" sagte er zerknirscht. Ich versicherte ihm, dass er keine Schuld daran trug und durch sein Aussaugen vielleicht noch schlimmeres verhindert hatte, woraufhin er betr\u00fcbt nickte. \"Gib die Hoffnung nicht auf. Du schaffst das schon!\", sagte er und dr\u00fcckte meine Hand. Bevor er die H\u00fctte verlie\u00df drehte er sich noch einmal um und sagte z\u00f6gerlich: \"Ahm... Will l\u00e4sst fragen, ob er kommen darf. Er w\u00fcrde dich gern sehen.\" Ich nickte ergeben obwohl ich eigentlich keine Lust auf ihn hatte, nachdem er mich vorhin so bl\u00f6d behandelt hatte. Aber es interessierte mich, was er zu sagen hatte. W\u00fcrde er jetzt wieder einen auf Nett machen?Keine zwei Minuten sp\u00e4ter war er auch schon da. \"Wie geht es dir?\", fragte er und sah dabei ehrlich besorgt aus, sodass ich es nicht schaffte, ihm eine schnippische Antwort zu geben, wie ich es mir in Gedanken ausgemalt hatte. \"Es geht schon\", sagte ich, bem\u00fcht stark zu bleiben und nicht schon wieder vor ihm loszuheulen. Er w\u00fcrde mich sonst endg\u00fcltig als kleines M\u00e4dchen abstempeln... Er ging neben mir in die Hocke und schwieg scheinbar gedankenverloren, den Blick starr auf mein Bein gerichtet. \"Ich bin Schuld\", murmelte er nach einer Weile. Obwohl ich ihn verstanden hatte fragte ich \"Was?\", einfach weil ich nicht wusste, was er damit meinte. Er hob langsam den Kopf und blickte mich direkt an: \"Ich bin Schuld daran!\" rief er nun viel zu laut. Ich sah den Schmerz in seinen Augen, wie ich ihn auch schon damals am Strand gesehen hatte. Gerade als ich etwas sagen wollte, kamen die Worte pl\u00f6tzlich wie ein Wasserfall aus seinem Mund: \"Du solltest mit uns gehen, aber ich habe gesagt du kannst das nicht. W\u00e4rst du bei uns gewesen, w\u00e4re das nicht passiert - du w\u00fcrdest jetzt nicht hier liegen.\" Ich sah seine geballten F\u00e4uste und pl\u00f6tzlich tat er mir unglaublich Leid: \"Sag das nicht! Wer wei\u00df denn schon was dann passiert w\u00e4re... vielleicht gar nichts, vielleicht aber auch schlimmeres. Du bist nicht Schuld! Aber trotzdem versteh ich nicht, wieso ich nicht mit euch gehen durfte.\" Diese Antwort sollte er mir schuldig bleiben, denn in dem Moment kam Rick hereingestolpert, eine Flasche Wasser in der Hand. Als er uns beide sah, Will dicht neben mir sitzend, zog er wohl falsche Schl\u00fcsse, denn er machte gleich wieder kehrt und verschwand ohne ein Wort. Ich brauchte einen Moment, um zu realisieren, was gerade passiert war. Ich wollte nicht, dass Rick dachte, zwischen uns w\u00e4re irgendwas! \"Kannst du ihn zur\u00fcckholen?\" bat ich Will eilig. Der nickte verwirrt und ging wortlos nach \u0001 \u0002 Rick kam nicht. Ich wartete bis zum Abend, doch selbst als die anderen sich schon langsam schlafen legten, tauchte er nicht auf. \"Warum kommt Rick nicht?\", fragte ich Kaya schlie\u00dflich. Die verdrehte die Augen und erkl\u00e4rte mir, er sei noch mit ABC unterwegs. Ich runzelte die Stirn und fragte, was das hei\u00dfen sollte, da mussten Kaya und Keno beide laut lachen. \"ABC-Alarm sag ich gerne\", schmunzelte Keno, \"dabei steht das A f\u00fcr Alisar, B f\u00fcr Brenda und C f\u00fcr Cecilia.\" Endlich verstand ich, wovon sie redeten, und musste auch ein bisschen grinsen. Wenigstens war ich nicht die einzige, denen die drei auf die Nerven \u0001 \u0002 sp\u00e4ter, als die anderen schon l\u00e4ngst schliefen, lag ich immernoch wach und drehte mich unruhig von Seite zu Seite. Wieso war Rick schon wieder mit den M\u00e4dels unterwegs und was machten sie so sp\u00e4t noch? Ich wollte unbedingt mit ihm reden und war sauer, dass er nicht gekommen war, obwohl er wusste, dass ich nicht laufen konnte. Wie w\u00fcrde es mit meinem Bein weitergehen? Und vorallem: Wann kam der Tag, an dem wir gerettet w\u00fcrden? Irgendwann fiel ich endlich in einen traumlosen Schlaf und erwachte erst wieder, als die Morgensonne durch die Ritzen unseres Dachs auf mein Gesicht \u0001 \u0002 fasste ich an mein Bein und - es war viel besser! Erleichtert setzte ich meine Untersuchung fort: Die R\u00f6tung war stark zur\u00fcckgegangen und auch das Taubheitsgef\u00fchl gr\u00f6\u00dftenteils verschwunden. Ich entschied, Sybille das nocheinmal anschauen zu lassen und ging, ein wenig humpelnd, zu ihrer H\u00fctte hin\u00fcber. Gl\u00fccklicherweise war sie auch schon wach und hatte gleich Zeit f\u00fcr mich. \"Das sieht gut aus\", meinte sie optimistisch, \"wie f\u00fchlst du dich denn?\" Ich f\u00fchlte mich erstaunlich fit. Nachdem sie noch meinen Puls kontrolliert hatte, war sie zufrieden und erkl\u00e4rte mir: \"Anscheinend hattest du sowas wie eine allergische Reaktion, aber das Gift an sich scheint verh\u00e4ltnism\u00e4\u00dfig harmlos zu sein. Mit etwas Gl\u00fcck hat sich morgen schon alles normalisiert. Wenn was ist, komm aber gerne nochmal zu mir.\"Erleichtert lief ich r\u00fcber zum Feuerplatz und setzte mich. Ein Paar von den Knollen lagen noch da, au\u00dferdem etwas Obst und diverse Sprossen und Kr\u00e4uter. \"Na hoffentlich ist das essbar\", murmelte ich vor mich hin, w\u00e4hrend ich das Gr\u00fcnzeug begutachtete. Es roch aber irgendwie vertraut, und auch wenn ich nicht auf den Namen kam hatte ich das schonmal gegessen. Nicht in der Form, versteht sich. Als ich gerade \u00fcberlegte, was davon ich essen sollte, h\u00f6rte ich Schritte hinter mir und es war - Rick! Aber er war nicht alleine, Alisar hing an seinem Arm und kicherte hysterisch. Na toll, die konnte ich ja jetzt gar nicht gebrauchen. \"Morgen Liz, wie gehts dir?\", sagte er undschuldig wie ein L\u00e4mmchen und bestens gelaunt. \"Super, danke der Nachfrage!\", rief ich ihm zu w\u00e4hrend ich ihn scharf musterte. \"Ich dachte, ein bisschen mehr Ruhe t\u00e4te dir bestimmt gut, deshalb hab ich bei den M\u00e4dels geschlafen\", grinste er. Dass dir das Spa\u00df gemacht hat kann ich mir denken! \"Toll, so konnte ich wenigstens auch mal ein Auge zu tun! Hoffentlich hast du mit deinem Schnarchen nicht den Sch\u00f6nheitsschlaf der \"M\u00e4dels\" gest\u00f6rt\", rief ich ihm s\u00fc\u00dflich l\u00e4chelnd zu. Damit hatte er wohl nicht gerechnet, denn er hatte so schnell keine Antwort mehr parat. Alisar schnappte allerdings w\u00fctend nach Luft und sah mich entr\u00fcstet an, obwohl ich sie ja nichtmal hatte provozieren wollen. Warum waren die blo\u00df alle so anstrengend!",
            "wordcount": "1.209",
            "chapter_release": "20.03.2017",
            "chapter_number": "12"
        },
        "13": {
            "text": "Es war unser vierter angebrochener Tag auf der Insel. Wenn man nun an eine Zeitspanne von vier Tagen zuhause denkt, wird man nicht an gro\u00dfartige Ver\u00e4nderungen denken. Doch hier hatte sich enorm viel ver\u00e4ndert. Als wir hier strandeten, dachten wir nicht, dass wir eine ganze Weile bleiben w\u00fcrden. Wir hatten null Orientierung, waren geschockt, m\u00fcde, auf Hilfe angewiesen. Doch wir hatten keine Hilfe bekommen, deshalb mussten wir uns selbst helfen. Wir hatten ein provisorisches Heim, konnten uns zumindest eine Weile mit Nahrung \u00fcber Wasser halten und die Abl\u00e4ufe begannen schon, zur Routine zu werden. Wir arrangierten uns mit unserer Umgebung, gezwungenerma\u00dfen. Aber es \u0001 \u0002 raufte sich eben notwendigerweise als Gruppe zusammen. In der Schule hatten wir so oft l\u00e4cherliche Teamst\u00e4rkungs\u00fcbungen gemacht, die f\u00fcr ein besseres Lernklima sorgen sollten usw, doch es hatte nie ein wirkliches Gemeinschaftsgef\u00fchl gegeben - hier schon. Ich glaube, wir wussten alle, dass wir es alleine viel schwerer h\u00e4tten. Und aus den Geschehnissen der letzten Tage hatte ich mitgenommen, dass man in einer gro\u00dfen Gruppe sicherer war. Schon allein der Statistik wegen, aber auch, weil man Arbeitsteilung betreiben konnte und sich gemeinsam gegen m\u00f6gliche Gefahren verteidigen konnte. Es ist schwer zu beschreiben, wie es sich anf\u00fchlte, denn es war sicherlich nicht alles sch\u00f6n und gut und wir waren auch keine gro\u00dfe Familie oder sowas, da neben Symphathie auch an vielen Stellen Abneigung und Gereiztheit zu sp\u00fcren war. Doch durch unser gemeinsames Ziel - \u00fcberleben bis wir gerettet w\u00fcrden - hielten wir doch irgendwie \u0001 \u0002 Mittag unterhielt ich mich mit Kaya, die zu meiner engsten Vertrauensperson hier geworden war. Ich sprach sie schlie\u00dflich auch auf die Situation mit Rick an: \"Wei\u00dft du, eigentlich ist es so l\u00e4cherlich, weil dass wir hier sind schon ein gro\u00dfes Problem ist und das Theater mit Rick dagegen nichtig. Aber trotzdem regt es mich auf! Er spielt von Anfang an den treuen Freund, doch kaum schenken ABC (so nannten wir die M\u00e4dels jetzt immer) ihm Aufmerksamkeit, bin ich ihm egal. Dann kommt er mich gestern besuchen, aber rennt gleich wieder weg als er Will sieht... L\u00e4sst sich den ganzen Tag nicht mehr blicken und tut jetzt so, als w\u00e4re nichts. Warum?\" Ich schnippte eine Fliege von meinem Bein. \"Ich kann ihn noch nicht so ganz einsch\u00e4tzen, Liz, aber du solltest nicht zu viele Gedanken an ihn verschwenden.\", sagte Kaya ruhig. Ich strich gedankenverloren durch den Sand: \"Leicht gesagt. Ich kann es nicht haben, wenn man sich so merkw\u00fcrdig benimmt wie er.\" Ich \u00fcberlegte kurz: \"Wei\u00dft du was ich glaube? Dass ich nur so viel dr\u00fcber nachdenke, damit in meinem Kopf kein Platz f\u00fcr schlimmere Gedanken ist...\" Sie l\u00e4chelte mitf\u00fchlend: \"Das ist gar nicht mal so abwegig. Ich versuche auch, nicht st\u00e4ndig an zuhause zu denken. Ich glaube, es ist besser, wenn wir einfach nur von Tag zu Tag leben.\" Ich seufzte: \"Du hast sogar ein St\u00fcck Familie dabei... ich hab zwar keine Geschwister, aber kann mir vorstellen, dass es sch\u00f6n ist, nicht allein hier zu sein.\" \"Ja, es ist sch\u00f6n, aber du hast gesehen was f\u00fcr einen Aufstand Keno zum Beispiel am Strand gemacht hat... ich hab mich noch kein einziges Mal richtig waschen k\u00f6nnen! Aber das ist ihm egal. Hauptsache niemand sieht ein St\u00fcck Haut von mir zu viel!\", schnaubte sie. Mitf\u00fchlend sah ich sie an, sie wirkte ehrlich traurig. Wahrscheinlich stellte sich Keno oft \u00fcber ihren \u0001 \u0002 wir beide eine Weile schweigend da gesessen hatte, klatschte ich etwas \u00fcbermotiviert in die H\u00e4nde und sagte, ich w\u00fcsste, was wir jetzt tun w\u00fcrden. Wir k\u00f6nnten zum See laufen und dort baden, das w\u00fcrde Keno nicht mitbekommen und au\u00dferdem trocknete das S\u00fc\u00dfwasser nicht so schrecklich aus. Kaya z\u00f6gerte etwas und erinnerte mich an die Schlange vom Vortag, doch ich sagte, wir w\u00fcrden aufpassen. Sie wollte jedoch nicht ohne Luisas Segen gehen, also suchten wir sie und schilderten ihr unser Vorhaben. \"Ihr wisst selbst, dass es gef\u00e4hrlich werden kann\", mahnte sie uns, \"aber andererseits ist alles hier irgendwie potenziell gef\u00e4hrlich, weil wir uns nicht damit auskennen.\" Sie \u00fcberlegte kurz und bat uns dann, nicht zu zweit zu gehen, sondern noch ein oder zwei Leute mitzunehmen, das k\u00f6nnte nicht schaden. Wir sahen uns also nach Begleitung um und schlie\u00dflich schlossen sich Anton und Levi uns an. Als wir durch den Wald liefen, war ich besonders vorsichtig, wo ich hintrat, doch alles schien in bester Ordnung zu sein - keine Schlange zu sehen. Ein klein wenig humpelte ich noch, aber wir mussten sowieso langsam gehen, weil der Boden so unregelm\u00e4\u00dfig war. Am kleinen See angekommen verschlug es mir wieder kurz die Sprache, weil der Anblick so sch\u00f6n war - so unber\u00fchrt schimmerte das Wasser, auf dem sich die B\u00e4ume spiegelten. Levi bestand darauf, dass einer am Rand blieb und die Umgebung im Auge hatte, also wateten wir erst mit Anton vorsichtig in das angenehm k\u00fchle Wasser. \"Passt auf wo ihr hintretet\", warnte uns Anton, doch ich war ohnehin schon so vorsichtig wie m\u00f6glich gegangen. Eigentlich waren mir solche Gew\u00e4sser nicht ganz geheuer, aber man konnte sich dran gew\u00f6hnen... \"Ich glaub, hier gibts Fische\", rief Kaya begeistert und deutete vor sich ins Wasser. Anton hatte ihn auch gesehen und machte sich gleich daran, einen zu fangen, erwischte mit blo\u00dfen H\u00e4nden jedoch nichts. \"Kannst du mir mal einen Dreizack besorgen?\", rief er Levi grinsend zu. \"Ich f\u00fcrchte, nein\", lachte der, \"aber ein spitzer Stock k\u00f6nnte auch gehen.\" Einen Moment sp\u00e4ter jagte Anton mit seiner neuen Waffe den Fischen hinterher, die sich jedoch als sehr flink entpuppten. \"Lass mich mal!\", rief Levi, und da Kaya und ich sowieso genug gebadet hatten gingen wir nun an Land zur\u00fcck und Levi kam Anton zur Hilfe. Anscheinend war er geschickter mit dem Stock, denn nach einer Weile hatte er einen Treffer gelandet und brachte einen grau schimmernden Fisch ans Ufer. \"Wir holen noch mehr!\", rief er begeistert und schwamm gleich wieder zur\u00fcck. Kaya und ich hatten uns in unserer Unterw\u00e4sche auf dem Boden niedergelassen, um ein bisschen zu trocknen, bevor wir unsere Kleidung wieder anzogen. Ich stellte fest, dass ich es mittlerweile als normal empfand, so baden zu gehen, auch im Beisein der anderen. Es war einfach unproblematischer, es so zu machen, als alles andere gewesen w\u00e4re...Mit 4 Fischen (einen davon hatte tats\u00e4chlich Anton gefangen) in den H\u00e4nden machten wir uns schlie\u00dflich auf den R\u00fcckweg. Es herrschte so gute Stimmung, dass ich einen Moment lang alles verga\u00df, was mir Sorgen machte. Wir lachten viel und redeten \u00fcber dieses und jenes. Die beiden Jungs waren so nett! Vielleicht sollte ich mich in Zukunft lieber an die Leute hatten, die mir gute Laune machten, und nicht an die, die mich vor anderen blo\u00dfstellten und sich so widerspr\u00fcchlich verhielten, dass es mir Kopfzerbrechen bereitete.",
            "wordcount": "1.140",
            "chapter_release": "21.03.2017",
            "chapter_number": "13"
        },
        "14": {
            "text": "Es waren einige Tage auf der Insel vergangen, und als ich an jenem Morgen die Augen aufschlug, wusste ich nicht mehr zu sagen, der wievielte Tag gerade anbrach. \"Wie lange sind wir hier? Hast du mitgez\u00e4hlt?\", fragte ich Kaya, die auch schon wach war, nachdenklich. Sie \u00fcberlegte kurz und meinte dann: \"Ich glaube, Tag 9 bricht an.\" Doch Rick, der anscheinend auch zugeh\u00f6rt hatte, war anderer Meinung: \"Ach quatsch, heute ist der elfte Tag. Frauen und Mathe!\" Ich rollte anbetrachts dieses lahmen Spruchs nur gelangweilt mit den Augen, doch es machte mich unsicher, dass anscheinend das Zeitgef\u00fchl verloren ging. Es war schwierig, den \u00dcberblick zu behalten, da jeder Tag hier \u00e4hnlich ablief...Doch dieser Tag sollte mir in Erinnerung bleiben. Unsere Gruppe war an der Reihe mit Nahrungsbeschaffung, wie Luisa es immer so sch\u00f6n formulierte. Also standen wir z\u00fcgig auf und warteten auf Will, Levi und Anton, die ja immer mit uns gemeinsam eingeteilt waren. Schlie\u00dflich machten wir uns alle zusammen auf den Weg und besprachen die Einteilung f\u00fcr heute. Das Knollen ausgraben war die schwerere Arbeit und teilweise musste man auch Kletterk\u00fcnste beweisen, um an reifes Obst heranzukommen, daher favorisierte ich das Flaschen auff\u00fcllen, was verh\u00e4ltnism\u00e4\u00dfig einfach \u0001 \u0002 kam es, dass nur wir beiden M\u00e4dels Richtung See weitergingen und die Jungs das andere \u00fcbernahmen. Wir waren schnell fertig und setzten uns noch einen Moment ans Ufer, als pl\u00f6tzlich ein lauter Schrei durch den Wald ging. Sofort sprang ich auf und durch meine Gedanken rasten die verr\u00fccktesten Szenarios, was passiert sein k\u00f6nnte. Wir liefen so schnell es ging in die Richtung, aus der jetzt weitere Schreie folgten, und ich meinte, Ricks Stimme identifizieren zu k\u00f6nnen. Nach kurzer Suche hatten wir die anderen endlich erreicht und st\u00fcrzten panisch auf die kleine Lichtung, auf deren Mitte Rick sa\u00df und mit zuammengebissenen Z\u00e4hnen seine Hand komisch verdreht an sich presste. \"Was ist passiert?\", stammelte ich aufgeregt, doch Levi sah uns nur eindringlich an und gab uns ein Zeichen, ruhig stehenzubleiben. \"Ein Skorpion\", sagte er mit d\u00fcsterer Stimme, \"wir haben ihn aus den Augen verloren.\" Den Blick auf den Boden gerichtet ging er endlich langsam zu Rick, um ihm aufzuhelfen, und wir entfernten uns vorsichtig von der Lichtung. Anton erz\u00e4hlte mir, wie Rick an einem Stein gegraben hatte und dann pl\u00f6tzlich ein Skorpion darunter aufgetaucht war. \"Wie schlimm ist es?\", fragte ich mit gerunzelter Stirn, doch er meinte, das k\u00e4me ganz auf die Art an und reiche von harmlos bis t\u00f6dlich. Ich musste \u0001 \u0002 im Lager konnte Sybille auch nicht mehr sagen als Anton, weil keiner den Skorpion genau beschreiben konnte. Doch als Rick nicht viel sp\u00e4ter extreme Schwei\u00dfausbr\u00fcche bekam und sich mehrfach \u00fcbergeben musste, wurde uns klar, dass das Gift eine heftige Wirkung besa\u00df. Ich kniete neben ihm in unserer H\u00fctte und sah ihn an - er hatte ganz sicher Fieber, er schien f\u00f6rmlich zu gl\u00fchen und war in einen unruhigen Schlaf gefallen. Schwei\u00dfperlen standen auf seiner Stirn und seine Hand war stark angeschwollen. Ich konnte den Anblick kaum ertragen, doch ich wollte ihn nicht allein lassen, nicht jetzt. Auch wenn er mich die letzten Tage \u00fcber komisch behandelt hatte und nur noch mit Cecilia und den anderen rumhing. Er war mir wichtig, er war die erste Person gewesen, die ich hier gekannt hatte, und ich hatte Angst um ihn. Irgendwann erwachte er schlie\u00dflich und schien erstaunt, mich neben ihm sitzen zu sehen. \"Du hier?\", fragte er mit heiserer Stimme, w\u00e4hrend er sich \u00fcber die Stirn wischte. \"Ja.\", sagte ich nur, und musterte ihn besorgt. Er sah wirklich nicht gut aus. \"Was haben sie gesagt?\", fl\u00fcsterte er. Sybille hatte gesagt, wir k\u00f6nnten kaum etwas tun und m\u00fcssten abwarten und hoffen, dass sein Herz das mitmachte. \"Alles wird wieder gut\", versuchte ich ihm und mir selbst gleichzeitig einzureden, doch er fasste nach meiner Hand und fl\u00fcsterte: \"Du sollst mich nicht anl\u00fcgen.\" Schweigend starrte ich eine Weile in seine sch\u00f6nen Augen, bevor er mich urpl\u00f6tzlich noch n\u00e4her zu sich zog und mich kurz sanft k\u00fcsste. Wie in Trance erwiderte ich den Kuss. Erst nachdem es passiert war, schienen meine Gedanken wieder richtig zu funktionieren, und ich fragte mich, ob das ein Fehler gewesen war. Verwirrt blickte ich Rick an und wollte einfach nur noch raus aus der H\u00fctte. Ich murmelte, ich w\u00fcrde mal Sybille holen gehen und nachdem ich ihr Bescheid gesagt hatte, lief ich so schnell es ging nurnoch weg vom Lager zum Strand. Dort sackte ich schlie\u00dflich zusammen und begann direkt zu weinen, obwohl ich selbst nichtmal genau sagen konnte warum. Es war zu viel f\u00fcr mich. Rick w\u00fcrde vielleicht sterben, jetzt hatte er mich gek\u00fcsst, und obwohl ich dachte ich wollte es, hatte es sich so falsch angef\u00fchlt.",
            "wordcount": "802",
            "chapter_release": "27.03.2017",
            "chapter_number": "14"
        },
        "15": {
            "text": "Erstmal ein fettes Sorry dass ich so lange nicht geschrieben habe... 2 Monate sind es jetzt. Ich habe irgendwie nicht die Zeit/Motivation gefunden, aber werde jetzt wieder regelm\u00e4\u00dfig ein Kapitel hochladen! :) -------------------------------------------------------------------Die Abl\u00e4ufe in unserem neuen Leben auf der Insel hatten sich allm\u00e4hlich eingependelt. Wir hatten uns alle kennengelernt, jeder kannte seine Aufgaben und Funktionen in der Gruppe. Mit Kaya hatte ich eine wirkliche Verb\u00fcndete gefunden und dar\u00fcber war ich unbeschreiblich \u0001 \u0002 zum Thema Rick. Wie durch ein Wunder hatte er den Biss des Skorpions \u00fcberlebt und war fit wie eh und je. Nach dem Kuss, der mich so schrecklich verwirrt hatte, sahen wir uns gar nicht, bis er wieder auf den Beinen gewesen war. Alles war wieder normal geworden. Wir hatten nicht mehr dr\u00fcber geredet, doch jedes mal wenn ich ihn ansah kam in mir die Erinnerung an diesen einen kurzen Moment hoch. Er tat jedoch so, als w\u00e4re es nie passiert, was die Situation zwischen uns verkomplizierte.\"Du musst mit ihm dr\u00fcber reden!\", redete Kaya mir mal wieder ins Gewissen, weil ich schon wieder so abwesend neben ihr sa\u00df und gr\u00fcbelte. \"Ach... es ist vielleicht besser, so zu tun, als h\u00e4tte ich mir das eingebildet. Denn das scheint auch seine Taktik zu sein.\", murmelte ich. Kaya sch\u00fcttelte mit dem Kopf: \"Du willst das doch jetzt nicht ernsthaft totschweigen! Ihr geht seitdem total komisch miteinander um...\" Ja, das taten wir, und es st\u00f6rte mich ja auch selbst, aber ich war noch nie gut darin gewesen, solche Konflikte zu l\u00f6sen. Es war nachmittag geworden und ich sehnte mich nach etwas Ablenkung. Die letzten Tage waren alle so gleichf\u00f6rmig \u00f6de gewesen, dass meine Stimmung in den Keller sank. Daher lief ich langsam eine Runde durch unser provisorisches Lager, in der Hoffnung, irgendwas Spannendes w\u00fcrde passieren. Wie gern ich diesen Ort hinter mir gelassen h\u00e4tte und einfach davongelaufen w\u00e4re... Aber meine Vernunft fl\u00fcsterte mir immer wieder ins Ohr, dass das keinen Sinn haben w\u00fcrde. Genervt trat ich gegen ein St\u00fcck Holz, das neben der Feuerstelle lag. \"Hey!\", h\u00f6rte ich da eine mahnende Stimme hinter mir. Ohne mich umzudrehen hob ich das Holzst\u00fcck seufzend wieder auf und legte es zur\u00fcck an seinen Platz. \"Nicht gut drauf, hm?\", fragte die Stimme - es war Will. Seine Anwesenheit machte mich ein wenig nerv\u00f6s, doch das sollte er nicht sehen. Ich zuckte mit den Schultern und legte den Kopf schief: \"Willst du mit mir weglaufen?\", fragte ich so cool wie m\u00f6glich. Will musste ein bisschen schmunzeln und meinte, die M\u00f6glichkeiten w\u00e4ren leider ein wenig begrenzt. Als ob ich das nicht selbst w\u00fcsste... \u201eWo gehst du hin?\u201c, wollte ich wissen.\"Zum See... wollte gerade los\", sagte er nun. \"Allein?\", entgegnete ich verwundert, \"ich glaube nicht dass Luisa das gut f\u00e4nde...\" \"Na du bist mir ja ein sch\u00f6ner Gangster\", grinste er nun, \"erst willst du abhauen, dann das.\" Das lie\u00df ich mir nicht zwei mal sagen, also folgte ich ihm eilig in den \u0001 \u0002 wir die nun schon vertraute Strecke zur\u00fccklegten, unterhielten wir uns \u00fcber dies und jenes, doch ich wurde das Gef\u00fchl nicht los, dass er sich irgendwie distanziert verhielt. Klar, er hatte mich mitgenommen und redete mit mir, aber irgendwie sehr oberfl\u00e4chlich. Au\u00dferdem hielt er die ganze Zeit einen unn\u00f6tig gro\u00dfen Abstand zu mir, w\u00e4hrend wir liefen. Nachdenklich sah ich ihn von der Seite an, als er gerade etwas erz\u00e4hlte. Er bemerkte meinen Blick und blieb stehen: \u201eWas ist?\u201c Ich trat nerv\u00f6s von einem Bein aufs andere: \u201e - nichts, alles gut...\u201c, doch ich hatte zu lange gez\u00f6gert. Jetzt runzelte er die Stirn und sah mich verwirrt an: \u201eWas ist los?\u201c \u201eNaja, ich habe mich gefragt, warum... du bist irgendwie anders als sonst.\u201c, brachte ich vorsichtig hervor. Ich dachte an den Jungen, der mich am Anfang getr\u00f6stet hatte, als es mir nicht gut ging. Der solche Schuldgef\u00fchle gehabt hatte, als mich die Schlange gebissen hatte. Er schien \u00fcberrascht \u00fcber meine Antwort zu sein, doch nicht sehr erfreut: \u201eKannst du dir nicht vielleicht denken wieso?! Wow! Ich gebe mir ja alle M\u00fche, aber du machst es mir nicht leicht!\u201c Verst\u00e4ndnislos schaute ich ihn an, doch er sch\u00fcttelte nur w\u00fctend den Kopf und stampfe schnellen Schrittes davon Richtung See. Mal wieder verstand ich sein Verhalten nicht und war entt\u00e4uscht, dass er mir so schnell Wut entgegenbrachte. H\u00e4tte ich blo\u00df gar nichts gesagt! Da fiel es mir pl\u00f6tzlich wie Schuppen von den Augen \u2013 er musste sich vor den Kopf gesto\u00dfen gef\u00fchlt haben, als ich ihn wegschickte, um Rick zu holen, als er bei mir sa\u00df und sich entschuldigen wollte. Er meinte er sei Schuld daran, dass die Schlange mich gebissen hatte. Wahrscheinlich hatte ich ihn nicht mal richtig ausreden lassen, sondern ihm deutlich gezeigt, dass mir nur Rick wichtig war. Wie die Dinge sich doch ge\u00e4ndert hatten! Mit dieser Erkenntnis lief ich weiter zum See und fand Will zum Gl\u00fcck dort sitzend. Als er mich kommen sah, schaute er nicht sehr erfreut, doch ich ging entschlossen auf ihn zu und setzte mich schlie\u00dflich neben ihn. \u201eWill, es tut mir Leid... ich war so dumm und habe bis eben nicht mal bemerkt, wie falsch ich mich verhalten hab.\u201c Er zog die Augenbrauen hoch und musterte mich scharf: \u201eSch\u00f6n dass dir das \u00fcberhaupt noch auff\u00e4llt.\u201c \u201eEhrlich, ich wei\u00df nicht was mit mir los war! Ich dachte nur an Rick.\u201c Traurig sah ich auf den Boden, ich \u00e4rgerte mich so \u00fcber mich selbst. Jetzt erkannte ich dass Will ein wahrer Freund h\u00e4tte werden k\u00f6nnen, w\u00e4hrend Rick keinen besonders guten Charakter hatte. \u201eDas ist ja das Schlimme!\u201c, sagte Will jetzt, \u201eWarum Rick? Was hat er je f\u00fcr dich getan? Soweit ich das mitbekommen habe nicht viel. Wei\u00dft du, ich wollte gerade mit dir reden und das alles erkl\u00e4ren. Auch ich habe mich dumm verhalten, als ich damals gesagt hab, du w\u00e4rst zu schwach um auf einen Baum zu klettern.\u201c Ja, daran erinnerte ich mich allzu gut. \u201eIch wei\u00df, es tut mir wirklich Leid. Ich wollte uns nicht die Chance nehmen, das zu kl\u00e4ren. Wenn ich k\u00f6nnte, w\u00fcrde ich es jetzt ganz anders machen.\u201c Das meinte ich wirklich Ernst. Ich sah Will an und hoffte, dass er in meinen Augen meine wahren Absichten erkennen konnte. Er brauchte einen Moment, dann nickte er langsam und hielt mir die Hand hin: \u201eFangen wir nochmal neu an?\u201c Als ich das h\u00f6rte war ich so erleichtert, dass ich ihn kurzerhand umarmte und die Hand ignorierte.",
            "wordcount": "1.080",
            "chapter_release": "09.06.2017",
            "chapter_number": "15"
        },
        "2": {
            "text": "Ich schlug die Augen auf. Blinzlte ein paar mal, weil mich das grelle Licht der Sonne blendete. Einige Sekunden lang war ich v\u00f6llig orientierungslos und f\u00fchlte mich wie gefangen in einem Traum, dann holte mich die Realit\u00e4t ein und meine Erinnerung an all das, was passierte, bevor es mir schwarz vor Augen geworden war, war schlagartig wieder da. W\u00e4hrend ich mich langsam aufsetzte, sp\u00fcrte ich Sand unter mir. Langsam konzentrierte ich mich nacheinander auf meine anderen Sinne: H\u00f6rte das Meer nicht weit von mir, f\u00fchlte die Sonne auf meine Arme brennen, die aus dem T-Shirt schauten. Ich sah an mir runter und stellte fest, dass meine Kleidung komplett durchn\u00e4sst war. Trotzdem fror ich nicht, es herrschten anscheinend geradezu tropische Temperaturen hier. Hier - wo war ich eigentlich? Ich schaffte es, aufzustehen und drehte mich einmal langsam um mich selbst. Ein weiter Strand, und dahinter B\u00e4ume, aber nicht solche wie zuhause, sondern Palmen und \u00e4hnliche Gew\u00e4chse. Wenn die Situation nicht so gewesen w\u00e4re, wie sie war, w\u00e4re das ein perfekter Urlaubsort... Etwa in der Mitte zwischen Meer und B\u00e4umen, nicht weit von mir, sah ich einige andere Leute sitzen. Auch wenn ich keinen von ihnen kannte, wusste ich, dass sie auch aus dem Flugzeug kamen. Die Umebung war n\u00e4mlich das Gegenteil eines Touristen-Strandes, sah eher aus wie ein Nationalpark oder so was - unber\u00fchrte Natur eben. Wie von alleine trugen mich meine F\u00fc\u00dfe in Richtung der Menschengruppe. Als ich n\u00e4her kam, erkannte ich Rick bei den anderen sitzen und ging auf ihn zu. Ich machte den Mund auf und wollte sprechen, aber es kam kein Ton heraus. \"Hey, beruhig dich erstmal! Wir sind in Sicherheit, alles cool\", meinte er zu mir. Ich nickte. \"Setz dich doch hin\", forderte er mich auf und zeigte auf den Boden. Wieder nickte ich und setzte mich neben ihn. \"Ich hei\u00dfe \u00fcbrigens Rick\", stellte er sich vor. \"Ich wei\u00df\" sagte ich, verwirrt wie ich in dem Moment war, \"\u00e4h... Elizabeth - hei\u00dfe ich\". Ich sch\u00fcttelte den Kopf, in der Hoffnung dass das meine Gedanken wieder sortieren w\u00fcrde. \"Sorry, das ist alles ein bisschen viel f\u00fcr mich gerade\", sagte ich entschuldigend. Er nickte, und erz\u00e4hlte mir, dass ich anscheinend ohnm\u00e4chtig geworden war und irgendein Typ mich sicher an Land gebracht hatte, weil erstmal alle ca. 300m vom Ufer weg im Wasser gelandet waren. Erst da wurde mir bewusst, dass es gar nicht so selbstverst\u00e4ndlich war, dass ich am Strand aufgewacht war, ich w\u00e4re ertrunken... mein Herz klopfte schneller. \"Warte, woher wei\u00dft du das eigentlich?\", fragte ich Rick. \"W\u00e4hrend du noch nicht wach warst, haben wir uns alle zusammengesetzt hier. Zwei Stewardessen sind da, und konnten uns erkl\u00e4ren, dass der Gro\u00dfteil der Passagiere nach dem Defekt das Flugzeug verlassen konnte... aber davon sind nicht alle an Land agekommen. Du hattest auch Gl\u00fcck, wenn ich das mal so sagen darf. Der Flieger ist weiter drau\u00dfen ins Meer gest\u00fcrzt.\" Er machte eine Pause. \"Naja, jedenfalls waren rund 200 Personen an Bord und wir haben hier 58 gez\u00e4hlt.\" Ich dachte eine Weile nach. \"Und was ist jetzt?\", fragte ich. Er seufzte: \"Tja, das fragen wir uns alle. Aber wir haben beschlossen, den Strand abzusuchen, ob es vielleicht doch noch \u00dcberlebende gibt, und uns sp\u00e4ter wieder hier zu treffen. Luisa, so hei\u00dft die eine Stewardess, hat irgendein Funkger\u00e4t und will damit versuchen, Kontakt aufzunehmen... wir wissen ja nichtmal, wo wir \u00fcberhaupt sind. Handys haben die wenigsten mitgenommen und wir haben festgestellt, es gibt hier null Empfang.\" Nachdem Rick mir schonmal erkl\u00e4rt hatte, was passiert war, hatte ich mich einigerma\u00dfen beruhigt. Ja, das Flugzeug war abgest\u00fcrzt, aber ich war unverletzt. Dass nicht alle so viel Gl\u00fcck gehabt hatten verdr\u00e4ngte ich in dem Moment erstmal. Wir w\u00fcrden Hilfe bekommen, ganz klar, und dann schnell nach Hause zur\u00fcck gebracht werden. Vielleicht mit einem Schiff, oder einem Helikopter... oder wir w\u00fcrden in die n\u00e4chste Stadt gehen und von dort zur\u00fcck fliegen. Wobei ich wenig Lust hatte, so bald wieder in ein Flugzeug einzusteigen.",
            "wordcount": "679",
            "chapter_release": "06.03.2017",
            "chapter_number": "2"
        },
        "3": {
            "text": "Wie Rick gesagt hatte, dauerte es nicht lange, bis sich alle wieder am selben Ort wie zuvor einfanden. Was sollte man auch gro\u00df machen in so einer Situation, auf Baden hatte wohl kaum einer Lust, obwohl das Wetter geradezu perfekt daf\u00fcr gewesen w\u00e4re. Als sich alle versammelt hatten, trat eine junge Frau vor, ich sch\u00e4tzte sie auf Mitte 20. Sie trug eine Stewardessen-Uniform und ihre dunklen Haare hatte sie zu einem Dutt hochgesteckt. \"Ich mache es kurz - das Funkger\u00e4t ist anscheinend kaputt. Ich habe kein Signal losschicken k\u00f6nnen...\", begann sie zu reden und schaute ernst in die Runde. Obwohl ich sie gerade zum ersten Mal reden h\u00f6rte, hatte ich das Gef\u00fchl, sie strahlte eine besondere Autorit\u00e4t aus, sodass jeder zuh\u00f6rte und sie Ernst nahm. \"Aber nat\u00fcrlich haben die Flughafenleute mitbekommen, was passiert ist. Das Signal unserer Maschine muss irgendwann verschwunden sein, und genau dort werden sie uns suchen. Das d\u00fcrfte ein Punkt \u00fcber dem Meer sein, aber dass wir uns an Land gerettet haben ist ja recht naheliegend.\" Einige Leute nickten und murmelten zustimmende Worte.\"Mein Plan w\u00e4re jetzt\", fuhr sie fort, \"uns m\u00f6glichst genau hier aufzuhalten, damit wir m\u00f6glichst schnell gefunden werden und...\" Da unterbrach sie jemand von weiter hinten: \"Also ich werde hier sicher nicht ewig und drei Tage warten, wenn um die Ecke vielleicht schon die n\u00e4chste Stadt liegt und wir bequem nach Hause kommen k\u00f6nnen! Wir haben alle einen Schock erlitten, und ich hab keine Lust jetzt noch einen auf Survivaltraining am Strand zu machden!\" Ich suchte, von wem die angenervte Stimme kam - es war die zweite Stewardess, welche mich an Bord geweckt hatte. Sie war schlank und zierlich, ihre r\u00f6tlichen Haare waren nun nicht mehr so ordentlich frisiert wie vorher noch. \"Tabea, wir sollten jetzt alle nicht die Nerven verlieren und vorallem zusammenbleiben\", meinte Luisa beschwichtigend zu ihr. Doch Tabea war anderer Meinung: \"Mir reichts. Ich sitze jetzt seit 2 Stunden hier in der Sonne, mir tut alles weh, ich habe Hunger, Durst und bin totm\u00fcde. Keiner h\u00e4lt mich hier an diesem Strand!!!\" Mit diesen Worten drehte sie sich wutenbrannt um und stampfte davon. Nach einigen Metern blieb sie stehen und drehte sich nocheinmal um: \"W\u00fcrde ich euch allen raten!\" Es dauerte einen Moment, aber dann standen immer mehr Leute auf und liefen ihr nach. Luisa blieb allerdings unbewegt stehen. Da begriff ich, dass auch ich eine Entscheidung treffen musste - jetzt. Instinktiv schaute ich mich suchend nach Rick um, weil er die einzige Person hier war, an die ich mich ansatzweise halten konnte. Rick blieb sitzen. Ich dachte kurz dar\u00fcber nach, ob ich meine Entscheidung wirklich von einem Typen, mit dem ich einmal geredet hatte, abh\u00e4ngig machen wollte, aber es war nicht sehr verlockend, mit einer total gereizten Tabea mitzugehen und dann nichtmal eine Person ansatzweise zu kennen. Au\u00dferdem vertraute ich Luisas ruhiger, sachlicher Art mehr. \"Leute!\", begann sie zu sprechen, \"ich bin der Meinung, solange wir keinen blassen Schimmer haben, wo wir hier sind, sollten wir nicht einfach in irgendeine Richtung gehen. Wir wissen gar nichts \u00fcber den Ort, an dem wir gelandet sind. Im schlimmsten Fall befinden wir uns auf einer einsamen Insel mit wilden Tieren...\" Angst machte sich in den Gesichtern der Verbliebenen bemerkbar. \"Ich will nicht den Teufel an die Wand malen, ich will nur sagen, wir sollten vorsichtig sein.\"Luisa wollte zuerst einmal durchz\u00e4hlen. Wir kamen auf 24, also waren wohl 34 mit Tabea gegangen. Der Nachmittag verging, aber keine Rettungskomission kam in Sicht. Als es schlie\u00dflich d\u00e4mmerte, wurde klar, dass wir irgendwie die Nacht hier verbringen mussten. Bei dem Gedanken war mir nicht ganz geheuer, aber wiedermal gab es keine Wahl...",
            "wordcount": "626",
            "chapter_release": "08.03.2017",
            "chapter_number": "3"
        },
        "4": {
            "text": "Die D\u00e4mmerung brach herein und die Sonne senkte sich \u00fcber den Horizont. Luisa, die von allen den klarsten Kopf bewahrte, wies uns an, ein Feuer zu machen. Dabei war das Holz zu holen das kleinere Problem - keiner hatte ein Feuerzeug da... Ich stand gerade mit Rick (um nicht ganz alleine zu stehen) vor dem aufgeschichteten Holzberg und zog fr\u00f6stelnd meinen Cardigan zu. Es war abgek\u00fchlt, aber vorallem waren meine Sachen immernoch ein klein wenig feucht. \"Wie kriegen wir das jetzt an?\", fragte eine Stimme hinter mir. Ich drehte mich um und schaute einem etwa gleichaltrigen M\u00e4dchen ins Gesicht. Sie hatte wundersch\u00f6nes schwarzes Haar, dass glatt bis zu ihrer Tallie hinabfiel wie Samt. Au\u00dferdem schmale Katzenaugen und einen etwas dunkleren Teint - sie erinnerte mich ein wenig an Pocahontas. \"Kein Plan\", antwortete Rick, \"seh ich aus wie ein Pfadfinder, S\u00fc\u00dfe?\" Er checkte das M\u00e4dchen von oben bis unten ab, kehrte dann zu ihrem Gesicht zur\u00fcck und l\u00e4chelte sie an. Was ein Typ!, dachte ich mir und wartete gespannt auf die Reaktion der h\u00fcbschen Schwarzhaarigen. Wenig beeindruckt antwortete sie: \"Nein... das tust du leider ganz und gar nicht.\" Dabei betrachtete sie ihn wiederum mit missbilligendem Blick einmal von oben bis unten und l\u00e4chelte ihn dann total \u00fcbertrieben an. Ich musste mir ein Lachen verkneifen, das geschah ihm Recht! Rick, der damit wohl nicht gerechnet hatte, schaute ein wenig verwirrt und wollte gerade irgendwas entgegnen, als ein Junge, der verbl\u00fcffende \u00c4hnlichkeit mit ihr hatte, sich dicht neben die schwarzhaarige Sch\u00f6nheit stellte und auf einer anderen Sprache irgendetwas zu ihr sagte. Sie nickte ihm nur kurz beschwichtigend zu und meinte dann l\u00e4chelnd: \"Gerade haben wir \u00fcber Pfadfinder gerdet, du kommst zur Rechten Zeit, Bruder.\", und wies auf den Holzstapel. Er nickte nur und machte sich sogleich daran zu schaffen. \"Ich hei\u00dfe Kaya\", sagte sie zu Rick und mir, \"und das ist Keno\", w\u00e4hrend sie auf ihren Bruder wies. \"Ich hei\u00dfe Elizabeth, aber werde lieber Liz genannt\", stellte ich mich vor und l\u00e4chelte ihr zu. Sie war mir wirklich symphatisch. \"Mein Name ist Rick\", sagte er, \"solltest du dir merken...\" und setzte wieder sein g\u00f6nnerhaftes L\u00e4cheln auf. Kaya rollte daraufhin spa\u00dfeshalber mit den Augen, lachte mich aber freundlich an. \"Seid ihr auch so am Verhungern?\", fragte sie uns beide. \"Oh ja! Ich hab seit heute morgen nichts gegessen.\", stimmte ich ihr zu. \"Vielleicht l\u00e4sst sich ja hier irgendwas auftreiben...\" Ich h\u00f6rte ein Knacken hinter mir und drehte mich um: Das Feuer brannte tats\u00e4chlich! Ich h\u00e4tte zu gerne gewusst, wie Keno das hinbekommen hatte... Ich wollte ihn gerade fragen, da h\u00f6rten wir Luisa, die alle zusammenrief. Nach einer kurzen Besprechung waren wir uns einig, dass immer 2-3 Leute wach bleiben sollten, um zu sehen, wenn Hilfe kam oder eventuelle Gefahren... ich wurde allerdings nicht dazu eingeteilt und suchte mir daher mit den anderen einen Platz zum schlafen. Alle verteilten sich rings ums Feuer, die eingeteilten Wachen sa\u00dfen direkt davor und unterhielten sich leise. Die Stimmen vermischten sich mit dem Knistern des Feuers und dem Meeresrauschen im Hintergrund zu einer beruhigenden Atmosph\u00e4re, doch trotzdem konnte ich nicht einschlafen. Ich dachte an zuhause, meine Mum, meine beste Freundin, meine Clique... wussten sie schon was passiert war? Oder hatten sie es noch gar nicht erfahren? Ich kuschelte mich in meine Jacke und zog die Beine ran. Rechts von mir lag Rick, zu meiner linken Kaya. Nie h\u00e4tte ich mir heute morgen ertr\u00e4umt, dass ich so \u00fcbernachten w\u00fcrde!",
            "wordcount": "596",
            "chapter_release": "08.03.2017",
            "chapter_number": "4"
        },
        "5": {
            "text": "Ich schlief unruhig. Aber wen h\u00e4tte das gewundert in der \u0001 \u0002 Tr\u00e4ume verfolgten mich die ganze Nacht, doch ich wachte nie auf, sondern rutschte von einem Traum in den n\u00e4chsten und keiner war besser, als der vorherige...Schlie\u00dflich schreckte ich irgendwann hoch und \u00f6ffnete die Augen - doch sah nur Finsternis! Nicht wie gewohnt die Stra\u00dfenlaterne vor meinem Fenster... wo war ich? Das war nicht mein Bett! Panik stieg in mir hoch und ich begann, wild mit den Armen meine Umgebung zu ertasten, Angst schn\u00fcrte mir die Kehle zu sodass ich kaum noch atmen konnte. Ich war unf\u00e4hig mich zu orientieren und meine Augen sahen nur schwarz. Mein Herz raste und ich schnappte nach Luft. Pl\u00f6tzlich war da etwas an meiner Hand, etwas was mir bekannt vorkam... Sand. In dem Moment machte es klick - ich realisierte, wo ich war und bemerkte, dass ich mich in meiner Panik hingestellt hatte. Um mich herum lagen friedlich schlafend die anderen. Langsam versuchte ich, mich zu beruhigen, klopfte den Sand von meiner Haut und strich mir die Haare aus dem \u0001 \u0002 fiel mir auf, dass au\u00dfer mir noch eine Person stand. Ich sah nur den Umriss, aber soweit ich erkennen konnte, stand die Person mir zugewandt. Nach einigen Sekunden hatten sich meine Augen an das sp\u00e4hrliche Licht, dass die restliche Glut des erloschenen Feuers und der von Wolken verdeckte Mond ausstrahlten, gew\u00f6hnt. Die Person stand mir zugewandt und sah mich anscheinend schon die ganze Zeit an, was mir jetzt etwas unangenehm war... Ich wollte irgendetwas sagen, aber auch nicht die anderen wecken. Als h\u00e4tte die Person, die immernoch einige Meter von mir entfernt stand, meine Gedanken gelesen, hob sie langsam die Hand und gab mir ein Zeichen, ihr zu folgen. Dann drehte sie sich um und ging ger\u00e4uschlos davon Richtung \u0001 \u0002 hatte meine M\u00fche, zwischen all den Schlafenden hindurchzugehen, ohne jemanden zu treten, doch stand schlie\u00dflich vor der Person, die mich hierher geholt hatte. Nun konnte ich sehen, dass es ein Junge war, etwas \u00e4lter als ich. Er war gro\u00df und hatte breite Schultern, so breit, dass ich mich wunderte, warum mir das nicht eben schon aufgefallen war. Er legte den Kopf schief und sah mich an. \"Albtraum?\"\"Ja\", sagte ich vorsichtig, \"beziehungsweise nein - ich bin aufgewacht und wusste nicht wo ich war. Hast du ja gesehen...\"Er legte die Stirn in Falten: \"Ich sch\u00e4tze, mit sowas muss man rechnen, wenn man einen Flugzeugabsturz miterlebt hat.\" Ich nickte.\"Wieso warst du eigenlich wach?\", rutschte es aus mir raus und sogleich biss ich mir auf die Lippe. Vielleicht war das eine bl\u00f6de Frage gewesen...\"Weil ich nicht schlafen konnte.\", antwortete er knapp, nach kurzem Z\u00f6gern, \"was sich jetzt auch nicht mehr lohnt.\" W\u00e4hrend er das sagte wies er auf den Horizont, wo sich w\u00e4hrend unseres Gespr\u00e4chs die allererste Morgenr\u00f6te ausgebreitet hatte. Sein Gesicht konnte ich jetzt besser erkennen, er hatte dunkle Augen und seine ebenfalls dunklen Haare fielen ihm bis tief in die Stirn. \"Lust auf einen Spaziergang?\"Wir liefen einen Moment lang schweigend nebeneinander her, bis er pl\u00f6tzlich stehen blieb und in den Himmel schaute. Ich folgte seinem Blick, doch konnte dort nichts erkennen. \"Da oben waren wir - gestern...\", fl\u00fcsterte er. \"Wirst du je wieder fliegen?\", fragte er mich und sah mich mit seinen unergr\u00fcnlichen Augen an. \"Ich wei\u00df es nicht\", antwortete ich ehrlich, \"aber irgendwie m\u00fcssen wir ja wieder nach Hause kommen... Statistisch gesehen, wird uns das wohl eher nicht nochmal passieren.\" Ich wusste selbst nicht, wieso ich das gesagt hatte, weil mich Statistik auch nicht vor dem verschont hatte, was passiert war... auf Statistik war kein Verlass. Er schnaubte ver\u00e4chtlich durch die Nase. \"Es ist egal, was wahrscheinlich ist. Im Endeffekt gibt es genau eine Realit\u00e4t, und die interessiert es nicht, was wahrscheinlich ist. Es passiert einfach, und wir m\u00fcssen damit leben!\" W\u00e4hrend er das gesagt hatte, war er immer lauter geworden, die letzten Worte hatte er fast geschrien. Er blieb noch 2 Sekunden unschl\u00fcssig stehen, ich sah, wie sich seine Brust heftig hob und senkte. Schlie\u00dflich drehte er sich um und lief eilig \u0001 \u0002 blieb ich am Stand zur\u00fcck und \u00fcberlegte mir, was ich falsches gesagt hatte. Anscheinend hatte ich irgendeinen wunden Punkt bei ihm getroffen, anders konnte ich mir sein aufbrausendes Verhalten nicht erkl\u00e4ren. Pl\u00f6tzlich sah ich einen Schatten neben mir und dachte schon, er w\u00e4re zur\u00fcckgekommen, doch als ich mich umdrehte, stand da Kaya. \"Hey, alles klar?\", fragte sie besorgt. \"Sah aus, als h\u00e4ttet ihr gestritten.\"\"\u00c4h nein, eigentlich kennen wir uns auch gar nicht, ich wei\u00df auch nicht...\", antwortete ich ihr,\"aber nett, dass du fragst!\" Sie l\u00e4chelte: \"Ist doch selbstverst\u00e4ndlich.\"PS: Falls das jemand liest, w\u00fcrde ich mich seeeehr \u00fcber ein Review freuen! :)",
            "wordcount": "816",
            "chapter_release": "10.03.2017",
            "chapter_number": "5"
        },
        "6": {
            "text": "Die Sonne stieg den Himmel hinauf und lie\u00df einen neuen Tag beginnen. Ich war mit Kaya zum Lager zur\u00fcckgekehrt, wo gerade die letzten Schlafenden erwachten, sich aufrappelten und sich den Sand von den Kleidern klopften. Heute morgen war die allgemeine Stimmung sehr angespannt, pl\u00f6tzlich schien jeder ein Problem zu haben und alle gingen damit zu Luisa. Sie tat mir Leid, wie sie da von den Leuten umringt wurde und versuchte, alle gleichzeitig zu beschwichtigen. Dadurch, dass sie Stewardess war und daher einige Informationen \u00fcber Flugzeuge mehr hatte als wir, schoben ihr unberechtigterweise alle die Verantwortung f\u00fcr das, was hier passierte, zu. Dabei war sie ansonsten auch nur eine junge Frau, die niemandem beantworten konnte, wo wir hier waren, was wir jetzt essen sollten oder - ich zitiere - wann denn jetzt verdammt noch mal Hilfe zu erwarten w\u00e4re. Gerade fuhr sie sich m\u00fcde durch die Haare. Auch wenn ich sie kaum kannte, hatte ich das Bed\u00fcrfnis, zu ihr zu gehen.\"Hey, ich bin Liz... kann ich dir irgendwie helfen?\", fragte ich vorsichtig. Sie lachte mich dankbar an und ihre Augen leuchteten wach, obwohl sie wahrscheinlich ziemlich fertig war. \"Das ist nett von dir. Ich wollte gerade alle zusammenrufen, vielleicht kannst du die Leute da hinten vom Strand holen.\" Ich nickte und ging zum Wasser, wo eine Gruppe junger Leute sa\u00df. Schon von weitem sah ich, dass sie heftig diskutierten und zu meiner \u00dcberraschung war Rick auch dabei. \"Ich werde es tun, und es ist mir egal, wer mitkommt!\", vernahm ich eine Frauenstimme. Dann h\u00f6rte ich Rick: \"Aber du hast geh\u00f6rt, Luisa meint wir sollen zusammenbleiben\" \"Mir doch egal, denkst du ich lass mir von der sagen was ich tun soll?\", sagte nun wieder das M\u00e4dchen. \"Wir h\u00e4tten gleich mit Tabea gehen sollen...\", murmelte eine andere. Da schauten sie auf und sahen mich kommen. Die Situation war mir unangenehm und ich wusste nicht so Recht, wie ich reagieren sollte. Ich tat so, als h\u00e4tte ich ihre Worte nicht geh\u00f6rt und sagte freundlich, dass Luisa allen etwas sagen wolle und sie bitte kommen sollten, doch sie standen betont langsam auf. Rick kam zu mir und sagte leise, dass die anderen vorhatten, durch den Wald, der sich hinter dem Sand \u00fcber die ganze sichtbare L\u00e4nge des Strandes hinwegzog, zu gehen. Sie hofften, so schneller nach Hause zu kommen, als hier auf Hilfe zu \u0001 \u0002 sah die Gruppe an, es handelte sich um 3 M\u00e4dchen und 2 Jungen, die alle ziemlich fertig mit den Nerven zu sein schienen. Der Sonnenbrand eines hellblonden M\u00e4dchens leuchtete rot in ihrem mit Sommersprossen \u00fcbers\u00e4hten Gesicht, eine andere sah total verweint aus mit ihren schrecklich verquollenen Augen. Ein Junge sa\u00df regungslos auf dem Boden und starrte schon die ganze Zeit ins Nichts. Ein trostloser \u0001 \u0002 r\u00e4usperte mich und bat sie nocheinmal, mitzukommen, wir w\u00fcrden schon alles mit Luisa kl\u00e4ren, obwohl ich innerlich schon ahnte, dass dass nichts ausrichten w\u00fcrde. Die Blondine stampfte wutentbrannt auf und zischte, dass sie nicht w\u00fcsste, wie irgendeine Luisa ihr helfen sollte. Dann begann sie f\u00fcrchterlich zu weinen und schrie, dass ihr niemand ihren Freund zur\u00fcckbringen k\u00f6nne. Darauf wusste ich so schnell auch keine Antwort, es tat mir leid sie so zu sehen, in ihren Augen war deutich der Schmerz erkennbar. Schmerz und Trauer, die sich in Wut und Verzweiflung \u00e4u\u00dferten. Doch ich wusste, ich konnte nichts tun. Ich konnte es auch nicht verhindern, dass alle 5 schlie\u00dflich langsam Richtung Wald gingen. Nur Rick blieb bei mir stehen. \"Sie haben alle jemanden verloren\", murmelte er nach einer Weile. \"Der ein war dein Freund, oder?\", fragte ich mit einem Klo\u00df im Hals. \"Ja, Sebastian... du musst wissen, seine Schwester war mit an Bord.\" Er schluckte. \"Zwillingsschwester.\" Ich glaubte, Tr\u00e4nen in seinen Augen erkennen zu k\u00f6nnen und legte ihm vorsichtig die Hand auf die Schulter, doch er wollte anscheinend nicht solche Gef\u00fchle vor mir zulassen und wischte sich \u00fcbers Gesicht, w\u00e4hrend er irgendwas von Hitze murmelte. Danach verschwand er eilig. Ich blieb noch einen Moment stehen und zum ersten Mal, seit wir hier waren, lie\u00df ich den Fakt an mich ran, dass nicht alle es an Land geschafft hatten. Pl\u00f6tzlich kamen Erinnerungen in mir hoch: Wie ich aus dem Flugzeug hatte springen sollen, wie ich gez\u00f6gert und gejammert hatte anstatt mich zu beeilen. Vielleicht h\u00e4tte die Zeit f\u00fcr eine Person mehr gereicht - vielleicht f\u00fcr zwei... dieser Gedanke war zu viel f\u00fcr mich und aus dem Klo\u00df im Hals entanden nunTr\u00e4nen ohne Ende. Ich sank hilflos am Strand zusammen, in meinem Kopf all die Leute, die jetzt irgendwo auf dem Meeresgrund lagen. Sie hatten es nicht verdient, sie waren unschuldig an ihrem Schicksal gewesen! Wieso hatte ich \u00fcberlebt? Wieso andere nicht?W\u00e4hrend ich dort schluchzend auf dem Boden kauerte, hatte sich mir unbemerkt jemand gen\u00e4hert. Ich schaute hoch, und obwohl meine Augen von Tr\u00e4nen verschleiert waren, erkannte ich ihn sofort. Es war er, den ich letzte Nacht getroffen hatte.",
            "wordcount": "832",
            "chapter_release": "12.03.2017",
            "chapter_number": "6"
        },
        "7": {
            "text": "Er stand vor mir und sah mich in einem total aufgel\u00f6sten Zustand, tr\u00e4nen\u00fcberstr\u00f6mt auf dem Boden kauernd, und ich wusste noch nichtmal seinen Namen. Ich wusste nur, dass er mich letzte Nacht stehen lassen hatte, nachdem er so w\u00fctend geworden war. Komischer h\u00e4tte die Situation zwischen uns nicht sein k\u00f6nnen. Und doch war er es, der sich jetzt neben mich setzte und mir behutsam \u00fcber den R\u00fccken strich. Seine Hand strahlte W\u00e4rme aus, und erst jetzt merkte ich, dass mir kalt war. Langsam beruhigte ich mich schlie\u00dflich und konnte damit auh\u00f6ren, zu weinen. Es tat gut, seine Hand auf meinem R\u00fccken zu sp\u00fcren, und ich war fast ein wenig entt\u00e4uscht, als er sie allzu bald wieder wegnahm.\"Albtraum?\", durchbrach er schlie\u00dflich die Stille. Ich musste schmunzeln, weil es ja offensichtlich war, dass ich diesmal keinen Albtraum gehabt hatte. Auch er zog einen Mundwinkel hoch. \"Schlimmer - die Realit\u00e4t\", antwortete ich, und obwohl es eigentlich nicht lustig war, mussten wir beide ein wenig lachen. Es war ein bitteres Lachen, aber f\u00fcr den Moment reichte es vollkommen. Einen Moment schwiegen wir beide, dann begann er zu reden: \"Wegen heute Nacht. Es tut mir Leid - es war nicht deine Schuld. Ich h\u00e4tte nicht... wei\u00df auch nicht.\" Resigniert blickte er einer M\u00f6we hinterher, die in die Ferne flog. Seine Stirn lag in Falten, und er schaute mit seinen dunkelbraunen Augen ernst geradeaus, bevor er schlie\u00dflich den Kopf zu mir drehte und mich ansah. Ich blinzelte ein paar Mal und sagte dann: \"Wei\u00dft du, eigentlich m\u00fcsste ich mich entschuldigen. Daf\u00fcr, dass ich immer total neben mir stehe, wenn du mich siehst.\" Er winkte ab: \"Das ist menschlich. Daf\u00fcr musst du dich nicht entschuldigen.\" Nachdem wir noch einen Moment lang schweigend nebeneinander gesessen hatten, stand er auf und sagte, wir h\u00e4tten gerade die Versammlung der anderen verpasst und sollten wohl besser mal h\u00f6ren gehen, was es Neues gab. Wie selbstverst\u00e4ndlich streckte er mir die Hand hin, um mir aufzuhelfen. Ich brauchte kaum Kraft aufzuwenden, er zog mich schungvoll nach oben. Dann lief er davon, ohne sich noch einmal umzudrehen.\"Warte\", rief ich ihm hinterher, \"wie hei\u00dft du eigentlich?\" Er blieb kurz stehen und blickte \u00fcber die Schulter. Der K\u00fcstewind strich durch sein Haar und lie\u00df sein T-Shirt flattern. \"Will. Wie hei\u00dft du?\" \"Liz\", rief ich ihm zu. \"Sch\u00f6ner Name\", meinte er noch und lief dann zur\u00fcck zu den anderen. Ich ging auf direktem Weg zu Luisa und entschuldigte mich, dass ich nicht gekommen war. Sie nickte wissend, anscheinend sah man mir noch an, dass ich geweint hatte. \"Ist alles in Ordung?\", fragte sie sanft. \"Soweit schon, ja. Hast du mitbekommen, dass die 5, die ich holen sollte, in den Wald gegangen sind?\" Ihre Miene verdunkelte sich, w\u00e4hrend sie nickte. \"Ja, Rick hat es mir erz\u00e4hlt. Ich hoffe, sie haben da nichts \u00fcberst\u00fcrzt... naja.\"\"Um dich mal auf den neusten Stand zu bringen: Wir haben gerade Gruppen eingeteilt, um hier alles ein bisschen zu organisieren. Eine Gruppe die den Strand nach rechts entlanggeht, und eine nach links. Sie werden versuchen, sich einen \u00dcberblick \u00fcber die Umgebung zu verschaffen, damit wir ein bisschen besser Bescheid wissen. Dann haben wir eine Gruppe, die unser \"Lager\" ein bisschen ausbaut, und eine Gruppe, die sich um Essen k\u00fcmmert. Und vorallem trinken, denn so langsam werden unsere Vorr\u00e4te kanpp.\" Sie sprach von den kleinen Wasserflaschen, die sie und Tabea in weiser Voraussicht aus dem Bord-Bistro mitgenommen hatten. Ich bewunderte diese Frau daf\u00fcr, dass sie in der hektischen Absturz-Situation an soetwas gedacht hatte und es tats\u00e4chlich irgendwie geschafft hatte, zwei Packen Wasserflaschen an Land zu bekommen. Mittlerweile waren allerdings alle so gut wie leer und ohne Trinkwasser w\u00fcrden wir hier nicht weit kommen, das war mir bewusst.\"Vielleicht kannst du beim Lager bauen helfen\", meinte sie zu mir. Ich ging also zu der genannten Gruppe r\u00fcber, w\u00e4hrend ich \u00fcberlegte, wieviele hier eigentlich noch verblieben waren. Heute morgen noch 24, jetzt aber 5 weniger, also 19. In meinen Gedanken z\u00e4hlte ich alle auf, die ich namentlich kannte: Mich, Luisa, Rick, Kaya, Keno und Will. Also noch 13 andere. Irgendwie beruhigte es mich immer, Situationen sachlich zu betrachten, oder so wie jetzt - durchzuz\u00e4hlen und aufzuz\u00e4hlen. Das gab mir zumindest teilweise das Gef\u00fchl von Kontrolle zur\u00fcck, dass ich hier verloren hatte.",
            "wordcount": "740",
            "chapter_release": "13.03.2017",
            "chapter_number": "7"
        },
        "8": {
            "text": "Ich hatte die Schwierigkeit des Lagerbauens eindeutig untersch\u00e4tzt. Der Plan war, um die Feuerstelle herum einige kleinere zelt\u00e4hnliche Gebilde zu errichten, doch es war alles andere als einfach. Zuerst sammelten wir Holz, teils angesp\u00fcltes, teils holten wir es vom Waldrand. Wobei man den Wald auch nicht mit einem Wald, wie ich ihn bis dahin kannte, vergleichen konnte... ich kannte keine einzige Pflanze. Die B\u00e4ume w\u00fcrde ich grob als \u00fcberwiegend palmenartig beschreiben, es gab allerdings auch noch ganz andere Baumarten. Ansonsten war der Boden auch dicht bewachsen von Ranken und Gestr\u00fcpp. Und was mir auffiel, es war dort nie still, man h\u00f6rte schon am Waldrand fremd klingende Vogellaute und andere Ger\u00e4usche, die ich gar nicht zuordnen \u0001 \u0002 wir endlich einen ganzen Stapel Holz zusammen hatten, begannen wir, insgesamt 8 H\u00fctten daraus zu bauen, indem wir die \u00c4ste so fest es ging in den Boden rammten und daraus einen Kreis bildeten. Es war gegen Mittag und der Schwei\u00df lief mir nur so von der Stirn, da zus\u00e4tzlich zu der schweren Arbeit die Sonne auf meinen Kopf knallte. Nachdem wir endlich die 8 Grundger\u00fcste stehen hatten, begannen wir, weitere \u00c4ste als Dach dar\u00fcber zu legen. Kaya hatte die Idee, gro\u00dfe Bl\u00e4tter dazwischenzuflechten, um das Ganze ein wenig abzudichten, und so half ich ihr \u0001 \u0002 hatten gerade das erste H\u00fcttchen fertig, als eine Gruppe Leute ankam - es waren jene, die den Strand nach links gegangen waren. Erwartungsvoll unterbrachen wir alle unsere Arbeit und umringten die Gruppe, um zu erfahren, was sie gesehen hatten. Ein Mann trat vor und schon an seinem Blick sah ich, dass er nichts Gutes zu verk\u00fcnden hatte: \"Also ich kann soviel sagen: In dieser Richtung kommen wir nicht weit. Nach ein paar Kilometern tauchte vor uns eine riesige Steinwand auf, die bestimmt einen halben Kilometer ins Meer ragt. Die Klippen sind so hoch und steil, dass wir ohne Hilfsmittel keine Chance haben, r\u00fcber zu kommen. Nat\u00fcrlich h\u00e4tte man versuchen k\u00f6nnen, durch den Wald weiterzugehen, aber der ist dort so dicht, dass wir den Weg zur\u00fcck mit Sicherheit nicht mehr gefunden h\u00e4tten.\" \"Danke, Martin\", sagte Luisa nachdenklich, \"irgendwelche Zeichen von Zivilisation?\" Der etwas st\u00e4mmige Mann mittleren Alters sch\u00fcttelte den Kopf, was bei allen anderen ein Seufzen ausl\u00f6ste. \"Nun gut. Warten wir ab, was die andere Gruppe zu sagen hat.\"Wir machten uns also erstmal weiter daran, die H\u00fctten fertig zu stellen. Ich gab mir gr\u00f6\u00dfte M\u00fche, aber mein knurrender Magen und die trockene Kehle machten es mir nicht leicht, weiter durchzuhalten und ich musste mich setzen, weil ich das Gef\u00fchl hatte, sonst umzufallen. Kaya betrachtete mich besorgt: \"Du bist ganz blass! Willst du einen Schluck Wasser?\" Wie gerne h\u00e4tte ich ja gesagt, aber ich hatte vorhin die sp\u00e4hrlichen Reste unseres Wasser-Vorrates gesehen, und solange die Gruppe, die nach Essen und Trinken schaute, nicht zur\u00fcck war, wollte ich nichts davon anr\u00fchren. Ich sagte, ich h\u00e4tte keinen Durst, was relativ unglaubw\u00fcrdig war, doch Kaya verstand wahrscheinlich meinen Gedankengang und sagte nichts weiter dazu, au\u00dfer, dass ich sitzen bleiben sollte, um mich \u0001 \u0002 ging es wirklich nicht gut, also blieb ich vorerst sitzen und sah den anderen bei der Arbeit zu. Die Sonne brannte noch immer unerbittlich vom Himmel und ich f\u00fchlte mich zunehmend ausgetrocknet und schwach. Mein Mund war staubtrocken und meine Haut hei\u00df und an vielen Stellen ein wenig verbrannt, was ein unangenehmes Ziehen verursachte. Ich wusste, dass mir etwas Wasser gutgetan h\u00e4tte, doch mahnte mich zur Sparsamkeit. Nach einer Weile \u00fcberfiel mich jedoch eine komische M\u00fcdigkeit, sodass ich in eine Art Halbschlaf fiel und zumindest der Sonnenbrand mich nicht mehr gro\u00df st\u00f6rte.\"Liz? - Liz!\", durch ein R\u00fctteln an meiner Schulter erwachte ich und schlug m\u00fchevoll die Augen auf. Vor mir konnte ich zwei verschwommene Gestalten erkennen, die ich schlie\u00dflich als Kaya und Rick identifizierte. \"Schau wie ihre Augen aussehen!\" \"Und sie f\u00fchlt sich so hei\u00df an...\" \"Sie braucht ganz dringend Wasser!\" Einen Augenblick sp\u00e4ter befand sich eine Wasserflasche in meinen H\u00e4nden, an der ich jetzt dankbar nippte. \"Liz - deine Aufopferungsbereitschaft in allen Ehren, aber es ist nicht Sinn der Sache, hier einen Kreislaufkollaps zu bekommen, weil du so dehydriert bist.\", redete Kaya mir ins Gewissen. \"Und jetzt: Trink die Flasche aus! Keine Sorge, wir haben neues Wasser bekommen.\" Das zu h\u00f6ren erleichterte mich und ich tat, wie mir befohlen wurde. Einen Moment sp\u00e4ter f\u00fchlte ich mich schon viel \u0001 \u0002 ich geschlafen hatte, war also die Gruppe aus dem Wald zur\u00fcckgekehrt. Ich war nicht aufgewacht, obwohl ihre Ankunft viel Aufregung verursacht hatte: 4 Personen kamen vollbeladen mit Fr\u00fcchten und aufgef\u00fcllten Flaschen zur\u00fcck, da sich relativ nah gl\u00fccklicherweise ein kleiner S\u00fc\u00dfwassersee befand, wie sie erz\u00e4hlten. Die 5. Person jedoch, ein M\u00e4dchen mit strohblonden Haaren, kam humpelnd und gest\u00fctzt von einem Jungen, der ihr Freund zu sein schien, zur\u00fcck. Ihr Name war Hannah und sie war ebenfalls 18, wie ich h\u00f6rte. Ich bekam sie an dem Tag nicht mehr zu Gesicht, weil sie sich in eine der H\u00fctten zur\u00fcckgezogen hatte, doch Kaya erz\u00e4hlte von einer ziemlich tiefen blutigen Wunde am Bein, die sie notd\u00fcrftig verbunden hatten. Anscheinend war Hannah von irgendeinem Tier angefallen worden.\"Lukas, so hei\u00dft ihr Freund, sagte, dass er sofort zu ihr gerannt war, nachdem er sie schreien h\u00f6rte. Ein kleines ratten\u00e4hnliches Tier mit messerscharfen Z\u00e4hnen hatte sich in ihr Bein verbissen und er schaffte es nur mit einem Stock, sie davon zu befreien.\", schloss Kaya ihren Vortrag. Ich blickte erschrocken in Kayas sch\u00f6ne Katzenaugen, in denen ein besorgter Ausdruck lag. \"Luisa hatte Recht...\", murmelte ich, \"der Wald ist gef\u00e4hrlich.\"",
            "wordcount": "943",
            "chapter_release": "13.03.2017",
            "chapter_number": "8"
        },
        "9": {
            "text": "Ich bin in ein ziemlich gro\u00dfes Motivationsloch gefallen, weil ich gestern ein extralanges Kapitel vorbereitet hatte und es dann dank meines bl\u00f6den Laptops weg war *cry*Ich kann das alles jetzt nicht nochmal haarklein nacherz\u00e4hlen, daher werden ich dieses Kapitel jetzt grob zusammenfassen und hoffe, ihr seid mir deshalb nicht b\u00f6se...W\u00fcrde mich \u00fcbrigens sehr \u00fcber ehrliche Reviews freuen! :)-------------------------------------------------------------------------------------------Gegen Abend kam die zweite Erkundungsgruppe zur\u00fcck. Sie brachten uns die Nachricht, dass wir uns auf einer Insel befanden, da sie diese von einem Berg aus komplett \u00fcberblicken konnten. Anton, ein wahres Mathegenie (allerdings ganz und gar nicht wie ein typischer Streber mit seinem durchtrainierten K\u00f6rper und den wasserstoffblonden Haaren), erkl\u00e4rte uns, dass sie von dieser H\u00f6he aus ca. 20km weit schauen konnten und errechnet damit die gesch\u00e4tzte Fl\u00e4che der Insel auf 400km\u00b2 (so gro\u00df wie K\u00f6ln). Nirgendwo hatten sie ein Zeichen von Zivilisation gesehen. Luisa meinte, normalerweise w\u00fcrden die Personen nach einem solchen Vorfall innerhalb von 24 Stunden geborgen und nun war schon viel mehr Zeit vergangen. Wahrscheinlich w\u00fcrde es Probleme geben, den Absturzort zu bestimmen und es k\u00f6nnte noch unbestimmte Zeit dauern, bis Hilfe eintreffen \u0001 \u0002 dieser Erkenntnis waren alle schockiert, doch bei der gemeinsamen Abendrunde ums Lagerfeuer konnten sie f\u00fcr einen Moment die Situation vergessen und es herrschte eine sch\u00f6ne Atmosph\u00e4re. Als Luisa uns bat, die Aufteilung auf die 6 H\u00fctten regeln, brach Aufregung aus wie wenn es fr\u00fcher auf Klassenfahrt ging. Schlie\u00dflich sieht es wie folgt aus:H\u00fctte 1: Hannah und ihr Freund Lukas (zu zweit, da sie verletzt ist und Ruhe braucht)H\u00fctte 2: Eine vierk\u00f6pfige Familie: Martin und Sybille mit ihren kleinen T\u00f6chtern Liv und AlexaH\u00fctte 3: Kaya, Keno, Rick und ich (ich finde es nicht schlimm, mit den Jungs die H\u00fctte zu teilen, da wir sowieso keine Kleidung dabei haben und uns nicht umziehen m\u00fcssen oder sonstiges)H\u00fctte 4: Will, Anton und ein anderer Junge mit dunlen Haaren, die er als Zopf tr\u00e4gt, namens LeviH\u00fctte 5: drei sehr h\u00fcbsche und leider ETWAS eingebildet wirkende M\u00e4dels namens Brenda (gro\u00df und schlank mit eisblauen Haaren), Cecilia (Aussehen wie eine Barbie) und Alisar (tolle dunkle Locken)H\u00fctte 6: Luisa, Yolanda (eine Frau Mitte 30 mit knallpinken kurzen Haaren) und Ruben (ein richtiger Muskelprotz mit t\u00e4towierten Armen)-------------------------------------------------------------------------Sorry nochmal wenn das jetzt keine super Lesefreude war, das n\u00e4chste Kapitel kommt bald!",
            "wordcount": "387",
            "chapter_release": "17.03.2017",
            "chapter_number": "9"
        }
    },
    "title": "Flug in den Dschungel",
    "topic": "unspecified",
    "release": "\n06.03.2017\n\t\t\t\t\t\t",
    "author": "Solanacea"
}