{
    "tags": [],
    "chapcount": "4",
    "wordcount": "14.147",
    "chapters": {
        "1": {
            "text": "Ein Traum wird wahrMein Name ist Annie. Ich bin nicht wie meisten M\u00e4dchen in meinem Alter, weil ich Interesse mich nicht f\u00fcrs shoppen oder auf Partys zu gehen. Lieber hocke ich Tage lang vor dem TV und schaue Anime oder zocke einige \u0001 \u0002, mein bester Freund, versteht mich einigerma\u00dfen mit meinem Hobby und er meint genau darum mag er mich so wie ich bin. Aber...Ihn st\u00f6rt es jedoch das wenn er mich auf Partys mitnimmt das ich da meist abwesend bin und zu oft am Handy bin, weil ich lieber meine Spiele spiele. Die M\u00e4dchen die dort sind meiden Kontakt mit mir, weil ich mich nicht so kleide wie sie sondern eher \u201enormal\u201c und nicht so rausgeputzt wie eine \u0001 \u0002 Jungs sind eher nicht mein Geschmack und wenn ich dann doch mal ein Gespr\u00e4ch mit ihnen anfange kommt so eine blonde Barbie daher gelaufen und schnappt ihn sich. Vermutlich da es ihr nicht passt das er mit mir spricht. Das st\u00f6rt mich eher weniger, weil ich laufe jemand fremden garantiert nicht \u0001 \u0002 Eduard w\u00e4hrenddessen macht? Ganz einfach seine Freundin Emilia, die einzigste die mich au\u00dfer ihm akzeptierte wie ich bin, ist dauerhaft bei ihm und machen immer irgendwo rum. Also bin ich indirekt \u0001 \u0002 st\u00f6rt es mich wie gesagt eher weniger, weil meine R\u00fcckzugsort ist einzig und alleine meine Spielwelt oder die Welt der Anime. W\u00e4re mein Leben wie in einem Anime w\u00fcrde ich vermutlich mehr genie\u00dfen oder wie in einem Videospiel. Tagtr\u00e4umerei ist ein Merkmal von mir, weil in diesen bin ich \u00f6fters \u0001 \u0002 Tages jedoch erschien diese eine Brille und dieses eine Spiel das alles \u00e4ndern sollte...Es war die NW-Brille, ausgeschrieben: NewWorld-Brille also Neue Welt-Brille. Jeder der den Anime Sword Art Online gesehen hat, sowie ich. Wollte genauso eine Brille, weil mit dieser wird gesagt das man in die Welt genauso eintauchen kann und man Charakter den man erstellt wirklich selbst spielt. Ich dachte mein Traum wird war. Zus\u00e4tzlich kam ein Spiel mit dem Namen The awakening Heroes mit raus und es gab dies als B\u00fcndle. Was machte ich also? Ich kratzte all mein gespartes zusammen um es mir zu leisten. Es war schlie\u00dflich ziemlich teuer und wenn es h\u00e4lt was es verspricht werde ich es keine Sekunde \u0001 \u0002 getan. Als ich Zuhause mit diesem f\u00fcr mich Gottes Geschenk war packte ich selbst verst\u00e4ndlich direkt aus. Ich steckte schlie\u00dflich alles wie in der Anleitung beschrieben an und zitterte nebenbei, weil ich war so \u0001 \u0002 erledigt nun wurde es Zeit mich selbst davon zu \u00fcberzeugen. Ich setzte die Brille auf und das erste was vor meinen Augen erschien waren die AGB's. Dann kam ich zu einem Ladebild als ich danach das Spiel startete. Es wurde kurz schwarz und dann sah ich pl\u00f6tzlich irgendjemanden in einem Spiegel. Ich blinzelte \u00f6fters, weil das war nun ich. Das war nun also die Charaktererstellung. Vor mir leuchteten dann direkt Texte auf die beschrieben was ich nun tun muss um mir meinen Charakter \u0001 \u0002 Anfang war es ziemlich schwer aber ich bekam es dann einigerma\u00dfen hin und ich war jetzt schon ziemlich erstaunt wie es sich \u0001 \u0002 Charakter gab ich schulterlanges hellblaues Haar und nicht wie meine braunes schulterlanges Haar. Ihre Augen machte ich gr\u00fcnlich und nicht br\u00e4unlich wie die meinen, weil ich immerhin mich nicht direkt selbst erstellen wollte. Nun war ich bei der Auswahl der Klasse die ich spielen m\u00f6chte. Es gab insgesamt 5. Den Schwertk\u00e4mpfer, Magier, Unterst\u00fctzer, Berserker und \u0001 \u0002 wollte aufjedenfall einen Fernk\u00e4mpfer spielen, weil das eher meine Klassen waren und ich \u00fcberlegte zwischen Magier und Sch\u00fctze. Der Sch\u00fctze war kein Bogensch\u00fctzer sondern einer mit Gewehren in beiden H\u00e4nden, was ihn interessant machte. Magier spielte ich immer aber schlussendlich entschied ich mich anders und zwar f\u00fcr den Unterst\u00fctzer. Ich wollte einfach etwas neues und mit Gewehren wollte ich nicht unbedingt k\u00e4mpfen. Au\u00dferdem war der Unterst\u00fctzer einem Magier \u00e4hnlicher als \u0001 \u0002 Ende der Charaktererstellung war nun erreicht und zwar das Schwierigste meinerseits und zwar der Name. Ich entschloss mich dann f\u00fcr den Namen Lucia und mit nachdem ich kurz tief eingeatmet habe best\u00e4tigte ich das ich das Spiel beginnen \u0001 \u0002 war es endlich soweit...-Die neue Welt-Als ich in der Welt war war ich wie versteinert. Es sah alles so echt aus, so wundersch\u00f6n und vor allem riesig. Ich sah weniger Spieler aber ich denke das ist ganz normal, weil ab heute war der erste Kauftag des Spiels. Einiger \u00fcberlegen sich vermutlich noch ob sie es sich holen oder nicht und warten auf \u0001 \u0002 wurde direkt angezeigt und erkl\u00e4rt wie ich mich bewege. Meine erste Aufgabe erschien und ich musste mit einem Stadtm\u00e4dchen sprechen. Dieses Gef\u00fchl in dieser Welt zu sein erf\u00fcllte alles was ich mir je ertr\u00e4umt hatte. Ich lief also zu diesem M\u00e4dchen und sie sagte \u201eMina ist mein Name. Willkommen in unserer Hauptstadt Torian. Du bist neu hier oder?\u201c Ich antworte ihr ganz normal und sie erkl\u00e4rte was meine erste Aufgabe sei und zwar die Monster vor dem Hof zu vernichten. Sie erkl\u00e4rte mir auch das ich zum Soldaten der Stadt gehen soll der mir meine Ausr\u00fcstung und Waffe geben \u0001 \u0002 Soldaten angekommen sagte er sp\u00f6ttisch \u201eNeu also. Du solltest vermutlich erstmal den Kampf erlernen! Das wird nicht leicht also falls du die Tests beim ersten Mal schaffst bekommst du alles.\u201c Er hielt anscheinend nicht viel von \u0001 \u0002 darauf erhielt meine \u00dcbungsstab. Mir wurden die Aufgaben angezeigt und gezeigt wie ich k\u00e4mpfen kann. Mein Angriffszauber war Blitzschlag und ich machte kaum schaden aber schaffte es dennoch auch wenn ich kurz vor dem Tod war, weil ich mich erst an diese eigene Steuerung gew\u00f6hnen musste immerhin ist es nicht mehr nur Kn\u00f6pfe \u0001 \u0002 Schutzzauber war der Schild der mich und meinen Partner vor angriffen f\u00fcr einige Sekunden \u0001 \u0002 Aufgaben erledigt bekam ich einen gr\u00fcn leuchtenden Stab und ein Gewand das meine Verteidigung \u0001 \u0002 kam jetzt schon ins gr\u00fcbeln ob ich die falsche Klasse genommen habe aber ich wollte erst noch weiter mit der selben Klassen spiele, weil es ist immerhin alles eine \u0001 \u0002 vor dem Tor angekommen sah ich erneut einige Spieler von jeder Klasse die diese Aufgabe in Angriff genommen haben. Sie stellten sich auch nicht besonders besser als ich an was mich leicht zum schmunzeln brachte und ich ebenfalls die Aufgabe in Angriff \u0001 \u0002 musste ich zur\u00fcck zu Mina. Sie gab mir als Belohnung einige Rubine und eine Kapuze f\u00fcr weiteren Schutz. Er erreichte das 2. Level und schlussendlich gab sie mir eine Karte der \u0001 \u0002 Augen rissen sich auf, weil diese Stadt war riesig! Kurz danach wurden gef\u00fchlt 100 Nebenquest angezeigt, obwohl die Aufgabe hier auf ist dachte ich mir vorerst einige Nebenquests sind sicher f\u00fcr sp\u00e4ter und zum aufleveln sind sie sicher prima!Ich erledigte also einige Nebenquests um aufzuleveln. Die Uhr in Game ging nach Echtzeit und als ich auf die Uhrzeit sah war ich geschockt, weil es schon 23 Uhr war und ich morgen arbeiten \u0001 \u0002 ich mich dann jedoch ausloggen wollte riss es mein Herz, weil ich den auslogg button nicht fand. Kurz darauf wurde ich auf den Marktplatz genau wie in Sword Art Online geportet. Alle Spieler waren hier und ich h\u00f6rte einige \u0001 \u0002 Entwickler des Spiels tauchte vor uns auf und es f\u00fchlte sich an als h\u00e4tte ich das alles schon einmal gesehen, weil es im Anime nicht anders war au\u00dfer das man den Entwickler nicht \u0001 \u0002 l\u00e4chelte und sagte \u201eEinige von euch kennen sicherlich den Anime Sword Art Online. Darum erlaubte ich mir diesen kleinen Scherz mit euch und lie\u00df den Auslog Button verschwinden. Aber keine Sorge und nehmt es mir nicht \u00fcbel, weil er wird sofort wieder da sein. Ich bin sehr erfreut das viele von euch sich entschieden haben mein Spiel zu spielen. Da ich diese Ansprache und ein herzliches Dank an alle Sprechen wollte die es sich gekauft habe musste ich ihn entfernen. Als Entsch\u00e4digung bekommt ihr die ersten 100 K\u00e4ufer einen Bonus von einigen Rubinen wenn ihr euch morgen wieder einloggt. Morgen wird es so einen Scherz nicht geben also keine Sorge. Viel Spa\u00df euch noch!\u201c Er lachte noch kurz danach war er verschwunden. Ich \u00f6ffnete erneut das Men\u00fc zum ausloggen und es war da. Ich sch\u00fcttelte l\u00e4chelnd meinen Kopf und beendete das Spiel f\u00fcr \u0001 \u0002 Reallife sa\u00df ich die Brille ab und streckte mich erst einmal. Ich lag mich direkt wieder hin und schlief, weil ich morgen ausgerechnet Fr\u00fchschicht habe in der B\u00e4ckerei der ich arbeite. Ich schlief jedoch mit einem L\u00e4cheln ein, weil ich gl\u00fccklich dar\u00fcber \u0001 \u0002 Spiel war wirklich ein Traum und ich konnte viel erledigen. Insgesamt habe ich noch alle 30 Nebenquests abgeschlossen die f\u00fcr den jetzigen Zeitpunkt vorhergesehen waren und erreichte das Level 10. Ich erlernte den Heilungszauber und den Fl\u00e4chenblitz mit den ich mehr Gegner im Umfeld besiegen kann. Morgen geht es dann mit der Hauptquest weiter und ich hoffe das Spiel entt\u00e4uscht mich weiter nicht! Eduard muss ich nat\u00fcrlich auch davon \u0001 \u0002 n\u00e4chsten Morgen ging ich schlie\u00dflich sehr \u00fcberm\u00fcdet in die Arbeit aber ich zog den Tag einigerma\u00dfen schnell durch. Eduard holte mich ab. \u201eWieso hast du dich gestern nicht mehr gemeldet?\u201c fragte er genervt und erz\u00e4hlte ihm von dem ganzen Spiel. Er freute sich f\u00fcr mich mit aber hofft ich werde immernoch Zeit f\u00fcr ihn haben. \u201eNat\u00fcrlich!\u201c antwortete ich, weil kein Spiel kann mich vom Reallife \u0001 \u0002 Monate waren dann nachdem Release vergangen. Ich spielte das Spiel jeden Tag und ich blieb beim Unterst\u00fctzer. Ich war nun auf Level 35 und ich fand mehr \u00fcber das Spiel heraus. Das Hauptziel ist es der gegnerischen Fraktion zu beweisen das die eigene Fraktion die bessere sei um die ganzen Monster und Feinde zu besiegen. Ich habe schon einige Dungeon und Hauptquests hinter mir und diese Schatteng\u00e4nger haben es wirklich Faustdick hinter den Ohren. Besonders ihre Bosse sind sehr \u0001 \u0002 gab die Fraktion Saphirorden und Rubinorden. Ich trat der Saphirorden bei und bekam ein blaues Gewand mit dem Wappen darauf. Zus\u00e4tzliche Nebenquests und Dailyquests kamen dazu. Es gab immer St\u00fctzpunkte der jeweiligen Fraktionen und wir mussten gegen sie K\u00e4mpfen, entweder der NPC's oder der Spieler die auf dem Feld waren um Punkte zu \u0001 \u0002 waren die K\u00e4mpfe hart aber zur Not schickte man in den Fraktionschat einfach das man Hilfe br\u00e4uchte und es kamen direkt welche. Momentan war die Saphirorden auf dem 1. \u0001 \u0002 gab jedoch mehr als dies zu tun, weil jeden Samstag Abend gab es zudem auch noch Gildenk\u00e4mpfe. In jede Gilde konnten nur Mitglieder der selben Fraktion und wenn 2 Gilden der selben Fraktion gegeneinander antreten mussten ging es um den Rang in der Fraktion. In der Fraktion gab es St\u00e4rke r\u00e4nge der Spieler und Gilden. Wenn es Gilden der anderen Fraktion waren ging es um \u0001 \u0002 gab es auch noch PVP-K\u00e4mpfe zum trainieren. Da waren die Gilde und Fraktionen egal sondern es ging um die \u0001 \u0002 bin der Gilde Legion beigetreten und besonders mit einem Spieler dieser Gilde versteh ich mich besonders gut. Sein Name ist BlueDragon aber ich nannte ihn immer Bl\u00fcchen. Ich machte immer mit ihm gemeinsam die Dailys und Dungeons. Ich wei\u00df nicht aber ihn mag ich einfach am liebsten und immer wenn wir miteinander sprechen strahle ich \u0001 \u0002 Spiel k\u00fcndigte dann eines Tages ein neues Update an um das Spiel noch spannender und anspruchsvoller zu machen. Es sollen Hochzeiten hinzugef\u00fcgt werden und in den Hauptregionen des Spiels, in den gro\u00dfen St\u00e4dten, soll es auch nun die M\u00f6glichkeit geben ein Haus oder Wohnung zu kaufen um dort zu \u201eleben\u201c ob mit oder ohne Partner. Immerhin gab es auch die M\u00f6glichkeit essen zu gehen um seine Energie wieder aufzuladen oder indirekt kurz zu \u0001 \u0002 diese Ank\u00fcndigung kam sagte Bl\u00fcchen direkt \u201eAlso wir werden doch sicher heiraten wenn es soweit ist oder?\u201c Ich lief knallrot an, was ich in diesem Spiel hasste, weil man das sehen konnte. Er fing das lachen an, streifte mir \u00fcber die Wange und sagte \u201eJa ich wei\u00df das es kein richtiger Antrag war.\u201c Ich sch\u00fcttelte meinen Kopf und sagte \u201eUnsinn! Das ist doch unwichtig.\u201c Er seufzte und sah in den Himmel. Er sah aufeinmal nachdenklich aus. Bis er pl\u00f6tzlich davon rannte. \u201eBl\u00fcchen! Wohin gehst du?\u201c rief ich ihm nach aber er winkte nur \u0001 \u0002 verdrehte die Augen und sa\u00df mich am gro\u00dfen Brunnen der Stadt Taumila auf die Bank. Ich versank in Gedanken. Wieso reagiere ich da so komisch wenn er sowas zu mir sagt? Mir war immerhin klar das sowas kommen w\u00fcrde. Oder hab ich es mir nur gew\u00fcnscht? Immerhin habe ich das, weil wir das beste Paar des Servers sind. Jeder der Gilde und Fraktion w\u00fcrden sich wundern wenn wir es nicht tun w\u00fcrden, weil wir immer gemeinsam alles machen. Wir waren immerhin das Dreamteam und sollten in jedem 5er Team dabei sein. Immerhin war er der st\u00e4rkste Magier der gesamten Rangliste und die beste Unterst\u00fctzerin der gesamten Rangliste. Wir halfen zudem gerne den anderen Spielern oder den \u0001 \u0002 jemand hielt mir jemand von hinten die Augen zu und ich erschrak. \u201eAhh!\u201c schrie ich auf und ich h\u00f6rte Bl\u00fcchen lachen. Ich stand direkt auf und drehte mich zu ihm um. Ich sah ihn beleidigt an aber er lief dann pl\u00f6tzlich mit einem ersten Gesichtsausdruck zu mir herum. \u201eWas?\u201c sagte ich dann leiser, weil ich diesen Ausdruck bei ihm nicht \u0001 \u0002 kniete sich aufeinmal vor mich hin und ich riss meine Augen auf. Nein! Annie \u00fcbertreibe nicht! Er will dich nur \u00e4ndern!Bevor ich etwas sagen konnte z\u00fcckte er kleine Schachtel aus seiner Tasche. Er l\u00e4chelte mich an und diesmal lief er rot an als er fragte \u201eDiesmal aber richtig bevor du dir doch einen anderen suchst. Lucia, willst du mich heiraten?\u201cIch verdrehte die Augen und sagte dann \u201eJa ich will aber jetzt steh wieder auf.\u201c Ruhig bleiben hat wenigstens funktioniert. Er l\u00e4chelte und steckte mir den Ring an den \u0001 \u0002 uns tauchte pl\u00f6tzlich eine Schrift auf wo stand BlueDragon und Lucia sind nun verlobt. In jedem Chat sah man es ebenfalls und wir bekamen Gl\u00fcckw\u00fcnsche. Wir beide fingen darauf hin lauthals das Lachen an. Er nahm mich an der Hand und rannte dann mit mir zur Blumenwiesen. Wir lie\u00dfen uns ins Gras fallen und sahen in den Himmel. Sogar dieser sah jedes Mal echt aus.\u201eLucia?\u201c fragte er dann und ich sagte ohne zu ihm zu blicken \u201eJa, Bl\u00fcchen?\u201c \u201eAlso erstens will ich das wir das 1. Ehepaar auf diesen Server werden und 2. meinst du wir bekommen dann Bonusse durch diese Ehe?\u201c fragte er dann und ich \u00fcberlegte kurz. Ich antwortete dann \u201eIch denke mal schon. Vielleicht sowas wie das wenn wir gemeinsam sind unsere Angriffskraft und Verteidigung steigt.\u201c Er fing das Lachen bevor er neckisch sagte \u201eNein.. ich meinte Bonusse das wir P\u00e4rchen Sachen machen k\u00f6nne. Sowie uns k\u00fcssen oder miteinander schlafen?\u201c Ich sah erschrocken zu ihm worauf er mich schief anl\u00e4chelte. Ich kniff meine Augen zusammen und sagte ernst \u201eSch\u00e4tzchen h\u00f6r mal zu wir sind hier nicht in Sims oder irgendeinem Spiel wo es Sinn ergeben w\u00fcrde das zu tun.\u201c Er machte dann einen Schmollmund und sagte bedr\u00fcckt \u201eSchade.\u201c bevor er wieder in den Himmel sah. Ich seufzte nur und sah ebenfalls wieder in den Himmel. Wie kommt er denn auf so eine unsinnige Idee? Liegt es daran weil wir...Pl\u00f6tzlich fiel mir ein das wir au\u00dferhalb des Spiels mit Hilfe der Chatapp f\u00fcrs Handy oft miteinander schrieben. Dieses Thema kam auch sehr oft vor. Das wir beide nicht abgeneigt w\u00e4ren miteinander zu schlafen oder uns n\u00e4her zu kommen. Jedoch haben wir nie die Nummern ausgetauscht, Wohnort genannt oder sonst was. Das einzigste was ich von ihm wei\u00df ist das er in Wirklichkeit keine gr\u00fcnen Haare sondern blondes Haar, blaue Augen hat und eine Brille tr\u00e4gt. Genau dasselbe wei\u00df er auch von mir aber ein echtes Bild sahen wir nie von dem anderen. Aber vielleicht ist es auch genau das was wir an uns beiden anziehend und interessant finden?Dieses Spiel kann man sowieso Landesweit spielen was hei\u00dft er k\u00f6nnte ewig weit wohnen und dann w\u00e4re es umsonst alles zu verraten, weil soviel Gl\u00fcck gibt es sicher nicht. Wir erledigten noch einige Quests gemeinsam aber gingen dann auch wieder aus dem Spiel. Er schrieb mir dann jedoch direkt in der Chatapp \u201eGute Nacht, meine Verlobte. Vielleicht haben wir ja doch das Gl\u00fcck und das Spiel f\u00fcgt sowas aus Spa\u00df ein?\u201c \u201eUnsinn, Gute Nacht.\u201c schrieb ich dann nur zur\u00fcck. Immer diesen doofen Spr\u00fcche aber okay wer wei\u00df was dem Entwickler alles einf\u00e4llt?Am n\u00e4chsten Tag klingelte es an meiner T\u00fcr als ich noch im Schlaf war. \u201eAnnie mach auf!\u201c rief Eduard lauthals und ich schnaufte. Ich stand \u00fcberm\u00fcdet auf und \u00f6ffnete ihm die T\u00fcre.\u201eDas war wohl kein Sch\u00f6nheitsschlaf.\u201c sagte er spottend und ich sah ihn giftig an. Ich lief weiter in die K\u00fcche um erstmal etwas zu fr\u00fchst\u00fccken. \u201eEy so war das nicht gemeint aber du zockst so viel das es kein Wunder ist das du an deinem freien Tag so aussiehst.\u201c sagte er dann und wuschelte durch meine Haare w\u00e4hrend ich mein M\u00fcsli a\u00df.\u201eWas willst du eigentlich schon so fr\u00fch hier?\u201c fragte ich dann und er antwortete \u201eErstes es ist schon 13Uhr und zweites ist es egal ob du am Samstag lieber Zeit in dem Spiel verbringen willst. Diesen Samstag musst du mit mir auf eine Hausparty gehen.\u201c Ich verdrehte die Augen aber bevor ich etwas dazu \u00e4u\u00dfern konnte sagte er \u201eNichts da! Es ist wichtig.\u201c Ich zog eine Augenbrauen hoch und fragte \u201eWichtig?\u201c \u201eJa ich habe einem Kumpel, der der die Hausparty macht, von dir erz\u00e4hlt. Er sagte er ist selbst ein leidenschaftlicher Gamer und liebt Anime, darum will er dich gerne kennenlernen.\u201c sagte er und sah mich mit einem breiten Grinsen an. \u201eErnsthaft?\u201c fragte ich erstaunt. \u201eJa klar! Gib ihm wenigstens eine Chance.\u201c sagte Eduard ernst und ich nickte. \u201eJedoch nur wenn du mich heute in Ruhe zocken l\u00e4sst, der Tag ist wichtig.\u201c sagte ich dann und grinste fies. \u201eH\u00e4? Ist ein besonderes Event?\u201c \u201eNein ein neues Update und ich will die erste sein die heute Heiratet.\u201c sagte ich dann wobei ich das lachen anfing. Eduard lachte mich aber ging nicht weiter darauf ein, weil er wusste er w\u00fcrde es sowieso nicht \u0001 \u0002 ging dann auch schon wieder und ich sah in der App das das Update vom Spiel schon kam. Das hie\u00df f\u00fcr mich ich kann erstmal den Haushalt erledigen bevor ich zocken kann und ein sch\u00f6nes hei\u00dfes Bad \u0001 \u0002 Freund von Eduard will mich also kennenlernen? Vielleicht spielt er ja auch das Spiel. Das w\u00e4re sch\u00f6n aber auch doof, weil ich nicht wei\u00df wie Bl\u00fcchen darauf reagiert, weil es zwischen ihm und mir funkt, er das Spiel spielt... Nein das ist zu weit gedacht. Ich werde Bl\u00fcchen heute heiraten und ihm erkl\u00e4ren das er Samstag ohne mich zurecht kommen mich, weil ich auf eine Hausparty \u0001 \u0002 jetzt kann ich erstmal erholen nachdem ich die Hausarbeit erledigt habe. Es geht nicht \u00fcber ein sch\u00f6nes hei\u00dfes Vollbad...",
            "wordcount": "3.182",
            "chapter_release": "24.02.2022",
            "chapter_number": "1"
        },
        "2": {
            "text": "Nachdem ich mein hei\u00dfes Bad genommen habe sah ich auf mein Handy, weil ich wissen wollte ob das Update endlich vor\u00fcber war. Jedoch beachtete ich die Uhrzeit nicht, weil ich sah das Bl\u00fcchen mir schrieb. \u201eMorgen Prinzessin.\u201c und \u201eKeine Zeit zum schreiben, weil du auf einem Date bist oder eher weil du noch schl\u00e4fst?\u201c Ich rollte meine Augen und schrieb schlie\u00dflich zur\u00fcck \u201eNat\u00fcrlich bin ich wach. Mein bester Freund kam nur kurz vorbei und danach bin ich schlie\u00dflich baden gegangen, weil das Spiel noch immer ein Update hat.\u201c\u201eDein bester Freund also, mhm? Danach gleich baden sehr interessant. Mehr Details will ich aber garnicht wissen.\u201c schrieb er dann und ich hatte das Gef\u00fchl es war mit einem Tick Eifersucht geschrieben. Um in etwas zu provozieren schrieb ich aus Spa\u00df \u201eNa, etwa eifers\u00fcchtig?\u201c Es dauerte gef\u00fchlt eine Ewigkeit bis er zur\u00fcckschrieb und ich wollte die Nachricht wieder zur\u00fccknehmen.\u201eKlar? Wer w\u00e4re denn nicht eifers\u00fcchtig wenn jemand anders mit einer so tollen Frau wie dir gemeinsam baden gehen darf?\u201c bevor ich jedoch antwortete schrieb er noch \u201eZudem bist du immerhin meine Verlobte oder nicht? Dieses Privileg sollte nur mir zustehen und das z\u00e4hlt als Betrug, also sollte ich mir vielleicht doch eine andere Frau suchen.\u201cIch war wie versteinert kurz als ich es la\u00df, weil ich nicht deuten konnte ob er das nun ernst meinte oder nicht. Immerhin sollte es ihm egal sein mit wem ich mich treffe, bade oder sonst was anstelle. Es war immerhin nur ingame das wir verlobt waren und uns \u00fcberhaupt kannten. Das hei\u00dft ja noch lange nicht das es im Reallife genauso ist oder das er mir was zusagen hatte.\u201eAlso h\u00f6r mal zu du hast mir garnichts \u00fcberhaupt zu sagen und du..\u201c fing ich an zu tippen aber er schrieb \u201eHaha, dein Gesichtsausdruck h\u00e4tte ich jetzt gerne gesehen aber bevor du dir weiter den Kopf dar\u00fcber zerbrichst es war nat\u00fcrlich nur ein Spa\u00df. Wir sind ja nicht wirklich zusammen aber heiraten musst du mich trotzdem im Spiel, haha.\u201cIch fing das Lachen an, weil er hat mich wirklich zum nachdenken gebracht und das sogar geplant! \u201eB\u00f6ses Bl\u00fcchen!\u201c schrieb ich dann zur\u00fcck und er antwortete nur mit lachenden Emotionen darauf. \u201eJedoch etwas eifers\u00fcchtig bin ich trotzdem.\u201c schrieb er dann. \u201eJa aber von mir war diese Geschichte eben auch nur ein Spa\u00df oder eher nicht so gemeint wie du denkst.\u201c antwortete ich.\u201eIhr habt also nicht miteinander gebadet?\u201c \u201eNein, er wollte nur kurz mit mir sprechen, weil er mich auf eine Party diesen Samstag mitnehmen wollte da mich einer seiner Kumpels kennenlernen will. Als er weg war ging ich dann erst baden, also nicht mit ihm!\u201cEs dauerte wieder einen l\u00e4ngeren Moment bis er schrieb bis er antwortete \u201eAchso. Das hei\u00dft diesen Samstag k\u00f6nnen wir also nicht gemeinsam weiter spielen?\u201c \u201eJa genau, weil wir zuvor etwas zu zweit wieder unternehmen werden so wie es sonst auch immer war bevor wir zu einer Party gingen.\u201c erkl\u00e4rte ich.\u201eIn Ordnung einen Tag ohne dich werde ich schon aushalten.\u201c sagte er dann aber irgendwie h\u00f6rte es sich so emotionslos an. \u201eEy, das Spiel ist mit dem Update fertig also los! Dann sind wir das erste Paar!\u201c schrieb er und schon war er als offline angezeigt. Also manchmal wei\u00df ich wirklich nicht was er denkt, weil manchmal ist er so komisch dann wieder ernst und lustig. Er hat wirklich Stimmungsschwankungen manchmal aber was solls. Immerhin bilde ich mir das sicher nur ein. Einerseits w\u00fcrde ich auch so eifers\u00fcchtig reagieren, weil immerhin schreiben wir ab und zu eben so intim \u0001 \u0002 sch\u00fcttelte schnell meinen Kopf um das alles zu vergessen, weil jetzt es wieder hei\u00dft die Welt von The awakening Heroes zu \u0001 \u0002 in der Welt wieder angekommen bekam ich direkt eine Gruppeneinladung von Bl\u00fcchen. Kurz darauf wurde ein Fenster angezeigt indem stand \u201eBlueDragon m\u00f6chte sie heute zur Frau nehmen. Stimmen sie zu? (Wenn sie ja w\u00e4hlen werden sie direkt zum Ort der Hochzeit weitergeleitet. Bei nein wird dieser Vorgang abgebrochen.)\u201c Ich w\u00e4hlte nat\u00fcrlich \u0001 \u0002 danach wurde ich zu einem Ort teleportiert den ich noch nie zuvor sah aber er war wundersch\u00f6n. Ein richtiger Hochzeitsplatz in der Natur. \u00dcberall waren wundersch\u00f6ne B\u00e4ume die Geschm\u00fcckt waren, unz\u00e4hlige Blumen aber vor allem Rosen und einige Tische. Zudem ein Hochzeitsbogen der ebenfalls mit Rosen geschm\u00fcckt worden war und vor diesem befanden sich unz\u00e4hlige St\u00fchle f\u00fcr die G\u00e4ste. \u201eG\u00e4ste?\u201c dachte ich mir, weil wir luden schlie\u00dflich keinen \u0001 \u0002 wurde jedoch direkt aus den Gedanken gerissen als ein NPC zu mir kam. \u201eHallo Lucia, ich bin hier um mit dir dein Brautkleid auszuw\u00e4hlen das du auf deiner Hochzeit tragen wirst. Vorerst besteht die Aufgabe jedoch darin das du mit deinem Partner G\u00e4ste ausw\u00e4hlen musst die erscheinen werden oder ob es eine offene Hochzeit wird bei denen alle Spieler bis dieser Raum voll ist kommen d\u00fcrfen.\u201c sagte der NPC und kurz darauf kam Bl\u00fcchen herein. \u201eAlso wie wollen wir es machen?\u201c fragte er mich dann mit einem breiten Grinsen. Ich wusste was er will also antwortete ich ebenfalls mit einem breiten Grinsen \u201eNat\u00fcrlich das alle willkommen sind oder? Jeder muss es doch sehen und mitbekommen.\u201c Er nickte und der NPC fragte \u201eAlso alle d\u00fcrfen kommen bis dieser Raum voll ist? Eine gro\u00dfe Hochzeit also?\u201c Wir stimmten beide gleichzeitig zu und der NPC sagte \u201eEs ist eingeloggt und f\u00fcr die 1. Hochzeit auf diesem Server die beste Auswahl.\u201cKurz darauf wurde Bl\u00fcchen weg teleportiert. \u201eNun ihr zuk\u00fcnftiger Ehemann wird nun ebenfalls ein Outfit aussuchen.\u201c erkl\u00e4rte sie als ich \u00fcberraschend zu ihr sah. \u201eBevor ich es vergesse zu erw\u00e4hnen. Eine geheime Nebenquest in jeder Hochzeit versteckt. Einfach aber jedoch auch schwer. Wenn eure Outfits Optisch zusammen passen erhalten sie einen besseren zus\u00e4tzlichen Titel der ihnen Bonusse geben wird. Verraten sie jedoch anderen Spiele von dieser Quest wird ihnen der Titel weggenommen, die Hochzeit wird nichtig und sie werden vorerst von Hochzeiten gesperrt.\u201c Erkl\u00e4rte sie als n\u00e4chstes und ich war erstaunt aber ich stimmte den Forderungen \u0001 \u0002 bekam ich alle beiden Kleider zu Gesicht. Sie waren beide wundersch\u00f6n und unterschiedlich geschnitten. \u201eDiese Kleider gibt es in 4 verschiedenen Farben. Helles Blau, ein helles Gelb, rot oder in klassischen Wei\u00df. Die Quest beginnt ab jetzt. Das wichtigste ist die Farbe der Schnitt der Kleider spielt dabei weniger eine Rolle.\u201c erkl\u00e4rte sie und \u00fcber mir stand Quest begonnen. Das linke Kleid war ein bodenlanges Kleid mit jedoch einem gr\u00f6\u00dferen Ausschnitt. Das rechte Kleid war Knielang und Schulterfrei, weil auf der Stoff von den Schultern herab gezogen \u0001 \u0002 Auswahl war direkt getroffen und ich nahm das rechte Kleid, weil mir der Ausschnitt eher zu freiz\u00fcgig war selbst wenn es nur ein Spiel war. Besonders f\u00fcr eine \u0001 \u0002 zog das Kleid an und es sah gleich noch besser aus. Zus\u00e4tzlich bekam ich einen Brautschleier dazu. \u201eWelche Farbe darf es sein?\u201c fragte der NPC nun. Das Kleid was ich trug war im klassischen wei\u00df. Jedoch war mir bewusst das ich eher das hellblaue nehmen sollte, weil Bl\u00fcchen vermutlich genau dasselbe von mir denkt das ich diese Farbe nehme wie ich von ihm. \u201eIch nehme es ihn hellblau.\u201c antwortete ich und das Kleid f\u00e4rbte sich im hellblauen Ton. Es war gleich noch \u0001 \u0002 l\u00e4uteten die Glocken. \u201eNun ist es soweit.\u201c sagte der NPC und die T\u00fcr \u00f6ffnete sich. Ich trat aus der T\u00fcr hinaus und sah Bl\u00fcchen von weiten schon beim NPC stehen der uns verm\u00e4hlen wird. Ich lief also erhobenes Hauptes und mit einem L\u00e4cheln im Gesicht zu ihm, wobei mir auffiel das der Raum sehr voll war. Alle aus unserer Gilde waren da, Spieler denen wir halfen waren ebenfalls da und einige Fremde ebenfalls. Es ist schlie\u00dflich ein gro\u00dfes Ereignis, weil es die erste im gesamten Spiel ist. Dazu noch die der 2 Top Spieler aber ich denke das war \u0001 \u0002 angekommen neben Bl\u00fcchen sah ich er trug ebenfalls hellblau. Er sah zu mir und sagte \u201eDu bist wundersch\u00f6n.\u201c Ich wurde rot wobei mein Herz schneller das Klopfen anfing als w\u00e4re es echt. \u201eDu aber auch.\u201c sagte ich dann und zwinkerte ihm zu woraufhin er ebenfalls leicht rot wurde.\u201eSo nun Ruhe.\u201c sagte der Pfarrer. Es wurde direkt still und er sprach weiter \u201eWir haben uns heute hier versammelt um BlueDragon und Lucia zu verm\u00e4hlen. Einen starken Magierin mit seiner gr\u00f6\u00dften Unterst\u00fctzerin in jeder Schlacht. Ein Duo das man nicht trennen kann oder gar besiegen kann wenn sie vereint sind. Eine Partnerschaft die sich jeder Spieler w\u00fcnscht.\u201cWir l\u00e4chelten uns dann gegenseitig an, weil wir dasselbe gedachten haben und zwar das es genau richtig. Gemeinsam sind wir unbesiegbar und unzertrennbar.\u201eBlueDragon.\u201c sagte der Pfarrer und BlueDragon sah ihn an. \u201eVersprichst du deine Frau, Lucia in jedem wichtigen Kampf zur Seite zustehen. Sie zu besch\u00fctzen, sie zu retten oder zu sterben wenn es darauf ankommt?\u201c \u201eJa ich verspreche es.\u201c sagte er ernst und steckte mir den Ring an meinen Finger.\u201eLucia.\u201c sagte der Pfarrer nun zu mir und ich sah ihn an. \u201eVersprichst du deinen Mann, BlueDragon in jedem wichtigen Kampf zur Seite zustehen. Ihn zu besch\u00fctzen, zu retten oder zu sterben wenn es darauf ankommt?\u201c \u201eJa, ich verspreche es.\u201c sagte ich ebenfalls ernst und steckte ihm einen Ring an seinem Finger.\u201eNun dann ist es nun besiegelt nachdem ihr eure Versprechen mit einem Kuss besiegelt habt.\u201c sagte der Pfarrer am Ende. K\u00fcssen? Ist das \u00fcberhaupt m\u00f6glich?BlueDragon sah mich an, lag seine Hand auf meine Wange und k\u00fcsste mich. Daf\u00fcr das es nicht real war f\u00fchlte es sich dennoch so echt an. Ich lag meine H\u00e4nde in seinen Nacken und k\u00fcsste ihn \u0001 \u0002 der Kuss vorbei war. Begann der Jubel und die Gl\u00fcckw\u00fcnsche allerseits. Ein Kuchen stand nun auf dem Tisch und das Festmahl hat begonnen. Wir sprachen mit allen m\u00f6glichen G\u00e4sten aber keiner von erw\u00e4hnte etwas von der Nebenquest. Immerhin war es ein Geheimnis und \u00dcberraschung. Nach der Hochzeit wurden wir alle an dem Ort zur\u00fcck gebracht wo wir herkamen. Es tauchte dann die Mitteilung auf das \u201eBlueDragon und Lucia, das 1. Hochzeitspaar w\u00fcnscht ihnen alles gute!\u201c Kurz darauf erschien die Meldung das ich nun einen neuen Titel bekommen habe \u201eWahre Liebenden.\u201c der Bonus des Titels war Verteidigung w\u00e4hrend der Anwesenheit des Ehepartners +5% und Angriff w\u00e4hrend der Anwesenheit des Ehepartners +5% (Nur wenn dieser in der selben Gruppen ist wird dieser Effekt aktiviert.). Das war wirklich ein Bonus der sich hat sehen lassen besonders f\u00fcr die K\u00e4mpfe die selbst f\u00fcr uns noch schwer waren oder die was noch kommen werden.\u201eLucia!\u201c h\u00f6rte ich eine vertraute Stimme rufen. Als ich mich zu ihr umdrehte sah ich es war niemand anders als mein Bl\u00fcchen. Er hob mich hoch und drehte mich. \u201eLass mich runter.\u201c sagte ich dann lachend woraufhin er mich absetzte. \u201eDas war wirklich der Wahnsinn und dieser Bonus Titel!\u201c fing er an zu schw\u00e4rmen und nickte zustimmend zu. \u201eSo als n\u00e4chstes w\u00fcrde ich sagen wir kaufen uns ein Haus?\u201c fragte er neckisch und stupste mich. \u201eMhm wei\u00df nicht. F\u00fcr was ist das \u00fcberhaupt sinnvoll?\u201c fragte ich dann nach. Er seufzte aber zuckte mit den Schultern. \u201eVielleicht f\u00fcr die erste Nacht als Ehepartner?\u201c fragte er dann neckisch und zwinkerte mir zu. \u201eJa genau. Tr\u00e4um weiter das funktioniert sicher nicht.\u201c sagte ich dann ernst. \u201eJa okay ertappt aber ich k\u00f6nnte sehen wie du dich umziehst.\u201c sagte er dann. Ich warf ihn daraufhin einen giftigen Blick zu und er sah unschuldig zu Boden.\u201eLass uns den Makler aufsuchen und fragen was sowas bringt.\u201c sagte ich dann ernst. Ohne eine Antwort zu erwarten lief ich schon einmal voraus. Er lief mich anschlie\u00dfend auch \u0001 \u0002 dem Makler tummelten sich ein Haufen anderer Spieler und man h\u00f6rte wie sich einer nachdem anderen freute. Anscheinend haben sie sich schon eins \u0001 \u0002 Makler vorgedrungen stellte ich die Frage \u201eWas bringt es denn jetzt eigentlich genau?\u201c \u201eGanz einfach. Dein Haus ist ein Aufbewahrungsort und Zufluchtsort. Wenn du das Spiel pausieren willst aber zu weit entfernt davon kannst du dorthin zum pausieren hingehen um sicher zu sein anstatt von der Gefahrenzone zu fl\u00fcchten. Besonders in den h\u00f6heren Ebenen wird das schwerer. Der Bonus ist bis du wieder da bist da und kannst du dich zu deinem Ausgangspunkt zur\u00fcck Teleportieren also geht nichts verloren von deinem hinterlegten Weg. Deine Sch\u00e4tze, R\u00fcstung oder Waffen kannst du dort lagern bis du sie ben\u00f6tigst und sie sind vor allem sicher aufbewahrt.\u201c erkl\u00e4rte der Makler bis er sagte \u201eWeitere Informationen nachdem n\u00e4chsten gro\u00dfen Update.\u201c\u201eSiehst du es lohnt sich.\u201c sagte Bl\u00fcchen und ich sagte \u201eJa er erw\u00e4hnte alles aber jedoch nicht das wir beide als Ehepartner in eins ziehen k\u00f6nnen also kommt das anscheinend erst noch.\u201c \u201eMhm das stimmt dann eben einzeln. Vorerst.\u201c sagte er dann dezent bedr\u00fcckt. Ich antwortete nicht und wir kauften und anschlie\u00dfend je ein \u0001 \u0002 Haus kostete je nach Gr\u00f6\u00dfe mehr Rubine. Der Witz daran war jedoch das unsere H\u00e4user alle gleich ausgestattet waren um sie zu vergr\u00f6\u00dfern f\u00fcr das Lager oder sch\u00f6nere M\u00f6bel mussten noch mehr Rubine gezahlt werden oder mit echt Geld. Ich lag darauf jedoch aber noch nicht allzu viel Wert \u0001 \u0002 das alles endlich erledigt war waren 4 Stunden vergangen. Bl\u00fcchen und ich erledigten noch einige Aufgaben und k\u00e4mpften uns gemeinsam eine Ebene h\u00f6her um den Bonus zu testen. Es lief ausgezeichnet und Dungeons bei denen wir es schwer hatten liefen nun auch wie am \u0001 \u0002 erholten uns dann in einem Park als es Abends war und redeten \u00fcber den ganzen Tag den wir wieder gemeinsam erlebten.\u201eLucia?\u201c fragte er dann und ich sah ihn fragend an. \u201eWenn das mit dem Typen der dich kennenlernen will funktioniert. Wirst du mich und das Spiel dann hinten anstellen?\u201c fragte er dann bedr\u00fcckt. \u201eIch wei\u00df nicht, wenn er auch spielt k\u00f6nnten wir ja mit ihm spielen aber vermutlich auch nicht mehr zu oft.\u201c antwortete ich dann. Immerhin will er dann vermutlich auch viel Zeit mit mir verbringen und ich mit ihm im Reallife.\u201eHm.. okay.\u201c sagte er dann. \u201eAber stell dir mal vor ich w\u00e4re der Typ und wir w\u00fcrden uns im Reallife nicht wirklich stehen. Was w\u00e4re dann?\u201c fragte er dann und ich sah ihn erstaunt an \u201eSpinnst du? Als ob wir uns nicht verstehen w\u00fcrden! Ich denke das w\u00e4re eine der Sch\u00f6nsten dinge die passieren k\u00f6nnen.\u201c Er sah mich neckisch an und fragte \u201eAchja?\u201c Ich sch\u00fcttelte meinen Kopf und sagte \u201eJa klar. Wir sind ein gutes Team und verstehen uns so Prima. Warum dann nicht aus Zufall wirklich begegnen und auch wenn es dann nicht passt nur Freunde sein?\u201cEr sah mich leicht traurig aber dann wieder fr\u00f6hlich an und sagte \u201eDa hast du recht. Dann mach ich deinem besten Freund Konkurrenz.\u201c Er fing das lachen an und ich lachte mit \u0001 \u0002 im Reallife treffen w\u00e4re wirklich sch\u00f6n. Er versteht mich wie ich bin und das tun nur so wenige. Eine Person mehr die mich versteht w\u00e4re schon sehr \u0001 \u0002 loggten uns beide schlie\u00dflich aus. Jedoch war es mal wieder so eine Art Abend in der wir noch bis in die Nacht hinein schrieben. Erst normal und dann intim. Wir beendeten gegenseitig unsere S\u00e4tze die wir vorgegeben haben und sie wurden umso perverser und erotischer das ich sie in meinen Kopf drangen. Bildlich stellte ich mir alles vor. Ich wollte ihn und er mich genauso. Es fehlte nur das er hier \u0001 \u0002 w\u00e4re das nicht schlimm genug. Ich denke langsam eher das wenn wir uns begegnen w\u00fcrden das wir wie wilde Tiere \u00fcbereinander herfallen w\u00fcrden. Alleine weil dann diese kleine Bilder wieder in den Kopf kommen und man es dann wirklich ausleben will mit der Person wo man sie \u0001 \u0002 sollte ich einfach mal den Schritt wagen und zu einem pers\u00f6nlichen Treffen animieren oder w\u00fcrde es dann die Situation zerst\u00f6ren? W\u00e4re das Gef\u00fchl dann dahin oder w\u00fcrde es mehr entfachen?",
            "wordcount": "2.618",
            "chapter_release": "01.03.2022",
            "chapter_number": "2"
        },
        "3": {
            "text": "Die restliche Woche bis dann Samstag war verlief ganz ''normal''. Das hie\u00df das ich normal mit Bl\u00fcchen zockte, also unsere t\u00e4glichen Quest machten, wir abends wieder miteinander schrieben bis wir schlafen gingen und nat\u00fcrlich das ich arbeiten \u0001 \u0002 Freitag erhielten dann alle in Game die Information das am morgen, also am Samstag, das Spiel f\u00fcr alle geschlossen, weil das n\u00e4chste gro\u00dfe Update kam. Es gingen die Ger\u00fcchte herum um was es sich handeln k\u00f6nnte. Zum Beispiel: 2. Haus f\u00fcr Ehepartner, mehr Aktivit\u00e4ten f\u00fcr Ehepartner und das man allgemein mehr mit ihm machen kann, weil bis jetzt nur m\u00f6glich war den Partner zu k\u00fcssen oder zu tanzen. Nat\u00fcrlich kam dann auch das Ger\u00fccht das Intimit\u00e4t mit einflie\u00dfen soll. Ich halte das f\u00fcr Unsinn, weil wieso sollte man das tun? Hat man denn davon im richtigen Leben irgendwas? Naja okay f\u00fcr manche Singles w\u00e4re es bestimmt mal sch\u00f6n auch wenn es nur virtuell w\u00e4re. Bl\u00fcchen erlaubte sich als wir das Ger\u00fccht h\u00f6rten nat\u00fcrlich die besten Witze von allen oder Kommentare dazu. Das wir dann vermutlich keine Zeit mehr f\u00fcr unsere Quests h\u00e4tten sondern nur noch anderweitig besch\u00e4ftigt w\u00e4ren und noch viel mehr Unsinn. Ich machte mir daraus nicht wirklich viel, weil ob sie das wirklich ins Spiel einbauen werden ist noch nicht offenbart und es gab auch sonst keine Information \u0001 \u0002 war jedoch gut das Samstag keiner spielen konnte, weil so hatte ich auch nicht den Drang dazu und k\u00f6nnte es vielleicht etwas genie\u00dfen um nicht nur meiner Sucht \u0001 \u0002 gr\u00fcbelte sowieso die ganze Zeit was diese Begegnung mit dem Fremden oder allgemein dieser Party mir bringen kann. Immerhin war ich seit Jahren schon alleine, weil es nie wirklich funktioniert hat und keiner meine Leidenschaft verstand. Niemand f\u00fchlte so wie ich f\u00fcr die Anime die ich schaute oder die Lust am Zocken. F\u00fcr mich geh\u00f6rt das dazu, weil die Interessen immerhin \u00fcbereinstimmen sollten. Selbst wenn ich vielleicht nicht die Liebe meines Lebens treffen werde, treffe ich vielleicht dennoch jemanden mit dem ich die Nacht verbringen kann. Ja richtig geh\u00f6rt. Nicht zum Reden sondern f\u00fcr die Lust die sich all die Zeit in mir angestaut hat. Besonders seitdem ich Bl\u00fcchen soviel dar\u00fcber \u0001 \u0002 meinte auch spa\u00dfeshalber zu mir ob ich nicht schon verstaubt bin, weil er es ebenfalls wusste wie lange es her \u0001 \u0002 wieso sollte ich nicht einfach mal meinen Spa\u00df haben?Es war nun dann soweit es war Samstag Morgen als ich aufwachte. Das erste was ich machte war zu fr\u00fchst\u00fccken und auf mein Handy zu schauen. Die erste Nachricht was ich la\u00df war von Eduard \u201eMorgen, also ich komm dich um 14 Uhr zu dir und dann putzen wir dich richtig raus. Das ist hoffentlich bis 16 Uhr fertig, weil wir uns dann mit Emilia treffen.\u201c Emilia.. Seine Freundin das hei\u00dft anscheinend sie ist auch mit auf der Party. Das ist gut, weil so sind wenigstens schon mal 2 dabei die ich kenne und mich verstehe.\u201eAlles klar. Jetzt \u00fcbertreibe aber mal nicht so!\u201c antwortete ich, weil wir brauchen sicher keine 5 Stunden oder l\u00e4nger bis ich fertig bin. Es war sowieso erst 10 Uhr das hei\u00dft ich habe noch genug Zeit zum duschen und mir selbst was aus dem Schrank zu suchen. Ich brauche ja wohl sicher nicht seine Hilfe. Sonst muss ich schlie\u00dflich noch pink tragen so wie seine Freundin immer und gerne trug aber das war nun mal nicht \u0001 \u0002 l\u00e4chelte pl\u00f6tzlich, weil ich dann die Nachricht von Bl\u00fcchen sah \u201eMorgen Prinzessin, hoffe du hast gut geschlafen.\u201c \u201eMorgen, ja und ich hoffe du auch.\u201c antwortete ich zur\u00fcck, danach machte ich mich schlie\u00dflich auf den Weg ins \u0001 \u0002 nahm erstmal eine erfrischende Dusche und lief dann mit dem Handtuch umgebunden ins Schlafzimmer. Jetzt muss ich mal schauen was ich anziehen kann. Das war jedoch nicht ganz so einfach, weil ich unsicher \u0001 \u0002 Handy vibrierte und ich sah das Bl\u00fcchen schrieb \u201eIch hoffe du hast heute deinen Spa\u00df auf der Party aber vergiss mich blo\u00df nicht!\u201c \u201eSchwachsinn. Dich k\u00f6nnte ich doch niemals vergessen. Naja ob es Spa\u00df macht mal schauen, immerhin hab ich jetzt schon Probleme damit zu entscheiden was ich anziehe.\u201c\u201eHei\u00dft das du bist gerade nackt?\u201c fragte er und ich sah in meinen Gedanken das er jetzt ein dummes Grinsen im Gesicht hat. \u201eNicht ganz. Ein Handtuch trage ich schlie\u00dflich noch.\u201c Er schrieb dann nur einen lachenden Emotion \u0001 \u0002 erstes sollte ich vermutlich erst f\u00fcr die Unterw\u00e4sche die ich tragen werde entscheiden. Dann fiel es mir auf. Ich sah noch aus wie der Grinch . Ich flitzte ins Badezimmer und sprang nochmals unter die Dusche. Keine Intimit\u00e4t zu haben oder diesen Drang f\u00fcr irgendwen h\u00fcbsch zu sein. Ich ekelte mich schon vor mich selbst, weil ich mein \u00c4u\u00dferes zu vernachl\u00e4ssigte. Jedoch sah es niemand au\u00dfer mir aber da es heute nicht so sein sollte muss das alles wieder perfekt aussehen als w\u00e4re es immer so. Schlussendlich war ich wieder \u00fcberall glatt wie ein Babypo. Die Beine sahen nicht mir mehr aus wie die eines Mannes und naja der Urwald war auch entfernt. Alleine jetzt f\u00fchlte ich mich schon entschlossen und um einiges besser. Ich sollte es wirklich nicht mehr so vernachl\u00e4ssigen das bringt mich im Leben schlie\u00dflich auch nicht weiter voran oder ver\u00e4ndert etwas an meinem allein sein. Schlie\u00dflich kann man auch aus Zufall mal eine richtige Person treffen und dann w\u00e4re sowas \u0001 \u0002 im Schlafzimmer durchst\u00f6berte ich meine Unterw\u00e4sche. Dann war in meinem Gesicht ein breites Grinsen, weil ich genau das Richtige f\u00fcr meinen heutigen Plan fand. Mein schwarzer BH mit leichten R\u00fcschen und der meine Brust besonders schon hervorhob zudem noch der passende String. Somit war das erste Hindernis geschafft als ich mich selbst im Spiegel betrachtete war ich sehr zufrieden mit meinem \u00e4u\u00dferen. Aber was trage ich oben dr\u00fcber? Es soll schlie\u00dflich nicht zu sehr auffallen das ich willig bin oder wie eine die naja mit jedem in die Kiste steigt, weil das war wiederum auch nicht mein \u0001 \u0002 durchst\u00f6berte meinen Schrank und fand einiges was ziemlich gut passen w\u00fcrde. Die Frage war nur was davon ziehe ich am besten an?Ich nahm mir all die Outfit Kombinationen aus dem Schrank und legte sie zurecht. Die Entscheidung war dennoch zu schwer und ich seufzte. Da klingelte es dann an der T\u00fcr. Als ich auf die Uhr sah bemerkte ich es war schon 14 Uhr das hei\u00dft es war schon Eduard! Ich schmiss mir meinen Bademantel dr\u00fcber und ging zur T\u00fcr. Als ich sie jedoch \u00f6ffnete war nicht nur Eduard da sondern auch Emilia.\u201eOh..\u201c kam nur von Eduard und Emilia fragte \u201eDas Outfit?\u201c Ich nickte nur, wobei ich leicht wurde, weil ich nur im Bademantel vor ihnen stand. Sie kamen schlie\u00dflich mit in die Wohnung. \u201eEs tut mir leid aber ich dachte wenn Emilia gleich mit kommt wird es leichter.\u201c sagte Eduard entschuldigend. \u201eVermutlich hast du recht, weil ich hab mir zwar einige Outfits rausgesucht aber ich kann mich nicht entschieden welches am besten w\u00e4re. Also 2 Meinungen sind vermutlich besser als eine.\u201c sagte ich wobei ich \u0001 \u0002 l\u00e4chelte begeistert, weil sie liebte sowas ja. Meine Farbauswahl wird ihr jedoch nicht wirklich gefallen, weil sie nur dunkel ist und nicht wirklich bunt. Sie trug wie immer ein pinkes Oberteil und einen wei\u00dfen Rock mit hohen \u0001 \u0002 liefen dann in mein Schlafzimmer und Emilias Gesichtsausdruck wurde schon leicht bedr\u00fcckt, weil sie es sah wie dunkel alle Farben waren. \u201eTypisch Annie alles schlicht und dunkel.\u201c sagte Eduard dann und lachte \u0001 \u0002 sahen sich meine drei Ausgesuchten Klamotten genau an. Das erste war Bodycon Minikleid in schwarz das \u00c4rmellos war aber das gefiel beiden nicht so recht. \u201eEs zeigt zu viel deiner Haut und das w\u00fcrde nicht ganz passen besonders da du keine passenden Schuhe dazu hast.\u201c sagte Emilia und Eduard \u0001 \u0002 zweite Outfit war ein schlichtes T-Shirt mit einer blauen Jeans aber das gefiel ihnen genauso wenig, weil es angeblich zu langweilig war. Ich akzeptierte die \u0001 \u0002 dritte Outfit war wieder etwas anders, weil es war eine kurze schwarze Jeans mit wenigen L\u00f6chern und ein bauchfreies Schwarzes Top dazu. \u201eDas w\u00e4re doch was.\u201c kam von Eduard aber Emilia \u00fcberlegte. \u201eDarf ich kurz was nachschauen?\u201c fragte Emilia mit einem L\u00e4cheln. Ich nickte nur und sie \u00f6ffnete meinen Kleiderschrank und suchte. Es dauerte gef\u00fchlt eine Ewigkeit aber schlussendlich rief sie \u201eNa endlich gefunden!\u201cSie zog mein dunkelblaues Mesh Tank Top aus dem Schrank und ich war erstaunt das es \u00fcberhaupt noch besa\u00df. Es war ein Top das oben schwarz aber durchsichtig war zudem war es bauchfrei. Aber das gute an dem Top war das man keinen BH tragen musste, weil es extra daf\u00fcr angefertigt war.\u201eDas Oberteil und dann deine Lederjacke dr\u00fcber inklusive deine Chucks als Schuhe und dann bist es voll und ganz dazu.\u201c sagte Emilia mit einem breiten L\u00e4cheln und ich war \u0001 \u0002 verlie\u00dfen mein Schlafzimmer damit ich mich umziehen konnte. Im Spiegel betrachtete ich mich und ich war beeindruckt. Bevor ich jedoch zur\u00fcck zu ihnen ging machte ich nochmal einen Abstecher ins Badezimmer. Ich stylte meine Naturlocken, schminkte mich nur ganz dezent und lag etwas Parf\u00fcm auf. Zur\u00fcck bei ihnen waren beide dann begeistert. \u201eDer Wahnsinn!\u201c sagte Eduard begeistert und Emilia sagte \u201eIch sagte ja das bist genau du. Nicht zu viel aber auch nicht zu wenig.\u201c Schlussendlich war alles \u0001 \u0002 wir los gingen um noch was essen zu gehen sah ich auf mein Handy \u201eNa schon entschieden was du anziehst?\u201c fragte Bl\u00fcchen und ich gab fix die Antwort \u201eKlar. Perfektes Outfit, also ich gefalle mir selbst sehr gut.\u201cIm Restaurant angekommen bestellten wir uns unsere Speisen und ich sp\u00fcrte dann ein vibrieren \u201eOhoh das w\u00fcrde ich wirklich zu gerne sehen.\u201c schrieb er. \u201eJa aber bei dir h\u00e4tte ich vermutlich nicht lange an.\u201c antwortete ich mit einem L\u00e4cheln. \u201eWieso l\u00e4chelst du denn so, Annie?\u201c fragte mich Emilia pl\u00f6tzlich was mich aus meinen Gedanken riss. \u201eEhm..\u201c bekam ich nur raus. \u201eSie schreibt bestimmt gerade mit ihrem Ehemann.\u201c sagte dann Eduard sp\u00f6ttisch und ich warf ihn einen b\u00f6sen Blick \u0001 \u0002 sah uns beide fragend an. Ich erkl\u00e4rte ihr dann alles. Ich erz\u00e4hlte ihr vom Spiel, von BlueDragon und alles was zu erkl\u00e4ren gab. Das wir etwas intim miteinander schrieben ging ihr jedoch nichts an, genauso wie meine Gedanken mit \u0001 \u0002 hob einen Finger und sagte \u201eH\u00f6r mal. Diesen BlueDragon wirst du heute Abend bestimmt komplett vergessen, weil diese Nacht wird sicher unvergesslich und er soll dich dabei nicht st\u00f6ren.\u201c Ich verdrehte nur meine Augen und winkte ab was sie sagte. Bevor sie etwas sagen konnte kam schon unser Essen. Ich wei\u00df selbst das ich mich davon nicht ablenken lassen darf, weil sonst h\u00e4lt mich ja jeder f\u00fcr mich und ich werde auch keinen Spa\u00df haben. Das mit ihm ist ja auch nur virtuell. Es darf nicht auch noch mein Privatleben im echten Leben einnehmen, weil er ist immerhin nicht in Wirklichkeit bei \u0001 \u0002 er es jedoch h\u00e4tte ich nicht allzu viele Probleme.. Ich sch\u00fcttelte meinen Kopf um die Gedanken wieder zu vergessen, weil es nicht Tr\u00e4umerei. Immerhin ist die Wahrscheinlichkeit nicht sonderlich hoch das wir uns sicher irgendwann begegnen werden und es so w\u00e4re wie gew\u00fcnscht. Man muss es unterscheiden k\u00f6nnen ich das werde ich heute versuchen, weil sonst ist wirklich alles \u0001 \u0002 Essen vibrierte mein Handy erneut und da wir uns jetzt auf den Weg zur Party machten sah ich schlussendlich noch einmal drauf. \u201eIch werde nicht mehr soviel schreiben. Immerhin wirst du sicher jetzt besch\u00e4ftigt sein und ich muss auch los, weil mein Kumpel spontan feiern gehen will. Also sind wir beide besch\u00e4ftigt. Ich w\u00fcrde zwar lieber zocken aber dank dem Update ist es ja nicht m\u00f6glich. Also viel spa\u00df, meine Prinzessin.\u201c schrieb er und ich war von jetzt auf gleich erleichtert, weil er jetzt auch besch\u00e4ftigt war. Er wird mich also nicht ablenken k\u00f6nnen oder st\u00e4ndig schreiben, genauso wenig wie ich.\u201eAlles klar, dann w\u00fcnsche ich dir auch viel Spa\u00df, mein Prinz. Sp\u00e4testens morgen k\u00f6nnen wir sicher wieder unsere Zeit besser verbringen.\u201c antwortete ich und stellte mein Handy komplett auf Stumm um auf Nummer sicher zu \u0001 \u0002 Haus des Kumpels von Eduard und Emilia angekommen sah man direkt das die Party langsam im Gang war, weil die Lichter leuchteten bunt und die Musik h\u00f6rte man bis nach drau\u00dfen. Ich atmete tief ein bevor wir das Haus \u0001 \u0002 Haus war es voll, weil anscheinend war es doch keine kleine Party wie ich dachte. Die Musik war einigerma\u00dfen in Ordnung aber das was mich wunderte war jedoch das hier sogar eine Bar war, inklusive Barkeeper. Anscheinend hat der Typ Geld.\u201eLasst uns mal die Getr\u00e4nke kosten.\u201c sagte Eduard breit grinsend, woraufhin wir uns auf den Weg zur Bar machten. Ich war die einzigste von uns dreien die sich hinsetzte. Emilia und ich bestellten uns einen Cocktail und Eduard sich ein Bier. Es schmeckte wirklich gro\u00dfartig.\u201eWo ist denn jetzt der Typ der Annie kennenlernen will?\u201c fragte Emilia neugierig aber Eduard kippte nur sein Bier nach hinten. Die selbe Frage stellte ich mir jedoch auch aber okay der Abend war noch \u0001 \u0002 vergingen zwei Stunden und es kam noch niemand. Es hat sich aber etwas ver\u00e4ndert, weil alle immer mehr angetrunken waren. Eduard ist mit Emilia auf die Tanzfl\u00e4che und tanzen innig miteinander. Ich sa\u00df noch immer an der Bar und langweilte mich, weil ich alleine war. Ich seufzte. Diesen Abend hab ich mir anders vorgestellt aber es ist wie jede andere Party auch. Eduard verschwindet und ich bin alleine. Lag es an mir? Immerhin kam auch niemand zu mir der mich ansprechen wollte oder \u0001 \u0002 Drang kam mein Handy zu z\u00fccken und Bl\u00fcchen zu fragen ob ihm auch so \u00f6de sei wie mir oder einfach nur irgendwas am Handy zu zocken. Das w\u00e4re aber falsch! Ich muss selbst handeln und etwas anders sein wie sonst!Ich bestellte mir einen Shot und kippte ihn runter, woraufhin ich erneut einen bestellte. \u201eNa na alleine macht das Shots kippen keinen Spa\u00df oder?\u201c fragte mich dann eine fremde Stimme woraufhin ich mich umdrehte. Es war ein Mann mit hellbraunen Haaren und blauen \u0001 \u0002 kam Eduard zur\u00fcck und lag einem Arm um diesen Mann \u201eEyy! Wir haben schon solange auf dich gewartet.\u201c Er sah dann zu Eduard woraufhin er erkl\u00e4rte \u201eIch hatte noch etwas zu erledigen darum wurde es etwas sp\u00e4ter.\u201c Eduard winkte ab und sagte, wobei er zu mir zeigte \u201eEgal. Das hier ist aufjedenfall meine beste Freundin Annie von er ich erz\u00e4hlt habe.\u201c Seine Augen waren direkt auf mich gerichtet. \u201eSch\u00f6n dich kennenzulernen. Ich bin Finn.\u201c sagte er mit einem L\u00e4cheln, woraufhin ich zur\u00fcck l\u00e4chelte. Eduard machte dann direkt kehrt zur\u00fcck zur Emilia. Er h\u00e4tte ruhig noch gerne etwas hier bleiben \u0001 \u0002 sa\u00df sich neben mich, woraufhin er nochmal 2 Shots bestellte. Einen nahm er den anderen gab er mir \u201eIch sagte ja alleine macht es doch keinen Spa\u00df.\u201c \u201eJa aber jetzt bin ich wie es scheint nicht mehr alleine.\u201c Er l\u00e4chelte zu mir und wir kippten in gemeinsam hinter.\u201eDu bist also dieses M\u00e4dchen das lieber zockt und Anime schaut anstatt feiern zu gehen?\u201c fragte er mich. \u201eJa genau, weil dieses Feiern und betrinken ist einfach nicht meine Welt.\u201c antwortete ich.\u201eVerstehe aber mich freut es dennoch das du heute gekommen bist. Ich muss aber schon sagen du bist echt sehr h\u00fcbsch.\u201c sagte er dann l\u00e4chelnd. Ich wurde direkt etwas rot im Gesicht aber freute mich umso mehr, weil so ein Kompliment h\u00f6rte ich schon lange nicht mehr.\u201eDanke, du siehst auch nicht schlecht aus. Aber sag schon, wieso wolltest du mich kennenlernen?\u201c ich fiel mit der T\u00fcr direkt ins Haus, weil die Neugier plagte mich. Es muss immerhin einen Grund \u0001 \u0002 zuckte l\u00e4ssig mit den Schultern und sagte \u201eWei\u00df nicht. Eduard erz\u00e4hlte von dir und ich fand dich interessant.\u201c Wow. Entweder l\u00e4sst er den coolen raush\u00e4ngen oder das war wirklich schon alles.\u201eEduard erz\u00e4hlte das du auch gerne zockst und Anime schaust.\u201c sagte ich. Sein Blick wurde tr\u00fcb als w\u00fcrde er nicht gerne dar\u00fcber reden. \u201eJa naja ab und zu mal. Ich bin jedoch eher der Feiertyp.\u201c antwortete er. Ich drehte meinen Kopf weg und seufzte, weil er war anscheinend auch nur so jemand. Naja das hei\u00dft ja noch nichts. Wenn er nicht f\u00fcr die Liebe taugt dann eben f\u00fcr den \u0001 \u0002 drehte sich zu mir und fragte \u201eWillst du noch was trinken?\u201c Ich nickte, woraufhin er mir einen Shot und einen Cocktail bestellte. Als ich vom Cocktail einen Schluck nahm merkte ich direkt er war etwas st\u00e4rker als der zuvor. Ist das Absicht? Ich fing an zu zweifeln, weil er machte auch nicht wirklich den Anschein als h\u00e4tte er Interesse. Au\u00dfer daran mich abzuf\u00fcllen damit er seinen Spa\u00df mit mir haben \u0001 \u0002 stand mit seinem Drink auf und sagte \u201eKomm mit, wir setzen uns woanders hin.\u201c Da ich indirekt mindestens auch heute nur meinen Spa\u00df haben wollte spielte ich mit. Also folgte ich ihm bis zu dem Bereich wo 2 Sofas gegen\u00fcberstanden und je 1 daneben. Wir sa\u00dfen uns gemeinsam auf eins.\u201eNa wer ist denn da?\u201c fragte dann eine fremde m\u00e4nnliche Stimme. Als wir uns zu dieser Stimme umdrehte kamen 2 M\u00e4nner auf uns zu. Einer mit schwarzem Haar und gr\u00fcnen Augen, der andere mit blondem Haar und blauen Augen.\u201eWas machst du denn hier, Tobi?\u201c fragte Finn den schwarzhaarigen Mann. \u201eDasselbe wollte ich dich auch fragen.\u201c antwortete aber sah dann mich \u201eAaah, anscheinend bist du nicht alleine hier.\u201c sagte er spitzb\u00fcbisch und \u0001 \u0002 lag eine Hand in den Nacken und meinte gelassen \u201eJa kennst du mich anders?\u201c Was? Kennst du mich anders? Also ist das so einer. Ich verdrehte meine Augen nur und sah zu Eduard. Er hatte seinen Spa\u00df mit Emilia. Innerlich sp\u00fcrte ich dann eine Traurigkeit, weil ich wusste ich h\u00e4tte auch gerne so jemanden. Jemanden den ich Lieben kann und der mich liebt. Damit ich mit ihm Spa\u00df haben kann nicht mit so jemanden wie diesen Finn.\u201eUnd wer ist der Typ bei dir? Bist du jetzt doch aufs andere Ufer \u00fcber gesprungen?\u201c fragte Finn dann Tobi. \u201eUnsinn. Das ist mein Kumpel Dean.\u201c antwortet dann Tobi, woraufhin Dean gelangweilt sagte \u201eJa ungewollt wurde ich leider mit geschleppt.\u201cTobi setzte sich schlussendlich mit Dean gegen\u00fcber von uns aufs Sofa. Ich sah genervt in die Luft, weil genau das hat ja auch noch gefehlt.\u201eDarf ich die Sch\u00f6nheit nach ihren Namen fragen?\u201c fragte mich dann Tobi wobei er mich anl\u00e4chelte. \u201eMein Name ist Annie.\u201c antwortete ich l\u00e4chelnd und ich sah nebenbei das sich Dean Kopfh\u00f6rer in die Ohren steckte. Er hatte anscheinend wirklich keine Lust hier zu sein.\u201eAnnie ein sehr sch\u00f6ner Name f\u00fcr so eine sch\u00f6ne Frau.\u201c sagte er und zwinkerte dabei. Ich l\u00e4chelte aber bevor ich antworteten konnte sagte Finn genervt \u201eSuch du dir lieber dein eigenes Spielzeug bevor du dir meins nehmen willst.\u201c Spielzeug? Okay jetzt geht er zu \u0001 \u0002 drehte mich zu Finn und sah ihn mit fiesen Blick an, woraufhin ich ihn am Kinn packte und sp\u00f6ttisch sagte \u201eDein Spielzeug? Das meinst du ja wohl selbst nicht ernst oder? Immerhin musst du wohl den Unterschied lernen zwischen Besitzer und Spielzeug.\u201cPl\u00f6tzlich waren alle Blicke auf uns gerichtet, weil ich anscheinend etwas zu laut sprach. Finn schlug meine Hand weg und sagte \u201eIch seh nicht so auf Dominas.\u201cIch verdrehte die Augen, schnalzte die Zunge und sagte ernst \u201eDa w\u00e4re ich mir nicht so sicher, weil immerhin behandelst du anscheinend Frauen wie ein Spielzeug also sollte man wohl dich mal eher wie einen Hund behandeln, damit du meinst wie das ist.\u201cEr riss seine Augen erstaunt an, weil er jetzt erst merkte was ich ihm damit sagen will. Das Getuschel fing ebenfalls an.\u201eAnnie, was ist hier los?\u201c fragte Eduard erstaunt als er zu uns kam. \u201eGanz einfach, diesem Typen hier musste anscheinend mal die Meinung gesagt werden und jemand sollte ihn mal ordentlich erziehen.\u201c antwortete ich sp\u00f6ttisch. \u201eEdi, ich sagte dir ja das es genauso enden wird. Immerhin l\u00e4sst sich Annie nicht mit sich spielen.\u201c sagte Emilia dann \u0001 \u0002 sah Eduard fragend an. \u201eAlso das war ja nicht..\u201c fing Eduard an wurde jedoch von Finn unterbrochen \u201eSag mal wer meinst du wer du bist?\u201c schrie er mich \u0001 \u0002 drehte mich zu ihm um, lag meine Hand auf seinen Mund, sto\u00df seinen Kopf leicht nach hinten und sagte ernst \u201eHat dir irgendjemand erlaubt zu sprechen, du Hund?\u201c Das Gel\u00e4chter begann und ich sah kurz in meinen Augenwinkel das selbst Dean der Kopfh\u00f6rer in seinen Ohren hatte einen herausnahm und schmunzelte.\u201eIch meinte es ja nicht b\u00f6se, sondern wollte nur das du auch mal deinen Spa\u00df hast und ich dachte Finn w\u00e4re der richtige daf\u00fcr. Jedoch hatte ich keinen Plan das er gleich so einen Arsch raush\u00e4ngen l\u00e4sst.\u201c sagte Eduard entschuldigend wobei er mich traurig \u0001 \u0002 fing das Lachen an und sagte dann \u201eDa hattest du aber recht, weil meine Spa\u00df hatte ich jetzt eindeutig.\u201c Ich l\u00e4chelte Eduard an. Finn stand w\u00fctend auf woraufhin er das Zimmer direkt \u0001 \u0002 die Lage sich wieder etwas beruhigt hatte kam eine Frau zu mir und klopfte mir auf die Schulter \u201eDas war Prima, weil genau das hat der Spast mal gebraucht aber keine hat sich je getraut.\u201c Ich grinste sie an, woraufhin ich antwortete \u201eDas f\u00e4llt einen ziemlich leicht wenn man das \u00f6fters mal macht.\u201c Sie sah mich fragend an und ich erkl\u00e4rte, auch wenn ich ahnte das es wieder alles ruinieren k\u00f6nnte \u201eIch bin leidenschaftlicher Zocker und auch ich als Frau pfeife den Leuten mal was, sei es in der Gilde oder einfach so.\u201cSie fing das Lachen an aber sagte dann grinsend \u201eDas sollte ich auch mal probieren, weil dann trau ich mich sowas vielleicht auch mal.\u201cWir unterhielten uns und tranken gemeinsam dann noch etwas bevor sie zur\u00fcck zu ihren Freundinnen \u0001 \u0002 schnaufte gen\u00fcsslich aus, weil endlich mal jemand mit dem man sich normal unterhalten konnte. Wir tauschten sogar Nummern aus, weil sie auch Anime gerne \u0001 \u0002 ich nach vorne sah merkte ich das Tobi und Dean immernoch vor mir sa\u00dfen. \u201eDeine Aktion eben war echt genial aber seine Aussagen neben dir fand sogar ich bescheuert. Ich meine nur bei seinen Kumpels kann er ja so angeben aber nicht vor einer Frau selbst.\u201c sagte dann Tobi wobei er die Augen rollte.\u201eJa bei manchen kann er das vielleicht machen aber bei mir kann er das vergessen.\u201c sagte ich dann. \u201eIch denke er war von Anfang schon so komisch oder nicht?\u201c fragte er dann, woraufhin ich nickte. \u201eWieso hast du es dir dann solange gefallen lassen?\u201c fragte er \u0001 \u0002 schmunzelte leicht und sagte verlegen \u201eAlso wenn ich ehrlich sein darf dann, weil ich dachte ich nehme das einfach mal so hin das ich diesen Abend beziehungsweise Nacht mal wieder etwas Spa\u00df zu zweit haben kann. Jedoch entschied ich mich dann um, weil bevor er mich so behandelt bleib ich doch lieber alleine.\u201cTobi fing das Lachen an das ihm sogar eine Tr\u00e4ne hinunter kullerte aber mir selbst war das zu d\u00e4mlich das ich mit ihm lachte. Als er sich wieder zusammenrei\u00dfen konnte sagte er l\u00e4chelnd \u201eAlso deine direkt und ehrliche Art ist wirklich beneidenswert.\u201c Sein Blick wurde ernst und sagte \u201eAber mal ganz ehrlich du siehst wirklich bombe aus, also brauchst du sicher nicht ihn um Spa\u00df zu haben.\u201c\u201eJa aber irgendwie kam es mir so vor als w\u00e4re er die einzigste Wahl daf\u00fcr, weil nur er mit mir sprach.\u201c sagte ich dann. Tobi seufzte und erkl\u00e4rte \u201eDas ist so eine Masche von ihm, weil er den anderen immer verbietet mit ''seiner'' zu sprechen oder anzugraben wenn er jemanden im Visier hat.\u201cIch schlug eine Hand gegen meine Stirn und sch\u00fcttelte meinen Kopf, weil Finn war ja wirklich unglaublich.\u201eAber sag mal..\u201c fing Tobi an und ich sah ihn fragend an. Will er mich jetzt fragen ob ich meine Nacht mit ihm verbringen will?\u201eDu hast davon geredet das du zockst und gerne Anime schaust. Darf ich fragen was du gerne schaust?\u201c fragte er dann l\u00e4chelnd. \u201eJa klar! Also letztens habe ich Hunter x Hunter fertig angeschaut aber ich schau am liebsten solche Anime mit Magie wie Fairytail, Black Clover oder auch Tokyo Ghoul. Eigentlich gerne alle. Schaust du auch gerne Anime?\u201c erz\u00e4hlte ich begeistert und fragte neugierig. Ich sah das Dean fragend zu uns sah aber dennoch beide Kopfh\u00f6rer drinnen hatte.\u201eOoh das sind wirklich alles Klasse Anime. Ja klar! Ich schaue die auch gerne am liebsten mag ich aber Dragonball. Jedes Mal und immer wieder spannend.\u201c sagte er dann begeistert zur\u00fcck. Wir unterhielten uns dann viel \u00fcber weitere Anime die wir gerne anschauen. Nebenbei sah ich fragende Blicke von Dean aber er gab kein Wort von sich. Vermutlich da ich wir uns so euphorisch unterhielten.\u201eZockst du denn auch gerne?\u201c fragte ich dann neugierig. Er sch\u00fcttelte seinen Kopf mit der Antwort \u201eNicht so wirklich. Ich setzte mich lieber nur vor den TV um Anime zu schauen.\u201c \u201eSchade.\u201c sagte ich aber l\u00e4chelte dennoch, weil ich mich freute das wir wenigstens ein gemeinsames Hobby hatten.\u201eWas zockst du denn Momentan?\u201c fragte er dennoch. Meine Augen fingen das Strahlen an und ich antwortete begeistert \u201eDas beste Spiel das ich bis jetzt spielte. Es hei\u00dft The awakening Heroes.\u201c Tobi sah kurz nachdenklich aus aber bevor er etwas antworteten konnte z\u00fcckte ich mein Handy und zeigte ihm Bilder vom Spiel die im Internet waren.\u201eWow das Spiel sieht echt beeindruckend aus.\u201c sagte Tobi dann und ich nickte bevor ich jedoch antworten konnte sah ich das mir Bl\u00fcchen schrieb. Ich konnte mich trotzdem nicht zur\u00fcckhalten und sah nach was er schrieb. \u201eNa wie l\u00e4uft es bei dir so?\u201c fragte er nur.\u201eIch geh mal kurz wohin.\u201c sagte Tobi und stand auf. Ich nickte nur und antwortete nebenbei \u201eAnfangs schrecklich, aber ich hab dann meine Standpauke gehalten und unterhalte mich gerade mit einem wirklich sympathischen Typen. Bei dir so?\u201c\u201eOoh also bist du in Wirklichkeit auch so wie ingame? Ja mir ist ziemlich \u00f6de. Ein sympathischer Typ also?\u201c fragte er. \u201eEifers\u00fcchtig?\u201c fragte ich und grinste vor mich hin.\u201eIch kann mir gerade dein doofes Grinsen vorstellen als w\u00e4rst du vor mir.\u201c antwortete er. Bevor ich antwortete kam Tobi schon zur\u00fcck.\u201eAlso wo waren wir stehen geblieben? Achja bei dem Spiel. Erz\u00e4hl mir mal bisschen davon vielleicht spiele ich es dann auch.\u201c sagte er dann neckisch mit einem zwinkern zu \u0001 \u0002 Handy lag ich nicht aus der Hand aber ich sagte dann \u201eEs ist wirklich mit ausreichend Quests best\u00fcckt. Letztens kam erst ein Update das man sogar ein Haus kaufen kann und heiraten kann.\u201c \u201eHeiraten im Spiel?\u201c fragte er dann neugierig. \u201eJa genau und das gibt dann mit etwas Gl\u00fcck auch einen Bonus.\u201c erkl\u00e4rte ich und meine Gedanken waren wieder bei Bl\u00fcchen.\u201eBist du ingame schon verheiratet?\u201c fragte er dann und ich nickte. \u201eoho schade, aber erz\u00e4hl doch mal wie ist denn dieser Typ?\u201c fragte er mit \u0001 \u0002 verdrehte die Augen und sagte \u201eAlso sein Name ist BlueDragon. Er ist wirklich ein echt lieber Kerl aber er \u00e4rgert mich auch ziemlich das ich ihm auch mal sagen muss. Wir waren das erste Paar das geheiratet hat und sind zudem einen der Topspieler des Spiels. Er ist schon was ganz besonderes und auch ein Fall f\u00fcr sich.\u201c Ich bemerkte es garnicht aber ich l\u00e4chelte vor mich als ich von ihm erz\u00e4hlte. \u201eHaha daher also kannst du so gut sprechen genauso wie bei Finn.\u201c sagte Tobi und lachte. Ich lachte mit ihm aber ich h\u00f6rte abrupt auf als ich zuf\u00e4lligerweise auf mein Handy dabei sah.\u201eDu bist auch was besonderes und ein Fall f\u00fcr sich, Prinzessin.\u201c kam pl\u00f6tzlich von Bl\u00fcchen. Woher? Wie? \u201eWas?\u201c fragte ich erstaunt zur\u00fcck.\u201eIch wei\u00df genau das du es gerade gesagt hast.\u201c antworte er nur kurz und knapp. Ich bin verwirrt und wei\u00df nichts mehr.\u201eIst irgendwas?\u201c fragte Tobi und sah mich besorgt an. \u201eNein nein, ich schreibe nur gerade mit BlueDragon nebenbei.\u201c antwortete ich. \u201eAchso okay.\u201c sagte Tobi nur. \u201eDu scheinst dich echt gut mit ihm unterhalten zu k\u00f6nnen.\u201c schrieb Bl\u00fcchen.\u201eBl\u00fcchen.. Bist du hier?\u201c fragte ich dann und er antwortete \u201eZuf\u00e4lligerweise ja und ich h\u00f6r jedes Wort seitdem du das Spiel erw\u00e4hnt hast.\u201cIch drehte mich \u00fcberall rum um ihn zu sehen aber das war d\u00e4mlich immerhin wusste ich nicht wie er aussieht. \u201eDu bist aber wirklich genauso sch\u00f6n wie ich es mir immer vorgestellt habe.\u201c schrieb er. Tobi schien irgendwas zu sagen aber meine Gedanken waren nur noch bei ihm. Er ist hier! Er sieht und h\u00f6rt mich. Ich will ihn auch sehen..\u201eWo bist du? Ich will dich auch sehen..\u201c sagte ich dann und blickte etwas traurig aufs Handy, weil es innerlich mein Herz zerriss. \u201eSchau nicht so traurig, ich bin n\u00e4her als du denkst.\u201c sagte er dann und ich hob meinen Kopf. Mein Kopf blickte direkt zu Dean, dem Mann der die ganze Zeit so ruhig war und keinen Ton von sich \u0001 \u0002 Blicke trafen sich und bemerkte er hielt sein Handy in der an. \u201eDu hast mich gefunden.\u201c schrieb er. Nachdem ich es la\u00df und zu ihm sah l\u00e4chelte er mich an. Es war gef\u00fchlt das sch\u00f6nste L\u00e4cheln das ich jemals sah, woraufhin ich ebenfalls \u0001 \u0002 war als w\u00e4re ich aufeinmal in einem Traum, weil alles so schnell ging. Ich stand pl\u00f6tzlich auf, meine F\u00fc\u00dfe trugen mich hin zu ihm und ich fiel ihn um den Hals. In meine Augen schossen die Tr\u00e4nen aber nicht aus Trauer sondern, weil ich pl\u00f6tzlich von Gl\u00fcck so erf\u00fcllt \u0001 \u0002 sp\u00fcrte wie sich seine starken Arme um mich legten und er mit seiner Hand \u00fcber meinen Kopf streichelte wobei er mir ins Ohr fl\u00fcsterte \u201eDu brauchst doch nicht zu weinen, Prinzessin.\u201cAls ich mich von ihm l\u00f6ste und ihm in die Augen sah wischte er mir meine Tr\u00e4nen aus dem Gesicht aber ich sah das ihm auch eine Tr\u00e4ne entwichen war. Es schien als w\u00e4re er genauso gl\u00fccklich dar\u00fcber wie ich es war.\u201eBl\u00fcchen..\u201c fl\u00fcsterte ich leise wobei ich meine Stirn an seinen Kopf lag. Es f\u00fcllte sich einfach alles an wie ein Traum und als w\u00e4re nur noch er und ich in diesem Raum, weil ich niemand anderen mehr wahr \u0001 \u0002 es tats\u00e4chlich die Realit\u00e4t oder war es nur eine Warnvorstellung, weil ich zu viel getrunken hatte? Ist es wenn ich wieder aufwache alles vorbei? Das einzigste was ich gerade ist das ich mir w\u00fcnsche das dieser Moment nicht endet.",
            "wordcount": "5.063",
            "chapter_release": "15.03.2022",
            "chapter_number": "3"
        },
        "4": {
            "text": "Als ich alles endg\u00fcltig realisiert hatte sah ich ihn gespielt w\u00fctend an und fragte gespielt w\u00fctend \u201eWieso hast du mir nicht gesagt das du so nah bei mir wohnst?!\u201c Er sah mich dann schr\u00e4g an aber l\u00e4chelte dann wobei er antwortete \u201eGanz einfach, Prinzessin. Ich wusste schlie\u00dflich selbst nicht wo du wohnst.\u201cIch verdrehte die Augen aber l\u00e4chelte ihn ebenfalls an. Timo sah uns beide fragend an und fragte schlie\u00dflich \u201eIhr kennt euch also?\u201c Dean seufzte kurz aber antwortete dann leichte genervt \u201eJa wie du siehst schon.\u201c Ich verstand nicht wieso er so genervt antwortete. Timo sah nachdenklich aus aber schlug sich dann selbst an die Stirn und fing das Lachen an, weil er anscheinend nun verstand. \u201eDas hei\u00dft also Annie ist Lucia von der du so oft gesprochen hast.\u201c sagte Timo wissend und grinste dabei breit. \u201eBlitzmerker.\u201c antwortete Dean \u0001 \u0002 bevor ich etwas darauf sagen konnte kam Eduard mit Emilia zu uns. \u201eHaben wir was verpasst?\u201c fragte Emilia. Eduard jedoch sah mich bedr\u00fcckt an und fragte besorgt \u201eIst alles gut? Hast du geweint?\u201cIch wischte schnell meine restlichen Tr\u00e4nen noch weg und l\u00e4chelte Eduard an. Dean stand pl\u00f6tzlich auf und ging auf Eduard zu. Er sah ihn von oben bis unten genau an wobei Eduard ihn fragend ansah. Dean lachte kurz auf und sagte sp\u00f6ttisch \u201eDa war ich ja komplett umsonst eifers\u00fcchtig.\u201c\u201eEifers\u00fcchtig?\u201c fragte Emilia dezent gereizt und sah ver\u00e4rgert zu Eduard. Eduard war wie versteinert, weil er nichts verstand. Ich musste mir ein Lachen zur\u00fcckhalten.\u201eEhm wer zum Geier bist du und wieso eifers\u00fcchtig?\u201c fragte er dann Dean. Dieser grinste jedoch nur doof und sagte monoton \u201eNaja. Ich dachte eben das du anders bist oder anders aussieht aber naja meine Eifersucht war grundlos, also ende.\u201cIch sah wie in Eduard die Wut aufstieg aber bevor ich was sagen konnte sah er w\u00fctend zu Emilia, seiner Freundin. \u201eJetzt wei\u00df ich wieso Annie weinte! Sie hat von diesem Schmierlappen herausgefunden das du was mit ihm hast! Ich bin wirklich entt\u00e4uscht, weil eine andere Erkl\u00e4rung kann es daf\u00fcr sicher nicht geben.\u201c sagte Eduard w\u00fctend und etwas lauter, woraufhin Emilia geschockt zu ihm sah. \u201eEduard...\u201c fing Emilia traurig an aber er h\u00f6rte ihr nicht zu, weil er zu mir lief. Er streichelte meine Wange, nahm meine Hand und sagte mit Tr\u00e4nen in den Augen \u201eAlles ist gut, solange wir uns haben. Lass uns aber bitte schnell von hier verschwinden.\u201c Er versuchte zu L\u00e4cheln damit ich mir nicht umsonst Sorgen um ihn machte aber genau das Tat ich gerade.\u201eWarte!\u201c sagte ich laut und im ernsten Ton zu ihm. Er erschrak sich kurz, weil ich ihn bis jetzt noch nie so anschrie. \u201eH\u00f6r mir zu.\u201c sagte ich dann wieder etwas ruhiger und er sah mich fragend \u0001 \u0002 lag jemand eine Hand auf Eduards Schulter, es war die von Dean. Eduard drehte sich zu ihm um aber bevor er ihn anschreien konnte sagte Dean ernst, w\u00e4hrend er ihm entschuldigend ansah \u201eEs tut mir wirklich leid das jetzt so ein Missverst\u00e4ndnis aufgetreten ist. Ich habe nichts mit deiner Freundin, weil ich kenne sie nicht einmal au\u00dferdem ist sie \u00fcberhaupt nicht mein Typ.\u201cEduard sah man an das er erstaunt war aber er sah dann entschuldigend zu Emilia die ihn leicht w\u00fctend ansah. Vermutlich sprach Dean zuerst mit Emilia um das aufzukl\u00e4ren, weil sie noch nicht w\u00fctend gegangen war. Immerhin w\u00e4re das verst\u00e4ndlich gewesen, weil Eduard einfach eine Schlussfolgerung annahm ohne weiter zu hinterfragen. Er war nicht wirklich der Schlauste.\u201eIch bin Dean aber anderseits bin ich auch BlueDragon, falls dir das mehr sagt.\u201c sagte dann Dean und l\u00e4chelte zu mir.\u201eBlueDragon...\u201c murmelte Eduard. Er sah mich daraufhin mit weiten Augen und erstaunt an. \u201eDer BlueDragon??\u201c fragte er ganz hektisch und ich nickte mit einem \u0001 \u0002 fiel auf die Knie und sagte \u201eOh man ey das war wirklich das Letzte womit ich gerechnet h\u00e4tte..\u201c Er sah dann entschuldigend zu Emilia hoch, woraufhin er traurig sagte \u201eEs tut mir so leid. Es h\u00e4tte mir ja eigentlich bewusst sein m\u00fcssen aber damit hab ich wirklich nicht gerechnet und nur das klang logisch f\u00fcr mich.\u201c Emilia ging auf ihn zu und umarmte ihn. Sie fl\u00fcstere ihm irgendwas ins Ohr was nicht zu verstehen war aber Eduard l\u00e4chelte dann gl\u00fccklich, also war das Genug, weil somit alles wieder in Ordnung \u0001 \u0002 sa\u00dfen uns dann schlie\u00dflich alle gemeinsam wieder aufs Sofa und unterhielten uns wobei wir nebenbei noch etwas trunken. Der Abend war schlussendlich noch gerettet f\u00fcr uns \u0001 \u0002 die Party sich zu Ende neigte verlie\u00df uns zuerst Timo, weil er anscheinend eine kennengelernt hatte. Danach verlie\u00dfen uns Emilia und Eduard.\u201eSo und was machen wir zwei h\u00fcbschen jetzt noch?\u201c fragte mich Dean und ich zuckte nur mit den Schultern, weil ich pl\u00f6tzlich ziemlich sch\u00fcchtern wurde. Immerhin waren wir nun alleine. Das machte mich nun etwas \u0001 \u0002 ich mein Gesicht weg drehte, weil ich sp\u00fcrte wie es sich r\u00f6tet drehte Dean jedoch meinen Kopf wieder direkt zu sich. Er grinste mich an wobei er dann sagte \u201eOh so sch\u00fcchtern kennt man dich ja garnicht, Prinzessin.\u201c \u201eEs ist immerhin jetzt was anderes.\u201c murmelte ich vor mich \u0001 \u0002 lachte kurz auf aber fragte dann schlie\u00dflich \u201eWillst du noch was trinken oder m\u00f6chtest du gehen?\u201c \u201eAlso trinken m\u00f6chte ich nichts mehr und gehen, wohin sollten wir denn gehen?\u201c fragte ich ihn dann. \u201eEntweder bringe ich dich Nachhause oder du kommst mit zu mir. Das kannst du frei entscheiden.\u201c sagte er dann im ruhigen Ton. Das war tats\u00e4chlich f\u00fcr mich eine schwere Entscheidung, weil ich wusste was passieren w\u00fcrde wenn ich mit zu ihm gehe. Immerhin kenne ich ihn nicht pers\u00f6nlich so gut, sondern nur ingame und das war vielleicht ganz anders. Ich wei\u00df auch nicht ob wenn ich mit zu ihm gehe wie es endet, weil wir schrieben ja immer so intim. Was ist wenn es dann so sein wird? Wird das dann Folgen haben? Mein Herz bebte, weil es war f\u00fcr mich, wenn ich jetzt wirklich zugebe, Liebe auf den ersten Blick war, nachdem ich wusste wer er \u0001 \u0002 waren vermutlich immer die Gef\u00fchle die ich versteckte, weil ich mir dachte es k\u00f6nnte nie was aus uns werden. Immerhin wussten wir nie woher der andere kommt und meistens wohnen solche Leute immer am Ende der \u0001 \u0002 muss jedoch meinen Mut zusammen nehmen, weil ich m\u00f6chte ihn noch besser kennenlernen und das ist jetzt meine Chance.\u201eLass uns zu dir gehen.\u201c antwortete ich dann mit einem L\u00e4cheln, woraufhin wir dann auf den Weg zu ihm \u0001 \u0002 nahmen kein Taxi, weil er sagte er wohne nicht allzu weit weg, au\u00dferdem konnten wir so besser noch miteinander reden. Haupts\u00e4chlich unterhielten wir uns \u00fcber unser Spiel. Als ich dann zitterte, weil es mich leicht fr\u00f6stelte da es schon sp\u00e4t abends war lag mir Dean seine Jacke \u00fcber meine Schultern. Ich wurde direkt rot aber zum Gl\u00fcck sah man das nicht, weil es zu dunkel war. Mir wurde direkt um einige Grad w\u00e4rme, weil es sich so anf\u00fchlte als w\u00fcrde ich seine W\u00e4rme \u0001 \u0002 ihm angekommen sah ich mich direkt etwas unauff\u00e4llig um. Die Wohnung war nicht sonderlich aufger\u00e4umt aber auch nicht verw\u00fcstet, also eher wie bei mir. Es war eine ganz normale Wohnung au\u00dfer das er so wie ich einiges Merch hatte von paar Spielen oder \u0001 \u0002 sa\u00dfen uns dann gemeinsam auf sein Sofa im Wohnzimmer. Wir redeten wieder, aber \u00fcber was wohl? Nat\u00fcrlich erneut unser Spiel. Irgendwie sah ich ihm an das er genauso nerv\u00f6s war wie ich, weil es doch etwas komisch \u0001 \u0002 m\u00f6chte aber mehr \u00fcber wissen und \u0001 \u0002 fragte schlie\u00dflich um das Thema zu wechseln \u201eMagst du auch Anime?\u201c Eine einfache schlichte Frage das es wenigstens nicht nur dasselbe Thema war. Vielleicht lockert das etwas unser beiden Stimmungen?Wir unterhielten uns eine zeit lang \u00fcber Anime, aber nachdem das Gespr\u00e4ch beendet war herrschte Stille. Diese Situation war gerade einfach schrecklich und unangenehm. Als h\u00e4tten wir uns nicht mehr zu sagen als nur \u0001 \u0002 sa\u00dfen eine Stunde gef\u00fchlt stillschweigend auf seinem Sofa. Wir wechselten nur kurz Blicke aber keine sagte ein Wort und wir drehten uns auch schnell wieder von einander weg. Es war so als w\u00e4ren wir kleine Kinder, obwohl wir beide schon erwachsen waren. Aber vermutlich geht ihm genauso viel durch den Kopf wie mir gerade. Ob es dasselbe ist wie bei mir?\u201eLucia..\u201c sagte Dean dann etwas leise, woraufhin ich ihn ansah. \u201eOh Annie meinte ich nat\u00fcrlich. Es tut mir leid.\u201c sagte er dann und ich sagte \u201eNicht so schlimm. DU kannst mich nennen wie du willst.\u201c Ich l\u00e4chelte ihn an, woraufhin er leicht genervt sagte \u201eEs ist schei\u00dfe das zuzugeben aber ich bin \u00fcberfordert.\u201cIch sah ihn mit gro\u00dfen Augen an, spielte dann mit meinen Fingern wobei ich leise sagte \u201eJa nicht nur du.\u201cEr sah mich mit einem sehr gl\u00fccklichen L\u00e4cheln an wobei er sagte \u201eIch h\u00e4tte nie gedacht das wir uns jemals wirklich sehen w\u00fcrden. Ich dachte das bleibt alles nur im Spiel so aber umso gl\u00fccklicher bin ich dich wirklich bei mir zu haben. Als w\u00e4re es ein Traum oder so.\u201c\u201eEs ist gl\u00fccklicherweise mehr als ein Traum aber ich kann es auch kaum glauben.\u201c sagte ich dann bevor ich traurig zu Boden sah und es einfach rauslie\u00df \u201eIch w\u00fcnsche mir die ganze Zeit das ich aus diesem Traum nie wieder aufwache. Das du wirklich gerade bei mir bist aber auch das ich nicht so sch\u00fcchtern bin aber ich wei\u00df nicht wie ich mich verhalten. Mein Herz rast gef\u00fchlt das ich denke es springt gleich aus meiner Brust, weil es so gl\u00fccklich ist. Meine Gef\u00fchle stauen sich gerade alle an und ich realisiere immer mehr was ich f\u00fcr Bl\u00fcchen empfinde, was ich f\u00fcr dich empfinde. All das nur wegen einem Spiel aber auch, weil du du bist.\u201cIch lie\u00df einfach all meine Gedanken raus. Als ich jedoch merkte das ich sie ausgesprochen habe und nicht nur gedacht habe sah ich mit knallroten und gro\u00dfen Augen zu \u0001 \u0002 sah mich ebenfalls erstaunt an. Ich schlug mir beide H\u00e4nde ins Gesicht, weil mir das gerade so unangenehm war, weil ich nicht wei\u00df wie er wirklich f\u00fcr mich f\u00fchlt. Dean nahm mir die H\u00e4nde vom Gesicht und hielt sie fest. Ich sah ihn jedoch nicht an. Der Mut hatte mich von jetzt auf gleich wieder verlassen. Als er seine Hand auf meine Wange lag um mein Gesicht zu seinem zu drehen sp\u00fcrte ich wie diese W\u00e4rme wieder in mir \u0001 \u0002 l\u00e4chelte mich aber als ich dachte er antwortet jetzt auf das was ich ihm gestand kam er n\u00e4her zu mir und k\u00fcsste mich schlussendlich auf den Mund. Meine Augen standen offen, mein Herz bebte aber als ich meine Augen dann schloss um seinen Kuss zu erwidern sp\u00fcrte ich das es sich beinah genauso anf\u00fchlt wie damals unser erster Kuss im Spiel. Der unterschied war nur das er diesmal echt war aber die Gef\u00fchle waren genau dieselben wie \u0001 \u0002 er sich von mir l\u00f6ste sagte er \u201eIch wollte das schon die ganze Zeit als ich dich sah aber ich traute mich nicht. Durch deine Worte aber konnte ich es tun, weil ich nun wei\u00df das du genau dasselbe f\u00fcr mich empfindest wie ich die ganze Zeit schon f\u00fcr dich.\u201c Als er mich anl\u00e4chelte fiel ich ihm direkt um den Hals, weil ich einfach so gl\u00fccklich war. \u201eIch hatte solche Angst das dieser Abend alles ver\u00e4ndern wird und du auf dieser Party jemand findest der nicht ich bin und mich vergisst.\u201c sagte er dann bedr\u00fcckt als er mich st\u00e4rker festhielt. \u201eIch wollte meinen Spa\u00df haben diesen Abend jedoch konnte ich dich nie wirklich aus meinen Gedanken schmei\u00dfen. Du warst immer wieder da und ich musste st\u00e4ndig an dich denken.\u201c gab ich dann ehrlich zu. Wir l\u00f6sten uns voneinander und l\u00e4chelten uns an.\u201eEs war wohl Schicksal das wir uns genau heute begegnet sind.\u201c sagte Dean dann wobei er meine Hand nahm. \u201eDas denke ich ebenfalls, weil ein Traum wurde nun endlich wahr.\u201c antwortete ich und lag meinen Kopf auf seine \u0001 \u0002 hob meinen Kopf wieder an und sah mir tief in die Augen wobei er sagte \u201eIch liebe dich, Lucia.\u201c Ich l\u00e4chelte gl\u00fccklich und antwortete \u201eIch liebe dich auch, Bl\u00fcchen.\u201c Das er mich Lucia nannte st\u00f6rte mich nicht, weil immer war ich immer seine Lucia oder Prinzessin. Er darf mich nennen wie es ihm am besten gef\u00e4llt. \u201eHei\u00dft das du geh\u00f6rst nun nicht nur in der virtuellen Welt sondern auch in der realen Welt an meine Seite?\u201c fragte er leicht neckisch und ich l\u00e4chelte woraufhin ich nur nicken konnte. Das war wirklich der sch\u00f6nste Augenblick den ich mir habe vorstellen \u0001 \u0002 restliche Abend verlief daraufhin viel entspannter, weil wir \u00fcber mehr sprachen und uns so mehr und mehr kennenlernten. Wir erz\u00e4hlten von unserem richtigen Leben. Alles war wir schon mal erlebt hatten, unserer Familie und unserer Arbeit. Eben alles was dazu \u0001 \u0002 Nacht brach schlie\u00dflich an. Bl\u00fcchen g\u00e4hnte, woraufhin er mich fragte \u201eSoll ich dich nun nachhause bringen?\u201c Ich sah ihn bedr\u00fcckt an, worauf er mir auf die Nase stupste und neckisch sagte \u201eDu kannst auch gerne bei mir schlafen aber nur wenn du mit in meinem Bett schl\u00e4fst.\u201c Ich antwortete dann neckisch zur\u00fcck \u201eJa nat\u00fcrlich auf dem Sofa schlafe ich sicher nicht aber du musst mir dann zum schlafen was von dir leihen.\u201c Er grinste fies und sagte \u201eDu kannst auch einfach nackt schlafen.\u201c Ich zog eine Augenbraue hoch und antwortete sp\u00f6ttisch \u201eDas h\u00e4ttest du wohl gerne.\u201cNur mit einem Lachen antwortete er darauf und stand auf. Er verlie\u00df das Wohnzimmer und kam mit einer Jogginghose und einem T-Shirt von sich zur\u00fcck. \u201eHier Prinzessin.\u201c sagte er dann l\u00e4chelnd. Ich nahm die Sachen entgegen und verschwand m Badezimmer. Nachdem ich mich umgezogen hatte ging ich zur\u00fcck ins \u0001 \u0002 Bl\u00fcchen mit einem verz\u00fcckten L\u00e4cheln sah zu mir und sagte neckisch \u201eAlso das du meine Klamotten tr\u00e4gst, daran k\u00f6nnte ich mich gew\u00f6hnen.\u201c Ich verdrehte die Augen und g\u00e4hnte nun ebenfalls. Der Abend war lang also kein wunder das wir beide m\u00fcde \u0001 \u0002 gingen dann gemeinsam ins Schlafzimmer und lagen uns in sein Bett. Er kuschelte mich. Es war ein wundersch\u00f6nes warmes Gef\u00fchl. Jedoch bemerkte ich das ich nicht nur m\u00fcde war. Ich bin mir nicht sicher ob das der richtige Moment daf\u00fcr ist aber ich kann meinen Bed\u00fcrfnissen nicht sagen wann sie kommen sollen und wann nicht. Bl\u00fcchen ist au\u00dferdem ziemlich attraktiv und als er sein Shirt auszog, weil er meinte er m\u00fcsse Oberk\u00f6rper frei schlafen, was ihn somit halb nackt machte l\u00f6ste etwas in mir \u0001 \u0002 diesen Gedanken merkte ich jedoch auch das nicht nur ich in dieser Stimmung war, weil ich merkte wie etwas von hinten an mich dr\u00fcckte. Ich kicherte leise, da ich es am\u00fcsant \u0001 \u0002 hauchte mir ins Ohr \u201eWas kicherst du denn? Es ist immerhin verst\u00e4ndlich und ich kann nichts daf\u00fcr.\u201c Dieser Hauch in meinem Ohr machte es bei mir nur schlimmer, weil es mich leicht \u0001 \u0002 drehte meinen K\u00f6rper so das ich nun auf dem R\u00fccken lag, sein Kopf war direkt \u00fcber meinen und er k\u00fcsste mich. Der Kuss f\u00fchlte sich jedoch diesmal anders an, weil er intensiver war. Er sto\u00df mit seiner Zunge an meine Lippen und ich \u00f6ffnete meinen Mund ein St\u00fcck. Somit wurde unser Kuss leidenschaftlicher, weil wir beide dasselbe von der anderen Person \u0001 \u0002 er mit seiner Hand unter das Shirt ging was ich trug bekam ich direkt leichte G\u00e4nsehaut. Seine Hand war so warm und z\u00e4rtliche sanft \u00fcber meine H\u00fcfte. Unsere beiden Atem wurden etwas hektischer und unsere Zungen spielten mehr miteinander. Immer leidenschaftlicher k\u00fcssten wir uns als w\u00fcrde gleich eine unb\u00e4ndige Hitze entstehen. Was diese Flamme in uns weiter entfachte war als er mit seiner Hand weiter nach oben glitt und anfing meine Brust zu massieren. Als er kurz mit meinen Nippeln spielte musste ich den Kuss abbrechen um kurz nach Luft zu schnappen. Mein ganzer K\u00f6rper sp\u00fcrte die Ber\u00fchrungen von \u0001 \u0002 sah mich mit einem komplett anderen Blick an, einem Blick der Leidenschaft und Lustvollen Blick. Das machte ihn noch sch\u00e4rfer als er es eh schon war. Er griff mit beiden H\u00e4nden an mein Shirt um es mir langsam auszuziehen wobei er mich \u0001 \u0002 lie\u00df es zu, weil ich war ihn komplett wie ausgeliefert und ich wollte es immerhin mindestens genauso sehr wie er. Er schmiss das Shirt auf den Boden um sich direkt auf den Weg zu meinen Br\u00fcsten zu machen. Er liebkoste sie mit seinen Mund und seiner Zunge. Dieses Gef\u00fchl es war unbeschreiblich. Es war einerseits so z\u00e4rtlich und anderseits so wild. Mir gefiel es aufjedenfall das es sogar ein leises st\u00f6hnen aus mir \u0001 \u0002 k\u00fcsste mich bis runter zu meinem Bauchnabel nur um daraufhin mir die Hose inklusive dem Slip auszuziehen. Als er sich das aufs Bett kniete um sich selbst zu entkleiden waren meine Augen wie gefesselt an seinem \u0001 \u0002 ich nun freien Blick auf seinen nackten K\u00f6rper hatte schluckte ich erstmal bevor ich das sabbern anfing, weil es war erstaunlich. Ich liebte was ich direkt von mir sah und ich konnte kaum erwarten dieses Prachtst\u00fcck in mir zu sp\u00fcren.\u201eGef\u00e4llt dir was du siehst?\u201c fragte er mich dann neckisch und ich antwortete neckisch \u201eJa sehr und jetzt komm endlich her.\u201c Ich sa\u00df mich kurz auf aber nur um meine Arme um seinen Hals zu legen damit ich ihn mit zu mir nach unten ziehen kann. Unsere Zungen f\u00fchrten wieder ein Zungenspiel gemeinsam auf. Als er dann endlich das erste Mal hinein stie\u00df st\u00f6hnte ich kurz auf, weil dieses Gef\u00fchl war unglaublich. Ein Gef\u00fchl das mein K\u00f6rper vermisste. Es f\u00fchlte sich so an als geh\u00f6re genau dort hin wo er nun \u0001 \u0002 er sich in mir bewegte h\u00f6rte ich selbst auch wie er leise und leicht st\u00f6hnen musste. Er wurde schneller und stie\u00df mal st\u00e4rker zu. Er wusste genau was ich wollte und ich krallte meine H\u00e4nde in seinen R\u00fccken. Jedoch nicht lange weil er packte mich dann am Handgelenk um sie ins Bett zu dr\u00fccken. Es war eine Qual, weil desto mehr er zustie\u00df umso mehr wollte ich mich in ihn krallen. Anderseits machte es mich aus ziemlich an das ich es nicht tun \u0001 \u0002 kamen wir beide zu unserem H\u00f6hepunkt. Als er sich neben mich lag atmete wir beide noch heftig, weil wir fix und fertig waren. Er drehte sich dann zu mir, worauf er meinen Kopf zu sich drehte um mich zu k\u00fcssen. \u201eIch liebe dich.\u201c sagte er dann l\u00e4chelnd und ich antwortete l\u00e4chelnd \u201eIch liebe dich auch.\u201c Nun war ich mir sicher das es kein Fehler so fr\u00fch mit ihm zu schlafen, weil sein ich liebe dich klang noch genauso ehrlich wie zuvor. Wir kuschelten uns schlussendlich in den \u0001 \u0002 war der Tag der mein Leben komplett ver\u00e4nderte. Ich traf die Liebe meines Lebens und wir lernten uns besser kennen. Wir waren leidenschaftlich zueinander und gestanden gegenseitig unsere Liebe zueinander. Es war wie \u0001 \u0002 diesem Tag waren Bl\u00fcchen und ich nun gl\u00fccklich zusammen. Uns k\u00f6nnte niemals wieder irgendwas trennen. Wir spielten gemeinsam dennoch unser Spiel zusammen. Wir gingen jedoch auch spazieren, ins Kino oder machten andere Dinge in der realen Welt gemeinsam. Unser Hobby war dennoch das Zocken aber wir verschieben diesen nicht komplett unser Leben, weil wir uns nun auch in der realen Welt hatten. Es machte nun alles viel mehr Sinn. Eduard und Emilia wurden gl\u00fccklicherweise auch gute Freunde von Dean. Wir gingen auch \u00f6fters gemeinsam mal aus. Das Leben hatte nun endlich mehr Sinn als nur das Zocken oder Anime schauen und zwar f\u00fcr uns beide, weil wir uns gefunden \u0001 \u0002 sollte immer versuchen seine Tr\u00e4ume zu verwirklichen, weil manchmal werden sie mit etwas Gl\u00fcck wirklich war. Dean und ich hatten zum Gl\u00fcck dieses Gl\u00fcck.",
            "wordcount": "3.284",
            "chapter_release": "22.03.2022",
            "chapter_number": "4"
        }
    },
    "title": "Game and Life",
    "topic": "unspecified",
    "release": "\n24.02.2022\n\t\t\t\t\t\t",
    "author": "CutePanda"
}