{
    "tags": [],
    "chapcount": "12",
    "wordcount": "10.290",
    "chapters": {
        "1": {
            "text": "\"Wenn ich von Anfang an gewusst h\u00e4tte, wohin mich das, was ich erleben sollte, wirklich f\u00fchrt, dann w\u00e4re ich schon viel eher losgegangen. Nicht nur, weil so manches was geschehen ist, verhindert h\u00e4tte... Ich h\u00e4tte mehr Zeit meines Lebens mit dir teilen k\u00f6nnen.\"Die Welt ist undurchschaubar. Du wei\u00dft vorher nie, was auf dich zukommen wird. Du kannst es eventuell erahnen, es erraten oder vermuten. Du kannst dir den Kopf dar\u00fcber zerbrechen. Aber wissen, wissen wirst du es \u0001 \u0002 habe mein ganzes Leben immer vorgestellt wie es verlaufen w\u00fcrde, und mit jeden Tag schien es, als w\u00fcrde meine Vermutung \u0001 \u0002 Leben war einfach. Ich war als Tochter einer Tempelhure geboren worden und in jenem Tempel auch gro\u00df gezogen worden. In diesem Geb\u00e4ude, das die Funktion hatte, einen Rat an Priestern zu beherbergen, wuchs ich auf und nahm wie alle Kinder der Tempelhuren eine Position als Dienstm\u00e4dchen \u0001 \u0002 Land, in dem der Rat sa\u00df, war Ijsland. Frische Sommer und noch eisigere Winter. Daf\u00fcr sorgte die raue Berggegend, die sich wie eine Krone um das Tal legte. Dieses besuchten wir nicht. Nie. Denn der Wald, der uns von den Wiesen und der w\u00e4rmeren Luft trennte war undurchdringlich. Jedenfalls, wenn man nur ein kleines M\u00e4dchen \u0001 \u0002 ich sieben war, half ich im Tempel. Danach wurde ich wie alle Kinder f\u00fcr mehrere Jahre ins Dorf geschickt um Geld zu verdienen, welches ich dem Rat zur\u00fcck zahlen musste, daf\u00fcr, dass sie mich aufgenommen und versorgt \u0001 \u0002 arbeitete bei Bauer Arland, einem Holzh\u00e4ndler und seiner Frau Enna. Beide nahmen mich herzlich auf und sorgten gut f\u00fcr mich. Trotzdem vermisste ich meine Mutter, von der ich so pl\u00f6tzlich weggerissen \u0001 \u0002, durfte ich sie noch besuchen, aber als ich neun wurde, verbot mir Enna sie zu \u0001 \u0002 dieses Verbot an der Situation meiner Mutter lag, begriff ich erst, als ich \u00e4lter wurde, als Arland mich dazu aufforderte zum Tempel zur\u00fcck zu kehren. Ich war \u00fcberrascht \u00fcber seinen Sinneswandel. Dass er seine Meinung von \"Du bleibst hier und arbeitest\" zu einem \"Geh wieder zu den Priestern, die sollen mit dir fertig werden\" \u00e4nderte war ein Schock f\u00fcr \u0001 \u0002 war der Tag, an dem mein Leben aufh\u00f6rte so zu verlaufen, wie ich es \u0001 \u0002 bisher auftretenden Figuren (Achtung: Kann SPOILER enthalten)Couryn19 JahreMenschTempelm\u00e4dchen --> Holzf\u00e4llerin --> Botschafter/Spion(Dunkelbraune Haare, gebr\u00e4unte Haut, Hell-T\u00fcrkis Farbene Augen, Kurvig, \u0001 \u0002 m gro\u00df)Arland & Ennabeide um die 40 JahreMenschenHolzf\u00e4ller & Hausfrau(keine genauen Merkmale bekannt)Salenetwa 60 JahreMenschPriester(immer in eines wei\u00dfe Kutte geh\u00fcllt)Die Zwillinge Otilia & Gredabeide 6 JahreMenschenTempelm\u00e4dchen(keine genauen Merkmale bekannt)Bretjaetwa 40 JahreMenschTempelhure(Rothaarig, Gro\u00df, Schlank, Blass)\"Mama\"36 JahreMenschTempelhure(Dunkelbraune Haare, Hellblaue Augen, D\u00fcnn, L\u00e4chelnd)Baumgeist\u00fcber 100 JahreFeenwesenLichtgeist(wei\u00dfe Haut, Haare und Sonstiges, Haare wie Lianen und einen Genie-Unterk\u00f6rper)Lyraein paar TageFeenwesenBegleiter und Besch\u00fctzer von Couryn(prisich-farbene, kurze Haare, Hell-Grau-Lavendel-farbene Haut)Tante Magda\u00fcber 50 Jahre auf jeden FallEisenfeeurspr\u00fcnglich K\u00f6nigin, jetzt k\u00f6nigliche Beraterin(lange graue Haare, \u0001 \u0002 m klein, graue Haut)",
            "wordcount": "536",
            "chapter_release": "16.04.2015",
            "chapter_number": "1"
        },
        "10": {
            "text": "\"Mist mist mist!\", knurrte ich. Ich stand auf einem nicht sehr breiten Balken, der direkt \u00fcber der Halle verlief. Es war ein Wunder, dass ich es aus dem Container geschafft hatte bis hier hin zu springen. Aber als w\u00e4re das nicht genug musste ich gerade fest stellen, das das Seil, mit dem ich mich eigentlich hatte langsam herunter lassen wollen zu kurz war, und zu allem \u00dcberfluss fiel mir auf, dass mich die arbeitenden M\u00e4nner dabei entdecken \u0001 \u0002 war schon merkw\u00fcrdig, dass sie bisher nicht bemerkt hatten, das jemand \u00fcber ihren K\u00f6pfen herum \u0001 \u0002 krabbelte ich den Balken entlang zu einer Stelle, an der ich vom Seil zu erst auf einen Stapel aus Holz springen w\u00fcrde.\"Wenn das nicht klappt\", murmelte ich, \"Dann ist es sowieso zu sp\u00e4t etwas anderes zu probieren.\"Ich betete, dass das Holz stabil genug war, nicht so wie die \u00c4ste auf dem Feld drau\u00dfen. Langsam lie\u00df ich mich an meinem Seil nach unten \u0001 \u0002 rutschte und kam dem Boden, oder eher dem Holzstapel, immer n\u00e4her. Da war das Seil zu Ende. Ich hatte mich mal wieder versch\u00e4tzt. Ich musste springen. Leider war der Abstand zwischen mir und dem Holzstapel gr\u00f6\u00dfer als erwartet. Ich kniff die Augen fest zusammen und lie\u00df los. Mit einem Krachen landete ich auf dem Holzstapel. Einige der Scheite rutschten und rollten herunter. An der Wand Seite tat ich das selbe und hockte mich hinter eine S\u00e4ule. Wieder kniff ich die Augen zusammen, biss mir auf die Lippe und betete, dass die Scheite nicht all zu viel L\u00e4rm fabriziert hatten. Es schien als h\u00e4tte mich niemand \u0001 \u0002 lie\u00df ich mich nieder sinken. Wenn das ab sofort mein neues Leben war, dann wollte ich dem Rat wieder austreten! So hatte ich mir das Leben als einfacher Botschafter nicht vorgestellt. Definitiv nicht!Es half nichts. Ich musste mich auf den Weg machen und Lyra, und den Grund f\u00fcr diese Arbeiten, finden. Nat\u00fcrlich h\u00e4tte ich einfach fragen k\u00f6nnen... aber das w\u00e4re zu riskant. Der Baumgeist hatte gesagt, ich sollte das \u00dcbel finden, denn dort w\u00fcrde auch die L\u00f6sung sein... Wie das B\u00f6se dann gleichzeitig das Gute war, konnte ich nicht verstehen aber... Vielleicht war es ja wie die Burg selbst? Das w\u00fcrde hei\u00dfen, dass die L\u00f6sung sich nicht finden lassen wollte. Vielleicht konnte die L\u00f6sung laufen und sich verstecken? Ich musste unweigerlich lachen. Eine laufende L\u00f6sung! Ich hielt mir die Hand vor den Mund. Das war einfach zu \u0001 \u0002 m\u00f6glich konnte sie auch sprechen. Innerlich malte ich mir die verr\u00fccktesten Dialoge aus: Hallo L\u00f6sung - Oh Hallo Couryn - Sei mal bitte du selbst und l\u00f6se mein Problem - Oh na klar Couryn!Langsam stand ich auf. Ich fasste mich und klopfte den Staub aus meiner Hose, die jetzt schon aussah als w\u00e4re sie sechs Jahre alt und nicht zwei Tage. Langsam musste ich mich beeilen. Ich schlich so leise ich konnte vom Holzstapel zu einem Gang, von dem ich vermutete, dass er in die Burg selbst f\u00fchren \u0001 \u0002 lag richtig. Es dauerte keine 5 Minuten und ich irrte schon wieder umher. Diesmal nicht durchs Geb\u00fcsch, sondern durch lange G\u00e4nge. Die W\u00e4nde der Burg waren merkw\u00fcrdigerweise komplett aus Eisen. Ich strich mit den Fingern dar\u00fcber. Perfekt gegossen. Es war als w\u00e4re das Eisen genau in dieser Form hier hingebaut worden. Nicht auf Platten oder Schichten sondern als ganze Wand.\"Was ist das\", murmelte \u0001 \u0002 ich an eine gro\u00dfe Treppe kam. Oben vor der Treppe war eine gro\u00dfe T\u00fcr. Der Weg der vor mir lag, und rechts von der Treppe weg f\u00fchrte, sah genau so aus wie der, von dem ich gekommen war. Also beschloss ich durch die T\u00fcr zu \u0001 \u0002 leise ich konnte tapste ich die Treppen hinauf und sah vorsichtig nochmal zur\u00fcck, bevor ich mich kr\u00e4fig gegen die T\u00fcr lehnte. Wie erwartet, war sie ziemlich schwer und ich musste ich mich fest dagegen stemmen, um sie zu \u00f6ffnen. Vorsichtig schob ich mich durch den T\u00fcrspalt.\"Wer bist du?\", erschrocken wirbelte ich herum und fuchtelte wild mit den Armen.\"Was?\", keifte ich und sah mein Gegen\u00fcber verwirrt \u0001 \u0002 war eine Frau, die sogar noch kleiner war als ich und mich skeptisch be\u00e4ugte. Mir rutschte das Herz in die Hose und ich atmete tief \u0001 \u0002 war entdeckt worden. Das war mein Ende. Jetzt w\u00fcrden sie mich einsperren oder noch schlimmer: Hinrichten lassen!Verzweifelt stammelte ich vor mich hin, \"Eh, ich eh... C-Couryn?\" Ich hielt die H\u00e4nde erhoben, so als wollte ich mich ergeben.\"Und du kommst aus...?\", fragte die Alte weiter. Ich stuzte. War das ein spontanes Verh\u00f6r? Tat man das hier mit Geiseln so?\"Eh... Dem Wald?\", meine Stimme klang total schrill und ich versuchte ruhiger zu \u0001 \u0002 blickte ich an der Frau vorbei in die Halle hinter ihr. Es war eine Art Saal, indem heute noch ein Banket stattfinden w\u00fcrde, da war ich mir \u0001 \u0002 in der Mitte stand ein langer gedeckter Tisch und ein paar Bedienstete, welche seltsame Masken trugen, liefen eilig umher und dekorierten den Raum.\"H\u00f6r gef\u00e4lligst zu!\", geifte pl\u00f6tzlich die Alter und ich nickte schnell. Sie machte mir Angst mit ihrem wechsel zwischem langen Schweigen und abpruptem lauten Gekr\u00e4chtze.\"Wenn du nichts vor hast, kannst du mich ja zum Essen begleiten!\", entschied sie und ich wurde von ihr mitgezogen.\"Wie bitte was?\", fragte ich verwirrt und stolperte hinter ihr her. Es war sicher riskant jetzt zu wiedersprechen aber... Ich sollte sie zum Essen begleiten? Bei dem Feind, den ich eigentlich ausspionieren soll? Irgendwas lief hier gewaltig schief!\"D-das geht doch nicht! Ich kann doch nicht einfach...\"\"Doch kannst du. Wenn ich das will, dann geht es. Mein Neffe kann nichts degegen tun!\"Ich war viel zu verwundert um genauer dar\u00fcber nachzudenken. Also entschied ich, die Klappe zu halten und folgte der Alten brav durch die Halle bis hin zu einer weiteren Treppe. Wie ein junger Grash\u00fcpfer sprang sie die Treppen hoch und schleife mich mit, ohne darauf zu achten, ob ich gegen W\u00e4nde, Ecken und Kanten stie\u00df. Es folgten gef\u00fchlte Hundert weitere Flure und G\u00e4nge durch die wir hechteten. Meine F\u00fc\u00dfe, die ohnehin schon schmerzten gaben fast nach, vor lauter \u0001 \u0002 au\u00dfer Atmen kamen wir an einem Raum an, der sich als Aufenthaltsraum entpuppte.\"Was soll ich hier?\", murmelte ich, mehr zu mir selbst, als als Frage an die Frau, die sich mittlerweile als 'Magda' vorgestellt hatte. Sie war \u00e4hnlich wie Lyra eine Spur zu aufdringlich, was mir ganz und gar nicht passte, da ich immer noch nicht wusste, wo diese eigentlich \u0001 \u0002 lie\u00df mich auf einen Hocker sinken, egal ob es erlaubt war oder nicht... Mein F\u00fc\u00dfe schmerzten ziemlich heftig, und ich konnte keine Sekunde l\u00e4nger stehen bleiben. Der Raum war fast so gro\u00df, wie der Ratssaal im Tempel. Und \u00fcberall standen Schr\u00e4nke, Regale und Komoden. Und wirklich alles war vollgestopft mit Kleidern, Stoffen, Schmuck und Perlen. Allerdings war das Zeug bis auf ein paar ausnahmen in sehr dunklen T\u00f6nen gehalten. Bei uns im Dorf h\u00e4tten nur ein paar Ausnahmen so etwas getragen. Das schlimmste war, dass es stank. Nach Asche. Und etwas auch nach Verwesung.\"Du kannst unm\u00f6glich in diesen Lumpen gehen!\", meckerte Magda und schmiss mir einen Haufen Stoff \u0001 \u0002 starrte sie an. Dann auf das, was sie mir zugeworfen hatte.\"Ich soll...\", ich war verunsichert.\"Das anziehen! Jetzt sofort!\", entschied Magda und schon riss sie mir die Schuhe von den F\u00fc\u00dfen.",
            "wordcount": "1.271",
            "chapter_release": "23.04.2015",
            "chapter_number": "10"
        },
        "11": {
            "text": "Angewidert starrte ich auf einen Brocken Fleisch der vor mir auf dem Teller lag. Niemals, um nichts in der Welt und unter GAR KEINEN Umst\u00e4nden, w\u00fcrde ich das Ding auch nur anr\u00fchren. Der Kerl neben mir, offenbar auch nur ein Gast war schon total betrunken und starrte immer wieder gierig auf meinen \u0001 \u0002 wusste was er wollte, also schob ich meinen Teller in seine Richtung. Vorsichtig, nur mit den Fingerspitzen, darauf bedacht nichts von dem Gericht zu \u0001 \u0002 ein hungriger B\u00e4r fiel der Kerl dar\u00fcber her, schmatzte laut, r\u00fclpste und schaufelte sich noch mehr Kartoffeln auf den \u0001 \u0002 war einfach \u0001 \u0002 war nicht so, dass ich kein Fleisch a\u00df, im Gegenteil! Eigentlich mochte ich es sehr, doch woher sollte ich in dieser Burg wissen, wo das Zeug herkam?Ich linste zu Magda her\u00fcber, welche mich, nachdem sie mich in eine merkw\u00fcrdige Kutte gezw\u00e4ngt hatte, einfach irgendwo an den Esstisch gesetzt hatte und abged\u00fcst \u0001 \u0002 gerade sa\u00df sie ganz vorn am Tisch, zwischen einem leeren Thron und einem Mann, der noch \u00e4lter zu sein schien an \u0001 \u0002 unterhielt sich aufgeregt und lachte immer wieder laut und quietschig auf. Ich atmete tief ein und st\u00fctzte die Ellbogen auf den Tisch. So langsam war mir egal, ob ich auffiehl oder nicht. Diese Gesellschaft war alles Andere als aufmerksam. Und b\u00f6sartig wirkten sie auch nicht. Eher harmlos und etwas zur\u00fcck geblieben. Vor allem die M\u00e4nner.\"Gib mal So\u00dfe Kind!\", schnauzte pl\u00f6tzlich der betrunkene Kerl neben mir. Er hatte eine ganz rote Nase bekommen und Hickste ab und zu. Ich verdrehte die Augen und schob ihm die Sch\u00fcssel zu.\"Braves Kind Hehehe\", gluckste \u0001 \u0002 hielt mir eine Hand vor die Nase, er hatte unglaublichen Mundgeruch. Zu meinem entsetzen, lehnte er sich zu mir r\u00fcber.\"Und jetzt den Pudding!\", verlangte \u0001 \u0002 reichte ihm die Schale und er riss sie mir f\u00f6rmlich aus der Hand. Etwas Pudding landete auf meinem Dekolt\u00e9.\"Upsi!\", grinste der Typ. Ich wollte nach einer Servierte greifen, doch er kam mir zuvor und wischte den Klecks mit seiner fettigen Hand weg.\"Baah, lass das!\", kreischte ich. Ich fing an zu lachen und leckte sich den Finger \u0001 \u0002. War. \u0001 \u0002 drehte ihm den R\u00fccken zu und lauschte stattdessen einem Gespr\u00e4ch dar\u00fcber, welcher Mann im Raum am besten aussah. Die beiden Damen, die das Gespr\u00e4ch f\u00fchrten, waren selbst keine Augenweiden und ich musste immer wieder grinsen, als sie sich gegenseitig immer schlimmer aussehende M\u00e4nner vorschlugen. Irgendwann fingen sie an, sich zu beleidigen und mit Kr\u00fcmeln und Salatbl\u00e4ttern zu \u0001 \u0002 ert\u00f6nte ein lautes Knallen. Alle wurden ruhig und sahen zur T\u00fcr. Davor stand ein gro\u00dfer in einen Umhang geh\u00fcllter Mann. Er hatte sehr hohe Wangenknochen, blasse, fast gr\u00e4uliche Haut und lange, spitze Ohren, so wie Magda auch. Alle starrten ihn an w\u00e4hrend er sich langsam auf die Tisch zu bewegte. Seine Schritte sahen merkw\u00fcrdig abgehackt aus und jedes Mal, wenn er den Boden ber\u00fchrte gab es ein kratzendes Ger\u00e4usch, dass sich anh\u00f6rte, wie wenn man mit einer Lanze auf den Boden \u0001 \u0002 das so war, sah ich als er neben dem Thron stand und den riesigen Mantel abnahm. Seine Beine waren komplett aus Metal. Von der H\u00fcfte abw\u00e4rts, bestanden die Gelenke aus verdrahteten Stangen, Platten und \u0001 \u0002 beobachtete ich, wie die Gelenke sich ganz nat\u00fcrlich bewegten, als sich der Mann \u0001 \u0002 stie\u00df mich eine der Labertaschen von eben an.\"Starr ihn nicht so auff\u00e4llig an Fremde, sonnst wird er w\u00fctend!\", zischte sie. Ich wirbelte herum und nickte v\u00f6llig perplex.\"Ist er der K\u00f6nig?\", fragte ich leise und lehnte mich so zur\u00fcck, dass ich mich gut hinter dem Betrunkenen verstecken konnte.\"Prinz\", korrigierte mich die Frau, \"Er ist der Prinz.\"Das war also der, der f\u00fcr den Tod vieler Waldgeister verantwortlich war. Ich hatte ihn gefunden.",
            "wordcount": "652",
            "chapter_release": "25.04.2015",
            "chapter_number": "11"
        },
        "12": {
            "text": "\"Und\", kicherte die eine Frau, \"Meine Freundin hier steht auf ihn!\" Ich zog die Brauen hoch und besagte Freundin kniff der Frau in den Arm.\"Das stimmt \u00fcberhaupt nicht!\", dann wandte sie sich mir zu, \"Niemand steht auf ihn, glaub mir, er ist unertr\u00e4glich.\"Ich l\u00e4chelte matt. Ich wollte mich nicht wirklich in die Diskussion der beiden einmischen. Au\u00dferdem hatte ich nicht vor, den Prinzen zu analysieren, sondern...Was eigentlich? Sollte ich ihn entf\u00fchren? In den Tempel bringen? Oder im Wald verstecken? Oder sogar umbringen?Ich begriff, dass man mir im Tempel gar nicht gesagt hatte, dass ich den Prinzen finden sollte, sondern, dass ich herauf finden sollte, ob die Soldaten, die den Wald abrodeten eine Bedrohung f\u00fcr uns waren. Es war der Baumgeist gewesen, der mich neben diesen stinkenden Typen und die Kichererbsen gebracht \u0001 \u0002 musste dringend Lyra finden, und sie fragen, was ich hier eigentlich genau sollte. Nur sie konnte mir \u0001 \u0002 sich alle wieder angeregt unterhielten stand ich auf.\"Wo willsn du hin S\u00fcssssse?\", der Betrunkene griff nach meinem Arm, aber ich riss meine Hand weg.\"Lass mich\", zischte ich und trat zwei Schritte zur\u00fcck. Doch er lie\u00df sich nicht beirren, versuchte ebenfalls, einigerma\u00dfen normal auf zu stehen und torkelte mir hinterher. Wieder griff er nach meiner Hand, in der Anderen hatte er einen Becher mit \u0001 \u0002 wollte ich mich los rei\u00dfen, doch sein Griff war zu fest.\"Lass mich. Ich warne dich!\", sagte ich deutlich. Ich gab kurz nach, damit er seinen Griff lockerer lie\u00df und zock dann mit einem Ruck meine Hand weg. Er erschrak so sehr, dass er \u00fcber mein Kleid stolperte und fiel. Dabei kippte sein Wein aus. Genau auf meinem Kopf.\"Iiihhhhhh!\", kreischte ich und stand wie angewurzelt da.\"Du beschissener Waschlappen! Kannst du nicht aufpassen?\", keifte ich und starrte auf mein nasses Kleid. Der Betrunkene wimmerte und Lachte gleichzeitig und fing leise an zu summen. Mir platze der Kragen.\"Ich mach dich fertig!\", br\u00fcllte ich und st\u00fcrzte mich auf den am Boden liegenden Kerl. Ich pr\u00fcgelte wie wild auf ihn ein, doch er Lachte einfach weiter. Ich war so sauer, dass ich mich gar nicht mehr unter Kontrolle hatte. Immer wieder kreischte ich ihm Beleidigungen ins Ohr und versuchte ihm sein L\u00e4cheln aus dem Gesicht zu \u0001 \u0002 griffen H\u00e4nde nach mir uns zerrten mich weg. Keuchend blickte ich starr gerade \u0001 \u0002 waren zwei Wachen, die mich fest hielten und von dem immer noch singenden und lachenden Betrunkenen weggezerrt hatten. Ich wurde wieder ruhiger und realisierte langsam, dass es ganz still im Saal \u0001 \u0002 nein, dachte ich und blickte panisch nach \u0001 \u0002 am Tisch sitzenden Personen sahen mich entr\u00fcstet \u0001 \u0002 kann nicht mehr schlimmer werden, dachte \u0001 \u0002 da irrte ich mich. Denn als die Wachen mich in Richtung Ausgang schleifen erhob sich der Prinz und die Wachen lie\u00dfen mich fallen. Wie automatisch st\u00fcrzte ich zu Boden. Ich hatte nicht mal die Kraft, mich zu erheben.\"Oh nein, nicht schon wieder eine Fremde\", murmelte er, \"Naja, wenigstens kannst du nicht einfach wegfliegen...\"Ich stuzte. Eine fliegende Fremde? War das...\"Lyra?\", ich hob den Kopf und sah den Prinzen hoffnungsvoll an.\"Du kennst das Fieh?\", er starrte mich finster an. Ich war fiel zu erleichtert, dass sie nicht abgehauen war um seine Frage zu realisieren. Als mir eine der Wachen mit seiner Lanze gegen den R\u00fccken dr\u00fcckte zuckte ich zusammen.\"J-ja\", kr\u00e4chzte ich. Mit \u00fcberheblichem Blick sah der Prinz auf mich herab. Seine Augen wirkten k\u00fchl und abwesend, so als w\u00e4re seine Seele gerade ganz woanders. Der finstere Gesichtsausdruck und das magere Gesicht verst\u00e4rkten die unheimliche \u0001 \u0002 lief ein kalter Schauer den R\u00fccken hinunter.\"Bringt sie weg\", entschied der Prinz und deutete mit einer Handbewegung in Richtung \u0001 \u0002 war immer noch zu kraftlos um mich zu wehren, also lie\u00df ich mich von den Wachen \u0001 \u0002 brachten mich zu einer langen Wendeltreppe, welche in einen Turm f\u00fchrte. Oben waren viele T\u00fcren und durch eine Luke konnte man kleine R\u00e4ume dahinter erkennen. In einen der R\u00e4ume wurde ich geschickt. Die Wachen schoben mich einfach hinein und sperrten danach die T\u00fcr zu.\"Dein Urteil erwartet dich Morgen\", schnauzte einer von ihnen ehe sie \u0001 \u0002 sa\u00df auf dem kalten Boden, mit dem R\u00fccken zur T\u00fcr und starrte den kleinen Raum an. Es gab nichts, au\u00dfer einem Eisenbett und einem 15 cm breitem Fenster ganz oben an der Hinteren \u0001 \u0002 konnte nicht denken, die Situation nicht realisieren. War es jetzt vorbei?Sollte das alles gewesen sein?",
            "wordcount": "789",
            "chapter_release": "03.05.2015",
            "chapter_number": "12"
        },
        "2": {
            "text": "\"Ihr wollt WAS?\", ich traute meinen Ohren kaum. Arland und seine Frau Enna standen vor mir in der kleinen Wohnk\u00fcche ihres Hauses und sahen mich bedr\u00fcck an. Eben hatte Arland mir tonlos mitgeteilt, dass er nicht mehr wollte, dass ich f\u00fcr ihn arbeitete. Er schluckte und wiederholte seinen Satz: \"Wir m\u00f6chten, dass du zum Tempel zur\u00fcck kehrst.\"Ich sch\u00fcttelte den Kopf. Das war nicht sein Ernst. Das KONNTE nicht sein Ernst sein. Ich trat zwei Schritte zur\u00fcck und starrte ihn an. So als w\u00e4re er eine Geister Gestalt aus dem \u0001 \u0002 kamen die Worte aus meiner Kehle: \"Zw\u00f6lf Jahre. Ich habe ZW\u00d6LF VERDAMMTE JAHRE f\u00fcr dich gearbeitet Arland! Und das kostenlos!\"Arland unterbrach mich und hob eine Hand.\"Das stimmt ja nichts ganz, das Geld wurde an die Priester gegeben\", versicherte er bem\u00fcht, deutlich zu reden.\"Ha!\", machte ich abwertend, \"Die Priester!\"Wirbelte herum und fuhr mir durch die Pony Str\u00e4hnen. Enna, die mittlerweile zu schluchzen anfing, trottete zu einem Stuhl und lie\u00df sich nieder. Arland blickte starr auf den \u0001 \u0002 konnten die beiden mich, nach zw\u00f6lf Jahren liebevoller F\u00fcrsorge, einfach so abschieben wollen?\"Sagt mir wenigsten wieso\", fl\u00fcsterte ich und blieb vor der T\u00fcr, mit dem R\u00fccken zu ihnen, \u0001 \u0002 hielt die Luft an. Ich konnte fast sp\u00fcren, wie sie mich \u00e4ngstlich anstarrte. \"Sag es Arland\", knurrte ich. Meine H\u00e4nde ballte ich zu F\u00e4usten. Wenn ich nicht ausrasten wollte, musste ich m\u00f6glichst schnell hier weg. Aber ich wollte es h\u00f6ren. Ich wollte wissen, was Arland dazu veranlasst hatte, mich loswerden zu \u0001 \u0002 atmete ein paar mal tief ein, bevor er sprach.\"Es sind die Leute im Dorf\", begann er, \"Sie wollen kein Holz kaufen, dass von einer Hure gef\u00e4llt wurde.\"Ich zitterte. Eine Welle von Wut schoss durch meinen K\u00f6rper. Immer weiter kroch das Feuer aus meinem Magen hinauf in den Kopf, in die Beine und in die Arme. Bis hin zu meinen Fingerspitzen verteilte es sich. Ein Brennen. Ein Stechen. Ein Schmerz. Tief in meiner Brust f\u00fchlte ich die Wut nicht, dort war nur Schmerz. Pure Entt\u00e4uschung, die sich in pochenden Impulsen \u0001 \u0002 war es also, f\u00fcr das man mich hielt. Eine Hure. Ich stand da und wartete. Darauf, dass Enna sagte, dass sie mich nicht so sah. Aber sie blieb stumm. Ich \u00f6ffnete langsam die knarzende T\u00fcr. Bevor ich einen Schritt hinaus trat sah ich \u00fcber die Schulter in Ennas Augen. Und ich brauchte nichts zu sagen, sie wusste genau, was ich \u0001 \u0002 voller Wucht schmiss ich die T\u00fcr hinter mir zu und st\u00fcrzte \u00fcber den Hof. Jeder normale Mensch w\u00fcrde jetzt verzweifeln und sich auswegslos irgendwo niederlassen und weinen. Und obwohl mir Tr\u00e4nen in brennenden Rinnsalen \u00fcber die Wangen liefen, war ich nicht hoffnungslos. Dieses Wort kannte ich nicht. Es gab immer einen Weg. Und meiner f\u00fchrte mich wieder zur\u00fcck zum \u0001 \u0002 ich w\u00e4re nicht ich gewesen, wenn ich mich einfach auf den Weg gemacht h\u00e4tte. Das passte nicht zu mir. Trotz der Wut und dem Hass, der pl\u00f6tzlich in mir brodelte hatte ich sofort eine Idee, wie ich mir selbst eine Wiedergutmachung verschaffen \u0001 \u0002 wischte schnell meine Tr\u00e4nen weg und zog mit ganzer Kraft die schwere Stall T\u00fcr auf. Vor mir im Heu stand eine gro\u00dfe, schwarze Bergantilope. Es war fast, als w\u00fcsste sie, dass ich sie brauchte. Denn als ich meine Hand ausstreckte kam sie mir entgegen und leckte mir mit ihrer rauen Zunge \u00fcber das Gesicht.\"Du musst mir einen Gefallen tun\", fl\u00fcsterte ich mit kehliger Stimme und griff nach ihrem Halfter, welches sie immer trug. Ohne zu z\u00f6gern folgte sie mir auf den \u0001 \u0002 war riskant, das Tier zu stehlen, w\u00e4hrend Arland jederzeit aus der T\u00fcr treten konnte, doch das war mir \u0001 \u0002 ich auf dem R\u00fccken der Antilope den Weg in Richtung Tempel ritt sah ich mit kaltem Blick zur\u00fcck. Eine Innere Stimme schwor sich Rache und in diesem Moment stimmte ich ihr zu.\"Das wird dir Leid tun\"",
            "wordcount": "684",
            "chapter_release": "16.04.2015",
            "chapter_number": "2"
        },
        "3": {
            "text": "Je n\u00e4her ich dem Bergtempel kam umso schw\u00e4cher wurde meine Wut, die ich vor einigen Minuten noch empfunden hatte. Ob es nun die Luft war, oder mein Wunsch, endlich meine Mutter wieder zu sehen stand au\u00dfer Frage. Der Tempel war schon zu sehen und kurz darauf ritt ich schon auf den Hof. Als mich eine der Priester bemerkte kam er sofort auf mich zu und hielt meine Antilope am Halfter fest, w\u00e4hrend ich abstieg.\"Wie kann ich Euch helfen junge Dame?\", fragte der Alte und band das Tier an einen Pfahl.\"Ich suche meine Mutter\", erwiderte ich knapp und ging zielstrebig auf den Eingang zu. Ich wusste genau wo ich hin wollte. Die Schlafs\u00e4le der Huren waren im hinteren Trakt des Tempels. Und genau dort vermutete ich zu dieser Zeit .\"Warte, du kannst doch nicht einfach hier rein spazieren\", versuchte mich der Priester los zu werden. Ich grinste und drehte mich um. \"Glaub mir Salen, ich werde nach den zw\u00f6lf Jahren, die ich weg war, nicht den Weg vergessen haben\", versicherte ich und lie\u00df ihn \u0001 \u0002 hatte mich nicht erkannt. Waren zw\u00f6lf Jahre wirklich so viel? Ich erinnerte mich noch gut daran, wie Salen mit mir auf den Treppen gesessen hatte und mir beigebracht hatte, wie man Spielkarten oder auch kleine Messer geschickt im \u00c4rmel versteckte. Er hatte mir lesen beigebracht und auch etwas rechnen. Immer wieder hatte er mich heimlich abgefragt. Und jetzt? Jetzt hatte er mich \u0001 \u0002 st\u00fcrmte durch die G\u00e4nge und sah beim vorbeilaufen in jeden Raum hinein um meinen Mutter auch ja nicht zu verpassen, denn der Tempel war ziemlich \u0001 \u0002 ich vor ihrem alten Zimmer stand rutschte mir beinahe das Herz in die Hose. Was wenn sie sich ebenfalls nicht mehr an mich erinnerte?Mit einem Mal wollte ich nicht mehr Kopfen. Unschl\u00fcssig stand ich vor der T\u00fcr und starrte das Holz an. Meine Mutter hatte geweint als ich gehen musste. Sie hatte geschrien und man hatte sie festgehalten, damit sie mich nicht zur\u00fcck hielt. Doch wenn selbst die Priester mich nicht erkannten, w\u00fcrde sie es vielleicht auch nicht tun. Ich strich mit der Hand \u00fcber den T\u00fcrgriff. Es machte mich traurig, dass ich im Moment eigentlich niemanden hatte, mit dem ich \u00fcber das, was passierte reden konnte... Wieder fingen meine Augen an zu \u0001 \u0002 nicht, dachte ich und atmete tief ein.\"Entschuldigung Mam\", fl\u00fcsterte ich und wandte mich von der T\u00fcr ab. Salen stand immer noch neben meiner Bergantilope im Hof. Ich trottete langsam auf ihn zu.\"Hast du deine Mutter gefunden?\", fragte er und streichelte das schwarze Fell des Tiers.\"Nicht wirklich. Ich habe nicht geklopft\", fl\u00fcsterte ich.\"Aber wieso?\", fragte er und zog die dichten Augenbrauen hoch. Ich sch\u00fcttelte den Kopf. \"Wenn sogar du mich nicht erkennst, dann wird sie es vielleicht auch nicht...\", ich \u0001 \u0002 sah mich lange an. Er suchte etwas in meinem Blick, an dem er sich orientieren konnte.\"Ich vergesse nie\", murmelte er pl\u00f6tzlich, \"Gerade du solltest das wissen, Couryn. Und deine Mutter wird dich auch niemals vergessen\"Ich hob den Kopf. Mit aufgerissenen Augen starrte ich Salen an. Er l\u00e4chelte und breitete die Arme aus. Schluchzte und fiel ihm \u0001 \u0002 tat gut, den Tr\u00e4nen endlich freien Lauf zu lassen. Wir sanken zu Boden und ich weinte einfach. Ich wusste nicht wie viel Zeit verging, das war auch egal. Ich war wieder zu \u0001 \u0002 die Sonne unterging begleitete ich Salen in die K\u00fcche und er stellte mir die neuen Tempelm\u00e4dchen vor. Es waren Zwillinge, Otilia und Greda. Beide waren 6 Jahre alt und w\u00fcrden bald ins Dorf geschickt werden. Ich half Greda dabei, die Suppe zuzubereiten und fegte anschlie\u00dfend mit Otilia die K\u00fcche.\"Bist du auch ein Hurenkind?\", fragte Greda pl\u00f6tzlich. Ich sah sie geschockt an.\"Wie kommst du denn da drauf?\", fragte ich, \"Also, wieso nennst du dich selbst so? Wieso sagst du nicht Tempelm\u00e4dchen?\"Greda zuckte die Schultern. Sie wirkte gleichg\u00fcltig als sie sprach: \"Die Kinder der Besucher, die herkommen nennen uns so.\"Ich nickte und beeilte mich mit dem fegen fertig zu werden. Irgendwie kamen mir alle Menschen in letzter Zeit sehr deprimiert vor, egal wohin ich sah, ich blickte in m\u00fcde und traurige \u0001 \u0002 suchte nach Salen, welcher mir versprochen hatte mich zu meiner Mutter zu bringen. Er meinte, ich sollte mit dem Rat sprechen und erz\u00e4hlen, warum ich hier war, doch ich wollte nicht, dass jemand erfuhr, dass die Kinder, die im Tempel geboren wurden keine Arbeit mehr finden w\u00fcrden, wenn sich die Meinung der Dorfbewohner nicht \u0001 \u0002 wollte er den Rat mindestens dar\u00fcber informieren, dass ich wieder da war. Ich stimmte zu und folgte ihm bis vor den \u0001 \u0002 ich vor der T\u00fcr auf ihn wartete kam eine der Huren auf mich zu.\"Bist du Couryn?\", fragte sie freundlich und als ich bejate hielt sie mir eine Hand hin, \"Da ist jemand, der dich gern sehen w\u00fcrde.\"",
            "wordcount": "850",
            "chapter_release": "16.04.2015",
            "chapter_number": "3"
        },
        "4": {
            "text": "Ich folgte der Frau, die sich als Bretja vorgestellt hatte. Sie zog mich freudig mit sich und plapperte, w\u00e4hrend wir durch die G\u00e4nge eilten, ununterbrochen dar\u00fcber, wie neugierig alle waren, wie ich wohl aussehen w\u00fcrde mittlerweile. Sie gestand, dass es selten vorkam, dass die Kinder zur\u00fcck kamen. Als ich sie fragte wieso, wurde sie stiller.\"Die meisten sch\u00e4men sich, das Kind einer Hure zu sein. Und im Dorf haben sie Arbeit\", murmelte sie. Ich sch\u00fcttelte verwirrt den Kopf.\"Aber die meisten im Dorf haben doch selbst Eltern oder Gro\u00dfeltern, die hier geboren wurden?\"Bretja nickte: \"Das interessiert die wenigsten. Sie sehen nur das, was sie sehen wollen und leben ihr Leben so, wie man es f\u00fcr anst\u00e4ndig h\u00e4lt. Die meisten M\u00e4nner, die herkommen ziehen im Dorf \u00fcber uns her, als w\u00e4ren wir weniger Wert als sie, dabei sind sie es, die S\u00fcnde begehen\"Ich verschluckte mich fast, als Bretja mir das erz\u00e4hlte.\"Nun gut, lass uns nicht l\u00e4nger dar\u00fcber nachdenken. Heute ist ein toller Abend! Denn eines der M\u00e4dchen ist zur\u00fcck gekehrt!\"Bretja \u00f6ffnete eine Fl\u00fcgelt\u00fcr und sofort f\u00fchlte ich eine vertraute W\u00e4rme, die ich auch in meiner Erinnerung immer gef\u00fchlt hatte. Ich atmete tief ein und betrat den Raum, den Bretja mir er\u00f6ffnet \u0001 \u0002 war eine Art Wohnzimmer. Ein kleiner, flacher Tisch stand in der Mitte, Au\u00dfen herum lagen Sitzkissen und durch eine gro\u00dfe Glast\u00fcr konnte man auch einen kleinen Garten betreten. Im Raum standen 4 Frauen, die alle um die 20 Jahre alt zu sein schienen. Nur eine war \u00e4lter. Sie hatte dunkelbraune Haare und klare, Hellblaue Augen. Um ihre Augen waren leichte Lachf\u00e4ltchen zu sehen. Als sie mich erblickte schlug die die Hand vor den Mund. Aufgebracht sprang sie auf und kam auf mich zu. Ich st\u00fcrzte ihr entgegen und lie\u00df mich in ihre Arme fallen. Wir blieben umringt von den Anderen stehen und weinten uns gegenseitig die Tr\u00e4nen in die Kleidung. \"Mama\", gab ich kehlig von mir und versuchte sie noch fester an mich zu dr\u00fccken, \"Ich bin wieder zu Hause.\"Sie nickte. Immer heftiger nickte sie und krallte sich in meiner Kleidung fest. Schlie\u00dflich l\u00f6sten wir uns voneinander und sie nahm mein Gesicht in ihre H\u00e4nde.\"So ein h\u00fcbsches M\u00e4dchen bist du geworden. Meine kleine, s\u00fc\u00dfe Couryn. Mein M\u00e4dchen! Ich hab dich so unendlich vermisst! du hast mir so gefehlt, ich wei\u00df gar nicht was ich sagen soll, mein kleiner Engel!\"\"Sag nichts Mam, sag einfach nichts. Denn das sagt schon alles\", ich seufzte und lie\u00df mir nun von meiner Mutter die Anderen \u0001 \u0002 und Bretja waren die einzigen, die mich damals noch gekannt hatten, die Anderen Frauen, die etwa mein Alter hatten, waren neu dazu gekommen und wollten alles \u00fcber meine Arbeit im Dorf wissen. Ich erz\u00e4hlte von Enna und Arland, von der Arbeit im Wald, wo ich den ganzen Tag Holz gehackt hatte und schlie\u00dflich mit Arland teuer im Dorf verkauft hatte. Die Frauen waren alle geschockt und hatten Mitleid, als ich von Arlands Anschuldigung erz\u00e4hlte. Meine Mutter schien sich Schuldig zu f\u00fchlen, aber ich versicherte ihr, dass ich stolz auf sie sei, egal was f\u00fcr einen Beruf sie aus\u00fcbte.\"Hast du dich schon dem Rat vorgestellt?\", fragte Bretja pl\u00f6tzlich. Ich sch\u00fcttelte den Kopf. Meine Mutter hatte mir gerade frische Kleidung gegeben und half mir, das Oberteil anzuziehen. Auch wenn ich es bestimmt allein gekonnt h\u00e4tte, ich wollte ihr nicht den Spa\u00df daran nehmen, schlie\u00dflich hatte sie lange genug darauf gewartet, mich wieder bei sich zu \u0001 \u0002 der jungen Frauen stellte mir Stiefel hin und stellte sich neben Bretja.\"Das solltest du auf jeden Fall tun\", fing sie an, \"Der Rat wirkt in letzter Zeit immer etwas merkw\u00fcrdig wei\u00dft du... Sie haben viel \u00f6fter Sitzungen und die meisten der Priester sehen wir kaum noch.\"Auch meine Mutter stimmte ihr zu, \"Vor allem ist komisch, dass sie viel l\u00e4nger bleiben als sonnst. Keiner reist mehr nach Hause.\"Ich zog fragend die Brauen hoch. \"Ihr meint...\", ich vermutete schlimmes. Bretja nickte, \"Wir glauben, dass es Probleme gibt. Und wenn man den Ger\u00fcchten der H\u00e4ndler und Wanderer glaubt, die durch den Wald herkommen, dann kann man nur vom Schlimmsten ausgehen.\"Meine Mutter griff nach meiner Hand, \"Jetzt macht ihr doch nicht solche Panik!\", schimpfte sie. Ich biss mir auf die Lippen. Allerdings hatten die Frauen Recht, wenn sogar Wanderer, die das meiste mitbekamen, von Problemen berichteten... Dann hatten die Priester wohl allen Grund dazu, sich einzuschanzen.\"Ich werde mit Salen reden\", versicherte ich meiner Mutter. Ich zog mir schnell die Stiefel an und bat meine Mutter darum, mich zum Ratszimmer zu begleiten. Sie willigte ein und folgte mir durch die Fl\u00fcgelt\u00fcr in den Flur.",
            "wordcount": "804",
            "chapter_release": "17.04.2015",
            "chapter_number": "4"
        },
        "5": {
            "text": "Der Rat hatte Stunden gebraucht und als Salen endlich heraus kam, gab es schon Abendessen. Ich setzte mich an dem langen Tisch neben ihn, wo er mich direkt den anderen Ratsmitgliedern vorstelle. Es schien die Priester nicht sonderlich zu interessieren, dass und warum ich wieder da war.\"Sag mal Salen\", fl\u00fcsterte ich als ich meinen Nachtisch aufgegessen hatte, \"Gibt es momentan eigentlich irgendwelche Probleme im Rat?\"Salen sah mich erstaunt an, \"Wie kommst du denn da rauf Kind?\"Ich zuckte die Schultern und linste zu Bretja, \"Die Frauen sagen, dass die Gast Priester gar nicht mehr Heim wollen. Und dass die Anzahl der Ratssitzungen steigt\"Salen nickte wissend. Er rieb sich am Kinn und lie\u00df seinen L\u00f6ffel, mit dem er sich gerade Pudding in den Mund schieben wollte sinken. Anscheinend merkte er, dass er mir nichts vormachen konnte. W\u00e4hrend er so da sa\u00df und nachdachte, wurde ich immer ungeduldiger... Was war denn so kompliziert, dass man es nicht einfach sagen konnte?\"Salen?\", hakte ich nach und stupste ihn leicht an.\"H\u00f6r zu Couryn,\", begann er schlie\u00dflich, \"Die Priester, die nicht hier wohnen, haben unterwegs immer wieder Lichtungen im Wald gesehen...\"\"Was ist daran so au\u00dfergew\u00f6hnlich?\", wollte ich wissen.\"Bitte unterbrich mich nicht. Also, pass auf. Die Lichtungen sind neu, das hei\u00dft die B\u00e4ume sind gef\u00e4llt worden. Und das in Massen. Wir machen uns Sorgen. Es scheint, als holzt jemand mit der Zeit den ganzen Wald ab. Die Baumgeister kommen gar nicht mehr hinterher mit dem nachwachsen lassen. Und Gran meint, dass ihm der Waldgeist selbst im Traum erschienen ist. Offenbar scheint der Wald das nicht mehr lange auszuhalten. Das Problem ist, dass wir nicht genau wissen, wer daf\u00fcr verantwortlich ist. Und solange wir den Feind nicht kennen, wissen wir auch nicht, wie wir vorgehen sollen.\"Salen holte tief Luft und griff nach seinem Krug. Ich schluckte und starrte auf den Pudding vor \u0001 \u0002 zerst\u00f6rte den Wald. Das Zuhause tausender Baumgeister und Feenwesen.\"Aber... Aber was passiert denn jetzt? Werden sie uns auch angreifen?\", meine Stimme zitterte w\u00e4hrend ich langsam den Ernst der Lage begriff. Wenn man die Absichten, des Zerst\u00f6rers nicht kannte... Dann konnte auch keiner garantieren, dass das Dorf in Sicherheit war!\"Wir haben uns mit dem Dorfoberhaupt besprochen und er l\u00e4sst die M\u00e4nner trainieren, damit sie auf einen m\u00f6glichen Kampf vorbereitet sind\", Salen wirkte besorgt. Ich konnte mir denken, dass er bezweifelte, dass unsere M\u00e4nner gegen den, der so viel Schaden anrichtete, \u0001 \u0002 wird niemals etwas bringen, dachte ich mir und machte mich auf meinem Stuhl so klein wie es ging. Bei meiner K\u00f6rpergr\u00f6\u00dfe war das nicht sonderlich schwer. In diesem Moment konnte ich die Anspannung am Tisch deutlich sp\u00fcren. Sorgenfalten zierten die Gesichter der Anwesenden und nun war ich ein Teil davon.\"Ich w\u00fcrde euch gern helfen...\", murmelte ich und schob meinen Stuhl zur\u00fcck, \"Aber ich sch\u00e4tze, das w\u00fcrde nichts bringen.\"Salen nickte. Er hatte mir nicht wirklich zugeh\u00f6rt. Sonnst w\u00fcrde er mir widerspechen und versichern, dass ich nicht nutzlos sei. Doch genau so f\u00fchlte ich \u0001 \u0002 stand auf und entschuldigte mich f\u00fcr ein paar Minuten. Verunsichert lief ich auf den Hof und setzte mich auf die Treppen vor dem \u0001 \u0002 Nacht war ziemlich klar und man konnte die Sterne z\u00e4hlen. Mir war allerdings nicht nach z\u00e4hlen zu Mute. Ich sa\u00df einfach dar und zerbrach mir den Kopf dar\u00fcber, wieso mein Leben mit einem Mal so merkw\u00fcrdig deprimierend war.\"Wenn ihr Geister dort wirklich Drau\u00dfen seid, und ihr mich h\u00f6ren k\u00f6nnt...\", fl\u00fcsterte ich leise, mit der Hoffnung, dass niemand mich beobachtete, \"Dann bitte, bitte gebt allem einen Sinn. Zeigt der Welt, was sie tun muss. Gebt uns Zeichen, die uns helfen. Wir m\u00f6chten doch nur... verstehen.\"Ich sog tief die Nachtluft ein und malte mit der Fu\u00dfspitze kleine Kreise in den \u0001 \u0002 bedeutete dieser Tag, dass sich etwas \u00e4nderte. Vielleicht w\u00fcrde jetzt Chaos ausbrechen. Oder sogar ein Krieg. Und vielleicht war ich zu schwach, um mein Dorf zu besch\u00fctzen. Aber ich w\u00fcrde nicht aufgeben wollen. Nicht jetzt, wo ich mein altes Leben wieder hatte, so wie ich es geliebt \u0001 \u0002 h\u00f6rte ich eine Stimme, die meinen Namen rief.\"Ich bin hier Drau\u00dfen!\", antwortete ich und drehte mich um. Hinter mir tauchte Bretja auf. Sie sah aufgebracht aus.\"Couryn schnell, Salen will dich sehen!\", sagte sie und half mir auf die Beine. Ich starrte sie verwundert an, folgte ihr \u0001 \u0002 lief sie nicht zum Speisesaal, sondern zum Ratszimmer. Ich ahnte schlimmes als sie klopfte und Salen mit aufgeregtem Gesichtsausdruck die T\u00fcr \u00f6ffnete.\"Couryn\", er zog mich herein und schloss die T\u00fcr schnell wieder hinter \u0001 \u0002 drehte mich um und sah in 9 aufmerksame \u0001 \u0002 Voting, das ab jetzt ab udn zu unter den Kapiteln erscheint:Welchen Charakter w\u00fcrdet ihr gern mal von mir gezeichnet sehen?Schon gezeichnete Figuren:Couryn https://scontent-\u0001 \u0002.\u0001 \u0002/hphotos-xpf1/\u0001 \u0002-8/s960x960/\u0001 \u0002",
            "wordcount": "854",
            "chapter_release": "18.04.2015",
            "chapter_number": "5"
        },
        "6": {
            "text": "\"Bitte WAS soll ich?\", ungl\u00e4ubig blickte ich Salen \u0001 \u0002 er sich gesetzt hatte und man mir nochmal die Situation des Dorfes erl\u00e4utert hatte, hatte Salen mir vorgeschlagen, dem Rat bei zu treten.\"Es ist doch nur vor\u00fcbergehend! Wir brauchen deine Hilfe, aber solang du kein Mitglied bist k\u00f6nnen wir dich nicht um das, was wir von dir wollen bitten.\", antwortete Salen. Er sah mich flehend an.\"Ich kann doch nicht...\", begann ich z\u00f6gerlich.\"Einem Rat aus alten M\u00e4nnern beitreten?\", erg\u00e4nze einer der \u00c4ltesten. Ich schluckte. Genau das hatte ich gedacht. Ich nickte entschuldigend. Der Alte l\u00e4chelte, \"Aber wir sind f\u00fcr die Aufgabe, die wir dir \u00fcberlassen wollen zu alt und es w\u00e4re viel zu auff\u00e4llig, falls sich jemand gezielt gegen uns gestellt hat.\"Ich zog den Kopf ein. Ich wollte wirklich helfen, aber ich konnte mich als nicht getauftes M\u00e4dchen, doch nicht irgendeiner Sekte anschlie\u00dfen! Nat\u00fcrlich waren die nicht fremd und eine Sekte auch nicht wirklich aber... Das konnte unm\u00f6glich gut gehen!\"Ich verstehe eure Besorgnis ja\", murmelte ich, \"Aber wenn ich daran denke, dass das Schicksal aller von mir abh\u00e4ngen soll...\" Ich \u0001 \u0002 dem Gedanken, ich k\u00f6nnte versagen, zog sich ein Knoten in meinen Magen.\"Und wir verstehen deine Angst\", murmelte Salen. Er stand auf und kam auf mich zu. W\u00e4hrend mir eine Hand auf die Schulter legte und weiter sprach fingen meine Ohren an zu rauschen. Ich kannte dieses Gef\u00fchl. Ich hatte es einmal gehabt, als ich mich fast im Wald verlaufen hatte bei der Arbeit. Es war wie eine Panik, nur viel schlimmer und es war gut m\u00f6glich, dass es in einer Ohnmacht endete.\"Ich muss mich setzen\", nuschelte ich und sofort bot mir Salen seinen Platz \u0001 \u0002 st\u00fctzte den Kopf in die H\u00e4nde und starrte zu Boden.\"Lass dir Zeit mit der Antwort\", versicherte mir der \u00c4lteste, \"Ob Heute oder Morgen ist nicht so wichtig, wir sehen uns ja wieder.\"Mit diesen Worten standen die anderen Priester auf und gingen. Ich blieb mit Salen allein und lie\u00df mir von ihm ein Glas Wasser einschenken. W\u00e4hrend ich trank versuchte Salen mich zu beruhigen. Er versicherte mir, dass es ungef\u00e4hrlich war, dass ich nur als Botschafter heraus finden sollte, wer den Wald zerst\u00f6rte und wenn m\u00f6glich auch warum und gegen wen er gesinnt war. Er erkl\u00e4rte, dass ich dies als Bezahlung betrachten konnte, daf\u00fcr dass ich dann f\u00fcr immer im Tempel bleiben \u0001 \u0002 lie\u00df auch Salen mich allein und wies mich noch an, bald schlafen zu gehen. Ich wandelte die ein unruhiger Geist durch die G\u00e4nge des Tempels auf der Suche nach meinem Schlafzimmer. Irgendwann fand ich es und legte mich in mein Bett. Trotzdem konnte ich nicht einschlafen.\"Wenn ich gehe, und nicht wieder komme, wer wird Mam dann besch\u00fctzen?\", fragte ich mich selbst und starrte gegen die Decke. Eine Antwort konnte ich mir nicht geben. Ich w\u00e4lzte mich unruhig in dieser Nacht hin und her und versuchte das Erfahrene zu \u0001 \u0002. Als ich am N\u00e4chsten Morgen wach wurde, hatte ich Fieber. Mein Kopf schien fast zu explodieren und ich hatte das Gef\u00fchl als h\u00e4tte sich meine Temperatur auf 300 \u00b0 erh\u00f6ht.\"Ist es wegen dem, was sie gestern zu dir gesagt haben?\", fragte Mam mich, als sie mir Wadenwickel brachte. Ich nickte.\"Sie wollen, dass ich f\u00fcr sie Spion spiele. Ich soll heraus finden wer den Wald rodet.\"Nat\u00fcrlich hatte ich meiner Mutter alles erz\u00e4hlt. Das war auch ganz gut so, allerdings stimmte sie Salen zu. Sie fand es besser, ich w\u00fcrde mir damit f\u00fcr immer mein Essen garantieren, als wenn ich in ihre Fu\u00dfstapfen trat.\"Ich m\u00f6chte, dass dir bewusste wird, dass wir alle sowieso schon mit darin stecken\", murmelte sie als sie ging und ich hatte das Gef\u00fchl, dass Salen vorher mit ihr gesprochen hatte. Denn wirklich \u00fcberzeugt hatte sie ihre Meinung nicht \u0001 \u0002 sie hatte Recht, es gab gar keinen Ausweg mehr. Und vielleicht w\u00fcrde ich sie und die Anderen mehr besch\u00fctzen, indem ich dem Rat so half, als wenn ich hier blieb um mich auf einen m\u00f6glichen Kampf vorzubereiten. In diesem Moment wurde mir klar: Es spielte keine Rolle was ich tat: Die Zukunft lie\u00df sich nicht \u00e4ndern. Aber solang ich k\u00e4mpfte und versuchte, sie zur\u00fcck zu halten, w\u00fcrde ich meinen Teil dazu beitragen, dass sie sich verbessern k\u00f6nnte.\"Na sch\u00f6n\", fl\u00fcsterte ich und schloss die Augen. Ich w\u00fcrde mich dem Rat anschlie\u00dfen, eine Priesterin werden und als Botschafterin in den Wald gehen. Und ich w\u00fcrde heraus finden, was dort passierte. Und in einer Sache war ich mir v\u00f6llig sicher, denn ich hatte pl\u00f6tzlich ein aufregendes Kribbeln im Magen, ich wurde etwas bewirken. Ich w\u00fcrde etwas ver\u00e4ndern.",
            "wordcount": "805",
            "chapter_release": "18.04.2015",
            "chapter_number": "6"
        },
        "7": {
            "text": "Kurz nach dem Fr\u00fchst\u00fcck, ich stand im Hof, neben mir die Bergantilope, die mich begleiten sollte, und wartete darauf, dass meine Mutter kam um sich zu \u0001 \u0002 Mal, wollte ich ganz bestimmt nicht gehen, ohne ihr auf Wiedersehen gesagt zu haben. Ich wusste nicht, wie lange ich weg bleiben w\u00fcrde, aber falls es l\u00e4nger dauern sollte, wollte ich doch, dass sie dieses Mal genau wusste, dass ich wieder kommen w\u00fcrde.\"Couryn!\", Bretja und meine Mutter kamen auf mich zugest\u00fcrzt und fielen mir in die Arme.\"Du musst immer darauf achten, wo du lang gehst!\", sagte Bretja.\"Und steck dir ein Messer ein!\", sagte Mam.\"Und iss genug!\", sagte Bretja.\"Und am allerwichtigsten: Lass dich nicht erwischen, nimm dich vor dem Feind in Acht und... Nimm das hier\", Mam gab mir ein dunkles Cape, das ich \u00fcber zog. Es hatte keine \u00c4rmel, eine Kapuze und einen Kragen, den man \u00fcber den Mund ziehen konnte.\"Damit du dich nicht erk\u00e4ltest, falls es mal wieder unerwartet schneit...\", Mam wartete bis ich das Cape angezogen hatte und dr\u00fcckte mich dann fest an sich.\"Ach mein M\u00e4dchen\", nuschelte sie in meine Schulter, \"Versuch nicht zu lange zu brauchen ja?\"\"Keine Sorge Mam, ich werde nicht lang fort bleiben. Und wenn ich nach 1 Woche noch nicht wieder da bin, dann schickt Salen ja Wachen los\", versicherte ich ihr. Dass diese 'Wachen' zwei Jungen waren, die gerade erst von einem der Priester k\u00e4mpfen lernen sollte verschwieg ich meiner Mutter. Sie w\u00fcrde sich nur unn\u00f6tig Sorgen machen.\"Ich wei\u00df aber... Ich hab solche Angst, dich schon wieder zu verlieren Couryn\", Mam wischte sich eine Tr\u00e4ne weg und l\u00f6ste sich von mir. Mit einer freien Hand winkend trat ich zur\u00fcck, mit der Anderen nahm ich die Z\u00fcgel der Antilope. Ich sa\u00df auf und winkte auch noch, als ich schon los ritt und mich immer weiter von Mam entfernte. Erst als ich den Tempel nicht mehr sah, drehte ich den Kopf nach vorn. \"Na gut...\", murmelte ich und trieb die Antilope leicht an. Sie fing an zu traben und es dauerte keine 5 Minuten bis wir von hohen B\u00e4umen umgeben waren. W\u00e4hrend immer mehr B\u00e4ume an uns vorbei zogen lie\u00df ich die Antilope langsamer laufen und bemerkte, dass Mam mir einen Dolch ins Cape gesteckt hatte. Ich zog ihn aus der Halterung in der Innentasche und betrachtete ihn. Er sah nicht sonderlich besonders aus, eine geschwungene Klinge, ein Griff aus schwarzem Holz und eine Gravierung darin, die man nicht mehr lesen konnte. Ich drehte ihn vorsichtig in meinen H\u00e4nden hin und her. Ich hatte nie mit einem Dolch gek\u00e4mpft. Mit dem Beil kannte ich mich aus, und auch mit Zangen hatte ich beim Holz schneiden schon gearbeitet, aber Messer, Schwerte oder eben Dolche waren mir immer zu gef\u00e4hrlich. Ich hatte viel zu viel Angst, mich damit selbst zu verletzen. Ich steckte das St\u00fcck wieder ein und versicherte mich, dass die Innentasche des Capes einen Schutz hatte, sodass ich mir den Dolch nicht selbst in die Brust dr\u00fccke \u0001 \u0002 lehnte ich mich zur\u00fcck und entspannte mich. Solang ich noch nicht in Gefahr war, musste ich den Ritt \u0001 \u0002 Wald wurde immer dichter, das Rauschen der Bl\u00e4tter verst\u00e4rkte sich und mir kam es so vor, als w\u00fcrde es auch dunkler werden. Ich lauschte den Ger\u00e4uschen des Waldes. V\u00f6gel zwitscherten ununterbrochen, ein leises Zirpen war zu h\u00f6ren und auch Andere Ger\u00e4usche, die wie leise Stimmen aus meinem Kopf klangen waren zu h\u00f6ren. Es klang alles Andere als bedrohlich und ich f\u00fchlte mich beinahe \u0001 \u0002 lag es daran, dass ich mein halbes Leben im Wald verbrachte hatte, vielleicht aber auch wirklich an den beruhigenden \u0001 \u0002 ich dar\u00fcber nachdachte, viel mir auf, dass ich so weit wie zu diesem Zeitpunkt nie in die Wald hinein gegangen \u0001 \u0002 konnte mich kaum mehr zurecht finden. Doch meine Antilope schien den Weg zu kennen und lief zielstrebig zwischen den B\u00e4umen und Str\u00e4uchern hindurch.\"Du scheinst den Weg ja gut zu kennen\", witzelte ich und sie schnaubte. Fast, als w\u00fcrde sie antworten. Ich grinste. Es war merkw\u00fcrdig, mich mit einem Tier zu \u0001 \u0002 beobachtete ich wie ein wei\u00dfer Schmetterling an uns vorbei flatterte. Er schien zu Leuchten und gleichzeitig fast Durchsichtig zu sein. Mein Blick folgte ihm und auch meine Antilope folgte ihm, als wenn er uns den Weg \u0001 \u0002 bemerkte ich noch eine solche Gestalt. Fast wie Feenwesen zirpten die Beiden Schmetterlings \u00e4hnlichen Wesen vor uns und f\u00fchrten uns durch den Wald. Dort wo sie entlang flogen, richteten die Blumen ihren Kopf hin. Ich sah ihnen verwundert nach und gab meiner Antilope leichten Schenkeldruck, damit sie schneller \u0001 \u0002 war merkw\u00fcrdig, denn als wir den Leuchtenden Tierchen schneller folgten, verschnellerten auch diese ihr Tempo. Ich trieb meine Antilope weiter an und auch die Schmetterlinge beschleunigten. Wieder und wieder versuchte ich sie einzuholen und wies meine Antilope an immer schneller zu \u0001 \u0002 wurde zu einer Regelrechten jagt, fast als wollten die Schmetterlinge dass wir ihnen folgten, aber nicht, dass wir sie erreichten.\"Was soll das?\", keuchte ich, \"Wartet doch!\"Doch es half nichts, immer weiter jagten sie durch den Wald und ich hatte l\u00e4ngst die Orientierung verloren. Es gab kein Zur\u00fcck mehr. Entweder w\u00fcrden die Schmetterlinge, die nur noch als flimmernde Lichter zu erkennen waren uns den Weg zeigen, oder ich war verloren. Immer schneller rasten wir durch den Wald. B\u00e4ume peitschen mir ins Gesicht. Ich sp\u00fcrte ein Ratschen an meinen Beinen. Der Weg wurde enger. Es wurde noch dunkler und ich verlor beinahe die Lichter aus den Augen. \"Wartet!\", kreischte ich. Diese Hetzjagt wurde mir zu viel, ich schloss die Augen und klammerte mich fest. Ich betete innerlich, dass mir nichts passieren w\u00fcrde. Ich f\u00fchlte wie meine Antilope unter mir bebte, ihre Hufe \u00fcber die feuchte Erde donnerten und ich unsanft auf ihrem R\u00fccken hin und her gerissen \u0001 \u0002 verlangsamte meine Antilope ihr Tempo. Keuchend lehnte ich mich zur\u00fcck und \u00f6ffnete meine \u0001 \u0002 ich sah verschlug mir die Sprache. Ich hielt das Tier an und stieg ab. Wir waren auf einer Art Lichtung. Jedenfalls war es zu einer gemacht worden. Die B\u00e4ume waren allesamt abgebrannt worden und man sah nur noch vereinzelnd ein paar verkohlte Wurzeln aus dem Boden ragen. Doch das war nicht das, was mir so die Sprache \u0001 \u0002 st\u00fcrmte in die Mitte der Wiese und lie\u00df mich auf die Knie fallen. Vor mir im verdorrten Gras lag eine wei\u00dfe Gestalt. Sie sah aus wie eine Frau, nur hatte die keinen richtigen K\u00f6rper und Haare sondern sah aus wie ein F\u00e4cher aus Pflanzenschlingen und Lianen. Sie blinzelte schwach und sah mich besorgt an. Ich wollte sie fragen, ob ich ihr helfen konnte, was passiert war und wer ihr das angetan hatte, doch meine Stimme blieb mir in der Kehle stecken. Verzweifelt bewegte ich meine Lippen. Ich wusste nicht, was ich tun sollte. Doch wenn ich ihr nicht helfen w\u00fcrde, dann w\u00fcrde sie sterben. V\u00f6llig entkr\u00e4ftet lag sie am \u0001 \u0002 legte ihrem Kopf auf meinen Scho\u00df und f\u00e4cherte ihr panisch Luft zu. W\u00e4hrend ich fast einen Anfall bekam fing sie an zu \u0001 \u0002 und langsam griff sie nach meinen Fingern und strich sie zur \u0001 \u0002 Ber\u00fchrungen lie\u00dfen mich eine G\u00e4nsehaut kriegen und pl\u00f6tzlich h\u00f6rt ich ihre Stimme. Sie sprach nicht, aber ihre Ber\u00fchrung lie\u00df mich ihre Gedanken lesen. In meinem Kopf war auf einmal alles leer. Ich hatte nur noch Platz f\u00fcr ihre Worte, die ich tief in mich \u0001 \u0002 haben dich zu mir gef\u00fchrt, weil du uns helfen \u0001 \u0002, dachte ich panisch und sah sie fragend \u0001 \u0002, du wirst uns helfen. Denn meine Fl\u00fcgel haben dich auserw\u00e4hlt!Pl\u00f6tzlich bemerkte ich die vielen Flatternden Schmerttlings\u00e4hnlichen Wesen um sie herum. Jetzt erkannte ich auch, was es waren. Lichtgeister. Wesen, die von Baumgeistern ausgesandt werden, um den Blumen die W\u00e4rme zu schenken, die sie brauchten. \u0001 \u0002 musst mir einen Gefallen tun, liebe Couryn. Suche nicht nach den M\u00e4nnern, die uns unseren Lebensraum nehmen. Du wirst dort nicht das finden, was du \u0001 \u0002 warum, dachte ich und fing an zu zittern. Um uns herum wurde es immer k\u00e4lter. Die Frau schien langsam blasser zu werden. Ihr blieb nicht viel \u0001 \u0002 zu bitte. Du musst das Schloss finden! Dort ist der Ursprung unseres \u00dcbels. Aber nicht nur das, dort wirst du auch die L\u00f6sung finden. Unser aller Schicksal liegt nun in deiner Hand, kleine Couryn. Ich bitte dich, im Namen derer, die schon dahingeschieden sind, hilf uns. Hilf uns, und finde, was du suchst. Aber merke dir: Das was auf den ersten Blick gut scheint, ist nicht immer das, was auch richtig ist. Und das, was dir Sorgen bereitet, kann auch das sein, was dich gl\u00fccklich macht. Also... Pass auf dich \u0001 \u0002, dachte ich und \u0001 \u0002 noch, nimm dir meine Fl\u00fcgel mit. Sie hob die andere Hand und lie\u00df all ihre Schmetterlinge zu einem Licht verschmelzen. Sie gab es mir in die H\u00e4nde und schloss schlie\u00dflich die Augen. Immer blasser und durchsichtiger wurde sie und l\u00f6ste sich schlie\u00dflich in einen Nebelschwall aus tausenden funkelnden Lichtern \u0001 \u0002 blieb auf dem Boden kniend zur\u00fcck uns sah in den Himmel, dort hin, wo sie hingeschwebt war.",
            "wordcount": "1.560",
            "chapter_release": "19.04.2015",
            "chapter_number": "7"
        },
        "8": {
            "text": "Mit einem Mal wurde es wieder unheimlich Dunkel um mich und eine schwere, bedr\u00fcckende Atmosph\u00e4re breitete sich langsam auf der Lichtung aus. Ich hielt ihre Fl\u00fcgel, die sie mir gegeben hatte immer noch fest in den H\u00e4nden. Langsam \u00f6ffnete ich die Finger. Die Schmetterlinge waren verschwunden, stattdessen blickte mich ein kleiner leuchtender Wicht an, der aussah wie ein M\u00e4dchen. Von den Gesichtsz\u00fcgen her, sah es aus wie der Baumgeist, doch diese hier hatte kurze Haare, die mit dem schwindenen Licht von einem wei\u00df Ton in eine Pfirsich-Farbe \u0001 \u0002 Wesen sa\u00df auf meiner Handfl\u00e4che und r\u00e4kelte sich m\u00fcde. Hatte der Baumgeist eben ein neues Wesen erschaffen? Das kleine, nackte M\u00e4dchen stand auf und drehte sich. Langsam entfalteten sich auf seinem R\u00fccken zwei lange \u0001 \u0002 Rest des Lichtes sammelte sich darin und das Wesen lie\u00df sie leicht surren. Dann etwas st\u00e4rker und schlie\u00dflich hob es f\u00fcr einen kleinen Moment ab. Fasziniert beobachtete ich das M\u00e4dchen. So sahen also Feen von nahem \u0001 \u0002 mich das M\u00e4dchen bemerkte flog sie direkt vor mein Gesicht und gab mir einen Kuss auf die Nasenspitze.\"Meine Sch\u00f6pferin hat gesagt, ich soll von nun an dein Begleiter sein und auf dich auspassen\", sagte sie stolz. Ich nickte verbl\u00fcfft und rieb mir die Nase.\"Der Kuss war ein Zeichen daf\u00fcr, dass wir jetzt auf Ewig verbunden sind! Wenn du Hilfe brauchst, dann merke ich das und wenn ich Hilfe brauche tust du es auch. Allerdings brachen wir Blauzuckerfeen niemals Hilfe. Aber im helfen sind wir klasse!\"Langsam stand ich auf.\"Eine Blauzuckerfee?\", murmelte ich und das M\u00e4dchen schwirrte zu mir hoch.\"Jap. Die meisten nennen uns Lavendelfeen, aber das ist v\u00f6llig falsch! Immerhin zaubern wir mit blauem Zucker und nicht mir Lavendel! Also, das wei\u00dft du jetzt schon mal: Ich kann etwas zaubern. Aber Achtung: Wenn meine Energie futsch ist, kann ich auch keinen Zucker machen!\"Mir schwirrte der Kopf, was zum Teil auch an dem Fl\u00fcgel-surr-Ger\u00e4usch lag, aber am meisten wegen dem, was gerade passier war.\"Soso\", murmelte ich. Die kleine Fee lie\u00df sich auf meiner Schulter nieder, \"Du bist also Couryn? Freut mich dich kennen zu lernen. Mich nennt man Lyra. Naja also bisher hat mich nie jemand so genannt... Aber du kannst mich gern so nennen!\"Ich schluckte und sah mich um. Meine Antilope war verschwunden.\"Oh nein\", fl\u00fcsterte ich und drehte mich panisch im Kreis.\"Suchst du deinen Esel?\", fragte Lyra, \"Der ist bei dem Tod meiner Sch\u00f6pferin vor Angst abgehauen.\"\"Antilope\", berichtigte ich die kleine \u0001 \u0002 winkte ab und flatterte wieder von meiner Schulter herunter. Zielsicher steuerte sie einen Trampelpfad an und wies mich an ihr zu folgen. Ich sah noch kurz zur\u00fcck zu der Stelle, wo meine Antilope auf mich h\u00e4tte warten sollen und folgte Lyra \u0001 \u0002 schien sich trotz ihres Alters von wenigen Minuten bereits gut aus zu kennen. Als ich sie darauf ansprach begann sie einen endlos langen Monolog dar\u00fcber du f\u00fchren, wie Feenwesen entstehen, wenn die von Baumgeistern ins Leben gerufen \u0001 \u0002 erfuhr, dass sie das ganze praktische Wissen ihrer Sch\u00f6pferin \u00fcbernommen hatte und mir genau deshalb so gut helfen konnte. Ich h\u00f6rte mit halbem Ohr zu und versuchte mir verzweifelt den Weg zu merken, damit ich mich bei meiner R\u00fcckkehr nicht \u0001 \u0002 Fee riss sich von einigen Bl\u00fcten die Bl\u00e4tter ab und lie\u00df ihren blauen Zucker dar\u00fcber \u0001 \u0002 gro\u00dfen Augen sah ich zu, wie aus den Bl\u00e4ttern Hose und Top wurden, die sich an Lyras K\u00f6rper schmiegten. Offenbar war selbst einer Fee das Wetter in Ijsland nicht warm genug. Irgendwann lichtete sich das Bl\u00e4tterdach und \u00fcber uns erschien der Himmel. Hellblau und fast wolkenlos.\"Endlich\", murmelte Lyra, \"Ich HASSE Dunkelheit. Nicht nur, weil meine Sch\u00f6pferin Lcith machen konnte, nein auch generell!\"Ich trat zwischen den Str\u00e4uchern durch und ein atemberaubender Ausblick bot sich mir.",
            "wordcount": "661",
            "chapter_release": "19.04.2015",
            "chapter_number": "8"
        },
        "9": {
            "text": "Ich sah Grau. Grau und Schwarz und mehr nicht. Alles war Dunkel, verwest und abgerannt. Es stank nach Asche und vereinzelnd rauchte der Boden \u0001 \u0002 trat vorsichtig auf den Weg, der nun vom Rest der Landschaft nicht mehr zu unterscheiden war.\"Oh nein\", fl\u00fcsterte ich und blickte auf die kahle Wandfl\u00e4che. Alles aber auch wirklich alles Gr\u00fcn war verschwunden. Die Priester hatten nicht \u00fcbertrieben. Fassungslos folgte ich Lyra durch das graue Nichts. Unter meinen Sohlen knackten verkohlte \u00c4ste, es staubte und mein Hals fing an zu kratzen. Es war als klebte die Asche in der Luft und nicht nur auf dem \u0001 \u0002 ich mit den Fingern einen Ast aufheben wollte, der noch ganz zu sein schien zerfiel auch dieser zu Staub.\"Wer tut so etwas?\", sagte ich zu mir selbst. Diesmal blieb Lyra stumm. Sie hatte sich auf einem Stein nieder gelassen und sah traurig auf ihr einstiges \u0001 \u0002 stellte mich neben sie. V\u00f6llig am Boden zerst\u00f6rt sah die kleine Fee aus. Ich wollte sie in den Arm nehmen, allerdings war sie daf\u00fcr zu zierlich. Also streckte ich meine Hand aus und lie\u00df sie darauf steigen. Ich setzte sie auf meinen Kopf und trottete langsam weiter durch die schwarzgrauen \u0001 \u0002 Weg, den wir noch vor uns hatten schien endlos lang, denn man sah bis zum Horizont so gut wie nichts au\u00dfer Nebel und \u0001 \u0002 taten mir die F\u00fc\u00dfe vom Laufen weh und ich bat Lyra eine Pause zu machen. Doch sie lehnte ab, \"Wir sind doch schon so gut wie da!\"Ich sah mich um, konnte allerdings kein Schloss erkennen. Um uns herum gab es genau so viel, wie es vor 1 Stunde gegeben hatte, dabei schwor ich mir, dass wir ziemlich weit gelaufen waren.\"Aber ich sehen nichts\", protestierte ich und blieb stehen. Lyra flog vor meine Nase und klatschte mir ihre H\u00e4nde gegen die Wangen, \"Du musst mal genauer hinsehen! Nicht alles was du sehen willst, will auch von dir gesehen werden Couryn!\"Ich sch\u00fcttelte verst\u00e4ndnislos den Kopf. Doch als Lyra mich einige Meter weiter zog bemerkte ich, dass eine riesige Schlucht vor uns lag. Und in dieser Schlucht...Stand eine \u0001 \u0002 verbl\u00fcfft torkelte ich auf den Hang zu.\"Das gibts nicht\", murmelte ich und kniete mich hin. Das riesige Geb\u00e4ude glich einem Palast aus Felsbrocken, Holz und Steinw\u00e4nden. Niemals h\u00e4tte ich es bemerkt, wenn ich nicht genauer hingesehen h\u00e4tte. \"Wie sollen wir denn da runter kommen?\", fragte ich Lyra. Sie schwebte hinter mir auf und ab.\"Na wie wohl?\", fragte sie und grinste, \"Einfach gerade aus!\" Mit einem mal schubste sie mich mit aller Kraft und ich verlor das Gleichgewicht.\"Verdammt!\", kreischte ich und rutschte den steilen Hang hinunter. Mit den F\u00fc\u00dfen voran raste ich einer Art Tunnel entgegen, der wohl als Schornstein diente. Panisch versuchte ich mich fest zu halten. Doch die Steine waren zu glatt geschliffen und ehe ich mich versah rutschte ich in den Schornstein.\"LYRA!\", rief ich \u00e4ngstlich doch meine Rufe erstickten im Rohr. Durch das Rohr rutschte ich immer weiter nach unten. Unsanft ratschte ich dabei mit den Armen an den W\u00e4nden entlang. Dann endete das \u0001 \u0002!Ich knallte mit dem Hintern auf eine kalte Steinfl\u00e4che. Ich sa\u00df in einer Art Sch\u00fcssel fest. Um mich herum war es Dunkel. Noch an das Tageslicht von Drau\u00dfen gew\u00f6hnt konnte ich nichts erkennen. Also tastete ich nach den W\u00e4nden und versuchte mich daran nach Oben zu \u0001 \u0002 wollte gerade \u00fcber den Rand der Sch\u00fcssel schauen als sie sich pl\u00f6tzlich bewegte und ich wieder nach unten rutschte. Panik stieg in mir auf. Das war ganz und gar nicht lustig. In was f\u00fcr eine Lage hatte mich Lyra da gebracht?\"Nicht gut\", murmelte ich und versuchte erneut nach oben zu klettern. Diesmal war ich \u0001 \u0002 blickte \u00fcber den Rand der Sch\u00fcssel und w\u00e4re vor Schreck fast wieder herunter gerutscht. Unter mir lag eine Halle in der hunderte M\u00e4nner arbeiteten. Sie schleppten Holz, betrieben gro\u00dfe \u00d6fen und kochten eine seltsame Fl\u00fcssigkeit, die aussah wie \u0001 \u0002 diese Typen so weit unten waren, musste bedeuten...Mir wurde \u0001 \u0002 schwebte in einer von mehreren gro\u00dfen Containern an einem Gestell an der Decke des Raumes. Unter mir gab es nichts. Beinahe w\u00e4re ich vor Schreck heraus gefallen.\"Wie soll ich denn hier raus kommen?\"Ich vergrub den Kopf in meinen H\u00e4nden. Es war eine Katastrophe. Warum genau hatte ich mich hier drauf eingelassen? Ach ja. HIER rauf, HATTE ich mich gar nicht eingelassen! Ich h\u00e4tte doch eigentlich nur schauen sollen, wer die W\u00e4lder abholzt! Zu dem ganzen Theater hatte mich Lyra gebracht... Wenn ich sie in die Finger bekam, dann w\u00fcrde sie ihr Salz abbekommen! Das schwor ich \u0001 \u0002 dazu musste ich erst mal aus diesem bl\u00f6den Container raus, und zwar ohne mir das Genick zu brechen!",
            "wordcount": "824",
            "chapter_release": "21.04.2015",
            "chapter_number": "9"
        }
    },
    "title": "Ijslands Lichter",
    "topic": "unspecified",
    "release": "\n16.04.2015\n\t\t\t\t\t\t",
    "author": "Loonylein"
}