{
    "tags": [],
    "chapcount": "13",
    "wordcount": "10.039",
    "chapters": {
        "1": {
            "text": "Jeder kennt das Gef\u00fchl alleine zu sein, diese Fragen zu stellen :``Wieso ich? Wie ist es wenn ich nicht da bin? Werden sie mich dann vermissen?\u00b4\u00b4 Die Antworten wei\u00df keiner, nicht mal ich selbst. Im Nachhinein ist man immer kl\u00fcger und ist sauer auf sich. Doch woher soll man wissen was Personen sind die....die....ja wie soll man die beschreiben. Sie sind unausstehlich und halten sich f\u00fcr bessere und so. Ich, ich hingegen bin ein ganz normales M\u00e4dchen, dass wie jedes andere auch in der Pubert\u00e4t gerne zickt. Doch ich halte mich nicht f\u00fcr etwas besseres oder denke schlecht \u00fcber Leute. Ich bin eine die gerne sich vom Gegenteil \u00fcberzeugen l\u00e4sst und an das Gute im Menschen glaubt. Na ja, bei manchen gibt es so etwas nicht. Ich denke mir immer, sie wollen auch nur ihr Leben genie\u00dfen und achten vielleicht nicht immer auf andere. Schlie\u00dflich lebt man nur einmal und jeder soll es so genie\u00dfen wie er es f\u00fcr richtig h\u00e4lt und seine Tr\u00e4ume verwirklichen. Ich, ich habe auch einen Traum. Ich will endlich sehen k\u00f6nnen wie die Sonne aufgeht und abends wieder unter. Doch hier wo ich bin, das darf man so etwas nicht. Man kann nie die Sonne sehen und alles ist nur mit Lampen und Kerzen erhellt. Ich bin hier seid dem ich denken kann. Ich wei\u00df es nicht, wann meine Mutter hier starb und diese M\u00e4nner sie mir wegnahmen. Hier drinnen kennt man keine Zeit und vor allem keine Freiheit. Von den neuen, die hier hinein gebracht werden, lass ich mir erz\u00e4hlen wie die Welt drau\u00dfen ist und wie die Sonne aussieht. Ich w\u00fcnschte mir ich k\u00f6nnte sie eines Tages einmal selber sehen. Mein Vater wurde erschossen als er versuchte mit anderen M\u00e4nnern zu fluchten, seid dem habe ich niemanden mehr hier bei mir. Au\u00dfer meine Ratten Emmi und Sally. Ich habe ihnen den Namen meiner Geschwister gegeben, damit ich sie immer bei mir habe. Auch jetzt wo sie nicht mehr leben, sie waren beide j\u00fcnger als ich und noch so unschuldig. Ich musste mit ansehen wie sie bei lebendigen Leibe ins Feuer geworfen wurden. Es war entsetzlich! Ihr Schreie h\u00f6re ich jetzt noch. Ich konnte nichts tun, nicht einmal am Ende durfte ich ihre Asche einsammeln. Ich f\u00fchle mich schuldig f\u00fcr ihren Tod. Immerhin wurden sie nicht \u00e4lter als sechs und sieben Jahre. Ich gab meiner Mutter das versprechen gut um sie zu sorgen, doch ich hatte als gro\u00dfe Schwester versagt. Wie konnte ich es nur zu lassen?? Wieso haben sie mich nicht ins Feuer geworfen? Ich bin ein schlechter Mensch. Ich denke mir immer wieder, im Tod finde ich meine Erl\u00f6sung. Doch sie wollen nicht das ich sterbe, sie geben mir nichts spitzes oder auch keine Bettw\u00e4sche, da ich es mal versuchte mich damit zu erh\u00e4ngen. Was ist an meinem Leben so besonders? Bin ich n\u00fctzlich f\u00fcr sie? Oder haben sie einfach nur Spa\u00df daran mich leiden zu sehen? Ich habe mir damals immer eingeredet, dass dies ein Traum sei und ich jeden Moment aufwachen w\u00fcrde, doch ich habe dies schon lange aufgegeben. T\u00e4glich kommen diese M\u00e4nner in den Anz\u00fcgen und hohlen einen von uns aus der Zelle, danach haben wir noch nie einen wiedergesehen. Ich wei\u00df nicht was sie mit uns machen, aber ich wei\u00df das es nichts gutes sein wird. Sie brauchen uns f\u00fcr etwas, doch f\u00fcr was?? Wir bekommen nur trocken Brot und Wasser, teilweise jedoch nichts. Ich habe Angst die n\u00e4chste zu sein die sie raus f\u00fchren, doch was soll schon schlimmer sein als das? Ich mein wir sind hier in einem Loch irgendwo in der W\u00fcste umgeben von Sand. Eine \u00e4ltere Frau, sie ist einer Zelle weiter als ich, erz\u00e4hlte mir dass man ihr ihren Mann und ihre Kinder nahm. Sie habe sie schon seid Jahren nicht gesehen. Ihre Sohn habe man in die W\u00fcste geschickt ohne Wasser und ohne Trinken, sie wei\u00df, dass sie ihn nie wieder sehen wird, doch sie hofft das er es irgendwie geschafft hat zu fliehen und kommen wird um sie und die anderen zu retten. Es ist der einzige Grund der sie noch am Leben h\u00e4lt erz\u00e4hlte sie. Ich finde sie s\u00fc\u00df, diese Liebe zu ihrem Sohn, obwohl sie genau wei\u00df das er irgendwo in der W\u00fcste entweder verdurstet oder in der Nacht erfroren sei. Ich zu meinem Teil bewundere sie, sie war eine starke Frau bevor sie hier hinein gesteckt wurde. Sie k\u00e4mpfte und wehrte sich gegen die M\u00e4nner, doch es seien zu viele gewesen, so dass sie am Ende den Kampf aufgab. Ich werde nie aufgegeben zu k\u00e4mpfen und wenn ich bis zu meinem Lebensende hier in diesem Drecksloch bin. Ich werde es schaffen und die erste seien die von dieser H\u00f6lle fl\u00fcchtet. Diese M\u00e4nner werden es schon sehen, meine Rache wird schlimm, sehr schlimm. Ich werde ihnen zeigen was es hei\u00dft zu leiden und wie es ist die Familie sterben zu sehen. Wenn nicht in diesem Leben, dann werde ich sie im n\u00e4chsten auflauern und so lange foltern bis sie sich meinem Namen ``Natalie\u00b4\u00b4 einpr\u00e4gen und keine Nacht mehr in Ruhe schlafen, bis sie am Ende qualvoll sterben.",
            "wordcount": "853",
            "chapter_release": "16.07.2013",
            "chapter_number": "1"
        },
        "10": {
            "text": "Es roch komisch in der K\u00fcche. Verdammt ich hatte die K\u00fcche in Brand gesetzt. Na ja das gute ist, das man so vielleicht nie die Leichen finden wird und nie wissen wird das ich sie umgebracht habe. Aber warte was waren das denn f\u00fcr Ger\u00e4usche die hinter mir vom Flur kamen? Also drehte ich mich um und blieb in der T\u00fcr stehen. Da stand auf einmal eine schwarze Gestalt vor mir. Sie schaute mich mit leuchtenden, blauen Augen an. ,,Wie konntest du es?\u00b4\u00b4, die Gestalt vor mir redete. Wie konnte ich nur was? Was meinte dieses Ding? ,,Du hast Lebende get\u00f6tet. Ohne in den Seelensee zu wandern!\u00b4\u00b4 Seelensee? Davon hatte mir die Frau aus der Zelle neben mir erz\u00e4hlt, es sei ein Ort an den Toteseelen gebracht werdne und verhungern, es soll keinen Ausweg von da geben und man w\u00fcrde dort bis in alle Ewigkeit sein. Aber woher sollte diese Frau es wissen. Ich mein diese Gestalt kommt sicher auch aus der Geister- und Monsterwelt, aber die Frau? Sie war doch die Mutter von Flo gewesen, welcher in die W\u00fcste geschickt wurde. Aber..aber... Na ja ich sollte mich weniger darum k\u00fcmmern sondern eher um das Monster vor mir. ,,Du fragst dich sicher wer ich bin und woher ich dies wei\u00df, doch wir haben keine Zeit daf\u00fcr wir m\u00fcssen dich hier erst einmal wegschaffen, bevor dich jemand findet. Ich erz\u00e4hl es dir nachher. Aber nun lauf schon.\u00b4\u00b4, das Monster zog mich hinter sich her und wir gingen durch ein Wohnzimmer und auf die Varanda und von dort aus liefen wir zu dem Baum im Nachbarsgarten und setzen uns in die Baumkrone. Da angekommen schaute ich auf Silhoutte neben mir. Jetzt erst sah ich, dass das Monster die Gestalt eines Menschen hatte. Die sch\u00f6ne Morgensonne schien direkt hinter ihm, so das ich ihn nicht von vorne sehen konnte. ,,Ich bin der Sohn der Frau die in der Zelle neben dir war.\u00b4\u00b4, er schwieg und ich schaute ihn fassungslos an. ,,Du...du...du..wurdest doch in die W\u00fcste geschickt, aber ...wie...?\u00b4\u00b4, ich stotterte. ,,Ja, ich war in der W\u00fcste, sie gaben uns Essen und Trinken und alles notwendige mit, wir h\u00e4tten es schaffen k\u00f6nnen. Man schickte mich mit drei weitern M\u00e4nnern los. Doch am dritten Abend in der W\u00fcste, kamen sie mit einem Auto und fesselten sie uns und z\u00fcndeten die Zelte an. Und so starb ich in Mitten der W\u00fcste in einem Zelt. Na ja, als ich die Augen wieder \u00f6ffnete, lag ich immer noch am selben Ort, jedoch fand ich meine Leiche nicht. So beschloss ich wieder in die Firma zur\u00fcckzukehren. Als ich da war, sah ich dich und wie du dich f\u00fcr das M\u00e4dchen geopfert hast. Ich bewunderte dich und dann sah ich, wie sie dich spritzten und von da an, war ich die Stimme in deinem Kopf. Ich wollte dir helfen, doch irgendwie klappte dies nicht. Ich erkl\u00e4rte dir was du bist und den Rest, hast du dir alles erz\u00e4hlt. Ich hatte keine Chance, du redeste immer mit dir selber und ich w\u00e4re nur eine Gefahr f\u00fcr dich gewesen. Also lies ich dich dies tun was du wolltest. Allerdings frage ich mich wie du auf Leon gekommen bist. Er war lange nach deiner Zeit eingeliefert worden und warum du dich an wehrlosen Menschen r\u00e4chst, die nichts mit dir zu tun hatten und vor allem warum du den Namen des Doktors brauchst. Er hat auch nur seine Arbeit gemacht.\u00b4\u00b4 Hatte er jetzt wirklich Mitleid mit den Menschen die mir und meiner Familie dies antaten? Durch ihnen starb er. ,, Der Doktor brachte meine Mutter um, weil sie nicht ihn liebte sondern meinen Vater. Meine kleinen Schwestern warf er vor meinen Augen ins Feuer, du wei\u00dft nicht was es f\u00fcr ein Gef\u00fchl ist als gro\u00dfe Schwester daneben zu stehen nichts machen zu k\u00f6nnen und nur die Schreie der Kleinen h\u00f6rst. Es war entsetzlich noch heute h\u00f6re ich ihre Schreie.\u00b4\u00b4, eine kleine Tr\u00e4ne rann mir \u00fcber die Wange und kurz danch die zweite. Ich hatte bis heute noch nicht gelernt mit diesen Schmerz umzugehen. ,,Und was ist mit deinem Vater?\u00b4\u00b4 , fragte er vorsichig und umarmte mich, als er sah das ich mit den Tr\u00e4nen am k\u00e4mpfen war. ,,Er starb schon vor so langer Zeit, von ihm wei\u00df ich nichts.\u00b4\u00b4, ich lehnte mich bei ihm an, ich f\u00fchlte mich bei ihm geborgen und sicher. Ich schaute ihn an und sah das seine blauen Augen auch in Tr\u00e4nen versunken waren. ,,Ich habe noch nie wirklich mit jemanden dar\u00fcber geredet aber ich hoffte auch das ich es nie musste, es frisst mich einfach innerlich auf.\u00b4\u00b4 ,,Ich wei\u00df, dass es schwer ist ,es zu vergessen, ich musste meine Familie verlassen und meine Tochter konnte ich nicht sehen. Meine Frau musste sie alleine zu Welt bringen, ich h\u00e4tte sie so gerne gesehen, doch als ich aus der W\u00fcste wieder kam fand ich sie nicht mehr. Da ich wissen wollte was mit ihr passiert war, suchte ich das gesamte Grundst\u00fcck ab. Bis ich sie erschossen im Graben hinter der Firma \u0001 \u0002 kleien Tochter lag neben ihr. Die Kleine weinter schrecklich, doch ich konnte nichts f\u00fcr sie tun. Ich bin ein Feuergeist, jeden Menschen den ich anfasse verbrennt. Ich setzte mich zu ihr, doch kurz danch kam schon ein Mann und nahm sie mit. Nat\u00fcrlich lief ich ihm hinter her, doch auch sie wurde get\u00f6tet, man legte sie mit weiteren Kindern auf den Boden und nach einander wurden die erschossen. Am liebsten h\u00e4tte ich ihn get\u00f6tet , aber ich konnte es nicht. Ich bin nicht in de Lage zu t\u00f6ten aber ich verfolgte ihn bis hier her. Und dann fand ich dich, du bist in der Lage sie zu t\u00f6ten. Du,....du alleine.\u00b4\u00b4",
            "wordcount": "958",
            "chapter_release": "16.07.2013",
            "chapter_number": "10"
        },
        "11": {
            "text": "Ich schaute ihn fassungslos an. Wieso war ich die Einzige die T\u00f6ten kann? Hm...Alles ergab keinen Sinn mehr, alles hing an mir, warum gerade an mir? Was war so komisch oder einzigartig an mir? Ich ein M\u00e4dchen aus dem Nichts, war jetzt von so wichtiger Bedeutung. Keiner wollte was von viel mir wissen und jetzt war ich aufeinmal wichtig. Warum ausgerechnet ich? Ich schaute ihn in die Augen und sah blaue, gro\u00dfe und mit Tr\u00e4nen versetzt Kulleraugen. Hm, ihn schien die Vergangenheit auch von innen aufzufressen und zu zerrei\u00dfen. Endlich hatte ich jemand der so war wie ich und mir helfen konnte. Aber ich sollte am besten erstmal zu Leon gehen, er wartet bestimmt schon auf mich. ,,Wir m\u00fcssen zu einem Freund von mir, er wei\u00df wo wir die Jenigen finden werden. Aber tu mir einen Gefallen verscheuch ihn nicht. Er ist ein Mensch und ist mit unserer Welt nicht so vertraut und ich bef\u00fcrchte er wird es auch nicht verstehen. Ich will ihn nicht verlieren, ich wei\u00df nicht warum aber mein inneres sagt, dass wir ihn gebrauchen werden.\u00b4\u00b4, als ich ihm dies sagte, wurden seine Augen immer gr\u00f6\u00dfer. Kannte er wer er war oder freute er sich dar\u00fcber oder hatte er angst? ,,Na gut, aber du kannst von mir nicht verlangen, das ich ihn mag. Wenn ich eins nicht austehen kann, dann sind dass die selbstverliebten Menschen, die nur an sich denken und nicht an die Familie. Wie mich solche Menschen hasse. Wenn ich schon dr\u00fcber nach denke, k\u00f6nnte ich schon kotzen. Aber ich werde mein bestes geben, ihn zu m\u00f6gen.\u00b4\u00b4 Ich nickte ihm nur zu und wir stiegen vom Baum. ,,Ach bevor ich es vergesse, rede ihn nicht auf die Vergangenheit an, er war auch bei uns, seine Eltern haben ihn aufgenommen. Aber er kann sich nicht ganz an die Zeit erinnern, ich glaube das sein Gehirn es nur schwer verarbeiten kann und versucht diese Geschichte zu vergessen.\u00b4\u00b4,,Also war er einer von uns? Oha krass, aber wie kann er dann noch ein normales Leben leben?\u00b4\u00b4 Wir gingen los und erschreckten ab und an in der Stadt ein paar Leute. Es machte Spa\u00df jemanden zu haben, der genauso lebt wie ich. Er machte mir Mut und brachte mir etwas von meinen alten Leben wieder. Zum ersten Mal f\u00fchlte ich mich wieder lebendig. Ich wei\u00df auch nicht ich schloss ihn ziemlich schnell ins Herz. Ich denke ihr kennt das Gef\u00fchl jemanden richtig nahe zu sein, jedenfalls glaubt man es und im nachhinein denkt man sich nur wie dumm und blind man doch war. Genau davor hatte ich Angst. Jemanden in meiner Lage zu vertrauen und im nachhinein alleine zu sein. Bei Leon war ich mir sicher er w\u00fcrde mich nicht so einfach verlassen. Bei ihm hingegen war ich mir nicht so sicher. Ich kannte ihn schlie\u00dflich kaum. Na gut Leon kannte ich genauso wenig, dennoch f\u00fchlte ich mich mit ihm verbunden. Wir gingen nicht all zu lange, doch vor Leons Haus blieb er pl\u00f6tzlich stehen und starrte auf die T\u00fcr. Was war nur mit ihm? Wollte er nicht mehr..? Hatte er Angst?",
            "wordcount": "519",
            "chapter_release": "16.07.2013",
            "chapter_number": "11"
        },
        "12": {
            "text": ",,Sie...sie hatten ihn auch? Und ich...ich konnte nichts f\u00fcr ihn tun!\u00b4\u00b4, er stotterte und starrte ohne mit der Wimper zu zucken regungslos vor der T\u00fcr stehen. Was meinte er? Meinte er Leon? Aber woher sollte er ihn kennen? Er war lange nach seiner Zeit eingeliefert worden.,,Wen meinst du?\u00b4\u00b4, ich fragte vorsichtig und dennoch bescheiden. Ich wollte wissen, wen er nicht besch\u00fctzen konnte. ,,Wen mein ich wohl? Leon nat\u00fcrlich. Wie sollte ich meinen kleinen Bruder auch besch\u00fctzen? Ich war nicht da, ich...ich habe als gro\u00dfer Bruder versagt. Ich...ich hatte ihn immer vor Schl\u00e4gereien bewahrt, aber ich konnte ihn nicht mal vor den Schweinen bewahren. Ich hatte das Recht zu sterben, ich...ich...\u00b4\u00b4, er fiel ihn Tr\u00e4nen aus. Es tat mir selber sehr weh ihn so zu sehen. Mir fielen keine passende Worte ein, also nahm ich ihn nur in den Arm und dr\u00fcckte ihn. ,,Du bist nicht dran Schuld. Was h\u00e4ttest du den tun k\u00f6nnen? Ich mein du wusstest doch nichts, au\u00dferdem hast du die Chance ihn so wieder zu sehen und ihm die Sachen zu erkl\u00e4ren. Ich bin dabei, ich gebe dir einen Tipp wenn du Innerenfrieden hast, kannst du diese Welt verlassen und ihn von oben besch\u00fctzen. Doch als aller erstes sollten wir erstmal rein gehen.\u00b4\u00b4 Er nickte nur und wischte sich die Tr\u00e4nen aus dem Gesicht. Also gingen wir gemeinsam durch die T\u00fcr. Als wir drinnen im Haus waren, f\u00fchrte er mich zu Leons Zimmer. Vor seiner Zimmert\u00fcr blieben wir stehen. Ich schaute ihm direkt in die Augen und sah, dass er Angst hatte, Angst das sein kleiner Br\u00fcder ihn nicht erkennen w\u00fcrde und wenn doch er ihm Vorw\u00fcrfe macht. Ich nahm seine Hand und l\u00e4chelte etwas. ,,Du brauchst keine Angst haben. Er ist ein ganz feiner Junge geworden er wird es verstehen.\u00b4\u00b4 ,,Nein wird er nicht! Aus dem Grund, weil ich ihn so viele Jahre alleine gelassen habe. Wie soll ich ihm erkl\u00e4ren, dass ich nicht schon fr\u00fcher zu ihm gekommen bin? An seiner Stelle w\u00fcrde ich mich hassen.\u00b4\u00b4 ,,Er wird dich aber nicht hassen, bekomm das endlich in deinen beschissenen kleinen Kopf! Glaub mir! Aber warte, ich habe eine Frage, wer war dann die alte Frau in der Zelle wenn Leon dein Bruder ist, m\u00fcssten seine Eltern auch deine sein, aber seine sind ja hier und...\u00b4\u00b4 ,,Ich wei\u00df was du meinst. Ja, die Frau in der Zelle ist unsere Mutter, sie wurde mit mir und meiner kleinen Familie gefangen. Auch sie schaffte es nicht. Leon war der Einzige der \u00fcberlebte. Er war zu diesem Zeitpunkt auf einem Fu\u00dfballspiel und nicht zu Hause. Sie \u00fcberrannten unser Haus und z\u00fcndeten es an. Leon wurde von einer Stunde auf die Andere zum Vollweisen. Unserer Vater starb einem Monat vor seiner Geburt, er hatte ihn nie kennengelernt.\u00b4\u00b4, seine Augen deuteten schon an, dass er die Tr\u00e4nen unterdr\u00fcckte. ,,Also du kannst nichts daf\u00fcr. Lass uns da jetzt reingehen und du wirst sehen du bekommst noch deine Chance ein richtiger gro\u00dfer Bruder zu sein.\u00b4\u00b4, wir hielten uns an den H\u00e4nden und gingen hinein. Zu unserer Entt\u00e4uschung war das Zimmer leer. Keine Spur von Leon. Wir setzten uns auf sein Bett und redet miteinander \u00fcber die Vergangenheit. Er hatte so viel zu erz\u00e4hlen, vor allem erz\u00e4hlte er viel von ihm und Leon. Wie stolz er ist einen kleinen Bruder zu haben. Nach einer Weile ging die T\u00fcr auf und Leon stand mit gro\u00dfen Augen im T\u00fcrrahm. ,,Das..das kann nicht sein. Wie...so? Aber warum...Flo?\u00b4\u00b4, er starrte auf seinen Bruder. Flo l\u00e4chelte und ging auf Leon zu. ,,Ja, Kleiner, da staunst du. Ich habe dir immer gesagt ich pass auf dich auf, jetzt kann ich es auch weiter tun. Ich habe dich all die Jahre so vermisst, all diese Stunden in denen wir zusammen trainiert haben und vor allem fehlen mir die Tage an den wir und stritten und uns wieder vers\u00f6hnte. Ich habe dich nie vergessen.\u00b4\u00b4, wieder fing er an zu weinen, doch dieses Mal weinte er nicht alleine, Leon hatte Tr\u00e4nen in den Augen und selbst ich, dieses Wiedersehen ber\u00fchrte mich sehr. Was w\u00fcrde ich alles geben nur um die Stimmen meiner kleinen zu h\u00f6ren. Man darf nicht vergessen, Leon war 10 als er seinen Bruder das letzte Mal gesehen hatte. F\u00fcnf Jahre hat Flo es nicht geschafft seinen Bruder zu kontaktieren, aus Angst er w\u00fcrde ihn versto\u00dfen und nicht mehr erkennen. Jetzt standen sie da, Arm in Arm.",
            "wordcount": "749",
            "chapter_release": "16.07.2013",
            "chapter_number": "12"
        },
        "13": {
            "text": "Keiner sagte mehr was, alle wischten sich die Tr\u00e4nen aus dem Gesicht. ,,Flo eine Frage h\u00e4tte ich. Alle die Jahre war ich alleine und einsam. Was war mit dir, wo warst du? Ich habe dich so vermisst, ich wusste nicht mal was mit dir passiert ist. Ich kam nach Hause und wusste nicht wo ich hin sollte. Ich fand euch nicht, weder dich noch Mama und Papa. Dann kamen direkt die Feuerwehr und man fand eure Leichen nie, ich wusste so lange nicht was mit euch passiert ist. Wo ward ihr? Ich hoffte jeden Tag, dass ihr zur\u00fcck zu mir kommt. Dies geschiehte ja nie. Wieso ausgerechnet jetzt?\u00b4\u00b4, er schaute seinen Bruder vorwurfsvoll an. ,,Ich wurde verschleppt, man brachte mich in die Frima. In der, wo du auch warst. Ich hatte Angst dir unter die Augen zu treten, ich hatte f\u00fcrchterliche Angst. Mama und Papa hab ich seid dem auch nicht mehr gesehen. Das letzte Mal wo ich sie sah...\u00b4\u00b4, er machte eine Pause und versuchte die Tr\u00e4nen runterzudr\u00fccken. ,,Ich rannte raus, ich starrte auf das brennende Haus. Ich h\u00f6rte Schreie, doch sie hielten mich fest. Ich konnte nicht in das Haus zur\u00fcck rennen, um die beiden zu retten. Ich sah nur Mamas Schatten in der Glast\u00fcr und dann war er auch schon wieder weg. Ich stand da und konnte nichts machen. Ich wusste nicht wie ich ihnen helfen sollte. Sie lie\u00dfen mich kurz da stehen und ich konnte sehen, dass das gesamte Haus niedergbrannt wurde. Am n\u00e4chsten Tag brachte man mich wieder zu dem Haus, genau an die Stelle wo Mama vor der T\u00fcr stand und um Hilfe schrie. Das einzige was ich fand war ihre alte geschmolzene Kette, die die wir ihr zu ihrem Gebutstag geschenkt hatte. Das Bild was darin war, war auch verbrannt. Dann zeigten sie mir dein Zimmer. Ich habe dich f\u00fcr Tod gehalten, doch das bist du ja nicht. All die N\u00e4chte die ich dort verbracht habe in meiner Zelle, tr\u00e4umte ich von dieser Nacht, auch jetzt noch nach meinem Tod bekomm ich diese Bilder und diese Schreie nicht mehr aus meinem Kopf. Ich wusste nicht, dass du noch am Leben bist und man dich verschont hatte. Ich fand dich nirgendswo, aber jetzt, nach so vielen Jahren kann ich meinen kleinen Bruder wieder in die Arme nehmen und das dank Natalie.\u00b4\u00b4, er schaute zu mir und l\u00e4chelte. ,,Ich danke dir daf\u00fcr.\u00b4\u00b4 Ich nickte nur. Ich wollte die Situation nicht unterbrechen. Leon sah zu mir:,, Ja sie ist etwas besonderes. Ich danke dir Natalie.\u00b4\u00b4 ,,Daf\u00fcr nicht. Ich w\u00fcrde alles geben, um meine kleinen Geschwister wieder in die Arme nehmen zu k\u00f6nnen.\u00b4\u00b4, ich schlurchzte,,doch mir wird diese M\u00f6glichkeit nie wieder gegeben. Aber ich habe mich mit dem Gedanken angefreundet.\u00b4\u00b4 Sie kamen zu mir und schlossen mich mit ihren Kreis. Leon sagte:,, Jetzt hast du eine neue Familie. Eine Familie die dich nie verlassen wird. Wir werden immer f\u00fcr dich da sein und ich hoffe du auch f\u00fcr uns. Wir sind eine eigene kleine Familie.\u00b4\u00b4 Diese Worte brachten mich zum l\u00e4cheln. So etwas hatte ich noch nie geh\u00f6rt. So etwas sch\u00f6nes. Ich wusste das ich bei den beiden gut aufgehoben war. Ich dr\u00fcckte sie ganz fest und im n\u00e4chsten Moment schaute Flo ganz ernst. ,,Wir haben noch viel zu machen. Erstmal m\u00fcssen wir eine Unterkumft f\u00fcr Natalie und mich suchen, es ist klar, dass wir hier nicht bleiben k\u00f6nnen. Ey Leon, steht das alte Haus noch? Das, wo wir immer Verstecken gespielt haben? Das ist doch eine super Gegent. Ich mein das war mal ein alter Altenheim, was dann abgerissen werden sollte, was aber nie geschehen ist. Da sind so viele R\u00e4ume und vor allem, sind da kaum Menschen, denn das Haus ist Einsturz gef\u00e4hrdet.\u00b4\u00b4, er l\u00e4chelte ,,Da k\u00f6nnen wir uns auch Gedanken \u00fcber deine Rache machen.\u00b4\u00b4 Ich grinste, er hatte meine Absichten nicht vergessen. ,,Klar steht das noch. Ich bringe euch dorthin. Rein m\u00fcsste ihr allerdings selber, habe nicht so gro\u00dfe Lust darauf da umzukommen.\u00b4\u00b4 ,,Ach w\u00e4re doch auch lustig drei Geister unterwegs in der Stadt auf der Suche nach ihrer Rache. K\u00f6nnte doch auch in einem Film vorkommen.\u00b4\u00b4,Flo lachte, auch ich musste lachen bei dem Gedanken. ,,Na gut, wir gehen zu diesem Haus, aber ihr m\u00fcsst mir versprechen jeden Tag zu mir zu kommen und mir von eurem Vorgehen zu berichten.\u00b4\u00b4,,Flo! Was ist mit dir?!?!\u00b4\u00b4, ich schrie auf. ,,Was soll mit mir sein?\u00b4\u00b4, er guckte mich entsetzt an. ,,Du wirst fast unsichtbar! Was geschieht mit dir?\u00b4\u00b4 ,,Ich wei\u00df es nicht! Ich glaube ich geh in das Paradis. Denn ich habe meinen Frieden gefunden, ich wei\u00df wie es meinem Bruder geht und was mit ihm ist. Es wird f\u00fcr mich Zeit diese Welt zu verlassen, bin eh schon zu lange hier.\u00b4\u00b4, er umarmte seinen Bruder und fl\u00fcsterte ihm in das Ohr:,, Auch wenn ich nicht mehr hier sein werde, du wirst nie alleine sein. Ich werde dich immer begleiten. Du wirst nie alleine sein. Hilf Natalie ihren Frieden zu finden. Versprich es mir!\u00b4\u00b4 Leon schaute mit gro\u00dfen Augen. ,,Das ist unfair, ich hab dich jetzt erst wieder und schon musst du mich wieder verlassen. Ich will dich nicht gehen lassen!\u00b4\u00b4, er fing wieder an zu weinen. Es ist auch unfair, er hatte seinen Bruder gerade wieder und schon musste er ihn wieder gehen lasse. Aber so ist das Leben eben, es ist nie gerecht. ,,Du musst mich aber wieder gehen lassen!\u00b4\u00b4, er schaute zu mir ,,Und du Natalie pass du nur gut auf meinen Kleinen auf!\u00b4\u00b4, dann wurde er immer durchsichtiger und war darauf hin auch weg. Leon warf sich auf die Knie, wo eben noch sein Bruder stand. Ihm liefen die Tr\u00e4nen nur \u00fcber das Gesicht. Ich kniete mich zu ihm und nahm ihn in den Arm. ,,Das ist nicht fair!\u00b4\u00b4,schrie er aus. Ich legte mein Kopf auf seine Schulter:,, Was ist schon fair in dieser Welt\u00df?\u00b4\u00b4 ,,Natalie?! Ich werde dir helfen dich an diesen Menschen zu r\u00e4chen, die mir auch meinen Bruder nahmen!\u00b4\u00b4, er schaute mir ins Gesicht und in seinen Augen funkelte Wut und auch ein wenig Trauer.",
            "wordcount": "1.035",
            "chapter_release": "16.07.2013",
            "chapter_number": "13"
        },
        "2": {
            "text": "Als ich am n\u00e4chsten Tag aufwachte, sah ich wie sie ein kleines Kind nebenan aus der Zelle nahmen. Und wieder erinnerte es mich daran, wie sie meine kleinen Schwestern mir aus den Armen rissen. Irgendetwas musste ich doch tun k\u00f6nnen. Ich rannte zum Gitter und schrie:,,NEIN!!\u201c. Die M\u00e4nner drehten sich um und sahen mich nur an und zogen weiter an dem M\u00e4dchen, was sich verbissen an den Gitterstangen festhielt. Ihre kleinen schwachen Armen lie\u00dfen nach und nach verlie\u00dfen sie ihre Kr\u00e4fte. Bis sie am Ende ganz aufgab. Ich sah in ihren Augen Angst und Schrecken. Ich musste etwas tun k\u00f6nnen, das sie die kleine nicht mit sich nahmen. Ich wollte das mein Leben endet, aber in Hoffnung darauf das irgendjemand diese M\u00e4nner aufhielt und die anderen Menschen und Kinder rettete. Sie trugen das M\u00e4dchen weg. Jetzt reichte es mir:,,Halt, wartet! Ich melde mich freiwillig. Lass dieses M\u00e4dchen verschont! Ich, ich geh mit ohne Widerspruch.\u201c Sie drehte sich um und guckten mich an. Erstaunt kamen sie auf mich zu. ,,Bist du dir sicher? Das du f\u00fcr ein kleines unbrauchbares Kind, dich selber opferst?\u201c Ich schaute sie nur an und nickte. Die M\u00e4nner sch\u00fcttelten den Kopf. ,,Du bist noch jung und kannst vielleicht noch \u00fcberleben, aber du willst es nicht?\u201c ,,Lieber sterbe ich auf der Stelle, als das ich euch und dieses Drecksloch noch l\u00e4nger ertragen muss!\u201c, schrie ich mit lauter Stimme, die mich selbst etwas \u00fcberraschte. Die M\u00e4nner f\u00fchrten die kleine wieder in ihre Zelle und kamen auf mich zu. Ich hatte Angst was mich erwarten w\u00fcrde, aber es w\u00fcrde besser sein, als nur hier in der Zelle zu sitzen und irgendwann zu verhungern. Sie \u00f6ffneten die T\u00fcr vom Gitter und ich kam ihnen schon entgegen und lief neben ihnen her, ich senkte den Kopf, damit man nicht sie Tr\u00e4nen sah die mir \u00fcber die Wangen liefen. Sie legten mir Fesseln an, damit ich nicht auf dumme Ideen kam und sie schlug. Dies war schon oft genug vorgekommen. Jedes Mal feierten wir in den Zellen. Ich wollte hier wenigstens in die Geschichte eingehen. Ein junges 14-j\u00e4hriges M\u00e4dchen opferte sich f\u00fcr ein Kind und schlug die M\u00e4nner. Ich wollte den anderen zeigen das wir auch etwas drauf haben und uns nicht den M\u00e4nnern unterordnen m\u00fcssen. Sie liefen hinter mir her und ich z\u00e4hlte bis zehn und drehte mich dann um und schlug mit der Fessel dem einen ins Gesicht. Ich traf mit dem Eisen direkt auf seine Nase. Die er sich blutig hielt. Er schrie unter Schmerz auf. Sofort rannten alle zu ihren Gitterst\u00e4ben und schauten was passiert war. Sie lachten als sie den verwundeten auf dem Boden lagen sahen. Sie waren auch so dumm gewesen und hatten meine H\u00e4nde vorne gefesselt und nicht hinten. Ich lachte laut und es tat gut wenigstens einem zu zeigen wie es sich anf\u00fchlt immer geschlagen zu werden und sich ein wenig zu r\u00e4chen. Sofort waren die anderen da und wollten mich festhalten, doch sie rechneten nicht damit, dass ich sie sah. Sie rannten auf mich zu und wollten mich am Arm packen, doch ich war schneller. Ich holte aus und traf wieder einen mitten ins Gesicht, welcher mit lautem Geschrei auf den Boden fiel. Ich lachte, als ich ihn mit Schmerz verzogenem Gesicht auf den Boden liegen sah. Ich war diese Zeit abgelenkt, was sie ausnutzen. Sie kamen mit dem allbekannten Elektroschocker. Ich sp\u00fcrte einen zuckenden Schmerz an der Seite und konnte mein K\u00f6rper nicht mehr richtig kontrollieren, bis ich hart auf den Boden aufschlug. Da meine H\u00e4nde zusammengebunden waren konnte ich mich nicht abst\u00fctzen und schlug mit dem Kopf als erstes auf. Verschwommen sah ich, wie die M\u00e4nner auf mich zu kamen und zum gegen mich traten. ,,Sie lebt noch! Macht euch keine Gedanken. Der Chef kann sie noch gebrauchen.\u201c Dies war das letzte was ich wahr nahm. Dann schlossen sich meine Augen und ich h\u00f6rte nichts. Ich f\u00fchlte nichts au\u00dfer tiefe Leere, selbst der Hass war verschwunden.",
            "wordcount": "659",
            "chapter_release": "16.07.2013",
            "chapter_number": "2"
        },
        "3": {
            "text": "Als ich wieder aufwachte sp\u00fcrte ich einen stechenden Schmerz. Ich konnte meine Arme und Beine nicht Bewegen. Als ich die Augen \u00f6ffnete sah ich hell, grelles Licht. Ich schloss meine Augen ein wenig, damit sie sich an das Licht gew\u00f6hnten. Dann riss ich sie weit auf und sah M\u00e4nner in wei\u00dfen Kitteln. Erschrocken drehte ich meinen Kopf hin und her. Ich z\u00e4hlte f\u00fcnf, nein sechs, einer kam gerade ins Zimmer und zog sich komische Handschuhe an. Und kam auf mich zu und blieb vor meinen F\u00fc\u00dfen stehen. ,,Wie ich h\u00f6rte hast du dich freiwillig gemeldet. Das ist sehr tapfer von dir. Doch mir kam auch zu h\u00f6ren, das du zwei meiner M\u00e4nner geschlagen hast. Ich habe schon nach ihnen gesehen. Sieht schlimm aus was du ihnen angetan hast. Der eine ist immer noch nicht erwacht. Und dem anderen hast du das Nasenbein ordentlich zertr\u00fcmmert. Was haben sie dir denn so schlimmes getan?\u201c, er lachte und kam zu meiner linken Seite, ich verfolgte ihn mit meinen Blicken. Er sah in meine Augen die Angst und den Hass gegen\u00fcber ihn. ,,Na nu, kleine? Lass dich mal ansehen, h\u00e4sslich bist du ja nicht gerade.\u201c, er grinste und schaute mich an. ,,Daf\u00fcr bist du widerlich! Und ein Abschaum zu gleich!\u201c, schrie ich. Er guckte mich erschrocken an. ,,Na na, aber kleines. Ich bin nur der Liebe Onkel Doktor.\u201cEr b\u00fcckte sich zu mir runter und die Platte auf der ich lag wurde h\u00f6her gefahren. Kurz vor meinem Gesicht hielt er an und schaute mir in die Augen. ,,Schade das deine Mutter meinen Hochzeitsantrag abgelehnt hat und diesen tauge nichts liebte. Nun, es war ihre Entscheidung und deswegen starb sie qualvoll genau wie deine kleinen Geschwister.\u201c Er griff mich \u00fcber meine verwundbare Seite an, meine Familie. Sofort schossen mir die Tr\u00e4nen in die Augen, gegen den ich keine Chance hatte. Er lachte. ,,Und wenn schon bring mich auch um, denn der Tod ist sch\u00f6ner , als deine h\u00e4ssliche Fratze.\u201c Ich hob mein Kopf und habe ihm eine feste Kopfnuss gegen seine h\u00e4ssliche, krumme und schiefe Nase. Er schrie auf und trat einen Schritt zur\u00fcck. ,, Du dummes Mistst\u00fcck. Na, warte.\u201c Er holte aus und schlug mir feste mit seinen Ringen ins Gesicht. Der Schmerz war schlimm und durchzog meine komplette linke Gesichtsh\u00e4lfte. Ich zuckte leicht mit den Achseln und unterdr\u00fcckte die Tr\u00e4nen um ihm zu zeigen das es nicht wehtat. ,,Du schl\u00e4gst wie eine Frau, deswegen l\u00e4sst du die schwierige Arbeit jemand anderes f\u00fcr dich machen.\u201c Abermals schlug er zu, bis einer seiner Helfer ihn aufhielt. ,,Denke daran, wir brauchen sie noch f\u00fcr das Medikament. Tod wird sie uns nichts bringen.\u201c ,,Du hast recht. Heute hast du Gl\u00fcck gehabt kleine.\u201c, sagte er zu mir und ging an einen Schrank um etwas zu hohlen. ,,Nein, nein mein Guter. Dieses Mal hast du Gl\u00fcck gehabt.\u201c, erwiderte ich, damit er wusste das ich mich irgendwann r\u00e4chen werde. Er drehte sich zu mir um und lachte. ,,Wie willst du mir je irgendetwas antun? Denkst du wirklich, dass du diesen Tag noch \u00fcberlebst? Und selbst wenn, werde ich auf die einschlagen, im Hass gegen deine Mutter. Und dann kannst du dich nicht mehr r\u00e4chen kleine. Deine Leben nimmt heute noch ein Ende, so oder so.\u201c Er dreht sich wieder um und besch\u00e4ftigte sich wieder mit Sachen in diesem Schrank. Medikamente testen? Was f\u00fcr eine Krankheit denn? Bin ich auch verseucht oder..? Weiter lie\u00dfen sie mich auch nicht denken. Der Doktor drehte sich um und kam mit einer Spritze wieder. ,,Erst m\u00fcssen wir dich infizieren um das Mittel zu testen. Freue dich, wenn du Gl\u00fcck hast, stirbst du schon bei der Spritze wie alle anderen auch. Wenn nicht, musst du gucken und die Schmerzen erleiden, bis wir dir das, von uns erschaffende Gegenmittel spritzen. Und ich sage dir wir nennen sie nur den ,,leisen Tod\u201c, es ist eine grausame und schmerzhafte Krankheit die von CO2 in unserer Lunge verursacht wird. Das atmen f\u00e4llt dir schwer und deine Organe versagen nach und nach. Du hast dann auch keine Kontrolle mehr \u00fcber deinem K\u00f6rper und dein Blut dehnt sich aus und wir cremig. So geschehen etliche Knochenbr\u00fcche und deine Gelenke schwellen an. Also freue dich, du hast es dir selber ausgesucht. Ich h\u00e4tte dich einfach nur in der Zelle verhungern lassen.\u201c, wider grinste er und seine komische h\u00e4ssliche Nase bewegte sich auf und \u0001 \u0002 blieb nichts anderes \u00fcbrig als dies zu ertragen. Denn ich war gefesselt und es sah so aus als h\u00e4tte ich keine Chance. Selbst wenn ich mich befreien k\u00f6nnte, w\u00fcrde es kein Sinn machen, viel zu viele M\u00e4nner die mich beobachteten stehen hier, auch wenn ich die \u00fcberwunden h\u00e4tte, wusste ich nicht in welche Richtung ich zu rennen h\u00e4tte. Schlie\u00dflich hatte mich meine Zelle noch nie verlassen. Ich sah im Augenwinkel wie der ,,liebe Onkel Doktor\u201c mit seiner Spritze n\u00e4her kam. Eins konnte ich verstehen, er war sauer das meine Mutter ihn nicht wollte, anders herum konnte ich auch meine Mutter verstehen. Diese Fratze h\u00e4tte ich auch nicht geheiratet jedenfalls nicht freiwillig. Jedes mal wenn ich ihn ansehe, kommt mir das Brot von gestern wieder hoch. Diese Nase, sie war schr\u00e4ger und krummer als alles andere was ich kannte. Sie passte sich aber seinen Z\u00e4hnen an, die wie kleine brockelige gelbe Steinchen aus seiner Fratze rankten. Seine Glatze war blank poliert und sein Bart wurde Wochen lang bestimmt nicht mehr rasiert. Sei K\u00f6rper war auch nicht gut gebaut, seine Pranken, was er H\u00e4nde nannte waren dreimal so gro\u00df wie meine eigenen. Sein Bauch sah aus wie der meine Mutter als sie mit meiner kleinen Schwester schwanger war, sein Hemd konnte diese gro\u00dfe Kugel auch nicht verbergen, im Gegenteil ich glaube es macht sie noch schlimmer und gr\u00f6\u00dfer. Als ich aufh\u00f6rte mich \u00fcber seine Gestalt lustig zu machen, h\u00f6rte wie er mit ein paar anderen M\u00e4nner am reden war. Sie waren zu weit weg und redeten zu leise. Ich konnte nur einige Namen h\u00f6ren, die wohl mit dieser Firma viel zu tun hatten. Irgendetwas war mit einem Manager Sean Billert und Paul Simke. Weiter Namen waren Emanuel Piker, Karl Venneke und Richard Bolten. Sie erz\u00e4hlten immer wieder von ihnen und das sie ja so wichtig seien und ohne sie die Firma nicht enstanden sei. Merke dir diese Namen! Sie werden wichtig sein! Vergesse sie nicht, wenn doch wirst du nie deine Ruhe finden. Eine Frauen Stimme redete mit mir, ich k\u00f6nnte schw\u00f6ren dass sie die meiner Mutter sehr \u00e4hnlich war. Ich h\u00f6rte sie immer wieder und diese Stimme gab mir Tipps, die mir schon mehrmals geholfen haben. Gut Natalie merke dir diese Namen! Ich sprach sie mir leise immer und immer wieder vor und am Ende konnte ich die Namen auswendig sagen. Doch wof\u00fcr sollte ich sie brauchen? Waren sie so wichtig? Na, gut wenn mir diese Stimme es wider riet, werde ich ihren Rat befolgen. Wahrscheinlich damit ich meine Rache bekam. Dann kam der Doktor auf mich zu, mit einem breiten Grinsen. ,,So meine kleine wir werden jetzt unseren Spa\u00df haben. Ich gebe dir diese kleine Spritze und wir werden sehen, ob ich dich noch gebrauchen kann danach.\u201c, mit den Worten legte er die Spritze bei mir an den Arm. Ich sp\u00fcrte einen stechenden Schmerz am Arm und danach war er schon wieder weg. Der Doktor dr\u00fcckte auf die R\u00fcckseite der Spritze und eine W\u00e4rme schoss aus ihr. Ich sp\u00fcrte die W\u00e4rme erst bei mir im Arm und danach verbreitete sie sich bei mir im ganzen K\u00f6rper. Langsam tat mir der gesamte K\u00f6rper weh und ich merkte das meine Brust sich immer langsamer auf und ab bewegte. Er zog die Spritze wieder heraus und dr\u00fcckte mit dem Finger auf die Stelle wo die Kan\u00fcle war. ,,Gut, wie ich sehe lebst du noch. Bringt mir das Gegenmittel! Eher die kleine uns auch schon, wie alle anderen, verl\u00e4sst.\u201c Sofort kamen Helfer angerannt und brachten ihn eine weitere Spritze. Er dr\u00fcckte mir diese auch in den Arm, nur ein wenig weiter oben. Ich konnte mein K\u00f6rper nicht mehr kontrollieren und immer mehr K\u00f6rperteile schmerzten sehr. ,,Verdammt! Es war nicht das richtige!\u201c H\u00f6rte ich den Doktor schreien. Ich wurde immer m\u00fcder und m\u00fcder und sch\u00f6n vielen mir die Augen zu. Nein Natalie du darfst noch nicht! Du brauchst noch den Namen des Doktors. Doch dieses Mal kam die Stimme zu sp\u00e4t ich konnte nichts mehr tun und in meinem K\u00f6rper breitete sich ein tiefe leere aus.......",
            "wordcount": "1.394",
            "chapter_release": "16.07.2013",
            "chapter_number": "3"
        },
        "4": {
            "text": "5 Jahre sp\u00e4ter...... Die Firma ,,Dugden\u201c wurde geschlossen und wegen Menschenversuchen und Freiheitsraubung angeklagt. Sie bekamen dennoch nur eine niedrige Geldstrafe da sie ein Mittel gegen die weitverbreitete Krankheit ,,Mortetac\u201c (lat. Morte Tacere = leiser Tod) entdeckten. F\u00fcr viele Menschen jedoch kam dies zu sp\u00e4t. Viele erlitten schwere Krankheiten und starben. Menschen die, diese schlechten Umst\u00e4nde \u00fcberlebten starben an den folgenden Versuchen. Man fand die Leichen der Menschen in schlimmen Zust\u00e4nden. Viele wiesen Knochenbr\u00fcche auf oder Bei\u00dfspuren. Man fand kleine Kinderleichen, von lang vermissten Kindern. ,,Sie wurden auf der Stra\u00dfe einfach mitgenommen und hier her gebracht.\u201c,berichteten Opfer dieser \u0001 \u0002 Prozess ist noch nicht beendet und es sei mit einer h\u00f6heren Strafe zu rechnen. Die Sch\u00e4den und Misshandlungen nehmen immer mehr Gestalt an, f\u00fcr die Einwohner der Stadt Quena ist es ein grausamer Schreck. Die gesamten 15 Jahre wie die Firma forschte, unterst\u00fctzten sie sie und erfreuten sich daran sagen zu k\u00f6nnen, aus meiner Stadt kommt das Wundermittel. Doch was nutzt es einem wenn dabei viele Menschenversuche gemacht wurden und das ,,Wundermittel\u201c, wie es genannt wird, da es auch gegen andere Krankheiten wirkt, tausenden von Menschen das Leben kostete. F\u00fcr die Menschen die in ihren Zellen sa\u00dfen und auf Rettung gehofft haben wird nun gesorgt. Sie werden in nette Familie einsortiert und aufgenommen. Nat\u00fcrlich werden sie von einem Spezialisten aufgesucht, damit sie die Zeit in der Firma schneller hinter sich bringen. Vergessen werden sie diese Qualen bestimmt nicht. Daf\u00fcr erlebten sie zu viel. Die Eltern der Kinder werden informiert und so wohlbehalten zur\u00fcckgebracht. Man kam der Firma auf die Spuren, da ein Mitarbeiter dies nicht l\u00e4nger ertrug und den Menschen helfen wollte. ,,Sie sperrten sie in K\u00e4fige, wie Tiere, und man gab ihnen nur sehr wenig zu Essen. Teilweise hatte ich Mitleid wenn ich auf sie aufpassen musste und gab ihnen was von meinem ab. Ich bat meine Frau darum mir immer etwas mehr einzupacken. Anfangs dachte ich mir noch ok. Doch als sie dann anfingen auch noch Untersuchungen mit Kindern zu machen, stellte sich mein Verstand auf Rot. Ich habe zu Hause eine 5 Jahre alte Tochter. Jeden Abend wenn ich sie zu Bett brachte wollte sie das ich ihr was von meiner Arbeit erz\u00e4hle. Nat\u00fcrlich habe ich sie angelogen. Sollte ich einem kleinem M\u00e4dchen sagen:,,Dein Vater arbeitet dort wo Menschen in Zellen hocken, ohne jemals die Sonne gesehen zu haben. Ohne bisschen Hoffnung auf irgendetwas. Und das sie am Ende zu Tests gezwungen werden, wo sie am Ende eh sterben. Wo kleine Kinderleichen ins offne Feuer geworfen werden, wie Brennholz. Wo es keine Menschenrechte gibt. Sondern nur jeder versucht das beste aus seinem Leben zu machen. Und Kinder nie die Chance hatten ihre M\u00fctter oder ihre V\u00e4ter kennen zu lernen. Wo Menschen die Fl\u00fcchten erschossen werden ohne R\u00fccksicht. Wo Familien auseinander gerissen werden, wo Kinder nicht einmal bei ihrer Mutter bleiben d\u00fcrfen? Dies konnte ich nicht. Ich denke jeder Familienvater w\u00fcrde mich verstehen. So musste ich der Welt mitteilen was hinter den Mauern von Dudgen passiert.\u201c,so seine Aussage. Die Firma ist nun geschlossen seid l\u00e4ngerer Zeit und die Hallen stehen leer. Besucher und Schaulustige die sehen wollen, was in der Zeit passiert ist meinen sie h\u00f6ren noch die Schreie der Gefangen und es solle dort spuken. Ihre regionale Zeitung",
            "wordcount": "563",
            "chapter_release": "16.07.2013",
            "chapter_number": "4"
        },
        "5": {
            "text": "Ich \u00f6ffnete die Augen und blickte in ein schwarzes Nichts. Wo war ich? Ich lag auf etwas unbequemen harten Holz. Holz!?!? Wie um alles in der Welt kam in meine Zelle Holz?!? Und lag ich nicht als Letztes auf einer Liege, aus Metall? Wie kam ich hier hin? Und vor allem warum riecht es so nach Verwesung? Ich wollte mich hinsetzten, doch als ich mich aufrichten wollte sto\u00df ich mir den Kopf an etwas. Ich taste die Decke ab. So niedrig war sie doch gar nicht. In meiner Zelle konnte ich mich aufrecht hinstellen und sogar noch springen. Du bist Tod und liegst unter der Erde. Doch du hast noch keinen Inneren Frieden und deswegen bist du eine k\u00f6rperlose Seele auf Suche nach Rache. Nutze dies und r\u00e4che dich an allen! Nur zu erst musst du aus deinem Grab kommen und die Personen suchen. Erinnerst du dich an die Namen noch?!Wieder redete die Stimme mit mir und erkl\u00e4rt mir was passiert war. Ich wollte kein Widerspruch einlegen, da sie bis jetzt immer Recht hatte und f\u00fcr mich nur das beste wollte. Ich f\u00fchlte mich mit ihr sicher und geborgen. Sie war f\u00fcr mich so zu sagen ein Mutterersatz.,,Aber wie soll ich hier bitte heraus kommen? Ich sitze hier fest und kann mich kaum bewegen. Wie soll das gehen?\u201c Denk mal nach Natalie. Du bist ein Geist, eine k\u00f6rperlose Seele! Was hat deine Mutter dir immer erz\u00e4hlt \u00fcber dies Wesen? Sie k\u00f6nnen durch W\u00e4nde gehen wenn sie es wollen und nur fest daran glauben. Sie k\u00f6nnen so ziemlich alles, selbst das Lebem der Menschen bestimmen und beeinflussen, sie k\u00f6nnen bestimmen ob sie gesehen werden wollen oder ob sie sich lieber im Schatten verbergen. Also denk daran das du es schaffst und du kannst \u0001 \u0002 Stimme hatte Recht. Als ich fest daran glaubte ich k\u00f6nne es, sa\u00df ich im n\u00e4chsten Moment auf Gras und hielt meine Hand vor die Augen. Etwas gro\u00dfes helles am Himmel strahlte mir direkt ins Gesicht. Sie schenkte meinem kalten Gesicht sanfte W\u00e4rme. Ich nahm meine Hand vorsichtig von den Augen und staunte. Die Sonne, wie sie mir beschrieben wurde. Gro\u00df, hell und wundersch\u00f6n. Ich konnte mein Blick nicht mehr von ihr abwenden. Ich fand sie so wundersch\u00f6n, sie war wohl das Sch\u00f6nste was ich je gesehen hab und so friedlich. Die Stimmte brachte mich erst wieder in die Realit\u00e4t \u0001 \u0002 musst den ersten auf deiner Liste suchen. Und dann f\u00fchlst du dich schon etwas besser. Als ich mich umsah, sa\u00df ich auf einer Wiesen vor einem Kreuz und um mir herum, waren viele weiter Steine aus Kreuz aufgereiht. Die meine kleine ist ein Massengrab, als Gedenken an die vielen Toten. Ich schaute auf mein Kreuz wo nur stand: ,,Nun ist ihre Seele frei und nicht mehr eingesperrt.\u201c Meinen Namen wussten sie nicht, noch sonst was. Aber es stimmte nun endlich war meine Seele frei und ich konnte endlich Rache nehmen.....",
            "wordcount": "490",
            "chapter_release": "16.07.2013",
            "chapter_number": "5"
        },
        "6": {
            "text": "Als ich mich wieder an die Namen erinnern wollte fiel mir als erstes der Name Paul Simke ein. Er war wohl der Manager der Firma gewesen und hatte diese betreut und verteidigt. Gut Natalie, dann ist er der erste an dem Spa\u00df haben wirst. Ich kann dir helfen ihn zu finden. Du musst mich nur lassen. Ich zeige dir alles was du wissen musst und alles was du tun musst. Hier in der Stadt gibt es einen kleinen Jungen den du als aller erstes finden musst. Er kennt sich bestens aus und er war auch in der Firma und hat von dir geh\u00f6rt. Leon ist sein Name wenn du ihn findest wird er dir bstimmt helfen wenn du ihm erz\u00e4hlst und anvertraust was du tun willst. Er ist einer der wenigen der diese Schande \u00fcberlebt hat. Finde ihn und du wirst die Anderen dann auch finden. Er m\u00fcsste bei seiner Familie sein und dort m\u00fcssen wir jetzt auch hin. Nun gut, wenn die Stimme wollte das ich den Jungen finde wird sie sich bestimmt schon was dabei gedacht haben. Nun gut. Der junge hei\u00dft Leon doch wo fange ich als erstes an zu suchen? Was ist wenn ich ihn nicht finde? Dann finde ich die Anderen auch nicht \u2026.Kein Panik Natalie. Ich helfe dir nur zu erst mach dich nicht sichtbar. Sonst gibt es noch ein lauten Tumult hier in der Stadt und das k\u00f6nnte deine Aufgabe gef\u00e4hrden. Also vertrau mir WIR schaffen das. Und dann wirst du sie ALLE leiden sehen, so wie du leiden musstest. Die Stimme nahm einen unheimlichen Ton an. Sie wurde bestimmerisch und grausam. Sie machte mir Angst, sie war so energisch wie noch nie. Die Stimme hallte durch mein Kopf, ich hatte Angst, gro\u00dfe Angst. Doch sie hatte Recht , um die M\u00e4nner zu finden brauchte ich jemanden der sie kannte und auf meiner Seite ist. Jemand der sie genauso hasste wie ich. Leon war perfekt. Er war genauso wie ich gefangen gewesen in Angst und \u0001 \u0002 war als kleine Kind entf\u00fchrt worden und hatte l\u00e4ngere Zeit seine Familie nicht gesehen. Ich kannte ihn nicht und dennoch wusste ich genau wie er aussah. Ich sah ihn genau vor mir. Rote kurze Haare und strahlende blaue Augen. Er hatte ein wundersch\u00f6nes Gesicht, gleichm\u00e4\u00dfige Haut und hohe Wangenknochen. Ich hatte ihn noch nie in meinem Leben oder nicht leben gesehen, aber dennoch kannte ich jede Kleinigkeit von ihm, zum Beispiel das er seine kleine perfekte s\u00fc\u00dfe Nase nicht mochte. Ich wusste sein gesamte Lebensgeschichte, ich konnte mich an alles erinnern was er erlebt hatte, seine Familie und an den Tag wo er entf\u00fchrt \u0001 \u0002 wusste alles von ihm. Als ich an ihn dachte sp\u00fchrte ich ein kribbeln im Bauch....hatte ich hunger?! Nein, dieses Gef\u00fchl im Magen war angenehm und wohltuend. NATALIE! Du hast keine Zeit f\u00fcr so etwas! Suche ihn und dann r\u00e4chst du dich und tr\u00e4ume hier nicht so verzweifelt herum! Wieder war die Stimme laut und klang w\u00fctend. Sofort sprang ich hoch. Erschrocken von der Stimme und rannte los. Jedes mal, erschrak ich mich, wenn mir Menschen entgegen kamen. Mir fiel auf, dass Hunde mich wohl sahen. Sie fingen an zu winseln und als ich n\u00e4her kam, legten sie sich hin und beobachteten mich. Die Menschen wunderten sich \u00fcber die Hunde, sahen mich jedoch nicht. Endlich fand ich ihn. Er war da, wo mir die Stimme gesagt hatte. Ich fand ihn in der B\u00e4ckerei seiner Eltern. Nur wie sollte ich ihm die Situation erkl\u00e4ren? Sollte ich einfach hinein spazieren, die Leute erschrecken, ihm sagen du bist 15j\u00e4hringer Junge, bist von einer Stimme in meinem Kopf ausgew\u00e4hlt worden um zu t\u00f6ten, damit ich meine Familie r\u00e4chen kann? Ok, die Idee war schon mal \u0001 \u0002 ging er aus dem Laden und ich folgte ihm. Er ging nicht weit, er ging um den laden herum und brachte den M\u00fcll weg. DAS IST DEINE CHANCE NATELIE LOOOOOOOOOS!!!!!....",
            "wordcount": "656",
            "chapter_release": "16.07.2013",
            "chapter_number": "6"
        },
        "7": {
            "text": ",,Bist du Leon?\u00b4\u00b4, fragte ich vorsichtig und leise. Er drehte sich zu mir um und guckte mich mit gro\u00dfen Augen an. Als ich n\u00e4her kam wurden seine Augen immer gr\u00f6\u00dfer, so das ich dachte, sie w\u00fcrden jeden Moment zerspringen. ,,Ja...ja! Ich hei\u00dfe Leon. Bist du nicht Natalie? Die, die sich geopfert hat? Ich dachte du seist Tod!\u00b4\u00b4, versuchte er mir zu sagen, doch das einzige was rauskam war ein stottern. ,,Ja, aber woher wei\u00dft du das? Es ist kompliziert dir zu erkl\u00e4ren was passiert ist, nur so viel Gott gibt mir die Gelegenheit mich zu r\u00e4chen!\u00b4\u00b4Er guckte mich entsetzt an. ,,Man erz\u00e4hlt sich viel, wenn man nur da sitzt und sterben will. Aber was willst du von mir? Ich kann nichts daf\u00fcr, dass du SO sterben musstest.\u00b4\u00b4 Dachte er wirklich ich will mich an ihm r\u00e4chen?Oh man, der ist ja vielleicht verpeilt. ,,Nein, so ist es nicht! Ich will dir nichts tun! Ich will dich um Hilfe fragen. Ich brauche dich sogar!\u00b4\u00b4 Ich sah Erleichterung in seinen Augen. Er hatte wirklich Angst vor mir, was schon ein wenig s\u00fc\u00df war, wie ich fand.,,Wie du brauchst meine Hilfe? Wozu k\u00f6nntest du mich brauchen? Wenn du Gehirne essen willst, bei mir gibt es nicht viel!\u00b4\u00b4, schon fing ich an zu lachen. Oh man wie konnte man nur denken, das ich sein Gehirn essen will. Ich konnte nicht mehr. Ich guckte ihn an und sah ein kleines L\u00e4cheln auf seinen Lippen. ,,Nein, nein! Im Gegenteil, du sollst mir helfen und mir sagen wo wer wohnt. Ich brauche dich F\u00dcR meine Rache. Ich suche die alten wichtigen M\u00e4nner der Firma, damit ich mich an ihnen r\u00e4chen kann, muss ich erst wissen wo ich sie finde!\u00b4\u00b4, ich kam auf ihn zu und reichte ihm die Hand. ,,Bitte schlag ein und hilf mir. Ohne dich bekomme ich nicht meinen Frieden.\u00b4\u00b4 Er z\u00f6gerte, schlug aber dennoch ein. ,,Nun gut. Sage mir wen du brauchst und ich helfe dir sie zu finden. T\u00f6ten und qu\u00e4len musst du sie alleine. Also fangen wir bei dem ersten schon direkt an.\u00b4\u00b4 Ich l\u00e4chelte, ich konnte also auf ihn z\u00e4hlen. Er w\u00fcrde mir helfen sie zu finden, mehr h\u00e4tte ich auch nicht von ihm verlangt. ,,Also der erste auf meiner List ist Paul Simke. Kennst du ihn? Wenn ja sage und zeige mir wo ich ihn finde.\u00b4\u00b4 \u2026.Ich grinste, die Vorstellung diesen Mann leidend und weinend am Boden zu sehen, machte mir tiefe Freude.....",
            "wordcount": "418",
            "chapter_release": "16.07.2013",
            "chapter_number": "7"
        },
        "8": {
            "text": ",,So ich hab dir jetzt alles gezeigt. Hier wohnt er und den Rest musst du alleine machen. Er m\u00fcsste in ner Stunde nach Hause kommen, da musst du mit der Familie fertig sein. Ich geh jetzt lieber es ist nicht gut wenn man mich vor dem Mord noch hier sieht.\u00b4\u00b4, Leon war mir echt ans Herz gewachsen, er zeigte mir wirklich wo Paul Simke \u0001 \u0002 verabschiedete mich von ihm und er ging. So jetzt muss ich nur noch gucken wie ich in das Haus komme und meine Rache bekomme. NATALIE du bist ein Geist du kannst durch das Haus laufen...deine Rache wird dier schon einfallen schau dich erst im Haus um und dann r\u00e4che dich. Die Stimme hatte recht ich ging durch die vordere Wand des gro\u00dfen wei\u00dfen Geb\u00e4udes. Und schon befand ich mich in einer gro\u00dfen sch\u00f6nen K\u00fcche. Ich guckte mich um und fand so viele neue Sachen. Ich ging auf etwas gro\u00dfes zu, es war viereckig und stand auf der Anrichte. Als ich auf den Apparat zu ging sah ich, wie eine Sch\u00fcssel sich in ihr drehte. Auf der Seite waren komische Kn\u00f6pfe angebracht mit Zahlen. Meine Mutter hatte sie mir beigebracht, so konnte ich sie lesen. Es waren die Zahlen von eins bis neun und eine null. Ich guckte auf den merkw\u00fcrdigen Apparat und dr\u00fcckte auf einen gro\u00dfen Knopf unter den anderen und die T\u00fcr sprang auf und die Sch\u00fcssel h\u00f6rte auf sich zu drehen. Die T\u00fcr glitt durch meinen Kopf und hinterlie\u00df keine Schmerzen, es kitzelte mehr als das es weh tat. Was war dieses Etwas? Hm...er roch lecker...hm....NATALIE essen kannst du nicht du bist tod dein Magen arbeitetet nicht mehr. Und dieses Etwas nennt man Mikrowelle.... Die Stimme lachte mich fast aus, das ich dieses Ger\u00e4t nicht kannte. Und wof\u00fcr ist es? Damit kannst du essen warm machen wie in einem Ofen. Hm es duftete herrlich. Doch genug vom essen Natalie konzentriere dich auf deine Aufgabe, du hast nicht lange Zeit und musst noch deinen Meisterplan \u0001 \u0002 erstes musste ich seine Frau finden. Dies war nicht all zu schwer. Sie nahm zu dieser Mittagsstunde ein warmes Bad und rasierte sich mit einem elektrischen Rasierer. Natalie ich habe dir alles genau erz\u00e4hlt was du tun sollst. Mach mich stolz. Ich sah nur noch rot vor Augen und wollte nur noch t\u00f6ten. Also kam ich ins Bad und tat wie mir gesagt wurde. Ich machte mich erst gar nicht sichtbar sie sollte sich mehr erschrecken. Ich nahm ihre Hand, in der sie den Rasier hatte und f\u00fchrte ihn zu ihrem Oberk\u00f6rper. Sie erschrak sich und schrie, sie k\u00e4mpfte an und wollte den Rasierer wegschmei\u00dfen, doch ich hielt ihn fest in der Hand. Ich hatte kein Mitleid. Ich dr\u00fcckte fester und sie strampelte mit den Beinen, so das Wasser aus der Badewanne auf den Boden schwamm. Ich dr\u00fcckte noch fester und lehnte mich mit dem gesamten K\u00f6rper gegen ihre Arme und dann spritze schon etwas Blut mir entgegen. Ich hatte ihren K\u00f6rper mit dem noch immer rasierenden Rasierer erreicht. Sie schrie laut auf vor Schmerz und ich lachte. Die Schrei klangen wie Musik in meinen Ohren. Nach der Zeit verstummte das Schreien und ihr Mund f\u00fcllte sich mit Blut. Die Badewanne hatte schon keinen wei\u00dfen Schaum mehr sondern eine dunkel rote Farbe vom Blut angenommen. Sie zappelte f\u00fcr ein paar Sekunden noch und dann erlosch auch die Lebensflamme in ihr. Ich lachte und machte mich schon an das n\u00e4chste Werk. Ich wollte etwas schaffen was es noch nie gab. Also nahm ich Blut aus der frisch geschnittenen Wunde und schmierte an die Wand in gro\u00dfen Buchstaben ,,Who is the doctor?\u201c. Als ich dann mit meinem Werk fertig war betrachtete ich es stolz und h\u00f6rte die Haust\u00fcr zu fallen. Also kam mein n\u00e4chstes Opfer mir schon entgegen. Wieder lachte ich laut. Und wartete im \u0001 \u0002 h\u00f6rte ich Schritte auf dem Flur und dann ging auch die T\u00fcr schon auf. Schon stand er in der T\u00fcr. Ich wusste genau um wen es sich handelte. Es war Paul Simke. Er starrte fassungslos auf seine Frau die regungslos in der Wanne lag. Dann schaute er an die Wand, dann erst entdeckte er mich. Ich sa\u00df auf dem Waschbecken wie ein unschuldiges Kind. Ich guckte zu Boden. Meine langen Haare bedeckten mein mit Narben vollzogenes Gesicht. ,,Du warst das, du hast es ihr angetan!\u00b4\u00b4,schrie er und wollte auf mich zu st\u00fcrmen, doch verlor er den Boden unter den F\u00fc\u00dfen und rutschte in der Wasserf\u00fctze aus. Er konnte sich nicht festhalten und schlug mit dem Hinterkopf als erstes auf die Fliesen auf. Die Fliese zersprang unter seinem Kopf in mehrere Splitter. Nun erhob ich mich von meinem Platz und hatte den Kopf immer noch gesenkt. ,,Who is the doctor?\u00b4\u00b4\u00b4,schrie ich ihn an. Ich musste den Namen unbedingt erfahren. Sonst wusste ich nicht wer mein Henker war. ,,Ich wei\u00df esnicht.\u00b4\u00b4,stotterte er. Und etwas in mir sagte mir das er es wirklich nicht wusste, dennoch fragte ich ihn wieder nur dieses mal lauter und w\u00fctender:WHO IS THE DOCTOR?\u00b4\u00b4, doch aus dieses mal sagte er das er es nicht wusste. Ich verlor meine Geduld ohne eine Antwort war er nutzlos. Ich hob einen Splitter neben seinem Kopf her. ,,So so du wei\u00dft es also nicht?!\u00b4\u00b4, ich wusste das er es nicht wei\u00df, ich wollte ihn aber qu\u00e4len. ,,Mal sehen wie viel du unter schmerzen redest.\u00b4\u00b4, mit den Worten ging ich zu seinen Beinen und schnitt eine tiefen Wunde hinein. Er zog sein Bein weg, doch war ich schneller gewesen und schnitt direkt durch die Muskeln. Das Blut spritze f\u00f6rmlich und er schrie laut auf. Ein weiteres Mal fragte ich:,,Who is the docotor?\u00b4\u00b4, auch ein weiteres Mal sagte er das gleiche. Dann schnitt ich in das andere Bein von ihm und wieder durchtrennte ich die Muskeln. Er schrie wieder und hatte Tr\u00e4nen in den Augen vor Schmerz. ,,Siehst du die Flasche da oben? Es ist Essig. Glaubst du, du kannst mir dann den Namen nennen den ich h\u00f6ren will?\u00b4\u00b4, eigentlich wollte ich nicht so weit gehen doch ein Feuer brannte in mir. Ich sah in seinen Augen Angst und Schrecken, es erinnerte mich an meine kleinen Geschwister, wie sie Angst hatten und zum Feuer getragen wurden. F\u00fcr einen kurzen Moment erlosch das Feuer und ging im n\u00e4chsten wieder voll in Brandt. Dann holte ich die Flasche und sch\u00fcttete sie \u00fcber den beiden Wunden aus. Wieder schrie er unter Schmerzen auf und verlor das Bewusstsein. Gut diese Familie w\u00e4re erledigt. Natalie er ist noch nicht tod. Du musst ihn noch richtig t\u00f6ten, sein Herz schl\u00e4gt noch. Die Stimme hatte recht, als ich genauer hinsah hob und senkte sich seine Brust noch. Nicht mehr lange dachte ich und nahm wieder den gleichen Splitter wie eben in die Hand. Ich \u00f6ffnete sein Hemd und sah sein Oberk\u00f6rper, dann kam mir die Idee. Ich schnitt in die Haut den Satz,,Who is the doctor?\u00b4\u00b4 Doch beim Fragezeichen setzte ich den Punkt zu das er direkt das Herz durchbohrte und zog den bluverschmierten Splitter wieder heraus. Dann betrachtete ich mein Werk. Das war der erste, jetzt folgen noch die anderen....",
            "wordcount": "1.202",
            "chapter_release": "16.07.2013",
            "chapter_number": "8"
        },
        "9": {
            "text": "Eigentlich sollte ich noch am selben Abend zu Leon gehen. Ich verga\u00df aber die Zeit und so blieb ich bei meinen ersten Opfern. Es brauchte lange, bis ich mich an den Leichen satt gesehen hatte. Als ich aber zu lange den faulen Geruch der Leichen in der Nase hatte und so beschloss ich, dass ich mich im Wohnzimmer auf das Sofa gelegt habe. Also lag ich da und starrte auf die Wand vor mir. Ein komischer Apparat hing an ihr. Komisch so etwas hatte ich schon \u00f6fters in der Stadt gesehen, aber dieses hing in einem Zimmer. Es waren Zahlen in einem Kreis aufgemalt. Drei komische St\u00f6cke waren aufgeklebt. Der d\u00fcnne lange Stock bewegte sich schnell im Kreis und wanderte von Zahl zu Zahl. Dann gab es noch einen l\u00e4ngeren und dickeren Stab oder Stock, dieser bewegte sich nur sehr langsam und zwar nur wenn der d\u00fcnne Stab einmal im Kreis rum war. Der letzte Stab war ein kurzer und sehr fetter Stab. Er bewegte sich noch seltener als der dicke, lange Stab. Was wollte mir dieses Ding nur zeigen? Vielleicht das gro\u00dfe Menschen, die viel Sport treiben d\u00fcnn sind und die die weniger machen dick und die kleinen fetten Menschen kaum Sport machen? Hm...Sowas w\u00fcrde sich doch keiner an die Wand h\u00e4ngen. Vor allem weil die Frau von Simke auch nicht gerade d\u00fcnn und gro\u00df war. Was ist das wohl? Dann viel es mir ein dieses Ding hing auch in dem Raum wo ich starb. Sie hatten immer wieder drauf geschaut und meinten:,,Die Zeit l\u00e4uft uns davon, wir m\u00fcssen uns beeilen.\u00b4\u00b4 Also hatte das Ding was mit der Zeit zu tun. Als die Zeiger ein paar Mal rum waren und die Morgend\u00e4mmerung eingesetzt hatte, beschloss ich mich auf den Weg zu Leon zu machen. Aber was sollte ich ihm sagen? Die Katze ist aus dem Sack? Ne das passt irgendwie nicht. Ich entschloss mich erst einmal zu ihm zu gehen und dann zu \u00fcberlegen was ich ihm \u0001 \u0002 als aller erstes will ich dieses komische Gef\u00fchl im Magen los werden. Ich dachte ich hatte Hunger so trieb mich der Bauch in Richtung K\u00fcche. Uiiii eine Mikrowelle. In der haben sie immer unser Brot warm gemacht wenn es Winter war. Meine Mutter erkl\u00e4rte mir wozu sie diente. Sowas sch\u00f6nes. Was ein Luxus. Ich schaute in den K\u00fchlschrank ...Hm...ein leckerer Geruch. Bei uns waren nur die Medikamente drin, die sie uns spritzten damit wir nicht chronisch krank werden oder so \u00e4hnlich ich hatte es nie genau verstanden wozu es diente. Hmh...K\u00e4se in einer Glitzerfolie...hm riecht das gut. Also \u00f6ffnete ich die Mirkowelle und legte das K\u00e4se St\u00fcckchen rein und drehte an dem Schlater an der Seite und stellte sie ein. Ui es leuchtet..wow das kann sgar drehen das K\u00e4sest\u00fcck in der Mikrowelle. Danngab es einen lauten knall und es fing an zu rauchen. Warum wird es auf einmal so warm? Hatte ich die Sonne angemacht ? Und dann sah ich es, wie die Flammen hochsprangen und schon stand die ganze Anrichte in Flammen. Oh oh...das war wohl doch nicht richtig. Aber was habe ich denn falsch gemacht? Es war doch nur K\u00e4se oder nicht? Halt stopp was sind das f\u00fcr Ger\u00e4usche hinter mir?",
            "wordcount": "543",
            "chapter_release": "16.07.2013",
            "chapter_number": "9"
        }
    },
    "title": "Natalie",
    "topic": "unspecified",
    "release": "\n16.07.2013\n\t\t\t\t\t\t",
    "author": "Honeydance"
}