{
    "tags": [],
    "chapcount": "6",
    "wordcount": "10.213",
    "chapters": {
        "1": {
            "text": "Hinweis:Titel und Kurzbeschreibung sind, genau wie die Ausarbeitung der einzelnen Kapitel, vorl\u00e4ufig. Ich bin offen f\u00fcr Vorschl\u00e4ge und freue mich sehr \u00fcber Anregungen und Kritik!Viel Spa\u00df beim Lesen :-)_________________________________PrologSie atmet tief ein. Das Tier dreht spielend leicht ein Ohr in ihre \u0001 \u0002 das ihr Okay?\u0001 \u0002 Ohr richtet sich wieder auf den schmalen Trampelpfad vor ihnen. Gleich ist die letzte Kurve geschafft, dann liegt das freie Feld vor ihnen. Die goldenen \u00c4hren wiegen sich sacht im Wind. Zur rechten Seite hin wird das Feld von einem flachen Waldst\u00fcck ums\u00e4umt; der linken Hand weichen die Brust-hohen Gr\u00e4ser nach einiger Zeit einem sanften \u0001 \u0002 vorne hin ist es grenzenlos \u0001 \u0002 Sonnenstrahlen durchfluten sein \u0001 \u0002 Gr\u00e4ser streifen an seinem Bauch \u0001 \u0002.Dann spannt es von hinten nach vorne alle Muskeln an. Mit einem gewaltigen Schub bewegt das Tier seine Reiterin und sich selbst hinein in das \u0001 \u0002 Fell schimmert bronzen im roten Licht, fast so, als w\u00e4re es nass. Doch es gl\u00e4nzt nur. Eine warme Hand legt sich auf seine Schulter. Es macht sich \u0001 \u0002 galoppiert es \u00fcber den trockenen Boden. Er ist hart und gibt dennoch ein wenig unter seinem Gewicht \u0001 \u0002 jedem Atemzug weiten sich seine N\u00fcstern. Die Geschwindigkeit bl\u00e4st seine M\u00e4hne in ihr Gesicht. Sein Schweif streift zwischen den Gr\u00e4sern hindurch. Lautlos zieht die Landschaft an ihnen \u0001 \u0002 fliegen zu zweit in das goldene \u0001 \u0002 Kraft scheint unersch\u00f6pflich. Es k\u00f6nnte ewig so weiter rennen. Das ist sein \u0001 \u0002 ist Freiheit.",
            "wordcount": "258",
            "chapter_release": "02.04.2016",
            "chapter_number": "1"
        },
        "2": {
            "text": "Erstes Kapitel: Sommer\u201eHast du meinen Helm gesehen?\u201c Schwungvoll rei\u00dft Nellie die T\u00fcr auf. Ihr Blick wandert pr\u00fcfend durch mein Zimmer und bleibt an dem blauen Stoffbeutel auf der Couch liegen. \u201eNein keine Ahnung. Das darin ist meiner!\u201c, unterbinde ich sofort jeden potentiellen Verdacht, dass ich ihre Sachen bei mir versteckt haben k\u00f6nnte. \u201eSchau!\u201c Zur Best\u00e4tigung \u00f6ffne ich den Beutel und zeige ihr die kleine Markierung auf der Innenseite des Reithelmes. Mit entt\u00e4uschter Mine wendet sie sich ab. \u201eGuck doch mal bei den Fahrr\u00e4dern\u201c, rufe ich ihr noch nach, bevor sie mein Zimmer \u0001 \u0002 dumm auch, dass wir immer die gleichen Sachen haben. Da kann man wirklich auf die Idee kommen, der eine h\u00e4tte sich ungefragt an dem Zeug des anderen bedient. Aber so ist das nun mal bei Geschwistern. Unsere Eltern wollen halt nicht, dass sich eine von uns benachteiligt f\u00fchlt und so laufen wir eben ab und an im Partnerlook herum. Es gibt Schlimmeres. Nellie ist meine kleine Schwester, nur ein knappes Jahr j\u00fcnger als ich und daf\u00fcr einen guten Kopf gr\u00f6\u00dfer. Das ist aber auch wirklich keine Kunst, denn eigentlich ist jeder gr\u00f6\u00dfer als ich. Nur meine besten Freundinnen Lu und Jessy sind \u2013 noch \u2013 fast auf meiner H\u00f6he. Aber ich f\u00fcrchte, auch das wird sich bald \u0001 \u0002 Gro\u00dfen und Ganzen kann man wohl sagen, dass es anstrengendere kleine Geschwister gibt als Nellie. Zwar mischt sie sich manchmal in meine Freundschaften ein, sodass wir oft zusammen etwas mit Lu unternehmen, aber sie nervt auch nicht wirklich dabei. Als wir noch Kinder waren \u2013 mit zw\u00f6lf und dreizehn ist man das schlie\u00dflich nicht mehr \u2013 haben wir uns sogar spa\u00dfeshalber gegenseitig angerufen, um die andere wie eine Schulfreundin zu fragen, ob sie Zeit zum Spielen hat. Wirklich hoch rechne ich ihr an, dass sie mir bei unserem Umzug im Fr\u00fchjahr das gr\u00f6\u00dfere Zimmer \u00fcberlassen \u0001 \u0002 Blick auf die Uhr gen\u00fcgt, um mich aus meinen Gedanken zur\u00fcck in die Gegenwart zu holen. Ich muss mich jetzt langsam ran halten. Schnell packe ich also die restlichen Kleidungsst\u00fccke in die Reisetasche. Viel brauche ich nicht, denn wir werden ja eh die meiste Zeit reiten. Reithose und Stiefel habe ich direkt angezogen. Bepackt mit Tasche und Beutel mache ich mich auf den Weg zur bereits offen stehenden Haust\u00fcr.\u201eEmma, ist dir das nicht zu warm mit den Stiefeln? Es soll heute fast drei\u00dfig Grad geben!\u201c Mama steht im Flur und schaut etwas skeptisch auf meine Fu\u00dfbekleidung.\u201eN\u00f6\u201c, antworte ich knapp. Nat\u00fcrlich wird das zu warm werden, aber wann soll ich denn Reitstiefel sonst tragen, wenn nicht zum Reiten? Ich kann sie ja immer noch ausziehen. Mama zuckt nur mit den Schultern und dr\u00fcckt mir schlie\u00dflich meinen Schlafsack in die Hand.\u201eHier, vergiss den nicht!\u201c\u201eDanke.\u201cEin Blick nach drau\u00dfen verr\u00e4t mir, dass Nellie schon unsere Fahrr\u00e4der geholt hat und ungeduldig auf mich wartet. Ich verstaue meine Sachen auf dem Gep\u00e4cktr\u00e4ger.\u201eViel Spa\u00df und seid vorsichtig!\u201c, ruft Mama aus der T\u00fcr und Papa winkt am Fenster. Dann fahren wir endlich los, hinein in die bestimmt tollste Woche unseres \u0001 \u0002 Stall angekommen, verabschiedet sich gerade Jessy von ihren Eltern. Jessy ist mit mir in einer Klasse und ist fr\u00fcher schon mal geritten. Seit Kurzem reitet sie auch hier bei Susi, die mit ihren Pferden diese alte G\u00e4rtnerei gepachtet und in einen Stall umgewandelt hat. Wir begr\u00fc\u00dfen uns und machen uns mit unserem Gep\u00e4ck auf den Weg zum Tor.\u201eDas ist Kathi, die reitet bei mir in der Gruppe\u201c, deutet Jessy auf ein blondes M\u00e4dchen vor uns. Sie ist wohl etwas j\u00fcnger als wir. Zusammen betreten wir vier also das Gel\u00e4nde vor uns und gehen erwartungsvoll die Einfahrt Richtung Pferdestall hinunter. Die ersten, die uns bemerken, sind die drei Hunde. Sie schie\u00dfen wie der Blitz aus dem Haus und begr\u00fc\u00dfen uns schwanzwedelnd. Gleich darauf kommt Susi um die Ecke und winkt uns zu.\u201eHallo Susi\u201c begr\u00fc\u00dfen wir sie fast im Chor. Sie lacht.\u201eHallo M\u00e4dels! Ihr k\u00f6nnt gleich mitkommen, dann zeige ich euch euer Zimmer.\u201cNachdem wir unsere Sachen abgeladen haben, holen Jessy und ich direkt ein Pferd von der Koppel f\u00fcr die erste Reitstunde. Denn Susi meint, jetzt sei es noch fr\u00fch und nicht ganz so hei\u00df f\u00fcr uns alle. W\u00e4hrend wir den polnischen Schimmel Silver an der Holzstange vor dem Haus anbinden, holen Nellie und Kathy das Putzzeug aus der Sattelkammer. \u201eSusi, reiten wir mit Sattel oder ohne?\u201c fragt Jessy.\u201eOhne. Nur den Damensattel k\u00f6nnt ihr direkt f\u00fcr Emma am Anfang drauf machen.\u201cSofort muss ich grinsen. Ich darf zu erst aufs Pferd! Ich bin zwar erst gestern mit Pancho ein bisschen geritten, einem fuchsfarbenen Quarterhorse, der bei Susi eingestellt ist, aber nat\u00fcrlich freue ich mich jedes Mal riesig dar\u00fcber. Seit Susi den Damensattel f\u00fcr mich gekauft hat, bin ich fast gar nicht mehr vom Stall weg zu kriegen. Vorher konnte ich n\u00e4mlich nicht richtig reiten. Wegen irgend so einer komischen Krankheit in der H\u00fcfte sind meine Beine so unbeweglich, dass ich nicht normal auf einem Pferd sitzen kann. Ich war schon ein paar Mal deswegen zu Operationen im Krankenhaus, aber damit l\u00e4sst sich wohl nur erreichen, dass ich nicht im Rollstuhl lande. Nachdem unsere Eltern Nellie und mir endlich nach jahrelangem Betteln das Reiten erlaubt hatten musste ich bedauerlicherweise nach k\u00fcrzester Zeit feststellen, dass meine kleine Schwester einfach viel bessere Fortschritte machte als ich, weil sie ihre Beine zum Reiten benutzen kann. Ich bin immer nur etwas hilflos da oben gesessen, bis Susi den genialen Einfall mit dem Damensattel hatte. Mit ihm komme ich super klar und muss keine Angst haben, im Galopp vom Pferd zu \u0001 \u0002 der Reitstunde \u00fcben wir nacheinander, verschiedene Bahnfiguren korrekt zu reiten und das Pferd selbstst\u00e4ndig vom Schritt in den Trab zu bewegen. Das ist auf dem Reitplatz gar nicht so einfach, denn Silver wei\u00df sehr genau, ob Anf\u00e4nger wie wir oder Fortgeschrittene auf ihm Sitzen. Wenn er keine Lust mehr hat, bleibt er einfach stehen oder marschiert ohne R\u00fccksicht auf Verluste r\u00fcckw\u00e4rts. Nach der Reitstunde sind wir alle nass geschwitzt und spritzen ihn und uns mit dem Gartenschlauch ab. Schlie\u00dflich entlassen wir ihn wieder zu seinen Freunden und st\u00fcrzen uns hungrig auf das Mittagessen, dass Susi in der Zwischenzeit vorbereitet hat. Den restlichen Tag \u00fcber lernen wir noch einige Theorie \u00fcber Pferde und am Abend d\u00fcrfen zwei von uns mit Susi noch einen kleinen Ausritt machen. Die anderen sind dann morgen \u0001 \u0002 helfen wir noch bei den anfallenden Arbeiten, wie das F\u00fcttern von Pferden, Hunden und H\u00fchnern, bereiten das Abendessen vor und lassen den Tag am Lagerfeuer \u0001 \u0002 n\u00e4chsten Tage verlaufen \u00e4hnlich wie der erste. Wir d\u00fcrfen sehr viel mit Susi ausreiten, zum Beispiel zum \u201eSemmeln holen\u201c in das Dorf hinein. Oder wir machen lustige Turn\u00fcbungen auf den Pferden, was man im Pferdesport Voltigieren nennt. Au\u00dferdem lernen wir, wie man S\u00e4ttel richtig pflegt, wie die verschiedenen Z\u00e4umungen hei\u00dfen und wie man sie zusammen baut. Es macht unglaublich viel Spa\u00df und wir genie\u00dfen die Zeit sehr. Am letzten Tag sind wir sehr traurig, dass die Woche so schnell vergangen ist, aber freuen uns gleichzeitig auf die weiteren Sommerferien. *Wieder zu Hause erwartet uns eine \u00fcberdimensionale Postkarte von Lu aus Kroatien. Sie berichtet von dem Urlaub mit ihren Eltern und bedauert sehr, nicht bei den Reitferien dabei gewesen sein zu k\u00f6nnen. Auf der Karte steht au\u00dferdem, dass sie gestern zur\u00fcck gekommen sein m\u00fcsste. Ich rufe sie gleich an und wir vereinbaren ein Treffen f\u00fcr den morgigen Tag. Auch Jessy bekommt Bescheid gesagt und Nellie kriegt das Telefonat sowieso \u0001 \u0002 Wiedersehensfreude ist riesig, obwohl wir uns nur zwei Wochen lang nicht gesehen haben. Wir fahren alle mit unseren R\u00e4dern an dem einzigen Fluss in dieser Gegend entlang, auf der Suche nach einer geeignete Stelle zum Baden. Diese Leidenschaft haben wir im vergangen Jahr entdeckt. Obwohl das Wasser, das direkt aus den Bergen kommt, eiskalt ist und das steinige Ufer um einiges unbequemer, als die Wiese im Freibad, gehen wir nirgends mehr lieber zum Baden hin. Endlich macht uns Nellie auf eine Stein-Insel am gegen\u00fcberliegenden Ufer aufmerksam. Da keiner Lust auf eine endlose Radtour in der Hitze hat, beschlie\u00dfen wir, uns an diesem Fleck nieder zulassen. Wir schieben unsere Fahrr\u00e4der an einen Baum und Jessy schlie\u00dft sie zusammen.\u201eIch geh vor!\u201c meint sie und hat schon Schuhe und Hose ausgezogen. Wir anderen tun es ihr gleich. Im G\u00e4nsemarsch klettern wir die B\u00f6schung hinunter und waten durch das Wasser auf die Insel. Mir geht es weit \u00fcber die Knie hinaus und so muss ich ganz sch\u00f6n gegen die Str\u00f6mung ank\u00e4mpfen, um nicht von ihr umgesto\u00dfen zu werden. Meinen Rucksack mit dem Handtuch und der Brotzeit habe ich gut hochgezogen, damit er keine Wasserspritzer abbekommt. Auf der Insel angekommen, sind wir erfreulicherweise unter uns. Es machen sich wahrscheinlich nicht so viele Menschen die M\u00fche, zum Sonnenbaden zuerst durch so einen kalten Fluss zu steigen. Wir machen es uns gem\u00fctlich und berichten uns gegenseitig ausgiebig von den bisherigen Ferienerlebnissen. Nellie meint nach einer Weile, dass unsere Getr\u00e4nke in der Sonne viel zu warm werden und so bauen wir einen kleinen Damm aus Steinen im Wasser, vor dem wir dann unsere Flaschen legen und vom Strom k\u00fchlen lassen.\u201eDu trinkst echt zu wenig, Emma. Was willst du mit so einer winzigen Flasche?\u201c kritisiert Lu mich, als ich meine Flasche mit einem Stein zu beschweren versuch.\u201eWarum?\u201c entgegne ich \u201ewenn sie leer ist, kann ich sie hier doch direkt wieder auff\u00fcllen.\u201c\u201eStimmt eigentlich...\u201cNellie sch\u00fcttelt ernergisch den Kopf. \u201eFaule Ausrede! Du nimmst doch immer nur so wenig mit.\u201cSpielerisch strecke ich ihr die Zunge raus und wir machen es uns wieder auf unseren Handt\u00fcchern \u0001 \u0002 vielleicht zwanzig Minuten in der Sonne versuche ich die anderen zu \u00fcberreden, mit ins Wasser zu kommen. Da jedoch noch keiner wirklich begeistert scheint, gehe ich kurzer Hand alleine. In so einem Fluss kann man nat\u00fcrlich nicht richtig schwimmen. Die Besonderheit ist, sich m\u00f6glichst lange von der Str\u00f6mung treiben zu lassen. Ich wandere daher ein gutes St\u00fcck flussaufw\u00e4rts, was nat\u00fcrlich barfu\u00df \u00fcber die spitzen Steine nicht sonderlich schnell geht. Irgendwann will ich nicht l\u00e4nger warten und taste mich bis zu einem m\u00f6glichst tiefen Punkt im Wasser vor. Als es meinen Bauch erreicht, muss ich mich wirklich ein bisschen \u00fcberwinden, weiter zu gehen. Es ist so eisig. Und das, obwohl absoluter Hochsommer ist! Ich sehe, wie die anderen mich genauestens beobachten. Also rei\u00dfe ich mich zusammen und rufe laut: \u201eIch komme jetzt!\u201c \u201eOkay!\u201c, schallt es zur\u00fcck und so kr\u00e4ftig ich kann, sto\u00dfe ich mich ab, hinein in die eisige Str\u00f6mung. Unwillk\u00fcrlich quietsche ich, als die kalte N\u00e4sse \u00fcber meinen Nacken schwappt. Doch nach den ersten Sekunden weicht der Schock schnell dem Spa\u00dffaktor. Die Str\u00f6mung ist sehr schnell an dieser Stelle und ich muss aufpassen, dass ich nicht \u201eden Ausstieg\u201c verpasse. Ich jauchze vor Begeisterung \u2013 auch um die M\u00e4dels ein wenig anzustecken \u2013 und tauche einige Male unter. Dann bin ich auch schon H\u00f6he des unteren Inselabschnitts angekommen. Um die Str\u00f6mung wieder zu verlassen, muss man sich umdrehen und schr\u00e4g gegen sie schwimmen. Das ist der Trick, den mit Lu einmal erkl\u00e4rt hat. Ich mache einige kr\u00e4ftige Z\u00fcge und gelange so ohne Probleme in flaches Gew\u00e4sser. Als ich die Steine am Grund mit H\u00e4nden und Knien ber\u00fchren kann, richte ich mich auf und stolpere bibbernd zu meinem Handtuch. \u201eEs war so super!\u201c schw\u00e4rme ich den anderen vor. \u201eIch will gleich nochmal. Wer kommt mit?\u201c Das scheint zu funktionieren und die drei schlie\u00dfen sich mir an. Erst als wir alle vor K\u00e4lte kaum noch unsere Finger bewegen k\u00f6nnen, gehen wir zur\u00fcck zu unseren Pl\u00e4tzen. \u201eJetzt habe ich aber echt Hunger!\u201c merkt Nellie an, nachdem wir nun wieder aufgew\u00e4rmt sind. Wir anderen stimmen ihr zu und packen unsere Brotzeit aus. Wie gew\u00f6hnlich ist Lu von ihrer Mama am besten ausgestattet worden. Sie hat frischen Apfelkuchen dabei. Mein einsamer Apfel, den ich mir nur schnell in den Rucksack gesteckt hatte, wirkt daneben etwas kl\u00e4glich. Aber genauso normal wie die Tatsache, dass Lu das leckerste Essen dabei hat, ist es, dass sie genug f\u00fcr alle hat. Und so packt sie noch eine zweite Dose aus und wir machen uns freudig \u00fcber den Kuchen her. Nellie und Lu haben au\u00dferdem die Flaschen wieder aus dem Wasser gefischt, deren Inhalt jetzt wunderbar k\u00fchl ist. Der Nachmittag ist lang, wir gehen noch einige Male ins Wasser und br\u00e4unen uns auf den \u0001 \u0002 wird es Abend. Es wird wohl noch eine ganze Weile dauern, bis die Sonne hinter den Bergen untergeht, doch wir sollen ja nicht zu sp\u00e4t nach Hause kommen.\u201eKommt, wir machen uns mal langsam auf den Weg, was meint ihr?\u201c, schlage ich vor und an Lu und Jessy gewandt: \u201eIhr k\u00f6nnt ja noch mit zu uns kommen.\u201cSo waten wir mit Sack und Pack zur\u00fcck an das andere Ufer zu unseren Fahrr\u00e4dern. Die Schuhe lassen wir aus, denn so k\u00f6nnen die F\u00fc\u00dfe trocknen und warm genug ist es ja eh. Eine Weile fahren wir bis zur Stra\u00dfe. Lu und Nellie voraus, Jessy und ich hinterher.\u201eJessy, ich muss dir etwas zeigen, wenn wir bei mir sind.\u201c Ich bem\u00fche mich, m\u00f6glichst unauff\u00e4llig zu klingen, damit die anderen beiden es nicht mitbekommen. Aber die unterhalten sich lautstark.\u201eEcht? Was denn?\u201c die Neugier in ihrer Stimme ist nicht zu \u00fcberh\u00f6ren.\u201eIch hab echte Zigaretten, von unseren Nachbarn.\u201c\u201eWaaaas?\u201c Ungl\u00e4ubig sieht sie mich an. \u201eDer hat dir die gegeben?\u201c\u201eJa - also ich meine nat\u00fcrlich nein! Der hat sie verloren im Hausflur und ich hab sie gefunden.\u201c\u201eOkay, ja krass! Aber m\u00fcssen wir mal machen, wenn deine Eltern nicht da sind. Nicht heute.\u201c\u201eNe, nat\u00fcrlich nicht.\u201cBei Jessy ist diese Information gut aufgehoben. Seit einiger Zeit rauchen wir heimlich zusammen unsere selbst-gebastelten \u201eTjaccos\u201c. Wir haben sie so genannt. Es sind einfach hohle H\u00f6lzchen, die wir auf Zigaretten-L\u00e4nge gestutzt haben und mit allem m\u00f6glichen Gr\u00fcnzeug f\u00fcllen. Sie riechen ein bisschen wie R\u00e4ucherst\u00e4bchen, nach frischer Kiefer oder verbrannten Gr\u00e4sern. Nat\u00fcrlich brennen sie nicht richtig, wir m\u00fcssen sie immer wieder an einer Kerze anz\u00fcnden. Auch sonst haben sie nicht viel mit echten Zigaretten gemeinsam, abgesehen von der Tatsache, dass zumindest wir sie rauchen. V\u00f6llig naheliegend also, dass ich meine erste richtige Zigarette auch mit Jessy rauchen \u0001 \u0002 und Nellie sind f\u00fcr solche Experimente nicht zu haben, im Gegenteil, sie w\u00fcrden versuchen, uns aufzuhalten. Au\u00dferdem ist Nel ja meine kleine Schwester, das k\u00f6nnte ich so oder so nicht mit ihr besprechen. Als wir in unsere Stra\u00dfe abbiegen, str\u00f6mt uns der herrliche Geruch von Gegrilltem entgegen. Wir stellen unsere Fahrr\u00e4der im Hinterhof ab und gehen dann direkt durch den Garten auf die Terrasse. Auf dem Grill liegt schon Fleisch und Mama stellt gerade eine gro\u00dfe Sch\u00fcssel Salat auf dem Tisch ab.\u201eAh, gut dass ihr da seid! Einer sagt mal bitte dem Papa Bescheid, dass das Essen fertig ist und der Rest holt Teller und Besteck.\u201cSie fragt gar nicht erst, ob unsere Freunde zum Essen bleiben wollen. Sie ist auch nicht \u00fcberrascht, dass sie da sind. Es ist v\u00f6llig normal geworden, dass sie ein und aus gehen. Lu und Jessy kennen wir schon eine gef\u00fchlte Ewigkeit und unsere Eltern sind auch miteinander befreundet. Manchmal fahren unsere Familien zusammen in den Urlaub oder unternehmen etwas \u0001 \u0002 darauf sitzen wir alle zum Essen am Tisch, erz\u00e4hlen von unserem Tag und reden \u00fcber dies und das. Lu wird von Mama \u00fcber ihren Urlaub ausgefragt und Papa fachsimpelt mit uns \u00fcber seine neuesten \u0001 \u0002 es ganz dunkel wird, m\u00fcssen Lu und Jessy jedoch los. Sie fahren noch wenige Kilometer mit dem Rad bis in die n\u00e4chste Ortschaft, in der sie \u0001 \u0002 geht ein langer Sommertag zu Ende und es sollen ihm noch viele weitere folgen. Wir machen tolle Unternehmnungen und kosten jede Stunde bis ins kleinste Detail aus. Ein H\u00f6hepunkt sind nat\u00fcrlich nach wie vor die Reitstunden, die w\u00e4hrend dieser hei\u00dfen Wochen auf den sp\u00e4ten Abend verlegt worden sind. Sommerferien bieten so endlos viel Zeit f\u00fcr spannende Dinge und k\u00f6nnen doch niemals zu lang sein.- Fortsetzung erstes Kapitel folgt -",
            "wordcount": "2.654",
            "chapter_release": "02.04.2016",
            "chapter_number": "2"
        },
        "3": {
            "text": "In der vierten Ferien-Woche hat Susi nach der Reitstunde eine \u00dcberraschung f\u00fcr uns.\u201eEmma, Nellie passt mal auf! Oben am See ist eine Koppel, auf die die Pferde ein paar Wochen lang sollen, um das Gras herunter zu fressen. Am Samstag werden wir sie also dahin reiten. Ihr k\u00f6nnt euch \u00fcberlegen, ob ihr mitkommen wollt. Sagt mir dann schnell Bescheid!\u201c Sie dr\u00fcckt jedem noch einen Zettel in die Hand, auf dem alle Infos zu dem eint\u00e4gigen Wanderritt auch f\u00fcr die Eltern stehen. Es kostet gar nicht so viel, aber ich habe mein gesamtes Taschengeld f\u00fcr die Reitwoche zu Beginn der Ferien ausgegeben. Auf dem Heimweg diskutieren Nel und ich dar\u00fcber, wie wir unsere Eltern am besten \u00fcberreden, dass wir zu dem Ritt mit k\u00f6nnen. Unser erster Wanderritt! Wie toll w\u00e4re das denn?Beim Abendessen platze ich mit den Neuigkeiten heraus. Nellie schlie\u00dft sich direkt an und mit leuchtenden Augen malen wir uns vor unseren Eltern aus, wie cool doch so ein Wanderritt w\u00e4re und was wir alles erleben w\u00fcrden. Mama ist etwas skeptisch und meint, dass wir doch schon so viel geritten sind in diesem Sommer. Nach einer Weile fragt Papa endlich, was es denn kosten w\u00fcrde. Begeistert legt Nellie ihm den Zettel vor und wir werfen nochmal s\u00e4mtliche guten Argumente f\u00fcr unsere Teilnahme an diesem Ritt in den Raum. Ich wei\u00df, dass unsere Eltern uns dieses Erlebnis gerne g\u00f6nnen und das Geld auch nicht eine so gro\u00dfe Rolle spielt. Aber sie m\u00f6chten, dass wir lernen, vern\u00fcnftig damit umzugehen und Dinge nicht einfach als gegeben hinzunehmen. Deshalb ist eine gute Argumentation das A und O in solch einer Diskussion. Auch Eigeninitiative ist gefragt. Ich schlage also vor, dass wir auf das n\u00e4chste Taschengeld verzichten und somit den Ritt quasi selbst bezahlen. Papa schaut Mama an und langsam scheinen die beiden einzulenken. \u201eAlso,\u201c f\u00e4ngt er an, \u201edieser Wanderritt scheint euch ja sehr wichtig zu sein.\u201c\u201eJaaa!\u201c, antworten wir wie aus einem Mund.\u201eIch h\u00e4tte da einen Vorschlag...\u201c. Erwartungsvoll schauen wir ihn an. \u201eN\u00e4chste Woche habe ich einige Kletterkurse mit Grundschulklassen. Da k\u00f6nntet ihr helfen und euch das Geld selbst verdienen. Und wir strecken es euch f\u00fcr den Ritt am Samstag vor. Was meint ihr?\u201c Er zwinkert uns zu und Mama nickt zustimmend. Freudestrahlend fallen wir ihm und Mama um den Hals und bedanken uns \u0001 \u0002 dem Essen rufe ich direkt Susi an und sage ihr, dass Nellie und ich am Samstag mitkommen d\u00fcrfen. Anschlie\u00dfend verbarrikatieren wir uns in meinem Zimmer und machen es uns mit einem Stapel Pferdefachb\u00fcchern auf meiner Couch gem\u00fctlich. \u201eWas meinst du, wen wir reiten werden?\u201c frag Nellie.\u201eIch wei\u00df nicht. Wegen dem Sattel kann ich ja eigentlich nur Pancho oder Silver nehmen. Aber vielleicht wird Pancho von seiner Besitzerin selbst geritten.\u201c\u201eIch w\u00fcrde gerne Faya reiten. Die ist sooo h\u00fcbsch!\u201c Faya ist eine kleine Araberin, ein Apfelschimmel, die noch recht jung ist. Sie war das Fohlen einer Stute, die Susi mal geh\u00f6rte und sie hat sie selbst gro\u00df gezogen. Sie hat diesen f\u00fcr Araber typischen Hechtkopf und gro\u00dfe Kulleraugen. Sie ist wirklich h\u00fcbsch.\u201eStimmt. Aber die ist doch noch in der Ausbildung, die darfst du bestimmt nicht auf so einem langen Ritt nehmen.\u201c Nellie nickt zustimmend. \u201eKann gut sein. Diabolo reitet bestimmt Susi. Dann werde ich wohl Brunni nehmen m\u00fcssen. Aber egal, die ist auch nicht so langsam.\u201c Brunni ist die lustige Haflingerstute, etwas rundlich und nat\u00fcrlich nicht so elegant wie ein Warm- oder Vollblut. Sie geh\u00f6rt auch nicht Susi, aber von ihren Besitzern haben wir bisher noch nie etwas geh\u00f6rt, die steht bestimmt zur \u0001 \u0002 einem Buch lesen wir, auf was man so beim Wanderreiten achten muss und welche Pferderassen sich besonders dazu eigenen. Nachdem wir alles genauestens studiert haben, entschlie\u00dfen wir uns, keine Reitstiefel sondern feste Bergschuhe zu tragen, falls wir zwischenzeitlich die Pferde ein St\u00fcck f\u00fchren m\u00fcssen. Aber nat\u00fcrlich bleibt es Reithosen und \u0001 \u0002 Vorfreude kuscheln wir uns irgendwann in unsere Betten und ich tr\u00e4ume davon, wie wir uns zu zweit mit dem Pferden im Wald verirren und dann ganz alleine tagelang dort \u00fcberleben m\u00fcssen und nat\u00fcrlich ganz viel reiten. Was ein Abenteuer!*Die Woche vergeht und erwarungsvoll r\u00fcsten wir am Samstagmorgen unsere Pferde. Nellie und ich werden tats\u00e4chlich Brunni und Silver reiten. Susi nimmt Diabolo und mit ihm die zwei Wallache Rabdan und Nemo, die nicht geritten werden, an die Hand. Au\u00dferdem kommt Pancho mit seiner Besitzerin mit und ein \u00e4lteres M\u00e4dchen, die schon lange und gut reitet, darf die h\u00fcbsche Faya nehmen. Bevor wir los ziehen, bekommt jedes Pferd Satteltaschen verschnallt, in denen wir Stricke und Brotzeit verpackt haben. Au\u00dferdem hat Susi Hufkratzer und Notfallverbandszeug eingepackt. Wenn wirklich etwas passieren sollte, sind wir ja zum Gl\u00fcck nicht fernab von allem und mit dem Auto ist die Strecke auch recht schnell zu \u0001 \u0002 sitzen auf und unsere kleine Karawane setzt sich in Bewegung. Auf der Stra\u00dfe drehe ich mich noch einmal um. Das G\u00e4rtnereigel\u00e4nde sieht ganz sch\u00f6n verlassen aus, so ganz ohne Pferde!Unser Weg f\u00fchrt eine ganze Weile an der Stra\u00dfe entlang und durch zwei kleinere Ortschaften. So wirklich an der Stra\u00dfe bin ich zuvor noch nicht geritten. Susi gibt uns regelm\u00e4\u00dfig Anweisungen, wie wir uns korrekt verhalten. Ich finde es sehr spannend, denn hier an der Stra\u00dfe ist viel los und es k\u00f6nnten mich zum Beispiel Klassenkameraden sehen. Ich f\u00fchle mich richtig erwachsen, so selbst\u00e4ndig ein gro\u00dfes Pferd durch den Ort reitend. Als wir ihn verlassen haben, machen wir hin und wieder kurze Pausen und lassen die Pferde am Wegesrand grasen. Wir ziehen an vereinzelten H\u00e4usern und Weiden vorbei, treffen auf Fu\u00dfg\u00e4nger und Radfahrer und genie\u00dfen die herrliche Landschaft um uns herum. Ich sauge jeden Eindruck mit allen Sinnen auf, um dieses Erlebnis f\u00fcr alle Ewigkeiten in meinem Ged\u00e4chtnis abzuspeichern. Mit Panchos Besitzerin unterhalte ich mich ein wenig \u00fcber dies und das, wie das eben Erwachsen so tun. Ich bin froh, dass Silver im Gro\u00dfen und Ganzen brav geht und nicht wie Brunni st\u00e4ndig fressen will. Susi achtet streng darauf, dass wir die Pferde nur auf unser Kommando hin grasen lassen. Man muss da ganz sch\u00f6n aufpassen. Gerade Brunni findet jeden Grashalm unwiderstehlich und w\u00fcrde sich wohl freiwillig nicht davon trennen. Nellie hat da echt mit ihr zu k\u00e4mpfen und bleibt deshalb immer wieder etwas zur\u00fcck. Susi sagt, Reiten sei in erster Linie eine Konzentrationssache. Ein schlaues Pferd merke sofort, wenn sein Reiter nicht aufpasst und kann die Situation dann schamlos ausnutzen.\u201eIhr m\u00fcsst immer einen Schritt weiter denken, als das Pferd\u201c, erkl\u00e4rt sie uns. \u201eIhr f\u00fchrt es, ihr seid sein Herdenchef. Also m\u00fcsst ihr euch auch so verhalten. Denn warum sollte ein Pferd einem Chef folgen, der selbst gar keinen \u00dcberblick hat?\u201cWie eigentlich alles zum Thema Pferde speichere ich ihre Worte in meinem Kopf ab und versuche sie, so gut es geht, umzusetzen. Ganz verstehe ich sie allerdings nicht. Ich habe ja wirklich keinen \u00dcberblick dar\u00fcber, wo wir entlang reiten. Den hat doch Susi. Und wie soll ich ein Pferd f\u00fchren, wenn ich im Sattel sitze? Vorerst beschr\u00e4nke ich mich also darauf, aufzupassen, dass Silver keine unerlaubten Pausen macht und auf der richtigen Seite geht. Viel Zeit, dar\u00fcber nachzudenken bleibt mir sowieso nicht, denn hinter der n\u00e4chsten Kurve k\u00fcndigt Susi einen kleinen Galopp an. Galoppieren ist f\u00fcr mich immer das H\u00f6chste. Es ist ein unbeschreibliches Gef\u00fchl, von so einem kr\u00e4ftigen Tier schwungvoll ein St\u00fcckchen Richtung Himmel getragen zu werden. Ich liebe es \u0001 \u0002 lenken unsere Pferde auf die Wiese neben dem Weg, damit der Untergrund nicht so hart f\u00fcr ihre unbeschlagenen Hufe ist. Immerhin verdreifacht sich unser Gewicht auf sie im Galopp. Dann gibt Susi das Zeichen und ich gebe mit meinem einseitigen Schenkel Silver das Kommando zum Laufen. Er springt nicht sofort an, erst als sich Faya und Pancho vor ihm in Bewegung setzen, gleitet er in seinen butterweichen Schaukelpferdgang. Zur Belohnung lasse ich sofort die Z\u00fcgel lang. Au\u00dferdem hat Susi gesagt, dass meine Hand noch zu unruhig ist, um die Z\u00fcgel in dieser schnellen Gangart anzunehmen. Ich w\u00fcrde nur unn\u00f6tig im Pferdemaul herumziehen. Als Silver ein wenig langsamer wird, ermutige ich ihn mit meinem Schenkel, noch weiter vorw\u00e4rts zu laufen. Am Ende der Wiese schnaubt er ab und pariert brav durch in den \u0001 \u0002 reite ich eine Weile neben dem M\u00e4dchen auf Faya und sie erkl\u00e4rt mir, dass ich die Gedanken des Pferdes an seinen Ohren lesen kann. \u201eWenn er wenigstens ein Ohr zu dir nach hinten gedreht hat, achtet Silver darauf, was du von ihm willst. Du siehst auch, wenn die Ohren nicht bei dir sind, dass er vielleicht auf einen Grasb\u00fcschel zusteuert.\u201c Diese Erkl\u00e4rung \u00fcber die Funktion der Ohren finde ich gut, damit kann ich etwas anfangen. Sie wird mit sofortiger Wirkung ein wichtiges Kriterium f\u00fcr mich, Reiter mit ihren Pferden zu \u0001 \u0002 einer ausgiebigen Mittagspause f\u00fcr uns und die Pferde kommen wir langsam am Fu\u00df des Berges an, an dem der See und unser Ziel liegt. Wir sind alle erleichtert, aus der prallen Sonne in den wohltuenden Schatten des Waldes zu kommen. Nur wenige Spazierg\u00e4nger kreuzen hier unseren Weg und wir haben immer mal wieder die Gelegenheit, kurze Strecken bergauf zu \u0001 \u0002 Stunden vergehen und irgendwann sind wir nur noch wenige Kehren von der Koppel entfernt. Als wir an eine weitere Wiese kommen, laufen unsere Pferde entspannt nebeneinander. Ich drehe gerade meinen Kopf zur Seite, als ich sp\u00fcre, wie Silver unter mir s\u00e4mtliche Muskeln anspannt. Bevor ich darauf reagieren kann, setzt er sich in Bewegung und galoppiert kr\u00e4ftig davon. Susi ruft mir noch nach, ich solle durchparieren. Panisch ziehe ich an den Z\u00fcgeln, aber daf\u00fcr ist es zu sp\u00e4t. Silver hat die F\u00fchrung \u00fcbernommen und ich sitze hilflos auf dem Pferder\u00fccken. Blo\u00df jetzt nicht runterfallen! Mein einziger Gedanke gilt dem Obenbleiben. Die Landschaft fliegt an mir vorbei und w\u00fcrde diesem ungeplanten Flug nicht mein v\u00f6lliger Kontrollverlust zu Grunde liegen, w\u00e4re es vielleicht sogar ganz sch\u00f6n. So aber wei\u00df ich \u00fcberhaupt nichts mehr. Silver l\u00e4uft so schnell, dass ich mich nicht richtig halten kann und so werde ich kr\u00e4ftig durchgesch\u00fcttelt. Krampfhaft halte ich mich mit beiden H\u00e4nden am oberen Sattelhorn fest. Doch dadurch versteife ich meinen R\u00fccken und kann die Bewegungen nicht mehr abfedern. Wie ein Flummi h\u00fcpfe ich auf Silvers R\u00fccken auf und ab und bin kurz davor, mich einfach fallen zu lassen. Idiotischerweise schie\u00dfen mir genau in diesen Minuten h\u00f6chster Anspannung die Worte der Faya-Reiterin durch den Kopf. Ich schaue auf Silvers Ohren. Unbeweglich sind sie gerade aus gerichtet, als w\u00fcrden sie etwas \u0001 \u0002 wei\u00df genau, wohin er l\u00e4uft! Wenigstens Silver wei\u00df genau, was er tut. Die Erkenntnis kommt blitzartig und ich empfinde sie in diesem Moment als so erleichternd, dass ich mich tats\u00e4chlich entspannen kann. Ich lasse das Sattelhorn los, nehme die Bewegung des Pferdes wieder auf und gebe unbewusst in den Z\u00fcgeln nach. Sofort entspannt sich auch das Pferd und automatisch verlangsamt es sein Tempo. Ein beruhigendes \u201eHooo!\u201c meinerseits bringt es schlie\u00dflich schwer atmend zum Stehen. Ich atme erleichter aus. Geschafft!Keine Minute sp\u00e4ter ist Diabolo mit Susi neben mir. Ich habe gar nicht gemerkt, dass sie mir gefolgt ist. Die Handpferde wird sie wohl jemand anderem gegeben haben, um mich bzw. Silver einfangen zu k\u00f6nnen.\u201eAlles in Ordnung?\u201c kommt schon ihre erste Frage. \u201eJa, jetzt wieder\u201c, antworte ich mit einem schr\u00e4gen \u0001 \u0002 lacht. \u201eDann ist ja gut. Du musst besser aufpassen.\u201c Und an Silver gewandt: \u201eHast wohl auch endlich kapiert, wo es hin geht, alter Bursche, was?\u201cDann erst bemerke ich, wo wir angehalten haben. Vor uns liegt eine schmale Stra\u00dfe, an die riesige Wiesen mit saftig gr\u00fcnem Gras grenzen. Da muss die Koppel sein. Silver hat den Weg dahin erkannt. Mir wird klar, dass ich noch sehr viel \u00fcber Pferde lernen \u0001 \u0002 anderen haben uns inzwischen eingeholt und wir \u00fcberqueren gemeinschaftlich die Stra\u00dfe. Vor einem Holzschuppen steigen wir ab und f\u00fchren unsere Pferde zum Zaun. Meine Glieder schmerzen, doch bevor wir uns entspannen k\u00f6nnen, werden die Pferde versorgt. Ich befreie Silver von Sattel und Trens. Susi kontrolliert mit uns noch kurz, ob sich ein Pferd irgendwelche Verletzungen an den Hufen zugezogen hat und dann d\u00fcrfen sie endlich auf ihre Koppel. In alle Himmelsrichtungen st\u00fcrmen sie davon. Sie toben einige Zeit wild umher und werfen sich dann genussvoll in das kniehohe Gras. Sie w\u00e4lzen sich von einer Seite zur anderen und strecken buchst\u00e4blich alle Viere von sich. Das w\u00fcrde ich jetzt auch gerne. Zufrieden schaue ich mir diese wundervollen Tiere an. Sie wirken so frei und gl\u00fccklich, wie sie da miteinander spielen und gegen die untergehende Sonne galoppieren. Jedes Pferd sollte auf so einer Wiese \u0001 \u0002 f\u00fcr diesen ereignisreichen Tag und auch etwas ersch\u00f6pft machen wir uns schlie\u00dflich auf den Heimweg. Wir fahren mit dem Auto, das Susi zuvor hier geparkt hat, zur\u00fcck zum Stall. F\u00fcr das \u201eechte Wanderrittfeeling\u201c d\u00fcrfen Nellie und ich heute hier \u00fcbernachten und morgen ganz in der Fr\u00fch noch einen Ausritt um den See machen. Nach dem Abendessen fallen wir sofort hundem\u00fcde ins Bett. Kurz darauf bin ich auch schon im Land der Tr\u00e4ume.* Eine feuchte Nase weckt mich am anderen Morgen. Die H\u00fcndin Shila ist zu uns ins Bett gekrochen und wuselt zwischen Nellie und mir \u00fcber die Matratze. \u201eAufstehen, ihr Schlafm\u00fctzen!\u201c, begr\u00fc\u00dft uns Susi aus dem \u0001 \u0002 bin ich hellwach und auch Nellie hat sich im Bett aufgerichtet. Sie streichelt schl\u00e4frig \u00fcber den Hundekopf. Inzwischen sind auch die beiden anderen Hunde Josie und Celly dazu gekommen und rollen sich von einer Seite des Bettes auf die \u0001 \u0002 ziehe ich mich an und bin Gedanken schon wieder bei den Pferden auf der gro\u00dfen Koppel. Wenig sp\u00e4ter sitzen wir zu dritt im Auto auf dem Weg dorthin. Es ist noch dunkel drau\u00dfen und Susi erkl\u00e4rt, dass sp\u00e4ter am Morgen schon zu viele Leute am See seien. Au\u00dferdem k\u00e4men mit der Hitze auch die M\u00fccken und Bremsen hervor und dann mache das Reiten keinen Spa\u00df. Unterwegs h\u00e4lt sie noch an einem B\u00e4cker und dr\u00fcckt uns beiden je ein Croissant in die Hand. Hungrig bei\u00dfe ich hinein. An der Koppel angekommen, sehe ich schon von Weitem unsere Pferde. Durch Silvers wei\u00dfes Fell sind sie gut in der D\u00e4mmerung zu erkennen. Die anderen Pferde stehen nicht weit von ihm. Er ist der Herdenchef. Auf dem kleine Parkplatz steht das Auto von Panchos Besitzerin. Sie wird wohl mit kommen. Das bedeutet f\u00fcr mich wieder, Silver zu reiten.\u201eWen m\u00f6chtest du heute reiten?\u201c fragt Susi Nel.\u201eIch.. \u00e4m.. darf ich Faya nehmen?\u201c, antwortet sie etwas verdutzt. Sie hatte sich bestimmt schon wieder auf Brunni eingestellt, aber so eine Gelegenheit w\u00fcrde ich mir auch nicht entgehen \u0001 \u0002 zieht eine Augenbrauch hoch, sagt aber nur: \u201eOkay. Gucken wir mal, wie es klappt.\u201cNellie strahlt \u00fcbers ganze Gesicht und auch ich freue mich jetzt richtig auf den \u0001 \u0002 steigen aus und holen Halfter und Stricke aus dem Kofferraum. Zusammen gehen wir alle auf die Koppel. Das Gras ist noch nass vom Tau und ich sp\u00fcre die Feuchtigkeit durch meine Hose dringen. Es st\u00f6rt mich nicht. Am Horizont wird es allm\u00e4hlich heller. Panchos Besitzerin ist stehen geblieben. Etwas verwundert gehe ich weiter. \u201ePanchoooooo!\u201c, ert\u00f6nt dann ein Rufen hinter mir und ich sehe, wie das fuchfarbene Quarterhorse den Kopf hebt. Es schaut in unsere Richtung und ohne weiter zu \u00fcberlegen l\u00e4uft es im gestreckten Galopp auf die rufende Frau zu. V\u00f6llig perplex bleibe ich stehen und beobachte die Szene. Sie gibt dem Pferd ein St\u00fcck Karotte und legt ihm das Halfter \u0001 \u0002, denke ich mir. Wenn ich sp\u00e4ter mal ein eigenes Pferd habe, werde ich das auch mit ihm \u00fcben. Das ist ja total cool!Dann l\u00f6se ich mich aus meinen Tagtr\u00e4umen und wandere weiter auf die Herde zu, die unbeeindruckt von Panchos Performance weiter grast. Vor Silver bleibe ich stehen und er hebt den Kopf. Ich fahre mit meinen H\u00e4nden \u00fcber seinen schneewei\u00dfen seinen Hals und lege ihm das Halfter an. Wir binden unsere Pferde am Zaun fest. Viel zu Putzen gibt es nicht, denn der Tau in der Nacht hat allen Schmutz abgewaschen. Kurze Zeit sp\u00e4ter sitzen wir im Sattel und reiten schweigend das letzte St\u00fcck zum See hinauf. Die Tiere des Waldes schlafen schon lange nicht mehr und wir lauschen einem fantastischen Vogelkonzert. Der Waldboden federt die Tritte der Pferde ab und die aus allen Richtungen herbei str\u00f6mende Morgenstimmung wird von ihrem leisen Schnauben \u0001 \u0002 letzte Steigung ist \u0001 \u0002 den B\u00e4umen glitzern uns die ersten Sonnenstrahlen auf dem Wasser entgegen. Dann lichtet sich der Wald und wir blicken auf das t\u00fcrkisblaue Gew\u00e4sser. In ihm spiegeln sich die schneebedeckten Gipfel der Berge und die ganze Oberfl\u00e4che funkelt, als w\u00e4re sie aus Gold. Der Anblick ist atemberaubend sch\u00f6n. Niemand wagt es, diesen Moment durch \u00fcberfl\u00fcssige Worte zu st\u00f6ren und so lassen wir die Pferde einfach laufen, gefesselt vom Anblick des \u0001 \u0002 bewegen uns weiter entlang dem Waldesrand, dessen Boden mit smaragdgr\u00fcnem Moos ges\u00e4umt ist. Mich w\u00fcrde es nicht wundern, wenn hier gleich irgendwelche Trolle und Elfen herumtanzen oder hinter dem n\u00e4chsten Fels ein Einhorn hervor guckt. Vor einer Br\u00fccke halten wir an. Susi durchbricht die Stille und macht uns darauf aufmerksam, dass wir einzelnd \u00fcber die Br\u00fccke hin\u00fcber reiten. Sie ist lang und schmal und es kann sein, dass ein Pferd davor scheut. Wir sollen keine Angst haben und die Br\u00fccke selbstbewusst \u0001 \u0002 ist als erstes auf der anderen Seite. Diabolo w\u00fcrde mit Susi wohl \u00fcberall hin gegen. Als n\u00e4chstes geht Nellie mit Faya, die durchaus etwas skeptisch gegen\u00fcber dem knarzenden Steg ist. Doch mit etwas Geduld l\u00e4sst sie sich zum anderen Ufer hin \u0001 \u0002 bin ich dran. Da ich ja schon gelernt habe, dass Silver manchmal den besseren \u00dcberblick \u00fcber eine Situation hat als ich, lenke ich ihn nur auf den Steg zu und treibe ihn unbeirrt weiter, als er etwas langsamer wird. Vorsichtig setzt er einen Huf auf das Holz und dann lasse ich ihn am langen Z\u00fcgel zur anderen Seite gehen. Der See unter uns ist so klar, dass ich jeden einzelnen Stein am Grund sehen kann. Ich f\u00fchle mich noch immer, wie in eine andere Welt hinein versetzt. Als letztes folgt Pancho \u00fcber den Steg. Er sieht die Sache nicht so gelassen wie die anderen drei Pferde, aber scheint sich schlie\u00dflich dazu zu entscheiden, seiner Reiterin und den vorangegangenen Artgenossen zu vertrauen. Es folgt ein herrlicher Ausritt um den See. Wir galoppieren viel und begegnen nur wenigen fr\u00fchmorgendlichen \u0001 \u0002 Ende f\u00fchren wir die Pferden den Berg hinab zur Koppel und verabschieden uns von ihnen.*In den kommenden Wochen finden die Reitstunden als Ausritte um den See herum statt und ich bewahre jeden einzelnen Moment dieser Zeit wie einen kostbaren Schatz in mir \u0001 \u0002 sind die Schulferien vorbei und statt grenzenloser Freiheit und langen Sommerabenden, warten Latein und Algebra auf mich. Ein wenig grauer als sonst ist nun der Schulalltag, weil Jessy und ich in verschiedene Klassen eingeteilt wurden. Trotzdem genie\u00dfe ich den Sp\u00e4tsommer in vollen Z\u00fcgen, ganz besonders bei den Pferden. Au\u00dferdem haben Lu und Jessy jetzt mit Nellie und mir zusammen Reitunterricht, sodass wir uns wenigstens da regelm\u00e4\u00dfig sehen. Doch wie das Leben nun einmal spielt, weichen auch diese letzten Sommertage den ersten bunten Bl\u00e4ttern und die Pferde siedeln wieder in die alte G\u00e4rtnerei um. Mit jedem Tag wird es nun ein kleines bisschen \u0001 \u0002 Herbst kommt.",
            "wordcount": "3.205",
            "chapter_release": "02.04.2016",
            "chapter_number": "3"
        },
        "4": {
            "text": "Zweites Kapitel: KindertageEs ist dunkel, aber irgendetwas hat sich ver\u00e4ndert. Hilfe, was ist das? Ich versuche zu schreien, aber es kommt nur ein j\u00e4mmerlicher, undefinierbarer Laut aus meiner Kehle. Ich bin kurz davor, endg\u00fcltig in Panik auszubrechen, als etwas warmes, feuchtes \u00fcber mich streicht. Mit einem Mal f\u00fchle ich mich so unglaublich warm und geborgen. Dieses Gef\u00fchl soll nie wieder aufh\u00f6ren! Das warm-feuchte Etwas ist \u00fcberall gleichzeitig und pl\u00f6tzlich, ohne dass ich es gemerkt habe, hat es mich vollst\u00e4ndig aus der sch\u00fctzenden H\u00fclle befreit. Emp\u00f6rt m\u00f6chte ich widersprechen, doch bevor ich meine Stimme erheben kann, stupst mich etwas Weiches im Gesicht. Sofort stellt sich das Gef\u00fchl der Geborgenheit wieder ein. Ich f\u00fchle mich so sicher, dass ich ganz langsam versuche, meine Augen zu \u00f6ffnen. Glei\u00dfendes Licht blendet mich und ich muss sie sofort wieder schlie\u00dfen. Doch diese sanft stupsende Geborgenheit l\u00e4sst mich mutiger werden und irgendwann fange ich endlich an zu sehen. Das, was ich vor mir erblicke, sollte sich f\u00fcr immer in mein Ged\u00e4chtnis einbrennen. Es ist so wundersch\u00f6n! Ich wusste nicht, dass Sehen so sch\u00f6n sein kann. Vor mir ist die personifizierte Geborgenheit. Ich sehe diesen Samt vor mir. Er ist schwarz, so wundersch\u00f6n schwarz. Ein nicht zu unterdr\u00fcckender Impuls l\u00e4sst mich ihn augenblicklich ber\u00fchren. Ein freudiges Schnauben und wieder diese W\u00e4rme kommt mir entgegen. An seinen R\u00e4ndern f\u00e4rbt sich der Samt in ein wohliges Rostbraun und l\u00f6st sich auf in in eine Stirn. Und dann sehe ich sie: Ihre Augen! In ihnen steht so viel Liebe geschrieben, wie es wohl niemals wieder ein Gesch\u00f6pf f\u00fcr mich empfinden \u0001 \u0002 ist alles so klar! Ich \u0001 \u0002 ich habe Hunger!Mit einem unsicheren Wiehern mache ich meine Mama darauf aufmerksam. Sie schnaubt belustigt und stupst mich erneut an. Diesmal aber an meinem anderen Ende! Ich bin mir nicht ganz sicher, was das zu bedeuten hat und versuche, meinen Hals in ihre Richtung zu drehen. Das Stupsen wird fordernder und zwischenzeitlich zwickt mich der schwarze Samt sogar. Mit einigem Erstaunen f\u00e4llt mir auf, dass ich auch meinen restlichen K\u00f6rper bewegen kann. Ich zappel mit meinen Beinen, bis ich Halt unter mir finde, etwas, an dem ich mich absto\u00dfen kann. Ich hole Schwung und \u2013 finde mich wieder in der selben Position wie zuvor. Ein zweites Mal nehme ich alle Kr\u00e4fte zusammen und dr\u00fccke mich vom Boden ab. Es.. es klappt! Vor Begeisterung verliere ich glatt das Gleichgewicht und bin abermals zu dicht am Erdboden. Aber jetzt wei\u00df ich ja, wie es geht. Unbeirrt sto\u00dfe ich mich ein drittes Mal vom Untergrund ab \u2013 mit etwas weniger Schwung als zuvor \u2013 und gelange endlich auf meine vier \u0001 \u0002 habe ich aber wirklich Hunger! Meine kluge, sch\u00f6ne Mama wei\u00df das und stellt sich ganz nah an mich heran, damit ich nicht mehr so weit gehen muss. Vorsichtig setzte ich einen Huf nach dem anderen St\u00fcck f\u00fcr St\u00fcck nach vorne, immer das Ziel im Blick. Endlich kann ich mit meinem Maul das Euter fassen und die s\u00fc\u00dfliche Nahrung aufsaugen. Es schmeckt wunderbar! Alles hier ist wunderbar!Zufrieden und mit vollem Bauch lehne ich meinen Kopf an Mama's Beine. Ihr Schweif pendelt gelassen vor meinem Gesicht sodass mich keine umher schwirrenden Fliegen st\u00f6ren. Das Gras, auf dem wir stehen, ist hoch und bunt. Ich beobachte, wie sich eine dicke, schwarz-gelbe Fliege vor mir auf ein buntes Grashalm-Ende setzt. Es sieht lustig aus. Vorsichtig, um das kleine Ding nicht zu erschrecken, gehe ich einen Schritt auf es zu. Ich strecke meine Nase aus und taste mich ganz langsam zu dem lustigen Fliegen-Ding vor. Ich bin fast auf seiner H\u00f6he, da summt es eilig davon. Schade! Wie konnte es mich bemerken? Ich war doch so vorsichtig! Traurig gucke ich ihm \u0001 \u0002 kleiner Stupps lenkt mich von der schwarz-gelben Fliege ab. Mama hat sich zu mir umgedreht und deutet mir an, dass ich mitkommen soll. Sie geht z\u00fcgig los und ich muss mich beeilen, ihr folgen zu k\u00f6nnen. Noch ein bisschen unsicher stolpere ich zwischen den Gr\u00e4sern herum. Eigentlich will ich viel lieber stehen bleiben und mir die bunten Farben angucken, aber Mama dr\u00e4ngt mich, weiter zu gehen. Jetzt sehe ich auch, warum. Vor uns sind andere. Ganz viele. Sie laufen alle in die selbe Richtung und es scheint wichtig zu sein, dass wir zu ihnen dazu sto\u00dfen. Sie laufen schneller, Mama l\u00e4uft schneller und ich laufe auch schneller. Ich beeile mich, so gut es geht neben ihr zu bleiben. Pl\u00f6tzlich sehe ich welche von den anderen an meiner Seite und sogar hinter uns sind einige. Staunend sehe ich sie mir an. Da sind Gro\u00dfe und Kleine und alle sind unterschiedlich. \u00dcber die Kleinen freue ich mich besonders. Die sind wie ich. Ich muss mir die mal genauer ansehen, wenn wir aufgeh\u00f6rt haben, zu laufen. Doch als wir zum Stillstand kommen, knicken meine Beine unter mir ein und ich muss augenblicklich schlafen. In meinem Traum sehe ich immer wieder Mama's schwarzen Samt, ihre rostbraune Stirn und das Euter vor mir. Die Geborgenheit ist mein st\u00e4ndiger \u0001 \u0002 Kitzeln in der Nase weckt mich. Ich sch\u00fcttele leicht den Kopf, um dieses Kribbeln wieder los zu werden. Als ich die Augen \u00f6ffne, sehe ich meine Mama, nur wenige Meter von mir entfernt. Sie hat ihren Kopf in die Gr\u00e4ser gesteckt und isst. Mein zweiter Tag in dieser Welt liegt vor mir. Was ich wohl alles erleben werde? Die Sonne w\u00e4rmt mein Fell und die vom Gras feucht gewordenen Stellen trocknen bald. Ich bleibe noch einige Atemz\u00fcge liegen, dann springe ich auf. Dieses Mal klappt es auf Anhieb und ohne Probleme. Meine Beine tragen mich zu Mama's Euter, als h\u00e4tten sie noch nie etwas anderes getan. Gierig trinke ich die Milch. Anschlie\u00dfend bin ich voller Tatendrang und mache mich auf, meine Umgebung ein wenig zu erkunden. Weit und breit wachsen Gr\u00e4ser und vereinzelt stehen auf ihnen unsere Familienmitglieder und grasen. Irgendwo in der Ferne sind B\u00e4ume und verbergen die Sicht auf das, was dahinter sein mag. Zwei, vielleicht drei, Spr\u00fcnge von mir entfernt, entdecke ich zwei V\u00f6gel in der Wiese. Unauff\u00e4llig gehe ich n\u00e4her an sie heran, um sie besser beobachten zu k\u00f6nnen. Sie scheinen sich um ein glibschiges, braunes Ding zu streiten. Merkw\u00fcrdig. Was sie daran wohl finden? Beim n\u00e4heren Betrachten stelle ich fest, dass das Ding sich biegt und windet. Es lebt ganz offensichtlich und f\u00fchlt sich nicht wohl zwischen den Schn\u00e4beln der beiden Zankenden. Ich gehe noch einen Schritt dichter auf diese interessante Formatierung zu, als einer der beiden es sich anders zu \u00fcberlegen scheint und Richtung Himmel flattert. Der andere \u00fcberlegt wohl fieberhaft, ob er riskieren soll, mit seiner dicken Beute zu fliehen oder sie mir zur\u00fcck zu lassen. Ich finde es lustig. Sehr gerne w\u00fcrde ich Kopf des kleinen glibschig-braunen Dings begutachten, aber so sehr ich mich auch bem\u00fche, ich sehe keinen. Irgendwann fleigt auch dieser Vogel davon und hat das Ding mitgenommen. Er landet aber nicht weit von mir, nur weit genug, dass ich ihn nicht mehr richtig sehen kann. Gelangweilt von diesem Versteckspiel wende ich mich ab. Ich laufe zur\u00fcck zu meiner Mama, damit sie mit mir ein bisschen spielt. Aber \u2026 Moment mal! Was ist das? Hey! Was macht das Fohlen denn da? Mama! Das geht doch nicht! Das trinkt ja meine Milch!Aufgebracht steuere ich auf den kleinen Dieb zu und mache mich mit einem schrillen Wiehern bemerkbar. Meine Mama guckt nur kurz, aber macht keine Anstalten, das Fohlen von sich zu verjagen. Entr\u00fcstet zwicke ich es in seine linke Flanke. Das lasse ich mir bestimmt nicht bieten! Meine Mama geh\u00f6rt mir allein! Das Kleine zuckt zusammen und macht einen verwunderten Satz zur Seite. Mama geht unbeeindruckt zum n\u00e4chsten Grasb\u00fcschel. Das Fohlen guckt mich mit gro\u00dfen Augen an. Als ich n\u00e4her komme, um den Eindringling in meine Privatsph\u00e4re unter die Lupe zu nehmen, quiekt es auf, legt den Kopf zur Seite und duckt sich hin zum Boden. Ich kr\u00e4usele kurz meine Oberlippe und reibe dann die Stirn an seiner Schulter. Es ist ein Stutfohlen. Gut, dass es sich sofort in die Rolle des Unterlegenen begeben hat. Trotzdem muss ich jetzt erst mal meine Stellung klar machen und zwicke in die Stelle an seiner Schulter, an der ich mich eben noch gerieben habe. Erneut quiekt es und springt schnell zu einer anderen Stute. Stolz und siegreich kehre ich zu meiner Mama zur\u00fcck und stecke zur Best\u00e4tigung meinen Kopf seitlich unter ihrem Schweif hindurch. Das Fohlen trinkt schon wieder. Vielleicht ist es ja dieses Mal seine eigene Mama. D\u00f6send lasse ich mir eine Weile von Mama's Schweif die Fliegen aus dem Gesicht \u0001 \u0002 habe ich keine Lust mehr darauf, ich will jetzt spielen! Unternehmungslustig h\u00fcpfe ich unter ihrem Schweif hervor und tanze ich um sie herum. Als sie darauf nicht reagiert, stuppse ich sie ungeduldig mit meiner Nase, erst leicht, dann etwas fester. Sie schnaubt und sch\u00fcttelt ihren Kopf. Schlie\u00dflich l\u00e4sst sie sich auf mein Bitten ein und trabt in Schlangenlinien aus dem Herden-Kern ins Abseits. Fr\u00f6hlich laufe ich hinter ihr, springe vor sie und bringe sie so zum abrupten Anhalten. Sie prustet mich dann an und macht auf der Stelle kehrt. Begeistert \u00fcber ihr Erwidern meines Spiels \u00fcberhole ich sie erneut und springe vor ihr von einer Seite zur \u0001 \u0002 geht das eine ganze Zeit, bis sich auf einmal ihr Fokus ver\u00e4ndert. Ihre Aufmerksamkeit gilt jetzt voll und ganz der Herde, die sich gem\u00e4chlich in Bewegung gesetzt hat. Kurz \u00fcberlegt sie und entscheidet sich dann, dass es besser ist, der Herde zu folgen. So laufen wir zur\u00fcck zu den anderen und passen uns dann ihrem Trott an. Es herrscht keine Eile, aber ein stetiges Dr\u00e4ngen bef\u00f6rdert uns immer weiter durch die Wiesen. Lange laufe ich neben dem Stutfohlen, das immer wieder skeptische Blicke zu mir wirft. Gro\u00dfm\u00fctig habe ich beschlossen, das es keine Gefahr darstellt und neben mir laufen darf, ohne drangsaliert zu werden. Am Abend erreichen wir schlie\u00dflich das Wasser. Es flie\u00dft in einem kleine Bach und es ist wundervoll, die erhitzten Hufe darin zu k\u00fchlen. Weil meine Mama ohne zu z\u00f6gern hinein getreten ist, habe ich mich auch sofort getraut. Das Stutfohlen ist da etwas \u00e4ngstlicher. Bei jeder Ber\u00fchrung mit dem k\u00fchlen Nass ist es quiekend zur\u00fcck gesprungen. Die Gro\u00dfen trinken lange und ausgiebig von dem Wasser. Mir schmeckt es nicht wirklich. Ich bleibe lieber bei der Milch. Die Nacht werden wir hier verbringen. Dar\u00fcber bin ich auch froh, denn der Tag war schon sehr anstrengend und ich m\u00f6chte mich nur noch ins weiche Gras legen und schlafen. Das Stutfohlen liegt bereits seitlich und kurz entschlossen lege ich mich dazu. Sein kleiner K\u00f6rper strahlt eine angenehme W\u00e4rme aus und mit seinem Kopf \u00fcber meinem Hals betrachte ich die anderen Pferde. Sie haben einen sch\u00fctzenden Kreis um uns und die anderen Fohlen gebildet und grasen im untergehenden Sonnenlicht. Grillen zirpen ein lustiges Konzert. Irgendwann ich falle in einen tiefen Schlaf, voller Vertrauen darauf, dass die Gro\u00dfen dar\u00fcber wachen werden.*",
            "wordcount": "1.827",
            "chapter_release": "04.04.2016",
            "chapter_number": "4"
        },
        "5": {
            "text": "Nur ein sehr kleiner weiterer Abschnitt des Kapitels, aber es geht weiter ;-)____________________________________________________________Die Wochen vergehen und jeden Tag lerne ich Neues in dieser wundersamen Welt kennen. Mit meiner kleinen Freundin laufe ich im Wind um die Wette, so schnell, wie uns unsere Hufe tragen k\u00f6nnen. Ich liebe das Laufen. Wenn sich die Gr\u00e4ser abends dem roten Feuerball entgegen neigen, galoppieren wir zwischen ihnen hindurch, bis in den Horizont hinein. Oder wir springen wie die Rehe im Wald \u00fcber umgefallene Baumst\u00e4mme und kleine Gr\u00e4ben hin\u00fcber. In spielerischen K\u00e4mpfen messen wir unsere Kr\u00e4fte, wobei ich nat\u00fcrlich der St\u00e4rkere bin. Ich tue ihr nie ernsthaft weh. Wenn ich gro\u00df bin, wird sie schlie\u00dflich einmal eine meiner Stuten. Meine Mama lehrt mich die ganze Zeit \u00fcber die Regeln der Herde. Sie ermahnt mich stets, mich nicht zu weit von ihr zu entfernen, wenn ich in langen B\u00f6gen um die anderen Pferde herum trabe. Auch muss ich lernen, meine Position in der Herde gegen\u00fcber anderen Pferden zu behaupten. Bei die Gro\u00dfen ist das gar nicht so einfach. Gut, dass ich noch klein bin und sie im Spiel noch ungestraft ein wenig herausfordern darf, denn wer wei\u00df, was ich mit meinem aufm\u00fcpfigen Gehabe sonst bewirken w\u00fcrde. Aber irgendwann bin ich gro\u00df genug und dann kann ich mit allen k\u00e4mpfen! Die einzigen, die mir wirklich auf die Nerven gehen, sind die Stechm\u00fccken und Bremsen. Sie halten sich vor allem am Wasser auf und drangsalieren mich nach Strich und Faden. Dabei mag ich das Wasser doch so gerne! Ich k\u00fchle dort meine ausged\u00f6rrten Hufe oder pruste mit beiden N\u00fcstern dagegen. Besonders wohltuend finde ich es, mich im k\u00fchlen Uferschlamm zu w\u00e4lzen. Zwar bin ich anschlie\u00dfend kohlrabenschwarz und dreckig, aber daf\u00fcr gesch\u00fctzt von den fiesen \u0001 \u0002 Stutfohlen ahmt nun vermehrt seine Mutter nach und will das Wasser trinken. Wenn das mal wieder nicht gelingt, steigt sie w\u00fctend \u00fcber der Str\u00f6mung und l\u00e4sst dann beide Vorderhufe fast gleichzeitig aufplatschen. Dann spritzt es in alle Richtungen und sie scharrt wild, sodass der sandige Untergrund aufgewirbelt wird. Das Wasser ist dann nicht mehr klar und die Gro\u00dfen m\u00fcssen mit dem Trinken warten, bis sich der Sand wieder gesetzt hat. Es ist ein lustiges \u0001 \u0002 manchen Tagen ist es k\u00fchler. Dann sammeln sich dicke, graue Wolken \u00fcber uns und aus ihnen f\u00e4llt in langen Schleiern Regen. Die Tropfen perlen an der oberen Schicht meines Fells ab und waschen wieder allen Schmutz aus ihm heraus. Am n\u00e4chsten Tag ist der Himmel wieder strahlend blau und das Gras leuchtet in einem saftigen Gr\u00fcn. An einem schw\u00fclen Nachmittag ziehen unerwartet gro\u00dfe Wolkent\u00fcrme auf. Die Herde wird zunehmend unruhig und so machen wir uns bald in den nahe gelegenen Wald auf. W\u00e4hrend bereits die ersten dicken Tropfen herab fallen und auf dem trockenen Boden zerplatzen, f\u00e4rbt sich der Himmel pl\u00f6tzlich schwarz wie die Nacht. Erschrocken setzen wir uns in Bewegung und laufen schnell und dicht nebeneinander weiter. Ein finsteres Grollen ert\u00f6nt bedrohlich immer wieder kehrend aus der Ferne und mit jedem Mal scheint es dichter an uns heran zu kommen. Endlich im Wald angekommen stellen wir uns im Schutz der B\u00e4ume auf, dicht zusammengedr\u00e4ngt und die K\u00f6pfe gesengt. Die dicken Tropfen haben sich in einen kr\u00e4ftigen Hagelschauer gewandelt und f\u00e4rben die Lichtungen wei\u00df ein. Ein grelles Zucken \u00fcber den Himmel wirft groteske Schatten zwischen uns und verzerren das Bild unwirklich. Schnell stecke ich meinen Kopf unter Mamas Bauch und schmiege mich ganz dicht an ihren gro\u00dfen, rostbraunen K\u00f6rper. Ihr Atem geht ruhig und sie wartet geduldig mit der Herde auf das Ende dieses Unwetters. Mama ist einfach die Beste! Bei ihr brauche ich kein bisschen Angst \u0001 \u0002 zieht das Gewitter weiter und die durchkommenden Sonnenstrahlen brechen sich in jedem einzelnen Tropfen abertausendmal. Die ganze Welt funkelt und glitzert nun, als w\u00e4re sie aus Sternenstaub gemacht. Ich kann mich gar nicht satt sehen an diesem neuartigen Eindruck. Bevor ich jedoch endg\u00fcltig einem Tagtraum verfalle, zieht die Herde weiter und ich muss mich beeilen, um nicht den Anschluss zu \u0001 \u0002, ich kann mir kein anderes Leben vorstellen! Es ist alles so perfekt, wie es ist. Es kann f\u00fcr immer so bleiben! - Fortsetzung folgt -",
            "wordcount": "694",
            "chapter_release": "12.04.2016",
            "chapter_number": "5"
        },
        "6": {
            "text": "So, nach einer l\u00e4ngeren Pause geht es hier mal endlich ein kleines Bisschen voran. Ich habe mir vorgenommen, in n\u00e4chster Zeit ein gutes St\u00fcck weiter zu kommen. Mal sehen, ob es klappt ;-) Viel Spa\u00df auf jeden Fall damit und schreibt mir gerne in die Kommentare, wie ihr die einzelnen Szenen findet!______________________________________________________________Aus mir unbegreiflichen Gr\u00fcnden bleibt es das aber nicht. Gar nicht all zu viele Tage sp\u00e4ter, ja eigentlich schon viel zu bald, macht sich eine mir bis dahin v\u00f6llig fremde Unruhe in der Herde breit. Wir bleiben nicht lange Stunden an einer Stelle, sondern ziehen stets weiter. Das Gras unterscheidet sich dabei kaum in seiner Qualit\u00e4t, sodass der Grund f\u00fcr unsere stetige Bewegung in etwas anderem liegen muss. Trotz aller Bem\u00fchungen, eine erkenntliche Gefahr zu lokalisieren, bleibt mir nichts als das Dr\u00e4ngen der Herde. Es ist mehr eine Ahnung, eine vage Vermutung, die uns voran \u0001 \u0002 die anderen Fohlen sind von diesem flauen Gef\u00fchl betroffen und so werden unsere lustigen Spiele von der erdr\u00fcckenden Stimmung ged\u00e4mpft. Am zweiten Tag habe ich mich schon fast an die andauernde Unruhe gew\u00f6hnt, bis pl\u00f6tzlich neue Ger\u00e4usche zu uns hervor dringen. Irritiert bleibe ich stehen und schaue zu den anderen Pferden. Auch sie nehmen die langsam lauter werdende Ger\u00e4uschkulisse war. Einige beginnen nerv\u00f6s auf der Stelle zu tippeln, andere scharren \u00fcber die von der Sonne ausgetrocknete Erde. Ausnahmslos alle haben ihre K\u00f6pfe vom Grasen gehoben und versuchen mit ihren Ohren die Ger\u00e4usche zu identifizieren. Diese ganze Anspannung h\u00e4lt nur wenige Sekunden, bevor die Ger\u00e4usche als eindeutige Gefahr bestimmt werden. Alle Aufmerksamkeit ist auf unsere Leitstute gerichtet. Sie z\u00f6gert nur ein einziges besorgtes Schnauben und trabt dann an. Die Herde l\u00e4uft mit ihr mit, erst noch weit verteilt, doch nach und nach r\u00fccken wir dichter zusammen. Die Gro\u00dfen dr\u00e4ngen uns Fohlen in ihre Mitte, das Tempo steigert sich. Doch die Ger\u00e4usche kommen immer noch n\u00e4her. Irgendwann galoppieren wir an und laufen schnell wie der Wind, sodass wir Abstand zu den Ger\u00e4uschen gewinnen. Die Leitstute l\u00e4sst uns das Tempo wieder verlangsamen und wir k\u00f6nnen uns ein wenig erholen. Doch wenig sp\u00e4ter n\u00e4hern sie sich uns schon wieder. Wir galoppieren \u0001 \u0002 geht das eine ganze Weile, doch egal wie weit wir uns von ihnen entfernen, die be\u00e4ngstigenden Ger\u00e4usche holen uns schnell wieder ein. Uns bleibt keine Zeit mehr f\u00fcr Pausen und das Hin und Her entwickelt sich regelrecht zu einer Jagd. Einer Jagd auf \u0001 \u0002 Hauch von Panik schleicht sich in meine Gedanken. Was wird das hier? Was ist blo\u00df los? Selbst die erfahrensten Pferde wirken ver\u00e4ngstigt und verwirrt. Keiner wei\u00df, was das f\u00fcr Ger\u00e4usche sind. Auf einmal sind sie so nah, dass sie sich auseinander halten lassen. Da ist ein lautes Summen, da sind Stimmen und das Bellen von Raubtieren, Hufgetrappel und noch mehr Summen. Und dann sp\u00fcre ich \u0001 \u0002 in meinem Nacken sp\u00fcre ich die Anwesenheit der Gefahr, der Raubtiere, die hinter uns her sind. Ich brauche mich nicht umzudrehen, ich verschwende keine Sekunde damit. Jetzt gibt es kein Halten mehr. Wie wahnsinnig rennen wir los, ohne Plan und ohne Ziel. Wir wollen alle nur noch weg. Schon nach k\u00fcrzester Zeit f\u00fcllen sich meine Lungen mit der staubtrockenen Luft. Sie brennt in ihnen wie Feuer, doch ich achte nicht darauf. Dieses Mal stoppt keiner, alle rennen weiter, machen sich flach und laufen panisch in alle Himmelsrichtungen. Wer zur\u00fcck bleibt, hat Pech gehabt. Es ist keine Zeit, auf Einzelne zu achten. Die Panik ist allgegenw\u00e4rtig. Ich konzentriere mich auf meine Mama und fixiere ihre Flanke, um sie nicht aus den Augen zu verlieren. Meine Beine haben gro\u00dfe M\u00fche, mich in diesem Tempo nach so viel Stress schnell genug zu tragen, doch mir bleiben keine Gedanken \u00fcber die Schmerzen in dieser Situation. Es geht nur noch ums \u00dcberleben. Die Herde bewegt sich rasend schnell - doch nicht schnell \u0001 \u0002, was uns treibt, hat uns ein geholt. Es ist zwischen uns. Es dr\u00e4ngt sich gerade zu zwischen uns. Die Fohlen quieken und die Gro\u00dfen rufen wild durcheinander. Wiehern und Schreie mischen sich mit Hufgetrappel und entsetzlichem Jaulen. Es schiebt sich von Westen her auf mich und meine Mama zu. Ich sp\u00fcre ihre Angst. Sie hat ihre wundervoll samtweichen N\u00fcstern geweitet und starrt mit aufgerissenen Augen auf das, was da auf uns zu kommt, was die Herde zu entzweien scheint. Je dichter es kommt, desto klarer kann ich es erkennen: Es sind viele und es sind welche von uns. Sie laufen mit hoch gerissenem Kopf und angelegten Ohren, wild kreischende Bestien auf ihrem R\u00fccken. Ihre schmerzverzehrten Gesichter werden von abscheulichen Ungeziefern angefallen, die Bestien umschlingen ihre B\u00e4uche und schlagen mit ihren langen h\u00e4sslichen Armen um sich. Ein gewaltiges Zischen an meinem Kopf l\u00e4sst mich reflexartig zur Seite springen. Hilfe! Was war das? Entsetzt blicke ich mich um. Eine dieser schrecklichen Bestien auf seinem armen Opfer steht pl\u00f6tzlich nur wenige Schritte neben mir. Mein kleiner K\u00f6rper ist wie erstarrt. Krampfhaft suchen ich mit den Augen meine Mama in dem Tumult, doch bevor ich sie finden kann, bei\u00dft mich etwas in den R\u00fccken. Der stechende, unerwartete Schmerz bef\u00f6rdert mich einige S\u00e4tze weiter, doch es l\u00e4sst mich nicht in Ruhe. Kurze Zeit sp\u00e4ter finde ich mich zwischen anderen Fohlen wieder. Ich h\u00f6re meine Mama aus der Ferne rufen. \u201eHier bin ich! Hier, Mama!\u201c Alles in mir will zu ihr laufen, ihrer Stimme entgegen, doch unsere Angreifer versperren mir den Weg. Ich rufe wieder laut und suche hysterisch das vertraute Gesicht in der Menge. Irgendwo zwischen H\u00e4lsen und Ohren sehe ich sie endlich. Auch sie wird von den Angreifern zur\u00fcck gedr\u00e4ngt und kann nicht zu mir kommen. Unsere Blicke treffen sich. In ihren Augen spiegelt sich pure Verzweiflung.\u201eMama! Hilfe!\u201c Was soll ich nur machen? \u201eMama, komm doch!\u201c. Ich glaube, mir wird schlecht. Das grausige Bild vor mir verschwimmt langsam, meine Beine tragen mich nicht richtig. \u201eBitte nicht!\u201c Das kann doch alles nicht wahr sein. Mein Herz schl\u00e4gt wie wild. Die Gedanken rasen. Mit aller Kraft zwinge ich mich, stehen zu bleiben und weise meinen entkr\u00e4fteten K\u00f6rper an, nicht das Gleichgewicht zu verlieren. Ich taumele ein wenig zur\u00fcck und sto\u00dfe gegen etwas Hartes, Kaltes. Verwirrt blicke ich mich um. Vor mir sind die anderen Fohlen und quetschen sich aufgebracht aneinander vorbei. Ihr Rufen und Schreien verwandelt sich nach und nach in j\u00e4mmerliches Weinen. Sie halten alle Ausschau nach ihren Mamas, nach unserer Herde die immer weiter von uns weg getrieben wird. Wir alle sind eingepfercht von gittrigen St\u00e4ben. An einer Seite weichen die St\u00e4be einem schwarzen undefinierten Nichts. Eine Rampe f\u00fchrt dort hinein und das erste Fohlen steht bereits mir den Hinterhufen dort \u0001 \u0002! Als ich den Kopf wieder Richtung Herde drehen will st\u00f6\u00dft mich eine dicke Metallstange gegen die Stirn. Ich stolpere r\u00fcckw\u00e4rts in die Menge. Schnaubend sch\u00fcttele ich den Kopf. Schnell richte ich meinen Blick wieder in die Ferne. Irgendwo da hinten glaube ich Mamas Ohren zu sehen. Ich schreie aus voller Kehle und die Panik ergreift wieder Besitz von mir. Das Gitter vor mir zwingt mich weiter zur\u00fcck. Das Fell auf meiner Nase dr\u00fcckt sich zwischen den St\u00e4ben hindurch. Ich versuchen mich zu sch\u00fctteln. Weg, weg! Ich muss hier weg! Kr\u00e4ftig sto\u00dfe ich mich ab und lande mehr oder weniger auf meinen Altersgenossen. Es ist einfach kein Platz! Wir treten uns gegenseitig auf die F\u00fc\u00dfe und irgendein Huf bleibt in meinem Schweif h\u00e4ngen. Alle zetern und weinen, doch das ist im Moment mein kleinstes Problem. Ich muss hier raus! Ich muss zu Mama! \u201eHilfe! Hilfeee! H-I-L-F-E-E-E!\u201c Doch so sehr ich mich auch bem\u00fche, irgendetwas zu erkennen \u2013 ich finde sie \u0001 \u0002 schl\u00e4gt mein Huf auf einen dumpfen Grund. Ich zucke zusammen. Die Rampe, das schwarze Nichts! Es frisst uns auf! Ich h\u00f6re die anderen Fohlen schreiend hinter mir aus dem Loch. \u201eIch will da nicht rein. ICH WILL DA NICHT REIN!! Was soll das? Lasst mich hier raus!!\u201cEs bringt alles nichts. Das Gitter l\u00e4sst mir keine Wahl und wenig sp\u00e4ter sind ich und die anderen von dem dunklen, dumpfen Boden umgeben. Vor mir taucht eine der Bestien auf. Sie geht auf zwei Beinen ohne ein Pferd und gestikuliert wild mit ihren Armen. So ist sie eigentlich gar nicht so gro\u00df, aber ich stehe ganz klar unter Schock. Ich habe schreckliche Angst. Eine zweite Bestie kommt von der Seite und sie zerren eines dieser Gitter vor uns. Mit einem lauten Knall rastet es ein. Zeitgleich beginnt sich der Boden unter ohrenbet\u00e4ubendem L\u00e4rm zu bewegen. Wir bewegen \u0001 \u0002 entfernt sehe ich die Herde oder das, was von ihr noch \u00fcbrig ist. Alle Fohlen sind hier hinter mir in diesem schrecklichen Ding. Ich h\u00f6re letzte, verzweifelte Rufe und erstickte Schreie. Der Boden wackelt und holpert und ich habe M\u00fche, mich auszubalancieren. Wir entfernen uns zu schnell. Die Herde wird immer kleiner und verliert sich langsam am Horizont. Ich dr\u00fccke meine Nase gegen das Gitter und versuche in den undeutlichen Schemen noch einzelne Pferde aus zu machen. Doch es hat keinen Sinn. Sie verschwimmen zu einer wabernden Masse, zu einem winzigen Punkt. In mir stellt sich das Gef\u00fchl von Endg\u00fcltigkeit ein. Die Trennung zwischen Mama und mir ist endg\u00fcltig, ich werde sie nie wieder sehen. Die Herde, all die wundersch\u00f6ne Zeit, f\u00fcr immer verloren. Und in diesem Moment f\u00fchle ich, wie mein kleines Herz zerbricht und ein Teil meiner Seele mit jenem Tag zu Grunde geht. Eine unendlich auswegslose Traurigkeit macht sich in mir \u0001 \u0002 f\u00fchle leer. Ich glaube, ich sterbe.",
            "wordcount": "1.575",
            "chapter_release": "31.08.2016",
            "chapter_number": "6"
        }
    },
    "title": "N\u00fcstern, die das Herz ber\u00fchren",
    "topic": "unspecified",
    "release": "\n02.04.2016\n\t\t\t\t\t\t",
    "author": "Chaya Arwen"
}