{
    "tags": [],
    "chapcount": "11",
    "wordcount": "12.608",
    "chapters": {
        "1": {
            "text": "Auf meinem Pferd Moonlight galoppierte ich auf dem Weg zum Treffpunkt meiner Freundin und mir. \u201eMann, muss das ausgerechnet heute sein, dass ich einen Platten im Fahrrad hab?!\u201c, fluchte ich dauernd vor mich hin, denn den Schimmel zu satteln war eine Katastrophe. \u201eBrrrrr!\u201c, keuchte ich und brachte ihn kurz vor der Eingangst\u00fcr zum Stehen. \u201eNa da bist du ja endlich!\u201c, rief die fr\u00f6hliche Stimme meiner Freundin Emily aus der kleinen, selbst gezimmerten H\u00fctte am Waldrand. Hastig band ich Moonlight an einen der Zaunpfosten, \u00f6ffnete die T\u00fcr und knallte sie wieder hinter mir zu. \u201eTut mir leid, mein Rad hat den Geist aufgegeben und ich musste in aller Eile Moonlight nehmen\u201c, meinte ich ver\u00e4rgert. Doch meine Freundin antwortete nur: \u201eIst schon OK, es sind ja Ferien und es ist erst drei Uhr\u201c. Dankend blickte ich sie an, nachdem ich meine Jacke neben ihre geh\u00e4ngt hatte. Nun kamen wir zu der Frage die wir jeden Freitagnachmittag mindestens 1x benutzten, \u201eWas machen wir heute?\u201c, sagte Emily und schaute mich fragend an. \u201e\u00c4hm\u2026 wie w\u00e4re es, wenn wir heute bei mir auf dem Reiterhof ausreiten und uns um die Pferde k\u00fcmmern\u201c, meinte ich prompt. Als sie eingewilligt hatte liefen wir hinaus und w\u00e4hrend ich den Schimmel wider losmachte, erklomm Emily - die ich meistens nur EM307 nannte, da sie sich immer mit diesem Namen anmeldete - ihren blauen Drahtesel. Wir fuhren der Sonne entgegen und konnten den Wind im R\u00fccken \u0001 \u0002 mir angekommen stieg ich ab und rief Emily zu: \u201eIch sag meinem Vater nur noch schnell bescheid, dass wir ausreiten, dann komm ich\u201c. Sie nickte und ich war auch schon weg. Pl\u00f6tzlich h\u00f6rte ich eine andere Stimme, die definitiv nicht meinem Vater geh\u00f6rte und schob den Schl\u00fcssel zitternd in das Schloss, w\u00e4hrend ich mit der anderen sachte die Klinke dr\u00fcckte. Als sich die T\u00fcr mit einem alten Knarren \u00f6ffnen lie\u00df, erblickte ich erschrocken eine verw\u00fcstete Wohnung. Einfach alles was sich bewegen lie\u00df war durcheinander. Starr vor Schreck stand ich da und schnappte nach Luft. Was war hier passiert? Wer ist im Haus? Und vor allem: Was soll ich tun? Von den vielen Gedanken wurde mir schwindlig und ich wollte mich schnellstens setzen, doch ich konnte meine Beine nicht mehr bewegen. Ich schnappte nach Luft wollte irgendwie nur nach meiner besonderen Kette - die ich kurz vor dem Tod meiner Uroma mit vier Jahren bekommen hatte, denn die besch\u00fctzte mich immer und \u00fcberall - oben im Zimmer schauen. Mit schlotternden Knien setzte ich den ersten Fu\u00df auf die Treppe und zwang mich dabei ruhig zu atmen. Zuvor hatte ich zu viele Gedanken gehabt, doch jetzt hatte ich gar keinen. Mein Herz schlug mir bis zum Hals, als ich die vorletzte Stufe erklommen hatte, dennoch traute ich mich weiterhin nicht nach oben zu sehen. Auf einmal schoss mir ein seltsamer Gedanke durch den Kopf: \u201eH\u00e4tte ich nicht doch Emily rufen sollen, oder h\u00e4tte dies der Dieb dann gemerkt, dass jemand im Haus ist\u201c. Ich traute mich nicht den rechten Fu\u00df nach vorne zu setzten, und redete mir deswegen immer ein, ich m\u00fcsse nur den Fu\u00df heben, nach vorne setzten und danach nur einen Blick nach oben werfen. Mit einem Mal baute sich ein riesiger Mann mit Maske vor mir auf und schrie mir ins Ohr: \u201eWen haben wir denn da, halt blo\u00df den Mund, der Polizei gegen\u00fcber, dann nehme ich dich nicht auch noch wie deinen Vater mit also wenn du hier nicht sofort verschwindest passiert dir das Gleiche!\u201c Mir blieb die Spucke weg und war einfach nur geschockt. Entgeistert musterte ich ihn von oben bis unten und stellte fest, dass er fast ganz schwarz gekleidet war und einen orangen Anh\u00e4nger mit einem Zeichen am Hemd trug. Da ich ihm nicht schnell genug antwortete schlug er mir mit der Faust in den Bauch, sodass ich r\u00fcckw\u00e4rts taumelte und nach unten viel. Unkontrolliert schlug ich hart mit dem Kopf auf und konnte mich gerade noch mit dem Arm abst\u00fctzen, w\u00e4hrend der Einbrecher \u00fcber mich hin\u00fcber kletterte. Trotzdes starken Aufpralls konnte ich noch ein bisschen Denken und versuchte ihm einen Tritt in seinen Hintern zu verpassen. Ich schrie so laut ich konnte nach Hilfe und mein \u201eAua!\u201c dazwischen war dabei nicht zu \u00fcberh\u00f6ren. Mein Versuch aufzustehen scheiterte und ich rutschte nur noch weiter ab. Erst jetzt viel mir auf, dass wohl schon die ganze Zeit Tr\u00e4nen \u00fcber meine Wangen liefen. Total panisch schlug ich um mich und erwischte den Dieb an den Rippen, denn dieser hielt kurz inne gehalten, nach dem harten Schlag in seinen Hintern. Fest entschlossen aufzustehen, wischte ich mir die Tr\u00e4nen aus den Augen, starte einen letzten verzweifelten Hilferuf, bis die Z\u00e4hne zusammen und rappelte mich auf. Doch auch der Einbrecher war nicht dumm und setzte sich in Bewegung. \u201e Wenn ich Moonlight nehme, bin ich bestimmt schneller, aber meine Kette kann ich wohl vergessen\u201c, schoss mir durch den Kopf. Tapfer stand ich auf und lief dem Einbrecher nach. Drau\u00dfen stie\u00df ich fast mit Emily zusammen, die mir beim Aufstehen helfen wollte. Sie starrte mich andauernd an und stammelte fassungslos, als ich schon auf Moonlight stieg: \u201e Oh mein Gott, dein Kopf blutet, ich schau mal im Haus nach was fehlt und ruf die Polizei\u201c. Ich meinte nur: \u201eH\u00f6r blo\u00df auf mit der Polizei! Der hat mir schon gedroht, aber ich muss jetzt los. Anscheinend m\u00f6chte er jetzt die Verfolgung mit mir hier drau\u00dfen aufnehmen!\u201c. Dass mir meine Freundin noch \u201ePass auf dich auf!\u201c nachrief, konnte man gegen den starken Wind kaum noch h\u00f6ren. Der Schimmel wieherte und dann galoppierte ich auch schon mit einem flauen Gef\u00fchl im Magen und verletzten Knochen davon.",
            "wordcount": "925",
            "chapter_release": "13.04.2014",
            "chapter_number": "1"
        },
        "10": {
            "text": "Braune Augen blickten mir entgegen. Will. \u201eHey Lilly, wir m\u00fcssen los!\u201c M\u00fcde zog ich mir die Decke \u00fcber den Kopf und drehte mich auf den Bauch. Doch der Jugendliche hatte kein Mitgef\u00fchl und kitzelte mich wach. \u201eNein!... Lass\u2026 au\u2026 mich!...Na gut, ich steh ja schon auf!\u201c Genervt setzte ich mich auf und er trug mich ins Bad, wo Will mir meine Kr\u00fccken gab. Er lehnte im T\u00fcrrahmen und beobachtete mich, w\u00e4hrend ich mich Ausgehfertig machte. Aber als ich mich umzog ging er nat\u00fcrlich weg. Ich \u00fcberpr\u00fcfte mich im Spiegel. Ich hatte ein schwarzes, eng anliegendes Top und eine schwarze Lederleggins an. Eine Pistole hatte ich an meinem G\u00fcrtel geschnallt. Meine Haare band ich zusammen, aber so, dass noch ein paar Str\u00e4hnen herausschauten und spritzte mir ein bisschen Wasser ins Gesicht. Frisch gepflegt humpelte ich aus dem Bad und Will \u00fcberreichte mir diesmal nur eine Kr\u00fccke, denn ich sollte ja auch eine Pistole verwenden k\u00f6nnen. Herr Sager wartete bereits vor dem Haus auf uns, denn der Doktor und meine Mama w\u00fcrden nicht mitfahren. Emily und Alex sa\u00dfen im Auto und Will und ich quetschten uns noch zu Alex nach hinten. Nur der Polizeibeamte und ich hatten eine Waffe, denn Will trauten sie keine mehr \u0001 \u0002 \u201eTatort\u201c angekommen bekam Will nun doch eine Waffe zur Sicherheit. Die Pistole am langen Arm, schlichen wir uns an den Hintereingang. \u201eLos!\u201c, bekamen wir das Zeichen \u00fcber das Walkie-Talkie. Ein vorderer Polizist schlug die T\u00fcr ein und \u00f6ffnete sie von innen. \u201eAlle hinterher!\u201c, befahl er uns so machten wir es dann auch. Mein Atem vibrierte und meine H\u00e4nde zitterten. Ich presste mich mit dem R\u00fccken an die Wand und pirschte mich leise an das erste Zimmer heran. Ich kannte mich aus, in diesem Haus\u2026 Vorsichtig \u00f6ffnete ich die T\u00fcr zum Wohnzimmer. Ich sp\u00e4hte von links nach rechts, doch niemand war da. Erleichtert kehrte ich auf den Flur zur\u00fcck, wo bereits Panik aufgekommen war. Wahrscheinlich hatte irgendein Feigling sich eingebildet, dass er etwas geh\u00f6rt \u0001 \u0002 schlich ich mich nach oben. Zum Gl\u00fcck knarrte bei meinem Onkel keine Diele oder Sonstiges. Irgendetwas zog mich zu seiner Bildergalerie. Dort hing ein neues Bild. Es zeigte ein \u0001 \u0002 erst als ich genauer hinsah, bemerkte ich, dass es nur mit Hilfe von B\u00fcroklammern angeknipst worden war. Riesengro\u00df stand vorne daran ~F\u00fcr Lilly~. Erschrocken riss ich die Augen auf. Woher wusste er, dass ich nochmal hierher kommen w\u00fcrde. Ich krallte meine Fingern\u00e4gel in das Plastik der Kr\u00fccke. Pl\u00f6tzlich ert\u00f6nte eine dunkele Stimme hinter mir: \u201eIch dachte mir, dass du kommen w\u00fcrdest, Lilly. Es tut mir leid was ich getan habe. Aber du musst mir zuh\u00f6ren: Der Brief ist nur f\u00fcr dich gedacht. Nimm ihn!\u201cIch war viel zu \u00fcberrumpelt, als dass ich reagieren h\u00e4tte k\u00f6nnen. Sprachlos nahm ich den Brief entgegen und drehte mich wieder zu ihm um, w\u00e4hrend ich ihn fragte: \u201eIst er von dir?\u201c \u201eNein, von deinem Vater\u201c, antwortete Johannes seelenruhig. Geschockt schaute ich ihn an. Ich verstand die Welt nicht mehr\u2026 \u201eWann hat er das geschrieben?\u201c, wollte ich von ihm wissen. \u201eZuvor... Nicht mal ich hab gelesen, was darin steht\u2026\u201c, lautete die Antwort auf meine Frage. Doch weiter konnte ich nichts fragen, denn er war weg. So schnell es die Kr\u00fccke eben zulie\u00df, st\u00fcrmte ich hinter ihm her. Ein Schuss. Gekreische. Ein Weiterer. Schreie. Was war passiert?Im Gang jedoch war weit und breit keine Spur mehr zu sehen. Ich steckte mir den Brief schnell ein und humpelte wieder nach unten. Diesmal blieb ich nicht unbemerkt. \u201eLilly? Da bist du ja! Wir haben ihn gefasst! Alles ist gut!\u201c, rief mir irgendein Cop zu. \u201eGar nichts ist gut!\u201c, fauchte ich ihn an. Niemand konnte mir sagen, was jetzt eigentlich passiert war. Kurz schaute mich der Polizist verwirrt an, dann stolzierte er zu einem B\u00fcndel aus Polizisten und Helfern. Sie standen in einem Kreis um irgendetwas. Doch was? Dicht auf den Fersen folgte ich ihm und versuchte vergeblich einen Blick nach vorne zu ersp\u00e4hen. Was sich f\u00fcr mich wie eine halbe Ewigkeit anf\u00fchlte, waren in echt nur ein paar Minuten, dann bewegte sich der Polizist endlich und ich erhaschte einen Blick in die brenzliche Situation. Johannes lag am Boden. Verletzt. Erst nachdem ich zwei weitere Male hinsah, bemerkte ich, dass er alle beiden Sch\u00fcsse abbekommen hatte. Sein Bauch hatte eine Kugel wegstecken m\u00fcssen, seine Schulter die andere. Ich schaffte es nicht mehr, woanders hinzusehen. \u0001 \u0002 war mein einziger Gedanke. Alle um mich setzten sich wie auf Kommando wieder in Bewegung. Ich nicht. Es schien als w\u00fcrde die Zeit stillstehen. Aber nur f\u00fcr ihn und mich. Die ganze Welt lag f\u00fcr mich in diesem Moment auf Eis. Menschen wirbelten um uns herum, doch ich achtete nicht darauf. Dann wurde dieser Moment wieder unterbrochen. Alles war wieder wie vorher. Auch die Stimmen, nahmen wieder Ton an. Still bahnten sich Tr\u00e4nen den Weg nach drau\u00dfen und rannen lautlos meine Wangen hinunter. \u201eLos! Nehmt ihn und bringt ihn von hier weg!\u201c, befahl ein Polizist. Zwei kr\u00e4ftige M\u00e4nner packten Johannes, legten ihm Handschellen um und zerrten ihn in die H\u00f6he. \u201eNein! Lasst ihn in Ruhe! Er wei\u00df doch, wo mein Papa ist\u2026\u201c, protestierte ich. Letzteres war jedoch nicht viel mehr als ein Fl\u00fcstern. Wo war Will \u00fcberhaupt? Seit ich aus dem Auto gestiegen bin, hatte ich ihn nicht mehr gesehen. Mir wurde das hier alles viel zu bunt und ich brauchte frische Luft. Langsam humpelte ich in sein Wohnzimmer und \u00f6ffnete die Schiebet\u00fcr. Endlich war ich wo anders, als die Polizeileute. Ich ging ein bisschen drau\u00dfen herum und stie\u00df schlie\u00dflich auf einen Teich, der weit abseits der H\u00e4user stand. Meine Kr\u00fccke lie\u00df ich achtlos ins trockene Gras fallen und setzte mich dort schlie\u00dflich auch hin. Hinter mir befand sich eine Anh\u00f6he, die ich zuvor runtergeklettert war. So konnte mich niemand sehen. Einen kurzen Moment lauschte ich dem Zwitschern der V\u00f6gel und genoss die ruhige Stille. Ich riss den Umschlag des Briefes auf uns begann zu lesen. Liebe Lilly, ich hoffe, du bist mir f\u00fcr das, was ich hier schreiben werde, nicht allzu b\u00f6se. Es begann vor einem halben Jahr\u2026 Diana, unser neuestes Pferd, begann zu t\u00e4nzeln. Sie war wegen irgendeiner Sache ganz nerv\u00f6s. Immer wieder versuchte sie, w\u00e4hrend ich ihr Heu brachte, mich zu schubsen. Nat\u00fcrlich habe ich dann auch sie ge\u00e4rgert\u2026 Johannes hat das gesehen. F\u00fcr ihn musste die Sache so ausgesehen haben, als h\u00e4tte ich Spa\u00df daran gehabt, Diana weh zu tun. Er wollte im ersten Moment schon die Polizei rufen, aber ich habe ihn entdeckt und gebeten es nicht zu tun. Jedoch verlangte er daf\u00fcr einen Preis\u2026 Und der war: Ich sollte euch so lange wie m\u00f6glich nicht sehen, sonst w\u00fcrde er die Polizei rufen. Keine Ahnung wie bescheuert das klang, aber f\u00fcr mich blieb nichts anderes \u00fcbrig, als das zu machen. Er hat damals nicht gesagt, wie lange ich euch nicht sehen d\u00fcrfte und ich bei ihm bleiben musste. Noch heute, so hat er versprochen, wird er dir den Brief geben. Wir sehen uns bestimmt irgendwann wieder. Ich liebe dich. Dein PapaLeise begann ich zu wimmern. Ich hatte das Gef\u00fchl zu ersticken. Rufe ert\u00f6nten. Mein Name war unter ihnen. Ich wiegte mich wie ein kleines Kind mit dem Wind hin und her. Einsam f\u00fchlte ich mich. So unendlich alleine. Schon wieder kamen mir die Tr\u00e4nen hoch. Nochmals las ich den Brief. Wir sehen uns bestimmt irgendwann wieder. Bei diesen Worten fuhr mir ein Schauer den R\u00fccken hinunter. \u201eDa bist du ja! O Gott hab ich mir Sorgen gemacht!\u201c, begr\u00fc\u00dfte mich eine Stimme. Will. Ich antwortete nicht. Ich konnte nicht, weil ich einen Klo\u00df im Hals versp\u00fcrte. Er setzte sich neben mich und schloss mich in die Arme. Mein Blick war immer noch starr auf den Brief gerichtet. \u201eLilly?\u201c, vernahm ich pl\u00f6tzlich eine neue Stimme. Ich w\u00fcrde sie von \u00fcberall her verstehen. Entschlossen hopste ich in die H\u00f6he und drehte mich um. Da ich keine Zeit hatte, meine einzelne Kr\u00fccke zu holen, humpelte ich auf die Person zu. Ich konnte meinen Verdacht noch nicht mal best\u00e4tigen, weil ich nur den Umriss erkennen konnte, da die untergehende Sonne mich zu stark blendete. Ich sprang f\u00f6rmlich an seinen Hals. \u201eIch hab dich so vermisst, Papa!\u201c, stie\u00df ich aus. Er hob mich in die H\u00f6he und drehte uns im Wind. Endlich hatten wir uns wieder. Man merkt wohl wirklich wie stark man Menschen liebt, wenn sie nicht bei uns sind\u2026Aber da waren noch ein paar Fragen\u2026 Wer war dann der Mann, den Emily gesehen hat, am Tag des Einbruchs? Wollen wir mal hoffen, dass sie sich das nur eingebildet hat, aber wieso war dann Blut im Badezimmer? Werden wir das je herausfinden\u2026Hey! :) Also, das ist somit das letzte Kapitel, denn es folgt nur noch ein Epilog\u2026 Ich bin demn\u00e4chst f\u00fcr l\u00e4ngere Zeit nicht da, und kann somit auch nichts hochladen\u2026 Ich hoffe ihr seid mir nicht b\u00f6se ^^ Vielleicht lade ich den Epilog noch hoch, weil ich ihn eigentlich schon fertig habe :) LG America2607",
            "wordcount": "1.487",
            "chapter_release": "13.04.2014",
            "chapter_number": "10"
        },
        "11": {
            "text": "Gl\u00fccklich trabte ich mit Moonlight \u00fcber eine bunte Blumenwiese. Alles war gut. Johannes wanderte f\u00fcr zwei Jahre in den Knast. Genau wie sein wie sein Komplize. Es war jetzt schon ein halbes Jahr her\u2026 Mein Fu\u00df heilte schnell und seit vorgestern durfte ich wieder \u0001 \u0002 Dad hatte sich zuvor mit dem Komplizen gepr\u00fcgelt, als Johannes und er meinen Dad gefangen nehmen wollten. Mitten auf der Wiese hielten wir an und ich stieg aus dem Sattel. Mein Pferd legte sich hin und ich kuschelte mich an Moonlight. Mein Kopf lag auf seinem Bauch und ich sp\u00fcrte seinen beruhigenden Herzschlag. Keine einzige Wolke war am Himmel zu sehen. Traumhaftsch\u00f6n. \u201eLilly?\u201c, riss mich eine bekannte Stimme aus meinen Gedanken. Als Zeichen, dass Will mich sehen konnte hob ich die Hand und Schritte n\u00e4herten sich. Dann kam er in mein Blickfeld und setzte sich im Schneidersitz vor mich hin. Ich richtete mich auf und st\u00fctzte mich im Gras ab. Seine H\u00e4nde hatte er hinter seinem R\u00fccken, als er meinte: \u201eIch hab was f\u00fcr dich!\u201c Will machte die Hand zu einer Faust und zog sie hervor. \u201eOh Gott! Woher hast du das?\u201c, fragte ich \u00fcberw\u00e4ltigt und nahm es in die Hand. Das Kettchen meiner Oma. Behutsam \u00f6ffnete ich den Verschluss und machte sie an meinen Hals. \u201eW\u00e4hrend des Einbruchs ist sie wahrscheinlich von der Kommode gefallen. Wir haben sie gerade erst gefunden.\u201c Zufrieden dr\u00fcckte ich Will einen Kuss auf den Mund. Jetzt war ich endg\u00fcltig \u0001 \u0002! ^^Irgendwie bin ich jetzt traurig, aber auch erleichtert, weil die Story vorbei ist... :/ Jedenfalls bedanke ich mich bei den Review-Schreibern :) Vielen Dank! ^^LG America2607",
            "wordcount": "270",
            "chapter_release": "13.04.2014",
            "chapter_number": "11"
        },
        "2": {
            "text": "\"Oh nein! Moonlight ! Schneller!\u201c, schrie ich dem Schimmel entgegen. Doch irgendwie wurden wir nur langsamer, da mein Pferd wohl sp\u00fcrte, dass es mir nicht gut ging. Erst jetzt bemerkte ich, dass Moonlight hinkte und mir wurde bewusst, dass wir1. mit einem verletzten Pferd nicht viel schneller waren als ein alter Herr und 2. so nur noch mehr am Kn\u00f6chel des Schimmels besch\u00e4digen w\u00fcrden, deswegen bremste er ab und machte Anstalten umzukehren. Der Schimmel scharrte mit der Hufe und wieherte schrill. Mein Unterbewusst sein sagte mir ich sollte umkehren, da ich den Einbrecher so nicht mehr erreichen w\u00fcrden, aber irgendwie wollte ich einfach nicht in Kauf nehmen, so eine Niederlage einzustecken. Ich musste mich blitzschnell entscheiden und da ging mir die Gesundheit \u0001 \u0002 ich zur\u00fcckkam, sah ich, dass Emily weinend an der T\u00fcrschwelle stand und ihr Gesicht in ihren H\u00e4nden vergraben hatte. \u201e Was ist denn?\u201c, fragte ich f\u00fcrsorglich. Hektisch wischte sie sich die Tr\u00e4nen weg und versuchte ein kleines L\u00e4cheln auf ihr Gesicht zu zaubern, was ihr aber nicht sehr besonders gelang. \u201e Wei\u00dft du, ich bin nur ein bisschen geschockt. Sonst nichts\u201c, antwortete EM307. Nat\u00fcrlich erkannte ich, dass irgendetwas war, wollte ihr aber nicht noch mal so bl\u00f6d nachfragen. \u201eKann ich vorbei?\u201c, zischte ich nicht Absichtlich. Sie machte den Mund auf und dann wieder zu und z\u00f6gerte kurz, lie\u00df mich dann aber vorbei. Pl\u00f6tzlich fiel mir der Schimmel wieder ein und ich machte auf dem Absatz kehrt. Ich ging kurz sicher, dass mir meine Freundin nicht gefolgt war und fl\u00fcsterte dann in Moonlight`s Ohr: \u201eOh Moonlight, ich wei\u00df nicht was ich tun soll, meinst du ich kann Emily fragen wieso sie geweint hat oder wird sie bedroht und da ist noch jemand im Haus, der mir gar nicht aufgefallen ist und der Emily bedroht hat? Ich komm mir so hilflos vor, aber jetzt muss ich erst mal den Doktor rufen.\u201c Auf einmal lie\u00df ich meinen Gef\u00fchlen freien Lauf und die Tr\u00e4nen kullerten nur so herab. Der Schimmel wieherte tr\u00f6stend und wollte mich wohl dazu anspornen, den Arzt zu \u0001 \u0002 mit einer Brise St\u00e4rke machte ich mich auf den Weg zum Haus und mir viel ein, dass der Dieb vielleicht mein Handy mitgenommen haben k\u00f6nnte. Irgendwie war ich so fertig, doch Moonlight hatte ziemliche Schmerzen. Meine Freundin fand ich im Wohnzimmer auf der Couch vor und sie sah sehr mitgenommen aus, aber ich hatte nur das Bild meines Handys im Kopf und versuchte mich daran zu erinnern, wo ich es zuletzt hingelegt hatte. Ich steuerte die Steckdose in der K\u00fcche an und fand es dort auch vor. Um den Druck von mir zu nehmen schnaufte ich einmal ganz tief durch und w\u00e4hlte dann die Nummer unseres Doktors, der auch Tiere behandelte. \u201eSchmitz, Tier- und Menschenarzt, wer ist am Apparat?\u201c, drang die feste Stimme an mein Ohr. Zitternd stammelte ich: \u201e Hallo,\u2026 hier ist Lilly Flammner, ich\u2026 \u00e4hm also mir geht es nicht so gut und meiner Freundin auch nicht.\u201c Ich konnte ihm nicht trauen und wollte nichts vom Einbruch erz\u00e4hlen und wurde von ihm unterbrochen: \u201eAlso ich schau mir das ganze mal an. Kann ich kommen?\u201c. Auf einmal blieb mir die Stimme fast weg und heiser sprach ich: \u201e Ja, dem Schimmel geht es auch nicht perfekt, er hinkt.\u201c Das waren endg\u00fcltig die letzten Worte die ich noch so heraus brachte, weil ich einen dicken, fetten und unruhigen Klo\u00df im Hals sp\u00fcrte. Zum Gl\u00fcck war das ein Arzt der netten Sorte, der nie das Gespr\u00e4ch mit \u201eBis Gleich\u201c oder \u201e Auf Wiedersehn\u201c beendete, sondern einfach \u0001 \u0002, als er auf dem Hof eintraf zerrte ich die blasse Emily gerade nach drau\u00dfen, wo Moonlight schon wartete. Sein Auto bremste vor uns ab und die Reifen quietschten beim Abbremsen. Er stieg aus, richtete seinen Kittel und fragte uns skeptisch: \u201eWas ist denn mit Moonlight passiert und was ist mit euch?\u201c Dieser Blick lie\u00df mich normalerweise immer erweichen und ich erz\u00e4hlte ihm sonst immer gleich die Wahrheit, aber heute nicht. Ich blieb hart. Aus meiner Freundin wichen pl\u00f6tzlich alle Gesichtsz\u00fcge und sich fing mit einem Schluchzen an. Sie weinte und weinte und erz\u00e4hlte mit tr\u00e4nenerstickter Stimme: \u201eAlso ich bin ins Bad gegangen und habe darin Blutspuren gesehen, es sieht so schlimm aus und auf einmal\u2026 ich kann das nicht erz\u00e4hlen\u201c. Verwirrt starrte Herr Schmitz von ihr zu mir und wieder zur\u00fcck, dann wandte er sich an mich und meinte: \u201e bitte Lilly, erz\u00e4hl mir die ganze Geschichte, ich kenn mich ja nicht aus\u201c. Mir wurde klar, dass mich der Dieb nicht h\u00f6ren konnte, aber dennoch hatte ich Angst. Ich riss mich zusammen und erz\u00e4hlte von dem Diebstahl und dem Kettlein. Kurz erinnerte ich mich an den schwarz bekleideten Mann und mich schauderte, ich wollte die Erinnerungen pl\u00f6tzlich los werden und spuckte jedes einzelne Wort, wie einen alten Kaugummi aus: \"ich stie\u00df auf einen Dieb und der hat... na ja... der hat... \u00e4hm\u2026\u201cIch stockte. Konnte ich ihm vertrauen und ihm die Wahrheit erz\u00e4hlen? Ich warf meiner Freundin einen nerv\u00f6sen Blick zu und zerdr\u00fcckte meine Fingerspitzen, w\u00e4hrend ich meinen Satz fortsetzte: \u201e Also auf jedem Fall hat der mich die Treppe runter geschubst und ist dann abgehauen, ich bin ihm auf Moonlight gefolgt und der hat da schon gehinkt. Aber bitte rufen sie nicht die Polizei.\u201c Der Arzt schaute verdattert herum und sprach dann: \u201eIch sag nichts, versprochen. Aber ich muss es in eine Registerkarte schreiben und wenn die Polizei das \u00fcberpr\u00fcft, dann werden eure Eltern angezeigt.\u201c Ich dachte mir: \u201eOh nein! Dann muss ich ihm vom verschwinden meines Papas erz\u00e4hlen! Und genau das wollte ich ja verhindern!\u201c Doch ich wollte eine Anzeige nicht riskieren und antwortete: \u201eMein Vater wurde mitgenommen und\u2026\u201c Pl\u00f6tzlich wurde mir klar: Emily hat Blutspuren im Bad entdeckt, waren die von\u2026 Nein!!!!!!!!! Das kann nicht sein, daran will ich gar nicht denken!!! Also setzte ich meinen Satz fort: \u201eder Typ hat mir gedroht, wenn ich die Polizei \u2026\u201cDen Rest konnte man unter dem Weinen nicht mehr verstehen. Der Doktor schaute mich mitleidig an, legte seine Hand auf meine Schulter und redete: \u201eNa deinen Papa m\u00fcssen wir suchen, aber jetzt lass mich dich verarzten, du hast ja eine Platzwunde!\u201c Er packte ein paar Sachen heraus und fing damit \u0001 \u0002 Zeit sp\u00e4ter ging es mir wieder gut, genauso wie Moonlight, der sich nur einen Stein eingetreten hatte. Nun war Emily an der Reihe. Herr Schmitz hatte zuvor gesagt, es sei ein Schock, weil sie kein Blut sehen konnte. Als es meiner Freundin wieder gut ging, meinte der Arzt: \u201e Kommt, lasst uns rein gehen und drinnen alles wieder hinrichten.\u201c Wir steuerten gemeinsam die Treppe an und auf einmal kamen alle Bilder wieder hoch, obwohl es nicht einmal dieselbe Treppe war. Pl\u00f6tzlich wurde mir spei\u00fcbel. Ich griff nach dem Gel\u00e4nder um mich einzuhalten, doch ich fing nur leere Luft in meine H\u00e4nde. Da wurde mir schwarz vor Augen und mein Ged\u00e4chtnis war wie ausgel\u00f6scht. Ich hoffe euch haben bisher die beiden Kapitel gefallen und wenn ja, k\u00f6nnt ihr mir ja einen Review !:)",
            "wordcount": "1.159",
            "chapter_release": "13.04.2014",
            "chapter_number": "2"
        },
        "3": {
            "text": "Vor mir h\u00f6rte ich eine besorgte Stimme, die sicher einer Frau geh\u00f6rte, hinter mir sagen. Meine Augen schmerzten, als ich versuchte sie zu \u00f6ffnen. Endlich gelang mir es, doch ich konnte nur verschwommen drei Personen erkennen, die wahrscheinlich nicht gerade erst gekommen waren. Langsam wurde alles scharf und in meinem Blickfeld erschienen Emily, der Doktor und meine Mutter. \u2026Warte, das konnte doch gar nicht sein? Ich versuchte ihr zu schreien, brachte aber keinen einzigen Ton heraus. Ich schnappte nach Luft und wollte die H\u00e4nde in die H\u00f6he um sich auf mich aufmerksam zu machen, doch erst jetzt merkte ich, dass ich gefesselt war. Die engen Lederfesseln schnitten mir protestierend in mein Fleisch. Nicht einmal die Sprache der Diskutierenden konnte ich verstehen, es war alles so unreal und komisch. Als ich gerade versuchte wild herum zu hauen, wurde alles um mich dunkel und gruselig. \u201eMama? Emily? Was ist hier los?\u201c, wollte ich von der Dunkelheit wissen. Nat\u00fcrlich wollte ich nicht aufgeben, sch\u00fcttelte und r\u00fcttelte mich, doch anders als erwartet rutschte ich von der weichen Matratze auf den harten Boden, der sich nicht sehr bequem anf\u00fchlte. Erschreckt kreischte ich auf, als ich auf meiner Schulter landete. Was ist hier los! Ich rappelte mich mit schmerzverzerrtem Gesicht auf. Eilig tastete ich nach einer Lampe, die ich in meiner Hast fast vom Regal schmiss. Leider brachte das nicht viel, weil alles in tiefes D\u00e4mmerlicht getaucht wurde. Ich sah mich um und nach reichlicher \u00dcberlegung befand ich mich in dem Zimmer meiner Mutter, das leider schon seit 11 \u00bd Monaten unbewohnt war. Sie war auf eine Englandtour gegangen und sollte erst in 2 Wochen wiederkommen. Doch jetzt erblickte ich auf einmal ihre riesige Reisetasche und mir schoss das Bild in den Kopf als wir gepackt haben\u2026 Ich musste wohl getr\u00e4umt haben, denn als ich mir verschlafen die Augen rieb und sie kurz darauf wieder \u00f6ffnete, war sie nicht mehr da. In Gedanken versunken wollte ich schon das Zimmer verlassen, doch da riss mich eine Hand zur\u00fcck. Mein leiser Schrei wurde von der anderen Hand ged\u00e4mpft. Da \u00fcbernahm mein Instinkt die Kontrolle, ich biss kurzerhand in sie hinein und als die Hand sich ruckartig zur\u00fcckschob, haute ich mit meinem Ellenbogen in irgendeinen Bauch und erstaunte als ich in das Gesicht von Will erblickte. Seine braunen Augen funkelten Bedrohend und ich f\u00fchlte mich schutzlos. Fast so als k\u00f6nnte er in mich hinein blicken und meine Angst w\u00fcrde ihn empfangen. Er ging eine Stufe h\u00f6her in der Schule als ich und ich wusste reichlich wenig \u00fcber ihn, au\u00dfer, dass er gerade erst hergezogen war und deshalb nur einen Freund hatte: Sammy. Die beiden waren Cousins und waren oft nicht in der Schule, da sie auf \u201eAngeltoren\u201c waren\u2026 das glaubte ihnen niemand\u2026 \u201eWas machst du hier?\u201c, fragte ich ratlos. Er rieb sich schmerzend seinen durchtrainierten Bauch. Ein kleines L\u00e4cheln umspielte seine Lippen, doch dann wurde er wieder schrecklich ernst und antwortete: \u201eKomm, du musst mitkommen! Wir wurden auch von denen \u00dcberfallen. Deine Freundin und diesen alten Mann habe ich schon rausgebracht und deine Mutter wurde auch schon informiert und morgen ist sie da. Wei\u00dft du ich, ich hab schon Ideen wer die Einbrecher sein-\u201c\u2026. \u201eWer?! Los r\u00fcck schon raus!\u201c, unterbrach ich ihn und einen Moment sp\u00e4ter bereute ich, das gesagt zu haben, da er nun rot anlief. Nachdem Will mir klar gemacht hat, runter zu kommen, nickte ich nur und bewegte meine F\u00fc\u00dfe in Richtung Fenster, als mir klar wurde, dass ich den Jungen gar nicht kannte. Also folgte ich gerade einem wildfremden Jungen aus dem Fenster. Ein Seil hang heraus und wir kletterten eilend hinunter. Mit einem Sprung setzte ich am Boden auf und versuchte mein Gleichgewicht zu halte. Daf\u00fcr, dass er gerade eben noch einen Schlag verpasst bekommen hat, landete Will perfekt und hielt mich, als ich zu fallen drohte. Wie Benommen folgte ich ihm. \u201eWie bist du in mein Haus gekommen?\u201c, fragte ich. \u201eNaja, das muss ich dir sp\u00e4ter erz\u00e4hlen\u2026\u201c, antwortete er und \u00f6ffnete mir die T\u00fcr in sein Auto. \u201eLilly! Oh Gott, bin ich froh dich zu sehen!\u201c, schrie Emily mir entgegen. Irgendwie war ich erleichtert, sie zu sehen und setzte mich auf den Sitz. Nachdem Will die T\u00fcr zuschlug, verstummten alle Gespr\u00e4che, und man konnte nur noch den Motor h\u00f6ren, der die Stille nur noch st\u00e4rker unterstrich. Nach einer gef\u00fchlten Ewigkeit brach der Doktor auf dem R\u00fccksitz die Stille: \u201eWo fahren wir hin?\u201c Der Jugendliche neben mir r\u00e4usperte sich: \u201eIn das Krankenhaus, der Herr da hinten\u2026\u201cEr deutete mit dem Daumen auf dem Doktor \u201e\u2026 hat ja nicht die n\u00f6tigen Sachen dabei und \u00fcberhaupt, wer m\u00f6chte in einem Haus sein indem schon Einbrecher herumgew\u00fchlt haben? Und vielleicht ist ja noch jemand drinnen.\u201c Herr Schmitz sch\u00fcttelte nur den Kopf. Kurz darauf waren wir im Krankenhaus und erz\u00e4hlten dem Chefarzt, ich sei vom Pferd gest\u00fcrzt und h\u00e4tte wahrscheinlich eine Gehirnersch\u00fctterung. Das best\u00e4tigte sich tats\u00e4chlich. Ich musste zur \u00dcberwachung ein paar Tage im Krankenhaus bleiben. Pl\u00f6tzlich h\u00f6rte ich eine mir allzu bekannte Stimme, auf die ich vielleicht h\u00e4tte verzichten k\u00f6nnen. Vielleicht. Ich sah an dem kr\u00e4ftigen K\u00f6rper hinunter. Mir verschlug es die \u0001 \u0002. Wieder ein Kapitel fertig. \u00dcber Reviews w\u00fcrde ich mich wirklich freuen!;)",
            "wordcount": "859",
            "chapter_release": "13.04.2014",
            "chapter_number": "3"
        },
        "4": {
            "text": "\u201eKeine Angst, ich tu dir nichts!\u201c, hauchte er mir entgegen. Jetzt war er hier. Bei mir. Der, der mein Leben zerst\u00f6rt hat; meinen Papa verschwinden lassen hat. Der Einbrecher. Sein K\u00f6rper jagte mir einen Schauer \u00fcber den R\u00fccken. Instinktiv schellte ich in die H\u00f6he und r\u00fcckte mit meinem R\u00fccken an die Wand. Die Knie zog ich eng an mich und schlang meine Arme um sie. Mein Kopf schmerzte und ich verzog mein Gesicht. Sogar bis hierher konnte ich seinen Atem riechen. Kaffee. Bier. Eines war klar: Ekelig. Der Dieb bewegte sich auf mich zu, bis uns nur noch wenige Zentimeter trennten. Langsam begann er zu lachen. Laut. Sehr laut. Er wollte mich einsch\u00fcchtern. Das wusste ich. Er durchbrach die Stille leise: \u201eJetzt gibt es keinen Ausweg mehr f\u00fcr dich, ich hab mich als deinen Papa ausgegeben. Du armes Ding. Heul doch! Lauf doch zu deinem Papa\u2026 oh, das habe ich ja fast vergessen: Ich hab ihn ja eingesperrt.\u201c Ein h\u00e4misches Lachen folgte. Es war tief und grob. Er sprach weiter: \u201eWir k\u00f6nnen hier nicht reden, du kommst jetzt mit nach drau\u00dfen! An der Rezeption machst du eine auf: Daddy-und-ich-gehen-spazieren-Fotze! Falls du dir\u00b4s anders \u00fcberlegst: Dein Vati wird es nicht \u00fcberlegen. Hast du mich verstanden?\u201c Ich nickte. Nat\u00fcrlich hatte er mich wieder auf seiner Seite, wenn es um meinen Papa ging. Wie eine Schlange \u2013 so kam er mir auch vor \u2013 zischte er mir entgegen: \u201eHast du mich verstanden, Biest!?\u201c Ein z\u00f6gerliches \u201eJa\u201c folgte. Er nickte in Richtung T\u00fcr und bedeutete mir hinauszugehen. An der Rezeption angekommen fl\u00fcsterte er mir ins Ohr: \u201eL\u00e4chle du Saumensch!\u201c Ich gehorchte. Der Einbrecher zog sehr fest zu. Wir begaben uns in den Garten und da wartete \u0001 \u0002 Herz fing wieder an zu schlagen und ich grinste. Alles war vergessen. Jetzt war Will hier. Aber jetzt traten mir ganz andere Sorgen ins Gesicht: Was um alles in der Welt machte er hier!? Ich wollte schon zu ihm rennen, aber in dieser Situation hielt ich f\u00fcr eine nicht so gute Idee und beschleunigte nur meine Schritte. Bei ihm angekommen l\u00e4chelte er sehr gequ\u00e4lt. Er war definitiv kein guter Schauspieler. Der Dieb redete: \u201eSo, Will wird jetzt einen Test mit dir durchf\u00fchren. Wir wissen wenig \u00fcber dich, aber ich habe schon meine Quellen\u2026\u201c Ich wusste, dass er Emily meinte. Wahrscheinlich hatte er sie ausgequetscht und benutzte das jetzt gegen mich. Mit meinen blauen Augen sah ich mich um und erblickte einen Wohnwagen und einen\u2026 wahrscheinlich irgend so ein Simulator, in dem der Dieb den Test gespeichert hatte. Der Einbrecher meinte: \u201eDu setzt dich jetzt da hin und bekommst dann einen Trank, dann frage ich dich einfache Dinge, damit ich mehr \u00fcber dich herausfinden kann, aber dass uns nicht die halbe \u00d6ffentlichkeit zusieht, gehen wir in den Wohnwagen.\u201c Es war klar, ich musste alles tun was er sagte. Meinem Papa zu liebe. Schon wenn ich begann an ihn zu denken, stiegen mir die Tr\u00e4nen in die Augen. Aber ich blinzelte sie weg und er zog mich in den Wagen. Ohne Will. Ohne Schutz. Ich begann langsam Panik zu bekommen und setzte mich auf den mit Baumwolle \u00fcberzogenen Stuhl. Der Dieb begab sich mir gegen\u00fcber und st\u00fctze seine H\u00e4nde auf den h\u00f6lzernen Tisch. Ich musterte ihn. Nat\u00fcrlich war er maskiert, aber so, dass man es kaum merkte. Am Tag des Einbruchs lugten schwarze kurze Haare hervor-und sie waren definitiv schwarz-aber heute hatte er pl\u00f6tzlich braune lange Rastalocken und er trug einen Bart. Man merkte an dem Zucken seines Mundes, dass er nicht echt war. Es hatte den Anschein, als w\u00fcrde er ziemlich jucken\u2026 Endlich trat Will ein und hatte einen Trank in seiner Hand und sprach: \u201eTrink es aus, du bleibst wie du bist, aber du wirst immer mit der Wahrheit antworten. Viel Gl\u00fcck!\u201c Das Letztere fl\u00fcsterte er nur noch. Ich nahm den Becher und begann zu trinken. Nach etwa 4 Schlucken war alles Leer und ich stellte ihn auf den Tisch. Will ging und ich war wieder auf mich alleine gestellt. Der Mann setzte sich, und der Sessel knarzte protestieren unter seinem Gewicht. Er meinte: \u201eGleich geht es los, wenn du Fragen hast, dann nenn mich\u2026 Martin. Du wei\u00dft hoffentlich, dass das nicht mein echter Name ist.\u201c Ich nickte. Dann ging es los. Er fragte: \u201eWie hei\u00dft du?\u201c Hmm\u2026 ich k\u00f6nnte mich doch Lila oder so nennen. Das w\u00fcrde sich aber dann auch bekloppt anh\u00f6ren und ohne, dass ich Einfluss darauf hatte antwortete ich: \u201eLilly Flammner.\u201c Meine Stimme klang nicht nach meiner. Erst jetzt wurde mir so richtig bewusst, dass er mich ALLES fragen k\u00f6nnte, und ich w\u00fcrde ihm mit der Wahrheit antworten. Die Situation war so gespannt, wie die Luft in dem stickigen kleinen Raum hier. Man h\u00e4tte sie sicher mit einer Rasierklinge durchtrennen k\u00f6nnen. Da kam schon die n\u00e4chste Frage: \u201eWann wurdest du geboren?\u201c Ich gab wieder nur die Wahrheit von mir und so ging es die ganze Zeit weiter\u2026 Bis er zu einer sehr speziellen Frage kam: \u201eWen aus deiner Familie w\u00fcrdest du zu Erst erschie\u00dfen: Deine kleine Schwester Melina, deine Mutter Barbara oder deinen Vater Raphael?\u201c Bei diesen S\u00e4tzen begann er sp\u00f6ttisch zu Grinsen, da er wusste ich w\u00fcrde im echt antworten. Aber woher wusste er das alles!? Emily! Hatte er ihr auch so einen Trank gegeben? Ich konnte meinen Gedanken nicht mehr zu Ende f\u00fchren, weil ich- also eigentlich musste ich gar nichts tun- mit fester Stimme antwortete: \u201eMich\u201c. Ich erschrak bei meinen eigenen Worten. Er starrte mich nur irritiert an, gab aber keine Reaktion von \u0001 \u0002 einer halben Ewigkeit stieg ich wieder aus diesem Wohnwagen aus. Drau\u00dfen wurde ich schon erwartet\u2026 Aber nicht etwa von Will oder Emily. Nein, eine andere Person wartete im Schatten einer gro\u00dfen Eiche auf mich. Sie hielt ein St\u00fcck Papier in der Hand und strich sanft und behutsam dar\u00fcber. Sie hatte die ganze Zeit auf mich gewartet. Jetzt wurde es endlich Zeit. Vorsichtig tappte ich zu ihr vor, mit viel Ruhe und Gelassenheit. Nach jedem Schritt schaute ich um, ob Martin mir gefolgt war. Zum Gl\u00fcck aber war es nicht der Fall und ich setzte mich beruhigt wieder in Bewegung. Nun war ich bei ihr Angekommen und sie dr\u00fcckte mich herzhaft an sich. \u201eMum!\u201c, schrie ich aufgeregt. Sie legte mir nur ihren Finger an die Lippen und \u00fcber gab mir den Brief. Ich wollte meine Mutter schon wieder etwas fragen, doch es wollte mir einfach nicht aus dem Mund weichen\u2026 Mit dem Kopf deutete sie hinter mich, doch ihre braunen Augen konnten meinen nicht entweichen. Sie waren angsterf\u00fcllt und geheimnisvoll. Ich drehte mich um und der Wohnwagen war weg. Mit den Leuten. Mit Will. Ich wollte mich schon wieder zu meiner Mama umdrehen, aber auch sie war mit ihnen verschwunden. Stattdessen stand eine Krankenschwester vor mir und redete auf mich ein. Ich konnte sie nicht h\u00f6ren. Es war, als h\u00e4tte man mir Watte in die Ohren gestopft. Doch Mamas Augen hatten sich bereits in mein Ged\u00e4chtnis gebrannt. Ich w\u00fcrde sie nie wieder vergessen k\u00f6nnen\u2026Wieder ein Kapitel fertig. ;) Herzlichen Dank an Bubblechen und Emily1005. Leider habe ich viele Schwarzleser und ich w\u00e4re echt dankbar, wenn ihr auch Reviews hinterlassen w\u00fcrdet (Egal ob Lob oder Kritik). Also auf Wiederschreiben!:D LG America2607",
            "wordcount": "1.204",
            "chapter_release": "13.04.2014",
            "chapter_number": "4"
        },
        "5": {
            "text": "In diesem Moment f\u00fchlte ich mich einfach unglaublich gl\u00fccklich. Mit Mama stand ich Arm in Arm vor Moonlight. Ich wollte an nichts anderes mehr denken au\u00dfer an Moonlight und meiner Mutter. Es gab schon zu viele Probleme, da tat es gut, nicht an Martin zu denken. \u201eKomm, Lilly. Wir m\u00fcssen zur Polizei gehen, egal was \u2026 Martin zu dir gesagt hat. Er wird es nicht erfahren. Niemand wei\u00df wo Emily, der Doktor und, wie hei\u00dft er noch mal? Aja,\u2026 Will sind\u201c, meinte meine Mama. Jetzt war ich erst mal beruhigt alles Mutter gesagt zu haben. Im Krankenhaus hatte man mich schon wieder entlassen. Genau in dem Moment, als Mami zum Auto schlendern wollt, piepste mein Handy. Schleunigst zog ich es heraus. Es k\u00f6nnte vielleicht Emily sein. Will kannte meine Nummer nicht und Herr Schmitz besa\u00df nicht mal ein Handy. Anders als erwartet war es >Nummer unterdr\u00fcckt<. Ich nahm ab und meldete mich mit meinem Namen. Die Stimme des Anrufers war verzerrt, als er hauchte: \u201eIch werde dich immer finden, sobald du dein Handy bei dir tr\u00e4gst\u2026 Haha! Lilly du bist nicht mehr sicher, egal wo du auch bist oder was du sagst: Ich finde immer einen Weg dir zuzuh\u00f6ren und herauszufinden wo du steckst\u2026\u201c Ein lautes Lachen, das eher einem Grollen \u00e4hnelte, folgte und ich musste mir mein Handy vom Ohr weghalten um keinen Geh\u00f6rschaden davon zu tragen. Noch bevor ich irgendetwas \u00e4u\u00dfern konnte, war nur noch ein Piepsen zu vernehmen. Geschockt lie\u00df ich mein Mobiltelefon sinken und bemerkte, wie Mama mich sch\u00fcttelte. Angst. Schock. Verunsichert. Das waren meine Gef\u00fchle\u2026 Aber da war ein neues, kleines Gef\u00fchl, mitten in meinem Herzen versteckt. Ich verga\u00df alles um mich und suchte nur noch einen Stuhl auf. Langsam lie\u00df ich mich darauf nieder und meine Mutter eilte ins Haus um mir ein Glas Wasser zu holen. Wir hatten das Haus zuvor erstmal nat\u00fcrlich nach weiteren Dieben untersucht, jedoch sind wir beide nicht f\u00fcndig geworden. Sp\u00e4ter hatten wir alles gr\u00fcndlich aufger\u00e4umt und nach jeglichen Spuren gesucht, wobei wir nur die Blutspuren, von denen Emily erz\u00e4hlt hatte, gefunden haben. Sogar das Geschirr wollte meine Mom abgesp\u00fclt haben. Nach kurzer Zeit kam sie mit stillem Wasser in dem sich gerade ein Aspirin aufl\u00f6ste. Um es nicht auszusch\u00fctten vollf\u00fchrte sie einen halben Ententanz, dabei schunkelte sie immer in die Richtung in der das Wasser drohte \u00fcber zu schwappen. Als sie bei mir ankam fragte sie f\u00fcrsorglich: \u201ePasst das? Ich hab dir vorsichtshalber ein bisschen Medizin untergemischt. Ich schaue jetzt noch nach den anderen Pferden, ich hoffe du hast ihnen letztens sehr viel Stroh reingetan\u2026 Ich mein, es sind ja jetzt schon 3 Tage vergangen.\u201c Dabei grinste sie mir bedeutend zu, weil sie wollte, dass ich mir Vorw\u00fcrfe machte. Aber das brauchte ich nicht. Ich hatte Will am Tag an dem ich ins Krankenhaus gekommen war gebeten, das Tor offen zu lassen, damit sich die Pferde immer wenn sie Hunger hatten rausgehen konnten und sich in der riesigen Wiese bedienen konnten. Der gro\u00dfe Weiher konnte ihren Durst stillen. Ich konnte mich auf jedes einzelne Pferd verlassen und wusste, dass alle wieder kommen w\u00fcrden. Bei unseren 9 Pferden war das ja nicht selbstverst\u00e4ndlich. Meine Mutter kam l\u00e4chelnd wieder heraus und meinte: \u201eDas war so klar! Du bist mir wieder \u00fcberlegen. Komm, ich sch\u00e4tzte die Tablette hat gewirkt, so wie du herumtollst. Wir fahren jetzt zur Polizei!\u201c Ich schaute sie irritiert an; das war so typisch. Wieder auf: Ich-sehe-dich-immer-und-\u00fcberall! Sie war ganze 5 Minuten weg und es gab sicher kein Loch in der T\u00fcr. Sie hatte mich also nicht sehen k\u00f6nnen, auch wenn sie es so wollte. Ich erhob mich und lief zum Auto. Da fiel mir das Telefonat wieder ein und ich erz\u00e4hlte ihr davon\u2026Eine Zeit lang fuhren wir ganz normal \u2013 es war ca. eine halbe Stunde Fahrt bis zur Polizeiwache \u2013 bis wir auf einmal 3 Personen an einen abgenagten Pfosten gekauert erblickten. Wir waren die einzigen auf der Stra\u00dfe und Mama bremste stark ab. Schlitternd kamen wir zum Stehen und sprangen f\u00f6rmlich aus dem Auto. Es waren 3 Menschen die wir gut kannten. Jetzt konnte ich nicht mehr anders, denn als ich den niedergeschlagenen Jungen sah, sputete ich los und konnte mir vorstellen wie bekloppt es aussah. Damit es nicht gar so Peinlich aussah, tat ich so als w\u00fcrde ich auf Emily und den Doktor hinlaufen. Ich formte meine Worte im Gehirn \u201eWas macht ihr an diesem Pfosten?\u201c, das w\u00fcrde ich sagen. Aber heraus kam: \u201eWas macht mein Pfosten bei EUCH!?\u201c Geschockt \u00fcber meine Worte hielt ich mir die Hand vor den Mund. Doch schon zu sp\u00e4t. Hinter mir h\u00f6rte ich, wie meine Mutter kicherte. Ich drehte mich um und sah, dass sie sich kr\u00fcmmte vor Lachen. Will, Emily und der Doktor machten es ihr gleich und sie bekamen alle einen Lachflash. Als sich alle wieder beruhigt hatten, meinte der Jugendlich \u2013 immer noch Grinsend, doch er wurde unter seinem Satz wieder ernst - : \u201eDieser Mann hat uns bet\u00e4ubt, aber mir konnte das Gift nichts anhaben, weil ich als Kind eine Bienenallergie hatte und mir genau das als Gegengift gegeben worden war. Ich mich auch bet\u00e4ubt gestellt\u2026 Ich dachte, euer Auto sei ein Wohnwagen und er w\u00fcrde pr\u00fcfen ob wir noch bet\u00e4ubt sind\u2026 Er hat uns eben hier ausgesetzt.\u201c Entsetzt starrten Mom und ich ihn an. Wir beschlossen sie mit zu nehmen und machten uns wieder auf den Weg. \u201eAch ja, und sie wollen also jetzt, dass wir >Undercover< ermitteln?\u201c, stellte der Polizeibeamte die Frage. Zu f\u00fcnft nickten wir und Mama f\u00fcllte das Papier aus. Ihre zitternde Hand fuhr \u00fcber das Blatt. \u201eOk, dann erz\u00e4hlt mal was passiert ist?\u201c, fuhr er fort. Etwa eine dreiviertel Stunde dauerte es, bis jeder von uns seine Sicht hervor gebracht hatte. Danach gingen wir nach drau\u00dfen um in das Zivilauto zu steigen. Es wartete ein quietsch pinkes Fahrzeug auf uns. Echt jetzt!? Das sollte >Undercover< sein?! Doch anscheinend hatte der Polizist unsere Gedanken erraten, denn er sprach: \u201eDas Auto kommt gleich.\u201c Man konnte direkt h\u00f6ren, wie die Gruppe gemeinsam aufatmete. Jetzt war ich fast zufrieden. Die Polizei bot mir Schutz. Ich hatte also Sicherheit. Ich hatte Will. Ich hatte Mama. Aber Papa fehlte. Er w\u00e4re sicher derjenige, der sofort dabei gewesen w\u00e4re. Ich sollte nicht jetzt an ihn denken. Nicht jetzt wo Rettung nahte. Aber ich tat es. Er spukte in meinem Kopf herum, wie ein Irrer. Besser gesagt: Ich konnte fast an nichts anderes denken als an ihn. Fast. W\u00e4re da nicht jemand anders\u2026Hi! :D Jetzt bin ich endlich mal wieder dazu gekommen, ein neues Kapitel hochzuladen! ;) Danken m\u00f6chte ich Bubblechen und Emily1005 f\u00fcr die treuen Reviews! :* ;D Ich w\u00e4r total happy, wenn ich wieder ein paar Kommentare bekommen k\u00f6nnte! XD ;) Wer glaubt ihr, ist der andere, an den Lilly ihre Gedanken auch immer verschwendet? GLG America2607 :D",
            "wordcount": "1.138",
            "chapter_release": "13.04.2014",
            "chapter_number": "5"
        },
        "6": {
            "text": "Blitzschnell huschte ich hinter einen gr\u00fcnen M\u00fcllcontainer. Eigentlich war es ein sch\u00f6ner Hinterhof eines verlassenen Hotels, aber trotzdem war er so gruselig wie ein Friedhof, denn keine einzige Menschenseele war au\u00dfer mir hier zu finden. Der Polizeibeamte hatte zuvor durch das Funkger\u00e4t erkl\u00e4rt, sie h\u00e4tten einen Verd\u00e4chtigen gefunden, den ich schnappen sollte. Aber das Problem war: Ich hatte noch nie jemanden gefangen oder eine Erfahrung damit gemacht. Und eine Waffe hatte ich auch noch nicht benutzt. Das einzige was ich mit einer Waffe am Hut hatte war, dass ich bei meiner Freundin Heike Bogenschie\u00dfen gelernt hatte. Wenn man es genau nehmen w\u00fcrde hatte ich es ihr beigebracht. Seit dem war sie schon so gut, dass sie gar nicht mehr vorbei schoss, sondern sogar schon das Gestell traf. Wir hatten ausgemacht, dass ich erst die Waffe z\u00fccken sollte, wenn ich bedroht wurde. Pl\u00f6tzlich sah ich schon die Umrisse der Person, die ich zur Wache bringen sollte. Doch was musste ich tun\u2026 Ich konnte ja schlecht hingehen und fragen: \u201eM\u00f6chtest du mir zur Polizei folgen?\u201c Ohne jegliche Idee, was ich tun soll trat ich aus meiner stinkenden Deckung und musterte den Mann. So viel Zeit blieb schlie\u00dflich. Ein junger Bursche, der nach selbstgemachter Seife roch. Sein Hemd hatte Kratzer abbekommen und war verwaschen. Das einzige was mir gleich ins Auge fiel waren seine ordentlichen, mit Gel nach hinten gek\u00e4mmten Haare. Unsere Blicke trafen sich. Seine matten blauen Augen schrien Hilfe und dr\u00fcckten Angst aus. Jeder einzelne Nerv meines K\u00f6rpers schrie Bring ihn um! Ich sp\u00fcrte, dass der Zeitpunkt gekommen war. Nicht einmal ich wusste was genau ich da tat, aber ich tat es. Mein Instinkt. Mein Knie schellte in die H\u00f6he und traf den Unbekannten im Bauch. Mit meinem Ellenbogen rammte ich seinen Kopf. Der Junge klappte in sich zusammen. Ich keuchte. Auf die Knie fallend musste ich erschreckenderweise feststellen, dass es mir Spa\u00df gemacht hatte. K\u00e4mpfen machte mir Spa\u00df. Besorgt fasste ich mir an die Schl\u00e4fe. Ich musste hier weg. Aber es war ja Sinn der Sache, den Jungen zu fangen. Meine schwitzende Hand tastete in die Brusttasche des Mannes. Z\u00f6gerlich fischte ich seinen Geldbeutel heraus und betrachtete den Ausweis. \u201eSimon Aachner\u2026 17 Jahre\u2026\u201c, las ich vor. Also der Dieb war definitiv nicht mehr so jung gewesen. Mit einem Mal wich alle Kraft aus mir und ich legte mich auf die Betonpflaster. Schon nach kurzer Zeit war ich eingenickt. Das letzte was ich erblickte, war das stechende Orange der \u0001 \u0002 einer halben Stunde wurde ich geweckt. \u201eSuper! Lilly? Oh\u2026 schl\u00e4ft. Lilly, aufwachen! Du hast es zwar super gemacht aber einschlafen war nicht der Plan gewesen!\u201c, weckte mich die Stimme des Polizeibeamten. Ich blinzelte gegen das bei\u00dfende Sonnenlicht an st\u00fctzte mich auf den Ellenbogen. Der m\u00fcrrische Mann, auf dem Schild >Herr Sager< stand, fing nun an zu l\u00e4cheln und meinte: \u201eDas war doch nur Spa\u00df! Den Typen haben wir schon in die Station gebracht. Steh auf, dann k\u00f6nnen wir los.\u201c Er reichte mir die Hand, aber ich lehnte sie ohne Worte ab und kroch von dem brennenden Asphalt. Will, Emily, Doktor Schmitz und meine Mutter warteten schon vor dem schwarzen Landrover. Meine Mama schloss mich f\u00fcrsorglich in die Arme, genau wie Emily. Will l\u00f6ste sich auch aus seiner Position und dr\u00fcckte mich auch. Zuerst war ich verwirrt, doch dann erwiderte ich seine Umarmung. \u201eIch habe geh\u00f6rt, dass der Verd\u00e4chtige \u2013 wie ich \u2013 auch 17 sein soll\u2026 stimmt das?\u201c, wollte nun der Jugendliche von mir wissen. Es war klar heraus zu h\u00f6ren, dass er unbedingt betonen wollte, dass er schon 17 ist. Ich nickte. Wir wurden von Herrn Sager gerufen und stiegen ins Auto, das Zeitgleich los rauschte. \u201eAlso, wir m\u00fcssen uns Decknamen \u00fcberlegen! Vorschl\u00e4ge?\u201c, meinte der Polizist und zog sogleich ein neues Schildchen heraus. W\u00e4hrend er es durch die Luft zog, konnte ich nur noch etwas mit >Stroh< lesen und konnte mir ein Grinsen zu verkneifen, deshalb fragte ich: \u201eUnd, wie wollen sie sich nennen?\u201c Mit einem Blick durch den R\u00fcckspiegel klemmte er es auf und antwortete: \u201eBockstroh\u2026 vielleicht nehmen wir einen lustigen Namen, und wir spielen Familie. Es geht nicht anders! Sonst k\u00f6nnte man etwas merken.\u201c Will und ich blickten uns an und prusteten los. Er schlug sich mit der flachen Hand auf den Oberschenkel und streifte meine Schulter. Seine Hitze str\u00f6mte bis zu mir. \u201eLos, wie wollt ihr euch nennen?\u201c, war seine Reaktion. \u201eD\u00f6rte\u201c, presste ich hervor, worauf sich das ganze Auto sch\u00fcttelte vor Lachen - au\u00dfer Herr Sager. Nun kam auch Emilys Antwort: \u201eIch bin die Hedwig!\u201c Passend zu diesem Namen verzog sie ihr Gesicht und alle kr\u00fcmmten sich. \u201eDann bin ich Tommily!\u201c, kam es von Will. Wieder quietschte das Fahrzeug unter unseren Bewegungen. \u201eIch will Isolde sein\u201c, meldete sich nun meine Mutter zu Wort. Wieder fingen wir an zu lachen.\u201eDann bleibt mir wohl nur Adalbert, der bin also ich\u201c, kam es von dem sonst so stillen Doktor. Wir sa\u00dfen zu viert hinten eingequetscht und weinten fast vor Lachen. \u201eWir sind Familie Bockstroh und ich hei\u00dfe mit Vornamen Torben! Ok, also ich bin der Vater, Rena\u2026 \u00e4hm Isolde ist meine Frau. Hedwig und D\u00f6rte sind unsere T\u00f6chter. Tommily ist D\u00f6rtes Freund. Und Adalbert ist der Vater von Tommily. Wir sind immer ganz nett. Also \u00dcbertreiben. Wir sagen, dass D\u00f6rtes und Hedwigs Onkel verschwunden ist. Am besten wir h\u00e4ngen Plakate aus, oder?\u201c, bestimmte Herr Sager. Wir stimmten ihm zu und Will und ich liefen rot an. Pl\u00f6tzlich flammte ein Gef\u00fchl in mir auf. An der Landschaft konnte ich erkennen, dass wir uns auf einem Gel\u00e4nde befanden- dem Kopierzentrum. Drinnen sah es genauso aus wie au\u00dfen, alles aus Beton. Alle folgten dem Polizisten, der nun auch seine Uniform nicht mehr trug. Das Sonnenlicht fiel durch ein Dachfenster, welches nur halb ge\u00f6ffnet war. In oranges Licht getaucht schlenderten wir zum Informationsstand. Eigentlich w\u00fcrde sich hier ein Beamter zurecht finden, aber wir tun ja wie eine Nichtsahnende Familie. Mit einem Schritt r\u00fcckw\u00e4rts w\u00e4re ich fast in meinen neuen \u201eVater\u201c hineingelaufen, der sehr abrupt stehen blieb und Emily und mir einsch\u00e4rfte: \u201eIhr m\u00fcsst auch sehr niedergeschlagen wirken und nicht so herumtollen wie jetzt. Aber versucht euch zu benehmen\u2026 ihr seid ja schlie\u00dflich 16. Manchmal, wischt euch \u00fcber die Augen, als w\u00fcrdet ihr Tr\u00e4nen wegwischen wollen.\u201c Wir nicken wie auf Kommando und begeben uns wieder auf dem Weg zu der Frau in dem Betonkasten. \u201eEntschuldigung, wo geht\u2019s denn zu den Vermisstenplakaten?\u201c, fragte Herr Sager die Frau mittleren Alters. Sie lenkte ihren Blick auf einen Plan, der vor ihr lag, dann musterte sie uns und ihr Blick blieb an mir h\u00e4ngen. Schnell befolgte ich den Ratschlag von Torben und fuhr mir \u00fcber die Augen. \u201eDen Gang da entlang\u2026\u201c Sie deutete mit ihrem roten Kugelschreiber auf die linke Seite \u201e\u2026 und dann einfach zweimal links abbiegen und die dritte T\u00fcr von rechts.\u201c Wir wandten uns ab und folgten ihren Anweisungen. \u201eSo, f\u00fcllt doch mal diesen Fragebogen aus.\u201c, verlangte der Kopierbeamte und dr\u00fcckte ihn mir in die Hand. \u201eAber geht bitte raus.\u201c Wir setzten uns auf die St\u00fchle und \u00fcberlegten. \u201eOk, also Name\u2026 Michael Bockstroh. Alter: 44. Augenfarbe: Blau. Haarfarbe\u2026 wie soll er denn aussehen?\u201c, fragte ich nun. \u201eWir haben ihn ja in der Datei bei uns im B\u00fcro schon, nur k\u00f6nnen wir mit dem in andere Shops gehen, weil der Dieb sich nicht erkennt uns so auch keine Gefahr sch\u00f6pft. Ich w\u00fcrde sagen er ist moppelig und hat\u2026 braunes Haar\u2026?\u201c, erkl\u00e4rte Torben. Alle nickten und ich schrieb es hinein. \u201eSonstiges: Er tr\u00e4gt einen Bart und eine knallgelbe Brille. Seine auffallend kleine Gr\u00f6\u00dfe macht ihn sehr schwach. Letzter Aufenthaltsort: In der N\u00e4he von Stuttgart\u201c, vervollst\u00e4ndigte ich den Zettel. \u201eAber wir sind doch gar nicht in Stuttgart!\u201c, protestierte Will, doch Herr Sager winkte ab. Wir gaben ihn ab und der Mann l\u00e4chelte gekonnt: \u201eDanke, ich bin mir sicher mit so viel Informationen k\u00f6nnen wir ihn sicher ausfindig machen. In der N\u00e4he von Stuttgart? Das ist aber weit weg\u2026.\u201c Der Beamte meinte: \u201eJa, es ist ja auch nur mein Bruder, aber er hat keine Frau und ich bin der n\u00e4chste Bekannte, nat\u00fcrlich mit meinen beiden allerliebsten T\u00f6chtern.\u201c Dabei dr\u00fcckte er uns so fest und ich verstand. Mit einer traurigen Geste wischte ich mir \u00fcber die Augen und zog meine Nase hoch. \u201eDurch sie werden wir Robert bestimmt wieder finden\u201c, schniefte ich \u00fcbertrieben. Erst nachdem ich es gesagt habe fiel mir mein Fehler ein: Ich hatte Robert gesagt! Will neben mir hielt sich die Hand vor dem Mund um nicht laut los zu lachen, aber er verwandelte die Geste in ein geschocktes Aufsehen. Dem Kopierer mit dem stoppeligen Bart fiel mein Versprechen jedoch zum Gl\u00fcck nicht auf und er machte seinen Job. Nach einer Weile teilte er uns die Bl\u00e4tter aus und ich \u00fcberflog einen nur kurz. Der Stapel war so schwer, dass ihn der Beamte tragen musste. Beim Hinausgehen meinte ich noch: \u201eVielen Dank, so werden wir meinen Cousin schnell wiederfinden!\u201c Der irritierte Kopierbeamte meinte: \u201eIch dachte, es sei zwar dein Onkel, aber auch egal.\u201c Schnell st\u00fcrmte ich hinaus und wir alle brachen in einen Lachanfall aus. \u201eSo, jetzt m\u00fcssen wir die Stapel verteilen. Lasst uns das mal machen!\u201c, schlug Torben vor und alle stimmten ihm zu. Hastig griff sich jeder einen kleineren Stapel und wir stapften los. Mit der Sonne im R\u00fccken und Wind in den Haaren klebte ich den Ersten an einer Laterne an. Die Bewegung, die ich aus dem Augenwinkel wahrnahm jagte mir einen Schauer \u00fcber den \u0001 \u0002! Ich hoffe euch hat das Kapitel gefallen! ^^ Es war zwar dieses Mal nicht so spannend, aber ich verspreche es: Das n\u00e4chste Kapitel wir es! ;) Wie immer, freu ich mich \u00fcber Reviews (Wer nicht?!)! :DLG America2607",
            "wordcount": "1.603",
            "chapter_release": "13.04.2014",
            "chapter_number": "6"
        },
        "7": {
            "text": "Die Sonne blendete mich in die Augen, als ich an dem kr\u00e4ftig gebautem Mann nach oben sah. Aber das st\u00f6rte mich nicht, denn das war in diesem Augenblick mein geringstes Problem. Langsam machte ich einen Schritt r\u00fcckw\u00e4rts, bis ich die Stange in meiner Wirbels\u00e4ule sp\u00fcrte. Es gab kein Zur\u00fcck mehr und niemand konnte mir helfen. Der Doktor und der Polizeimann waren gemeinsam in den Caf\u00e9s verschwunden. Meine Mutter machte in den Kleidungsgesch\u00e4ften suche nach dem Dieb. Emily war in den Nebenstra\u00dfen verschwunden\u2026 und Will\u2026 nun, das wusste ich selbst nicht einmal. Der Mann zwirbelte seinen kleinen Bart und schien zu \u00fcberlegen. Er zog die Augenbrauen zusammen und stammelte: \u201eIrgendwo her kenne ich diesen Mann\u2026 Ist das dein Vater?\u201c Ich hatte keine Ahnung woher er wusste, dass der >Scheinmann< etwas mit mir zu tun hatte, aber dennoch bastelte ich eine Antwort zusammen und kramte in meinem Gehirn nach einem Dialekt: \u201eNop, das ist mein Onkel.\u201c Seine n\u00e4chste Frage war: \u201eSeit wann vermisst du ihn?\u201c Er zog seine Augen zu schlitzen zusammen. Ich legte meine Stirn in Falten und tat so, als m\u00fcsse ich sehr schwer \u00fcberlegen: \u201eAlso\u2026 wahrscheinlich sind es jetzt schon so um die 2 Tage, wieso? Haben sie ihn gesehen?\u201c Obwohl es gar nicht sein konnte, dass er ihn gesehen hatte, meinte er: \u201eJa, der war gerade in einem Lokal hier um die Ecke, ich zeig es dir\u2026\u201c Ich nickte. Weil mir nichts anderes \u00fcbrig blieb als ihm zu folgen. Oder weil ich einfach glauben mochte, dass er meinen wahren Vater gesehen hatte. Ich folgte ihm also, wenn auch \u0001 \u0002 Dieb setzte sich in Bewegung und schien gar nicht mit zu bekommen, als Will hinter mir auftauchte. \u201eWas machst du denn nur? Da hast du mich vergessen, also: Zeig wie gut du schauspielern kannst, ich komme n\u00e4mlich mit! Ich bin ja schlie\u00dflich dein Freund!\u201c, meint er in gespieltem vorwerferischen-ton. Wir verschr\u00e4nkten die H\u00e4nde in einander und schlendern ihm hinterher.\u201eNa, Sch\u00e4tzelein, m\u00f6chtest du, meine Liebe, dir mit mir Spaghetti teilen?\u201c, fragt mich Will mit einem total breiten L\u00e4cheln auf den Lippen. Ich muss mich z\u00fcgeln um nicht laut loszulachen. \u201eNat\u00fcrlich, Tommily, mein lieber, das w\u00fcrde ich von Herzen gern tun.\u201c Will legte seine Hand sachte auf meine Taille und die andere noch zum Mitlesen auf die Ausw\u00e4hlkarte, w\u00e4hrend er sich bem\u00fchte interessiert zu wirken. Der Mann von dem wir bisher nichts wussten warf uns schon die ganze Zeit komische Blicke zu. Vielleicht wusste er von unserer L\u00fcge\u2026 Er r\u00e4usperte sich und erkl\u00e4rte: \u201eAlso, Lilly, du musst mich nicht anl\u00fcgen. Ich wei\u00df, du kennst mich nicht, aber bitte vertrau mir. Dein Vater hat dir viel verheimlicht. Ich bin dein Onkel. Ich wusste, dass der Mann auf dem Plakat niemand aus deiner Familie ist. Aber ich kann dir helfen. Mein Name ist Johannes.\u201c Ich verlor fast das Gleichgewicht, weshalb ich mich an der abgenutzten Tischkante festkrallte und mir die Kinnlade runterklappte. Ich versuchte mich zu fassen und stammelte: \u201eO Gott\u2026 Woher kennst du mich, weist du von dem Dieb und\u2026 Wei\u00dft du wo Papa ist?\u201c Die Worte rutschten einfach so heraus, ohne dass ich auch nur eins davon h\u00e4tte bestimmen k\u00f6nnen. Mein angeblicher Onkel rutschte auf seinem Stuhl in dem Fastfood-salon hin und her und seine Kiefermuskeln bewegten sich. Er \u00fcberlegte und antwortete dann: \u201eNein, aber ich habe einen Brief bekommen. Kommt mit!\u201c Nat\u00fcrlich traute ich diesem wildfremdem Mensch nicht, aber ein Brief von meinem Vater\u2026 Das \u00e4nderte die Tatsachen gleich noch einmal um 180\u00b0. Trotzdem konnte ich ihm doch nicht alles einfach so abkaufen. Anscheinend war Will auch der selben Meinung, denn er dr\u00fcckte seine Finger st\u00e4rker um meine H\u00fcften. Ich sah ihn an und bemerkte, dass er sich auf die Lippen biss und sie dann zu einem schmalen Strich zusammenpresste. Die Fr\u00fchlingssonne spiegelte sich in der Kaffeetasse wider. Unerwartet sprach der Jugendliche neben mir: \u201eGanz ehrlich: Woher sollen wir wissen dass wir Ihnen vertrauen k\u00f6nnen, Johannes?\u201c Der Mann gegen\u00fcber von uns versuchte seine aufkreuzende Wut zu verbergen, doch ich war gut darin Menschen zu lesen, deswegen bereitete mir das auch null Probleme. \u201eH\u00f6rt zu! Ich wei\u00df, nat\u00fcrlich k\u00f6nnte das jeder sagen, aber glaubt mir! Bitte, Lilly! Du kennst mi\u2026 Nein, du kennst mich nicht, aber bitte!\u201c, flehte Johannes. Ich sp\u00fcrte Wills Blick auf mir, doch ich beachtete ihn nicht. Es war einfach zu verlockend\u2026 Ich konnte nicht anders, streckte den R\u00fccken durch, sodass Wills Hand herunterrutschte, strich eine Str\u00e4hne hinters Ohr und antwortete: \u201eOk, wir kommen mit!\u201c Ich sprang so pl\u00f6tzlich auf, dass mein Stuhl fast umfiel. Ich musste ihm glauben. Und ich wollte auch. In den Mann kam nun auch wieder Bewegung, als er fragte: \u201eWie hei\u00dft eigentlich er da neben dir? Ich glaube nicht, dass du Tommily hei\u00dft. Und ist das jetzt dein Freund, weil ich hab noch kein solch schleimiges Getue bei einem P\u00e4rchen gesehen\u2026.?\u201c Ich konnte mir ein Grinsen nicht verkneifen. Mit einem Blick zu Will stellte ich fest, dass auch er sich den Mund hielt. Eigentlich wollte ich schon antworten, aber das machte Will nett f\u00fcr mich: \u201eIch bin Will und wir sind eigentlich kein Paar, aber ich mag sie echt gerne! Leider war das alles nur gespielt, weil wir uns decken mussten.\u201c Ich blickte ihn geschockt an. Er mochte mich! Aber er war doch schon in der 10. Ich riss mich zusammen und wollte wissen: \u201eGehen wir?\u201c Johannes blickte uns an und nickte. Er f\u00fchrte uns zu einem BMW, der schwarz lackiert war. Vorne stieg Johannes ein. Ich setzte mich auf den Beifahrersitz und Will nach hinten. Mit einem brummen startete der Motor und schon sausten wir der untergehenden Sonne entgegen.>Johannes Flammner< stand in silbernen Lettern in das Tonschildchen eingeritzt. Ich pr\u00e4gt mir alles gut ein. Mein angeblicher Onkel steckte den gl\u00e4nzenden Schl\u00fcssel in das Schloss. Mit einem Klack \u00f6ffnete sich die T\u00fcr. Alles war in einem schlichten Ton gehalten. Wei\u00df und gr\u00fcn schm\u00fcckten das ganze Haus. Ich bemerkte, dass Will und Johannes in ein Gespr\u00e4ch verwickelt waren. Nun ja, ich nahm an, dass das meine Chance war mich umzusehen. Langsam fing ich an zu st\u00f6bern. Alles war steril und kein einziges Staubk\u00f6rnchen zu sehen. Je weiter ich kam, desto unvorsichtiger wurde ich. Neugierig begann ich das obere Stockwerk zu erkunden. Mit kleinen Schritten erklomm ich die Treppe. Ich wollte nicht wissen, was Mom sagen w\u00fcrde, wenn sie das hier sehen w\u00fcrde. Wenn man mal alles zusammen z\u00e4hlen w\u00fcrde, war es ein Puzzle, das nicht existierte, aber trotzdem immer da war. Egal wo man war oder was man tat. Es lag vor einem, aber wenn man die Hand danach ausstreckte verschwand es. So war es jetzt auch. Ich war also hier in einem wildfremden Haus. Mit 2 Jungs, die ich beide nicht kannte. Leise betrat ich einen Raum mit Bildern, alles war voll. Sie waren gemalt worden. Von meinem angeblichem Onkel. Die Gem\u00e4lde waren sch\u00f6n. Ich brauchte eine Weile bis ich erkannte was sie darstellten. Doch das, was ICH in ihnen sah, war atemberaubend. Sie stellten mich dar. Wieso ausgerechnet mich? Auf dem zweiten Blick sah ich noch etwas. Eine zweite Person, bei der auf jedem Bild der Kopf verschwommen war. Es war mein Vater. Nur ein einziges Gem\u00e4lde zeigte ihn genau. Ein Schrei blieb in meinem Hals stecken. Was soll das? Meine Kinnlade klappte nach unten. Meine zarten Finger fuhren die Konturen meines Vaters nach. Er fehlte mir so unendlich. Trauer ballte sich in mir auf. Ich versuchte das Schluchzen zu verbergen, doch ich konnte nichts dagegen machen. Der Klo\u00df in meinem Hals wurde immer dicker, egal wie sehr ich hoffte gegen ihn an zu schlucken zu k\u00f6nnen. Ich fiel auf die Knie und vergrub meinen Kopf in meinen H\u00e4nden. Das Schluchzen wurde lauter und verwandelte sich in ein tiefes Weinen. Ich bebte und bemerkte kaum, wie zwei Personen die Treppe heraufstr\u00f6mten und die T\u00fcr knarzend aufgesto\u00dfen wurde. Will kam herein und schloss mich in die Arme. Ich sch\u00fcttete mein Herz auf seiner Schulter aus. Er wiegte mich hin und her, w\u00e4hren Johannes nur daneben stand und zuschaute. Ich wollte irgendetwas zerst\u00f6ren, aber was? Meine Augen wurden tr\u00fcb und schwer. Weit in der Ferne h\u00f6rte ich wie Johannes uns anbot bei ihm zu \u00fcbernachten. Will nickte und ich war dankbar. Vielleicht k\u00f6nnte ich mich in der Nacht hierher stehlen und das Bild meines Papas besuchen und bewundern. Innerlich versprach ich mir das um mich zu beruhigen. Johannes brachte uns in ein G\u00e4stezimmer. Die beiden Betten standen sich gegen\u00fcber. Mit einem plumpsenden Ger\u00e4usch lie\u00df ich mich auf das Rechte fallen. Mein Lid wurde schwer und klappte nach unten. Innerhalb von Sekunden fiel ich in einen Tiefschlaf. Das letzte was ich erblicken konnte war die rote Wand. Sie erinnerte mich an das Blut im Badezimmer. An \u0001 \u0002! So, hier ist also das 7. Kapitel\u2026 Ich hoffe es hat euch gefallen und ich w\u00fcrde mich sehr \u00fcber Kommentare freuen ;)LG America2607",
            "wordcount": "1.476",
            "chapter_release": "13.04.2014",
            "chapter_number": "7"
        },
        "8": {
            "text": "Als ich die Augen aufschlug h\u00f6rte ich zuerst nur Geschirrgeklapper, doch als ich noch genauer die Ohren spitzte konnte ich sogar Stimmen vernehmen. Zuerst nur die von Onkel Johannes, dann auch Wills. Mit einer flinken Bewegung schwang ich mich \u00fcber die Bettkante und fuhr mir durch die Haare. Wie ich schon erwartete, hatte ich immer noch meine Hot-Pants und die wei\u00dfe Bluse an. Langsam und mit schweren Schritten schleppte ich mich nach unten und hielt kurz vor der T\u00fcr inne. Sie sprachen \u00fcber mich. Also beschloss ich erst mal ihnen zu zuh\u00f6ren\u2026\u201eIch wei\u00df du magst sie, aber ich kann sie dir nicht einfach so geben. Sie ist wie eine zweite Tochter. Ich male nur sie. Und da sie nun keinen Vater mehr hat werde ich euch aufnehmen und ihr k\u00f6nnt nicht mehr raus!\u201c, fl\u00fcsterte Johannes. Durch den Spalt in der T\u00fcr konnte ich sehen, dass er bei dem letzten Satz unversch\u00e4mt grinste. Verr\u00e4terisch. Zwar konnte ich nur sein Gesicht sehen, aber diese Geste langte mir. Aber\u2026 Er wollte, dass wir hier blieben?! Oh mein Gott! Mit einem Knall riss ich die T\u00fcr auf. Und erstarrte. Johannes zeigte -anders als erwartet- mit einer Pistole auf ihn. Der Jugendliche stand mit dem R\u00fccken zur Wand und hatte die H\u00e4nde hoch erhoben. Jedoch \u00e4nderte mein Onkel jetzt seine Position und die Waffe zeigt auf mich. Vor Schreck konnte ich mich nicht bewegen und riss die Augen auf. Will versuchte mir zu verstehen zu geben, dass ich abhauen sollte. Meine Beine f\u00fchlten sich wie Wachs an und ich konnte mir selbst in meiner Fantasy nicht vorstellen, sie zum Gehen zu bringen! \u201eKeine Bewegung, Lilly, mein Schatz!\u201c, befahl mir Johannes. Er nannte mich Schatz?! Das brachte ich einfach nicht fertig. Niemals h\u00e4tte ich geglaubt, dass ich f\u00e4hig war jemanden zu schlagen\u2026 jetzt wusste ich es\u2026 Ich l\u00f6ste mich aus meiner Starre und trat einen Schritt vor. Und schlug meinem Onkel mit voller Wucht auf die Nase. Er war zu verwundert und lie\u00df die Pistole fallen. Ich drehte mich um 180\u00b0 und lief einfach davon. Egal wohin. Hauptsache weg. Mit einer Handbewegung wollte ich schon die T\u00fcr \u00f6ffnen, da wurde ich an der Taille gepackt und zur\u00fcckgezerrt. Pl\u00f6tzlich \u00fcberkamen mich Tr\u00e4nen und ein Schleier verdeckte meine Sicht. Ich sch\u00fcttelte und r\u00fcttelte mich um freizukommen. Dann sah ich Will. Er stand da, locker eine Pistole in der Hand. Wie in Actionfilmen. Nur sein Gesicht, das rot vor Wut und gleichzeitig \u00e4ngstlich aussah \u00e4nderte die Tatsache. \u201eJohannes! Lass sie los!\u201c, br\u00fcllte der Jugendliche und zielte auf unser B\u00fcndel aus Armen und Beinen. Zum Pech von uns beiden h\u00f6rte er nicht darauf und war drauf und dran mich gegen die Wand zu verfrachten. Ein Schuss l\u00f6ste sich. Dann noch einer. Zuerst wusste ich gar nicht wo der Schmerz herkam, durch den ich zu Boden sackte. Doch dann merkte ich es, nachdem mein Oberschenkel schmerzhaft gegen die Fliesen klatschte. Auch Johannes ging zu Boden. Ich riskierte einen Blick zu ihm und sah, dass er sich den rechten Arm hielt. Mein Kopf rollte wieder zur Seite. Mein Bein schmerzte h\u00f6llisch. Dann war Will \u00fcber mir. Verzweifelt packte er mich und wollte mich hochheben, aber mein Onkel blieb auch nicht unt\u00e4tig und packte mich wieder. Ich st\u00f6hnte wegen den Schmerzen auf und bekam nur noch weit entfernt mit, wie Johannes mich wieder zu Boden gleiten lie\u00df, Will und mich fesselte und uns beide in den Keller brachte. Er schloss die T\u00fcr und sperrte ab. Der Jugendliche schrie etwas und fuchtelte die ganze Zeit w\u00fctend umher. Soweit er sich noch bewegen konnte. Ein paar Minuten sp\u00e4ter hatte er sich beruhigt und ein K\u00fcchenmesser wurde durch die T\u00fcr geschoben. Will sah zuerst verdutzt aus, nahm es dann aber in den Mund und schlitzte sie die Fesseln auf. Kaum ein paar Herzschl\u00e4ge sp\u00e4ter war er bei mir. Mit Hilfe des Messer half er auch mir aus den Fesseln und half mir auch beim aufsitzen. Er hatte den Arm um mich gelegt und sprach: \u201eO Gott, es tut mir so leid! Ich h\u00e4tte kein zweites Mal schie\u00dfen d\u00fcrfen. Lilly, ich sch\u00e4me mich zu tiefst f\u00fcr meinen Fehler!\u201c Alles was ich herausbrachte, war nur ein Kr\u00e4chzen: \u201eAlles Okay.\u201c Will versuchte zu lachen, wobei er aber kl\u00e4glich scheiterte. \u201eLass mich mal deinen Fu\u00df sehen\u201c, verlangte er von mir und ich streckte ihm mein Bein entgegen. Behutsam strich er um die Wunde und meinte dann: \u201eSieht gar nicht so schlimm aus\u2026\u201c Sogar ein Stummer h\u00e4tte geh\u00f6rt wie un\u00fcberzeugt Will war. Ich nickte und er streifte \u201ezuf\u00e4llig\u201c meine Hand. Unsere Blicke streiften sich. Ich las darin nichts anderes als Verlangen. Pures Verlangen. Schon lagen seine Lippen auf meinen. Mit einer Hand st\u00fctzte er sich hinter mir an der Wand ab und die andere platzierte er auf meiner Wange, die er immer wieder auf und ab strich. Jedoch intensivierte er nun den Kuss und so mit auch den Druck auf meine Wange. Es war mein erster Kuss, also presste ich nur meine Lippen auf seine. Ohne, dass ich etwas dagegen tun h\u00e4tte k\u00f6nnen, legten sich meine H\u00e4nde auf seinen Bauch. Ich sp\u00fcrte seinen Sixpack. Und seinen pulsierenden Herzschlag. Am liebsten wollte ich jetzt, dass das Hemd nicht mehr da war.\u201eSchon so lang habe ich mich danach gesehnt\u201c, raunte er in mein Ohr. Bei dem Klang seiner rauen Stimme durchlief mich eine G\u00e4nsehaut und die kleinen H\u00e4rchen an meinen Armen stellten sich auf. Ich war noch ganz au\u00dfer Atem und nickte deshalb nur. Will strich eine Haarstr\u00e4hne aus meinem Gesicht und setzte sich wieder. Nach einer Weile durchbrach ich die Stille: \u201eWie kommen wir hier raus\u2026?\u201c Ich sp\u00fcrte Wills Blick auf mir, als er antwortete: \u201eDa habe ich schon eine Idee, aber wenn wir drau\u00dfen sind, was sollen wir dann machen? Wir wissen jetzt sicher, dass er es war und m\u00fcssen ihn anzeigen\u2026\u201c W\u00e4hrend er noch gr\u00fcbelte, bahnten sich bei mir wieder Tr\u00e4nen der Verzweiflung den Weg an die \u00d6ffentlichkeit. Als Will sie bemerkte tr\u00f6stete er mich: \u201eHey, S\u00fc\u00dfe, nicht weinen!\u201c Ich schniefte und er wischte mir die Tr\u00e4nen aus den Wangen. \u201eWarte\u2026 ich habe eine Idee, wie wir hier rauskommen!\u201c Zum Beweis hielt er ein St\u00fcck Draht triumphierend in die H\u00f6he. Ich grinste und er schritt damit auf die T\u00fcr zu. Bevor er das Teil jedoch in das Schl\u00fcsselloch steckte, kam er nochmal zu mir und half mir auf die Beine. Will st\u00fctzte mich und zusammen stolperten wir zur T\u00fcr. Abwartend hielt ich die Luft an, als er den Draht in die T\u00fcr schob. Mit zitternden Fingern stocherte mein neuer Freund darin herum. Das T\u00fcrschloss knackte! Kaum merklich \u00f6ffnete sich die T\u00fcr. Ich fiel Will um den Hals. Wir waren frei. Zwar noch nicht ganz, aber schon ein St\u00fcck n\u00e4her \u0001 \u0002! Tut mir leid, dass es so lange gedauert hatte\u2026 Ich hoffe euch gef\u00e4llt das Kapitel und der ein oder andere Leser l\u00e4sst mir auch ein Review da XD ^^GLG America2607",
            "wordcount": "1.145",
            "chapter_release": "13.04.2014",
            "chapter_number": "8"
        },
        "9": {
            "text": "Gespannt hielt ich die Luft an. Will hob mich hoch, da ich nicht wirklich gut gehen konnte. Doch drau\u00dfen setzte er mich ab und sah sich um. Das gab es doch nicht! Ich sollte jetzt auch noch Treppen steigen?! Doch bevor ich auch nur irgendetwas erwidern kann, werde ich von Will wieder nach hinten gezerrt und er meint: \u201eHey, der wartet da jetzt bestimmt auf uns\u2026 wir brauchen Waffen!\u201c Noch bevor er den Satz fertiggesagt hatte, suchte er schon alles ab. Bis er bei einer Kiste h\u00e4ngen blieb. Ich nahm derweil das scharfe K\u00fcchenmesser und sah es pr\u00fcfend an, w\u00e4hrend ich ihm erkl\u00e4rte: \u201eDAS ist meine Waffe! Ich wei\u00df wie man damit umgeht!\u201c Zur Best\u00e4tigung t\u00e4uschte ich Angriffe auf ihn vor. \u201eHey, ruhig. Das h\u00e4tte meine Idee sein k\u00f6nnen\u2026 ich nehme das kleine Schneidemesser hier!\u201c, meinte Will und hob es in die H\u00f6he. Damit machten wir uns humpelnd auf den Weg nach oben. Ich \u00fcbernahm die rechte Seite, er die Linke. Langsam schlich ich die Mauer entlang und stoppte vor der ersten T\u00fcr. Wenn ich mich recht erinnerte, musste hier das Wohnzimmer sein. Langsam schlich ich hinein und hielt inne. Hier war zuerst jemand gewesen\u2026Da hier niemand mehr war ging ich in den n\u00e4chsten Raum. Ich blickte in eisige Augen. Johannes. Schnell weg hier. Nur hatte er mich schon bemerkt und kam nun mit einem Messer in der Hand zu, w\u00e4hrend er sprach: \u201eIch tu dir nichts, aber was sein muss, muss sein!\u201c \u201eWill!\u201c, kreischte ich panisch und wollte aus dem Raum st\u00fcrmen, als er mir mit seiner riesigen Hand den Ausweg versperrte. \u201eNicht so schnell, meine Liebe! Dein Papa wartet doch eh nicht auf dich!\u201c, schrie er mich sp\u00f6ttisch an. So gut wie eben nur m\u00f6glich, versuchte ich ihn auszublenden. Ich wollte einfach nur aus diesem Haus! Und nie wieder hier her! Johannes drehte mir mit einem flinken Griff das Handgelenk um, sodass ich das Messer schreiend fallen lie\u00df. Mit meiner ganzen Kraft schlug ich ihm zuerst in den Magen und dann auf die Nase. Er stolperte und fiel um, was ich als Chance sah, von ihm abzuhauen, doch er konnte meinen Kn\u00f6chel fassen und riss mich zu ihm. Wo war Will? Panisch schlug ich um mich, auch wenn ich wusste dass es nichts brachte. Als Mittel, dass ich mich nicht bewegte, rieb er seinen Daumen in meiner frischen Schusswunde. Ich litt h\u00f6llische Qualen und br\u00fcllte es alles einfach raus. Alles. Dass mein Vater weg war. Dass ich angeschossen wurde. Dass ich hier gefangen war. Tr\u00e4nen vernebelten mir die Sicht und ich konnte nicht mehr sehen. Ich schrie auch noch, als er seinen Daumen schon l\u00e4ngst wieder aus meiner Wunde genommen hatte. Mittlerweile stand auch Will schon bei mir und sah dem ganzen Schauspiel aus dem T\u00fcrrahmen zu. Als Johannes ihn bemerkte, rannte er noch immer mit dem Messer auf ihn zu und wollte es ihm schon einrammen, doch Will blockte ihn mit seinem Taschenmesser. Ich h\u00f6rte auf zu br\u00fcllen und griff nach meinem Messer. Dann hievte ich mich mit Hilfe eines Handtuches auf. Johannes jedoch packte meine Haare, w\u00e4hrend er noch mit Will k\u00e4mpfte und schlug meinen Kopf gegen die Duschkabine. Erschrocken kreischte ich auf und umklammerte den Griff des K\u00fcchenmessers fester, als ich mit dem Kopf auf die Fliesen knallte. Ich hatte \u00fcber dem Auge jetzt wahrscheinlich eine Platzwunde, denn es blutete wie verr\u00fcckt und mein Sch\u00e4del pulsierte. Zwar tat das unendlich weh, dennoch konnte ich Will nicht allein lassen und k\u00e4mpfte mich erneut hoch, darauf bedacht, dass Johannes mich nicht sah. Bei der perfekten Gelegenheit stach ich ihm von hinten in die Schulter mit dem Kampfschrei: \u201eF\u00fcr Papa!\u201c Ohne auch nur auf Johannes Geschrei zu h\u00f6ren, zog ich den geschockten Will hinter mir her. Aber mein Bein tat noch zu weh und ich knickte ein. Will war von seiner Starre erstarrt, denn er fing mich und nahm mich auf seine Arme. \u201eDanke\u201c, hauchte ich und schon waren wir wieder drau\u00dfen. Frei. Ich schmiegte mich an seine Brust und er lief los. Als wir im Krankenhaus angekommen waren, lie\u00df ich mich in einen tiefen Traum fallen, denn ich wusste, Will w\u00fcrde mich fangen. Ich bekam im Halbschlaf noch mit, wie ich auf eine Trage gelegt wurde und ein Oberarzt meinte: \u201eEine Narkose braucht sie nicht, so tief wie sie schl\u00e4ft!\u201c Mein letzter Blick galt der Uhr, die mir anzeigte, dass es bereits f\u00fcnf war. Und schon war ich in meiner Traumwelt untergetaucht. Ein zartes Sch\u00fctteln an der Schulter weckte mich aus meinem traumlosen Traum. Ich blinzelte gegen das Licht an, das durch die Rollo schien. \u201eHallo, Lilly, willkommen zur\u00fcck in der Realit\u00e4t\u201c, begr\u00fc\u00dfte mich der Junge mit den braunen Augen. Will. Ich hatte meine Schmerzen schon fast vergessen, als ich mich aufsetzten wollte und ein stechender Schmerz mich empfing. Will tadelte mich: \u201eDu wei\u00dft doch genau, dass du das nicht machen sollst!\u201c Mit gespielt ernster Geste zog er die Augenbrauen hoch. Meinen Lachen scheiterte und mit schmerzverzerrtem Gesicht legte ich mich zur\u00fcck, nachdem ich fragte, wie sp\u00e4t es sei. \u201eHalb sieben, du hast gerade mal eineinhalbstunden geschlafen\u2026 gar nicht gut. Davor hab ich Emily, Doktor Schmitz, deine Mutter und Herr Sager auch noch ausfindig gemacht, die sich gleich danach auf den Weg hierhergemacht haben.\u201c Wie als Antwort ging die T\u00fcr auf und Emily st\u00fcrmte herein. \u201eGott! Lilly, was machst du nur f\u00fcr Schei\u00df?!\u201c, meinte sie und dr\u00fcckte mich. Ich l\u00e4chelte sie an und nun kam auch meine Mutter zu mir, dr\u00fcckte mich, gab mir einen Kuss auf die Stirn und wollte nun auch von mir wissen: \u201eErz\u00e4hl? Wie ist das alles passiert? Wei\u00dft du wo Dad ist?\u201c Genau in diesem Moment kamen Doktor Schmitz, der Polizeibeamte und ein mir v\u00f6llig fremder Junge hereinspaziert. \u201eDas ist Alex, er ist mein Freund, den ich wirklich sehr liebe. Wir haben uns kennengelernt, als du verschwunden bist\u201c, erkl\u00e4rte mir Emily und winkte ihn zu sich. Er kam und sie k\u00fcssten sich kurz. \u201eUnd jetzt erz\u00e4hl!\u201c, dr\u00e4ngelte auch meine beste Freundin mich. Ich verz\u00e4hlte alles, doch beim Keller stoppte ich, denn da hatten wir uns ja schlie\u00dflich gek\u00fcsst\u2026 Stattdessen \u00fcbernahm Will f\u00fcr mich: \u201eIm Keller haben wir uns gek\u00fcsst\u2026\u201c Ein Raunen ging durch den Raum und ich lief rot an. Will sprach unbeirrt weiter: \u201eWir sind mit Hilfe eines Drahtes freigekommen und mussten nochmal gegen Johannes k\u00e4mpfen, danach habe ich sie hierhergetragen\u2026\u201c Eine Krankenschwester betritt den Raum um sich meinen Fu\u00df anzusehen. Die Stelle, an der ich angeschossen wurde, wird schnell verheilen, sagt sie, da die Kugel meinen Knochen nur gestreift hat. Die Platzwunde sieht man jetzt schon kaum mehr. Sie gibt mir Kr\u00fccken, auf denen ich laufen \u0001 \u0002 hilft mir, mich aus dem Bett zu bekommen und die Krankenschwester dr\u00fcckt sie mir in die Hand. Zuerst laufe ich sehr wackelig, jedoch werde ich mit jedem Versuch besser. Nach einer halben Stunde kann ich es perfekt und ich wurde nach langer Diskussion endlich entlassen. Morgen sollte ich nochmal zur Vorsorge kommen. Nat\u00fcrlich war ich gl\u00fccklich, weil wir uns alle wieder hatten, aber Dad\u2026?! Wo war er?! Als Will und ich im Keller waren, war keine andere Person im Keller. Aber trotzdem\u2026 war er vielleicht in Gefahr? Auf keine dieser Fragen wusste ich Antworten, doch morgen w\u00fcrde ich sie wissen. Denn wir wollten morgen bei Johannes einbrechen, nach Papa suchen und ihn festnehmen. Will und ich machten noch einen kleinen Spaziergang, bevor wir auch wieder in das Haus meiner Familie gingen. Mein Freund schlief im Zimmer meines Vaters. So wie ich erfahren hatte, hatte man unser Haus gereinigt, nach Wanzen untersucht und neu einger\u00e4umt. Will gab mir einen Kuss bevor er ins Bett ging und ich schaute noch nach Moonlight. Heute passte sein Name besonders, denn der Mond schien hell. Kurz beschloss ich, noch einen Ausritt zu machen, was mir wirklich sehr gut tat und kam danach gut gelaunt wieder am Haus an. Ich duschte noch und legte mich dann ins Bett. Meine letzten Gedanken galten Moonlight und Will, dann war ich auch schon weg. Hi!! Hoffe das Kapitel hat euch gefallen\u2026 :) Bitte lasst mir ein paar Reviews da! ^^LG America2607 :D",
            "wordcount": "1.342",
            "chapter_release": "13.04.2014",
            "chapter_number": "9"
        }
    },
    "title": "Pass auf!",
    "topic": "unspecified",
    "release": "\n13.04.2014\n\t\t\t\t\t\t",
    "author": "America2607"
}