{
    "tags": [],
    "chapcount": "17",
    "wordcount": "14.139",
    "chapters": {
        "1": {
            "text": "Kapitel 1Es war der Nachmittag eines ziemlich tr\u00fcben Mittwochs im Oktober, als sie \u00fcber die langen G\u00e4nge ihres Gef\u00e4ngnisses \u0001 \u0002 hatte sie um diese Uhrzeit Unterricht f\u00fcr Etikette aber die Lehrerin, die dieses Fach lehrte, war kurzfristig erkrank, weshalb der Unterricht \u0001 \u0002 \u201eGef\u00e4ngnis\u201c war ein riesiger und nobel eingerichteter Palast im Herzen Den Haags: Paleis Noordeinde. Sie schlich sich raus, so oft, wie ihre strengen Eltern und das neugierige Personal es zulie\u00dfen, was so gut wie nie vorkam, denn eigentlich war es ihr strengstens verboten den Palast zu verlassen. \u201eIn der Stadt herum zu stromern geh\u00f6rt sich nicht f\u00fcr eine Lady deines Ranges.\u201c Pflegte ihre Mutter stets mit vorwurfsvoller Stimme zu \u0001 \u0002 seit 2 Tagen waren ihre Eltern auf einem Staatsbesuch in England, um einmal mehr politische Dinge zu verhandeln. Eigentlich w\u00e4re sie liebend gerne mitgereist, doch es ging nicht, denn immerhin hatte sie Unterricht. Sie war eine Prinzessin und somit besa\u00df sie das Privileg, langweiligen Unterricht zu bekommen, weshalb sie diesen auf keinen Fall einfach sausen lassen durfte, um f\u00fcr eine Woche nach England r\u00fcber zu schippern. Ein Gutes hatte die Abwesenheit ihrer Eltern jedoch. Sie konnte in die Stadt, wenn sie es schaffte der Dienerschaft zu \u0001 \u0002 setzte sie einen Fu\u00df vor den anderen. Sie hatte sogar ihre verhassten Hausschuhe angezogen, um noch lautloser durch die G\u00e4nge streifen zu k\u00f6nnen. Den Hauptausgang konnte sie nicht nehmen, das wusste sie, denn dort w\u00fcrde sie den Wachen direkt in die Arme laufen, doch schon vor Jahren hatte sie im Westfl\u00fcgel des Palastes einen geheimen Ausgang gefunden, den sie jeher f\u00fcr jeden ihrer Ausfl\u00fcge verwendete. Sie war die einzige, die von ihm wusste. Ach ja und das blinde K\u00fcchenm\u00e4dchen, das ihn einmal ausversehen genommen hatte, doch die konnte sich bestimmt nicht mehr dran erinnern, wo genau die T\u00fcr gelegen \u0001 \u0002 drehte sie sich um. War es nur Einbildung gewesen, oder hatte sie da wirklich einen Schatten hinter sich vorbei huschen sehen. Einige Momente lang blieb sie reglos, mitten im Gang stehen und wagte es nicht einmal zu atmen. Die Bediensteten wussten \u00fcber ihre Fluchtversuche Bescheid und warfen deswegen immer ein besonders scharfes Auge auf sie. Nach zwei reglosen Minuten kam sie zu dem Schluss, dass es nur der Vorhang am gro\u00dfen Fenster gewesen war, der sich in einer leichten Brise, die von drau\u00dfen gekommen sein musste, geregt hatte. Vorsichtig schlich sie \u0001 \u0002 der gro\u00dfen Treppe angelangt, streifte sie die Pantoffeln ab, stellte sie neben das Gel\u00e4nder und huschte auf Str\u00fcmpfen die Treppe hinunter, noch einmal links um eine Ecke und schon sah sie die morsche alte Holzt\u00fcr in der staubigen Wand des Kellers. Vor der T\u00fcr standen schon ihre Ausgehschuhe f\u00fcr sie bereit. Genau so, wie sie sie nach dem letzen Besuch in der Stadt hinterlassen hatte. Schnell schl\u00fcpfte sie in die Schuhe. Sie waren zwar nicht die schicksten, aber wenigstens etwas. Dann widmete sie sich der T\u00fcr. Sie zog mit aller Kraft am T\u00fcrgriff und mit einem lauten Knarzen \u00f6ffnete sie sich. Wieder hielt sie eine Minute inne, um auch sicher zu gehen, dass ihr niemand bis hier hin gefolgt war, dann duckte sie sich und verschwand in dem schwarzen, nach Moder riechenden Tunnel, nicht ohne die T\u00fcr hinter sich zu schlie\u00dfen, die, als sie daran zog, mit einem tiefen Dumpfen ins Schloss \u0001 \u0002 der Tunnel nicht besonders hoch war, musste sie sich ducken. Sie erinnerte sich daran, dass sie vor 3 Jahren noch aufrecht darin stehen konnte. Wie schnell die Zeit verging und wie sehr sie sich doch, ohne dass sie es bemerkt hatte, ver\u00e4ndert \u0001 \u0002 streckte sie die Arme aus, um sich an der Wand zu orientieren. Vor jedem Schritt den sie machte, streckte sie erst einmal ihre H\u00e4nde nach vorne aus, damit sie nicht, falls vor ihr etwas war, dagegen rannte. Auf diese Weise tastete sie sich ungef\u00e4hr eine halbe Stunde lang durch den engen und Pech schwarzen Tunnel, bis sie vor sich Stimmen h\u00f6rte. Nun beschleunigte sie ihre Schritte und die Stimmen wurden immer lauter und deutlicher. Nun konnte sie schon genau verstehen, was die Menschen sich zuriefen. Sie h\u00f6rte eine M\u00e4nnerstimme gr\u00f6len \u201eReich mir mal noch ne Flasche r\u00fcber Hank!\u201c Worauf eine andere grunzte \u201eGeht klar Benno.\u201c Nun erklang ein kratzen von St\u00fchlen auf dem Boden, das Klirren von Flaschen und ein zufriedenes Aufst\u00f6hnen. Sie wusste, dass sie nur noch ein paar Meter gehen musste, ehe sie ihr Ziel erreichen w\u00fcrde. Endlich h\u00f6rte sie die Schritte direkt \u00fcber sich. Sie streckte die Arme \u00fcber ihren Kopf und strich mit ihren H\u00e4nden \u00fcber die kalte steinige Decke, bis sie etwas Geriffeltes sp\u00fcrte. Es war w\u00e4rmer als der Stein und auch nicht so uneben. Sie f\u00fchrte ihre H\u00e4nde noch ein wenig weiter nach rechts und stie\u00df mit ihrer Hand gegen etwas Metallenes. Beim genaueren Betastet f\u00fchlte es sich an wie ein Ring. Sie nahm ihn in die Hand und dr\u00fcckt ihn nach \u0001 \u0002 Fallt\u00fcr lie\u00df sich leicht \u00f6ffnen.",
            "wordcount": "822",
            "chapter_release": "14.05.2015",
            "chapter_number": "1"
        },
        "10": {
            "text": "Kapitel 10Am n\u00e4chsten Morgen wachte sie schwei\u00dfgebadet auf. Sie konnte sich nicht an irgendeinen schlimmen Traum erinnern, den sie vielleicht hatte und der die Ursache f\u00fcr ihr Schwei\u00dfbad sein k\u00f6nnte. Nein, da war nichts! Nur sie und ihre nassen Haare und Kissen. Merkw\u00fcrdig! So etwas war ihr noch nie passiert. Normalerweise schlief sie immer sehr ruhig und bewegte sich kaum, es sei denn, sie tr\u00e4umte etwas \u0001 \u0002 stand auf, schlurfte ins Badezimmer und stellte sich vor die Waschschale. Nach einem erneuten Hustenanfall blickte sie in den Spiegel. Sie war blass, fast schon wie ihre Mutter, was f\u00fcr sie ziemlich ungew\u00f6hnlich war, denn normalerweise waren ihre Wangen von einem matt rosa. Auch kam ihr Gesicht ihr schmaler vor als sonst, was aber bestimmt daran lag, dass sie gestern Abend nicht gegessen hatte. Ihre Augen wirkten etwas eingefallen und glasig. Im Gro\u00dfen und Ganzen, sie gefiel sich nicht. Das war was neues, denn normalerweise stand sie morgens auf, blickte in den Spiegel und freute sich \u00fcber ihre verwuschelten Haare, die ihr teils ins Gesicht fielen, \u00fcber ihre gl\u00e4nzenden Augen und \u00fcber ihr strahlendes L\u00e4cheln, dass sie morgens immer aufsetzte. Aber heute sah sie anders aus. Sie strahlte nicht diese Freude aus, wie sie es sonst immer tat und sie verstand nicht einmal wieso. Sie war gl\u00fccklich. Sie freute sich riesig auf das Treffen mit Mauro an diesem Nachmittag und sie war ausgeschlafen. Zumindest sollte sie das \u0001 \u0002 sah aus, wie gerade von den Toten zur\u00fcckgekehrt und noch nicht wieder ganz auf den Beinen. \u201eAch, das wird schon. Bist halt noch ein bisschen m\u00fcde Elli, aber bis heute Nachmittag, bist du wieder putzmunter und wirst dir den Rest der Stadt ansehen.\u201c, sagte sie zu ihrem Spiegelbild und strich sich die Haare nach \u0001 \u0002 sie sich beim Fr\u00fchst\u00fcck dazu gezwungen hatte, ein paar L\u00f6ffel Haferbrei herunter zu w\u00fcrge, verzog sie sich wieder in ihr Zimmer, um sich, bevor sie sich erneut in die Stadt schlich, noch ein paar Stunden hinzulegen. Es war Sonntag, weshalb sie heute keinen Unterricht \u0001 \u0002 schlief eine Ewigkeit und als sie aufwachte, war sie nicht nur schon wieder schwei\u00dfnass, sondern auch zwei Stunden zu sp\u00e4t f\u00fcr ihr Treffen mit Mauro. Verdammt! Sie konnte jetzt nicht mehr in die Stadt. Es war definitiv zu sp\u00e4t. Bald w\u00fcrde es schon wieder Abendessen geben und da sie ja offensichtlich schon das Mittagessen verpasst hatte, sollte sie wenigstens dort anwesend sein. Er hatte bestimmt wieder an der Ecke auf sie gewartete und sie war einfach nicht gekommen. Was er jetzt wohl von ihr dachte? Bestimmt, dass sie ihn versetzt h\u00e4tte oder, dass sie sich nicht mehr f\u00fcr ihn interessierte, dass sie nicht mit ihm befreundet sein wollte. Wenn sie morgen einfach wieder in die Stadt und zu besagter Ecke ging?! W\u00fcrde er dort auf sie warten oder einfach nicht mehr kommen? Er musste einfach wiederkommen. Er war ihr einziger Freund. Der einzige, mit dem sie uneingeschr\u00e4nkt Spa\u00df haben konnte, ohne, dass ihr die ganze Zeit von irgendwelchen Zofen gesagt wurde, was sich geh\u00f6rte und was \u0001 \u0002 ihrer Rolle als Prinzessin hatte sie Kaum Freunde und die paar, die sie hatte wurden von ihrem Eltern ausgesucht. Meistens waren es die Kinder irgendwelcher Grafen oder F\u00fcrsten, die f\u00fcr ein paar Wochen ins Schloss kamen, mit ihr unterrichtet wurden und ihr \u201eGesellschaft leisten\u201c sollten. Sie empfand es allerdings eher als Bel\u00e4stigung. Kinder, die sie noch nie im Leben gesehen hatte und sich pl\u00f6tzlich wie ihre besten Freunde benahmen. Meistens waren diese Kinder dann auch noch derma\u00dfen streng erzogen und somit auf das Zusammenleben mit mir, der Prinzessin, vorbereitet worden, dass ihren jegliche Art von Spa\u00df fremd war und das einzige was sie witzig fanden die Faxen des Hofnarren waren, der nun wirklich in keinster Weise lustig oder auch nur am\u00fcsant war. Vielmehr war es ziemlich traurig mit anzusehen, wie dieser Bohnenstangenheini vor den Nasen meiner Eltern und dem Gefolge rumhoppste und krampfhaft versuchte ihnen ein L\u00e4cheln oder auch nur ein Schmunzeln von den eng zusammengepressten Lippen und den missmutig dreinblickenden Gesichtern zu \u0001 \u0002 nun ihr einziger richtiger Freund glaubt, sie h\u00e4tte ihn versetzt, dann w\u00fcrde sie nie wieder wirklich Spa\u00df haben k\u00f6nnen. Sie beschloss am n\u00e4chsten Tag auf jeden Fall in die Stadt zu gehen und zu sehen, ob er vielleicht doch auf sie \u0001 \u0002 den Gedanken bei ihm schlief sie ein und tr\u00e4umte die ganze Nacht von ihrer ersten Begegnung, an die sie sich noch so gut erinnerte.",
            "wordcount": "741",
            "chapter_release": "27.05.2015",
            "chapter_number": "10"
        },
        "11": {
            "text": "Kapitel 11Am Morgen weckte sie etwas kaltes, was ihr den Nacken herunterlief. Auf einmal war sie hellwach. \u201eIiihhh!\u201c, schrie sie, als sie bemerkte, dass das Kalte nicht nur kalt, sondern auch nass war und dass es von einem triefnassen Etwas auf ihrer Stirn kam. Das nasse Tuch rutschte herunter und landete vor ihr auf der Bettdecke, als sie sich \u0001 \u0002 sollte das denn? Wenn das ein Scherz sein sollte, dann war er nicht witzig, sondern echt ekelhaft. Ihr ganzes Kopfkissen war nass. Auch ihre Haare sahen aus, als h\u00e4tte sie gerade geduscht. Na super! Sie war stink sauer und fest davon \u00fcberzeugt es dem, der f\u00fcr das ganze verantwortlich war, heimzuzahlen. Als sie jedoch eine Weile dar\u00fcber nachgedacht hatte, fiel ihr auf, dass es keinen im Schloss gab, dem sie so einen Jux zutrauen w\u00fcrde. Soweit sie sich erinnerte hielten sich in diesem Schloss zurzeit nur ihre Zofe, die zwei K\u00f6che, die drei K\u00fcchenhilfen, das blinde K\u00fcchenm\u00e4dchen, die zwei Kellner, die f\u00fcnf Putzfrauen, die sechs G\u00e4rtner und sie auf. Die Bediensteten w\u00fcrden sich so etwas niemals leisten, denn sie wussten, dass wenn Elisabeth die Geschichte ihrer Mutter erz\u00e4hlte, der oder die Verantwortliche sofort entlassen werden w\u00fcrde und das konnte sich keiner vom Personal leisten, denn sie waren aller mehr oder weniger von der Stra\u00dfe hierhergekommen und besa\u00dfen zu der Zeit gerade noch die Klamotten, die sie am Leib trugen. Sie waren auf diese Stellen angewiesen und alle samt unendlich gl\u00fccklich hier sein und arbeiten zu \u0001 \u0002 gut, dann musste sich wohl jemand ins Schloss geschlichen haben. Aber wie? Hatte etwa jemand die Fallt\u00fcr in der Kneipe entdeckt? Unm\u00f6glich! Sie f\u00fcgte sich so gut in den dreckigen Boden ein und war mit derma\u00dfen viel Staub bedeckt, dass sie nicht zu erkennen war. Sie dachte nach, wie war dieses triefende Etwas dann auf ihre Stirn gelangt?Jemand klopfte leise an die T\u00fcr. \u201eHerein!\u201c, schnaubte sie, immer noch sauer, wegen ihrem durchn\u00e4ssten Kissen. Die Zofe Anne zog den Bauch ein und schob sich ins Zimmer. \u201eIch sehe, sie sind wach. Das freut mich.\u201c\u201eAnne, wissen sie, ob in den letzen paar Stunden jemand in meinem Zimmer war?\u201c\u201eNein, nicht dass ich w\u00fcsste. Wieso? Vermissen sie etwas?\u201c, fragte die Zofe entsetzt.\u201eNein, es ist nur, bei meinem Aufwachen bemerkte ich diesen Lappen auf meiner Stirn und ich w\u00fcrde gerne wissen, wen ich daf\u00fcr zur Rede stellen soll.\u201cDie Zofe schlug sich die H\u00e4nde vor den Mund und machte eine tiefe Verbeugung bevor sie stotterte: \u201eOh, gn\u00e4diges Fr\u00e4ulein! Wenn ich mich entschuldigen darf, das war ich.\u201c\u201eSie? Was hatte sie f\u00fcr einen Grund f\u00fcr eine solche Ma\u00dfnahme?\u201c. Verwirrt blickte Elisabeth die Zofe an. Sie verstand nicht, warum Anne etwas solches tun sollte. Sie war ihr vom ganzen Personal die Liebste. Immer freundlich, gut gelaunt und Elisabeth hatte auch den Eindruck, dass Anne sie recht gut leiden konnte. Also wieso jetzt so etwas?\u201eHeute Morgen, als ich sie wecken wollte, sahen sie ziemlich blass aus und ihr Gesicht war feucht von Schwei\u00df, also dachte ich, dass ein nasses Tuch auf ihrer Stirn sie vielleicht etwas abk\u00fchlen k\u00f6nnte. Verzeihen sie mir, wenn dies nicht ihren W\u00fcnschen entsprach. Ich war so frei und hielt es f\u00fcr eine gute Idee.\u201c Sie machte erneut einen tiefen Knicks.\u201eAch so!\u201c, stotterte Elisabeth verdutzt. Damit hatte sie nicht gerechnet. \u201eNun gut, dann danke ich ihnen und entschuldige mich, dass ich sie deshalb so grob angefahren habe.\u201c\u201eOh nein, Fr\u00e4ulein! Bitte entschuldigen sie sich nicht bei mir. Das steht mir nicht zu.\u201c, sagte die Zofe mit vor Gl\u00fcck bebender Stimme und schon in einen erneuten Knicks gehend.\u201eDoch, das bin ich ihnen schuldig. Man hat mir hier bei Hofe beigebracht h\u00f6flich zu sein und immer recht zu handeln und es w\u00e4re keineswegs h\u00f6flich und recht, wenn ich mich nicht bei ihnen entschuldigen w\u00fcrde. Also, verzeihen sie mir, dass ich so unfreundlich war. K\u00f6nnte sie mir sagen, wie sp\u00e4t es eigentlich ist?\u201c\u201e2 Uhr mittags, gn\u00e4diges Fr\u00e4ulein. Den Unterricht f\u00fcr diesen Tag habe ich abgesagt aufgrund ihres bleichen Gesichts und ihrer kr\u00e4nklichen Erscheinung heute Morgen.\u201cSchon 2 Uhr! Nun, dann hatte sie noch eine Stunde, bis sie in der Stadt sein und Mauro alles erkl\u00e4ren musste. \u201eVielen Dank, nun w\u00fcrde ich ihnen noch mehr dankbar sein, wenn sie mich bis zum Abendessen noch ein bisschen schlafen lie\u00dfen.\u201c\u201eAber sicher doch gn\u00e4diges Fr\u00e4ulein.\u201c Und mit gesenktem Kopf und in eine tiefe Verbeugung gesunken, verlie\u00df Anne das Zimmer und schloss die T\u00fcr behutsam hinter sich.",
            "wordcount": "743",
            "chapter_release": "02.06.2015",
            "chapter_number": "11"
        },
        "12": {
            "text": "Kapitel 12Sie war wieder in der Stadt. Kurz nach dem die Zofe das Zimmer verlassen hatte, hatte sie sich auf den Weg gemacht und war ohne irgendwelche Komplikationen zur T\u00fcr und dann zu besagter Ecke gegangen, an der sie jetzt stand und Ausschau hielt. Als sie ihn jedoch nirgendwo entdeckte, beschloss sie einfach zu warten. Er w\u00fcrde bestimmt noch kommen. Er hatte sie nicht so einfach aufgegeben, nur weil sie einen Tag mal nicht zu ihrer Verabredung gekommen war. Oder?Sie hockte sich in eine Nische in der Mauer und wartete 5 Minuten, 10 Minuten, 20 Minuten, eine halbe Stunde, eine dreiviertel Stunde. Nach einer Stunde stand sie auf, wischte die H\u00e4nde an ihrem mittlerweile ziemlich verstaubtem und teils auch blutverschmiertem Bauernkleid ab und lie\u00df entt\u00e4uscht die Schultern h\u00e4ngen. Da h\u00f6rte sie eine Stimme in der Menge.\u201eWie bitte? Vier M\u00fcnzen f\u00fcr diese drei \u00c4pfel! Sind sie verr\u00fcckt?! Das kann und will ich mir nicht leisten. Das kann sich niemand leisten, sie sollten sich mal fragen, warum sie so wenig verkaufen, denn die Preise, unter denen sie verkaufen sind krank. Wucher!\u201c \u201eNun werd mal nicht frech mein Junge. Die Preise f\u00fcr meine Wahren sind immer noch meine Angelegenheit und wenn du sie nicht aufbringen willst oder besser gesagt kannst, dann tut es mir leid, aber dann werden wir hier und heute wohl keine Gesch\u00e4fte mit einander machen.\u201c, gr\u00f6lte eine zweite Stimme, die weitaus tiefer war als die erste. \u201eJa, dass glaube ich auch. Auf wieder sehen und noch viel Gl\u00fcck beim Verkaufen ihrer Gold\u00e4pfel.\u201c, erwiderte der erste zum Abschluss dieses Gespr\u00e4chs mit Ironie in der \u0001 \u0002 war sich ganz sicher, wer der erste war, den sie hatte sprechen h\u00f6ren. Sie dr\u00e4ngte sich durch die Menge in die Richtung, aus der sie die Stimme geh\u00f6rt hatte und kurz darauf erkannte sie ihn. Sie rannte auf ihn zu, so schnell das gegen den Strom von Menschen m\u00f6glich war und fiel ihm um den Hals, ohne, dass er irgendetwas kapierte. Nachdem sie sich von ihm gel\u00f6st hatte, stellte sie sich einen Meter vor ihn und blinzelte ihn strahlend an. Im ersten Moment blickte er sie verwirrt an, dann aber verd\u00fcsterte sich sein Blick.\u201eAch, da ist sie ja, die L\u00fcgnerin.\u201c \u201eEs tut mir unendlich leid. Ich wollte gestern kommen, aber ich konnte nicht. Ich wurde aufgehalten.\u201c, murmelte Elisabeth mit leiser, schuldbewusster Stimme. \u201eAufgehalten wurdest du also. Na von wem den? Von deinen neuen Freunden? Oder war es etwa wieder dein Vater, der dich nicht hat gehen lassen?\u201c, schnauzte er sie etwas zu forsch an. Jetzt stiegen ihr Tr\u00e4nen in die Augen. Sie war es nicht gewohnt so angeschrien zu werden und schon gar nicht, von Gleichaltrigen. Die einzigen, die sie jemals angeschrien hatten, waren ihr Vater und ihre Mutter und der Herr Lehrer ab und zu, wenn sie sich wirklich dumm anstellte oder mit ihren Gedanken wieder ganz woanders war.\u201eIch wollt wirklich kommen. Ehrlich! Ich habe es so sehr bereut, dass ich gestern nicht kommen konnte. Ich habe mir solche Sorgen gemacht, dass du morgen, also heute nicht mehr da sein w\u00fcrdest. Ich hatte solche Angst davor, dich nun als Freund zu verlieren.\u201c, schluchzte sie und dicke Tr\u00e4nen kullerten ihr die Wange \u0001 \u0002 war selbst \u00fcberrascht, wie nah sie auf einmal am Wasser gebaut war. Normalerweise brachte sie fast nichts und niemand aus der Ruhe. Sie war die Ausgeglichenheit in Person und schaffte es bei allem n\u00fcchtern und selbstbewusst zu bleiben, aber irgendwie konnte sie sich, wie sie Mauro in die wundersch\u00f6nen gr\u00fcnen Augen blickte, nicht mehr zur\u00fcck halten. Sie weinte einfach und es kam ihr vor, als w\u00fcrde sie damit all ihre Sorgen und Lasten, die sich \u00fcber die letzen Jahre aufgestaut hatten, ausweinen. Es war eine enorme \u0001 \u0002 starrte sie verdattert an. Damit hatte er nicht gerechnet. Er dachte, sie w\u00e4re ein starkes M\u00e4dchen und w\u00fcrde jetzt gleich zur\u00fcck fauchen, aber das tat sie nicht. Sie stand nur da, wie ein H\u00e4ufchen Elend und schluchzte unaufhaltsam. Dabei fiel ihm auf, dass sie, wenn sie weinte und ihr die, in der Sonne gl\u00e4nzenden, Tr\u00e4nen \u00fcbers Gesicht liefen, noch viel sch\u00f6ner aussah. Eine halbe Minute stand er einfach nur reglos da, betrachtete sie und wunderte sich. Dann nahm er sich ein Herz, nahm sie in seine Arme und dr\u00fcckte sie fest an sich. Dabei strich er ihr durchs lange, lockige, seidenweiche nach Blume duftende \u0001 \u0002 vergrub ihr Gesicht in seinem Nacken und atmete seinen Geruch tief ein. Er roch gut. Sehr gut! Irgendwie l\u00e4ndlich und frisch. Er roch nach frischem Gras und doch ganz anders. Einfach\u2026viel besser. Gar nicht so, wie sie immer geglaubt hatte, dass er riechen w\u00fcrde. Sie hatte erwartet, dass er nach Rauch und eventuell auch Kloake riechen w\u00fcrde, weil er sich so viel in der Stadt herum trieb, aber seinem Geruch zu folge, verbrachte er doch mehr Zeit auf dem Land, als in der Stadt. Auch einen leichten Geruch von Wasser konnte sie erkennen. Nun wusste auch sie, dass man Wasser eigentlich nicht riechen kann, aber man kann es sehr wohl erschnuppern, wenn einer in einem Fluss gebadet hat und genau so roch \u0001 \u0002 schmolz quasi dahin und hatte schon Angst vor dem Moment, in dem er sie wieder loslassen w\u00fcrde. Sie wollte ewig so stehen bleiben in seinen kr\u00e4ftigen Armen, mit seinem umwerfenden Geruch in der Nase und dicht an seine Brust gepresst. Aber wie jeder sch\u00f6ne Augenblick endete auch dieser und als er sie nach ein paar Minuten des Umarmens wieder loslie\u00df, sie ein paar Zentimeter von sich wegschob und sie dabei an beiden Schultern festhielt, fragte er z\u00e4rtlich: \u201eAlles ok bei dir? Ich wollte dir nicht wehtun. Ich war nur etwas sauer auf dich, weil du mich gestern einfach so da hast stehen lassen. Ich kam mir einfach ziemlich bl\u00f6d vor und dachte du h\u00e4ttest keine Lust mehr auf mich.\u201cAus verquollenen Augen blickte sie ihn an. \u201eIch wollte das wirklich nicht. Ich habe mich so gehasst, als ich bemerkt habe, dass ich es verpasst habe. Ich hatte genau so Angst, dass du heute vielleicht nicht kommen w\u00fcrdest und nichts mehr von mir wissen wolltest.\u201c \u201eNiemals w\u00fcrde ich nichts mehr mit dir zu tun haben wollen. Du bist mir so eine wichtige Freundin.\u201c, und er zog sie zu sich und umarmte sie ein zweites Mal, ganz lange.",
            "wordcount": "1.050",
            "chapter_release": "03.06.2015",
            "chapter_number": "12"
        },
        "13": {
            "text": "Kapitel 13Mit immer noch feuchten Augen, aber einem breiten Grinsen auf dem Gesicht stolperte sie durch den schwarzen Gang, zur\u00fcck zum Schloss. Sie f\u00fchlte sich wie der gl\u00fccklichste Mensch auf Erden, da war sie sich sicher. Er hatte sie umarmt und ihr gesagt, dass sie seine wichtigste Freundin sei. Nun gut, das Wort \u201eFreundin\u201c st\u00f6rte sie schon ein bisschen, denn mittlerweile hatte sie sich eingestanden, dass sie mehr als nur Freundschaft f\u00fcr ihn empfand. Liebe! Ja, vielleicht war es sogar Liebe. Er war so s\u00fc\u00df und nett und jetzt, wo sie auch noch festgestellt hatte, dass er unglaublich gut roch, war sie sich fast schon ganz sicher. Sie war in ihn verliebt. Nur sah er das offensichtlich ein wenig anders. F\u00fcr ihn war sie ja nur eine \u201eFreundin\u201c, aber immer hin hatte er sie umarmt. Nein, nicht nur umarmt, er hatte sie an sich gedr\u00fcckt, ihr durch die Haare gestrichen und an ihnen geschnuppert. Er hatte sie fast gar nicht mehr loslassen k\u00f6nnen. Nicht, dass sie das schlimm gefunden h\u00e4tte, sie hatte es richtig \u0001 \u0002 war seit Jahren von niemandem mehr in den Arm genommen worden. F\u00fcr ihre Zofe und die Bediensteten war das nat\u00fcrlich total tabu und zu ihren Eltern hatte sie nicht das richtige Verh\u00e4ltnis f\u00fcr so \u0001 \u0002 gesamten Abend lang lief sie strahlend durchs Schloss und begr\u00fc\u00dfte jeden, dem sie in den G\u00e4ngen begegnete mit einem freudigen: \u201eGuten Abend! Wie geht es ihnen denn heute? Ist es nicht ein herrlicher Abend.\u201c Dabei be\u00e4ugten sie die meisten verwundert und gingen ohne irgendeine Antwort an ihr vorbei, was ihr allerdings nicht aufzufallen schien. Heut Abend war sie in ihrer eigenen sch\u00f6nen Welt und achtete kaum auf das, was um sie herum \u0001 \u0002 bemerkte sie zum Beispiel nicht, dass sie, als sie sich mitten in der Eingangshalle wie eine Ballerina im Kreis drehte, mit ihrem Kleid, das um sie herum durch die Luft wirbelte, eine ziemlich teure Vase, die ihre Eltern von einem Besuch aus \u00c4gypten mitgebracht hatten, von ihrem Sockel warf. Erst, als diese schallend zu Boden fiel und dabei scheppernd in tausende und aber tausende Scherben zersprang, hielt sie inne, wankte noch etwas unsicher durch die vielen Drehungen auf die Ungl\u00fcckstelle zu und betrachtete das Missgeschick am\u00fcsiert. Als ein Bediensteter herbei eilte, um sich die Ursache des Krachs genauer anzusehen, kicherte sie ihm nur fr\u00f6hlich zu: \u201eR\u00e4umen sie das bitte f\u00fcr mich auf. Wenn meine Eltern fragen, ich war es. Sie k\u00f6nnen ruhig mich daf\u00fcr verantwortlich machen.\u201c Dann h\u00fcpfte sie leichten Schrittes die gro\u00dfe Treppe zu ihrem Zimmer \u0001 \u0002 Nacht verging schnell und um das Risiko des Verschlafens zu umgehen bat sie Anne am Vorabend noch, sie bitte p\u00fcnktlich um 6 Uhr morgens zu wecken. Um 6 Uhr morgens stand die Zofe also an ihrem Bett und fl\u00fcsterte ihr behutsam zu: \u201eFr\u00e4ulein? Gn\u00e4diges Fr\u00e4ulein, es ist Zeit zum Aufstehen. Sie hatte mich gebeten sie um sechs zu wecken und hier bin ich.\u201cM\u00fcde \u00f6ffnete Elisabeth die Augen und rieb sie sich. Auf einmal fiel ihr der gestrige Tag wieder ein und das Strahlen vom Vortag kehrte wieder in ihr Gesicht zur\u00fcck. Heute w\u00fcrde sie ihn wiedersehen und er hatte ihr sogar versprochen ihr seinen absoluten Lieblingsort zu zeigen. Er hatte viele Orte, an denen er gerne seine viele Zeit totschlug, aber dieser Ort, den er ihr heute zeigen wollte, war laut ihm etwas ganz besonderes. Warum wusste sie noch nicht, aber auch das hatte er vor ihr heute zu \u0001 \u0002 war so aufgeregt, dass sie, als sie sich anzog, verga\u00df das Korsett drunter zuziehen. Als sie dies jedoch bemerkte und es anziehen wollte, fiel ihr auf, dass sie es viel enger schn\u00fcren musste als sonst. Auch die Kleider sa\u00dfen nicht mehr so eng wie sie es sonst immer getan hatten. Nun gut, dann halt ein wenig engere Korsetts und lockerere Kleider. Um ehrlich zu sein gefiel ihr das letztere sogar ganz gut, denn sie hasste es, immer Ewigkeiten zu brauchen, um sich in ihre hautengen Kleider zu pressen und sich abends wieder m\u00fchsam raus zu sch\u00e4len. Sie mochte es locker und \u0001 \u0002 ersten Mal seit Tagen fr\u00fchst\u00fcckte sie wieder ordentlich und beim vormitt\u00e4glichen Klavierunterricht strengte sie sich sogar richtig an, was ihr einiges Lob ihres sonst so strengen Klavierlehrers einbrachte.",
            "wordcount": "710",
            "chapter_release": "03.06.2015",
            "chapter_number": "13"
        },
        "14": {
            "text": "Kapitel 14Weil sie es aus lauter Freude und Aufregung nicht mehr aushielt, kam sie eine Stunde zu fr\u00fch bei der Ecke an der sie sich treffen wollten an, doch schon nach f\u00fcnf Minuten tauchte auch Mauro auf. \u201eDu bist ja schon da. Ich hatte dich erst in einer Stunde erwartet.\u201c, meinte er verwundert. \u201eIst es denn schlimm, dass ich schon da bin? Ich dachte, dann h\u00e4tten wir mehr Zeit.\u201c, antwortete sie etwas nerv\u00f6s. \u201eStimmt! Nun, dann komm mit.\u201c, und er griff nach ihrer Hand, die er fest in seine schloss und nicht mehr loslassen w\u00fcrde, bis sie bei seinem Lieblingsplatz ankommen \u0001 \u0002 aller erst zog er sie nach rechts in eine kleine Seitenstra\u00dfe, auf der sich nur 2-3 weitere Leute aufhielten. Durch die kleine Gasse durch, ging es dann nach links, in eine noch schmalere und dunklere Gasse. Ohne sich loszulassen, quetschten sich die beiden zwischen den Fassaden der beiden H\u00e4user durch und landeten schlie\u00dflich auf einer etwas belebteren Stra\u00dfe. Sie sah aus, wie jede andere. Viele H\u00e4ndler mit ihren Karren, viele Bettler, viele Frauen mit K\u00f6rben und ein paar \u0001 \u0002 eine gef\u00fchlte Ewigkeit irrten sie so durch die Stra\u00dfen und Gassen der Stadt und Elisabeth bef\u00fcrchtete, den Weg zur\u00fcck nie wieder zu finden. Mauro jedoch schien genau zu wissen, wo er hinwollte. \u201eWie kannst du dich hier blo\u00df zu Recht finden? Ich habe keine Ahnung, wo wir sind und wie wir wieder zur\u00fcck kommen sollen.\u201c, keuchte sie, w\u00e4hren er sie weiter energisch hinter sich her zog. \u201eAch, im Laufe der Jahre habe ich mir die Gassen hier gut eingepr\u00e4gt. Wenn du sie jeden Tag wieder begehst und durchl\u00e4ufst, dann erinnerst du dich halt irgendwann an die Wege. Es kommt ganz von alleine. Mittlerweile kenne ich diese Gegend wie meine Westentasche.\u201cSie hasteten eine weitere viertel Stunde durch die engen G\u00e4sschen, bis die H\u00e4user irgendwann immer weniger wurden und immer weiter auseinander standen. Die Gegend wurde immer l\u00e4ndlicher und die H\u00e4user immer zerfallener und \u00e4lter. Viele von ihnen sahen aus, als w\u00fcrden sie schon ewig leer stehen, doch in ein paar bewegte sich etwas. Menschen liefen darin an den Fenstern vorbei. Tiere waren zu h\u00f6ren, wie sie in ihren St\u00e4llen unruhig schnaubten, wieherten, grunzten und \u0001 \u0002 waren nun auf einem schmalen Feldweg unterwegs umgeben von Feldern und Wiesen. Es wehte eine k\u00fchle Brise, die ihr die Haare ins Gesicht wehen lies. Beeindruckt betrachtete sie die L\u00e4nder im vorbeigehen. Sie war noch nie auf dem Land gewesen. Es war alles so neu und sch\u00f6n. Sie atmete tief ein und nahm den s\u00fc\u00dfen Geruch von Blumen und Gras war. Die frische Luft tat ihr gut und erfreute sie. Doch sie hatte nicht viel Zeit sich das alles anzugucken und die vielen neuen Eindr\u00fccke auf sich wirken zu lassen, denn schon zog Mauro sie in einen Wald hinein. Es war ein heller Wald. Die B\u00e4ume, \u00fcberwiegend Tannen, standen weit auseinander und boten viel Platz zum hindurchgehen zwischen \u0001 \u0002 sie f\u00fcnf Minuten schweigend durch den Wald gegangen waren kamen sie an eine riesige Lichtung. Sie war von den Strahlen der Sonne erhellt, die sich in einem See, der sich in der Mitte der Lichtung befand, brachen. Das Wasser des Sees war glasklar und spiegelte den eisblauen Himmel. Am Rande des Sees sah sie ein paar Holzpfl\u00f6cke, die offensichtlich in den Grund des Sees gestemmt worden waren und auf denen ein paar Holzplanken lagen. In diesem Gebilde erkannte sie einen Steg oder zumindest die \u00dcberreste eines solchen. Ein paar Meter vom See entfernt stand eine kleine, heruntergekommene Holzh\u00fctte. Die Fenster standen offen und die T\u00fcr hing schief in ihren Angeln, sodass man f\u00fcr das Betreten keinen Schl\u00fcssel gebraucht h\u00e4tte. Sie wirkte d\u00fcster und alt und sah aus, als w\u00fcrde sie seit Jahrhunderten so verlassen dastehen und von keiner Menschenseele jemals beachtet worden sein. Und doch waren sie hier.\u201eEs ist wundersch\u00f6n hier.\u201c, stotterte sie mit gro\u00dfen, entz\u00fcckt leuchtenden Augen und wand sich zu ihm. \u201eWoher wei\u00dft du von diesem Ort? Wem geh\u00f6rt dieses H\u00e4uschen?\u201c Er schmunzelte beim Anblick ihres begeisterten Gesichts. \u201eIch habe das hier mal gefunden, bei einem meiner Streifz\u00fcge durch die Gegend. Wem diese H\u00fctte dort dr\u00fcben geh\u00f6rt wei\u00df ich gar nicht so genau. Ich glaube ein altes Bauernpaar lebte einst in ihr, die beiden sind aber vor Jahren gestorben. Na ja, jetzt steht sie auf jeden Fall leer und da seit Jahren keiner mehr hier war au\u00dfer mir, habe ich sie kurzerhand zu meinem Eigentum und Lieblingsort erkl\u00e4rt. Ich wei\u00df, sie sieht von au\u00dfen vielleicht nicht wirklich toll aus und um ehrlich zu sein ist sie auch von innen nicht wirklich ein Palast, aber sie ist sch\u00f6n gem\u00fctlich und ein prima R\u00fcckzugsort. Au\u00dferdem kann man im See wunderbar baden.\u201cSie war sprachlos. Es kam ihr vor, als w\u00e4re sie soeben in eine andere Welt eingetaucht. In eine magisch faszinierende Welt. Wenn sie diesen friedlichen, ruhigen und zur\u00fcckgezogenen Ort mit ihrem zu Hause, dem Palast, verglich, dann lagen Universen dazwischen. Dieser Ort gefiel ihr tausend Mal besser als die Stadt. Er hatte etwas Geheimnisvolles und Mystisches an sich. Einfach faszinierend! Unglaublich! Sie h\u00e4tte nie gedacht, dass es solche Orte gibt. Sie hatte sich die Erde immer wie eine einzige riesige Stadt vorgestellt. Sie wusste, dass es L\u00e4nder wie England und \u00c4gypten gab, aber das waren andere Welten. Diese L\u00e4nder waren ganz weit weg. Das hier war aber gerade mal eine Stunde Fu\u00dfmarsch vom Schloss entfernt. Von der Welt, die sie bisher f\u00fcr die einzige und echte gehalten hatte.",
            "wordcount": "912",
            "chapter_release": "04.06.2015",
            "chapter_number": "14"
        },
        "15": {
            "text": "Kapitel 15Noch ein paar Minuten lang stand sie wie von Sinnen da, mit leicht ge\u00f6ffnetem Mund und gro\u00dfen Augen und sah sich alles an, bis Mauro sich vor sie stelle, ihr damit die Sicht versperrte und sie aus ihrem Gedanken riss. \u201eDu siehst aus, als h\u00e4ttest du ein Gespenst gesehen.\u201c, feixte er. Mit vertr\u00e4umter Stimme f\u00fcgte sie hinzu: \u201eAber ein wundersch\u00f6nes Gespenst.\u201c\u201eWie findest du die Idee, dass wir einfach mal ins H\u00e4uschen reingehen?\u201c, fragte er sie nach ein paar weiteren Sekunden des reglosen Betrachtens. \u201eJa, d\u00fcrfen wir das denn?\u201c Unsicher blickte sie zu der alten H\u00fctte hin\u00fcber. \u201eWenn nicht, dann ist es jetzt eh zu sp\u00e4t, denn ich war schon gef\u00fchlte tausendmal drinnen. Wer soll es uns denn verbieten? Geh\u00f6rt doch keinem, das alte Dinge.\u201c, und er begann in Richtung des H\u00e4uschens zu gehen. Z\u00f6gern folgte sie \u0001 \u0002 sie nun vor der H\u00fctte standen, wurde ihr doch recht mulmig. War das kein Einbruch? Aber ehe sie l\u00e4nger dr\u00fcber nachdenken und sich wohlm\u00f6glich noch gegen das Betreten entscheiden konnte, hatte Mauro schon die morsche und kaputte T\u00fcr aufgedr\u00fcckt und hielt sie f\u00fcr sie auf. \u201eNach ihnen!\u201c, sagte er mit einer kleinen Verbeugung und machte mit der Hand eine einladende Bewegung in Richtung des Raumes, den sie durch die offene T\u00fcr erkennen konnte. \u201eNein, geh du lieber vor.\u201c Ihre Stimme zitterte ein wenig. Durch die T\u00fcr konnte sie ein Geweih an der Wand h\u00e4ngen sehen, was sie unruhig machte. Vielleicht lebten da J\u00e4ger drinnen. Die w\u00fcrden bestimmt schie\u00dfen, wenn sie merkten, dass da jemand undeingeladen in ihr Haus spaziert war. \u201eNa gut.\u201c Er grinste und trat in den Raum. Langsam und nerv\u00f6s um sich blickend folgte sie \u0001 \u0002 stand in einem knapp 10m\u00b2 gro\u00dfen und \u0001 \u0002 hohen Raum, von dessen Decke ein Geweih hing, auf das Kerzen gesteckt worden waren. Diese jedoch, waren bereits so abgebrannt, dass das Wachs auf den verstaubten Boden getropft war. Der Raum hatte nur zwei Fenster, durch die er sp\u00e4rlich beleuchtet wurde, was ihn etwas unheimlich wirken lie\u00df. Die Dielen, die bei jedem Schritt unter den F\u00fc\u00dfen knarrten, waren teils aus dem Boden gerissen und boten somit die Sicht auf Erdflecken, auf denen bereits wieder Gras durch den Boden des H\u00e4uschens wucherte. Auch die W\u00e4nde waren aus Holz und an ihnen hingen \u00fcberall die ausgestopften K\u00f6pfe irgendwelcher Tiere und die Geweihe verschiedener Hirsch und Reh Arten. Auf ihnen lagen dicke Schichten von Staub und einigen Tieren sah man an, dass sie schon einige Mottenangriffe hinter sich hatten. Mitten im Raum standen zwei wackelig aussehende Holzsessel mit lehne, \u00fcber die Tierfelle gespannt waren und zwischen den beiden befand sich ein kleiner, mindestens genau so wackeliger, runder Tisch, auf dem ein leeres Tintenfass und eine ausgetrocknete Schreibfeder lagen. Neben der Feder stand ein schlichter, wachsverschmierter Kerzenhalter, in dem sich eine, noch recht gro\u00dfe, Kerze befand. Elisabeth fiel auf, dass die Staubschicht auf diesen drei M\u00f6beln nicht ganz so dick war, wie die auf den \u0001 \u0002 gegen\u00fcber von ihr befand sich ein Kamin in der Wand. Die Asche in ihm war schwarz, woraus sie schloss, dass seine letze T\u00e4tigkeit nicht allzu lange her sein konnte. Als sie nach rechts blickte sah sie dort eine kleine Feuerstelle, \u00fcber der ein Topf hing. Daneben befand sich ein Ofen, in dem Sich au\u00dfer Ru\u00df und Staub noch einige Scherben von zerbrochenen T\u00f6pfen befanden. Neben dem Ofen standen und lagen einige leer Kr\u00fcge auf dem Boden und auch eine Pfanne erkannte sie. Dies musste wohl die K\u00fcche sein. Nichts im Vergleich zur Schlossk\u00fcche und trotzdem gefiel es ihr. Es war so klein und einfach. Etwas f\u00fcr ganz normale Leute halt. Links von ihr entdeckte sie eine Holzleiter, die nach oben durch eine Luke in der Decke \u0001 \u0002 zuckte zusammen, als Mauro nach einigen Minuten meinte: \u201eManchmal mache ich den Kamin an, setzte mich auf einen der St\u00fchle und starre einfach nur ins Feuer. Die Kerze im Kerzenhalter habe ich \u00fcbrigens auch ausgetauscht. Wenn die Sonne untergeht, ist es hier n\u00e4mlich ziemlich dunkel. Da brauchst du Licht, wenn du nicht in so ein Geweih reinlaufen m\u00f6chtest.\u201c\u201eIst es nicht ziemlich gruselig so alleine hier zu sitzen und sich den ganzen alten Kram anzugucken!?\u201c, fragte sie ihn.\u201eNa ja, am Anfang hat es mich schon \u00f6fters mal ein wenig gegruselt, aber mittlerweile habe ich mich dran gew\u00f6hnt. Au\u00dferdem ist es auch echt sch\u00f6n abends vor dem Kamin zu sitzen, wenn es drau\u00dfen kalt und dunkel ist.\u201c\u201eAlso ich finde das ganze hier schon etwas unheimlich. Es hat sowas mysteri\u00f6ses an sich. Ganz seltsam!\u201cEr stie\u00df ein kurzes Lachen aus und meint dann: \u201eWie du meinst!\u201c\u201eWas ist eigentlich da oben?\u201c Dabei deutete sie auf die Luke in der Decke, die durch die Leiter gut erreichbar war.\u201eDas Schlafzimmer. Du kannst es dir ansehe, wenn du willst.\u201c\u201eWenn du vorgehst!\u201cEr lachte erneut. \u201eVon mir aus.\u201c, und ging auf die Leiter zu. Sie folgte ihm auf den Fersen. Bei der Leiter wartete sie, bis er oben angelangt war, denn die Sprossen waren morsch und sie bef\u00fcrchtete, dass die Leiter sie beide auf einmal nicht halten k\u00f6nnen w\u00fcrde.",
            "wordcount": "848",
            "chapter_release": "06.06.2015",
            "chapter_number": "15"
        },
        "16": {
            "text": "Kapitel 16Als sie am oberen Ende der Leiter angelangt war reichte ihr Mauro die Hand und half ihr die letzen paar Sprossen hinauf. Sie stand nun in einem Raum, der von der Bodenfl\u00e4che her genau so gro\u00df war, wie der untere, doch durch die Dachschr\u00e4gen wirkte der Raum viel kleiner und vollgestopfter. An der Wand, die gegen\u00fcber von der Luke lag, stand ein zwei Personen Bett. Es war aus grob verarbeiteten Holzbrettern zusammengezimmert worden und sah, wie alles andere im Haus, sehr instabil aus. Auf ihm lagen zwei Wolldecken und zwei kleine Kissen. Aus dem einen quollen aus einem kleinen Loch im Stoff, die G\u00e4nsefedern, mit denen es gestopft war, heraus. Ein Wunder war das nicht, denn die Naht, mit der das Kissen zugen\u00e4ht worden war, war grob und \u0001 \u0002 beiden Seiten des Bettes standen Kerzenhalter mit kleinen Kerzenstummeln auf dem Boden. Als Elisabeth sich umsah stellte sie fest, dass diese beiden Kerzen die einzige Lichtquelle in diesem Raum waren. Das einzige, was ebenfalls ein wenig Licht spendete, war ein kleines Loch in der Decke, durch die die Sonne in das d\u00fcstere Zimmer schien. Direkt neben Elisabeth stand ein Schrank. Auch er war aus grobem Holz zusammenmontiert und stand mehr schlecht als recht auf seinen vier \u0001 \u0002 war in dem Raum nichts. Mehr h\u00e4tte auch gar nicht reingepasst. Die Decke war einfach zu niedrig, weshalb Mauro und Elisabeth sich sogar ein wenig Ducken mussten, als sie sich weiter in den Raum hinein bewegten. Beim Betrachten dieses Raumes stutzte sie. \u201eWo ist denn das Badezimmer? Wo haben diese Leute ihre morgendliche Pflege betrieben? Wo sind sie auf die Toilette gegangen? Wo haben sie sich frischgemacht? Sich die Nase gepudert?\u201c Bei diesem Worten fing Mauro erst laut an zulachen, doch nach einigen Sekunden stutzte er. \u201eAlso gebadet haben die Leute hier denk ich mal im See. Er ist prima daf\u00fcr. Wenn sie mal mussten, dann sind sie irgendwo tief in den Wald gegangen. Und frischgemacht und sich die ,Nase gepudert\u2018 haben die bestimmt nicht. Sowas macht man doch nur am K\u00f6nigshofe dachte ich immer. Von den Dorfleuten macht das auf jeden Fall niemand, au\u00dfer die ganz reichen. Das Zeug, was die daf\u00fcr brachen k\u00f6nnen sich die meisten doch gar nicht leisten. Au\u00dferdem wird es nicht gerne gesehen, wenn man aufgemacht durch die Stra\u00dfen l\u00e4uft. Die Leute fangen an \u00fcber einen zu tuscheln, Spekulationen aufzustellen, warum du dir pl\u00f6tzlich so etwas leisten kannst und sie geben dir Spitznamen wie ,Goldschlampe\u2018. Aber sag mal, warum wundert dich das denn so? Also, dass die Leute sich nicht die Nase pudern.\u201cAhnungslos, was sie auf diese Frage antworten sollte, ohne sich zu verraten, stotterte sie: \u201eIch\u2026 Also ich dachte nur, dass die Leute das hier vielleicht gemacht haben, weil sie vielleicht ein bisschen mehr Geld hatten.\u201c Oh Gott, was sagte sie da eigentlich? Die Leute lebten in so \u00e4rmlichen Verh\u00e4ltnissen, dass sie sich nicht einmal ein Sofa oder auch nur einen Sessel leisten konnten und sie kam mit dem Argument, sie k\u00f6nnten ja vielleicht reiche Leute gewesen sein. Mauros Blick zufolge kam ihm diese Antwort auch ziemlich skurril und abwegig vor. Er hielt sie jetzt bestimmt f\u00fcr total \u0001 \u0002 langsamer und verwirrter Stimme und nachdenklich zusammengezogenen Augenbrauen meinte er schlie\u00dflich: \u201eJaaa. Das glaube ich jetzt weniger. Ich wei\u00df ja nicht, ob du dir das Haus angeguckt hast, als wir drau\u00dfen standen und auch die R\u00e4ume hier drinnen, aber es sieht nicht so aus, als h\u00e4tten die Leute, die hier gelebt haben irgendetwas anderes besessen, als das, was jetzt immer noch hier rumsteht. Die haben sich bestimmt nicht die Nase gepudert, dass kannst du mir glauben.\u201cSchnell setzt sie eine \u00fcberraschte Miene auf und sagte betont verwundert: \u201eJa, stimmt du hast recht. Da hab ich ja gar nicht dran gedacht. Dumm von mir.\u201c Zu guter Letzt setzte sie noch ein breites Grinsen auf und er wand sich kopfsch\u00fcttelnd von ihr ab.\u201eMal was anderes. Wann musst du eigentlich nach Hause?\u201c \u201eWir sind relativ fr\u00fch hier her gekommen und heute kann ich l\u00e4nger wegbleiben. Ich w\u00fcrde sagen bis die Sonne ganz untergegangen ist und noch ein wenig l\u00e4nger.\u201c, schloss sie, nachdem sie kurz nachgedacht \u0001 \u0002 stimmte, sie waren schon um 2 Uhr hier gewesen und jetzt war es gerade mal 4 Uhr, was die beiden nat\u00fcrlich so genau nicht wussten. Auch, dass sie l\u00e4nger wegbleiben durfte, war nicht gelogen. Die G\u00e4rtner und Kellner hatten heute ihren freien Tag. Die K\u00f6che und K\u00fcchenhilfen bekamen eh nicht mit, wo sie war, die Putzfrauen interessierte es eh nicht, ob sie nun da war oder nicht und die Zofe Anne war heute von einem Herrn, den sie in der Stadt kennen gelernt hatte, eingeladen worden. Elisabeth war also mehr oder weniger allein im Schloss und konnte deswegen auch so lange wegbleiben, wie sie wollte.\u201eEndlich hast du mal Zeit.\u201c, bemerkte Mauro k\u00fchl und f\u00fcgte etwas freundlicher hinzu: \u201eUnd was wollen wir jetzt machen?\u201c \u201eWas kann man hier den so alles unternehmen?\u201c, fragte sie daraufhin. \u201eWir k\u00f6nnten durch den Wald spazieren oder uns einfach auf den Steg am See setzten und die herrlich frische Brise genie\u00dfen.\u201c \u201eIch pl\u00e4diere f\u00fcr das zweite.\u201c, und sie machte sich auf dem Weg die schmale Leiter hinunter und zum See. Er grinste angesichts ihrer Reaktion, dann folgte er hier hinaus.",
            "wordcount": "878",
            "chapter_release": "06.06.2015",
            "chapter_number": "16"
        },
        "17": {
            "text": "Kapitel 17An den \u00dcberrestend des Stegs angelangt, setzte sie sich auf einen breiten, recht stabil aussehenden Holzbalken, drehte sich um und blickte Mauro entgegen, der ihr nicht ganz so eilig gefolgt war. Bei ihr angelangt, lie\u00df er sich neben sie auf den Holzbalken fallen und blickte auf den See. Sie tat er ihm gleich und eine Weile sa\u00dfen sich beide in Gedanken vertieft da und starrten auf den See \u0001 \u0002 wand Mauro den Blick vom klarblauen See ab und blickte Elisabeth von der Seite an. Als sie seine Augen in ihrem Nacken sp\u00fcrte wurde sie rot, bem\u00fchte sich aber auszusehen, als h\u00e4tte sie ihn gar nicht bemerkt und starrte weiter eindringlich auf das stille Wasser des Sees.\u201eWas h\u00e4ltst du von der Idee baden zu gehen?\u201c, fragte Mauro sie, immer noch ihr Profil betrachtend. Jetzt wand auch sie den Blick zur Seite und starrte ihn mit gro\u00dfen Augen an. \u201eBaden? Ist es daf\u00fcr nicht ein bisschen zu kalt? Immerhin ist es Herbst.\u201c \u201eF\u00fcr Baden ist es nie zu kalt.\u201c, erkl\u00e4rte er ihr sachlich. \u201eMir egal. Du kannst ja baden gehen, wenn du willst, aber ich tue es definitiv nicht. Ich will nicht erfrieren.\u201c, schloss sie mit energischer Stimme. \u201eVon mir aus, aber wenn du nicht gehst, dass geh ich auch nicht. Alleine macht es nur halb so viel Spa\u00df.\u201c Er stand auf. \u201eAber weil ich unbedingt baden gehen will, musst du es auch tun.\u201c Und mit diesen Worten stellte er sich hinter sie, hob sie hoch und schmiss sie ins Wasser. Zwar versuchte sie sich energisch zu wehren, indem sie mit den F\u00e4usten auf ihn einh\u00e4mmerte und ihn w\u00fcst beschimpfte, aber er war einfach zu robust und am Ende gab es auf und schrie nur noch wie am Spie\u00df, als er sie eine Sekunde lang \u00fcbers Wasser hielt und sie dann fallen \u0001 \u0002 sie ins Wasser eingetaucht war zog er sich das schlichte, eigentlich wei\u00dfe, jedoch bereits sehr dreckige Hemd aus, steifte sich die einfachen und bereits durchgelaufenen Arbeiterschuhe von den F\u00fc\u00dfen und sprang ihr mit einem Kopfsprung hinterher ins eiskalte \u0001 \u0002 als er wieder aufgetaucht war, kam sie schon herbei gestrampelt und dr\u00fcckte seinen Kopf wieder unter Wasser. Hustend und prustend kam er wieder an die Oberfl\u00e4che und schwamm schnell ein paar Meter weg von ihr, eher sie ihn wieder runter tauchen konnte. \u201eDu Depp! Du elender Nichtsnutz! Was sollte das? Mir ist kalt und mit diesem schweren Kleid, das ich an habe, kann ich mich kaum \u00fcber Wasser halten.\u201c Schon zog sie das Kleid nach unten und sie verschwand f\u00fcr eine Sekunde, bis sie m\u00fchsam wieder nach oben gelangen konnte. Dabei hatte sie jedoch eine Menge Wasser geschluckt und begann nun wie verr\u00fcckt Wasser \u0001 \u0002 Minute lang betrachtete Mauro sie aus einiger Entfernung, doch als sie nicht aufh\u00f6rte zu prusten und Wasser zu spucken fing er doch an, sich Sorgen zu machen und er schwamm zu ihr hin\u00fcber. Seine eine Hand legte er um ihre H\u00fcfte und mit der anderen Hand paddelte er sich und Elisabeth zum Seeufer. Dort hievte er sie zuerst an Land und stemmte ich dann ebenfalls ans \u0001 \u0002 er kurz verschnauft hatte kniete er sich neben sie. Sie hustete immer noch, doch nicht mehr so schlimm wie gerade eben immer Wasser noch getan hatte. Sie richtete sich auf und allm\u00e4hlich legte sich ihr Hustanfall. \u201eAlles ok bei dir?\u201c, frage er sich z\u00f6gerlich. Schwer atmend r\u00f6chelte sie: \u201eNa ja, muss ja. Wenn ich ersoffen w\u00e4re, dann h\u00e4tte ich dich doch nicht mehr daf\u00fcr zu Sau machen k\u00f6nnen, dass du mich ohne Vorwarnung und alles ins Wasser geworfen hast.\u201c. Sie hob den Kopf, blickte ihm ins Gesicht und grinste, als sie seinen entsetzten Gesichtsausdruck bemerkte. Als er das sah fing auch er an zu grinsen. Das Grinsen steigerte sich zu einem Lachen und ein paar Minuten sa\u00dfen die beiden einfach nur neben einander auf dem matschigen schlamm, triefend nass und \u0001 \u0002 ebbte es ab und Mauro meinte: \u201eDu solltest dir vielleicht etwas anderes anziehen. Dein Kleid ist nass und wenn du es den Rest des Abends anbeh\u00e4ltst, dann wirst du dich bestimmt erk\u00e4lten.\u201c \u201eWas glaubst du, wie viele Kleider ich mithabe? 5? Was soll ich denn anziehen?\u201c, fragte sie ihn ironisch. \u201eIch wei\u00df, woher ich eins bekommen k\u00f6nnte warte einfach hier. Ich bin gleich wieder da.\u201c, und mit diesen Worten stand er auf und ging in Richtung der kleinen Holzh\u00fctte, deren T\u00fcr immer noch sperr angelweit aufstand. Elisabeth blickte ihm nach und fragte sich, was er wohl meinte. Wo wollte er aus dieser Bruchbude ein Kleid holen?Nach ein paar Minuten kam er mit etwas stoffigem \u00fcber dem Arm wieder aus der T\u00fcr. W\u00e4hrend er auf sie zukam betrachtete sie ihn, wobei ihr auffiel, dass er oben ohne und so triefend nass, noch viel besser aussah. Er war gut bebaut. Er hatte breite, muskul\u00f6se Arme und einen flachen, durchtrainierten Bauch. Seine Haare waren nass und zerzaust und seine Hose, die er nicht ausgezogen hatte, als er ihr ins Wasser gefolgt war, lag eng an seinen \u0001 \u0002 er nur noch ein paar Meter von ihr entfernt war musste sie sich unter gr\u00f6\u00dfter M\u00fche davon abhalten, ihn nicht wie hypnotisiert anzustarren, denn das h\u00e4tte aus seiner Sicht bestimmt etwas seltsam \u0001 \u0002 ihr angelangt kniete er sich erneut neben sie und reichte ihr das Kleid. \u201eNah, wie findest du es?\u201c \u201eEs ist sch\u00f6n. Aber woher hast du es?\u201c, fragte sie ihn, w\u00e4ren die das Kleid ausgiebig betrachtete. Es war kn\u00f6chellang und sehr schlicht, aus brauner Wolle gefertigt mit einer wei\u00dfen Sch\u00fcrze. Mit groben Schn\u00fcren wurde es hinten zusammengebunden. \u201eAus dem Schrank im Schlafzimmer. Dort sind noch ein paar Kleider drinnen. Wohl von der vorigen Bewohnerin dieses Hauses. Ich hatte dort schon mal reingeguckt, deshalb erinnerte ich mich daran.\u201c, sagte er mit Stolz in der Stimme.\u201eUnd Motten? Haben die sie nicht alle zerst\u00f6rt?\u201c, fragte Elisabeth misstrauisch.\u201eM\u00fcssten sie eigentlich. Ich wei\u00df. Aber haben sie nicht. Die meisten Kleider in diesem Schrank sind unterversehrt.\u201c\u201eSind denn in dem Schrank keine Hosen, die du dir ausleihen k\u00f6nntest?\u201c, meinte Elisabeth nun.\u201eNein, leider nicht. Aber das ist auch egal. Mir macht es nicht viel aus. Ich mache einfach gleich den Kamin an, setze mich davor und lasse die Hose so trocknen. Du solltest dich jetzt wohl mal umziehen gehen. Am besten gehst du ins Haus. Du kannst ja nach oben gehen und w\u00e4hrend dessen kann ich schon mal das Feuer anheizen, wenn\u2019s dir recht ist.\u201c\u201eist gut.\u201c, meinte sie, stand auf und machte sich auf den Weg zur H\u00fctte. Er schl\u00fcpfte noch schnell in Hemd und Schuhe, die er sich vom Steg wieder geholt hatte und folgte ihr dann.",
            "wordcount": "1.108",
            "chapter_release": "16.07.2015",
            "chapter_number": "17"
        },
        "2": {
            "text": "Kapitel 2Beim \u00d6ffnen wirbelte Staub auf und sie hustete und kniff die Augen zusammen. Als der Staub sich gelegt hatte, versuchte sie die Augen langsam wieder zu \u00f6ffnen, doch das Licht, das den kleinen Raum, in dem sie gelandet war, erleuchtete, war so hell, dass sie erneut die Augen verengte und sich sch\u00fctzend die Hand vors Gesicht \u0001 \u0002 gew\u00f6hnten sich ihre Augen an die Helligkeit und sie senkte die Hand. Nun, da ihre Sicht nicht mehr von Staub getr\u00fcbt war oder ihre Augen von Licht geblendet wurden, erkannte sie endlich, wo sie war. Sie Stand im Boden eines kleinen Raumes, in dem sich ein dutzend klappriger Stehtische befanden. Um die Tische gruppiert standen kleine Gruppen von M\u00e4nnern, unter ihnen auch vier Frauen, die sich lautstark unterhielten, lachten, gr\u00f6lten und fast alle eine Flasche Bier in der Hand hielten. An der Wand gegen\u00fcber von ihr war eine T\u00fcr, die offen stand und durch die sie einen weiteren Raum erkennen konnte, in dem sich ein Tresen befand, hinter dem ein Mann stand und schmutzige Gl\u00e4ser mit einem verstaubten Tuch auswischte. Dass die Gl\u00e4ser dadurch keines Wegs sauberer sondern eher schmutziger wurden, schien in nicht sonderlich zu interessieren. Er war mehr damit besch\u00e4ftigt einer Frau irgendetwas zu erz\u00e4hlen. Dieses etwas war anscheinend unglaublich witzig, denn die Frau kreischte unaufhaltsam und schien fast von dem Barhocker, auf dem sie sa\u00df, zu \u0001 \u0002 wand den Blick von der betrunkenen Frau ab, stieg aus der Lucke im Boden und schloss die Fallt\u00fcr hinter sich. \u201eHe, wos machst du denn hier, kloins Fr\u00e4ulein?\u201c grummelte pl\u00f6tzlich eine tiefe Stimme hinter ihr. Blitzartig drehte sie sich um. Vor ihr stand ein recht alt aussehender Herr mit langem, grauem, verfilztem Bart, einer verwaschenen Baskenm\u00fctze auf dem eierrunden Kopf, einer grau-braunen Wolljacke und schwarzer Arbeiterhose und matschbraunen Stiefeln an. Er sah sie aus zwei kleinen, fast schon gelb leuchtenden, tief liegenden Augen an. \u201eIch\u2026 Ich\u2026 Ich wollte mich nur mal umsehen.\u201c Stammelte sie, und stolperte ein paar Schritte zur\u00fcck, wobei sie ausversehen gegen einen Stuhl trat und ihn fast umgeworfen h\u00e4tte, wenn ein weiterer betrunken aussehender Mann ihn nicht aufgefangen h\u00e4tte. \u201eWen haste denn da aufgegabelt, H\u00e4nning?\u201c fragte er mit glucksender Stimme. \u201eKoine Ahnung. Dos hab ich se au groad gefracht.\u201cHickste der andere ihm entgegen. \u201eJa sag, wer biste denn?\u201c Sie z\u00f6gerte. Sollte sie den beiden wirklich verraten, wer sie war? Besser nicht. Wer wei\u00df wer und was die waren. \u201eIch bin Elisabeth.\u201c brachte sie nach ein paar Sekunden der \u00dcberlegung hervor. \u201eElisabeth wer?\u201cschnauzte der Baskenm\u00fctzen-Mann sie an. \u201eNa, Elisabeth ich!\u201c entgegnete sie, jetzt schon ein wenig selbstbewusster. \u201eAch und \u00fcbrigens. Ich muss mich jetzt leider verabschieden. War sch\u00f6n mit ihnen zu plaudern.\u201c Und sie huschte zwischen den beiden verwirrt dreinblickenden M\u00e4nnern hindurch, ehe einer von ihnen noch ein Wort entgegnen \u0001 \u0002 rannte einmal quer durch den Raum und durch die offene T\u00fcr, durch die sie den Tresen gesehen hatte. F\u00fcr einen kurzen Moment blieb sie stehen und blickte sich um, um sich Orientierung zu verschaffen und den Ausgang zu identifizieren. Es war ewig her, seit sie das letze mal hier gewesen war. Sie erblickte eine gro\u00dfe Schwingt\u00fcr zu ihrer Rechten und als diese aufging und ein weiterer Besucher die Kneipe betrat, sah sie hinter ihr eine Stra\u00dfe auf der viele Leute mit ihren Karren und K\u00f6rben unterwegs waren. Das war er, das war der Ausgang. Bevor sie losspurtete blickte sie sich noch einmal nach ihren beiden Bel\u00e4stigern um, die sich mittlerweile umgedreht hatten und ihr direkt ins Gesicht sahen. Immer noch mit sehr verdateter und ahnungsloser Miene. Dann rannte sie auf die T\u00fcr zu und verschwand durch \u0001 \u0002 Stra\u00dfe, die sie betrat, bestand aus festgetretenem Dreck. Sie war schmal und uneben und gerammelt voll. \u00dcberall waren Karren aufgestellt, auf denen Obst, Gem\u00fcse, Teppiche und andere zum Verkauf ausgestellte Objekte lagen. Die H\u00e4ndler, die neben diesen standen schrien unaufhaltsam und priesen ihre Waren an, wobei bei einigen deutlich zu erkennen war, dass sie nicht mehr ganz so frisch waren, wie der H\u00e4ndler behauptete. Vor den Karren standen Frauen, die sie begutachteten, sich von den H\u00e4ndlern beraten lie\u00dfen und eifrig Dinge in ihre schon voll beladenen K\u00f6rbe stopften. Dass einige von ihnen nicht einmal f\u00fcr das bezahlten, was sie dort einpackten, schien den H\u00e4ndlern nicht \u0001 \u0002 nicht nur H\u00e4ndler waren auf der kleinen Gasse unterwegs. Auch Reiter auf ihren Pferden querten die Stra\u00dfe. Ihr viel auf, dass die Reiter meist arrogant und hochm\u00fctig wirkten. Hielten sich wohl f\u00fcr was besseres, nur weil sie einen t\u00fcchtigen, reitf\u00e4higen Gaul \u0001 \u0002 den Stra\u00dfen R\u00e4ndern sah sie Leute sitzen und bei genauerem Hinsehen viel ihr auf, dass es \u00fcberwiegend Kinder und ziemlich krank aussehende Leute waren. Die meisten von ihnen hatten \u00fcberall eitrige Beulen und blasse Gesichter. Ihre Augen schienen ihnen fast schon zuzufallen und zum aufrecht sitzen hatten sie wohl keine Kraft mehr. Elisabeth frage sich, was f\u00fcr eine Krankheit das sein musste, die den Leuten so etwas antat. Die Leute schienen nichts zu besitzen, denn die meisten lungerten einfach nur auf dem harten staubigen Boden rum. Ihre Klamotten, falls man das \u00fcberhaupt so nennen konnte, waren zerrissen und schmutzig und der kalten Jahreszeit keineswegs \u0001 \u0002 streckten viele von ihnen ihre H\u00e4nde zu einer Schale geformt nach vorne und bettelten um ein wenig Geld oder auch nur etwas zu Essen. Die vorr\u00fcbergehenden Leute jedoch schienen sie nicht zu beachten. Sie verabscheuten sie regelrecht und machten, wenn sie einen vor sich auf der Stra\u00dfe hocken sahen, einen gro\u00dfen Bogen um diesen. Dabei verzogen sie die Gesichter und fingen, wenn sie einen Begleiter hatten, an zu \u0001 \u0002 Elisabeth zwei Stimmen hinter sich h\u00f6rte, die verd\u00e4chtig nach den beiden Bekanntschaften aus der Kneipe klangen, beschloss sie, sich ein wenig umzusehen. Sie war lange nicht mehr hier gewesen und es hatte sich einiges ver\u00e4ndert.",
            "wordcount": "969",
            "chapter_release": "16.05.2015",
            "chapter_number": "2"
        },
        "3": {
            "text": "Kapitel 3Sie mischte sich unter den Strom der Menschen, K\u00fche, H\u00fchner, Schweine, Pferde und was da sonst noch so alles dabei war und betrachtete interessiert die Dinge, die an den Stra\u00dfenr\u00e4ndern verkauft wurden. Da gab es T\u00f6pfe, Teppiche, Kleider und Schmuck, aber auch Lebensmittel wie Obst, Gem\u00fcse, Brot, Eier und sogar Tiere wurden angeboten, wie H\u00fchner, Schweine und \u0001 \u0002 einmal sp\u00fcrte sie etwas an ihrem Bein und sie konnte sich nicht mehr von der Stelle bewegen. Es f\u00fchlte sich an, als w\u00fcrden an ihrem linken Fu\u00df mindestens zwei volle S\u00e4cke Mehl h\u00e4ngen. Als sie nach unten blickte, um die Ursache f\u00fcr dieses Empfinden zu erkunden, entdeckte sie einen dieser Bettler, der sich an ihr Bein geklammert hatte und angsterf\u00fcllt zu ihr hinaufblickte. Seine Arme und Beine waren bedeckt von den eitrigen Blasen, die sie auch schon bei den anderen entdeckt \u0001 \u0002 jetzt, wo sie einen so direkt vor sich hatte fiel ihr auf, wie unheimlich und grausam zugerichtet diese Menschen aussahen. Panisch versuchte sie sich loszurei\u00dfen, aber er klammerte sich an ihr fest, als ob es um sein Leben ginge und grub seine unnat\u00fcrlich langen Fingern\u00e4gel in ihre Unterschenkel. Entsetzt blickte sie umher, aber keiner der Vorr\u00fcbergehenden schien sie zu bemerken oder sie ignorierte sie einfach. \u201eLass mich los!\u201c fauchte sie ihn an, aber er starrte sie nur weiter mit glasigen Augen an und verst\u00e4rkte seinen Griff. \u201eLass mich bitte los! Ich kann dir nicht helfen, bitte!\u201c flehte sie jetzt und Tr\u00e4nen schossen ihr in die \u0001 \u0002 griff eine Hand nach dem Bettler und zerrte ihn von ihr weg. Sie sp\u00fcrte, wie der Druck an ihrem Bein nachlie\u00df und h\u00f6rte eine w\u00fctende Stimme sagen: \u201eHaben sie nicht geh\u00f6rt, was die Lady gesagt hat? Sie sollen sie in Ruhe lassen. Weg von ihr!\u201c Der Bettler sah ihr noch einmal in die Augen, dann senkte er den Blick und kroch auf Knien \u0001 \u0002 blickte sie sich nach ihrem Helfer \u0001 \u0002 war ein Junge, etwa in ihrem Alter, ungef\u00e4hr einen halben Kopf gr\u00f6\u00dfer als sie. Seine kastanienbraunen Haare fielen ihm ihn wirren Str\u00e4hnen ins Gesicht und seine verbl\u00fcffend gr\u00fcnen Augen musterten sie neugierig.\u201eDa\u2026 Danke!\u201c, brachte sie gerade noch hervor, bevor sie auf dem Absatz kehrt machte und in Richtung der Kneipe rannte, durch die sie in die Stadt gelangt \u0001 \u0002 sie in dem stockdunklen Gang verschwunden war, dachte sie erstmals \u00fcber ihre Begegnung mit dem fremden Jungen nach. Er hatte ihr als Einziger geholfen und sie hatte sich nicht einmal richtig bei ihm bedankt. Warum war sie weggerannt? Sie konnte sich noch genau an seinen verdutzten Gesichtsausdruck erinnern, kurz bevor sie sich umgedreht \u0001 \u0002 den ganzen R\u00fcckweg \u00fcber h\u00f6rte sie seine Stimme in ihren Ohren und sah seine smaragdgr\u00fcnen Augen vor \u0001 \u0002 sie an diesem Abend in ihrem Himmelbett lag und \u00fcber den Tag nachdachte, fasste sie einen Entschluss. Morgen w\u00fcrde sie wieder in die Stadt gehen. Sie wollte ihn \u0001 \u0002 Nachmittag des n\u00e4chsten Tages, nachdem sie ihren t\u00e4glichen Unterricht beendet hatte, schlich sie sich erneut unbemerkt davon. Durch die langen G\u00e4nge des Palastes lief sie zur T\u00fcr im Keller, durch die sie in die Kneipe gelangte. Als sie endlich aus der Kneipe in die k\u00fchle Herbstbriese trat, blickte sie sich hoffnungsvoll. Die Gasse war wieder voll mit Leuten, die ihren t\u00e4glichen Pflichten nachgingen und so dauerte es eine Weile, bis sie feststellen musste, dass er nicht unter ihnen war. Entt\u00e4uscht senkte sie den Blick. Wie hatte sie auch auf ein Wiedersehen hoffen k\u00f6nnen?Sie ging ein paar Schritte die Stra\u00dfe abw\u00e4rts und fuhr zusammen, als sie pl\u00f6tzlich eine Hand auf ihrer Schulter sp\u00fcrte. Ruckartig drehte sie sich um und flehte zu Gott, dass sie nicht erneut einem Bettler in die Arme gelaufen war.",
            "wordcount": "623",
            "chapter_release": "17.05.2015",
            "chapter_number": "3"
        },
        "4": {
            "text": "Kapitel 4Noch in dem Moment, in dem sie sich umdrehte, h\u00f6rte sie seine Stimme: \u201eIch konnte mich gestern gar nicht mehr richtig von dir verabschieden. Du warst so schnell weg.\u201c Dabei grinste der Junge von gestern sie frech an. Jetzt, wo sie direkt vor ihm stand, war sie einen Moment lang sprachlos. \u201eOh\u2026 Ja\u2026 Entschuldige bitte, ich war sp\u00e4t dran.\u201c, brachte sie schlie\u00dflich nach ein paar Sekunden hervor, wobei sie ein verlegenes L\u00e4cheln aufsetzte. Soweit es \u00fcberhaupt noch m\u00f6glich war, wurde sein Grinsen noch breiter.\u201eDarf man den Namen der sch\u00f6nen Lady erfahren, der ich gestern das Leben gerettet habe?\u201c Bei diesen Worten machte er eine leichte Verbeugung vor ihr. Von ihrem Schreck erholt, erwiderte sie gefasst: \u201eNun werde mal nicht \u00fcberm\u00fctig.\u201c Und nach einer kurzen Pause f\u00fcgte sie hinzu \u201eMein Name lautet \u00fcbrigens Elisabeth und mit wem habe ich das Vergn\u00fcgen?\u201c \u201eMauro. Mauro Ragnar.\u201c Er sprach mit einem leichten skandinavischen Akzent, der ihr bei ihrem gestrigen Treffen gar nicht aufgefallen \u0001 \u0002 starrten sie sich schweigend an. Nerv\u00f6s kratzte er sich am Hinterkopf und fuhr sich durch die Haare, w\u00e4hrend sie angespannt auf ihrer Unterlippe herum biss, wie sie es immer tat, wenn sie aufgeregt \u0001 \u0002 ein paar langen Minuten der dr\u00fcckenden Stille brach sie das Schweigen, indem sie ihn fragte, wo er herkomme. Bei dieser Frage verkrampften sich seine Gesichtsz\u00fcge. Nach ein paar Sekunden antwortete er mit merklich k\u00fchlerer Stimme: \u201eAch, eigentlich bin ich nirgendwo wirklich zu Hause.\u201c Erschrocken erwiderte sie: \u201eAber jeder hat doch ein zu Hause. Was ist denn mit deinen Eltern?\u201c Hysterisch lachte er auf und zum ersten Mal fielen Elisabeth die Ringe unter seinen Augen auf. \u201eMeine Mutter ist tot und mein Vater wird wegen seiner ewigen Sauferei auch bald ins Gras bei\u00dfen. Schlafen tue ich meist auf den Heub\u00f6den irgendwelcher Bauernh\u00f6fe.\u201c Ihre Augen weiteten sich und auf ihrem Gesicht spiegelte sich ihr Mitleid wieder. \u201eDas tut mir leid f\u00fcr dich. Ich h\u00e4tte dich das nicht fragen sollen.\u201c \u201eAlles halb so wild. Ich komme schon zurecht.\u201c Antwortete er und machte mit seiner Hand eine wegwerfende \u0001 \u0002 schwiegen sie beide. \u201eIch muss dann auch schon wieder los.\u201c, sagte sie nach einer Weile. \u201eGut, dann werde ich dich nach Hause begleiten.\u201c Er l\u00e4chelte und bot ihr seinen Arm an. \u00dcberrascht und entsetzt zugleich erwiderte sie: \u201eNein nicht n\u00f6tig. Ich schaff das schon alleine.\u201c \u201eAber ich bestehe darauf.\u201c, entgegnete er mit Nachdruck, \u201eEine Lady wie Sie sollte um diese Uhrzeit nicht mehr alleine in den Gassen unterwegs sein. Es wird bald dunkel und nachts ist es hier noch gef\u00e4hrlicher als bei Tage.\u201cLangsam stieg Panik in ihr hoch. Was, wenn er sich nicht abwimmeln lie\u00df? Er konnte sie auf keinen Fall nach Hause begleiten, das wusste sie. Sie musste schnell eine gute Ausrede finden. \u201eDu kannst nicht mitkommen. Meine Eltern sind sehr streng und dulden keine M\u00e4nner an meiner Seite.\u201c Bei diesen Worten setzte sie ihr freundlichstes L\u00e4cheln auf, \u201eda kann man leider nichts machen.\u201c Er zog eine Augenbraue hoch und sie sah an seinem Gesichtsausdruck, dass er ihr diese Ausrede nicht wirklich abkaufte. \u201eWerde ich dich denn morgen wiedersehen?\u201c, fragte er mit betont beil\u00e4ufiger Stimme. \u201eNur, wenn du mich alleine gehen l\u00e4sst.\u201c Und ein selbstgef\u00e4lliges L\u00e4cheln trat in ihr Gesicht. \u201eVersprichst du mir, dass dir nichts passiert?\u201c \u201eIch verspreche es.\u201c Kurz bevor sie sich umdrehte sagte er noch: \u201eSiehst du den Krugh\u00e4ndler dort vorne an der Ecke? Bei dem werde ich morgen Nachmittag auf dich warten.\u201c \u201eIch werde da sein!\u201cMit diesen Worten drehte sie sich um. Sie blieb noch einen Moment stehen, sp\u00fcrte seine Blicke in ihrem Nacken und l\u00e4chelte. Dann ging sie in Richtung der Kneipe, durch die sie gekommen war. Kurz bevor sie die T\u00fcr \u00f6ffnete wandte sie sich noch einmal um. Er war in der Menschenmenge verschwunden. Sie war ein wenig entt\u00e4uscht obwohl sie wusste, dass es besser war, denn so w\u00fcrde er ihr Geheimnis vorerst nicht erfahren.",
            "wordcount": "650",
            "chapter_release": "17.05.2015",
            "chapter_number": "4"
        },
        "5": {
            "text": "Kapitel 5In dieser Nacht schlief Elisabeth sehr schlecht. Sie w\u00e4lzte sich unruhig in ihrem Bett hin und her und warf dabei s\u00e4mtliche ihrer samtenen Kissen \u0001 \u0002 sie die Augen aufschlug stand ihre Zofe vor ihrem Bett und blickte sie vorwurfsvoll an. \u201eSie sind reichlich sp\u00e4t dran, gn\u00e4diges Fr\u00e4ulein. Eigentlich h\u00e4tten sie bereits vor einer halben Stunde aufstehen m\u00fcssen. Nun aber Beeilung, sonst verpassen sie noch die Kutsche, die sie zur Kirche bringen soll und das w\u00e4re eine Trag\u00f6die. Eine Prinzessin kommt zu sp\u00e4t zu ihrer Trauung. Nein, nicht auszudenken.\u201c, und sie wackelte davon um ein Bad f\u00fcr Elisabeth \u0001 \u0002 hatte sie da gerade gesagt? M\u00fcde rieb Elisabeth sich die Augen. Hatte sie da gerade wirklich das Wort \u201eTrauung\u201c verstanden? Nein, das war nicht m\u00f6glich. Sie sollte bestimmt nicht heiraten. Niemals! Langsam stand sie auf und schlich ins Badezimmer, doch auf dem Weg dorthin kam sie an ihrem ge\u00f6ffneten Kleiderschrank vorbei und was sie da drinnen h\u00e4ngen sah, verschlug ihr den Atem. Ein Kleid! Aber nicht irgendein Kleid, denn davon besa\u00df sie hunderte. Nein! In ihrem Kleiderschrank hing ein schneewei\u00dfes, bodenlanges Brautkleid. Es bestand g\u00e4nzlich aus T\u00fcll und Samt. In den Saum des Kleides waren wei\u00dfe Blumen eingestickt und den Kragen schm\u00fcckte wei\u00dfer Pelz. Neben dem Kleid ging ein dazu passender, aus Seide bestehender, h\u00fcftlanger \u0001 \u0002 war wundersch\u00f6n und w\u00e4re es f\u00fcr irgendjemand anderes gewesen, dann h\u00e4tte sie diese wahrscheinlich um ihr traumhaftes Kleid beneidet, aber es war f\u00fcr sie und diese Tatsache gefiel ihr ganz und gar nicht. Sie wusste ja noch nicht einmal, wer der Br\u00e4utigam war. Wen sollte sie denn heiraten und wer hatte diese Entscheidung \u00fcberhaupt getroffen? Sie definitiv nicht. Sie war doch gerade mal 16 Jahre alt. In den Augen ihrer Eltern, ein heiratsf\u00e4higes Alter, aber in ihren keines \u0001 \u0002 sie 5 Minuten vor dem Kleid gestanden, es betrachtet und \u00fcber die ganzen Dinge nachgedacht hatte, scheuchte sie die Zofe ins Badezimmer, wo sie ihr Bad nahm und sich von den Bediensteten herausputzen \u0001 \u0002 schl\u00fcpfte sie wiederwillig in das Brautkleid, das ihr zugegebenerma\u00dfen ziemlich gut stand und lie\u00df sich die r\u00fcckenlangen Haare in einem Kranz um den Kopf flechten. Als sie sich schlie\u00dflich im Spiegel betrachtete musste sie zugeben, dass sie unglaublich h\u00fcbsch aussah, trotzdem konnte sie sich nicht dar\u00fcber freuen, denn der Gedanke an ihre Verm\u00e4hlung, die in wenigen Stunden stattfinden sollte, qu\u00e4lte sie. Wen sollte sie denn heiraten? Sie hatte immer noch keine Idee. Knappe zwei Stunden, nachdem sie aufgestanden war, dr\u00e4ngten sie die Zofen aus ihrem Ankleidezimmer und die riesigen Marmortreppen des Schlosses hinunter. Vor dem gro\u00dfen Eingangstor stand bereits eine pr\u00e4chtige, goldgl\u00e4nzende Kutsche, in der Elisabeths Mutter, K\u00f6nigin Anne-Maria Eleonore van Oranien-Nassau, schon auf sie wartete. Sie war eine schlanke und gro\u00dfe, vornehm aussehende Dame, mit schwarzen, zu einem strengen Dutt zusammengebundenen, Haaren, einem markanten Kinn, eisblauen Augen, schmalen Lippen, hohen Wangenknochen und sehr blasser \u0001 \u0002 war ihrer Mutter in jederlei Hinsicht sehr un\u00e4hnlich. Elisabeth war eher nach ihrem Vater gekommen. Sie hatte die gleichen dunkelbrauen Locken wie er und auch die genau gleichen karamellbraunen Augen, die immer, wenn sie sich freute, zu funkeln schienen. Ihre Lippen waren voll, nicht fett, aber voll und ihre Wangen waren meist von einem fiebrigen Rosa erleuchtet. Auch ihre Art war anders als die ihrer Mutter. Ihre Mutter war streng, vornehm und pflichtbewusst. Sie jedoch war fr\u00f6hlich, verspielt und hielt herzlich wenig von Regeln und Pflichten, was ihrer Mutter ganz und gar nicht \u0001 \u0002 sie in die Kutsche einstieg und die Zofen die Schleppe ihres Brautkleides behutsam zu ihren F\u00fc\u00dfen niederlegten sprach ihre Mutter mit ruhiger und vornehmer Stimme: \u201eSch\u00f6n, dass du auch endlich den Weg aus dem Schloss gefunden hast Elisabeth Sophia. Ich habe schon auf dich gewartet und ich bin mir sicher, dass dein Br\u00e4utigam dies auch tut.\u201c \u201eMutter, ich will nicht heiraten. Ich wei\u00df ja noch nicht mal wen.\u201c, erwiderte sie mit zittriger Stimme und Tr\u00e4nen in den Augen. \u201eMein Kind, stell dich gef\u00e4lligst nicht so an. Du wirst heiraten und zwar den Grafen Erik von Abensburg. Er ist eine gute Partie. Seine Eltern haben ein gro\u00dfes Verm\u00f6gen und besitzen viel Land. Es hilft uns, unser Herrschaftsgebiet zu vergr\u00f6\u00dfern.\u201c, sagte sie mit einem selbstgef\u00e4lligen L\u00e4cheln auf ihren schmalen Lippen. Nun liefen Elisabeth dicke Tr\u00e4nen die Wange runter. \u201eAber Mutter, er ist h\u00e4sslich. Er\u2026\u201c Weiter kam sie nicht, denn ihre Mutter unterbrach sie mit schneidender Stimme: \u201eSchweig! Sein Aussehen spielt keine Rolle. Es geht einzig und allein um die politischen und finanziellen Vorteile, die diese Heirat mit sich bringt.\u201cElisabeth sah ihre Mutter flehend an, senkte dann aber den Blick und die Kutsche fuhr los in Richtung der gro\u00dfen Kirche, die das Herz der Stadt bildete. Sie fuhren vorbei an B\u00e4ckereien, Metzgereien, Gem\u00fcseh\u00e4ndlern und Kneipen. Die Stra\u00dfen, die sie entlang fuhren, waren ges\u00e4umt von Menschen, die ihnen mit ihren Taschent\u00fcchern zuwinkten. Unter ihnen waren viele Kinder, die Elisabeth eifers\u00fcchtig anblickten. Sie h\u00e4tte alles daf\u00fcr gegeben, wenn sie mit ihnen h\u00e4tte tauschen k\u00f6nnen. Dann sah sie einen jungen Mann. Sie kannte ihn irgendwoher. Als sich sein und ihr Blick trafen erkannte sie ihn. Es war Mauro. Der Junge, den sie gestern kennengelernt hatte und seither nicht aus dem Kopf bekam. Er sah sie an, mit einem Blick, der sie zu tiefst beunruhigte. War es ein Vorwurf oder einfach nur tiefe Trauer? Sicher beides! Nun f\u00fchlte sie sich noch elender. Sie wollte doch gar nicht heiraten und schon gar nicht diesen schrecklichen Grafen. Bald kamen sie bei der Kirche an, vor der bereits ein dutzend Bedienstete auf sie gewartet hatten, um ihr mit ihrem Kleid zu helfen. Auch ihr Vater stand dort vor der ge\u00f6ffneten Kirchent\u00fcr und strahlte sie an. \u201eNa mein Engel! Freust du dich schon?\u201c Ihre Mutter antwortete f\u00fcr sie. \u201eNein Sigmund, das tut sie nicht. Aber darum geht es nun mal nicht. Sie wird sich damit abfinden m\u00fcssen.\u201c Dann schritt sie erhobenen Hauptes in die Kirche, geradewegs auf die erste Reihe zu, wo bereits St\u00fchle f\u00fcr sie und ihren Gatten bereit standen.\u201eDas wird schon.\u201c, grummelte Elisabeths Vater ihr zu und bot ihr seinen Arm an, damit er sie, wie es sich geh\u00f6rt, in die Kirche und zum Altar geleiten \u0001 \u0002 die beiden, gefolgt von einer Dienerschar, \u00fcber die Schwelle der Kirche traten, fingen auf der Empore Musiker an zu spielen. Sie und ihr Vater schritten langsam zum Altar und als sie nur noch ein paar Schritte davon entfernt waren, drehte sich der junge Mann, der die ganze Zeit, mit dem R\u00fccken zu ihr gekehrt, davor gestanden hatte, um und sie erkannte: Graf Erik von Abensburg. Er war noch abscheulicher, als sie ihn in Erinnerung hatte. Auf seinem ovalen Kopf lag ein Pflaum von blonden Haaren, die aussahen, als h\u00e4tte ein Vogel sein Nest eben dort errichtet. Seine kleinen Schweinchen Augen blickten sie gierig an und seine Hasenz\u00e4hne lugten wie immer ein paar Millimeter vor seiner Unterlippe aus dem Mund. Er hatte seinen \u00fcberaus dicken Wanst in einen viel zu engen Anzug gestopft, so dass es einem beim Hinsehen den Eindruck einer Presswurst \u0001 \u0002 grinste sie fast schon h\u00e4misch an und hielt ihr seine Hand hin. Als sie ihre angewidert hineinlegte schlossen sich seine wurstigen Stummelfinger um diese.",
            "wordcount": "1.198",
            "chapter_release": "18.05.2015",
            "chapter_number": "5"
        },
        "6": {
            "text": "Kapitel 6Sie \u00f6ffnete die Augen und fuhr ruckartig aus ihren Kissen. Von ihrer Stirn perlten kleine Schwei\u00dftropfen und ihre Decke hatte sich, durch ihr vieles Bewegen, eng um ihren K\u00f6rper \u0001 \u0002 war da gerade eben passiert? Heiraten? Ihre Eltern hatten ihr gegen\u00fcber nie irgendetwas von einer Hochzeit gesagt und dann auch noch diesen schrecklichen Grafen. Eine Weile sa\u00df sie reglos in ihrem Bett und dachte \u00fcber das Erlebte nach. Hatte sie es \u00fcberhaupt erlebt? Nein! Es war ein Traum. Bestimmt! Um sich zu vergewissern z\u00fcndete sie die kleine Kerze auf ihrem Nachtschr\u00e4nkchen an, stand auf und schlich im Halbdunkeln zu ihrem Kleiderschrank. Sie \u00f6ffnete ihn und\u2026 ein Stein fiel ihr vom Herzen. Kein Brautkleid! Dies war der Beweis daf\u00fcr, dass es nur ein Traum war. Gott sei Dank! Das war der schlimmste Albtraum, den sie je in ihrem Leben gehabt \u0001 \u0002 sie wieder in ihrem Bett sa\u00df viel ihr ein, dass auch Mauro in dem Traum vorgekommen war. Sein Blick, als er sie in dieser Kutsche mit dem Schleier in den Haaren, gesehen hatte steckte ihr immer noch in Mark und Knochen. Er sah so traurig und entt\u00e4uscht, aber irgendwie auch vorwurfsvoll und anklagend aus. Ihr machte dieser Blick in ihren Gedachten ziemlich zu schaffen, denn sie begann sich selbst Vorw\u00fcrfe zu machen. Sollte sie ihm sagen, wer sie war? Er w\u00fcrde nie wieder mit ihr sprechen. Er w\u00fcrde sich benehmen wie ein unterw\u00fcrfiger Untertan und genau das wollte sie nicht. Sie wollte sich auf Augenh\u00f6he mit den Menschen in der Stadt unterhalten. Wie einer von ihnen. Und sie wollte Mauro auf Augenh\u00f6he n\u00e4her kennenlernen. Sie mochte ihn, auch wenn sie noch nicht wusste \u0001 \u0002 machte die Kerze aus, schmiegte sich in ihre weichen Kissen, schlief sofort ein und wachte erst wieder am Morgen auf, nachdem sie die restliche Nacht traumlos und friedlich geschlafen \u0001 \u0002 ganzen Vormittag \u00fcber war sie sehr unruhig und konnte sich w\u00e4hrend des Unterrichts kaum konzentrieren, so dass sie des \u00d6fteren von den Lehrern ermahnt wurde, denn sie konnte den Nachmittag, an dem sie wieder in die Stadt schleichen und Mauro treffen w\u00fcrde, kaum abwarten. Das mitt\u00e4gliche Klavier\u00fcben lie\u00df sie deshalb auch kurzerhand ausfallen und entschuldigte sich mit der Ausrede, es ginge ihr nicht gut und sie w\u00fcrde sich bis zum Abendessen lieber noch ein wenig hinlegen. Um diese Aussage zu unterstreichen hustete sie ein paar Mal und setzte einen kr\u00e4nklichen Gesichtsausdruck auf und tats\u00e4chlich, die Zofe gew\u00e4hrte ihr \u201eEin paar Stunde Ruhe\u201c. \u201eWir wollen ja nicht, dass das gn\u00e4dige Fr\u00e4ulein krank ist, wenn eure Majest\u00e4ten in zwei Wochen aus England wieder zur\u00fcckkehren. Ein gro\u00dfes Bankett ist geplant und es w\u00e4re schade, wenn die edle Dame Prinzessin aufgrund einer Krankheit nicht an diesem teilnehmen k\u00f6nnte.\u201c, predigte sie mit bemutternder Stimme, w\u00e4hrend sie die frisch gewaschenen Gew\u00e4nder Elisabeths in ihren Schrank einr\u00e4umte. Dann verlie\u00df sie das Zimmer und schloss behutsam die T\u00fcr hinter \u0001 \u0002 wartete noch einige Minuten, denn sie wusste von der unm\u00f6glichen Angewohnheit der Zofe, immer an der T\u00fcr zu lauschen, dann \u00f6ffnete sie diese einen Spalt breit, lugte nach drau\u00dfen und schlich sich, als sie niemanden auf dem langen Gang entdeckte, nach Drau\u00dfen und zu ihrer geheimen T\u00fcr in die \u201eFreiheit\u201c.Durch den schwarzen Tunnel huschte sie heute schneller, als sie es jemals getan hatte und so kam es, dass sie den Kopf nicht tief genug senkte und sich die Stirn an der Decke aufschlug. Sie sp\u00fcrte den stechenden Schmerz durch ihren Kopf schie\u00dfen, kniff f\u00fcr einige Sekunden die Augen fest zusammen, biss sich fest auf die Lippe und presste ihre Handfl\u00e4che auf die Stelle an ihrer Stirn, mit der sie gegen den Stein geschlagen war. Nach einigen Minuten ging es wieder und sie ging weitaus vorsichtiger \u0001 \u0002 stieg durch die Luke im Boden der Kneipe, durchquerte diese und trat schlie\u00dflich auf die ihr, mittlerweile sehr vertraute, Stra\u00dfe. Dort sah sie sich nach Mauro um und entdeckte ihn auch so gleich an der Ecke, an der er versprochen hatte auf sie zu warten. Er sah schon ziemlich gut aus, wie er da so stand, sich hin und wieder die zerzausten Haare aus dem Gesicht strich und die St\u00e4nde rings um ihn interessiert musterte. Auf ihrem Gesicht machte sich ein breites L\u00e4cheln breit und sie beschleunigte ihre Schritte.",
            "wordcount": "711",
            "chapter_release": "19.05.2015",
            "chapter_number": "6"
        },
        "7": {
            "text": "Kapitel 7Schon von weitem erkannte er sie und kam auf sie zugerannt. \u201eHallo Sch\u00f6ne. Ich habe auf dich gewartet.\u201c \u201eWie du siehst bin ich da.\u201c, erwiderte sie schmunzelnd. \u201eJa, aber du hast dein Versprechen nicht gehalten.\u201c, sagte er nun, mit ernsterer Stimme. \u201eWieso nicht?\u201c, erwiderte sie fragend. \u201eDu hast gesagt, dir w\u00fcrde nicht passieren, wenn ich dich alleine nach Hause gehen lassen w\u00fcrde, aber was ist das dort an deiner Stirn? Du wurdest doch nicht etwa \u00fcberfallen? Oh, ich wusste es. Ich h\u00e4tte dich nicht alleine gehen lassen d\u00fcrfen.\u201c, und er machte einen Schritt auf sie zu, um sich die Platzwunde an ihrer Stirn genauer anzusehen. Sie hielt sich die linke Hand vor die Wunde, w\u00e4hrend sie versuchte die rechte, mit getrocknetem Blut beschmierte, Hand unauff\u00e4llig an der Sch\u00fcrze ihres Kleides abzuwischen. \u201e Es ist nichts passiert und mich hat auch niemand \u00fcberfallen. Ich habe mir nur den Kopf gesto\u00dfen, sonst nichts.\u201c \u201eDen Kopf gesto\u00dfen?!\u201c, wiederholte er mit einem leicht sarkastischen Unterton in seiner Stimme, w\u00e4hrend er die linke Augenbraue hochzog. Warum konnte er das so gut? Elisabeth hatte, als sie noch kleiner gewesen war, Stunden vor dem Spiegel verbracht und es ge\u00fcbt, aber sie hatte es nie geschafft. \u201eJa genau. Den Kopf gesto\u00dfen.\u201c, wiederholte sie jetzt etwas energischer und wand ihr Gesicht von ihm ab, denn er war ihr jetzt ziemlich nahe gekommen.\u201eIch bin \u00fcbrigens nicht gekommen, um mir deine Vorw\u00fcrfe von wegen \u201eich k\u00f6nnte nicht auf mich selber aufpassen\u201c anzuh\u00f6ren.\u201c \u201eSchon gut, schon gut.\u201c, meinte er beschwichtigend und hob seine H\u00e4nde wie, als w\u00fcrde er ein ausschlagendendes Pferd beschwichtigen wollen.\u201eHast du heute mehr Zeit mitgebracht oder musst du wieder so fr\u00fch los wie gestern?\u201c \u201eWarum willst du das wissen?\u201c, fragte sie ihn mit belustigter Miene. \u201eNa ja, wenn du immer nur so wenig Zeit hast, dann kann ich dir hier ja gar nichts zeigen.\u201c, meinte er beil\u00e4ufig. \u201eWieso zeigen?\u201c, fragte sie, w\u00e4hrend sie einen versuchte den Drang zu husten zu unterdr\u00fccken. \u201eIch habe dich hier noch nie gesehen, deshalb denk ich mal, dass du nicht von hier bist und das wiederrum gibt mir die M\u00f6glichkeit, dir diesen Teil von Den Haag zu zeigen. Nat\u00fcrlich nur, wenn du das m\u00f6chtest.\u201c Sie strich sich eine Locke, die ihr ins Gesicht gefallen war, hinters Ohr und sagte nach ein paar Sekunden: \u201eDu hast recht. Ich war noch nicht wirklich oft hier und kenne mich kein bisschen aus. Es w\u00e4re sehr nett von dir, wenn du mir die Gegend zeigen w\u00fcrdest.\u201c \u201eBei der Gelegenheit kann ich dir auch ein paar von meinen Lieblingspl\u00e4tzen zeigen. Manche von ihnen sind sogar fast einer Prinzessin w\u00fcrdig. Jetzt nicht unbedingt von der Ausstattung her, aber die Aussichten bei vielen sind zum Beispiel k\u00f6niglich. Du wirst sehen, sie werden dir bestimmt gefallen.\u201c, erkl\u00e4rte er mit deutlich erkennbarem Stolz in der Stimme. Bei den Worten \u201ePrinzessin\u201c und \u201ek\u00f6niglich\u201c war sie kurz hellh\u00f6rig geworden. Doch als er zu Ende gesprochen hatte entspannten sich ihre Muskeln wieder und sie schmunzelte in sich hinein. Wenn er w\u00fcsste, dass sie eine Prinzessin war, dann h\u00e4tte er das bestimmt nicht gesagt. Aber er wusste es nicht und das war auch gut so.\u201eZuerst werde ich dir die Stadt aber von den Stra\u00dfen aus zeigen. Komm mit.\u201c, und mit diesen Worten griff er ihre Hand und zog sie in das Get\u00fcmmel der Menschen. \u201eSiehst du das kleine Holzgeb\u00e4ude dort vorne? Das zwischen den Stallungen des Schmiedes und dem gro\u00dfen alten Wohnhaus mit der Jahreszahl \u00fcber dem Eingang. Das ist der beste B\u00e4cker der ganzen Stadt. Du kriegst dort das knusprigste und frischeste Brot auf der ganzen Welt. Wenn ich das Geld h\u00e4tte, dann w\u00fcrde ich mir dort jeden Tag einen ganzen Leib Brot zum Abendessen kaufen. Hab ich aber nicht, deshalb muss ich mich halt damit zufrieden geben, dass ich mir ab und zu eins aus den K\u00f6rben der Leute klaue, die dort eingekauft haben.\u201c Er zuckte die Schultern.\u201eDu klaust?\u201c, fragte Elisabeth ihn mit vorwurfsvoller Stimme, die in ihrem Husten wohl ein wenig abhandenkam. \u201eJa, ab und zu. Du musst wissen, ich besitze eigentlich gar nichts, nur die Kleider, die ich am Leib Trage. Mein vers\u00e4uft alles, was er verdient. Manchmal arbeite ich einen Tag als Tagel\u00f6hner in irgendwelchen kleinen Betrieben, aber so oft nehmen die mich nicht und die restliche Zeit muss ich halt gucken, wie ich mir mein Essen zusammen klaube. Und dann geh ich halt klauen. Ich mach es ja nicht oft. Nur, wenn ich wirklich Hunger und ewig nichts mehr gegessen habe.\u201c, gestand er entschuldigend. Zu ihrer Verwunderung, machte ihr diese Tatsache herzlich wenig aus. Sie hatte eigentlich schon damit gerechnet, dass er so etwas tat und nun, wo er es gestand, kam es f\u00fcr sie nicht wirklich \u0001 \u0002 zog er sie weiter durch eine Nebengasse auf eine andere Stra\u00dfe, die parallel zu der verlief, auf der sie sich bisher immer aufgehalten hatte.",
            "wordcount": "808",
            "chapter_release": "20.05.2015",
            "chapter_number": "7"
        },
        "8": {
            "text": "Kapitel 8Diese Stra\u00dfe war breiter als die andere und sah wesentlich gepflegter aus. Sie war nicht so belebt wie die, von der Elisabeth und Mauro kamen und auf Grund ihrer breite fuhren hier auch Kutschen. Elisabeth erinnerte sich an diese Stra\u00dfe. Sie war in ihrem Traum vorgekommen. Auf dieser Stra\u00dfe waren sie und ihre Mutter in der Kutsche zur Kirche gefahren und am Rande dieser Stra\u00dfe hatte sie auch Mauro in der Menschenmenge gesehen. Sie schauderte. Eigentlich wollte sie sich nicht an diesen Traum \u0001 \u0002 gingen die Stra\u00dfe hinunter, w\u00e4hrend sie sich alles ganz genau betrachten. Ihr gefiel diese Stra\u00dfe besser als die andere. Sie war sch\u00f6ner, gr\u00f6\u00dfer, heller und einfach freundlicher. Sie bewegten sich langsam vorw\u00e4rts, was nicht nur daran lag, dass sie sich alles ansehen wollte, sonder auch, weil sie des \u00d6fteren stehen bleiben musste, um zu husten. Kam es ihr nur so vor oder bekam sie schwerer Luft als normalerweise. Auch f\u00fchlte sich ihre Kehle anders an, als w\u00e4re etwas in ihrem Hals geschwollen. Auch Mauro viel ihr vieles Anhalten und ihr seltsam h\u00e4ufiges Husten auf. \u201eIst alles ok bei dir?\u201c, fragte er sie, als sie erneut anhielt und tief einatmete. Dabei klopfte er ihr auf den R\u00fccken. \u201eJa, geht schon. Liegt wahrscheinlich an der ungewohnten Luft.\u201c, kr\u00e4chzte sie. \u201eAn der Luft? Sag mal, wo kommst du eigentlich her, dass du an ,so eine Luft\u2018 nicht gew\u00f6hnt bist?\u201c. Mist! Sie h\u00e4tte das mit der ungewohnten Luft nicht sagen sollen. Nun musste sie sich schnell eine Erkl\u00e4rung \u00fcberlegen. \u201eVom Land. Genau, ich komme eigentlich vom Land und diese verru\u00dfte Stadtluft tut mir wohl nicht wirklich gut.\u201c, stammelte sie. \u201eAch so. Na, du wirst dich dran gew\u00f6hnen.\u201c, und er ging \u0001 \u0002 zeigte ihr alles und f\u00fcr jedes Geb\u00e4ude, was er ihr zeigte, hatte er eine besondere Bezeichnung. Da waren zum Beispiel der Welt beste Metzger, der Welt beste Gem\u00fcseh\u00e4ndler, der Welt beste T\u00f6pfer oder die Welt beste Schneiderei. Dann waren da aber auch noch Bezeichnungen wie, das wohl \u00e4lteste Wohnhaus der Welt, das wohl modernste Wohnhaus der Welt, das ramponierteste Wohnhaus der Welt, das in dem die meisten Kinder lebten, das in dem die meisten alten Leute lebten, das in dem die \u00e4rmsten der Stadt lebten und nat\u00fcrlich auch das in dem die wohlhabendsten der Stadt hausten, das in dem, wie man sagt, mal einer umgekommen ist, das was die meisten Br\u00e4nde \u00fcberlebt hat, das was eigentlich nicht besonderes an sich hat und deshalb besonders ist und das in dem die meisten Ratten unterwegs \u0001 \u0002 alles zeigte er ihr und bei jedem von diesen blieb er direkt vor dem Geb\u00e4ude stehen und erz\u00e4hlte ihr eine Geschichte dazu, die er teils von seiner Mutter oder seinem Vater geh\u00f6rt, teils auf der Stra\u00dfe aufgeschnappt hatte, wenn B\u00fcrger sie ich erz\u00e4hlten und teils hatte er sie sich auch selbst zusammen \u0001 \u0002 h\u00f6rte sich all diese haarstr\u00e4ubenden Geschichten an und musste schmunzeln ob der Begeisterung, die Mauro bei ihren Erz\u00e4hlungen an den Tag legte. Er schien m\u00e4chtig froh zu sein, dass er endlich jemanden gefunden hatte, dem er das alles erz\u00e4hlen konnte, denn offensichtlich wollte ihm von den B\u00fcrgern keiner zuh\u00f6ren oder die meisten kannten die Geschichten ebenfalls und warteten vergeblich darauf, dass jemand kam, den sie damit voll texten konnten. Sie war gekommen und nun war es Mauro, der ihr alles \u0001 \u0002 des \u00d6fteren sp\u00fcrte sie an diesen Nachmittag ein Kratzen im Hals, aber sie unterdr\u00fcckte den Drang zu husten einfach, um nicht schon wieder mit peinlichen Fragen von Mauro ob ihrer Herkunft in Verlegenheit zu \u0001 \u0002 waren so sehr mit der Rundf\u00fchrung besch\u00e4ftigt, dass sie die Zeit v\u00f6llig verga\u00dfen und erst das f\u00fcnf malige Leuten der Glocken der \u201eGroten Kerk\u201c Elisabeth daran erinnerte, dass sie ja zum Abendessen wieder zur\u00fcck im Schloss sein musste und das auch schon in einer Stunde. Mist! Wenn sie sich jetzt nicht beeilte, dann w\u00fcrde sie zu sp\u00e4t kommen. Sie wand sich zu Mauro und sagte \u201eIch muss los. Sofort! Mein Vater bringt mich um, wenn ich zu sp\u00e4t komme. Also, war nett von mir, mich hier herumzuf\u00fchren. Ich w\u00fcrde gerne noch den Rest sehen also morgen gleiche Zeit an derselben Ecke wie heute? Ich freu mich schon! Bis Morgen!\u201c, und ehe er noch etwas sagen oder ihr folgen konnte war sie in der Menge untergetaucht.",
            "wordcount": "718",
            "chapter_release": "22.05.2015",
            "chapter_number": "8"
        },
        "9": {
            "text": "Kapitel 9Sie erinnerte sich genau an den Weg zur\u00fcck zur Kneipe, durch die sie gekommen war. Orientieren tat sie sich an den vielen, von Mauro so liebevoll benannten, Geb\u00e4uden und so war sie schnell vor dem kleinen Sch\u00e4bigen Lokal angelangt und \u0001 \u0002 kam gerade noch rechtzeitig in ihrem Zimmer im Schloss an, bevor die Zofe sanft an die T\u00fcr klopfte und mit zuckers\u00fc\u00dfer Stimme durch einen Spalt in der leicht ge\u00f6ffneten T\u00fcr hauchte: \u201eAufstehen gn\u00e4diges Fr\u00e4ulein. Sie sollten langsam mal etwas essen, sonst fallen sie uns ja noch von den Rippen.\u201c. W\u00e4hrend des letzten Satzes kicherte sie kaum h\u00f6rbar. \u201eIch warte unten im Speisesaal auf sie. Dann k\u00f6nnen wir gemeinsam dinieren. Es sei denn, sie tun dies lieber alleine.\u201c \u201eNein nein, Anne. Ich komme gleich. Warten sie bitte unten. Ich w\u00fcrde gerne mit ihnen speisen.\u201c. Die Zofe schloss behutsam die T\u00fcr und Elisabeth warf sich auf ihr Himmelbett und schmiegte sich in ihre \u0001 \u0002, wo sie nicht mehr die ganze Zeit auf den Beinen und unter Leuten war fiel ihr auf, dass sie doch ziemlich m\u00fcde war. Sie f\u00fchlte sich schlapp und ausgelaugt. Waren es die Aufregungen des heutigen Tages gewesen? Sicherlich! Sie hatte einfach viel erlebt und sehr viel auf einmal erfahren. Das w\u00fcrde doch jeden \u0001 \u0002 ein paar Minuten in denen sie einfach nur kraftlos auf ihrem Bett gelegen und fast eingeschlafen war, rappelte sie sich auf, zog sich um, sie hatte sich ja f\u00fcr die Stadt extra ein allt\u00e4gliches Kleid besorgt, da sie mit ihrem R\u00fcschen- und Spitzenkleidern auf den Stra\u00dfen von Den Haag ziemlich auffallen w\u00fcrde. Zuletzt richtete sie noch kurz ihre zerzausten Haare und dann schleppte sie sich die Treppe zum Speisesaal hinunter. Schon an dem langen gro\u00dfen Tisch sitzend, fand sie dort Anne vor, die sie bereits erwartet hatte. \u201eSch\u00f6n, dass sie gekommen sind. Ich wollte gerade noch einmal hochkommen um nach ihnen zu sehen. Das Essen ist bereits fertig und es w\u00e4re schade, wenn es kalt wird, also lassen sie uns mit der Tomatensuppe zur Vorspeise beginnen.\u201c. Sie klatschte zwei Mal in die H\u00e4nde und zwei Kellner tauchten mit Tabletts in der Hand auf, auf denen Porzellanschalen gef\u00fcllt mit einer roten Suppe \u0001 \u0002 der Zofe die Schale vorgesetzt worden war, faltete sie ihre Serviette auseinander, legte sie sich auf den Scho\u00df, nahm den L\u00f6ffel in die Hand und begann die Suppe zu essen. Elisabeth tat es ihr nach, nur dass sie, nachdem sie den L\u00f6ffel in die Hand genommen hatte, lustlos in ihrer Suppe herumr\u00fchrte. Sie hatte irgendwie keinen Hunger. Aus irgendeinem Grund musste sie beim Betrachten der rotbrauen Suppe an Blut denken. Ob Blut wohl auch so gut schmeckte? Sie hatte es um ehrlich zu sein noch nie probiert? Als die Suppenteller wieder abgeholt wurden, war Anne so mit dem Betrachten, des nun gebrachten Ganges besch\u00e4ftigt, dass sie gar nicht bemerkte, dass Elisabeth ihre Suppe nicht einmal probiert \u0001 \u0002 die H\u00e4hnchen keulen mit Kartoffeln und Erbsen, die normalerweise Elisabeths Lieblingsessen waren, r\u00fchrte sie nicht an und als Die Zofe dann bei der Nachspeise endlich bemerkte, dass Elisabeth diese ja gar nicht a\u00df, bot sie ihr an: \u201eAch Fr\u00e4ulein, sie sollte wirklich etwas essen. Aber gut, wenn sie wirklich nicht wollen, dann geben sie mir ihre Nachspeise, bevor sie bei den Schweinen landet.\u201c, und sie leckte sich kaum merklich die Lippen. Als Elisabeth ihr die Schale reichte musste sie schmunzeln. Ja so war sie die recht rundliche, jedoch sehr freundliche und herzliche Madame Anne. F\u00fcr Elisabeth war sie wie eine Mutter. Ganz im Gegensatz zu ihrer eigentlichen Mutter, die auf sie immer mehr wie eine Autorit\u00e4tsperson auf sie gewirkt \u0001 \u0002 hatte die Zofe es dann doch geschafft, auch die Nachspeise zu beenden und Elisabeth verzog sich wieder nach oben in ihr Gemach. Sie wollte alleine sein. Sie war m\u00fcde und \u0001 \u0002 ihrer M\u00fcdigkeit lag sie noch sehr lange wach und schaffte es nicht einzuschlafen.",
            "wordcount": "650",
            "chapter_release": "25.05.2015",
            "chapter_number": "9"
        }
    },
    "title": "Prinzessin Elisabeth Sophia van Oranie-Nassau",
    "topic": "unspecified",
    "release": "\n14.05.2015\n\t\t\t\t\t\t",
    "author": "Sokava"
}