{
    "tags": [],
    "chapcount": "4",
    "wordcount": "14.797",
    "chapters": {
        "1": {
            "text": "Dem warmen Ballsaal war eine wundersame Musik zu entnehmen die die Masse zum Tanzen aufforderte. Ein gro\u00dfer Kronleuchter im Zentrum und einige weitere Lampen erhellten den gold-roten Raum. In den Ecken sammelte sich das Personal, die Mitte war dem Vergn\u00fcgen gewidmet. Mann und Frau lagen sich in den Armen, wiegten sich sanft zur Melodie und feierten ausgiebig. So lag auch ich in den Armen eines Fremden, die Augen haften jedoch nicht an meiner Begleitung, sondern an einem Mann, welcher sich zu unserer rechten befand. Es handelte sich um den Botschafter von Aventue, einem Land mit hohem Einfluss. Der Botschafter selbst ist ein schmieriger Man. Er tr\u00e4gt stattliche Kleidung und hat seine ergrauten Haare zur\u00fcck gegelt. Die Augen sind an dem offensichtlich vergr\u00f6\u00dferten Busen seiner Tanzpartnerin gefesselt. Er ist Templer und laut einigen Informationen wei\u00df er etwas \u00fcber den Aufenthaltsort eines speziellen Templeroberhauptes, der gut zwei dutzend Assassine aus unserem Orden gefangen h\u00e4lt. Wir haben vor einiger Zeit einige \u00dcberreste eines Novizen erhalten. Ich mag mir die unmenschlichen Bedingungen der Gefangenen nicht vorstellen. Alles was ich tun kann ist ihnen zu helfen indem ich Informationen beschaffe, so wie es mir mein Vater aufgetragen hat. Das Letzte Mal habe ich meinen Vater vor etwa vier Tagen gesehen. Er hatte mir alle wichtigen Informationen \u00fcber meinen Einsatz gegeben. Sein vollst\u00e4ndiger Name war William Walter Tounder. Er war ein wahrhaftiger Bilderbuchvater, sofern es ihm m\u00f6glich war. Sein schwarzes, lockiges Haar war meist unter der schweren Krone, da er K\u00f6nig von Elian ist, versteckt, doch man konnte immer seinen vollen Rauschebart bestaunen. Hinzu kamen volle Lippen, gr\u00fcne, sanfte Augen und ein Herz, welches gottgleich war. Dieses Herz wurde durch den vollen, warmen Klang seiner Stimme verk\u00f6rpert. Als ich kleiner war haben ich oft mit ihm Garten gespielt. Wir sind gerannt, haben gelacht und getanzt. Genau so ist er auch mit meiner j\u00fcngeren Schwester Sarah umgegangen. Mutter hat so etwas nie mit uns getan. Ich war im Arbeitszimmer meines Vaters, als er mir den Auftrag gab. Der Raum war gro\u00df und hell gehalten. Die W\u00e4nde waren zu riesigen B\u00fccherregalen umfunktioniert worden. Viele dieser B\u00fccher handelten von der Geschichte Elians, die Anderen waren Geschichten, wie auch ich sie gerne lese. Hinter dem Schreibtisch meines Vaters war ein gro\u00dfes Fenster, von welchem man aus das ganze Reich sehen konnte. Das Schloss wurde auf einem Berg errichtet, also konnten wir jedes Dach in der Stadt sehen und auch die W\u00e4lder und Berge drum herum sehen. Mein Vater r\u00e4usperte sich kurz, dann sprach er deutlich aus, was ich zu tun h\u00e4tte. Der Botschafter, sein Name lautet Harold Dawkins, war \u00fcberzeugter Templer, welcher zahlreiche Assassine an Red-Wolf, einen recht Brutalen Templer \u00fcber welchen kaum etwas bekannt ist, ausgeliefert hatte. Dawkins sei jedoch zum Rosenfest eingeladen, bei welchem ich Informationen \u00fcber Red-Wolf beschaffen k\u00f6nnte. Das Rosenfest ist ein globales Sommerfest, bei welchem die Menschen das Erbl\u00fchen der seltenen Kristallrosen feiern. Diese erbl\u00fchen f\u00fcr nur eine Nacht, genau zum ersten Vollmond nach Sommerbeginn. Hinter den Bl\u00fctenbl\u00e4ttern befindet sich ein Eiskristall von hohem Wert. Bei uns in Elian wird der Erl\u00f6s aus dem Handel mit den Kristallen Jahr f\u00fcr Jahr daf\u00fcr verwendet um die Armenviertel zu f\u00f6rdern. Die Meisten L\u00e4nder die jedoch unter der F\u00fchrung eines Templers stehen haben nicht so viel Gl\u00fcck. Viele Monarchen zieren ihre Angebeteten mit diesen oder kaufen sich eine Elfte oder Zw\u00f6lfte Ferienvilla. Nach dem Tanz verabschiede ich mich h\u00f6flich von dem Mann indem ich mich vor ihm tief verbeuge, so will es die Etikette. Auch der verehrte Herr Botschafter verabschiedet sich von seiner Tanzbegleitung und macht sich dann auf zum Balkon. Durch die Menschenmasse ist es nur schwer ihm im Blick zu behalten, doch ich kann noch erkennen wie er, kurz vor dem Betreten des Balkons, einen Kellner zur Seite nimmt und diesen etwas ins Ohr fl\u00fcstert. Dieser grinst leicht, verbeugt sich dann tief und geht. Dawkins hingegen stolziert auf den Balkon hinaus auf welchem au\u00dfer ihm kein Anderer ist. W\u00fcrde ich ihm folgen k\u00e4me ich in sein Sichtfeld, was ung\u00fcnstig w\u00e4re. Weder die Assassine, noch ein einziger Templer sind wirklich dumm. Wir kennen die Obersten der Templer, daf\u00fcr sind wir aber auch leider gr\u00f6\u00dftenteils bei ihnen Bekannt. Fr\u00fcher haben wir immer versucht die Obersten auszul\u00f6schen. Doch ist lediglich so als w\u00fcrde man die Bl\u00fcten von Blumen ausrei\u00dfen. Mit der Zeit gab es immer einen neuen in der Position. Es war daher ratsam mich in die N\u00e4he der gro\u00dfen Balkont\u00fcre hinzustellen und darauf zu warten, dass etwas \u0001 \u0002 dauerte nicht lange, bis der Kellner wieder kam und Herrn Dawkins von dem Balkon abholte. Ich versuchte ihnen wieder unauff\u00e4llig folgen. Sie gingen an der Fensterfront entlang. Dieses Mal wirkte Dawkin offensichtlich beunruhigt, bis sie die kleine T\u00fcre erreichten, die am Ende des Raumes war. Der Kellner blieb drau\u00dfen vor der T\u00fcre stehen. Instinktiv versuchte ich Dawkins hinterher zu gehen, doch der Mann hielt mich auf. \u201eTut mir Leid, nur geladene G\u00e4ste.\u201c, sagte er und hielt den Arm vor mich. Offenbar war er noch kein offizielles Mitglied bei den Templern oder nur ein Laufbursche, daher versuchte ich meinen ganzen Charme in mein L\u00e4cheln zu packen. \u201eWirklich? Aber ich muss dringend mit Herrn Dawkins reden!\u201c, sagte ich in einem \u00fcbertriebenem M\u00e4dchenton. Der Kellner wiederum sch\u00fcttelte energisch den Kopf. \u201eAusgeschlossen Miss. Sie m\u00fcssen sich Gedulden, bis der Herr Botschafter wieder heraus kommt.\u201c Widerwillig ging ich wieder zur\u00fcck. Verdammt noch Mal. So etwas kann ich einfach nicht auf mir sitzen lassen. Die Menschen im Saal tuschelten wild durcheinander, dann h\u00f6rte ich den ersten Knall und sah wie der Raum an einigen Stellen gr\u00fcn schimmerte. Langsam drehte ich mich zu den Fenstern um. Das Feuerwerk begann. M\u00e4nner und Frauen gingen auf den Balkon und bestaunten das Geschehen. Ich musste l\u00e4cheln. Das war eigentlich perfekt. Ich folgte den G\u00e4sten und machte mich zum linken Rand des Balkons auf. Der Botschafter musste in einem der R\u00e4ume sein, der sich an dieser Seite befand. Alle waren vom Feuerwerk abgelenkt. Ich konnte mich daher \u00fcber das Gel\u00e4nder stehlen und auf die Fensterbank eine Etage tiefer springen. Die R\u00e4ume waren alle dunkel und ich konnte daher davon ausgehen, dass sie leer waren. So h\u00fcpfte ich von Fensterbank zu Fensterbank vorbei an der Gro\u00dfen Glaswand des Ballsaals. Mein Blick wanderte daraufhin nach oben. Es war nicht schwer herauszufinden, in welchem Raum der gute Herr Dawkins war. Es war das einzige Zimmer, in welchem Licht brannte. Ich musste also nur nach oben klettern. Die Steine jedoch boten keinen guten halt. Sie waren flach und liefen nahezu nahtlos ineinander \u00fcber. Ich sah mich um. \u201eEs gibt immer einen Weg\u201c, hatte mir mein Vater eingesch\u00e4rft. Das durfte ich jeden Tag als ich noch Novize war aufsagen. Und oft hatte er Recht damit \u0001 \u0002 ersp\u00e4hte ich eine Regenrinne. Sie schien stabil am Gem\u00e4uer befestigt worden zu sein. Ich ergriff sie und r\u00fcttelte kurzerhand dran. Mein erster Eindruck best\u00e4tigte sich. Sie war stabil. Ich griff feste zu, dr\u00fcckte meine F\u00fc\u00dfe gegen die Wand und kletterte hoch. Das ganze Unterfangen w\u00e4re viel einfacher, h\u00e4tte ich meinen Ornat dabei h\u00e4tte, doch dann h\u00e4tte ich die ganze Zeit von hier drau\u00dfen auf ein Zeichen warten \u0001 \u0002 hielt mich ein Fenster neben dem auf, welches erleuchtet war. Zu gro\u00df war die Angst davor erwischt zu werden. Zum Gl\u00fcck stand es weit offen, sodass ich halbwegs gut mith\u00f6ren konnte. Dawnkis unterhielt sich offensichtlich mit einer Dame. \u201eHarold, du wei\u00dft, dass wir ein wichtiges Ziel verfolgen. Nat\u00fcrlich hast du uns gute Dienste erwiesen, aber \u2026 das reicht nicht mehr\u201c, sprach diese. Dawkins rechtfertigte sich, dass ihm nicht ausreichende Mittel zur Verf\u00fcgung st\u00fcnden, doch die Dame fiel ihm ins Wort. \u201eIch bin deine Ausreden satt, und Red-Wolf auf!\u201c. Da waren sie! Die wichtigen Informationen. \u201eDie Lage in Mainsian ist nicht grade die Beste wie du es dir denken kannst! Aufst\u00e4nde an allen Ecken. Die Bev\u00f6lkerung hat die Templer satt!\u201c, sagte sie. Ich musste grinsen. Mein Vater hatte mit unter daf\u00fcr gesorgt, doch seitdem ist das Land ein Tummelplatz f\u00fcr B\u00fcrgerkriege. Red-Wolf hielt sich also dort auf. Ich versuchte n\u00e4her ran zu gehen, doch dann knallte es und ich fiel herunter in ein \u0001 \u0002 Gl\u00fcck war ich nur im dritten Geschoss und der Busch ein kleiner Laubbusch. Es war ein Schuss, der mich am linken Oberarm getroffen hatte. Panisch rannte ich in Richtung Mauer. Aus meinem Augenwinkel sah ich wie einige bewaffnete M\u00e4nner auf mich zukamen. Was machten sie denn hier? Wussten sie, dass ich herkommen w\u00fcrde? Aber es w\u00fcrde keinen Sinn ergeben. Doch dar\u00fcber konnte ich mir jetzt keine Gedanken mehr machen. Die Wachen w\u00fcrden mich auf jeden Fall verfolgen. Sie schossen weiter, doch zum Gl\u00fcck konnte ich schneller rennen als sie zielen. Ich lief weiter und sprang \u00fcber eine Bank auf die Mauer und vom Grundst\u00fcck herunter in das \u00fcberf\u00fcllte Innenstadtleben, welches von den Gelblichen Lampen erhellt wurde. Die Menschen in meiner unmittelbaren Umgebung sahen mich erschrocken an, doch ich ging wie selbstverst\u00e4ndlich die Stra\u00dfen entlang, hielt mir aber den Arm fest. Vollkommen \u00fcberm\u00fcdet und ersch\u00f6pft erreiche ich das Hotel in dem ich \u00fcbernachte. Es erinnerte mich mehr an eine Spelunke als an ein Hotel, aber ich konnte mich keine N\u00f6rgeleien erlauben. Mein Zimmer war nur im Erdgeschoss, weshalb ich es schnell erreichte. Dieses jedoch hatte wenigstens ein kleines Bad und ein Telefon. Ich ging, immer noch den Oberarm umklammernd, auf dieses zu und w\u00e4hlte eine Nummer. Ich war vollkommen au\u00dfer Atem. Es dauerte nicht lange, bis sich jemand meldete. \u201eHallo?\u201c, sprach eine warme M\u00e4nnerstimme. \u201eDad? Bitte, ich brauch den n\u00e4chsten Flug! Es muss schnell gehen!\u201c, dann legte ich auf. Je l\u00e4nger ich telefonierte, desto wahrscheinlicher war es, dass uns jemand abh\u00f6rte. Ich schleppte mich ins Bad. Mein Unterbewusstsein verlangte nach starken Schmerzmitteln und Verbandszeug, doch alles was ich fand waren Bandagen. Ich st\u00f6hnte auf. Hoffentlich w\u00fcrde mich mein Vater bald wieder \u0001 \u0002 linke Oberarm brannte und war hei\u00df. Zum Gl\u00fcck war es nur ein Streifschuss und kein direkter Treffer. Es bereitete mir ohnehin schon genug schmerzen. Am besten ich stellte mich unter die Dusche und wenigstens die Wunde und mich vern\u00fcnftig sauber zu bekommen. Wenn ich am Flughafen war konnte ich es nicht riskieren, dass jemand Verdacht sch\u00f6pfte. Bein ausziehen des Kleides sah ich dann, dass die komplette linke Seite voller Blutflecken war. Ich seufzte. Dabei gefiel es mir wirklich gut. Wenn ich nur etwas besser aufgepasst h\u00e4tte, dann w\u00e4re es nicht umsonst geschneidert worden und ich h\u00e4tte es noch gerne einige Male \u0001 \u0002 Dusche an sich war merkw\u00fcrdig. Einerseits war es erholsam, das warme Wasser auf der Haut zu sp\u00fcren, andererseits brannte die Wunde dadurch noch mehr. Ich wusste aber, dass es mir gut tat, daher versuchte ich den Schmerz zu erdulden bis ich mir sicher war, dass sie vollkommen sauber war. Ich konnte es mir einfach nicht leisten, dass sich die Wunde entz\u00fcnden w\u00fcrde. Ich m\u00fcsste eh schon lange im Bett bleiben mit der Wunde, doch eine Entz\u00fcndung w\u00fcrde bedeuten, dass mich meine Mutter f\u00fcr mindestens einen Monat f\u00fcr jegliche Art von Training oder Mission sperren w\u00fcrde und das war das Letzte, was ich erreichen wollen w\u00fcrde. Einige Minuten sp\u00e4ter tapste ich aus der Dusche. Es war eisig, weshalb ich mir umgehend ein Handtuch schnappte und mich darin einwickelte. Als der flauschige Stoff jedoch meine Verletzung erreichte zuckte ich vor Schmerz zusammen. \u201eWarum habe ich denn nicht besser aufgepasst?\u201c, fluchte ich leise und lie\u00df dann die Schulter frei, dann nahm ich mir die Bandage und umwickelte den Oberarm so gut es mir gelingt, was diese aber nicht davon abhielt wie verr\u00fcckt zu brennen. Dennoch schleppte ich mich wieder ins Zimmer, \u00f6ffnete den Koffer und zog mir das \u00fcber, was gerade oben auf lag und legte das blutbefleckte Kleid hinein. Mir war vollkommen egal, was es war, wie es aussah oder welche Farbe es hatte. Kurze Zeit darauf rief mein Vater an. Er hatte einen Flug in zwei Stunden gebucht, woraufhin ich mit Koffer unter dem Arm und nassen Haaren umgehend auscheckte und zum Flughafen fuhr. Ich wollte einfach nur nach Hause.",
            "wordcount": "2.004",
            "chapter_release": "29.07.2014",
            "chapter_number": "1"
        },
        "2": {
            "text": "Ein kleiner Windhauch huschte \u00fcber mein Gesicht und ich machte die Augen auf. Seit einer Woche war ich wieder zu Hause und hatte strenge Bettruhe verordnet bekommen. Der Hausarzt hatte meinen Arm bei meiner Ankunft ausgiebig untersucht und verarztet. Seitdem, was ungef\u00e4hr eine Woche her ist, bin ich wieder zu Hause, unter Schmerzmittel gestellt und ans Bett gezwungen. Der Diener meines Vaters, Charles, hatte mich nach dem dreist\u00fcndigen Flug abgeholt. Seitdem darf ich nur Aufstehen um meinen Alltag aufrecht zu erhalten, dabei vermisste ich jede Art von Training und Ausfl\u00fcgen. Sarah sah ich auch nur beim Essen, dabei tat mir ihr sanftes Wesen immer so \u0001 \u0002 darauf klingelte es an die T\u00fcre und eine Bedienstete bringt mir das Fr\u00fchst\u00fcck ans Bett. \u201eGehen es eure Majest\u00e4t besser als gestern?\u201c, fragte sie, als sie das Gestell auf dem Bett absetzte. Ich nickte kurz. \u201eJa, danke der Nachfrage.\u201c. In Wahrheit schmerzte mein Arm immer noch stark, aber ich konnte ihn wieder bewegen. Zudem wollte ich einfach nur wieder aus dem Bett heraus und an die Frische Luft, vielleicht eine kleine Runde \u00fcber den Markt gehen. Unser Volk ist es zum Gl\u00fcck gewohnt, dass die k\u00f6nigliche Familie ab und zu Mal in der Stadt ist und einen gem\u00fctlichen Nachmittag und Abend verbringt. Mit dem Fr\u00fchst\u00fcck hielt ich mich nicht lange auf. Danach wurden mir kurzerhand die Aufgaben und Pl\u00e4ne des heutigen Tages vorgetragen. Zu erst Unterricht in Geschichte und Erdkunde, dann ein gemeinsames Mittagessen mir Sarah auf dass ich mich besonders freute. Anschlie\u00dfend haben wir beide eine Audienz bei unserem Vater. Wir nennen es nur Audienz. Tats\u00e4chlich k\u00f6nnen wir beide zu ihm, wann immer wir die freie Zeit haben, aber da unser Tagesablauf meist strickt durchgeplant sind wollte Dad sicher gehen, dass wir uns zumindest einmal am Tag sehen. Am Abend w\u00fcrde dann eine kleine Feier stattfinden, bei welcher wir die Verbesserung des Kinderheimes feiern, welches auf Grund der Kristallrosen zustande kam. Die Kinder haben somit neben freundlicheren R\u00e4umen auch noch zus\u00e4tzliche Schulb\u00fccher und Lehrmaterial, welches f\u00fcr sie in den n\u00e4chsten 6 Jahren zur Verf\u00fcgung gestellt werden kann. Auch ein paar Nachhilfelehrer zur Notenaufbesserung konnten dadurch finanziert werden. Das ist immer das Beste an den Kristallrosen. Sie haben die Mittel dazu, dass wir unseren j\u00fcngsten eine bessere Zukunft sichern \u0001 \u0002 Ich aufstand wurde noch einmal die Bandage gewechselt um sicher zu gehen, dass sich die Wunde nicht entz\u00fcndete, dann gab man mir eine Jeans und ein Top, was ich mir schnell \u00fcberzog. Ich mochte beides nicht. Die Jeans war viel zu eng, als dass man sich darin gut bewegen k\u00f6nnte oder gar verteidigen und das Top war aus d\u00fcnnem Samt und bot kaum Schutz. Ich mochte zwar hier wieder zu Hause sein und dieses war auch gut bewacht, doch ich hatte immer schon einen sehr ausgepr\u00e4gten Kampf- und Fluchtsinn. Noch vor ein paar Jahren wollte ich nicht einmal ein einziges Ballkleid tragen, aus Angst es sei zu schwer um darin weg zu laufen. Das war kurz vor meiner Pr\u00fcfung zum Assasinenmeister. Ich wusste, dass wir nie sicher waren und dass es immer kleinere, f\u00fcr die \u00d6ffentlichkeit unbedeutende Angriffe von beiden Seiten gab. Jeder von uns war an einem solchen Kampf beteiligt, alle bis auf Sarah. Doch dar\u00fcber wollte ich nicht \u0001 \u0002 ging aus dem Zimmer und machte mich auf dem Weg in die Bibliothek im Nordfl\u00fcgel. Sie war mit die kleinste von den dreien, die wir besa\u00dfen. Die gr\u00f6\u00dfte war im Ostfl\u00fcgel, doch ich hatte keinen Zugang zu dieser. Die Andere, zu der ich hin konnte war im S\u00fcdfl\u00fcgel. Sie war nur etwas gr\u00f6\u00dfer als die, in welcher ich unterrichtet wurde. Dort erhielt Sarah ihren Unterricht. Der Flur war edel verziert. Wei\u00dfe Mahagonib\u00f6den, die die rot-goldenen W\u00e4nde versch\u00f6nerten und der lange Teppich wurden von der Sonne, die durch die immer gleichen, riesigen Fenster schien, angeleuchtet. Dennoch war es hier drinnen kalt und unbelebt. Es gab noch keine Wachen die patrouillierten, was mich sehr besorgte. Mag sein, dass auch das der Grund war, warum ich so schnell wie m\u00f6glich zur Bibliothek ging. Ich hatte einfach Angst noch mehr Verletzungen zu bekommen. Nur wenige Minuten darauf erreichte ich die Bibliothek. Die schwere Holzt\u00fcr knarzte leicht, als ich sie \u00f6ffnete. Sofort erblickte ich die blond-grauen Haare von Philipp\u00e9, meinem Lehrer, wobei die Bezeichnung \u201agute Freunde\u2018 unsere Beziehung zueinander besser beschreiben w\u00fcrde. Unser gro\u00dfer Altersunterschied war dabei nicht einmal problematisch. Er blickte von seiner Lekt\u00fcre, einem alten, in Leder gebundenem Buch, auf und sah mich mit seinen Braunen Augen fr\u00f6hlich an. \u201eGuten Morgen Belle.\u201c, begr\u00fc\u00dfte er mich fr\u00f6hlich. \u201eGuten morgen Philipp\u00e9\u201c, gab ich eben so schwungvoll zur Antwort. Philipp\u00e9s Vorfahren sind vor 3800 Jahren in einem Land aufgewachsen, dass sie Frankreich nannten. Dies ist nun Teil eines Staates, der unter der F\u00fchrung von Templern steht. Aufgewachsen ist er jedoch hier. Erst seine Urgro\u00dfeltern sind vor etwa 80 Jahren von dort nach Elian \u0001 \u0002 Blick fiel auf die gro\u00dfen, noch zusammengerollten Karten, die auf dem Tisch lagen. \u201eLandschaften und Lage?\u201c, fragte ich genervt. Ich hasste dieses Thema. \u201eBefehl ihrer Majest\u00e4t, eurer Mutter.\u201c, sagte er mitf\u00fchlend und breitete die beiden Karten aus. Die eine war alt, ausgeblichen und an einigen stellen eingerissen. Die Andere war neu und im Gegensatz zur anderen kaum verwendet. \u201eSag mir jetzt bitte nicht, dass wir schon wieder die \u201aAlte Welt\u2018 mit der \u201aNeuen Welt\u2018 vergleichen!\u201c, bettelte ich leise, als ich mich auf den Stuhl setzte. \u201eIch wei\u00df, doch eure Mutter\u2026\u201c, begann er, doch er brach ab weiter zu reden. Er merkte, dass mich das alles nur wenig interessierte. \u201eNur heute, ok? Und\u2026\u201c , begann er. \u201eUnd was?\u201c, fragte ich verwirrt. \u201eSeine Majest\u00e4t w\u00fcnscht, dass ihr morgen \u00fcber das Thema einen Test schreibt.\u201c Ich sprang w\u00fctend auf. \u201eDas\u2026 das kann sie doch nicht machen! Heute Abend ist der Ball! Nie im Leben habe ich die Zeit f\u00fcr diesen Test zu lernen! Wie soll ich denn innerhalb von 24 Stunden alles erneut wissen?\u201c, schimpfte ich. \u201eIch wei\u00df, doch ich kann mich dem ja auch nicht wiedersetzen.\u201c, sagte er energisch. Ich setzte mich wieder hin und sah auf den Boden. \u201eTut mir leid Philipp\u00e9. Lass \u2026. Lass es uns einfach hinter uns bringen, okay?\u201cEine qu\u00e4lend lange Stunde folgte, in welcher wir wirklich alles wiederholten. Frankreich, Spanien, Deutschland, Portugal und D\u00e4nemark sind heute Mansian. Russland und der \u00f6stliche Rest des fr\u00fcheren Europas, die damalige T\u00fcrkei mit inbegriffen, bildeten den Staat Aerosyntax, einen Staat, der wie Mansian, unter Templerf\u00fchrung war. Der Rest wurde in kleine L\u00e4nder aufgeteilt, mit denen wir Handel treiben. Amerika und Kanada wurden zu den L\u00e4nder Omenia, Derendale, Gloomland, Curumbia und eben Elian. Bis auf Gloomland waren alle L\u00e4nder von Assassinen besetzt. Es grenzte s\u00fcdlich an Elian an. Elian selber liegt grob auf der Grenze zwischen Kanada und Amerika. N\u00f6rdlich grenzt nur noch Derendale an. Omenia und Curumbia gelten als S\u00fcdl\u00e4nder. Bei allem weiteren h\u00f6rte ich jedoch schon gar nicht mehr richtig \u0001 \u0002 sah ich aus dem Fenster. \u201eUnd um das zu wiederholen bin ich heute Morgen aufgestanden?\u201c, fragte ich laut. \u201eIch w\u00fcrde ja auch gerne etwas anderes machen\u201c, gab Philipp\u00e9 zu, \u201eDoch ich kann es nun einmal nicht \u00e4ndern!\u201c. An der Art wie er das sagte konnte ich heraus h\u00f6ren, dass auch er nicht begeistert von dem Thema war. Wir beide waren eher die literarischen Menschen. Manchmal, wenn ich noch etwas Zeit hatte, unterhielten wir uns \u00fcber die Lekt\u00fcre, die er gerade la\u00df. Als mein Privatlehrer durfte er sich jedes Buch ausleihen, welches wir besa\u00dfen. Leider hatte ich kaum noch Zeit um zu lesen. Er jedoch hatte an den Wochenenden und Feiertagen alle Zeit der Welt. Einige der B\u00fccher la\u00df er sogar nur f\u00fcr mich, Andere, weil er sie f\u00fcr wichtig hielt oder eben nur aus purem \u0001 \u0002 stand auf und sah aus dem Fenster zum Hof. Zwei G\u00e4rtner waren damit besch\u00e4ftigt einen Busch wieder in die Form eines erhabenen Pferdes zu bringen. Wie gerne w\u00e4re ich nun auch drau\u00dfen und w\u00fcrde mich mit einem gutem Buch in der Hand von der Sonne anstrahlen lasse. Hinter mir h\u00f6rte ich dann aber wie die T\u00fcre ge\u00f6ffnet wurde. Eine Wache kam und sammelte die Karten ein, eine weitere brauchte ein gro\u00dfes, schweres Buch. Ich sah es w\u00fctend an. \u201eMeine Mutter hat wahrscheinlich auch noch befohlen, dass ich bis morgen die Entstehung der \u201aNeuen Welt\u2018 wiederhole!\u201c, rief ich w\u00fctend. Philipp\u00e9 nickte nur kurz. Ich setzte mich wiederwillig hin. Die Wache, die das Buch brachte, sah mich finster an und ging. Wahrscheinlich gefiel ihr nicht, wie ich \u00fcber meine Mutter geredet habe. \u201eHat sie wenigstens gesagt, warum ich das alles wiederholen muss?\u201c, fragte ich sauer. Philipp\u00e9 sah mich nicht an, als er: \u201eEs hat mit dem fest heute Abend zu tun.\u201c, murmelte. Dann stand er auf und begann aus dem Buch vor zu lesen.\u201e2033 begann der dritte Weltkrieg, ausgel\u00f6st durch die rechtsextremen Politiker und Templer, die die Menschheit in Regeln festhielten und sie daran hinderte ihre vollen Potenziale auszusch\u00f6pfen. Als erstes gab es eine strikte Ausl\u00e4ndersperre. Keiner durfte sein eigenes Land verlassen. Dann folgten die ersten Aufst\u00e4nde in Zentraleuropa, dann in Asien und schlie\u00dflich in den Vereinigten Staaten bis sie global wurden. Staatsh\u00e4user wurden bombardiert und niedergebrannt, Zivilisten griffen, von Wahnsinn getrieben, sich selbst an. Freund gegen Freund, Bruder gegen Bruder. Europa wurde bei den Aufst\u00e4nden fast vollkommen ausgel\u00f6scht. Die \u00dcberlebensrate betrug in den zugeh\u00f6rigen L\u00e4ndern im Allgemeinen weniger als ein Prozent. Kroatien und Italien wurden komplett ausgel\u00f6scht. Die Welt Bev\u00f6lkerung wurde auf weniger als zehn Prozent dezimiert. Alle Menschen, die nach den 56 Jahren Krieg noch lebten, wurden nach Amerika gebracht. Nach wenigen Monaten bildeten sich die ersten Gruppen, die teils von Assassinen, teils von Templern geleitet wurden.\u201c \u201eJaja, sie verteilten sich sp\u00e4ter wieder auf dem ganzen Globus und jedem, der eine gruppe anf\u00fchrte, wurde ein Areal zugesprochen, welches dieser mit seiner Gruppe besiedeln durfte. Ich bitte dich Philipp\u00e9, das hatten wir doch alles schon!\u201c, entgegnete ich. Er sah mich streng an. \u201eWas ist heute denn nur dein Problem?\u201c, wollte er wissen. \u201eMich nervt es nur, dass eine Frau, die offensichtlich kein Interesse an mir hat, mich zu einem eint\u00f6nigen Widerholen verdonnert!\u201c, rief ich und schlug Philippe das Buch \u0001 \u0002 Mutter mochte gut darin sein, ein Land zu regierten, doch in ihrer Rolle als Mutter war sie hoffnungslos schlecht. Das letzte Mal, das ich sie gesehen habe, ist Monate her, dass wir gesprochen haben liegt Jahre zur\u00fcck. Diese Frau war mir fremder als jeder angestellte. Hinzu kam, dass sie Vater indirekt vom Thorn st\u00fcrzte. Als mein Vater vor drei Jahren schwer erkrankte und \u00fcber ein halbes Jahr lang an sein Bett gefesselt war, erledigte sie alle seine Aufgaben, die er inne gehabt hatte. Nach seiner Genesung jedoch lie\u00df sie es nicht wieder zu, dass er die wichtigsten Aufgaben wieder aufnahm. Dann wurde es immer seltener, dass wir uns sahen, bis unsere Beziehung so kalt wurde, wie sie heute ist. \u201eSei nicht so streng mit ihr,\u201c, sagte mein Lehrer dann in einer beruhigenden Stimme, \u201eSie meint es nu gut.\u201c, dann stand er auf,, ging auf ein Regal zu und nahm ein gr\u00fcnes Buch heraus. \u201e Falls du doch noch etwas Zeit zum lernen findest w\u00fcrde ich dir raten mal da drinnen zu bl\u00e4ttern. Es wird dir sicher helfen!\u201c, anschlie\u00dfend verlie\u00df er den Raum. Wir wussten beide, dass man mir in meiner heutigen Stimmung nichts mehr wirklich beibringen konnte. Das Buch hatte den Titel \u201e Legenden und Sitten der \u201aNeuen Welt\u2018\u201c. Ich nahm es hoch. Die Seien waren nur sehr d\u00fcnn und eng bedruckt. Zudem war es dick und dem entsprechend schwer. \u201eJaja, wenn ich die Zeit dazu h\u00e4tte.\u201cAuf dem weg zum Mittagessen \u00fcberflog ich einige Seiten im Buch, doch ich konnte kaum etwas behalten. Aus dem Augenwinkel konnte ich sehen, wie mich die Wachen, deren Schicht erst gegen elf Uhr begann, mich kritisch begutachten. Ich blieb stehen und schlug das Buch zu. Ich sah eine wache ernst an, doch anstatt meinem Blick stand zu halten sah sie fort. Beim umblicken sah ich, dass rechts von mir die T\u00fcre zum Ostfl\u00fcgel war, dem \u201aReich\u2018 meiner Mutter. Dort durften nur wenige Menschen hinein. Zu denen geh\u00f6rten leider weder Sarah, mein Vater noch ich. Die einzigen, die den Ort neben meiner Mutter heute noch betraten waren ausgew\u00e4hlte Bedienstete. Ich kann mich noch schwach an die Zeit erinnern, als ich die Hallen rannte und Vater und Mutter mit mir verstecken spielten.\u201eBelle!\u201c. Ein kleines, aufgewecktes M\u00e4dchen mit langen, schwarzen Korkenzieherlocken lief auf mich zu, als ich die T\u00fcre des Speisesaals \u00f6ffnete. Die strahlend gr\u00fcnen Augen sahen unbesorgt und voller gl\u00fcck aus. \u201eSarah!\u201c, rief ich fr\u00f6hlich und nahm meine kleine Schwester in die Arme, nachdem ich das Buch auf den Tisch legte. \u201eBelle, ich habe heute das Buch verstanden!\u201c, rief sie \u00fcbergl\u00fccklich. Ich hatte noch im Hinterkopf, dass sie Probleme darin hatte, das Buch f\u00fcr ihren Sprachunterricht richtig zu deuten. \u201eDas ist toll.\u201c, antwortete ich begeistert und setzte mich mit ihr an die \u0001 \u0002 Koch servierte eine deftige Suppe und wir begannen zu essen, nur zu zweit \u2013 wie immer. Wenn ich mir Sarah so ansah, fiel mir immer wieder auf, dass sie mein gr\u00f6\u00dfter Lichtblick ist. Sie ist immer fr\u00f6hlich und hat es doch immer noch geschafft, dass ich vergessen habe, dass es so etwas wie das B\u00f6se auf der Welt gibt. Mir fiel jedoch auch auf wie unterschiedlich wir waren. Sie war der immer fr\u00f6hliche Wonneproppen, ich war zu meist m\u00fcrrisch und misstrauisch. Sarah war das unschuldigste, was ich kannte, ich hingegen konnte die Anzahl derer, die ich im Auftrag der Bruderschaft get\u00f6tet habe nicht mal an beiden H\u00e4nden abz\u00e4hlen. Ich mochte zwar noch nie jemanden get\u00f6tet haben, oder eine Klinge so eingesetzt haben, dass jemand t\u00f6dlich verletzt wurde, doch es war h\u00e4ufig meine Vorarbeit und mein Verdienst, der den Tod f\u00fcr jemanden bedeutete. Hinzu kam, dass sie unserem Vater so unglaublich \u00e4hnlich sah, wohingegen ich das Ebenbild der Frau war, die mir so fremd \u0001 \u0002 dem Essen t\u00e4nzelte Sarah um mich herum und wir machten uns gemeinsam auf den Weg zu unserem Vater. \u201eWei\u00dft du, ich freue mich so unendlich auf den Ball heute Abend! Papa hat mir ein ganz tolles Kleid schneidern lassen. Es ist blau und hat rosa R\u00fcschen und\u2026\u201c, begann sie, doch ich fiel ich lachend ins Wort. \u201eImmer mit der Ruhe, du musst doch auch einmal Luft holen.\u201c, erwiderte ich grinsend. Sie jedoch blieb vor mir stehen und beugte sich leicht nach vorne. \u201eAber ich habe dir noch so viel zu sagen!\u201c, dabei lachte auch sie und schilderte genau, wie sie sich den heutigen Abend \u0001 \u0002 darauf standen wir vor dem B\u00fcro unseres Vaters. Die zwei Wachen, eine links, die andere rechts neben der T\u00fcre, klopften beide an, dann ging eine hinein und kam kurz darauf wieder heraus um und dann hinein zu \u0001 \u0002 B\u00fcro war schmal und l\u00e4nglich. Die langen W\u00e4nde waren zu zwei regalen umfunktionieret worden, die bis auf den letzten Platz vollgestellt waren. Der Boden, ein dunkles Parkett, spiegelte das Licht, welches aus dem \u00fcberw\u00e4ltigenden Fenster am Ende des Raumes schien. Vor diesem Fenster stand ein tiefbrauner Schreibtisch auf welchem Tinte, Feder standen und einige Papiere verstreut umher lagen. Vater sa\u00df nicht auf dem Stuhl. Er stand am Fenster, ein aufgeschlagenes Buch in der Hand, und sah hinaus. Sein Blick war in die Ferne gerichtet. Jedoch blieb er nicht an der Stadt h\u00e4ngen, die sich kreisf\u00f6rmig, bergab um das Schloss angesiedelt hatte. Nein, sein Blick harrte an den W\u00e4ldern dahinter, die all das verschleierten, was dahinter lag. Der Laubwald, war sehr dich, sodass die Sonne kaum bis auf den Boden reichte, der somit von hier aus schwarz erschien, obwohl er eigentlich hellbraun war, auf der sich einige Grastupfer abgesetzt hatten. Trotz dieser Finsternis schien der Wald einladend und \u0001 \u0002 r\u00e4usperte mich kurz und unser Vater wandte den Blick ab von der Landschaft und sah nun stattdessen uns mit einem warmen und freundlichen L\u00e4cheln an. \u201eSarah, Belle.\u201c, rief er fr\u00f6hlich und nahm erst meine j\u00fcngere Schwester und dann anschlie\u00dfend mich in den Arm. \u201eHallo Vater\u201c, erwiderte ich nur leise. Als ich j\u00fcnger war wurde mir noch eingesch\u00e4rft meinen Eltern ein hohes Ma\u00df an Respekt und Achtung zu zollen. Bei Sarah hingegen kam man auf die Idee, die formellen Umgangsformen innerhalb der Familie zu lockern, weshalb sie unseren Eltern pers\u00f6nlicher gegen\u00fcbertritt, als ich es gewohnt bin und so dr\u00fcckte sie Vater ganz fest an sich und fing fr\u00f6hlich an von ihrem Tag zu erz\u00e4hlen. W\u00e4hrenddessen sah ich mir die Lekt\u00fcre an, die Vater auf seinem Schreibtisch hingelegt hatte. Auf dem Einband war das Emblem der Bruderschaft abgebildet. Mit hoher Wahrscheinlichkeit waren dort also Berichte von verschiedensten Missionen zusammengefasst, doch sicher war ich mi dabei nicht. Um sicher zu sein h\u00e4tte ich das Buch aufschlagen m\u00fcssen, was ich insgeheim auch unbedingt wollte, aber mein Vater w\u00fcrde jeglichen Versuch umgehend unterbinden, da ich f\u00fcr solche Berichte, um sie in voller G\u00e4nze nachvollziehen zu k\u00f6nnen, zu jung \u0001 \u0002 wurde aus meiner Neugier \u00fcber den Inhalt des Buches gerissen, als ich merkte, wie mir eine warme Hand auf die rechte Schulter gelegt wurde, welche einen angenehm sanften Druck aus\u00fcbte. Es war die meines Vaters. \u201eUnd ist bei dir auch alles ok?\u201c, fragte er mich. \u201eJa, meine Schulter ist fast wieder vollkommen geheilt\u201c, gab ich fr\u00f6hlich zu, w\u00e4hrend ich mich umdrehte und Vater in die gr\u00fcnen Augen sah. Wenn man sich sein Gesicht genauer ansah konnte man schon die ersten Falten erkennen. Auch in seinem Vollbart waren bereits einige graue Haare, die sein Alter verrieten. \u201eJa\u201c, sagte er und lachte wieder, \u201eDas sehe ich. Aber ich meine doch auch, wie dein Tag heute war.\u201c Besch\u00e4mt starrte ich auf den Boden. Am liebsten w\u00fcrde ich ja auch mit ihm \u00fcber meinen Tag reden, dass ich wieder zum Kampftraining, doch ich wusste, er w\u00fcrde mich erst wieder gehen lassen, wenn mein Arm vom Heiler als komplett intakt eingestuft wurde. Ebenso wollte ich ihm sagen, dass ich Mutters spontane Einf\u00e4lle leid bin, doch auch das war keine Gute Idee. Er wurde immer so w\u00fctend, wenn ich auch nur im entferntestem Anfing negativ \u00fcber sie zu reden.\u201eIch habe noch immer kein Kleid f\u00fcr heute Abend.\u201c, sage ich schlie\u00dflich um meinem Vater nicht mit Schweigen zuzustimmen. Daraufhin sah er mich schr\u00e4g an und fragte: \u201eUnd du bist dir sicher, dass das alles ist\u201c. Mussmutig zuckte ich mit den Schultern, wobei selbst diese kleine Bewegung daf\u00fcr sorgte, dass meine linke unglaublich schmerzte. Ich versuchte jedoch recht gleichg\u00fcltig zu klingen, als ich ihm mit \u201eNichts von Bedeutung\u201c antwortete. Leider bemerkte er den Bluff und bekam sofort traurige Augen, weil ich ihm nicht gegen\u00fcber so ehrlich war oder weil er dachte, ich k\u00f6nne meine Probleme nicht mit ihm bereden. F\u00fcr gew\u00f6hnlich sagte ich ihm alles und genau deshalb wusste er auch, das mich etwas, tief in mir, \u0001 \u0002 sah er zur Seite, dann drehte er sich zu Sarah um, kniete sich nieder, sodass er mit ihr auf Augenh\u00f6he war und forderte sie sanft auf, dass sie den Raum verlassen solle, weil er etwas mit mir zu bereden h\u00e4tte. Mir war sehr unwohl bei allem. Meine Schwester hingegen wollte zu erst nicht gehen, doch nachdem mein Vater ein wenig weiter auf sie einredete ging sie dann \u0001 \u0002 nachdem die T\u00fcre komplett geschlossen war sah mich Vater an und bat mich darum Platz zu nehmen. Er lehnte sich an den Schreibtisch an und fragte, dieses mal mit mehr Nachdruck: \u201eErz\u00e4hl mir bitte, was dich besch\u00e4ftigt.\u201c Erneut und somit schon viel zu oft heute, konnte ich dem Blick von ihm nicht standhalten und sah zur Seite. Ich war bei weitem nicht die beste L\u00fcgnerin. \u201eDas w\u00fcrdest du so oder so nicht wissen wollen\u201c, murmelte ich leise vor mich hin. Seine Miene wurde noch ernster. \u201eG\u00e4be es sonst einen Grund zu Fragen?\u201c, sagte er kritisch und auch wenn ich ihn nicht ansah konnte ich doch mitbekommen, wie sein sonst so sanfter Blick mich tief zu durchbohren schien. \u201eMutter stellt mir wieder einmal die unm\u00f6glichsten Aufgaben!\u201c, platze es nach einigen Minuten Stillschweigens aus mir heraus. \u201eWie Bitte?\u201c, fragte Vater sofort zornig. Nicht, dass er w\u00fctend auf Mutter war. Er war viel mehr seht entt\u00e4uscht von mir, dass ich ihr das unterstellte. \u201eSie tut nur das Beste f\u00fcr dich Bellatrice!\u201c, rief er w\u00fctend. Er verwendete meinen ganzen Vornamen nur, wenn er wirklich w\u00fctend war, was leider h\u00e4ufig passierte, wenn es um Mutter ging. \u201eDann hat sie aber eine komische Art, das zu zeigen!\u201c, schrie ich ihn an und sprang dabei vom Stuhl auf. \u201eUnd nicht nur, dass ich bis morgen nie im Leben alles zu ihrer Zufriedenheit wiederholt haben werde, nein! Ich werde seit Wochen vom Training ausgeschlossen und kann nicht einmal einen Schritt nach drau\u00dfen setzten!\u201c, schrie ich, dieses mal aber noch Lauter. \u201eDas Reicht jetzt Bellatrice!\u201c, rief mein Vater energisch und schlug mit seiner Faust auf den Tisch. Sein Gesicht war vor lauter Wut verkrampft. \u201eWir sind hier fertig.\u201cIn meinem Zimmer angekommen ging ich auf und ab. Was sollte das nur? Wie kann man nur auf diese Art und Weise gefangener in seinem eigenen Haus sein? Nur weil jemand \u00fcber mich bestimmte. Ich war erwachsen genug, um alleine das Land zu verlassen, jemanden zu Beschatten und jemanden umbringen, auch wenn ich dazu niemals in der Lage sein werde, aber ich war zu kindisch um bei so etwas selbst zu entscheiden? Das Buch, welches Philipp\u00e9 mir gegeben hatte musste ich irgendwo liegen gelassen haben. Jedenfalls hatte es ein Bediensteter mir auf das untere Ende des Bettes gelegt. So oder so hatte das gr\u00fcne Buch Pech gehabt, dass es gerade jetzt in mein Blickfeld geriet. In meiner Wut hob ich es auf und warf es gegen die Wand, doch leider mit dem falschen Arm. Noch w\u00e4hrend des Schwung holen zuckte ich zusammen und sank auf die Knie. Der Schmerz durchzog nun nicht mehr den Linken Oberarm, sondern dr\u00fcckte auch meinen Brustbereich \u0001 \u0002 meinem Ungl\u00fcck kamen in diesem Moment eine kleine Gruppe Damen herein, die sich um mein Aussehen heute Abend zu k\u00fcmmern hatte. Sie liefen sofort zu mir, als sie mich am Boden hocken sahen und fragten mich hektisch, was passiert sei. Ich winkte jedoch ab und behauptete einfach, dass mit mir schon alles in Ordnung sei. Danach folgte eine qu\u00e4lend lange Tortur von Haaren. Make-up und \u0001 \u0002 ich \u00fcber eine kleine Seitent\u00fcre den Ballsaal betrat, um so wenig Aufmerksamkeit wie m\u00f6glich auf mich zu ziehen, war das Fest bereits im vollen Gange und die G\u00e4ste wiegten sich gelassen im dreiviertel Takt. Vorsichtig versuchte ich mich an der Menge vorbei zu dr\u00e4ngeln und mich zur Mitte des Saales durchzuk\u00e4mpfen, da viele der Anwesenden noch teilnahmelos am Rand standen. Leider war es mit dem schweren, bodenlangen Kleid nur schwer sich hindurch zu quetschen. Die \u00c4rmel waren zum Gl\u00fcck schulterfrei, doch die Tr\u00e4ger waren so platziert, dass sie die Wunde gut verbargen. Insgeheim f\u00fchlte ich mich dennoch vollkommen schutzlos in diesem unhandlichen Kleid und ohne auch nur eine einzige Klinge an meinem K\u00f6rper zu \u0001 \u0002, als ich mich nach vorne gek\u00e4mpft hatte, erklangen Fanfaren. Die Kopfe aller, meiner inbegriffen, schwenkten in Richtung der gro\u00dfen, nach unten hin ausgeweiteten Treppe. Der dunkelblaue Teppich war auf das wei\u00dfe Marmorgel\u00e4nder abgestimmt. Der Vorhang am oberen Ende ging auf. Vater, in eine dunkelgr\u00fcne Robe geh\u00fcllt, hielt meine Mutter im Arm. Sie selbst trug wie die meisten ein Bodenlanges Kleid. Es war Lila und adrett. Insgeheim dachte ich mir, dass es von der strengen Miene, die zur eben so strengen Frisur passte, ablenken sollte. Als die beiden gemeinsam die Treppe hinabstiegen wurden sie feierlich als \u201aHochgesch\u00e4tztes K\u00f6nigspaar Andrea-Roseanne und William Tounder vorgestellt, was umgehend daf\u00fcr sorgte, dass sich meine Miene verfinstertet Nicht nur, dass meine Mutter als erste genannt wurde, was sie als Oberhaupt der Familie anpries und gegen jede Konvention ging, nein, sie hielten es nicht einmal mehr f\u00fcr n\u00f6tig meinen Vater den angebrachten Respekt entgegen zu bringen und ihn mit den vollen Namen William Walter Tounder ank\u00fcndigen. Das mag zwar f\u00fcr au\u00dfenstehende zun\u00e4chst alles sehr kleinlich klingen, doch mein Vater ist der einzige Mensch, f\u00fcr den ich jemals Respekt und Achtung aufbringen konnte. Daher forderte ich immer unbewusst, unabh\u00e4ngig wie unsere momentane Beziehung zu einander aussah, dass ihm ein gewisses Ma\u00df an Achtung entgegengebracht \u0001 \u0002 sah so falsch aus, wie die beiden gemeinsam die Treppe hinunter gingen und als gemeinsames Paar auftraten. Noch viel falscher erschien es mir, dass mein Vater ein rundum zufriedenes l\u00e4cheln aufsetzte. \u201eDas ist so bescheuert.\u201c, murmelte ich sehr leise und machte mich wieder darauf das geschehen in der Mitte auf sich beruhen zu lassen, wie so oft in den letzten Jahren. Protest w\u00fcrde nur dazu f\u00fchren, dass man schlecht \u00fcber uns sprach oder das vertraut in uns verlor. Im schlimmsten Fall k\u00f6nnte dies eine Rebellion ausl\u00f6sen. Ich kannte aber leider meinen Platz und wusste, dass ich meine Gedanken lieber f\u00fcr mich behalten sollte. Die geladenen G\u00e4ste schienen dass jedoch anders zu sehen und jubelten meinen Eltern fr\u00f6hlich zu.\u201eWarte!\u201c, erklang es in einer hohen Stimme hinter mir. Als ich mich daraufhin umdrehte sah ich Sarah, die beinahe schon atemlos auf mich zu lief. \u201eDu siehst wirklich h\u00fcbsch aus.\u201c, gestand ich ihr. Sie sah aus wie ein kleiner Engel mit schwarzen Haaren. \u201eWohin gehst du denn?\u201c, fragte sie etwas verwirrt und ohne auf meinen Kommentar einzugehen. Ich \u00fcberlegte kurz, entschied mich dann aber doch dazu ihr zu sagen, dass ich mir lediglich etwas zu trinken holen wolle. Es war ausgeschlossen, dass ich ihr die Wahrheit sagte und ihr die falsche Maskerade unserer Familie vorzeigte oder gar zugab, dass ich es niemals akzeptierte. Ich konnte es einfach nicht. Ich war nicht dazu im Stande, ihre kleine, zerbrechliche Welt so stark zu attackieren. \u201eAber die Getr\u00e4nke sind doch auf der anderen Seite!\u201c, entgegnete sie mir dann \u0001 \u0002 mir darauf eine gute Antwort zu \u00fcberlegen blieb mir jedoch keine Zeit. Das Licht fiel schlagartig aus und die Menschen fingen an Panik zu schieben. Sofort machte ich einen Satz nach vorne und legte beide Arme sch\u00fctzend um Sarah aus Angst ihr k\u00f6nnte etwas zusto\u00dfen. \u201eBelle, was ist da los?\u201c, fragte sie mit zittriger Stimme. Aus ihren Augen fingen an Tr\u00e4nen zu flie\u00dfen. Dann schrie eine Frau laut auf und alle rannten zu den Ausg\u00e4ngen. \u201eWir m\u00fcssen hier weg!\u201c, sagte ich hektisch, nahm ihre kleine Hand und wollte ebenfalls hinaus renne, als uns ein Mann den weg versperrte, \u00fcber dessen Brust sich ein gro\u00dfes, rotes Kreuz ausbreitete - das Symbol der Templer.\u201eBleib ja hinter mir!\u201c, rief ich ihr noch zu, w\u00e4hrend ich darum bem\u00fcht war eine Deckung aufzubauen. Mein kompletter linker Arm schmerzte stark, doch das einzige woran ich gerade dachte war der Schutz f\u00fcr Sarah. Der Mann rannte auf uns zu und ich holte mit der rechten Hand aus. Die Energie, die er in das Rennen invertierte und meine Schlagkraft addierten sich. Beim Zielen achtete ich darauf irgendwelche Organe zu besch\u00e4digen. Zu meiner Best\u00e4tigung spuckte der Mann Blut und sank hinab auf die Knie. Offenbar war er nicht gut gepanzert \u0001 \u0002 warnenden ruf meiner Schwester h\u00f6rte ich leider erst zu sp\u00e4t. Ein weiterer Mann, der sich von hinten angen\u00e4hert hatte, schlug mir mit irgendetwas den Sch\u00e4del ein, sodass ich hinfiel. Ich kann mich nur noch daran erinnern, wie er sich Sarah unter den arm klemmte und wie jemand ihren Namen rief, bevor ich das Bewusstsein verlor.",
            "wordcount": "4.551",
            "chapter_release": "29.07.2014",
            "chapter_number": "2"
        },
        "3": {
            "text": "Obwohl ich mich am liebsten sofort umsehen wollte weigerten sich meine Augen sich zu \u00f6ffnen. So war ich von der Dunkelheit um mich herum eingeh\u00fcllt, doch dann schalteten sich nach und nach meine Sinne wieder ein. Zu Beginn war es noch so, als w\u00fcrde eine unsichtbare Macht meinen K\u00f6rper beh\u00fctet durch die L\u00fcfte tragen, dann aber vernahm ich an den Fingerspitzen einen Kalten Boden, der an einigen Stelle aufgebrochen war. Hinzu kam der Geruch nach verbrannten Stoffen, einem strengem Parf\u00fcme, das ich niemandem zuordnen konnte und am schlimmste \u2013 der Geruch nach kaltem Blut. Instinktiv fing ich an, durch den Mund zu atmen um den Geruch noch war nehmen zu k\u00f6nnen, auch wen ich dadurch bemerkte dass auch dieser widerlicher weise mit Blut gef\u00fcllt war. Es war gallig und ich musste mich schon dazu zwingen \u00fcberhaupt zu schlucken. Zum Spucke fehlte mir leider die Kraft, doch das Blut einfach im Mund zu lassen war roch widerlicher, als es einfach hinunter zu w\u00fcrgen. Dann kam mein Geh\u00f6r wieder. Zwar nur verschwommen, aber ich erkannte die Stimme, die stets \u00fcber mich wachte und zu der ich mich schon seit meiner ersten Stunde hingezogen f\u00fchlte. \u201aVater\u2018, dachte ich wirr, doch war unf\u00e4hig ihn etwas zu sage. Dann formten die Stimmen Worte. \u201eHolt mir einen Mediziner! Verdammt, sie wacht immer noch nicht auf!\u201c. Vaters stimme klag sowohl zornig wie auch verzweifelt. Er war ganz in meiner N\u00e4he, wenn nicht sogar nur wenige Zentimeter \u00fcber mir. Erst, nachdem ich diese ganzen Eindr\u00fccke meiner Umgebung sammeln konnte, \u00f6ffneten sich meine Augen.\u201eVater?\u201c, meine Stimme kr\u00e4chzte und klag genau so wie ich mich f\u00fchlte \u2013 schwach. Vaters Kopf war direkt \u00fcber meinem. Mein Kopf lag offensichtlich auf seien Beinen. Um seien sah ich grau-wei\u00dfen Rauch der langsam immer weniger wurde. \u201eBelle!\u201c. Seine Gesichtsz\u00fcge entspannten sich und er l\u00e4chelte mich vorsichtig an. Dann h\u00f6rte ich die Stimme eines Mediziners. Er Bat meinen Vater ein St\u00fcck von mir fort zu gehen doch er weigerte sich, da konnte der Mediziner noch so sehr argumentieren. Er stellte mir die einfachsten Fragen: Wie hei\u00dft du, wie alt bist du, woher kommst du? Nachdem ich die Fragen und einige weitere dann zu seiner Zufriedenheit beantwortet habe sagte er Vater noch etwas. Ich sah mir den Raum genauer an. Eine der S\u00e4ulen war eingest\u00fcrzt, sodass gro\u00dfe Bruchst\u00fccke vor der Treppe lagen. Auf ihr sa\u00dfen einige Menschen die \u00e4rztlich behandelt wurden. Der Vorhang zu meiner Rechten kokelte immer noch leicht, doch zwei Wachen k\u00fcmmerten sich darum, dass sie ihn gel\u00f6scht bekamen. Wie lange war ich bewusstlos? Was war nach dem Templer passiert, der mir de Kopf einschlug?Der Mediziner gab mir eine Tablette, die ich zu schlucken hatte, dann versuchten er und mein Vater mich dazu zu bringen aufzustehen. Leider waren auch meine Beine sehr wackelig, sodass ich mich a die Wand anlehnte um nicht umzufallen. Umgehend fiel mein Blick auf die Frau, die alle umher scheuchte und energisch das Wachpersonal anschrie. Meine Mutter war streng und zornig wie eh und je. An ihrer Seite waren eine junge Frau mit Klemmbrett und ein Mann in R\u00fcstung. Auf Mutters Kommando hin liefen Wache zu den Verletzte, schleppten gr\u00f6\u00dfere Steine Weg oder - was viel h\u00e4ufiger passierte \u2013 versuchten herauszufinden, wer am Anschlag Schuld hatte. Dann ging sie auf uns zu. Erst jetzt konnte ich sehen, dass das Kleid an einige Stellen gerissen war. \u201eWo ist Sarah?\u201c, fragte sie ohne jemanden anzusehen. \u201eDas wissen wir nicht Majest\u00e4t!\u201c, gab eine Wache wieder. Meine Mutter machte eine kaum bemerkbare Kopfbewegung und der Mann in R\u00fcstung rammte der Wache die Faust gegen den Kehlkopf, sodass dieser Luft ringend zu Boden sank. \u201eDas war keine pr\u00e4zise Antwort!\u201c, sagte die Frau mit dem Klemmbrett schnippisch. \u201eSie ist Fort.\u201c, sagte ich leise. Mutter sah mich energisch an. Ihre Begleitung sprach mit mir. \u201eWas soll das Bedeute, die Prinzessin ist fort?\u201c. Ich erz\u00e4hlte, dass sie bei mir war, dass ich versuchte den Templer aufzuhalten du dabei von einem weiteren niedergestreckt wurde und dabei meine kleine Schwester entf\u00fchrt wurde. Meine Mutter sah den Begleiter wieder an, der mir daraufhin ohne zu z\u00f6gern in die Magengrube schlug, sodass mein ohnehin schon geschw\u00e4chter K\u00f6rper wieder in die Welt der Bewusstlosigkeit gezogen \u0001 \u0002 meinem Traum kommen mir die merkw\u00fcrdigsten Bilder hoch. Mutter, wie sie mit einem Dolch auf mich einsticht um mir dann den Dolch zu geben. Vater, den ich zu greifen versuche, der aber dank einer Glasscheibe mich weder h\u00f6re kann, noch erreichbar ist. Sarah, wie sie im Ornat vor mir steht, nur um dann von einem riesigem, roten Kreuz erschlagen zu werde. Philipp\u00e9, der gefoltert und mehrfach erschossen wird. Mein Volk, das im Feuer umkommt. Erst das kalte Wasser holt mich in die Realit\u00e4t zur\u00fcck. Ich springe auf und schnappe nach Luft. \u201eTut mir leid junges Fr\u00e4ulein\u201c, bekomme ich zu h\u00f6ren. Eine Magd steht neben meinem Bett. Ich wurde in mein Zimmer gebracht. \u201eIst schon gut.\u201c, sage ich k\u00fchl. \u201eIch sollte euch umgehend wecken, nachdem ihr auf euer Zimmer gebracht wurdet!\u201c, sagte sie und wirkte unsicher. Ich dachte nur kurz nach, doch dann sah ich sie streng an. \u201eHolen sie meinen Vater, ich muss dringend mit ihm reden!\u201c. In Wahrheit wollte ich sie nur weg schicken. Sie sah mich verwirrt an. \u201eAber euer Vater ist\u2026\u201c \u201eSOFORT!\u201c, schrie ich und sie rannte hinaus. Noch im selben Moment sprang ich vom Bett und schnappte mir die Fernbedienung um etwas einzutippen. Sarah war fort und ich musste sie finden. Mei Schrank \u00f6ffnete sich, die Kleider wurden zur Seite geschoben und mein Ornat wurde sichtbar. Mir war diese R\u00fcstung zu vertraut. Grau-schwarzer Stoff, der durch braunes Leder erg\u00e4nzt wurde, in welchem Wurfmesser die am Bauch griffbereit platziert wurden, ein Schwert und eine Kurze Klinge die am R\u00fccken befestigt war steckten. Eine Rote Sch\u00e4rpe lag unter dem Leder, dass um die H\u00fcfte gebunden wurde. Die Kapuze ist so geschnitten, dass sie weit in das Gesicht hinein ragte. An den Unterarmen schimmerte silbernes Metall unter welchem jeweils eine verborgene Klinge lag. Die Weite Hose wurde weites gehend von dem Stoff des Oberteils, welches noch weit \u00fcber die Knie ging, verdeckt. Unge\u00fcbte brauchten fast eine ganze Stunde um den Ornat anzulegen. Mittlerweile dauert es bei mir nur zehn Minuten. Nachdem ich mich umgezogen hatte ging ich zum Schreibtisch, schnappte mir Feder und Pergament und schrieb knapp \u201esuche Sarah\u201c, nieder und legte es auf mein Bett nur um dann zum Fenster zu sprinten, es zu \u00f6ffnen und hinaus zu \u0001 \u0002 meinem Weg zum Schwarzmarkt, der im Untergrund lag, musste ich immer wieder hinter mich schauen um mich zu vergewissern, dass keiner mir folgte. Dort angekommen \u00fcbermannte mich der Geruch nach fettigem Fisch, starkem Alkohole, Drogen und Erbrochenem die sich unter die gew\u00f6hnlichen Ger\u00fcche der Kanalisation gesellten. Die Fiesen Gestalten an den St\u00e4nden sahen mich teils grinsend, teil m\u00fcrrisch an. Um mich davon abzulenken zog ich mir die Kapuze noch weiter in das Gesicht. Wenn der Schwarzmarkt uns nicht schon so oft wichtige Informationen geliefert h\u00e4tten w\u00e4re er schon lange geschlossen worden. Mein Urgro\u00dfvater hatte in seinen jungen Jahren angefordert den Schwarzmarkt, der damals noch direkt am Hafen war, niederzubrennen. Die meisten haben sich davon jedoch nicht sonderlich beeindrucken lasse. Zudem hatten die Novizen h\u00e4ufiger Probleme jemanden auf zu sp\u00fcren. Sie gestanden meinen Gro\u00dfvater erst viel sp\u00e4ter, dass sie die meisten Informationen von dem Schwarzmarkt haben. Danach wurde er toleriert. Wir lie\u00dfen sie weites gehend bestehen, auch wenn wir manches noch weiterhin stark kontrollierten. Daf\u00fcr gaben sie uns Informationen, vorausgesetzt sie waren in der \u0001 \u0002 Schnapsbrauerei, die zugleich auch eine Bar ist, bildet das Zentrum des Schwarzmarktes und Baylor war sein Besitzer. Ich hasste ihn. Er war schmierig und zynisch. Wen er l\u00e4chelte sah man seine teils abgefaulten Z\u00e4hne und konnte meist noch die Speisen vom Vortag begutachten. Er war gro\u00df und d\u00fcrr und besa\u00df zahlreiche Tattoos. \u00dcber seinem rechtem Auge hatte er eine Auge trug er eine Augenklappte. Hinzu kam, dass er t\u00e4glich illegalen Alkohol herstellte, was ich verabscheuungsw\u00fcrdig finde. . Zudem zwang er mich jedes Mal zum trinken, wenn ich denn gute Informationen haben wollte. Bei meinem letzten Besuch bin ich fast nach Hause getaumelt und er hat sich daraus einen gro\u00dfen Spa\u00df gemacht. Er hat mich dreimal durch die falsche T\u00fcre geschickt, bevor ich gehen konnte. Leider waren es die Informationen wert, sonst w\u00e4re er schon lange daf\u00fcr eingesperrt worden und leider aber wei\u00df er ganz genau, wie dringend wir sie brauchen und was er sich heraus nehmen \u0001 \u0002 ich den Laden betrete schaut Baylor mich kurz an und grinst dann finster. \u201eNa seht mal an, wen wir da haben M\u00e4nner. Der Vogel ist ausgeflogen!\u201c, ruft er durch de ganzen Laden. Die G\u00e4ste, ausschlie\u00dflich volltrunkene Herren, drehen sich um und gr\u00f6len laut. Ich rei\u00dfe die Kapuze herunter und setzte mich an die Theke. Wir kennen uns schon Jahrelang, also ist jede Maskerade zwecklos \u201eIch sehe du bist immer noch so gut drauf.\u201c, fauche ich ihn an. Er dr\u00fcckt mir einen Krug Starkbier in die Hand. Er gab mir immer Starkbier oder klare Schn\u00e4pse \u201eUnd ich habe geh\u00f6rt, ihr hattet einen kleinen Zwischenfall auf eurer Feier!\u201c, sagte er. Ich nehme einen Schluck. Als ich einmal nichts getrunken habe hat er mich einfach ignoriert. \"Gut m\u00f6glich. Und du wei\u00dft doch auch sicher, wer daran beteiligt war.\u201c. Baylor lehnte sich nun vor mir \u00fcber den Tresen. \u201eGut m\u00f6glich.\u201c Sein widerlicher Geruch dr\u00e4ngte sich nun direkt in meine Nase. Sofort schnappte ich mir das Bier um eine andere Geruch zu bekommen und trank es halb leer. Ich hustete. Es schmeckte widerlich und mir wurde fast sofort schwindelig. \u201eWas willst du?\u201c, fragte ich ihn, \u201eGeld? Schmuck? Ruhm?\u201c, sagte ich genervt. Er Lachte Laut. \u201eMit so etwas bekomme sie mich schon lange nicht mehr Prinzessa. Ich interessiere mich eher f\u00fcr\u2026 meinen Laden\u2026. Ich habe schon lange keinen guten Obstbrand mehr herstelle k\u00f6nne\u2026\u201c Er grinste. \u201e\u00c4pfel? Gut sollst du\u201c, begann ich doch er fiel mir ins Wort. \u201eApfelbr\u00e4nde sind doch so allt\u00e4glich. Ich w\u00fcrde mich eher an\u2026. Himbeerschnaps versuchen\u201c. \u201eHIMMBEEREN?\u201c, ich sprang auf. Himbeeren bekam selbst ich kaum zusehen. Sie waren Importwaren, aus templernahen L\u00e4ndern. Ich sollte f\u00fcr ihn also Himbeere stehlen, die nur einmal pro Woche geliefert wurden. Er grinste weiter. \u201eWie gut, dass du sie mir heute vorbei bringe kannst.\u201c\u201eDu spinnst vollkommen!\u201c, reif ich sauer. \u201eGemach Prizessa, scheint so als wollt ihr nicht wissen, wer eure Schwester hat.\u201c, sagte er und lachte finster und machte sich dann daran die anderen G\u00e4ste zu bewirten. \u201eDu bist eine Ratte Baylor!\u201c, sagte ich und trank den Becher aus. Er wollte nur Beweisen, dass er die Informationen hatte, sie mir aber noch nicht bereit war zu geben. Ich ging vom Tresen um dann den Laden zu verlassen. \u201eDas Geld Prinzessa\u201c, rief Baylor. Ich zog mir die Kapuze wieder auf und sagte nur. \u201eGeht heute aufs Haus\u201c. Aus dem Augenwinkel konnte ich sehen, wie er \u0001 \u0002 Hafen war die Luft schon deutlich angenehmer, dennoch roch es ekelhaft. Mein Gl\u00fcck war es, dass ich in meinem Aufzug kaum auffiel, sonst w\u00e4re es heute noch schwieriger geworden, als es eh schon war. Die Himbeeren wurden mit den anderen Lebensmitteln am Ost Dock geliefert. Sie waren in einer separaten Kiste, etwa drei Pfund schwer, und wurden von zwei M\u00e4nnern bewacht. Die Kiste viel so stark auf, dass ich sie selbst vom Dach des Wohnhauses auf dem ich mich befand mehr als gut sehen konnte. Ich wusste leider nur zu gut, dass die Farbe der Kiste stark an den H\u00e4nden haftete und drei Tage lang nicht ab zu wachen war. Himbeeren waren in diesem K\u00f6nigreich \u00e4hnlich wertvoll wie Gold. In einem Geschichtsbuch habe ich mal gelesen, dass die Menschen von fr\u00fcher \u00e4hnlich mit Salz umgingen. Die Zwei M\u00e4nner waren m\u00fcde. Kein wunder, es war bereits zwei Uhr morgens und man konnte an ihren Augenringen sehen, dass sie wahrscheinlich die letzten beiden Tage kein Auge zubekommen hatten. Ich seilte mich in der Seitengasse ab und mischte mich unter die Menschen. Auch noch um diese Uhrzeit war die schmale Stra\u00dfe sehr belebt. Konkubinen machten sich an willige M\u00e4nner ran, Wachen kamen von ihren Sauftouren wieder und einige Liebhaber versuchten noch rechtzeitig nach Hause zu kommen, bevor ihre Ehefrauen etwas bemerkten, die wahrscheinlich schon mit dem Nudelholz auf ihre Ehegatten warteten. Diebe und R\u00e4uber waren hier nur zu gerne \u2013 bei so einfachen verstecken. Der Raub war schon fast zu einfach. Ich wollte trotzdem nichts \u00fcberst\u00fcrzten, sicher ist sicher. \u201eHey warten sie!\u201c, die eine Wache begann zu schreien, die Andere jagte bereits einem Jungen hinterher. \u201eDie Kiste!\u201c, rief ich und lief der Wache nach. Ein Dieb hatte offenbar die gleiche Idee gehabt wie Baylor. Ein kleiner Gossenjunge hatte sich die Truhe geschnappt und ist damit fort gelaufen und rannte von einer kleine Gasse in die Andere, kletterte \u00fcber Z\u00e4une und raste durch G\u00e4rten. Die Wache und ich hatten Probleme hinter dem Jungen her zu kommen. Da sie aber deutlich weniger trainiert war als ich \u00fcberholte ich sie nach etwa 200 Metern. Der Junge war noch ca. 800 Meter weg. Ich legte noch einen Zahn zu, doch leider machten die die Wochen bemerkbar, in welchen ich ausschlie\u00dflich im Bett gelegen hatte oder gelernt habe. Er war schneller als ich, aber auch unvorsichtiger. Er stolperte h\u00e4ufig und lie\u00df die Kiste mehr als nur einmal fast fallen. Nachdem ihm das zum vierten Mal passierte bog er rechts ab. Ich sprintete und war nur wenige Sekunden nach ihm da, doch er war fort. Die Wache lief an mir vorbei. Offensichtlich ging sie davon aus, dass der Junge weiter gelaufen war. Ich hingegen blieb stehen. Ganz egal, wie schnell er war, so schnell, dass er jetzt schon nicht mehr zu sehen war konnte er nicht sein. Die Gasse war lang und hatte kaum Abzweigungen. Ich sah mich genauer um. Da standen F\u00e4sser, eine \u00fcberf\u00fcllte M\u00fclltonne und ein gef\u00fcllter Heuwagen. Nachdem ich langsam an den F\u00e4ssern vorbei gegangen war, hinter dem keiner war ging ich auf den Heuwagen zu. Davor lagen einzelne Halme wild auf dem \u0001 \u0002 erinnerte mich daran zur\u00fcck, wie mein Lehrmeister Jeff mich w\u00e4hrend eines Trainings \u00fcber das Entkommen immer gefunden hatte. Als ich ihn frustriert fragte, woher er mich immer fand sagte er, ich wurde viel zu offensichtliche Spuren hinterlasse. Damals wusste ich noch nicht genau was er meinte, doch als ich kurz darauf auf eine Mission ging merkte ich, was er mir zu sagen versuchte. Beim zur\u00fcckschieben von Tonnen hinterlie\u00df man kleine Schleifspuren auf dem Boden. Versteckte man dich in einem Spalt, so war die Wand h\u00e4ufig auf der H\u00f6he der Schulter entstaubt. Versteckte man sich hingegen in einem Heuhaufen, so fielen immer einzelne Halme heraus und machten dies offensichtlich. Der General, ein Man den ich immer noch versuche aus meinen Ged\u00e4chtnis zu l\u00f6schen, schrie uns mehrfach zusammen, warum wir so einfache Spuren nicht erkannt haben. Ich griff einmal mit Schwung in de Heuhaufen und zerrte an dem erstem, was ich finden konnte. Es war der Kragen des Jungen, den ich zu packen bekam. Er fauchte herum und versuchte sich zu wehren. Sein blond gelocktes Haar wirbelte umher. Seine gr\u00fcnen Augen funkelten mich zornig an, die Augen eines Sechzehnj\u00e4hrigen, und an seinem linken Handgelenk konnte ich eine Narbe erkenne Ich nahm noch die andere Hand und dr\u00fcckte ihn gegen die Mauer. \u201eWo sind meine Himbeere?\u201c, fragte ich forsch. \u201eBleib locker, die hab ich nicht!\u201c, rief er du sch\u00fcttelte die H\u00e4nde, die eine leuchtend rote F\u00e4rbung hatten. Ich sah ihn finster an, auch wenn er mein Gesicht nicht sehen konnte. \u201eVerarsch mich nicht, sind sie im Heuhaufen?\u201c. Er schrie. \u201eUnd warum sollte ich dir etwas verraten?\u201c Ich hielt meine versteckte Klinge an seine Kehle und sagte: \u201eUnd was sollte mich davon abhalten dich hier und jetzt zu t\u00f6ten? Auf Diebstahl kann auch eine H\u00f6chststrafe ausgeh\u00e4ngt werden, gerade in deinem Alter, du bist ja schon lange nicht mehr Kind! Dein Tod w\u00e4re sicher kein gro\u00dfer Verlust.\u201c Ich bluffte. Ich k\u00f6nnte nach wie vor keine t\u00f6te. Hoffentlich f\u00e4llt er darauf hinein. \u201eLass das Ding Weg! Schei\u00df Assassine! Die Kiste ist in der Tonne!\u201c, rief er. Ich lie\u00df ihn herunter und fuhr die Klinge wieder ein. \u201eUnd da bist du dir sicher?\u201c, fragte ich ihn. Er nickte heftig. Kurzerhand warf ich ihn gegen die F\u00e4sser und untersuchte die Tonne, in der die Kiste war, unge\u00f6ffnet. \u201eDas n\u00e4chste Mal solltest du dich davon fern halte.\u201c Rief ich ihm noch zu, bevor ich mich mit der Kiste zusammen auf zum Untergrund machte.\u201eHier hast du deine Himbeeren!\u201c, reif ich Baylor zu und knallte ihm die Kiste, die ich nur mir den Handschuhen ber\u00fchrt hatte, auf die Theke. Er grinste breit. \u201eOh Prinzessa, ich mache immer so gerne Gesch\u00e4fte mit euch!\u201c, lallte er und wollte die Kiste nehmen, doch ich schob sie zur\u00fcck. \u201eDie Bekommst du, wenn du mir sagen kannst, wer meine Schwester hat.\u201c, reif ich ihm zu, in der Hoffnung er w\u00fcrde mich trotz seines offensichtlichen Alkoholegels verstehen. Er richtete sich auf. \u201ePrinzessa, diese Templer sind zu hoch f\u00fcr euch. Verkriecht euch hinter eure Schlossmauern und lest ein Buch.\u201c Selbst von hier aus konnte man seine Fahne riechen. \u201eIch sch\u00e4tze, dann brauchst du keine Himbeeren!\u201c, behauptete ich und ging mit der Kiste zum Fenster und deutete an sie aus zu kippen, doch Baylor hielt mich panisch auf. \u201eMoment mal!\u201c, seine stimme klag pl\u00f6tzlich deutlich n\u00fcchterner, \u201eIch k\u00f6nnte euch ja auch untersch\u00e4tzt haben! Drei Templer haben vier Karten f\u00fcr die F\u00e4hre, die nach Utopia f\u00e4hrt gekauft. Sie hatten ein M\u00e4dchen bei sich, das Gesicht verdeckt doch sie trug ein teureres Kleid. Sie war nicht gro\u00df!\u201c. Ich sah ihn l\u00e4chelnd an. \u201eDie Elysium? Daf\u00fcr gibt es doch sicher noch \u201aKarten\u2018\u201c, sagte ich, wobei er an der Art wie ich das Wort Karten dehnte merken musste, dass ich die illegalen meinte, die man Passagieren entzogen hatte. Er kniff die Augen zusammen. \u201eSicher\u2026.\u201c, dann ging er in den Personalraum und ich folgte \u0001 \u0002 Personalraum war deutlich angenehmer, als die Gaststube. Hier war es nicht halb so stickig. Ich zog die Kapuze wieder herunter und sah mich genauer um. Es war alles sehr sterile und an der Wand entlang waren die Destillationsapparate. Es gab einen wei\u00dfen Tisch in der Mitte und die Wand gegen\u00fcber dem Eingang war voller Regale, aus welchem Baylor einen Ordner nahm. \u201ePrizessa, ich glaube immer noch nicht, dass dies hier die Beste Idee ist\u201c, versuchte er mir wei\u00df zu machen als er mir eine Karte aush\u00e4ndigte. \u201eIch kann schon auf mich aufpassen.\u201c, sagte ich knapp und stellte die Kiste auf den Tisch. Als Baylor nach ihr griff schlug ich ihm die H\u00e4nde Weg. \u201eDumme Idee. Morgen werden hunderte Wachen kontrollieren, wer rote H\u00e4nde hat. Glaubst du, die lassen gerade deinen Laden aus?\u201c, sagte ich monoton. Er kicherte kurz: \u201ePrizessa, ihr glaubst manchmal nicht wie sehr ich mich auf den Tag eurer Kr\u00f6nung freue.\u201c Erschrocken fuhr ich hoch. Er bemerkte wie verwirrt ich war und sagte f\u00fcgte noch hinzu: \u201eIhr wisst selbst die kleinste Ratte zu sch\u00e4tzen.\u201cSelbst mit der Karte in der Tasche war mein kleiner Ausflug auf den Schwarzmarkt noch nicht beendet. Wenn ich unter den G\u00e4sten nicht auffallen wollte, dann brauchte ich noch andere Klamotten. Elysium war ein Luxusschiff. Mein Ornat jedoch war gr\u00f6\u00dftenteils an die Kleider der Mittelschicht angepasst. Daher lief ich zu Roxys Stand. Sie hatte viel mit Baylor gemeinsam, was aber nicht schwer war. Die Beiden waren Cousin und Cousine. Sie war ebenso gro\u00df und d\u00fcrr wie er, jedoch hatte sie eher etwas, was mich an eine Piratenbraut erinnerte. Zudem wurden beide zu unangenehmen Zeitgenossen, wenn man sie langweilte. Roxy war jedoch deutlich zuvorkommender als ihr Cousin, weshalb sie mir schon zuwinkte, als ich auf sie zuging. \u201eOh hallo! Was kann ich f\u00fcr euch tun?\u201c, fragte sie und faltete dabei ihre H\u00e4nde. \u201eIch bin demn\u00e4chst mit der Elysium unterwegs. Hast du Kleider, die man nehmen kann?\u201c, fragte ich sie. Roxy nickte und warf mir Ballkleider, Abendkleider, einen Morgenrock und einige Alltagskleider zu. \u201eSid die nicht toll? Zudem kann sich jede Frau in denen gut verteidigen. Schwerter werden kaum auffallen!\u201c, sagt sie zufrieden. Ich hob die Kleider hoch. Sie waren ausladender als mein Ballkleid, daher hatte sie Recht. \u201eIch nehme an, dass du sie mir nicht schenken willst.\u201c, sagte ich. Sie nickte. \u201eAlles zusammen, 780 Galeonen.\u201c. Ich sah sie verwirrt an, dann kramte ich in meiner Tasche. \u201eIch hab nur 500 dabei.\u201c, gab ich zu. Sie schnaubte, dann wurde ihre Stimme tiefer. \u201e780 oder einige Kleider fliegen!\u201c. Sie war wirklich \u00e4hnlich auf Geld besessen wie Baylor, auch wenn er manchmal den anstatt hatte es zu verbergen.\u201eDa wirf sie raus!\u201c, sagte ich genervt und sie hob gut die H\u00e4lfte der Kleider weg. \u201eWas soll das?\u201c, rief ich w\u00fctend. \u201eDas Abendkleid ist eben so teuer, wie drei Kleider!\u201c, sagte sich und kicherte. \u201eNa sch\u00f6n! Ich geb dir noch die Steine auf meinem Kurzschwert!\u201c, rief ich. Ich zog es heraus und pulte mit einem Wurfmesser kleine Diamanten, zumindest denke ich, dass es Diamanten und keine Glassteine waren, ab. Auf eine solche Idee, eine Waffen so unn\u00f6tig zu verzieren kamen wirklich nur solche, die wenig Ahnung vom k\u00e4mpfen haben, auch wenn das Schwert scharf war und mir gute Dienste erwiesen hatte. Roxy hingegen hatte nur Augen f\u00fcr die Diamanten und packte alles in einen Koffer. \u201eDer ist Inklusive!\u201c, rief sie mir noch zu, nahm die Galeonen und die Steine und verkroch sich an das andere Ende ihres Stades und lie\u00df mich alleine. Mir war das Egal, ich hatte nun alles, um den Schwarzmarkt zu verlassen und den schei\u00df Templern auf das Schiff zu \u0001 \u0002 Schiff Elysium war eins von den gro\u00dfen Kreuzfahrtschiffen, die es auch locker einmal quer \u00fcber alle Weltmeere schaffen k\u00f6nnten und die gut vier Stockwerke h\u00f6her waren als die H\u00e4user am Dock. Die Farbe war strahlend wei\u00df und durch den Sonnenaufgang wirkte das Schiff noch imposanter, als es ohnehin schon war. Viele Menschen waren schon dabei \u00fcber die Treppe das Schiff zu betreten und auch ich stellte mich hinter die vielen Menschen zwischen denen ich doch leicht auffiel an. Ich hatte keine Lust gehabt mich irgendwo in einer Seitengasse umzuziehen, daher trug ich immer noch den grauen Ornat, der zwischen den roten, blauen und gr\u00fcnen Kleidern der Damen richtig auffiel und w\u00e4hrend der Kontrolleur noch die Karten pr\u00fcfte dachte ich daran, was mein Vater grade tun w\u00fcrde. Den Zettel sollte er schon lange gefunden haben und selbst wen nicht so w\u00fcrde die offene T\u00fcre zu meinem Ornat, der fort war, mehr als nur auffallen. W\u00fcrde Vater dann Wache ausgeschickt haben oder hatte er Mutter beschied gesagt? Bestimmt war er nicht alleine ausgezogen, oder doch? W\u00fcrde Vater in sein Zimmer gerannt sein und hat nach seinem Ornat gegriffen und sich selbst auf die Suche gemacht? Das erschien mir alles so unwahrscheinlich, so willk\u00fcrlich, dass ich den Gedanken sofort wieder verwarf. H\u00e4tte er meiner Mutter etwas erz\u00e4hlt, was ich am wahrscheinlichsten fand, dann w\u00fcrde sie wahrscheinlich ein dutzend Meisterassassinen auf mich ansetzten, die mich wahrscheinlich sehr schnell aufgesp\u00fcrt h\u00e4tten. Dazu muss ich aber sagen, dass ich ihnen aber eine ziemlich verworrene Spur hinterlassen habe und Baylor wird ihnen auch kaum was sagen, daf\u00fcr w\u00e4re ihn der Profit zu \u0001 \u0002 darauf fange ich mich an zu frage, was er meinte, als er sagte, ich w\u00fcsste selbst die kleinste Ratte zu sch\u00e4tzen. War ich so weich, dass ich Mitleid mit ihm hatte? Meinte er, ich w\u00e4re aufopfernd oder gar verweichlicht? Nein, ich w\u00fcsste nicht einmal, dass ich ihm gegen\u00fcber mehr als nur gesch\u00e4ftliche G\u00fcte gezeigt h\u00e4tte. Was meinte Baylor damit? Und was h\u00e4tte er von meiner Kr\u00f6nung? Ich meine, da ich meiner Mutter und ich uns so \u00e4hnlich waren wie Tag und Nacht g\u00e4be es eine Menge neue Regelungen. Durch meine h\u00e4ufigen Aktionen bekam ich mehr von dem mit was meine Mutter regelte, als ich wahrscheinlich sollte. Die Kotrollen nahmen immer weiter zu, der Bestand wurde minimiert und die Staatsabgaben waren schon seit geraumer Zeit in Planung. Viel hatte es nicht mehr mit einem Schwarzmarkt zu tun. Diese Dinge w\u00fcrde ich, sofern ich K\u00f6nigin werde, sofort \u00e4ndern. Ob Baylor mich dahingehend durchschaut hatte?Nach langer Zeit kam auch ich endlich an die Reihe und der Mann begutachtete meine Fahrkarte und sah mich kurz skeptisch an. In mir wurde es zugleich hei\u00df und kalt, wie immer, wenn ich das Gef\u00fchl hatte etwas Falsches zu machen. Doch der Mann nickte nur kurz und lie\u00df mich dann doch auf das Schiff. Von innen war die Elysium noch viel eindrucksvoller, als man es von au\u00dfen vermuten konnte. Ein Kristallkronleuchter, der mit kleineren Edelsteinen Besetzt war hing von der Decke. Auf dem Boden war ein roter Teppich ausgerollt, der mehr als kostbar aussah. An den W\u00e4nden hingen antike Bilder an den mit Blattgold beschichteten W\u00e4nden. Alleine das Schiff hatte ein so gro\u00dfes Verm\u00f6gen, dass man sich umgehend unwichtig und wertlos vorkam. Skeptisch sah ich an mir herunter. Ich war wirklich mehr als nur nicht angemessen gekleidet. Als ich wieder hochsah merkte ich auch, dass die anderen Fahrtg\u00e4ste mich missmutig ansahen. Mir war das eigentlich egal. Keiner von ihnen wusste mit Sicherheit genauer, wer ich war, sonst h\u00e4tten sie mich nicht ann\u00e4hernd mit den abf\u00e4lligen Augen angesehen. Eine der Dame sch\u00fcttelte sogar ihren Kopf, w\u00e4hrend sie einem Bedienstetem folgte, der ihre Tasche wegbrachte. Die M\u00e4nner hingegen sahen nur streng zu mir her\u00fcber. Ich muss wirklich albern wirken. Ein kleines M\u00e4dchen in niederen Klamotten mit offensichtlichen Waffen, die eigentlich jeder mit sich trug, sofern er sich es leisten konnte, wollte mit der Elysium reisen, ohne Eltern und ohne Begleitung. Mein Gesicht wurde flammend rot du aus Scham legte ich mir schnell den Gurt und den Mantel ab, damit die Menschen Zeit hatten sich mit etwas anderem zu besch\u00e4ftigen. \u201eMadame, kann ich ihnen ihre Taschen abnehmen?\u201c. Ein Page ging auf mich zu und griff nach meinem Koffer. Eigentlich wollte ich nach ihm greifen, konnte mich aber zur\u00fcck halten. \u201eJa bitte\u2026\u201c, sagte ich. Dann kontrollierte der Junge dessen Gesicht durch die M\u00fctze verdeckt war, meine Karte und f\u00fchrte mich zu meiner Suite. Meine Zimmernummer war die 398, S\u00fcdseitenzimmer. Der Page redete jedoch nicht mit mir, was mir ganz recht war. Dennoch schien er nicht ganz zu wisse, wo es genau hinging, denn er blieb h\u00e4ufig stehen um sich richtig zu orientieren. Mir schien das ganze etwas merkw\u00fcrdig, daher hielt ich meine Hand immer griffbereit am Schwert. Ich war ja schlie\u00dflich hier a Bord um die Templer aufzuspr\u00fchen, die Sarah gefangen genommen \u0001 \u0002 etwa drei\u00dfig Minuten erreichten wir dann das Zimmer und er \u00f6ffnete mit Hilfe einer Speicherkarte die T\u00fcre und lie\u00df mir den Vortritt. Die Suite war mehr als nur Geschmackvoll eingerichtet, allerdings hatte man offensichtlich angenommen, dass hier ein frisch verliebtes Ehepaar eincheckte, was von dem Liebevoll dekoriertem Doppelbett ausging. Die Schr\u00e4nke waren aus Mahagoni, der Boden war ein weicher Teppich und an den W\u00e4nden hingen Bilder, die auch gut bei uns im Festsaal h\u00e4ngen k\u00f6nnten. W\u00e4hrend ich die Eindr\u00fccke auf mich wirken lie\u00df, kam der Page hinter mir in das Zimmer und stellte den Koffer erst in der Mitte ab, bevor er mich fragte, wo er ihn hinstellen solle. Ich deutete mit den Kopf ohne ein Wort zu sagen auf eine kleine Ablage neben dem Tisch. Er schnaubte leicht und strich sich dann den Linken \u00c4rmel nach oben. Da das Zimmer noch immer dunkel war musste ich noch einmal genauer hinsehen, doch da war eine Narbe. Und als er sich herunter beugte, sah ich seine blonden Locken. Es dauerte eine kurze Weile, dann machte es bei mir 'Klick' und das Bild von der roten Kiste und dem Stra\u00dfenjungen kamen mir wieder vor Augen. Der Page war der Stra\u00dfenjunge!",
            "wordcount": "4.576",
            "chapter_release": "29.07.2014",
            "chapter_number": "3"
        },
        "4": {
            "text": "Die Narbe hatte ich nur wenige Stunden zuvor gesehen, als ich auf der Stra\u00dfe die Himbeeren geholt habe. In mir legte sich ein Schalter um und ich griff hastig nach der M\u00fctze und riss sie \u0001 \u0002 Junge, der elende Stra\u00dfenjunge war mir bis hierher gefolgt. Finster sah ich ihn an und stellte mich so hin, dass ich ihm den Weg nach drau\u00dfen versperrte. Sollte er auch nur versuchen hier heraus zu kommen, m\u00fcsste er an mir vorbei und das sollte er nur versuchen! \u201eWas machst du hier?\u201c, wollte ich wissen. Meine Stimme klang heiser und gereizt. Nie im Leben h\u00e4tte ich damit gerechnet, dass mich ein einfacher Junge so simpel verfolgen k\u00f6nnte. Er jedoch dachte nicht daran mir zu antworten. Stadtessen setzte er sich nur auf das Bett. Ich sah grimmig auf das Schwert, welches nur wenige Zentimeter von seiner Hand entfernt war. Mit einem Lachen sagte er schlie\u00dflich: \u201eBesonders bedrohlich wirkst du ja nicht gerade so ohne Waffen und ohne Kapuze. Wie ein kleines, braves M\u00e4dchen.\u201c Die Art, wie er mit mir redete machte mich rasend, doch ich versuchte mich zu beherrschen. Instinktiv ballte ich meine H\u00e4nde zu F\u00e4usten und knirschte mit den Z\u00e4hnen, meine Wangen r\u00f6teten sich vor Wut. Er wirkte sehr am\u00fcsiert dar\u00fcber. \u201eGlaub blo\u00df nicht, dass ich nicht zumindest etwas bei mir trage, mit dem ich dich nicht auch t\u00f6ten k\u00f6nnte.\u201c zischte ich. Er sah das auf das Schwert, dann wieder zu mir. \u201eSchon klar...\u201c, sagte er monoton. Er glaubte mir offensichtlich nicht. \u201eIch bin gef\u00e4hrlicher als du denkst!\u201c, schrie ich nun. Er Lachte nur dar\u00fcber, weil ich ihm vielleicht etwas zu verzweifelt her\u00fcber kam. Dann wurde seine Miene wieder etwas ernster. \u201eAlso Puppe, wo sind meine Himbeeren?\u201c. Genervt sah ich fort. Wenn die Himbeeren alles sind, was er wollte, war er wirklich keine Gefahr. Ich entspannte mich wieder und sah zur Seite. \u201eVerkauft \u2013 f\u00fcr gute Informationen!\u201c. Ich kannte zwar weder seinen Namen, noch seine Person als solche, aber jetzt schon war mir diese ganze Diskussion zu wieder und er ekelte mich \u0001 \u0002 Typ stand auf und ging langsam auf mich zu.. \u201eH\u00f6r mir mal gut zu,\u201c, begann er, wobei er beim reden immer weiter auf mich zu ging, \u201eIch habe seit Monaten alles geplant gehabt um mir diese dumme Kiste zu schnappen\u201c. Er fing an mir mit der rechten Hand vor dem Gesicht hin und her zu wedeln. Dabei schnappte ich mir das Handgelenk und zog ihm unsanft den Handschuh herunter, wodurch die rote Farbe an den H\u00e4nden sichtbar wurde. \u201eJa, sicher doch! Du warst ja wirklich sehr vorsichtig! Wie gut, dass du keine Spuren hinterlassen hast.\u201c. Energisch zog er die Hand wieder weg und versteckte sie in der Hosentasche. \u201eJaja, du hast ja sicher alles richtig gemacht! Die gro\u00dfe Assassinin macht nat\u00fcrlich keine Fehler\u201c, schnaubte er. Ich verschr\u00e4nkte die Arme und setze ein siegessicheres L\u00e4cheln auf. Er hatte wohl kaum irgendwelche Erfahrungen. \u201eIch war auf jeden Fall vorsichtiger als du.\u201c Er sah an meine Arme herunter und versuchte nach meiner Hand zu greifen, die ich augenblicklich nach Hinten riss. In dem Moment klopfte es an die T\u00fcre und wir beide Schraken auf. \u201eVerschwinde einfach!\u201c, zischte ich ihm zu. Er entriss mir die M\u00fctze und setzte sie wieder auf, st\u00fcrmte an mir vorbei und ging aus dem immer noch dunklem Zimmer und lie\u00df die T\u00fcre \u0001 \u0002 Mann kam herein und sah dem Stra\u00dfenjungen hinterher um sich dann wieder mir zuzuwenden. Der Herr, etwa am gutem Ende seiner 50er Jahre, trug eine M\u00fctze, die in einem Mitternachtsblau gef\u00e4rbt war. Sie schien aus dem gleichem Stoff gemacht zu sein, wie seine Jacke, an dessen \u00c4rmel vier Streifen waren \u2013 er war der Kapit\u00e4n dieses Schiffes. In mir sagte alles, dass ich vorsichtig sein musste. Mir war unbekannt, dass sich ein Kapit\u00e4n, selbst einer von einem so renommiertem Schiff, einfach in die Kabine eines Gastes begab. \u201eGuten Tag junges Fr\u00e4ulein\u201c, begann er. Sein Tonfall erinnerte mich an den, in welchem mein Vater mit mir sprach, wenn wir \u00fcber die Planung einer Mission redeten. Er klang bestimmend, direkt, durchl\u00f6chernd und dennoch barmherzig zugleich. Aus Schock spannten sich bei mir s\u00e4mtliche Muskeln an. \u201eGuten Abend\u201c, bracht ich nur heraus. Der Kapit\u00e4n sah mich nun nicht mehr direkt an, sondern ging durch das Zimmer und spielte mit einem der Gl\u00e4ser, die auf der kleinen Bar standen. \u201eIch habe geh\u00f6rt, dass sie ganz alleine hier sind?\u201c Er bem\u00fchte sich alles so zu formulieren, dass es wie eine Nebens\u00e4chlichkeit klang. \u201eDas ist richtig\u201c. Konnte ich dem Mann trauen? Er stand unter der Regentschaft meiner Eltern. \u201eUnd wie kann man sich das in so jungen Jahren leisten?\u201c er klang nun nicht mehr wie mein Vater, sondern eher wie ein strenger Richter. Ich drehte mich um und ging auf das Bett zu \u2013 sicher war sicher. \u201eReicher Vater\u201c, antwortete ich knapp. Im n\u00e4chstem Moment sp\u00fcrte ich seinen Atem an meiner Schulter. \u201eUnd warum die ganzen Waffen?\u201c. Ich schnaubte. \u201eH\u00f6ren sie zu, ich verfolge jemanden. Das ist ein offizieller Auftrag vom K\u00f6nig, gerichtet an das Assassinenb\u00fcro! Also lassen sie bitte ihre Spielchen!\u201c Der Kapit\u00e4n stellte das Glas wieder hin und sah mich verwirrt an. \u201eSie wollen Assassine sein?\u201c. Ich nickte und griff nach dem Schwert und zeigt Wortlos auf dessen Griff, in welchem ein Schwungvoll eingearbeitetes A gearbeitet war. Ebenso , wie das rote Kreuz die Templer vertrat, so symbolisierte dieser kleine Buchstabe, dass es sich um den Gegenstand eines Assassinen handelte. Genervt kniff der Mann die Augen zusammen. \u201eIch nehme dann mal an, dass ich ihnen jederzeit Rede und Antwort stehen muss?\u201c, fragte er langsam. Es war nicht ungew\u00f6hnlich, dass die meisten Angestellten mit Assassinen zusammenarbeiteten, wenn sich diese ihnen gegen\u00fcber offenbarten. Schlie\u00dflich brauchte man erst einmal viele Informationen um handeln zu k\u00f6nnen. Wenn man sich diese alleine holte, so w\u00e4re es viel wahrscheinlicher Entdeckt zu werden, daher half es meist jemanden zu bestechen, wie Baylor, oder aber man hatte jemanden, der dem K\u00f6nigshaus treuer gegen\u00fcberstand, so wie der Kapit\u00e4n. \u201eSicher..\u201c, antwortete ich und warf das Schwert wieder zur\u00fcck auf das Bett, dann machte der Kapit\u00e4n sich auf, das Zimmer wider zu verlassen. \u201eNach wen habe ich zu fragen?\u201c, rief ich ihm noch nach. \u201eKapit\u00e4n Wainwright.\u201c, sagte er noch in einem eher klagendem Tonfall, dann verlie\u00df er das Zimmer endg\u00fcltig, schloss die T\u00fcre und lie\u00df mich in der Dunkelheit zur\u00fcck, die nur vom Licht, dass durch die Vorh\u00e4nge fiel etwas erhellt wurde, \u0001 \u0002 hatte ich das Zimmer ganz f\u00fcr mich alleine. Von der M\u00fcdigkeit \u00fcbermannt legte ich mich auf das Bett und starrte auf das schwungvolle Bild an der Decke, ohne es wirklich wahr zu nehmen. Mir wurde immer schmerzhafter bewusst, dass ich nicht sagen konnte, was mir diese Fahrt bringen sollte. Mit hoher Wahrscheinlichkeit war es sogar eine mehr als nur dumme Idee. Ich konnte mich nicht einfach in jedes Zimmer schleichen und so erwarten auf diese Art auf Hinweise zu sto\u00dfen. Alleine die Zeit, die ich daf\u00fcr in Anspruch nehmen m\u00fcsste w\u00e4re mehr als nur zu viel. Zudem war meine einzige Bezugsperson der Kapit\u00e4n, und offen gestanden vertraute ich ihm nicht komplett. Was machte ich hier eigentlich? Habe ich wirklich gedacht, dass ich, sobald ich mit dem Schiff auf hoher See war, meine kleine Schwester in die Arme schlie\u00dfen konnte?Wie naiv war das nur von mir? Sarah wurde von Templern festgehalten. Wie sollte ich sie nur unter den ganzen Passagieren finden? Ich rollte mich zur Seite, wodurch mein Blick auf den Bodenlangen Wandspiegel traf. Der Junge hatte Recht damit gehabt, dass ich ohne den Ornat schwach wirkte. So wie ich jetzt da lag wirkte ich wie ein kleines M\u00e4dchen, dass man besch\u00fctzen muss, ein leichtes Opfer und auch noch dazu schien nichts an mir respektvoll zu wirken. Die Gedanken brachten mich in einen kurzen, traumlosen Schlaf. Durch das Fenster kam nun Tageslicht hinein. Die Sonne war hell und kitzelte mich an der Nase. Erschrocken sprang ich auf. Ich hatte nicht einmal bemerkt, dass ich \u00fcberhaupt eingeschlafen war. Ich hatte immer noch die Gedanken im Hinterkopf, die ich vorhin gehabt hatte, doch ich sch\u00fcttelte nur energisch den Kopf. Sarah war diejenige, die eingepfercht war, nicht ich! Wenn mir jetzt schon Zweifel aufkamen, dann w\u00fcrde ihr das ganz bestimmt nicht helfen. Ich musst raus aus der Kabine, Informationen beschaffen die nur aufmerksamen Ohren zu teil wurde. Aber zu aller erst musste ich mir etwas \u00fcberwerfen, was weitaus weniger auff\u00e4llig war. Auch ohne das kn\u00f6chellange Oberteil sah ich in meinem Top, der blau-schwarzen Hose und den gebundenen Stiefeln nicht mal ann\u00e4hernd so aus, als k\u00f6nnte ich mir auch nur ein Glas stilles Wasser auf diesem Schiff leisten. Daher schnappte ich mir eines der Kleider aus dem Koffer und band mir noch schnell die Haare zusammen. Unter den Kleidern konnte man wirklich gut seine Waffen vertuschen. Das Kurzschwert und die Klingen, die am Handgelenk befestigt wurden, waren daf\u00fcr jedoch nicht geigten, doch unter der Korsage war platz genug f\u00fcr zwei Wurfmesser und ein paar Giftpfeile. Zudem hatte das Schwert genug Platz unter dem weiten Rock. Ich ging auf den Flur hinaus. Alles sah so eint\u00f6nig und gleich aus, dass man sicher schnell die Orientierung verlor. Zum Gl\u00fcck waren an der Decke einige elfenbeinfarbene Schilder angebracht, auf welchen mit eleganter, schwarz-grauer Schrift gezeigt wurde, in welche Richtung man sich begabt. Die n\u00e4chsten Orte, die es f\u00fcr mich zu erreichen gab waren zum einem der Speisesaal, das Sonnendeck und die Bar. Der Rest war nicht genauer ausgeschildert. Von Bars hatte ich vorerst genug und wirklich hungrig war ich auch nicht, daher folgte ich dem Schild zu einer Treppe die nach oben und somit ins Freie f\u00fchrte. Die Sonne, welche mittlerweile schon aufgegangen war, strahlte mir ins Gesicht als ich die T\u00fcre \u00f6ffnete und der salzige Wind wehte umher. Das Boot bewegte sich schon, wahrscheinlich tat sie das schon eine ganze Weile. Die Elysium fuhr so sanft, dass man es kaum sp\u00fcren konnte, es sei denn man schloss die Augen und fokussierte alle seine Sinne auf jede feinste Bewegung. Ich ging zum Gel\u00e4nder. Die Neugier hatte mich gepackt und ich wollte wissen, wie weit ich mich schon von zu Hause entfernt hatte. Mein Blick musste sich an den Horizont heften um \u00fcberhaupt noch den schmalen Rand zu erkennen zu dem Mansian nun zusammengeschrumpft war. Wann waren wir so weit gekommen? Doch dieser Anblick verriet mir nicht nur, dass wir schon eine ganze Weile fuhren, sondern auch, dass ich von nun an wirklich auf mich alleine gestellt war. Mein Vater oder irgendwelche Wachen w\u00fcrden mich niemals so schnell einholen. Hier gab es nur mich, mehrere dutzend Passagiere und eine unbestimmte Anzahl von verd\u00e4chtigen. Aber meine Suche musste irgendwo beginnen, also drehte ich mich um und betrachtete die wenigen Menschen, die sich an dem Deck verteilten. Da war zum einen ein junges, fr\u00f6hlich wirkendes Paar, welches sich eng umschlungen die offene See anschaute. Etwas weiter links stand ein alter Mann, etwa um die 75 Jahre alt. Er wirkte so als habe er mit jeder Bewegung schwer zu K\u00e4mpfen. Etwas weiter links von mir war ein junger Mann, der mir den R\u00fccken zugewandt hatte und Mansian dabei zusah, wie es immer kleiner und kleiner \u0001 \u0002 Paar und der alte Mann wirkten bei mir nur wenig Interesse, doch bei dem Anderem konnte ich vielleicht ansetzen. Langsam ging ich auf ihn zu, studierte seine Gesichtsz\u00fcge. Ein starkes Kinn, Koteletten, dunkelbraune Haare, schmale Lippen und tr\u00e4ge Augen. Wirklich bedrohlich wirkte er nicht, aber wer tat das schon? \u201eIst es nicht sch\u00f6n, wie das Land so aus der Ferne aussieht?\u201c, fragte ich so laut, dass er es h\u00f6ren musste. Verwirrt drehte er sich zu mir um, l\u00e4chelte und antwortete mir dann mit einem freundlichem: \u201eJa. Ich kann mich auch nicht daran sattsehen.\u201c Noch hatte er nicht gelogen. Das musste ich auch lernen. Jeder Mensch hat beim L\u00fcgen einen speziellen, nerv\u00f6sen Tick, den er unbewusst aus\u00fcbt, welcher einem geschultem Auge jedoch sofort auff\u00e4llt, auch wenn dieser bei jedem Menschen anders ist. Ich musste ihn nur etwas mehr reizen. \u201eOh, entschuldigen sie mich bitte, ich habe mich ja noch gar nicht vorgestellt\u201c, begann ich und versuchte so entsetzt wie m\u00f6glich zu klingen. \u201eMein Name ist Chlarice.\u201c. Umgehend begannen sich mein rechter Ringfinger und der kleine Finger minimal anzuspannen. Auch ich konnte mich von diesen Ticks nicht frei sprechen. Der Mann hingegen nahm meine Hand und f\u00fchrte sie zu seinen schmalen Lippen, dr\u00fcckte einen sanften Kuss auf diese ab sagte mir mit seiner freundlichen Stimme: \u201eEs ist schon gut junges Fr\u00e4ulein. Mein Name ist Victor von Evatsberg.\u201c Nichts. Nicht mal ein klitzekleiner Tick war zu erkennen. Ich redete noch einige Minuten mit ihn, doch egal wie viel ich fragte, er schien mir nicht einmal auszuweichen oder mich an zu l\u00fcgen. Dennoch w\u00fcrde ich heute noch genauere Informationen \u00fcber ihn am Computer des Kapit\u00e4ns in Erfahrung bringen. Mit der Zeit, ich hatte es w\u00e4hrend des Gespr\u00e4ches nicht genauer beachtet, versammelten sich immer mehr Menschen drau\u00dfen. Auch einige Kinder waren darunter, aber keines hatte auch nur ann\u00e4hernd eine \u00c4hnlichkeit mit meiner Schwester. \u201eMeine Damen und Herren!\u201c. Eine laute Stimme erklang. Mit einem mal drehten sich alle K\u00f6pfe zu einer kleinen B\u00fchne, die am Ende stand und auf welcher der Kapit\u00e4n mit einem Mikrophon stand. \u201eIch hei\u00dfe sie herzlich willkommen auf der Elysium. Ich bin ihr Kapit\u00e4n und w\u00fcnsche ihnen auf dieser Reise alles Gute.\u201c Seine Ansprache erinnerte mich stark an eine Seifenoper oder aber eine Soap. Dennoch war es nicht das, was mir so zusetzte. Mittlerweile dr\u00e4ngten die Menschen einander nach vorne. Mit stocke der Atem. Immer wieder kamen mir Bilder von dem Abend hervor die eine G\u00e4nsehaut und Panik in mir hervorriefen. Ich wollte runter. Wenn ich hier bleiben w\u00fcrde k\u00f6nnte es gut angehen, dass ich hyperventilieren w\u00fcrde. Ich tastete nach der Reling, hoffte auf Halt. Dann ging es in kleinen Schritten vorw\u00e4rts und ab zur T\u00fcre. Der Weg dauerte eine Ewigkeit. Unter Deck angekommen h\u00f6rte ich den Kapit\u00e4n immer noch reden. Offenbar waren also unbemerkt Lautsprecher platziert worden. Alles was ich wollte, war jedoch nur etwas zu trinken. Deshalb ging ich los zum n\u00e4chsten Restaurant. Die Damen schienen nicht besch\u00e4ftigt zu sein. Offenbar waren alle der Annahme gewesen, dass jeder sofort aufs Deck hechten w\u00fcrde und den Worten Wainwrights lauschen w\u00fcrde. Alles was ich jedoch wollte war ein ruhiger Ort, weshalb ich in das erstbeste Restaurant ging, was sich finden lie\u00df. Es war ein asiatisch, silbergrau angehauchtes Restaurant und stand im Kontrast zu der eher alten, europ\u00e4isch gehaltenen Innenausstattung. Der Boden war ein einziges Aquarium voller Koi. An den W\u00e4nden waren kunstvolle Bilder in Holz gearbeitet und in Bambus eingerahmt. Selbst die Bedienung, das erste, richtige Personal, was ich zu sehen bekomme, trug traditionelle Kleidung und begleitete mich, nach einem kurzem Moment des Staunens, wortlos an einem Tisch auf denen eine Vase mit einem elegantem, wei\u00dfen Blumenstrau\u00df \u0001 \u0002 Dame, welche auf mich eher den Eindruck einer Porzellanpuppe machte, \u00fcberreichte mir eine schlichte, schwarze Speisekarte. Theoretisch wollte ich ja nicht einmal etwas bestellen, doch ich schien etwas gen\u00f6tigt zu sein, also ordere ich ein Wasser. Immer noch sprach die Bedienung kein Wort mit mir, was die gesamte Situation sehr unangenehm machte. Erst einmal war ich jedoch froh etwas Zeit f\u00fcr mich zu haben. Wenn ich die Augen schloss konnte ich noch immer sp\u00fcren, wie mein Herz wie verr\u00fcckt h\u00e4mmerte. Diese Bilder die in mir hoch kamen waren alles andere als erholsam oder sch\u00f6n. Die Tr\u00fcmmer, die Fliehenden Menschen um mich herum und der Kerl, der mich angriff. Und es kamen alle binnen einer Sekunde hoch und verharrten dort als wollten sie mich testen und das \u00e4u\u00dferste von mir abverlangen. Hinzu kamen die Erinnerungen an verbranntem und Blut die mir einen Brechreiz ausl\u00f6sten. Doch alles was z\u00e4hlte war erst einmal diese Erinnerungen zu verdr\u00e4ngen. Ich war immer noch alleine hier und konnte mir Schw\u00e4che eigentlich in keinster Form \u0001 \u0002 blieb ich in dem Raum, kurz bevor die Ansprache beendet war. Wainwright erz\u00e4hlte davon, wie er nur das exklusivste Personal ausw\u00e4hlte um seine G\u00e4ste zu erheitern. Alleine dabei musste ich schmunzeln. Wer einem einen Stra\u00dfenjungen als das Beste vorstellt, der hat schon echt Nerven. Erst einmal wollte ich jedoch zur\u00fcck auf mein Zimmer und mir das Gesicht waschen. Wenn ich wieder etwas klarer war konnte ich einfach besser mit der Situation umgehen. Im Zimmer angekommen merkte ich jedoch, dass das Licht noch immer an war. In mir schoss es hoch. Ich hatte es nicht angelassen. Was zum Teufel war hier also los? Ich ging mit kleinen Schritten weiter. Ich sehe noch, wie jemand mein Kurzschwert hochhebt. Er begutachtet es und z\u00e4hlte die \u00fcbrig gebliebenen Diamanten. Sein Kopf war hinter einer Kapuze verdeckt, er stand mit dem R\u00fccken zu mir. Darauf achtend kein Ger\u00e4usch zu machen hob ich den Rock hoch und zog leise mein Schwert und achtete darauf leise auf ihn zu zu gehen. Ich war Meisterin darin kein Ger\u00e4usch zu machen. Mein Gegen\u00fcber hatte sich inzwischen daran gemacht die Diamanten aus dem griff zu kratzen. Er war also abgelenkt \u2013 meine Chance. Ich holte das Schwert und und dr\u00fcckte mit der stumpfen Fl\u00e4che gegen den Hals. Er r\u00f6chelte nach Luft und wedelte mit den Armen um sich, lie\u00df dabei das Schwert fallen. Dann schubste ich ihn gegen eine wand und hielt mein Schwert auf ihn gerichtet. Es war so wie ich es mir gedacht habe. Die Stra\u00dfenratte hatte sich Zugang zu meinem Zimmer gemacht und wollte mich berauben. \u201eBewegst du dich, bist du tot!\u201c, sagte ich entschlossen. Seine Augen sahen mich streng an. \u201eImmer ruhig Puppe, ich will dir ja nichts tun!\u201c, sagte er genervt. \u201eIch kann auch nichts daf\u00fcr, die haben mir Geld daf\u00fcr gegeben, dass ich mich hier umsehe und...\u201c Umsehen? Was? \u201ewer?\u201c, wollte ich wissen, doch der Junge sch\u00fcttelte den Kopf. \u201eKeine \u0001 \u0002 M\u00e4nner, oder drei. Ich wei\u00df es nicht Genau. Sie haben mir die Augen verbunden und mir gesagt, ich solle das Zimmer durchsuchen und ihnen einen Bericht in den M\u00fclleimer legen, der im zweitem Stock ist und neben dem Eingang zum Kasino steht. Er verursachte sich aufzurichten, dich ich hielt das Schwert n\u00e4her an ihn dran. Offenbar habe ich zeitweise den Eindruck vermittelt, das ich nachgeben k\u00f6nnte. \u201eUnd warum sollte ich dir glauben? Ich kenne dich nicht einmal!\u201c Genervt stand er auf. Mein Schwert wanderte mit seinem K\u00f6rper mit. \u201eOkay, lernen wir uns besser kennen!\u201c, sagte er und grinste. Ich hingegen war skeptisch dar\u00fcber, was er vor hatte. \u201eIch bin Pear meine S\u00fc\u00dfe. Ich komme aus den Slums die sich in den Vororten von unserer lieben Stadt angesammelt haben. Mein Brot verdiene ich mir durch Boteng\u00e4nge. Jetzt zu dir!\u201c. Er dr\u00fcckte mein Schwert herunter und ging langsam auf mich zu. \u201eDu bist ein Assassine, den sie wahrscheinlich schon seit fr\u00fchester Kindheit ausgebildet haben und der vom Staat gef\u00f6rdert wurde. Wahrscheinlich wiesst du nicht einmal, wie es in den Slums aussieht.\u201cDurch das auf mich hinzugehen hatte mich Pear immer mehr auf die Andere Seite gedr\u00fcckt, sodass ich nur gegen die Wand gedr\u00e4ngt wurde und mit einem Bedauern musste ich feststellen, dass er Recht hatte. Genau genommen wusste ich bis gerade eben nicht einmal, dass sich um die Stadt herum Slums angesammelt haben. Aus Schuldgef\u00fchlen heraus lie\u00df ich das Schwert sinken und sah auf den Boden. Wieso wusste ich so etwas nicht? Pear kam mir wieder n\u00e4her. \u201eJetzt muss ich nur noch wissen, warum dich Baylor so besonders behandelt und dich immer Prinzessa nennt. Und nat\u00fcrlich w\u00e4re ich auch sehr froh zu wissen, wie du \u00fcberhaupt hei\u00dft.\u201c. Ich sah ihm in die Augen, dann wieder auf den Boden. Mir schwirrte immer noch im Kopf herum, dass ich mein eigenes K\u00f6nigreich nicht mal ann\u00e4hernd so kannte, wie ich es sollte. \u201eHallo? Jemand zu Hause?\u201c, fragte er. Ich sah ihn nicht an, redete aber deutlich. \u201eIch bin Bellatrice. Und Baylor behandelt mich nicht besonders.\u201c, behauptete ich. Der Junge lachte leise. \u201eKlar tut er das!\u201c. Verwirrt zuckte ich mit den Schultern. \u201eIch hab doch keine Ahnung. Aber das Spielt doch auch keine Rolle. Ich muss wissen, wer dich damit beauftragt hat!\u201c, sagte ich nun etwas entschlossener. \u201eWie gesagt, ich soll einen kurzen Bericht verfassen und den..\u201c \u201eJa ja, mach einfach und geb den Zettel ab, ich folge dir!\u201c, sagte ich und schob ihn zur T\u00fcre hinaus. \u201eNa dann Puppe, bist du bereit?\u201c, fragte er mich noch, doch ich schwieg einfach. Auf sein Gehabe hatte ich wenig Lust. \u201eDu kannst auch gerne verschwinden!\u201c, sagte ich genervt zu Pear. Mittlerweile verharrten wir in dem Flur \u00fcber eine Stunde und hatten sogar mehrfach die Positionen gewechselt. \u201eJa, klar! Vergiss es! Ich bin einfach viel zu neugierig. Vielleicht kann man von denen ja noch Geld erpressen.\u201c, gab er zur\u00fcck. Das war ja klar, dass es ihm nur um das Geld ging. \u201eUnd dann?\u201c, fragte ich genervt, doch in den Moment kam eine Person auf den M\u00fclleimer zu und nahm den Beutel mit. \u201eWas? Eine Putzfrau?\u201c, sagte ich verwirrt. Pear hingegen ging sofort los. Reflexartig schnappte ich nach seinem Arm. \u201eWo willst du hin?\u201c. \u201eDer M\u00fcll wird \u00fcber das Abfallsystem zu einem Container gef\u00f6rdert, der an der Au\u00dfenseite des Schiffes ist.\u201c Und erneut blieb mir nichts anderes \u00fcbrig, als ihm zu folgen.\u201eVerdammt ist das Windig hier drau\u00dfen!\u201c, beschwerte er sich, als wir durch eine T\u00fcre zu den Treppen au\u00dfen gelangt waren. \u201eH\u00f6r auf zu n\u00f6rgeln\u201c , sagte ich und ging vor, auch wenn ich auf den rutschigen Metallstufen kaum Halt hatte. Jedoch vernahm ich ein merkw\u00fcrdiges Ger\u00e4usch. \u201eH\u00f6rst du das?\u201c, fragte ich leise. \u201eWenn du das Rauschen meinst Puppe, das kommt vom Meer, das macht das auch noch nicht so...\u201c \u201eNein Verdammt. Da ist ein kleinerer Motor.\u201c Neugierig sah ich am Rand des Schiffes vorbei, sah jedoch nichts. \u201eDu bist ja gerade zu Paranoid! Da ist nichts.\u201c, sagte er. In dem Moment wurde der Motor viel lauter und ein kleines Motor bot mit vier Personen an Board fuhr rasend schnell vom Schiff fort. Drei davon waren Muskul\u00f6se M\u00e4nner, die Andere Gestalt hatte einen Kartoffelsack \u00fcber den Kopf gest\u00fclpt. Dennoch erkannte ich sie an dem Kleid, in dem sie noch so fr\u00f6hlich getanzt hat. \u201eSarah!\u201c",
            "wordcount": "3.666",
            "chapter_release": "29.07.2014",
            "chapter_number": "4"
        }
    },
    "title": "Royals",
    "topic": "unspecified",
    "release": "\n29.07.2014\n\t\t\t\t\t\t",
    "author": "Mona-"
}