{
    "tags": [],
    "chapcount": "1",
    "wordcount": "13.779",
    "chapters": {
        "1": {
            "text": "PrologIn einer weit entfernten Vergangenheit gab es in unse-rem Sonnensystem einen Planeten, den seine Bewohner in ein makelloses Kunstwerk umgewandelt hatten \u2013 SANTUAN \u2013 ein Juwel vollkommener Sch\u00f6nheit. Aber ein Kunstobjekt birgt kein eigenes Leben. Die Erbauer dieser \u00e4u\u00dferen Pracht ben\u00f6tigten immer mehr Energien, um ihrer k\u00fcnstlich erschaffenen Sch\u00f6nheit den Anschein von Leben einzuhauchen. Und irgend-wann ging der Hochmut so weit, dass zu Energien gegriffen wurde, die unkontrollierbar waren und ihren Planeten zerst\u00f6rten. Der Hochmut der Bewohner von Santuan geriet in Vergessenheit, und 65 Millionen Jahre sp\u00e4ter erinnerte sich niemand mehr daran ... Bis jetzt! Kapitel 1Der helle Lichtpunkt, der pl\u00f6tzlich am Sternenhimmel erschienen war, erregte die Aufmerksamkeit eines Astrophysikers. Einen Augenblick glaubte er, einer Sinnest\u00e4uschung erlegen zu sein. So schnell konnte sich kein nat\u00fcrliches Objekt im All bewegen!F\u00fcr eine derartige Geschwindigkeit gab es nur eine plausible Erkl\u00e4rung. Ungl\u00e4ubig \u00fcberpr\u00fcfte er seine Messwerte \u2013 ein Fehler war ausgeschlossen!Jetzt galt es schnell zu handeln. Seine Hand zitterte leicht, als er zum Handy griff, eine Nummer w\u00e4hlte und nerv\u00f6s wartete.\u201eMinisterium f\u00fcr innere Sicherheit\u201c, meldete sich eine Computerstimme. \u201eDies ist eine abgesicherte Leitung. Geben Sie ihr Passwort ein, dann ihre Nachricht.\u201cpD23_rT: UNBEKANNTES OBJEKT INERDATMOSPH\u00c4RE \u0001 \u0002 WAHRSCHEINLICHE AUFSCHLAGKOORDINATEN. Abendd\u00e4mmerung h\u00fcllte ein einsam gelegenes Wald-st\u00fcck in eine schl\u00e4frige Ruhe. Die J\u00e4ger der Nacht er-wachten, um auf lautlosen Schwingen und Tatzen ihrer Beute nachzusetzten. Unvermittelt wurde die tr\u00fcgerische Stille durch einen ohrenbet\u00e4ubenden Knall und lautes Splittern zerst\u00f6rt. Ein helles Gebilde hatte eine Schneise der Verw\u00fcstung in die dichte Vegetation des Waldes gegraben. Kein Tier wagte sich zu regen, selbst der Wind schien seine Stimme verloren zu haben, als das helle Leuchten auseinanderbrach. Ein schemenhafter Schatten begann sich in seiner Mitte zu regen \u2026In einiger Entfernung des Waldgebietes stand ein gro-\u00dfes altehrw\u00fcrdiges Gutshaus mit etlichen Stallungen und weitl\u00e4ufigen Wiesen. Ein junger Mann lief lauf schimpfend \u00fcber den Hof.\u201eVerdammt, ihr Milit\u00e4r-Idioten, m\u00fcsst ihr so einen Krach bei euren \u00dcbungen machen?!\u201cBesorgt betrat er den Stall, wo ver\u00e4ngstigte Pferdehufe gegen die W\u00e4nde schlugen und nerv\u00f6ses Schnauben zu h\u00f6ren war.\u201eJan, brauchst du Hilfe, Junge?\u201c, kam die Stimme sei-nes Vaters vom Gutshaus her\u00fcber.\u201eGeht schon. Ich komm rein, wenn sie sich beruhigt haben.\u201c\u201eAlles klar.\u201c Jan sa\u00df abwartend auf der Futterkiste. Aufmerksam beobachtete er seine Sch\u00fctzlinge, redete ihnen gut zu und schien allein durch seine Gegenwart eine beruhi-gende Wirkung auf sie zu haben. Gedankenverloren kaute er auf einem Strohhalm her-um. Solange er denken konnte, hatte er abends nach getaner Arbeit hier gesessen und den Pferden zuge-schaut. Unbewusst rieb er seinen linken Oberarm. Die Narbe juckte wieder. Er hatte viele Narben auf seinem K\u00f6rper \u2013 alte Narben \u2026 Mit einer Hand fuhr er sich durch sein langes, verschwitztes wei\u00dfes Haar und band ganz automatisch den Zopf in seinem Nacken neu. Ein nachsichtiges L\u00e4cheln umspielte seinen Mund, als er daran dachte, dass seine Eltern bereits mit dem Essen begonnen hatten. Es war ein lang einge\u00acspieltes Ritual, dass er bei Fleischmahlzeiten immer erst am Tisch erschien, wenn der Salat serviert wurde. Eine leichte Stirnfalte erschien zwischen seinen gro\u00dfen lavendelblauen Augen, als er daran dachte, wie sein Vater vor vielen Jahren ver\u00acsucht hatte, ihn zu zwingen, das Fleisch zu essen. Das Resultat war ein wochenlan\u00acger Aufenthalt im Krankenhaus gewesen, nachdem sich seine helle Haut feuerrot f\u00e4rbte und er fast erstickt w\u00e4re. Sie hatten alle dazugelernt. Seit vier Jahren ging er auf die Universit\u00e4t, und dieses kleine Ritual war nur noch jetzt in den Semesterfe\u00acrien n\u00f6tig. Schlie\u00dflich reckte sich Jan genie\u00dferisch, sprang dann mit einer katzenhaften Leichtigkeit von der Futterkiste und ging die Stallgasse entlang. Die Ruhe im Stall war vollkommen \u2026 Verwundert sah er sich nach den Pferden um:Es war zu ruhig! Alle Pferde standen mit gespitzten Ohren da, alle hat-ten die K\u00f6pfe erwartungsvoll in Richtung Ausgang gewendet. Eine pl\u00f6tzliche G\u00e4nsehaut \u00fcberzog Jans Arme und kroch seinen Nacken hinauf. Er packte alarmiert einen Besen, der an der Wand lehnte und ging leise und wachsam auf den Ausgang zu. Was konnte die Tiere derart in den Bann ziehen? Ent\u00acschlossen trat er durch die T\u00fcr, den Besen abwehr-bereit vor sich haltend. Er blieb stehen und lauschte. Mit all seinen Sinnen versuchte er, die einsetzende Dunkelheit zu durchdringen. Eine kaum wahrnehmbare Bewegung und ein leises Ger\u00e4usch lie\u00dfen ihn nach rechts auf die angrenzende Koppel sehen. Er warf den Besen beiseite und war mit wenigen Schritten am Zaun. Mit einer geschmeidigen Bewegung \u00fcbersprang er ihn. Im letzten schwindenden Licht des Abends hatte er die Gestalt einer Frau zu Boden sinken sehen. Er lief zu ihr hin und kniete sich neben sie ins reifnasse Gras. Ihre Augen wa\u00acren geschlossen, ein schmerzverzerrter Ausdruck lag auf ihrem blutverschmierten, mit Schnitten \u00fcbers\u00e4ten Gesicht. Ihren linken Arm, der unnat\u00fcrlich schief aussah, hatte sie sch\u00fctzend an sich gepresst.\u201eMein Gott \u2026 Was ist passiert? K\u00f6nnen Sie mich h\u00f6-ren?\u201c Keine Reaktion.\u201eVerdammt, was mach ich nur?\u201c Er sah sich nach dem gro\u00dfen Gutshaus um; seine Eltern w\u00fcrden es nicht h\u00f6ren, wenn er rief. Vorsichtig hob er die Bewusstlose auf seine Arme. W\u00e4hrend er schnell vorw\u00e4rtsging, schaute er sich die Frau genauer an. Aus der Gegend war sie nicht. Sie w\u00e4re ihm bestimmt aufgefallen! Ihre Haut schimmerte in einem warmen goldockerfar-benen Ton. Auch ihre Kleidung war ungew\u00f6hnlich. Ein langes, wallendes Gewand umfloss ihren zarten K\u00f6rper. Es f\u00fchlte sich so glatt wie Seide an. Unter ihren h\u00fcftlangen kastanienbraunen Haaren entdeckte er einen fein gearbeiteten Stirnreif. Endlich hatte er die T\u00fcr zum Wohnhaus erreicht. Sie war nur angelehnt, und mit einem leichten Fu\u00dftritt ging sie auf. Mit seiner kostbaren Last betrat er die ger\u00e4umige K\u00fcche. Seine Eltern blickten erschrocken auf. \u201eJan, um Himmels Willen \u2026\u201c setzte seine Mutter an. \u201eIch hab sie drau\u00dfen \u2026 auf der Koppel beim Stall ge-funden. Sie scheint schwer verletzt zu sein.\u201c \u201eUm Gottes Willen! Bring sie in den Salon! Ich rufe Tom an.\u201cDr. Tom Parker war auf dem Weg zum Gest\u00fct der Hillmans. Vor einer halben Stunde hatte ihn der Anruf von Rose Hillman erreicht. Sie war sehr aufge-regt gewesen, hatte irgend\u00acetwas von einem verletzten M\u00e4dchen erz\u00e4hlt und bat ihn, schnell zu kommen. Er hatte sich gleich auf den Weg gemacht. Er kannte Rose schon sein Leben lang: Sie waren zusammen zur Schule gegangen, hatten sich als vertr\u00e4umte Teenager ewige Treue gelobt und sich dann aus den Augen verloren. Als er vor \u00fcber zwanzig Jahren als Landarzt in seinen Heimatort zur\u00fcckkehrte, war sie mit Henry Hillman verheiratet. Er kannte auch Henry aus seinen Kindertagen gut. Alle drei verband heute eine herzliche Freundschaft, die schon \u00f6fter auf eine harte Probe gestellt worden war \u2026Das Anwesen der Hillmans lag sehr abgelegen. Weite L\u00e4ndereien und viel Wald geh\u00f6rten zum Besitz. Die kleinen Landstra\u00dfen, die hier hinausf\u00fchrten, waren ge\u00acw\u00f6hnlich leer. Heute Nacht jedoch bewegten sich zahlreiche Scheinwerfer wie Gl\u00fchw\u00fcrmchen \u00fcber die weite Fl\u00e4che. Als einer der Wagen auf der engen Stra\u00dfe an ihm vorbeifuhr, konnte er deutlich die Tarnfarbe des Fahrzeugs erkennen, und ein Blick auf den Fahrer, der einen milit\u00e4rischen Kampfanzug trug, best\u00e4tigte seinen Verdacht. Eine alte Angst kroch pl\u00f6tzlich seinen Nacken hinauf. \u201aBleib ruhig!\u2018 mahnte er sich selbst. \u201aDas alles ist fast zwanzig Jahre her.\u2018 Er sch\u00fcttelte sich kurz und klammerte seine verschwitzten H\u00e4nde an das Lenkrad. Endlich erreichte er die Einfahrt zum Gest\u00fct. Er parkte das Auto neben dem Rondell vor dem Gutshaus. Im hell erleuchteten Eingang wartete bereits sein alter Freund Henry. \u201eDanke, dass du gleich gekommen bist, Tom.\u201c\u201eHenry, was ist denn bei euch los, ich habe jede Menge Milit\u00e4rfahrzeuge gese\u00achen \u2026 Es ist doch nicht \u2026\u201c \u201eBeruhige dich, Tom. Ich bin mir sicher, dass das nur eine \u00dcbung ist, so viel Krach wie die gemacht haben. Komm erst mal rein. Jan hat eine verletzte Frau auf unserer Koppel gefunden; sieht nach einem Autounfall aus. Sie ist immer noch bewusstlos.\u201cJan sa\u00df auf einem unbequemen Stuhl neben dem Sofa, auf das sie die fremde junge Frau gelegt hatten. Seine Mutter hatte ihn gebeten, auf sie zu achten, w\u00e4hrend sie die K\u00fcche aufr\u00e4umte. Er sa\u00df in dem gro\u00dfen Zimmer und f\u00fchlte sich wie immer unwohl unter dem starren Blick der vielen Jagdtroph\u00e4en, die schon seit Generationen diesen Salon schm\u00fcckten. Die Wasserschale pl\u00e4tscherte, als er den Lappen darin auswusch, um ihn erneut auf die Stirn der Unbekannten zu legen. Diesmal zuckten ihre Lider, als das k\u00fchle Tuch ihre Stirn ber\u00fchrte. - Wo \u2026 wo bin ich? - Sie sind auf dem Gest\u00fct der Hillmans. Ich habe Sie drau\u00dfen auf der Koppel gefunden. Hatten Sie einen Autounfall? Mit ihrer unverletzten Hand versuchte die junge Frau, das Gesicht \u00fcber sich zu ber\u00fchren. Jan bemerkte die matte Bewegung und griff nach ihrer Hand, wollte ihr sagen, dass alles gut wird \u2026Kaum hatten sich jedoch ihre Handfl\u00e4chen ber\u00fchrt, sp\u00fcrte er einen starken Impuls durch sein Handgelenk schie\u00dfen. Ihm wurde schwarz vor Augen, und mit einem Aufkeuchen lie\u00df er ihre Hand los. F\u00fcr den Bruchteil einer Sekunde meinte er, eine gewisse Erleichterung auf ihrem Gesicht zu sehen. Dann sank ihr Kopf wieder zur Seite und sie lag still da. Ehe er Zeit zum \u00dcberlegen hatte, kam seine Mutter ins Zimmer geeilt. \u201eTom ist endlich da, jetzt wird es ihr bestimmt gleich besser gehen\u201c, sagte sie, w\u00e4h\u00acrend sie die Wasserschale mit in die K\u00fcche nahm, ohne den erschrockenen Aus-druck auf dem Gesicht ihres Sohnes zu \u0001 \u0002 Zeit sp\u00e4ter betraten Jans Vater und Tom Parker den Raum. Jan konnte die Nervosit\u00e4t auf dem Gesicht seines Patenonkels sehen. \u201aWarum macht ihn ein Autounfall so nerv\u00f6s, wo er doch sonst die Ruhe in Person ist?\u00b4\u201eHallo, Jan\u201c, begr\u00fc\u00dfte dieser seinen Patensohn etwas zerstreut. \u201eDu hast sie auf der Koppel hinter dem Stall gefunden, sagt Henry?\u201c Jan nickte nur stumm, er rieb sich verstohlen die Hand, mit der er die Frau ber\u00fchrt hatte, die immer noch unange\u00acnehm kribbelte. Der Arzt widmete sich seiner Patientin. Er schiente den gebroche\u00acnen Arm und k\u00fcmmerte sich um die vielen Schnittwunden. \u201eDas wird alles wieder werden\u201c, murmelte er vor sich hin. Als er fertig war, sagte er zu seinem Freund: \u201eHenry, es ist besser, wenn ihr sie morgen ins Kran-kenhaus bringt.\u201c Er packte seine Arzttasche und f\u00fcgte hinzu: \u201eEs sieht zwar nicht danach aus, aber ich m\u00f6chte sichergehen, dass ihr Kopf nicht in Mitleidenschaft gezogen wurde. Lasst sie jetzt erst einmal schlafen. Morgen wird sie uns vielleicht alles erz\u00e4hlen k\u00f6nnen!\u201c Er wandte sich zum Gehen. \u201eBleib doch hier, Tom\u201c, lud ihn Jans Mutter ein. \u201eVielen Dank, Rose, aber das geht heute leider nicht \u2013 ich habe Notdienst. Ihr k\u00f6nnt mich aber jederzeit unter meiner Handynummer erreichen.\u201c Er verab-schiedete sich, und im altehrw\u00fcrdigen Haus der Familie Hillman kehrte wieder Ruhe ein. Es war bereits nach Mitternacht, als ein Windsto\u00df die Vorh\u00e4nge im gro\u00dfen Salon flattern lie\u00df. Der Luftstrom strich \u00fcber die Wangen der schlafenden Frau und weckte sie. Sie \u00f6ffnete die Augen. Ihr Blick wanderte verwundert durch den weiten Raum, strich \u00fcber antike M\u00f6bel, eine gro\u00dfe Terrassent\u00fcr und \u00fcber gerahmte Bilder von zahllosen Pferden, bis sie an der gegen\u00fcberliegenden Wand die ausgestopften Tier-k\u00f6pfe entdeckte. Erschrocken setzte sie sich auf, be\u00acreute das sogleich und hielt ihren schmerzenden Kopf. Ein Schauer \u00fcberlief sie. \u201aWo war sie hier nur gelandet? Wo gab es Wesen, die ihre Mitgesch\u00f6pfe t\u00f6teten und \u2013 der schwache Geruch nach gebratenem Fleisch verursachte ihr \u00dcbelkeit \u2013 auch noch a\u00dfen!\u00b4 Angeekelt und mit einem vagen Angstgef\u00fchl verlie\u00df sie durch die Terrassent\u00fcr den Raum. Drau\u00dfen angekommen atmete sie tief und er-leichtert die k\u00fchle Nachtluft ein. Sie w\u00fcrde sich einen anderen Platz zum Schlafen suchen. Und morgen, dachte sie mit einem wehm\u00fctigen Stich \u2013 morgen w\u00fcrde sie sicher einen Weg finden, um wieder nach Hause zu \u0001 \u0002 schlief unruhig. Die Hand und der ganze Arm, wo die Frau ihn ber\u00fchrt hatte, kribbelten immer noch unangenehm. Seine Tr\u00e4ume verwoben sich zu einem Strudel aus Bildern und Gef\u00fchlen. Da war etwas, wo-nach er suchte. Es war wichtig, es zu finden. Es glitt am Rande seines Traumes dahin, nicht zu fassen, immer nur schemenhaft sichtbar. Aus dem Durcheinander der wirbelnden Bilder tauchte die junge Frau auf und sah ihn mit ihren unergr\u00fcndlichen Augen an. Augen, Augen, die ihn ansahen wie \u2026 Jan setzte sich senkrecht im Bett auf. Er kannte diese Augen, kannte dieses Diadem auf ihrer Stirn \u2013 nur woher, woher \u2026? Rastlos rieb er sich mit der Hand \u00fcber die Stirn. Er w\u00fcrde sie morgen fragen, vielleicht hatte er sie an der Universit\u00e4t schon einmal gesehen. Aber ein nagendes Wissen, dass es nicht so war, lie\u00df ihn nicht mehr zur Ruhe kommen. Schlie\u00dflich stand er auf. Der Himmel verf\u00e4rbte sich bereits, und die V\u00f6gel be-gannen ihr morgendliches Kon\u00aczert. Er zog sich an und beschloss, einen fr\u00fchen Spaziergang zu machen, um einen klaren Kopf zu bekommen. Als er das gro\u00dfe Haus durch eine Hintert\u00fcr verlie\u00df, schalt er sich bereits einen Dummkopf, dass er sich durch so einen Traum aus der Ruhe bringen lie\u00df. Er ging hin\u00fcber zum Stutenstall, um kurz nach dem Rechten zu sehen. Vor dem Stall hielt er noch einmal inne. Ein leichter Nebel lag auf den unteren Weiden und lie\u00df die B\u00e4ume und H\u00fcgel wie aus einer sanft wogenden See hervorstechen. Die ersten Sonnenstrahlen malten einen zarten Schimmer auf diese Szene, wie es nur das fr\u00fche Licht eines erwachenden Tages vermag. \u201eEin Morgen f\u00fcr Wunder\u201c, murmelte Jan l\u00e4chelnd, w\u00e4hrend er sich ab\u00acwandte und den Stall betrat. Hier war es angenehm warm und ruhig. Einige Pferde hoben die K\u00f6pfe, als er vorbeiging, andere wieherten leise. Er wollte nur schnell bei ihrem j\u00fcngsten Fohlen vorbeischauen. Als er in die Box hineinsah, hoben Stute und Fohlen neugierig den Kopf. \u201eBleibt liegen, ich bin gleich wieder weg\u201c, fl\u00fcsterte Jan liebevoll. Er wollte schon hinausgehen, als ihm eine Bewegung in der Nachbarbox auffiel. Dort standen nie Pferde, sie wurde nur als Lager f\u00fcr Heu und Stroh benutzt. Er ging n\u00e4her heran und sah, dass ein ihm fremdes Pferd im Stroh lag. Die Boxent\u00fcr stand weit offen. Jan ging leise hin, um sie zu schlie\u00dfen. Sie konnten dann sp\u00e4ter kl\u00e4ren, wohin das Tier geh\u00f6rte. Seine Bewegung weckte das Pferd. Es sprang mit einem geschmeidigen Satz auf, legte die Ohren flach an den Kopf und funkelte ihn aus dunklen Augen an. \u201eHolla, ganz ruhig \u2026 Ich tue dir nichts!\u201c Er versuchte, die Boxent\u00fcr zu schlie\u00dfen, hatte aber nicht mit der schnellen Reaktion des Pferdes ge-rechnet. Ehe er sein Vorhaben ausf\u00fchren konnte, dr\u00e4ngte sich das Pferd an ihm vorbei und galoppierte die Stallgasse Richtung Ausgang hinunter. \u201eNa toll! Eigentlich wollte ich spazieren gehen und nicht fremden G\u00e4ulen hinterherjagen\u201c, sagte er ver\u00e4r-gert, w\u00e4hrend er aus der Sattelkammer einen Halfter holte. Immer noch leicht vor sich hingrummelnd ver-lie\u00df er den Stall. Er hatte erwartet, bestenfalls noch die Hinterhufe des Fl\u00fcchtlings zu sehen. Stattdessen stand das Pferd nur wenige Meter vom Stalleingang entfernt und blickte ihn mit seinen gro\u00dfen dunklen Augen aufmerksam an. Jan hatte in seinem Leben schon Hunderte von Pferden gesehen, so wunderte er sich \u00fcber sich selbst, dass er von diesem da-hergelaufenen Gaul augenblicklich in den Bann gezogen wurde. Das Pferd stand da wie eine Statue. Kein Muskel regte sich, nur die feinen N\u00fcstern zogen immer wieder be-bend die k\u00fchle Luft ein. Das kastanienbraune Fell gl\u00e4nzte in der Morgensonne wie poliertes Zedernholz, w\u00e4hrend der Wind mit verspielter Leichtigkeit durch die lange M\u00e4hne und den seidigen Schweif strich. Die ganze Szene hatte etwas Unwirkliches, Irreales an sich. - Was willst du von mir? Jan schloss die Augen und sch\u00fcttelte den Kopf. Er meinte, eine Stimme geh\u00f6rt zu haben. Als er die Augen wieder \u00f6ffnete, stand die Frau, die er gestern Abend gefunden hatte, dort, wo eben noch das Pferd gewesen war. Erschrocken stolperte er r\u00fcckw\u00e4rts.\u201eDas ... das kann doch nicht angehen!\u201c Die junge Frau sah ihn mit einem erstaunten Aus-druck an:- Warum benimmst du dich so eigenartig? Und warum machst du solch merkw\u00fcrdige Laute? Erst jetzt begriff Jan, dass er ihre Stimme nicht mit den Ohren wahrnahm, sondern dass ihre Worte direkt in seinem Kopf waren. Er blinzelte, presste beide H\u00e4nde an den Kopf und bef\u00fcrchtete schon, dass er verr\u00fcckt werden \u0001 \u0002 seltsames Verhalten veranlasste die junge Frau, behutsam zu fragen, ganz so, als h\u00e4tte sie es mit ei-nem etwas zur\u00fcckgebliebenen Kind zu tun: - Bist du kopfblind? Jan war viel zu perplex, um etwas zu erwidern. In seinem Inneren jedoch spielte sich etwas sehr Seltsames ab. Ein kleiner, l\u00e4ngst vergessener Teil von ihm wusste, dass ihm diese Art der Kommunikation nicht fremd war. Aber woher \u2026 woher nur? Er wollte das auf sp\u00e4ter verschieben und versuchte stattdessen, seine Verwirrung in Gedanken zu fassen: - Wer bist du? Was bist du? Die Frau sah ihn verwundert an, begann dann aber mit einer anmutig rituell wirkenden Verbeugung: - Mein Name ist Nahima, Tochter der Sitara aus dem Seenland von Tiandi. - Wie hei\u00dft du?!, fragten Jans Gedanken ungl\u00e4ubig. Mit einem ungeduldigen Kopf\u00acsch\u00fctteln wiederholte sie langsam ihren Namen und sah ihn dann be\u00actont auffordernd \u0001 \u0002 begann Jan zu \u00e4rgern, dass sie mit ihm sprach wie mit einem Kind, sie war schlie\u00dflich diejenige, die sich hier seltsam benahm!- Also \u2026 mein Name ist Jan. \u00c4h, vom Hillman Gest\u00fct. Na ja, \u2026 Sohn von Henry!Sie quittierte sein Bem\u00fchen mit der Andeutung eines L\u00e4chelns, verbeugte sich, wobei ihre Gedanken zu-sammenfassten: - M\u00f6ge der Segen der Heiligen Wandlerin dich begleiten, Jan, Sohn von Henry vom Hillman \u0001 \u0002 krauste irritiert die Stirn und dachte mit einem halb belustigten L\u00e4cheln: - Ok, sie tickt nicht ganz richtig! Wo haben sie die denn rausgelassen?- Was mache ich? Emp\u00f6rte sich die junge Frau sogleich, wobei Jan unangenehm ber\u00fchrt feststellen musste, dass sie wohl alles mitbekam, was er dachte. - Ich war auf dem Weg nach Hause! Aber meine Steuerein-heit scheint mich auf die falsche Seite von Tiandi gebracht zu haben. Und ich w\u00e4re dir jetzt sehr verbunden, wenn du mir sagen k\u00f6nntest, wie ich wieder zur\u00fcckkehren kann. Ihre Augen funkelten ungehalten und Jan meinte, ihren Unmut fast k\u00f6rperlich zu sp\u00fcren. Er wollte nicht schon wieder taktlos wirken und so antwortete er etwas hilflos: - Ich \u2026 wei\u00df leider nicht, wo oder was Tiandi ist! - Tiandi ist mein Heimatplanet! Ihre Gedanken klangen so selbstverst\u00e4ndlich, als w\u00fcrde sie \u00fcber einen Wohnsitz im n\u00e4chsten Ort reden. Ehe seine Verwunderung noch gr\u00f6\u00dfer werden konnte, streckte sie ihm ihre H\u00e4nde entgegen.- Pass auf, ich zeige es dir einfach. Er verstand nicht, was sie von ihm wollte; au\u00dferdem erinnerte er sich an den gestrigen Abend, wo ihm schwarz vor Augen geworden war, als er ihre Hand ergriff. Seine Handfl\u00e4che kribbelte immer noch unan-genehm. Er musste ihr wohl wiederum seine Ge-danken \u00fcbermittelt haben, denn sie lie\u00df mit einem bedauernden Gesichtsausdruck die H\u00e4nde sinken. Schlie\u00dflich fragte sie nachdenklich: - Kann es sein, dass du Narben auf den Armen hast? - Ja \u2026, woher wei\u00dft du das? - Grundlagen der Energiestr\u00f6me! Deine Narben sind wie Hindernisse in einem Fluss, sie lassen kaum Energie hin-durch. Als sich unsere H\u00e4nde gestern ber\u00fchrten, war es, als w\u00fcrden die Hindernisse mit einer hohen Flutwelle \u00fcberschwemmt werden. Die Gebiete dahinter waren so viel Energie einfach nicht gewohnt \u2013 darum ist dir schwarz vor Augen geworden. Jan sah sie verwundert an. Er kannte nur einen Ort, an dem mit ann\u00e4hernd solcher Selbstverst\u00e4ndlichkeit \u00fcber Energien gesprochen wurde.- Sag mal, kennen wir uns vielleicht von der Uni? - Uni? \u2026 was ist eine Uni? - Vergiss es! H\u00f6r mal, wollen wir nicht reingehen? Ich k\u00f6nnte nen Kaffee gebrauchen; es ist ganz sch\u00f6n frisch hier drau\u00dfen.- Nein, hab Dank. Aber ich muss meine Transportmatrix finden und will dann so schnell wie m\u00f6glich nach Hause! Leb \u0001 \u0002 wollte schon gehen, als Jan sie zur\u00fcckhielt. Sie hatte ihn so \u00fcberrumpelt mit ihrer Gedanken\u00fcber-tragung und ihrer seltsamen Art zu reden, dass er ganz offensichtlich \u00fcbersehen hatte, dass sie Hilfe brauchte. - Warte doch mal! Tut mir leid, dass ich unh\u00f6flich war. Kann ich dir vielleicht helfen? Sie sah sich verwundert zu ihm um. Ein vorsichtiges L\u00e4cheln erschien auf ihrem Gesicht, und Jan hatte das seltsame Gef\u00fchl, dass eine warme Welle aus Dankbar-keit ihn umh\u00fcllte. Kapitel 2In den letzten Nebelschwaden des fr\u00fchen Morgens parkte Heinrich Althausen sein rotes Cabriolet auf dem Gr\u00fcn\u00acstreifen der engen landwirtschaftlichen Stra\u00dfen, die \u00fcberall zwischen den Feldern \u0001 \u0002 verdrie\u00dflich nahm er den Feldstecher vom Bei-fahrersitz und sah hin\u00fcber zu den Milit\u00e4raktivit\u00e4ten, welche am Waldrand zu sehen waren. Althausen liebte es gar nicht, ohne ein ausgiebiges Fr\u00fchst\u00fcck und eine noch ausf\u00fchrlichere Lekt\u00fcre der Morgenzeitungen aus dem Haus zu gehen. Daher schweifte sein Blick etwas miss\u00acmutig \u00fcber die angren-zenden Wiesen, wo einige Soldaten mit Metalldetekto-ren das Erdreich absuchten. Endlich legte Althausen den Feldstecher beiseite und fuhr sich nachdenklich \u00fcber seinen akkurat geschnittenen Oberlippenbart. Sein Informant, der ihn heute Morgen so fr\u00fch weckte, hatte also Recht gehabt. Sie suchten tats\u00e4chlich etwas! Er schob den Gedanken an das verpasste Fr\u00fchst\u00fcck bei\u00acseite, nahm stattdessen die Digitalkamera mit dem Teleobjektiv vom Beifahrersitz und begann, die Aktivit\u00e4ten mit pedantischer Sorgfalt festzuhalten. Stahlgraue Augen folgten den Suchmannschaften. Gepflegte H\u00e4nde hielten einen ledergebun\u00acdenen Block und der gravierte Stift glitt von einer Seite zur anderen. Seine Journalisten-Kollegen machten sich oft \u00fcber ihn lustig, dass er bei all seinen modernen Arbeitsmateria-lien immer noch Papier und Stift benutzte. Nun, sollen sie lachen \u2013 er hatte es nicht n\u00f6tig, sich von seinen kleinen Vorlieben zu trennen. Schritt um Schritt w\u00fcrde er auch dieses Puzzle zusammensetzen. Seine akribische Genauigkeit und seine fast besessene Leidenschaft, eine Story aufzusp\u00fcren und zu ver\u00f6ffentlichen, brachten ihm die Genugtuung ein, seinen Namen in den letzten Jahren oft auf der Titelseite angesehener Zeitungen und Magazine gesehen zu haben. Schlie\u00dflich lie\u00df er den Motor seines Sportwagens erwachen und fuhr langsam die einsamen Stra\u00dfen in Richtung Stadt \u0001 \u0002 der anderen Seite des Waldes hatten Jan und seine Begleiterin nach einem langen Marsch \u00fcber die Wiesen die ersten B\u00e4ume erreicht. - Sag mal, Nahima, wohin gehen wir eigentlich? Er wollte nicht taktlos erscheinen, konnte sich aber bei seiner n\u00e4chsten Frage kaum ein Grinsen verkneifen. - Und, hab ich das richtig verstanden? Du kommst von einem anderen Planeten?- Nun, wenn das hier, wie du sagst, nicht Tiandi ist und du auch noch nie etwas von Wandlern geh\u00f6rt hast \u2026 dann komme ich von einem anderen Planeten. Und wir suchen jetzt meine Transportmatrix. Sie m\u00fcsste irgendwo da vorne sein\u2026 Sie tippte kurz an das schmale Diadem auf ihrer Stirn und ging dann zielstrebig in den Wald hinein. Wenig sp\u00e4ter betraten sie eine Lichtung. Der Boden war in einem weiten Umkreis platt gedr\u00fcckt und mit Pf\u00fctzen \u00fcbers\u00e4t. Eine Schneise der Zerst\u00f6rung hatte sich durch den Wald gegraben, als h\u00e4tte ein Riese die B\u00e4ume als Bowlingbahn benutzt. Ein frischer Geruch wie nach einem ergiebigen Fr\u00fchlingsregen hing in der Luft. Neben einem gro\u00dfen Stein lag eine Handvoll glitzernder Splitter. - Ach du Heilige Wandlerin, das ist nicht gut! Nahima ging rasch auf den Stein zu, kniete sich hin und begann, die gl\u00e4nzenden Bruchst\u00fccke aufzusam-meln.- Was machst du denn da?Statt zu antworten, sah sie pl\u00f6tzlich alarmiert auf: - Wir m\u00fcssen uns beeilen! Es \u2026 ist jemand hierher unter-wegs. V\u00f6llig verst\u00e4ndnislos half er ihr, die Splitter aufzu-sammeln. - Ich glaube, wir haben jetzt alle \u2026 setzte er an, als sie ihn schon in Richtung der B\u00e4ume mit dichtem Un-terholz fortzerrte. Kaum waren sie au\u00dfer Sicht, als das un\u00acverkennbare Ger\u00e4usch schwerer Stiefel zu h\u00f6ren war. Von der anderen Seite der Lichtung kamen mehrere Soldaten anmarschiert. Eine milit\u00e4rische Stimme sprach in ein Funkger\u00e4t: \u201cWir haben etwas gefunden. Planquadrat B17.\u201cJan bemerkte, dass die junge Frau neben ihm die Soldaten mit erstaunten Augen ansah. - Komm, lass uns hier verschwinden! Er wies mit dem Kopf in die entgegengesetzte Richtung, und beide machten sich geduckt auf den Weg. Jan f\u00fchrte sie nicht zur\u00fcck zum Gest\u00fct, er wollte jetzt erst ein paar Antworten haben. Es gab ganz in der N\u00e4he eine Scheune \u2013 dort w\u00fcrden sie unbehelligt \u0001 \u0002 sie das Geb\u00e4ude erreicht hatten, zog er die gro\u00dfen Tore auf und sie folgte ihm hinein. Drinnen war es angenehm warm. Der Staub funkelte in den ersten Strahlen der Sonne, die durch ein Fenster fielen. Nahima war stehen geblieben und f\u00fcllte die Splitter in einen kleinen Beutel. Sie ging dabei sehr vorsichtig zu Werke und hielt ihm dann den Beutel hin, damit er seine Splitter ebenfalls hineingeben sollte. Er z\u00f6gerte. - Also, bevor wir zur\u00fcckgehen, musst du mir mal einiges erkl\u00e4ren! Mag ja sein, dass du nicht von hier bist. Aber das Milit\u00e4r sucht nach dir, und da h\u00f6rt f\u00fcr mich der Spa\u00df auf! - Ich will dir gerne deine Fragen beantworten, aber k\u00f6nntest du bitte erst die Splitter hier hineintun. Sie sind sehr wichtig f\u00fcr \u0001 \u0002 widerwillig kam er ihrer Bitte nach. - Also, was genau willst du wissen?, dachte sie mit einem gereizten Unterton. - Warum suchen die Soldaten nach dir? Was sind das f\u00fcr Splitter, die wir gesammelt haben, und wenn wir schon dabei sind: Wo sind deine Verletzungen von heute Nacht?Ihm war gerade klar geworden, dass ihr Arm nicht mehr geschient war und auch die Schnitte in ihrem Gesicht verschwunden \u0001 \u0002 etwas ungeduldiger Ausdruck zog \u00fcber ihr Gesicht. - Nun, ich sch\u00e4tze mal, dass diese komisch angezogenen Leute, die so eine aggressive Ausstrahlung haben, mich suchen, weil ihr wohl nicht oft Besuch von anderen Planeten bekommt?! Was war noch \u2013 ach ja: Die Splitter! Sie sind die \u00dcberreste meines Antriebskristalls, und was meine Verletzungen betrifft: Die habe ich nat\u00fcrlich geheilt. Ich laufe doch nicht mit einem gebrochenen Arm herum! Sie sah ihn an, als k\u00f6nne sie gar nicht verstehen, dass er so etwas \u00fcberhaupt fragte. - Gibt es sonst noch etwas, was du wissen m\u00f6chtest? Ohne ihn zu Wort kommen zu lassen setzte sie aufge-bracht hinzu: - Wenn nicht, dann werde ich jetzt einen Kristallwandler aufsuchen, um meinen Antrieb reparieren zu lassen. Ich muss nach Hause. ICH HABE EINEN AUFTRAG! Die letzten Worte hallten in seinem Kopf wider, als h\u00e4tte sie ihn angeschrien. Er trat einen Schritt zur\u00fcck und starrte sie an, irritiert von ihrer Andersartigkeit und gleichzeitig beeindruckt von der enormen Kraft, die sie ausstrahlte. - Hey, ist ja gut. Ich habe dir meine Hilfe angeboten und dazu stehe ich. Denn irgendwie \u2013 glaube ich dir. - Sch\u00f6n! K\u00f6nnen wir dann bitte gehen!? - Wohin willst du denn?- Das habe ich dir doch gerade gesagt, brauste sie erneut auf. Ich brauche einen Meister, der Kristalle wandeln kann!- Nahima, es gibt hier keine Wandler. Weder Kristall- noch Pferdewandler. Hier wird alles mit Maschinen, Elektronik und Computern gemacht. Und er versuchte, all das in einem Bild zu visuali-sieren. Als der Gedanke sie er\u00acreichte, wurde ihr erst der Ernst ihrer Situation bewusst. Sie keuchte auf, ging einen Schritt r\u00fcckw\u00e4rts und lie\u00df sich auf einen Strohballen fallen.- Das kann nicht wahr sein \u2026 Sie sah mit einem verlore-nen Blick zu ihm hoch. Ein Zittern ging durch ihren K\u00f6rper. - Das darf nicht wahr sein \u2026 Sie wandte sich \u0001 \u0002 setzte er sich neben sie auf den Strohballen und ber\u00fchrte leicht ihre Schulter. Sie richtete sich ruckartig auf und wischte mit einer unwilligen, fast \u00e4rgerlichen Handbewegung \u00fcber ihre Augen.- Was soll ich denn jetzt tun?- Tja, du wirst hier wohl erst mal f\u00fcr eine Zeitlang gestrandet \u0001 \u0002 sah ihn resigniert an. Jan versuchte es mit einem aufmunternden L\u00e4cheln - Also zun\u00e4chst sollten wir uns \u00fcber\u00aclegen, wo du bleiben kannst und wo du vielleicht Hilfe bekommen k\u00f6nntest. Genug Platz haben wir auf dem Hof. Nur, wie bringe ich das meinen Eltern bei? Wie w\u00e4re es, wenn wir sagen, dass ich dich von der Uni kenne! Dabei f\u00e4llt mir ein, ich werde Professor Ramanow fragen, ob er dir mit deinem Kristall weiterhelfen kann.- Du meinst, es gibt doch eine M\u00f6glichkeit?- Ich wei\u00df es nicht. Professor Ramanow ist mein Tutor, er befasst sich mit Kernfusion und Astrologie. Seine Forschungen und Ver\u00f6ffentlichungen sind sehr geachtet in der Fachwelt. Au\u00dferdem ist er w\u00e4hrend der Semesterferien immer an der Uni! Ich werde meinen Vater fragen, ob wir den Land Rover be-kommen k\u00f6nnen. Er z\u00f6gerte etwas zerknirscht. Besser wird es sein, ich frage meinen Freund Rick. Rick Thomson. Er wird keine Fragen stellen, au\u00dferdem hat er ein eigenes Auto. Wir m\u00fcssen auch was mit deiner Kleidung machen. Kein Mensch l\u00e4uft bei uns so rum, nicht mal an der Uni. Du f\u00e4llst zu sehr auf! - Wieso? Was stimmt denn nicht mit dem Kleid? - Na ja, es entspricht nicht ganz dem, was die Leute hier so tragen.- Na gut, wenn du meinst ...- Ich glaub, ich wei\u00df, wie wir dir was anderes zum Anziehen besorgen k\u00f6nnen. Mein Freund Rick hat eine Schwester, Tessa, vielleicht kann er dir ein paar von ihren Klamotten besorgen. Noch mal was anderes: Kannst du dich eigentlich nur mit deinen Gedanken verst\u00e4ndigen? Es wird Probleme bereiten, wenn ich erkl\u00e4ren soll, wie ich wissen kann, was du denkst. Hier bei uns kann n\u00e4mlich niemand Gedanken \u0001 \u0002 w\u00e4hrend er es dachte, wurde Jan unvermittelt klar, wie ausgeschlossen, ja einsam, er sich bis\u00aclang gef\u00fchlt hatte.- Ich w\u00fcrde mich auch aus\u00acgeschlossen f\u00fchlen, wenn niemand seine Gedanken mit mir teilen w\u00fcrde! - Hey, einiges w\u00fcrde ich gerne f\u00fcr mich behalten! Es war ihm unangenehm, dass Nahima alles mitbe-kam, was er dachte, und doch hatte er das Gef\u00fchl, das erste Mal mit jemandem zu \u00b4reden\u00b4, der ihn wirklich verstand. - Verzeih mir. Das war unh\u00f6flich von mir. Wenn du nicht m\u00f6chtest, dass ich deine Gedanken lesen kann, dann denke einfach an eine Mauer. Aber, eigentlich m\u00fcsstest du das doch wissen \u2026 In diesem Moment wurde ihre Aufmerksamkeit abge-lenkt. Auch Jan meinte, durch ihre Gedanken eine Art leise Alarmglocke zu h\u00f6ren. - Was ist das \u2026? - Mein Stirnreif. Er macht mich darauf aufmerksam, dass sich jemand n\u00e4hert, auch wenn ich ihn noch nicht h\u00f6ren kann. Sie z\u00f6gerte und schien in sich hineinzulauschen.- Wir sollten uns jetzt besser zur\u00fcckziehen. Diese komisch an\u00acgezogenen Leute sind hierher unterwegs! Ohne ein weite\u00acres Wort verschwand sie in den hinteren Teil der Scheune. Jan folgte ihr verwun\u00acdert. Keine Sekunde zu fr\u00fch duckten sie sich hinter einigen Strohballen, als mit einem lauten Quietschen das Scheunentor ge\u00f6ffnet wurde. Ein junger Mann mit rotblondem Strubbelhaar und verwaschenen Jeans erschien im Tor, ihm folgte ein Feldwebel mit einer Abteilung Soldaten. \u201eWie ich Ihnen schon sagte, die Scheune wird nur als Strohlager benutzt, hier verirren sich h\u00f6chstens mal Liebesp\u00e4rchen her. Aber so fr\u00fchmorgens bestimmt nicht.\u201c Der Feldwebel sah sich nicht gerade begeistert in der gro\u00dfen Scheune um. Er war schon die ganze Nacht im Einsatz, war m\u00fcde und wollte diese Sucherei endlich beenden. \u201eOk, Jungs, seht euch ein bisschen um! Wenn wir hier fertig sind, gibt\u2019s Fr\u00fchst\u00fcck.\u201cMit einem kaum unterdr\u00fcckten G\u00e4hnen fragte der junge Mann, der an der T\u00fcr stehen geblieben war: \u201eWas zum Geier suchen Sie eigentlich mitten in der Nacht? Ist irgend so ein Irrer ausgebrochen oder was?\u201c\u201eTut mir leid, Herr Thomson.\u201c Jan horchte auf in seinem Versteck. \u201aThomson? \u2013 Das musste Rick sein!\u00b4\u201eDas darf ich Ihnen nicht sagen. Wir sind Ihnen aber sehr dankbar, dass sie sich bereit erkl\u00e4rt haben, uns die Geb\u00e4ude auf den beiden Anwesen zu zeigen. Alles Weitere m\u00fcssen Sie mit der Leitstelle kl\u00e4ren.\u201cDie Soldaten waren ausgeschw\u00e4rmt und be\u00acgannen, die Scheune abzusuchen. Nahima und Jan dr\u00fcckten sich tiefer in ihr Versteck. - Hilf mir mit den Strohballen, dachte Jan und schob einen weiteren Ballen vor ihr Versteck. Sie hatten ihre Wand aus Stroh gerade fertiggestellt, als einer der Soldaten sich ihrem Versteck n\u00e4herte und seine Augen suchend \u00fcber den Strohberg gleiten lie\u00df. Er begann, an den Ballen zu rucken, um zu pr\u00fcfen, ob sich dahinter Hohl\u00acr\u00e4ume verbergen k\u00f6nnten. Der Feldwebel lauschte einer Stimme, die aus seinem Funkger\u00e4t kam. Ein m\u00fcdes L\u00e4cheln erschien auf seinem Gesicht. Er best\u00e4tigte und rief seinen M\u00e4nnern zu: \u201eOk \u2013 Jungs, wir ziehen ab! Sie haben das Objekt ge-\u0001 \u0002 einmal vielen Dank f\u00fcr Ihre Mitarbeit, Herr Thomson. Wir ben\u00f6tigen Ihre Hilfe jetzt nicht mehr.\u201c Ohne ein weiteres Wort folgte der Feldwebel seiner Abteilung \u0001 \u0002 blieb noch einen Augenblick im Tor stehen, ver-wundert \u00fcber das pl\u00f6tzliche Ende der Suchaktion. \u201eNa Klasse, und warum sind wir jetzt die ganze Nacht durch die Gegend getigert?\u201c, fragte er sich etwas m\u00fcrrisch, w\u00e4hrend er versuchte, das Tor zu schlie\u00dfen.- Komm Nahima, das ist mein Freund Rick, dachte Jan. Er kroch aus seinem Versteck und versuchte, sich die piekenden Strohhalme aus dem Haar zu ziehen. \u201eRick! Hey Rick, warte!\u201c Rick sah sich erstaunt um und erkannte seinen Freund. \u201eWas machst du denn so fr\u00fch hier?\u201c, fragte er erstaunt. Dann be\u00acmerkte er die junge Frau, die ebenfalls versuchte, sich von den Strohhalmen zu be-freien. \u201eAh \u2026\u201c Ein wissendes L\u00e4cheln erschien auf seinem gutm\u00fctigen Gesicht. \u201eIch verstehe!\u201cJan sah ihn verst\u00e4ndnislos an, bis ihm pl\u00f6tzlich klar wurde, was sein Freund meinte.\u201eNein, nein es ist nicht so, wie du denkst.\u201c\u201eNa, sie ist aber echt der Hammer! Hat sie noch ne Schwester oder so?\u201c \u201eKeine Ahnung, Rick. Frag sie doch selbst!\u201cJan h\u00e4tte sich am liebsten auf die Zunge gebissen. Na-hima w\u00fcrde Rick weder die Telefonnummer ihrer Schwester geben k\u00f6nnen, noch w\u00fcrde sie \u00fcberhaupt ein Wort von dem verstehen, was er sie fragte. \u201eHey, ich bin Rick. Haste heute Abend schon was vor?\u201cGenervt verdrehte Jan die Augen und stellte sich zwi-schen die beiden.\u201eJa, hat sie! Sie ist unsere Austauschsch\u00fclerin aus \u2026\u00e4h, Russland und sie spricht unsere Sprache nicht! Hast es jetzt gepeilt, oder brauchst du es noch schriftlich?\u201c\u201eOk, ok. Hab\u00b4s gecheckt! Wei\u00dfte was? Kommt doch mit zu uns zum Fr\u00fchst\u00fccken. Dann kannst du mir auf dem Weg erz\u00e4hlen, warum du ihr ausgerechnet in eurer Scheune Sprachunterricht gibst.\u201c Er zwinkerte ihn mit hochgezogenen Augenbrauen bedeutungsvoll \u0001 \u0002 die drei \u00fcber die Felder gingen, unterhielt Jan sich mit Rick, wobei er gleichzeitig versuchte, f\u00fcr Nahima zu \u00fcbersetzen. Das gab er allerdings sofort wieder auf, da ihn entweder Nahima oder Rick ver-st\u00e4nd\u00acnislos ansahen. Die junge Frau ging also neben den beiden her, ohne ein Wort dessen zu verstehen, was gesprochen wurde. Ihre F\u00fc\u00dfe begannen ihr weh zu tun, sie war es nicht gewohnt, Schuhe zu tragen. Den beiden jungen M\u00e4n-nern fiel gar nicht auf, dass sie sich etwas zur\u00fcckfallen lie\u00df. Ihre F\u00fc\u00dfe w\u00fcrden nicht mehr schmerzen, wenn sie erst feste Hufe waren. Sie griff hinaus in die Feinstofflichkeit ihres K\u00f6rpers und begann die \u0001 \u0002 genoss es, mit Rick zu quatschen, mochte der bl\u00f6de Kerl auch manchmal die Manieren und das Temperament eines wilden Stieres haben, so waren sie doch seit vielen Jahren befreundet. Leider sahen sie sich in letzter Zeit immer weniger. Rick war in dem Familienbetrieb seiner Eltern stark eingespannt und Jan studierte. \u201eWoher genau kommt die Kleine eigentlich?\u201c, wisperte Rick gerade und deutete \u00fcber seine Schulter. Jan sah sich um. Er wollte ein wenig Zeit gewinnen, um sich eine plausible Geschichte zurechtlegen zu k\u00f6nnen. Aber dazu kam er nicht, denn statt einer hei\u00dfen Braut trottete gelangweilt ein kastanienbraunes Pferd hinter ihnen her!- Nahima bist du das \u2026? - Ja nat\u00fcrlich! Mir haben die F\u00fc\u00dfe wehgetan, so geht es viel besser. Ist es eigentlich noch weit? Ich habe Hunger!- Verdammt, h\u00e4ttest du mich nicht vorwarnen k\u00f6nnen? Wie soll ich denn Rick jetzt erkl\u00e4ren, wo du geblieben bist \u2026 \u201eHey, wo kommt denn der Gaul auf einmal her?\u201c, fragte Rick sogleich. Hilflos mit der Schulter zuckend stammelte Jan:\u201eDas ist sicher \u2026 dieser Zirkusgaul, den mein Vater neu hat; der be\u00ackommt jedes Tor auf!\u201c \u201eAha, nett. Aber sag mal, wo hast du eigentlich deine hammerm\u00e4\u00dfige Miss Russland gelassen?\u201cIm Gegensatz zu dem altehrw\u00fcrdigen Gutshaus der Hillmans wirkte das reetge\u00acdeckte Fachwerkhaus der Thomsons, das inmitten eines alten Bauerngartens stand, sehr einladend. Im Garten stand eine junge Frau. Das kinnlange r\u00f6tliche Haar hatte sie hinter die Ohren geklemmt. Sie erntete Bohnen, die sie in einer Sch\u00fcssel sam\u00acmelte. Als sie die beiden jungen M\u00e4nner mit dem Pferd im Schlepptau sah, stellte sie hastig ihre Sch\u00fcssel zu Boden und lief ihnen entgegen. Sie umarmte Jan st\u00fcrmisch. \u201eL\u00e4sst du dich auch mal wieder blicken? Ich dachte schon, du w\u00fcsstest gar nicht mehr, wo wir wohnen.\u201c \u201eHey, Schwesterlein, lass ihn leben, er l\u00e4uft dir schon nicht weg\u201c, sagte Rick und sch\u00fcttelte belustigt den Kopf. \u201eHallo Tessa\u201c, sagte Jan \u00fcberrascht und befreite sich aus ihrer Umarmung. Er f\u00fchlte sich etwas \u00fcberrumpelt von ihrer forschen Herzlichkeit. Nat\u00fcrlich mochte er Tessa, sie waren zusammen aufgewachsen und gemeinsam mit Rick hatten sie so manchen Bl\u00f6dsinn angestellt. Aber sie waren keine Kinder mehr und ihre N\u00e4he machte ihn in letzter Zeit irgendwie nerv\u00f6s. So fragte er schnell:\u201eIch wusste gar nicht, dass du zu Hause bist. Wolltest du nicht auf diesem Gest\u00fct in S\u00fcdfrankreich arbei-ten?\u201c \u201eOui - Das tue isch auch, aber isch abe Urlaub!\u201c Sie zwinkerte ihm schelmisch zu. \u201eWen habt ihr denn da mitgebracht? Hat dein Vater eine neue Zuchtstute gekauft? Die kenne ich noch gar nicht.\u201c\u201eNee, das ist \u00b4n Zirkusgaul, den Jans Vater neu hat. Muss wohl von seiner Koppel abgehauen sein. Ich bring ihn schnell hinters Haus. Geht Ihr schon mal rein!\u201cTessa hatte sich bei Jan untergehakt und redete munter drauf los, w\u00e4hrend sie ihn in Richtung Haus zog. Jan, der Tessas Geplauder zu ignorieren versuchte, drehte sich immer wieder zu dem kastanienbraunen Pferd um. Er bef\u00fcrchtete, dass Nahima sich vor Ricks Augen zur\u00fcckwandeln w\u00fcrde. Dann h\u00e4tten sie ein echtes Problem!Aber irgendwie mussten seine eindringlichen Gedan-ken sie wohl doch noch erreichten haben, ehe die Ent-fernung die Verbindung unterbrach, denn Rick kam entspannt pfeifend zur\u00fcck und w\u00fcrde also keine Alp-tr\u00e4ume von einer russischen Alienbraut \u0001 \u0002 Jan lauthals vom Rest der Gro\u00dffamilie be-gr\u00fc\u00dft worden war, sagte er leise zu Rick: \u201eIch geh\u00b4 mal raus und sehe nach Nahima.\u201c\u201eJa, ja \u2013 mach mal\u201c, sagte Rick genervt, weil er gerade mit seiner Schwester stritt. Wenn es etwas gab, was ihn von schicken Russinnen ablenken konnte, dann war es eine hitzige Diskussion \u00fcber die richtige Ausbildung und Aufzucht von Jungpferden. So verlie\u00df Jan unbemerkt die K\u00fcche mit ihren liebens-wert bodenst\u00e4ndigen Menschen. Hinter dem Haus fand er die Koppel mit dem kastanienbraunen Pferd. - Nahima \u2026? Sofort h\u00f6rte das Pferd auf zu grasen und drehte den feinen Kopf in seine Richtung. Aus seinem Maul hing ein B\u00fcschel Gras. F\u00fcr den Bruchteil einer Sekunde war es, als verschw\u00e4mmen ihre Konturen, dann stand Nahima wieder in menschlicher Gestalt in der Mitte der Koppel. Sie spuckte das Grasb\u00fcschel mit einer angewiderten Grimasse aus. Jan musste lachen. - Bekommst du gar kein Bauchweh von dem ganzen Gras? - Kann schon sein, aber ich habe Hunger. Sie hatte den Koppelzaun erreicht und schl\u00fcpfte hin-durch.- Ich habe dir Brote mitgebracht. Ich hoffe, du magst Erd-\u0001 \u0002 wollte ihr die Brote reichen, aber sie entglitten seiner Hand und fielen zu Boden. Beide griffen zugleich danach, und ihre H\u00e4ndefl\u00e4chen ber\u00fchrten sich.\u201eAutsch, verdammt!\u201c Jan zog seine Hand so schnell zur\u00fcck, als h\u00e4tte er einen elekt\u00acrischen Schlag bekommen. Nahima hatte die Brote geschickt mit der anderen Hand aufge-fangen. - Entschuldige\u2026 - Rick konntest du ber\u00fchren! Warum bekomme ich jedes Mal einen Schlag?, beschwerte sich Jan mit einem gequ\u00e4lten Gesichtsausdruck und massierte sich die Finger. - Ich denke, dass das an deinen Narben liegt. Darf ich sie einmal sehen? Vielleicht kann ich etwas tun. - Du meinst, du k\u00f6nntest sie verschwinden lassen?- Ich muss sie mir ansehen, normalerweise geht es!Sie setzten sich auf eine Bank und Jan zog z\u00f6gernd seine Jacke aus. Es war ihm mit einem Mal sehr unangenehm, als seine kreuz und quer \u00fcber Brust und Arme verlaufenden Narben sichtbar wurden. - Hm, die sind ziemlich alt, und einige scheinen recht tief zu gehen, dachte Nahima, w\u00e4h\u00acrend ihr Blick \u00fcber seine Arme glitt. Jan entspannte sich ein wenig. Die junge Frau betrachtete ihn wie eine erfahrene \u00c4rztin und schien sich nicht im Geringsten an seinen Entstellungen zu st\u00f6ren. - Wobei ist das passiert? Warum ist das nicht schon fr\u00fcher behandelt worden? - Ich wei\u00df es nicht genau. Meine Eltern haben mir erz\u00e4hlt, dass ich als Kind einen schlim\u00acmen Unfall hatte, antwortete Jan kurz angebunden. Und mit einer \u00b4Ich will es gar nicht wissen\u00b4-Geste wischte er den Gedan-ken gereizt beiseite. Jedenfalls kann man bei uns Narben nicht einfach verschwinden lassen!Nahima sah ihn ein wenig verwundert an. Sie sp\u00fcrte, dass ihr Patient nicht \u00fcber das reden wollte, was ihn von anderen unterschied. Mit einem Schulterzucken akzeptierte sie das Geh\u00f6rte. Sie schloss die Augen und fuhr mit einer Hand, ohne ihn zu ber\u00fchren, \u00fcber seinen Arm, bis sie die erste Narbe erreicht hatte. Ihre Atmung wurde langsam und tief, w\u00e4hrend sie zu Jans Er\u00acstaunen leise zu singen begann. Die unsichtbare, gleichwohl f\u00fchlbare Energie, die durch ihre H\u00e4nde floss, vereinte sich mit ihrem Atem, ihrer h\u00f6rbaren Stimme. Ton, Atem und Energie verwoben sich zu einer heilsa-men Einheit. Verwundert sah Jan auf seinen Arm, die Narbe war warm geworden und begann zu kribbeln. Mit jeder Behandlung verst\u00e4rkte sich das Kribbeln, bis sich schlie\u00dflich in seinem ganzen Arm ein angenehm lebendiges Prickeln ausbreitete, das sich bis in die Fin-gerspit\u00aczen fortsetzte. Jan bewegte \u00fcberrascht seinen Arm. Die Narben waren nicht verschwunden, aber sie sahen jetzt ebenm\u00e4\u00dfiger aus, als h\u00e4tte jemand mit einem d\u00fcnnen Stift auf seiner Haut gemalt. Als auch die letzte Narbe strichf\u00f6rmig wurde, begann sich das angenehme Prickeln in seinem ganzen K\u00f6rper auszubreiten. Ein seltsam freies Gef\u00fchl \u00fcberkam ihn, als ob etwas erwacht w\u00e4re, was sich bisher nicht entfalten \u0001 \u0002 Heilgesang verebbte, und mit einem ersch\u00f6pften L\u00e4cheln \u00f6ffnete sie die Augen. - Es wird ein paar Tage dauern, aber ich glaube, dass die Narben dann vollst\u00e4ndig verschwunden sind. - Mensch, Nahima, f\u00fcr das Kunstst\u00fcck w\u00fcrden eine Menge Leute einen Haufen Geld bezahlen!- Was ist ... Geld? - \u00c4h \u2026 erkl\u00e4r\u00b4 ich dir sp\u00e4ter. \u00b4Warum kennt sie kein Geld?\u00b4 Wie hast du das nur gemacht? Meine H\u00e4nde f\u00fchlen sich ganz warm an! - Kann ich dir das nach dem Essen erkl\u00e4ren? Energiearbeit macht hungrig! - Energiearbeit? Jan verstand gar nichts. Er musste wohl lauter Frage-zeichen in seinem Kopf erzeugt haben. Nahima jeden-falls wirkte sehr belustigt und meinte leichthin, w\u00e4h-rend sie ihn unbefangen anl\u00e4chelte: - Ich mag deine Gedanken! Sie sind so lustig! Und Jan f\u00fchlte trotz des k\u00fchlen Morgens eine W\u00e4rme in sich aufsteigen, die wenig mit der Jacke zu tun hatte, die er sich wieder \u00fcberzog. - Es w\u00e4re leichter, all das zu erkl\u00e4ren, wenn wir uns die H\u00e4nde reichen w\u00fcrden. Ihm war nicht ganz klar, warum es leichter sein sollte, etwas zu erkl\u00e4ren, wenn man sich die H\u00e4nde reichte. - Du meinst, ich bekomme jetzt keinen Schlag mehr, wenn ich dich ber\u00fchre? Die Narben sind immer noch da! - Du hast doch selbst gesagt, dass deine H\u00e4nde warm sind. Dann flie\u00dft auch Energie hindurch! Sie streckte ihm ihre H\u00e4nde mit einem auffordernden L\u00e4cheln entgegen. Er legte seine H\u00e4nde nur z\u00f6gerlich in ihre schmalen Handfl\u00e4chen. Ihm war nicht ganz wohl dabei. Einen kurzen Moment konnte er sp\u00fcren, wie warm und weich ihre Haut war. Dann war es, als w\u00fcrde die Welt um sie herum verschwimmen; wirbelnde Gedanken aus Farben und T\u00f6nen umgaben sie pl\u00f6tzlich, st\u00fcrzten mit einer erschreckenden Macht auf ihn ein. Vor seinem inneren Auge materialisierte ein Mensch, welcher von leuchtenden Schichten - wie von einem Regenbogen - umgeben war. Er kam immer n\u00e4her, als w\u00fcrde er herangezoomt werden. Jan wollte zur\u00fcckweichen, er kam sich gefangen, bedroht vor in dieser Gedankenwelt. Voller Panik versuchte er, die Verbindung zu trennen. Schlie\u00dflich riss er seine H\u00e4nde los und st\u00fcrzte r\u00fcckw\u00e4rts. Ein Schmerzensschrei zerriss den morgendlichen Frie-den. Verwirrt fand sich Jan auf dem Boden vor der Bank wieder, auf der sie gesessen hatten. Er blickte hoch und sah Nahima, die in gekr\u00fcmmter Haltung auf der Bank hockte. Sie hatte ihre H\u00e4nde zu F\u00e4usten geschlossen und die Arme vor ihrem K\u00f6rper gekreuzt. Mit schmerzverzerrtem Gesicht wippte sie vor und zur\u00fcck. Ihre Augen waren fest geschlossen und unter den Lidern sickerten Tr\u00e4nen hervor. \u201eNahima, \u2026 oh Gott, was habe ich nur getan!\u201c Schnell war er bei ihr und umschloss sie mit seinen Armen. - Nahima, bitte, h\u00f6rst du mich? Ich wollte dir nicht wehtun \u2026 es tut mir leid! In diesem Moment sank sie besinnungslos gegen ihn. Wieder und wieder versuchte er sie mit seinen Gedan-ken zu erreichen \u2013 aber da war nichts! Es f\u00fchlte sich an, als h\u00e4tte sie den Raum verlassen und die T\u00fcr hinter sich zugeschlagen. - Oh Nahima, bitte \u2026 Er presste sie in seiner wachsen-den Panik an sich wie einen kostbaren Schatz. - Bitte, komm zur\u00fcck! Er war so angstvoll darauf bedacht, sie zu wecken, dass er nicht einmal bemerkte, wie Tessa um die Hausecke kam und beim Anblick der beiden erstarrte, die da so eng umschlungen auf der Bank sa\u00dfen. Sie schluckte schwer, und vor ihren auf einmal tr\u00e4nenblinden Augen verwischte sich Jans wei\u00dfes Haar mit dem kastanien\u00acbraunen der jungen Frau. Tessa blinzelte und Tr\u00e4nen rannen ihre Wange hinun-ter. Mit einem gequ\u00e4lten Ausdruck schloss sie die Au-gen. Schlie\u00dflich drehte sie sich um und ging mit hoch-gezogenen Schultern, die Arme sch\u00fctzend um den Leib gelegt, zur\u00fcck. Vor dem Eingang w\u00e4re sie fast mit ihrem Bruder zusammengesto\u00dfen, der sich suchend umsah. \u201eHey, haste Jan gesehen?\u201c, fragte er immer noch umherblickend, dann sah er seiner Schwester ins Ge-sicht und stutzte. \u201eWas ist dir denn \u00fcber die Leber gelaufen?\u201c \u201eNichts \u2026\u201c, sagte sie mit seltsam hoher Stimme. \u201eWenn du Jan suchst, er ist hinter dem Haus. Aber ich glaube nicht, dass er im Moment gest\u00f6rt werden m\u00f6chte.\u201c Rick sah seine Schwester verwundert an, dann ver-stand er: \u201eAh, die kleine Russin, was? Tja, Tess. Da hast wohl den K\u00fcrzeren gezogen. Nimm's locker, Mann!\u201cTessa blickte ihn w\u00fctend an, ihre Unterlippe bebte. \u201eVielen Dank auch f\u00fcr dein Mitgef\u00fchl!\u201c Damit drehte sie sich um und lief ins Haus. Jan hatte w\u00e4hrenddessen ganz andere Probleme. Er schaffte es weder, Nahima zu erreichen, noch gelang es ihm, sie wach zu bekommen. Schlie\u00dflich fiel ihm nichts Besseres mehr ein, als ihre kalte Hand zu nehmen \u2013 immerhin waren sie vorhin irgendwie dadurch verbunden gewesen. Kaum dass er ihre Handfl\u00e4che ber\u00fchrte, wurde er in die Welt ihrer Gedanken hineingerissen. Sein Gedanken-Ich fand sich auf einer leeren, wei\u00dfen Fl\u00e4che wieder. Unsicher wankend sah er an sich hinunter. Er sah auf einmal ganz anders aus als in der realen Welt. Seine Umrisse schienen zu flimmern, nicht richtig fest zu sein. Auch seine Klamotten sahen ganz anders aus als seine gewohnte Kleidung. Er hatte den Eindruck von wei\u00dfen flie\u00dfenden Gew\u00e4ndern \u2026 Und wenn schon. Er wollte Nahima finden! Nur, wie sollte er hier nach ihr suchen?Nahima hatte vorhin versucht, ihm etwas zu zeigen, was nur in ihren Gedanken real war. Sie hatte ihre Gedanken geformt. Das war es!\u00b4Gedanken sind formbar! Also brauch ich mir nur einen Weg vorzustellen, der zu ihr f\u00fchrt oder so \u00e4hnlich ...\u00b4Sicher war er sich seiner Sache keinesfalls, aber ein Versuch war jedenfalls besser als auf dieser Ein\u00f6de zu \u0001 \u0002 Gedanken-Ich schloss die Augen und konzentrierte sich. Pl\u00f6tzlich h\u00f6rte er ein Kind weinen. Er \u00f6ffnete die Augen und fand sich \u00fcberrascht in einem kreisrunden Raum mit f\u00fcnf Fenstern und einer T\u00fcr wieder. Die verschwommenen Umrisse des Zimmers erinnerten vage an ein Baumhaus. An den W\u00e4nden zwischen den Fenstern schienen bunte Kinderbilder zu h\u00e4ngen, der Boden war \u00fcbers\u00e4t mit kuscheligen Kissen in allen Farben des Regenbogens. Von der Decke hingen Tampen und Ringe, die zum Schaukeln einluden. Das Ganze wirkte unscharf, wie eine ferne \u0001 \u0002 einem der Kissen lag ein etwa vierj\u00e4hriges Kind. Es wimmerte, als h\u00e4tte es gro\u00dfe Schmerzen. Jan wusste nicht, was das alles zu bedeuten hatte, doch das kleine M\u00e4dchen litt und er wollte es tr\u00f6sten. Er kniete sich neben sie, strich ihr sacht \u00fcber das schulterlange kastanienbraune Haar.- Hey, was fehlt dir denn?Die Kleine weinte weiter, zeigte dabei aber auf ein zerrissenes Bild, das neben ihr lag und klagte: - Mein Bild ist kaputt, ich kann es nicht mehr heil machen! Jan hob die beiden Papierh\u00e4lften auf. Mit krakeliger Kinderhand war auf jede Seite ein Mensch gemalt. Das rechte war eine Frau mit langen dunklen Haaren, das linke ein Mann mit sehr hellem Haar. Sie hatten sich an den H\u00e4nden gehalten, doch jetzt ging ein Riss mitten hindurch. - Also gut, dann machen wir dein Bild jetzt wieder heil!Jan sah sich nach Material zum Kleben um, doch da gab es nichts. Er wollte das kleine M\u00e4dchen fragen, wo er welches finden k\u00f6nnte, doch es war verschwunden, wie auch der ganze Raum pl\u00f6tzlich verschwand, und er sich auf der leeren Ebene wiederfand. Jan starrte auf die Zeichnungen in seinen H\u00e4nden. - Es sind alles nur Gedanken \u2013 und die sind formbar! Seine Gedankenh\u00e4nde zitterten, als er die beiden Bild-h\u00e4lften so nebeneinander auf den Fu\u00dfboden legte, dass sie wieder eine Einheit bildeten. \u00b4Komm denk nach! Wie hat Nahima vorhin deine Narben geheilt?\u00b4 Versuchsweise legte er eine Hand auf den Riss.\u00b4Sie hat sich konzentriert und irgendetwas gesungen. Shit, aber was? Ist vermutlich vollkommen egal. \u00b4Leise begann er \u201eJust the way you are\u201c zu summen. Bruno Mars h\u00e4tte sich wahrscheinlich sehr gewundert, was sein Lied f\u00fcr eine Wirkung hatte. Jans Gedankenh\u00e4nde wurden warm, fast hei\u00df, und er sp\u00fcrte mit jeder Note, die er sang, wie der Riss langsam verschwand \u2026Mit einem kleinen Ruck sa\u00df er wieder auf der Bank hinter dem Haus und hielt Nahima in seinen Armen. Ihre Hand f\u00fchlte sich jetzt warm und gut an. Er be-merkte, dass sie wach war und ihn verst\u00e4ndnislos ansah. Etwas verlegen lie\u00df er sie los. - Warum hast du das getan? Warum hast du den Kreis zerrissen? Jan war sich zwar nicht sicher, was eigentlich passiert war, doch hatte er deutlich das Gef\u00fchl, einen gro\u00dfen Fehler gemacht zu haben. - Ich hab Panik bekommen, als diese Gedanken anfingen, auf mich zu zukommen. Ich wollte nur noch raus! Dann hab ich mich auf dem Boden wiedergefunden und konnte dich auf einmal nicht mehr erreichen. Ich \u2026 Habe ich dich verletzt?Wortlos zeigte sie ihm ihre Handfl\u00e4chen, die \u00fcbers\u00e4t waren mit kleinen Brandblasen. Er war schockiert von sich selbst. - Oh mein Gott! Lass uns schnell reingehen, Ricks Mutter hat bestimmt Brandsalbe. Jan wollte schon aufspringen, doch sie hielt ihn zur\u00fcck. - Ich brauche keine Brandsalbe! Ich m\u00f6chte, dass du mich heilst. - Das \u2026 das kann ich nicht! Der Hauch eines L\u00e4chelns erschien auf ihrem ernsten Gesicht, als ihre Gedanken leise feststellten: - Du bist wirklich merkw\u00fcrdig! Wei\u00dft du denn nicht, was f\u00fcr Kr\u00e4fte in dir wohnen? W\u00e4re das Gleiche bei mir zu Hause passiert, w\u00e4re ich wahrscheinlich monatelang krank gewesen! Sie sprach vollkommen ernsthaft. Und gerade diese Ernsthaftigkeit jagte ihm einen eisigen Schauer \u00fcber den R\u00fccken. - Du verf\u00fcgst \u00fcber die Kr\u00e4fte eines Meisters und wei\u00dft es nicht einmal. Kurz entschlossen streckte sie ihm ihre H\u00e4nde entgegen. Jan schluckte \u0001 \u0002 H\u00e4nde zitterten leicht, als er sie \u00fcber die ihren hielt. Er schloss die Augen und konzentrierte sich. Dabei dachte er wieder an den Song, den er vorhin gesungen hatte und stellte sich vor, wie ihre H\u00e4nde vorher ausgesehen hatten: Schlanke, zarte Finger mit glatter, warmer Haut, die sich sanft in seine Hand geschmiegt hatten. Seine Handfl\u00e4chen wurden warm, w\u00e4hrend sich sein Atem dem Rhythmus des Liedes anpasste und sich mit dem str\u00f6menden Gef\u00fchl harmonisierte, welches seinen K\u00f6rper durchfloss. Als er nach einer Weile die Augen \u00f6ffnete, l\u00e4chelte Nahima und zeigte ihm ihre glatten Handfl\u00e4chen. Fassungslos erwiderte er ihr L\u00e4cheln. Und in seinem Kopf begann sich ein Karussell aus Gedanken und Empfindungen zu drehen, welches ein wunderbar leichtes, er\u00acregendes Gef\u00fchl in ihm hinterlie\u00df.\u201eKommt ihr jetzt fr\u00fchst\u00fccken oder was?\u201c Rick hatte eine ganze Weile gewartet, bis er nach den beiden sah, doch jetzt stand er breit grinsend an der Hausecke. W\u00e4hrend sie um das Haus herumgingen, raunte er Jan mit einem oberschlauen Grinsen zu: \u201eNa, Kumpel, da lag ich wohl doch nicht so verkehrt mit euch beiden, was?\u201c \u201eVergiss es, Alter! Du solltest endlich mal deinen Kopf zum Denken einsetzen\u201c, lachte Jan mit einer Spur Unmut in der Stimme, denn das, was sich tats\u00e4chlich abgespielt hatte, war meilenweit von dem entfernt, was sein Freund mutma\u00dfte. Wobei sich Jan eingestand, dass er nichts dagegen gehabt h\u00e4tte, wenn es anders gewesen w\u00e4re \u2026 \u201eOk, ist nicht meine Sache. Aber wenn ich an deiner Stelle w\u00e4re und so einen Fang am Haken h\u00e4tte, dann w\u00fcrde ich mal anfangen, mein Studentenhirn auszu-schalten und endlich beginnen, mit anderen K\u00f6rperteilen zu denken!\u201c Kapitel 3Ein roter Sportwagen parkte vor einem einst herrschaftlichen Haus eines alten Stadtviertels. Fr\u00fcher waren die H\u00e4user dieser Gasse gepflegt gewesen. Da-mals hatten sauber angelegte Vorg\u00e4rten jedes Grund-st\u00fcck geschm\u00fcckt, und die lackierten Z\u00e4une hatten mit der Sonne um die Wette gegl\u00e4nzt. Doch diese Zeiten waren l\u00e4ngst Geschichte. Statt Geranien wucherte nun Unkraut durch die verrosteten Z\u00e4une. Heinrich Althausen war ausgestiegen. Mit angewidertem Blick sah er die Gasse hinunter. In seinen jungen Jahren hatte er einmal einen Artikel \u00fcber diese Gegend geschrieben. Hatte die gro\u00dfartige Vergangenheit jedes der vornehmen H\u00e4user recherchiert, bis zum B\u00f6rsencrash und dem tiefen Fall der Geldbarone. Interessant, dass ausgerechnet der Zerfall eines Imperiums seinen Erfolg begr\u00fcndete. Ein selbstgef\u00e4lliges L\u00e4cheln umspielte seinen Mund, als er an die vielen Medienpreise dachte, die ihm wegen dieses Artikels und seiner akribischen Schn\u00fcffelei verliehen worden waren. Der Artikel hatte ihm damals nicht nur einen kr\u00e4ftigen Schubs hoch auf die Karriereleiter gegeben, er hatte in dieser Gasse auch etwas gefunden, was seinen Erfolg sicherte!Tiberius HausschildIngenieur f\u00fcr angewandten Informations-erwerb Preis und Sprechstunde: nach VereinbarungDie Farbe des Namensschildes bl\u00e4tterte ebenso ab wie die der Eingangst\u00fcr. Althausen zog am Klingelknauf. Eine leichte Staubwolke aus Kalk antwortete ihm.\u201eWann reparierst du endlich deine Klingel, Tiberius!\u201c, rief Heinrich Althausen missmutig, w\u00e4hrend er an die T\u00fcr h\u00e4mmerte.\u201eHey, Heini, altes Haus, nun reg\u00b4 dich mal wieder ab!\u201c Die T\u00fcr wurde mit solch einer Wucht aufgerissen, dass sie gegen die Wand stie\u00df und noch mehr ihrer Farbe einb\u00fc\u00dfte. Im T\u00fcrrahmen stand ein B\u00e4r von einem Mann, sein schulterlanges zottelig braunes Haar um\u00acrahmte wirr ein spitzb\u00fcbisches Gesicht. Hinter dem rechten Ohr klemmte ein Blei\u00acstift, an einem Schl\u00fcsselanh\u00e4nger um seinen Hals baumelte ein arg mitge\u00acnommener Notizblock. Seine Kleidung entsprach einer Mischung aus altem Hippie und bedauernswertem Aristokraten. \u00dcber einem grellbunten T-Shirt trug er einen alten Frack, dem hinten die Rocksch\u00f6\u00dfe fehlten.\u201eTiberius, kannst du dir nicht einmal ordentliche Sa-chen von dem Geld kaufen, das du von mir be-kommst?\u201c\u201eWas willst du, Mann. Der Frack soll meinem Gro\u00dfva-ter geh\u00f6rt haben, muss s\u00fcndhaft teuer gewesen sein, nur die ollen Schwalbenschw\u00e4nze waren dauernd im Weg.\u201c Mit einem Augenzwinkern gab er der T\u00fcr einen Schubs, sodass sie mit einem Farbe einb\u00fc\u00dfenden Knall zufiel. \u201eW\u00fcrde es etwas n\u00fctzen, dir zu sagen, dass diese T\u00fcr einen T\u00fcrgriff hat?\u201c, fragte Althausen resigniert, w\u00e4h-rend er seinem Gastgeber durch die Eingangshalle folgte. \u201eAch, Heini, stell\u00b4 dich nicht so an. Au\u00dferdem \u2013 was soll\u00b4s. Meine Vorfahren interessiert\u00b4s eh nicht mehr, sind alle unter der Erde. Haben sowieso nicht viel hier gewohnt, und als ich das Ganze dann geerbt hab, ist auch das letzte Dienstm\u00e4dchen fluchtartig verschwunden. Stand wohl nicht so auf mich.\u201cSie bogen rechts in einen Gang ein, der an einem von Motten zerfressenen Gobelin vorbei in den hinteren Teil des Geb\u00e4udes f\u00fchrte. Tiberius \u00f6ffnete eine T\u00fcr, und jetzt wurde klar, wof\u00fcr er sein Geld ausgab. Als das Haus noch bessere Zeiten gesehen hatte, musste dies die Bibliothek gewesen sein. Jedenfalls erinnerten die hohen, jetzt leeren B\u00fccherregale noch an den l\u00e4ngst verschwundenen Wissensschatz. Statt mit B\u00fcchern war der gr\u00f6\u00dfte Teil des Raumes nun mit Elektronik jeder Art vollgestopft. \u00dcber mehrere Bildschirme flimmerten Informationen. Tiberius warf sich in einen speckigen Drehstuhl vor einem der Monitore und lie\u00df die Finger \u00fcber die Tastatur tanzen. \u201eDu wolltest doch alles \u00fcber diese milit\u00e4rische Suchaktion auf den L\u00e4ndereien des Hillman-Gest\u00fcts haben, nich\u00b4 wahr?\u201c\u201eJa, hast du etwas Neues herausgefunden?\u201c\u201eNa ja, an Milit\u00e4rdaten ist immer schwer ranzukom-men. Also hab ich mir angese\u00achen, was sonst noch Merkw\u00fcrdiges gelaufen ist.\u201c\u201eUnd, hast du was gefunden?\u201c, fragte Althausen ge-nervt. Tiberius Hausschild lie\u00df ihn jedes Mal zappeln, bevor er ihm die Information gab.\u201eTja, hast du gestern Abend zuf\u00e4llig mal den Nacht-himmel be\u00e4ugt?\u201c, fragte Tiberius, der sich mit einem scheinheiligen Grinsen zu seinem Gast umwandte. \u201eNa, hast du \u2026?\u201c \u201eVerdammt, ich habe nachts wirklich besseres vor als die Sterne zu betrachten. Nun sag schon!\u201c \u201eAch, du kannst aber auch keinen Spa\u00df ab!\u201c Tiberius knuffte ihn kumpelhaft in die Seite, wobei Althausen die Luft wegblieb. \u201eJa, dann hast du es leider verpasst, das Ding, das da runtergekommen ist.\u201c\u201eWas f\u00fcr ein Ding ist wo runtergekommen?\u201c, fragte Althausen etwas atemlos, sich die Seite reibend. \u201eIch hab nen Kumpel, so \u00b4n Astrophysiker, der arbeitet in so ner Sternwarte hoch oben im Norden. Der Kerl ist ganz versessen auf so schr\u00e4ge Videos, du wei\u00dft schon \u2026 Und daf\u00fcr l\u00e4sst er mir was von seinen Top Secret Sachen zukommen. Der hat mir also gemailt, dass gestern Abend so gegen neun etwas auf die Erde gest\u00fcrzt ist und dass sie nicht wissen, was es ist \u2026!\u201c, frohlockte \u0001 \u0002 sah seinen Informanten skeptisch an. \u201eDu willst mir doch nicht erz\u00e4hlen, dass gestern Abend ein Ufo abgest\u00fcrzt ist?\u201c \u201eGenau das, Mann! Die ganze Milit\u00e4raufregung ging n\u00e4mlich direkt danach los. Meinen Kumpel erreich ich auch nicht mehr, die haben jetzt nen Sicherheitscode installiert.\u201c Althausen strich sich \u00fcber seinen exakt geschnittenen Oberlippenbart und blickte nachdenklich aus dem Fenster in den verwilderten Garten.\u201eDu meinst also tats\u00e4chlich, dass da etwas vom Him-mel gefallen ist?\u201c und halblaut setzte er hinzu: \u201eNun, wenn ich an mehr Informationen kommen k\u00f6nnte \u2026 und nat\u00fcrlich br\u00e4uchte ich Beweise.\u201c Tiberius Hausschild konnte sich ein Grinsen kaum verkneifen. Heinrich Althausen hatte mal wieder angebissen. Er, Tiberius, w\u00fcrde die Informationen liefern, und Althausen konnte sich erneut mit einer brillanten Story im Licht der \u00d6ffentlichkeit baden. Tiberius war die \u00d6ffentlichkeit vollkommen egal, Hauptsache, das Geld stimmte. Ihm war es auch egal, wie viele ETs Althausen ausgrub. Er zahlte gut, und daf\u00fcr bekam er seine Informationen. \u00b4Diesmal muss aber ein dicker Bonus drin sein\u00b4, dachte Tiberius. \u00b4Es wird verdammt riskant werden, an die Milit\u00e4rdaten ranzukommen.\u00b4 \u201eNa, Heini, schlaf\u00b4 man erst mal ne Nacht dr\u00fcber, dann k\u00f6nnen wir morgen \u00fcbers Gesch\u00e4ftliche spre-chen. Und bis dahin hab ich bestimmt schon was Neues f\u00fcr dich.\u201c Breit grinsend klopfte er seinem Gast wuchtig auf die Schulter, wodurch Althausen ein paar Zentimeter kleiner wurde. Dieser rieb sich ver\u00e4rgert seine Schulter. \u201eIch werde morgen ganz fr\u00fch kommen. Danach statte ich den Hillmans einen Be\u00acsuch ab, vielleicht haben sie etwas mitbekommen. Au\u00dferdem muss ich meinen Re-dakteur davon \u00fcberzeugen, dass er nicht wieder so eine Niete auf die Story ansetzt wie beim letzen Mal! Ich muss jetzt gehen!\u201c \u201eMach das, Heini.\u201c Tiberius grinste breit. \u201eUnd h\u00f6r endlich auf, mich Heini zu nennen, so hei\u00dft der Kl\u00e4ffer meiner Nachba\u00acrin!\u201c, emp\u00f6rte sich Althau-sen im Rausgehen. \u201eNa, Hinnerk, magst du doch auch nicht. Wei\u00dft du, altes H\u00e4uschen, du musst noch viel lockerer werden.\u201c Tiberius grinste spitzb\u00fcbisch, und Heinrich Althausen verlie\u00df vor sich hin grummelnd das \u0001 \u0002 richtete sich Nahima auf dem Gest\u00fct der Hillmans h\u00e4uslich ein. Jan hatte seinen Eltern die glei-che Geschichte mit der russischen Austauschsch\u00fclerin erz\u00e4hlt wie vorher seinem Freund Rick. Und so hie\u00dfen Rose und Henry Hillman die junge Frau willkommen. Als Rose Nahima mitnahm, um ihr das G\u00e4stezimmer zu zeigen, nahm Henry seinen Sohn beiseite.\u201eSo, eine russische Austauschsch\u00fclerin von deiner Universit\u00e4t ist die junge Dame also? Warum hast du uns das eigentlich nicht gestern Abend erz\u00e4hlt?\u201c Jan hatte mit der Frage gerechnet und sich bereits eine Erkl\u00e4rung zurechtgelegt. \u201eGanz ehrlich, ich hab sie gar nicht erkannt, mit all dem Blut im Gesicht. Wir kennen uns auch noch nicht lange. Mein Professor Dr. Ramanow bat mich vor einiger Zeit, ihr die Uni zu zeigen und fragte bei der Gelegenheit, ob sie in den Semesterferien ihre Sprachkenntnisse bei uns ein bisschen aufbessern k\u00f6nnte. Ich hab das dann wegen der Klausuren ganz vergessen, tut mir echt leid, Paps!\u201c Er sah seinem Vater in die Augen, sehr darauf be-dacht, nicht zu blinzeln.\u201eSchon in Ordnung, Junge, jeder vergisst mal was. Wir haben genug Platz hier, ist also kein Beinbruch.\u201c Und mit v\u00e4terlichem Stolz f\u00fcgte er hinzu: \u201eBei den guten Noten, die du bekommen hast, musst du ja sehr besch\u00e4ftigt gewesen sein, da vergisst man schon mal was!\u201c \u201eDanke Paps \u2026\u201c Jan strahlte, und f\u00fcr diesen kleinen Augenblick war die Welt f\u00fcr ihn vollkommen in Ord-\u0001 \u0002 Mutter hatte Nahima in das G\u00e4stezimmer im ersten Stock gef\u00fchrt. Sie wusste, dass die junge Frau sie kaum verstand, trotzdem redete sie unun-terbrochen, um ein peinliches Schweigen zu vermeiden. Als sie an dem Punkt angekommen war, wo sie Nahima die Schr\u00e4nke zeigte, damit sie ihre Sachen aufh\u00e4ngen konnte, fiel ihr auf, dass die junge Frau gar kein Gep\u00e4ck hatte. Danach musste sie Jan unbedingt fragen; das arme Ding konnte doch nicht die ganze Zeit in diesem merkw\u00fcrdigen Aufzug hier herumlaufen! Rose zeigte ihrem Gast gerade das Bad, als ihr einfiel, dass sie noch eine Reithose liegen hatte, die ihr nicht mehr passte. Sie machte der jungen Frau mit einer kurzen Geste klar, dass sie warten m\u00f6ge. Nahima hatte den ganzen Vortrag geduldig \u00fcber sich ergehen lassen. W\u00e4hrend sie nun wartete, wanderten ihre Gedanken zu dem jungen Mann mit dem wei\u00dfen Haar, der sie ge\u00acfunden und ihr so selbstlos geholfen hatte. Sie konnte seine Gegenwart irgendwo auf dem Gel\u00e4nde sp\u00fcren. Ein verwunderter Ausdruck erschien auf ihrem Ge-sicht, als sie daran dachte, wie seltsam es ist, dass er sich seiner au\u00dfergew\u00f6hnlichen mentalen Kraft nicht bewusst ist, geschweige denn, sie anwenden kann. Zuerst hatte sie ihn f\u00fcr kopfblind und ein wenig zu-r\u00fcckgeblieben gehalten: \u00b4doch das stimmt nicht! Ihm mangelt es offenbar nur an der Schulung seiner Kr\u00e4fte.\u00b4 Und jetzt, wo sie dar\u00fcber nachdachte, kam ihr auch zum Bewusstsein, dass er hier der Einzige zu sein schien, der klare Gedanken \u00fcbertragen kann. Alle anderen, denen sie heute begegnet war, wirkten in der Hinsicht eher wie kleine Kinder, die das klare Senden noch nicht gelernt haben. Aber warum lebt er hier unter Kopfblinden? Wie kann man sich nur wohlf\u00fchlen in einer Umgebung, wo alles eingesperrt ist? Die Tiere stehen in K\u00e4figen, selbst die Pflanzen hat man eingez\u00e4unt. Und die Menschen, die hier leben, sind nicht nur in ihren K\u00f6pfen gefangen, sie umgeben sich selbst ebenfalls mit dicken Mauern und verschlossenen T\u00fcren. Mit einem Mal f\u00fchlte Sie sich sehr einsam in diesem gro\u00dfen Haus, in dieser fremden Welt \u2026Jans Mutter kam wieder. \u00dcber ihrem Arm hingen fein s\u00e4uberlich zusammengefaltet eine Reithose und ein T-Shirt. Sie legte es der jungen Frau aufs Bett und gab ihr zu verstehen, dass sie sie nun allein lie\u00dfe. Nahima ging zum Bett hin\u00fcber und sah sich die sauberen, eigenartig geschnittenen Kleidungsst\u00fccke an. Versuchsweise strich sie mit einer Hand \u00fcber den Stoff. Er f\u00fchlte sich grob an, gar nicht wie die flie\u00dfenden, weichen Stoffe, die sie gewohnt war. Weiche Stoffe, sanfte Gedanken, vertraute Gesichter \u2026 Nahima sp\u00fcrte, wie ihre Hand zitterte. Eine \u00fcberw\u00e4ltigende Woge aus Heimweh, Angst und Einsamkeit \u00fcberrollte sie. Das Kleidungsst\u00fcck entglitt ihrer Hand. Ein nur m\u00fchsam unterdr\u00fccktes Schluchzen entrann ihrer zugeschn\u00fcrten Kehle. Sie sank neben dem Bett zu Boden, zog die Beine an den K\u00f6rper und lie\u00df ihren Gef\u00fchlen freien Lauf \u2026Eine ganze Weile sp\u00e4ter versiegten ihre Tr\u00e4nen. Der erste gro\u00dfe Leidensdruck war durch das Weinen weg-gesp\u00fclt worden, und ihr Blick begann durch das ge-r\u00e4umige Zimmer mit der hohen Stuckdecke zu schweifen. Das Sonnenlicht flutete freundlich durch ein gro\u00dfes Fenster. Der Raum wirkte trotz der Mauern einladend. Ein gro\u00dfer Wandspiegel zeigte ihr Spiegelbild. Sie sah sich das kleine H\u00e4ufchen Elend an, das da in schmuddeligen Kleidern auf dem Boden vor dem Bett kauerte. In Selbstmitleid zu zerflie\u00dfen w\u00fcrde sie sicher nicht nach Hause bringen! Ihr Blick fiel auf die saubere Kleidung, die ihr die Frau dagelassen hatte. \u00b4Also gut!\u00b4, dachte sie mit neuem Schwung, nahm die Kleidungsst\u00fccke und verschwand im \u0001 \u0002 reparierte w\u00e4hrenddessen mit seinem Vater einen Koppelzaun hinter dem Stall. Sie waren ein gut einge-spieltes Team, und es bedurfte zwischen ihnen nicht vieler Worte. So hing Jan seinen eigenen Gedanken nach, w\u00e4hrend seine H\u00e4nde mecha\u00acnisch arbeiteten. Er war zwar froh dar\u00fcber, dass seine Eltern die Story mit der rus\u00acsischen Austauschsch\u00fclerin geschluckt hatten, gleichzeitig hatte er ein schlechtes Gewissen, weil er sie belogen hatte. Und ihm war auch nicht ganz klar, wie das Ganze jetzt weitergehen sollte. Sie waren beim letzten Zaunabschnitt angekommen, als sie mehrere bewundernde Pfiffe von den Stallarbeitern auf dem Hof h\u00f6rten. \u201eWas ist denn da los?\u201c Henry Hillman legte den Hammer zur Seite und ging um das Geb\u00e4ude herum. Jan wischte sich den Schwei\u00df von der Stirn und wollte eben die n\u00e4chste Latte befestigen, als sein Vater mit einem am\u00fcsierten L\u00e4cheln in Begleitung einer jungen Dame wieder in Sicht kam. Jan starrte die Frau an. Gar nicht sosehr, weil sie barfu\u00df war, was seinen Vater sehr zu belustigen schien. Die enge Reithose und das T-Shirt betonten ihre gertenschlanke Figur, ihr Haar hatte sie zu einem langen Zopf geflochten. Sie musste ein Bad genommen haben, so sauber wie sie jetzt aussah und so gut wie sie jetzt roch \u2013 irgendwie nach Vanille und Honig.\u201eWenn du deine Augen wieder eingesetzt hast, Jan, dann kannst du unserem Gast ja mal den Hof zei-gen.\u201c \u201eWas \u2026?\u201c, stie\u00df dieser, wie aus einem Traum erwa-chend, hervor. Als ihm klar wurde, dass er die junge Frau immer noch anstarrte, wandte er verlegen den Blick ab. - Was ist los mit dir? Erkennst du mich nicht?, fragten Nahimas Gedanken verwundert und ein wenig scheu in seinem Kopf. - Doch \u2026 doch ich erkenne dich. Er hatte gerade arge Probleme, eine ausreichend hohe Mauer um seine Ge-danken zu bauen. \u201eNa, dann mal los, ihr beiden, den Rest schaff ich auch allein.\u201c Ein am\u00fcsiertes L\u00e4cheln umspielte noch immer den Mund von Jans Vater, als er sie in Richtung Koppeln davongehen sah. Jan schwieg. Hinter der turmhohen, meterdicken Mauer, die er m\u00fchsam um seine Gedanken gelegt hatte, lieferte sich seine Vernunft mit seinen Hormonen eine b\u00fchnenreife Schlacht: \u00b4Ich kenn dieses M\u00e4dchen kaum einen Tag! Wenn sie die Wahrheit sagt, ist sie nicht mal von diesem Planeten!\u00b4 Doch der starke Impuls, der durch seine Nerven gejagt war, als sie so unvermittelt vor ihm stand, kribbelte jetzt noch durch seinen K\u00f6rper! Sie gingen eine Weile schweigend nebeneinander her. Nahima sah ihn immer wieder unsicher von der Seite her an. Sie hatte deutlich wahrgenommen, was Jan empfunden hatte, bevor er sich hinter seiner Gedankenfestung verschanzte. Und sie hatte verwun-dert gesp\u00fcrt, dass er damit eine Saite in ihr zum Schwingen gebracht hatte; etwas in ihr wollte ant-worten, wollte die Gef\u00fchle erwidern. Doch es verunsicherte sie zusehends, dass ihr Begleiter seine Gef\u00fchle nun so hartn\u00e4ckig vor ihr verbarg. - Wann \u2026 meinst du, k\u00f6nnen wir deinen Lehrer aufsuchen, der mir vielleicht mit dem Kristall helfen kann? Jan war sehr erleichtert, auf dieses unverf\u00e4ngliche Thema an\u00acgesprochen zu werden. - Ich hoffe \u2026, morgen. Wie es aussieht, bekommen wir sogar den Land Rover von meinem \u0001 \u0002 verschanzte er sich hinter seiner Mauer.- Ah gut. Und \u2026 wie kann ich mich mit deinem Lehrer verst\u00e4ndigen? Kann er Gedanken \u00fcbertragen?- Richtig, daran hab ich gar nicht gedacht. Naja, dann \u2026 bring ich dir eben was von unserer Sprache \u0001 \u0002 nickte ohne \u0001 \u0002 n\u00e4chste Stunde verbrachten sie damit, \u00fcber die Weiden zu wandern und dabei Sprachunterricht zu absolvieren, wobei Nahima zusehends gereizter wurde. Nicht, dass ihr diese Sprache gro\u00dfe Schwierigkeiten bereitet h\u00e4tte, nach einer halben Stunde beherrschte sie bereits einige H\u00f6flichkeitsfloskeln. Es war das Verhalten ihres Begleiters. Warum benahm er sich auf einmal so merkw\u00fcrdig, so distanziert? Sie hatte das Gef\u00fchl, sie w\u00fcrde sich mit ihm durch ein hohes Burgfenster unterhalten. Warum schloss er sie auf einmal aus? Sie hatte doch vorhin deutlich gesp\u00fcrt, dass er sie gern hat. Und dieses Gef\u00fchl h\u00e4tte sie gerne erwidert, sehr gerne. Nur wie sollte sie jemandem zeigen, dass sie ihn mag, wenn er sie aus seinen Gedanken ausschlie\u00dft? In ihrer Heimat wurde mit Gef\u00fchlen nicht gespielt, und es machte sie hilflos und w\u00fctend, dass es auf diesem merkw\u00fcrdigen Planeten so anders \u0001 \u0002 Stirn krauste sich ungehalten, als ihr Begleiter wieder irgendein Wort herunterleierte, ohne sie anzu-sehen! Ihr Unmut staute sich immer mehr auf. Pl\u00f6tzlich hatte sie das Gef\u00fchl, sie m\u00fcsse sofort etwas unternehmen, sonst w\u00fcrde sie vor Wut etwas Un\u00fcberlegtes tun.\u201eNein\u201c, sagte sie laut, und ihre dunklen Augen funkelten gef\u00e4hrlich. Der junge Mann sah sie ver-wundert an. Es war das erste Mal, dass er ihr wieder in die Augen sah \u2013 funkelnde gr\u00fcne Smaragde, die ihn unwiderstehlich anzogen. Doch ohne Vorwarnung br\u00fcllten ihre Gedanken: - Ich habe genug! LASS MICH IN RUHE!! Abrupt drehte sie sich um und begann zu laufen. Keinen Meter von ihm entfernt wandelte sie sich, und das vor Zorn schnaubende Pferd keilte kr\u00e4ftig nach hinten aus, wobei es ihn nur um Zentimeter verfehlte. Jan fuhr erschrocken zur\u00fcck, dann schaute er ihr nach, wie sie in einem prachtvollen Galopp auf den Koppelzaun zuhielt und, ohne langsamer zu werden, mit einem anmutigen Sprung hin\u00fcbersetzte, um im nahen Wald zu verschwinden.\u201eOh, verdammt!\u201c, fluchte Jan laut und stie\u00df mit einem kr\u00e4ftigen Fu\u00dftritt gegen ein Grasb\u00fcschel, welcher im hohen Bogen durch die Luft flog. \u00b4Warum muss das alles so kompliziert sein? Nahima ist mit Abstand die faszinierendste Frau, die ich je kennengelernt habe. Aber warum muss gerade sie so merk-w\u00fcrdig sein?Ob sie wirklich von einem anderen Planeten kommt? Und wenn schon! \u00c4ndert das irgendetwas daran, dass du verr\u00fcckt nach ihr bist? Jan, du bist ein riesiger Idiot!\u00b4Mit einem Mal war es ihm vollkommen egal, wo sie herkam, oder dass er sie erst seit gestern kannte. Er wollte mit ihr zusammen sein! Ohne weiter dar\u00fcber nachzu\u00acdenken lief er in die Richtung, die das wutschnaubende Pferd eingeschla-gen \u0001 \u0002 fand sie schlie\u00dflich auf einer Lichtung neben einem kleinen See, den es hier gab, so lange er sich erinnern konnte. Sie stand mit dem R\u00fccken zu ihm, jetzt in Menschengestalt, und gl\u00fchte f\u00f6rmlich vor Wut, w\u00e4hrend sie auf den See \u0001 \u0002 Mut zusammennehmend ging er auf sie zu. Seine Gedankenfestung lag in Schutt und Asche hinter ihm! Er wollte ihr sagen, was er f\u00fcr sie empfand, auch wenn sie ihm danach vielleicht eine langte. Aber versucht hatte er es dann jedenfalls. Z\u00f6gerlich versuchte er, den gedanklichen Kontakt mit ihr herzustellen. - Nahima \u2026 Ich \u2026. Weiter kam er nicht, denn sie drehte sich um und ging wie eine Furie auf ihn los. Er blieb trotzdem stehen und sah sie nur an, wobei seine Gedan\u00acken mit den Gef\u00fchlen besch\u00e4ftigt waren, die er f\u00fcr sie empfand. Wie ein d\u00fcnner Schleier aus Zuneigung lagen sie um ihn herum. Kurz bevor sie ihn erreichte, endete ihr Ansturm ab-rupt, als w\u00e4re der hauchzarte Gedanken\u00acschleier eine massive Wand. Schwer atmend stand sie vor ihm, \u00fcberrascht von sei\u00acnem pl\u00f6tzlichen Sinneswandel. Ihre Augen sahen ihn einen Moment fragend an, so als ob sie bef\u00fcrchtete, dass er sie im n\u00e4chsten Moment wieder aus\u00acschlie\u00dfen w\u00fcrde. So standen sie sich einen endlosen Augenblick reglos gegen\u00fcber. Schlie\u00dflich blinzelte Nahima und Tr\u00e4nen glitzerten auf ihren langen dunklen Wimpern. Ganz langsam \u00f6ffnete sie ihre geballten F\u00e4uste. Mit einem scheuen L\u00e4cheln streckte sie ihm ihre Handfl\u00e4chen entgegen. Sanft erwiderte er ihr L\u00e4cheln, legte seine H\u00e4nde be-hutsam an die ihren, wollte sie zu sich ziehen ...Doch kaum dass sie sich ber\u00fchrten, wurden sie hineingerissen in eine gedankliche Springflut aus Ge-f\u00fchlen, Bildern und Farben. Eine berauschende Mi-schung aus Empfindungen und Emotionen, ein erre-gender Tanz urspr\u00fcnglicher Lebendigkeit. Ein unwiderstehliches Gef\u00fchl des Vertrauten, des Erken-nens! Ihre energetischen Pr\u00e4senzen schmiegten sich leiden-schaftlich aneinander und f\u00fcr einen kurzen Moment durchdrangen sie sich, um f\u00fcr einen wunderbaren Augenblick eins zu werden. Der innige Moment verging, und Jan fand sich urpl\u00f6tzlich auf der Waldlichtung wieder. Er zitterte am ganzen K\u00f6rper und atmete schwer, doch dann breitete sich langsam ein fassungslos gl\u00fcckliches L\u00e4cheln auf seinem Gesicht aus. Nahima erwiderte sein L\u00e4cheln, ihr Blick war weich und offen. Sanft legte er eine Hand an ihre Wange, beugte sich zu ihr und k\u00fcsste ihre Lippen. Sie schlang die Arme um ihn und erwiderte den Kuss. Kapitel 4Wirklich wach war Jan nicht, als er am n\u00e4chsten Morgen am Fr\u00fchst\u00fcckstisch sa\u00df. Eine w\u00e4ch\u00acserne M\u00fcdigkeit umh\u00fcllte ihn mit einer z\u00e4hen Schicht. Er hatte so viel getr\u00e4umt wie sonst in einem ganzen Monat nicht. Lauter verr\u00fccktes Zeug. Das lebendige Kribbeln, welches seinen K\u00f6rper durchflutete, seit Nahima seine Narben geheilt hatte, hatte auch seinen Geist kr\u00e4ftig durchger\u00fcttelt. Er versuchte, seine M\u00fcdigkeit mit einem starken Kaffee zu vertreiben, w\u00e4hrend seine Mutter und Nahima es irgendwie schafften, mit Hilfe von Gestik, Mimik und viel Ge\u00acl\u00e4chter sich zu \u00b4unterhalten\u00b4. Jans Vater reichte ihm einen Teil seiner Zeitung. \u201eWenn du heute zu deinem Professor f\u00e4hrst, dann frag ihn doch mal, ob er mit seiner \u00b4Kernfusioniererei\u00b4 etwas machen kann, um das Wetter aufzubessern; lies mal den Artikel \u00fcber die Eiszeittheorie.\u201c G\u00e4hnend nahm Jan die Zeitung und versuchte, sich auf den Artikel zu konzentrieren, was ihm schwerfiel, da sich bei der Erw\u00e4hnung von Kernfusion und Eiszeit zu seiner M\u00fcdigkeit auch noch Kopfschmerzen dazu\u00acgesellt hatten. Er las \u00fcber das Abschmelzen der Polkappen durch die zunehmende Erderw\u00e4rmung, \u00fcber das labile Gleichgewicht des Salzgehaltes der Weltmeere und dass es da einen Zusammenhang mit dem Wetter gab. \u201eMm\u2026\u201c, grummelte Jan, \u201edavon hab ich schon ge-h\u00f6rt\u201c, und mit einem schr\u00e4gen Grinsen f\u00fcgte er hinzu: \u201eAber ich werd meinen Professor mal fragen, ob er beim Wettergott ein gutes Wort f\u00fcr uns einlegt.\u201cEine halbe Stunde sp\u00e4ter sa\u00df er mit Nahima im Land Rover und fuhr Richtung Stadt. Anf\u00e4nglich hatte sich die junge Frau krampfhaft an der Polsterung festge-klammert, als das Auto anfuhr. Augenscheinlich war sie diese Art der Fortbewegung nicht gewohnt. Schlie\u00dflich entspannte sie sich und schien die Fahrt durch das Gewirr der kleinen Stra\u00dfen, die den Hillman-Besitz durchziehen, zu genie\u00dfen. Sie waren noch nicht weit gekommen, als sie einen roten Sportwagen am Stra\u00dfenrand stehen sa\u00achen. Der Fahrer war ausgestiegen und studierte eine Land-karte. Als er den Rover n\u00e4her kommen sah, winkte er ihnen erleichtert zu, und Jan hielt neben ihm an. \u201eHaben Sie sich verfahren?\u201c\u201eJa \u2013 diese kleinen Stra\u00dfen sind ja wie ein Labyrinth!\u201c Der hochgewachsene Mann mit dem perfekt geschnit-tenen Oberlippenbart nahm den Stra\u00dfenplan von der Motorhaube und ging damit zum Rover. \u201eIch suche den Landsitz der Hillmans, k\u00f6nnen Sie mir sagen, wo ich hier bin?\u201c \u201eJa, sicher. Es ist nicht mehr weit bis zum Gest\u00fct. Sie sind \u2026\u201cW\u00e4hrend Jan die Karte studierte, hatte der fremde Mann Zeit, seinen Helfer genauer zu mustern. \u00b4Wie seltsam \u2013 so wei\u00dfes Haar bei einem so jungen Men-schen. Na, wahrscheinlich gef\u00e4rbt.\u00b4 \u201eSie sind hier!\u201c Jan deutete auf einen Punkt in dem Gewirr aus Strichen und Linien auf der Karte. \u201eDie Fohlenauktion beginnt allerdings erst um zwei.\u201c\u201eWie bitte? \u2026 Oh, ich m\u00f6chte keine Pferde kaufen. Ich bin Journalist und schreibe einen Artikel \u00fcber Milit\u00e4rbewegungen hier in dieser Gegend und welche Auswirkungen sie auf die Natur haben.\u201c\u201eNa, da werden sie bei meinem Vater offene T\u00fcren einrennen \u2026\u201c Jan stockte un\u00acvermittelt und sah sich zu Nahima um, deren dr\u00e4ngende Gedanken ihn erreicht hatten. - Pass auf, was du sagst, Jan, der Mann l\u00fcgt! W\u00e4hrend Jan sich so pl\u00f6tzlich und \u2013 f\u00fcr den Mann vor dem Auto ohne ersichtlichen Grund \u2013 zu seiner Begleitung umdrehte, musterte der Fremde die junge Frau auf dem Beifahrersitz. Er f\u00fchlte sich von ihrer Anmut und Ausstrahlung sofort angezogen. Daher entging ihm fast, dass sie nicht sprach, obwohl sie sich gleichwohl mit ihrem Begleiter ausgetauscht haben musste. Dieser drehte sich jetzt mit einem sehr verschlossen wirkenden Gesichtsausdruck zu dem Fremden um. \u201eSie m\u00fcssen uns entschuldigen, wir haben einen drin-genden Termin. Ich denke, Sie finden jetzt allein weiter. Guten Tag.\u201c Ohne ein weiteres Wort fuhr Jan an und lie\u00df den Mann stehen. \u201eWas war das denn?\u201c, sinnierte Heinrich Althausen und sah dem Rover nach.- Nahima, woher willst du wissen, dass der Mann gelogen hat? - \u00dcber seinem Herzchakra lag ein undurchdringlicher Panzer, das hei\u00dft, er verh\u00fcllt etwas, schlimmer noch, er trug Gier, Neid und Besessenheit in seiner Aura.- Was ist ein Herzchakra? Nahima sah ihn verst\u00e4ndnislos an und fragte verwundert: - Du kennst die 7 Hauptchakren nicht? Du lebst wirklich in einer seltsamen Welt! - Lass uns einen Deal machen, schlug Jan gut gelaunt vor. Ich erz\u00e4hle dir, was in meiner Welt so l\u00e4uft und du bringst mir etwas \u00fcber deine bei \u2013 wie w\u00e4r\u2019s? Er l\u00e4chelte einladend und streckte einen Arm nach ihr aus. Mit einem einwilligenden L\u00e4cheln schmiegte sie sich an ihn. - Also, was sind Chakren? - Energiezentren im K\u00f6rper. Jeder Mensch hat entlang der K\u00f6rpermitte sieben Hauptchakren. Ich k\u00f6nnte es dir wesentlich anschaulicher auf der Gedankenebene erkl\u00e4ren, aber ich glaube nicht, dass du gleichzeitig dieses Fahrzeug lenken k\u00f6nntest. - Da hast du recht, du lenkst mich sowieso schon vom Fahren ab! - Ach ja, tue ich das?! Als Antwort gab Jan ihr einen fl\u00fcchtigen Kuss und musste sich dann wieder auf das Lenken konzentrie-ren, um nicht im Stra\u00dfengraben zu landen. - Wenn du so weitermachst, kommen wir heute nicht mehr in die Stadt! Erz\u00e4hl mir lieber noch etwas \u00fcber Chakren, dabei kann ich jeden\u00acfalls geradeaus fahren! - Na gut, wenn du nur daran interessiert bist. Sie zwinkerte ihm zu und begann: - Das erste Chakra liegt im unteren Becken und hei\u00dft das Wurzelchakra, es ist auf der Energieebene rot und steht f\u00fcr den Ursprung. Etwa auf Nabelh\u00f6he folgt das orangefarbene Gef\u00fchls-\u0001 \u0002 dritte Chakra liegt auf Magenh\u00f6he, es ist dem Intellekt zugeordnet und erscheint \u0001 \u0002 liegt das manchmal gr\u00fcne oder auch rosa erschei-nende Herzchakra. Hier wird ein Impuls, der vom Wurzel-chakra ausgeht, durch das Gef\u00fchlschakra und den Intellekt flie\u00dft, ein zweites Mal bewertet: \u00b4Man sieht nur mit dem Herzen gut, weil es die Dinge annimmt, wie sie sind\u00b4.- Das ist ja spannend; so einen \u00e4hnlichen Vers gibt es auch in unserer Literatur!, warf Jan ein. \u00b4Man sieht nur mit dem Herzen gut, das Wesentliche ist f\u00fcr die Augen unsichtbar\u00b4. Das ist aus \u00b4Der kleine Prinz\u00b4 von Antoine de Saint-Exup\u00e9ry. Ich glaube, so verschieden sind unsere Kulturen gar nicht! Aber das waren erst vier Chakren, du sagtest, es g\u00e4be sieben?- Ja, das f\u00fcnfte Chakra liegt auf H\u00f6he des Kehlkopfes. Es steht f\u00fcr den Ausdruck und erscheint \u0001 \u0002 sechs ist violett oder indigofarben, wird das dritte Auge genannt und liegt auf der Stirn zwischen den Augen. Es steht f\u00fcr die Erkenntnis oder \u0001 \u0002 siebte Chakra schlie\u00dflich ist das Kronenchakra, es ist rein wei\u00df und liegt wie eine Bl\u00fcte \u00fcber der Kopfmitte. Es steht f\u00fcr die Aufl\u00f6sung.- Also, ganz ehrlich, das war ein bisschen viel auf einmal, kannst du das mit dem Impuls mal an einem Beispiel erkl\u00e4ren? - Lass mich \u00fcberlegen. Erinnerst du dich an den Mann, den wir vorhin getroffen haben? Der Impuls war bei ihm die Angst, sich verirrt zu \u0001 \u0002 Gef\u00fchl vermittelte ihm Unsicherheit, weil er sich hier nicht \u0001 \u0002 Intellekt lie\u00df ihn zu dem Schluss kommen, dass wir den Weg \u0001 \u0002 er ein ehrlicher Mann gewesen, h\u00e4tte er dankbar reagiert. Und das h\u00e4tte er zum Ausdruck \u0001 \u0002 w\u00e4re zu der Erkenntnis gekommen, dass er solche Situationen gut meistern kann und er h\u00e4tte den Gedanken loslassen \u0001 \u0002 h\u00f6rt sich vielleicht ein bisschen kompliziert an, aber nach dem Schema handeln Menschen gew\u00f6hnlich. Bei dem Mann vorhin wurde dieser Fluss allerdings ver\u00e4ndert. Er lie\u00df die zweite Bewertung durch sein Herz nicht zu, daher wirkte es dunkel. Und \u2026 was er dabei zum Ausdruck brachte war \u2013 eine L\u00fcge. Daher wird er auch zu keiner nat\u00fcrlichen Erkenntnis kom-men, und der Gedanke wird noch lange in ihm g\u00e4ren. - Ich glaube, im Groben habe ich verstanden, wie es funktioniert. Kannst du das eigentlich bei jedem sehen oder nur, wenn jemand l\u00fcgt? - Die Aura kann ich immer sehen, das kann jeder bei uns zu Hause, dachte Nahima mit einer schlichten Selbstverst\u00e4ndlichkeit und auf Jans fragenden Blick hin erg\u00e4nzte sie: - Eine Aura, das ist das Energiefeld, das jedes Lebewesen umgibt. - Du kannst also \u00b4sehen\u00b4, was andere denken?- Nein, nicht ihre Gedanken, nur ihre Energiefelder. Ich kann Ver\u00e4nderungen darin sehen. Anders ist es bei dir oder bei meinen Verwandten zu Hause \u2026 F\u00fcr einen kurzen Moment huschte ein trauriger Aus-druck \u00fcber ihr Gesicht. Jan zog sie ein wenig n\u00e4her zu sich heran. Sie lehnte den Kopf an seine Schulter. Um sie auf andere Gedanken zu bringen, fragte er: - Du hast mir gesagt, dass du wegen eines Auftrages hier bist. Was war das f\u00fcr ein Auftrag?- Ich wollte nicht hierherkommen, Jan! Meinen Auftrag hatte ich bereits beendet, ich war auf dem Weg nach Hause. Aber irgendetwas stimmte nicht mit \u2026 tja, ich wei\u00df nicht. Ich nehme an, dass mein Antriebskristall defekt war. Normalerweise werden in die Steuereinheit die genauen Koordinaten f\u00fcr den Hin- und R\u00fcckflug eingegeben. Ich brauche sie dann nur zu aktivieren. Aber als ich die R\u00fcckflugsequenz ausl\u00f6ste, gab es eine St\u00f6rung. Ich habe keine Ahnung, was danach geschah, ich bin erst durch den Aufprall hier wieder zu mir gekommen. Den Rest kennst du. Resigniert und mehr zu sich selbst setzte sie hinzu: - Und da mein Antriebskristall zerst\u00f6rt wurde, hat sich auch meine Transportmatrix aufgel\u00f6st \u2026 - Aufgel\u00f6st? Ich meine, wie kann sich eine Matrix einfach aufl\u00f6sen? Jan hatte jetzt beide H\u00e4nde ans Lenkrad gelegt, da er auf die Autobahn fuhr. - Na ja, wenn ich dem Wasser nicht sage, wo es hinflie\u00dfen soll, dann f\u00e4llt es in sich zusam\u00acmen, das ist nun einmal so!- Du meinst, dein Raumschiff \u2026 Transportmatrix, bestand aus Wasser? Jan musste hart auf die Bremse treten, um nicht auf seinen Vordermann aufzufahren. - Ja, nat\u00fcrlich, woraus denn sonst? Die junge Frau sah ihn verst\u00e4ndnislos an. - Wow! Deine Welt muss klasse sein! Ich glaube, die w\u00fcrde ich gerne mal besuchen. - Wenn wir einen Weg finden, wie ich zur\u00fcckkehren kann, dann bist du hiermit herzlich eingeladen, dachte sie mit einem etwas hoffnungslosen L\u00e4cheln.- Hey, in einer knappen Stunde sind wir an der Uni. Professor Ramanow erwartet uns schon. Ich habe gestern noch mit ihm telefoniert. Komm, erz\u00e4hl mir noch ein bisschen was von deinem Auftrag, das bringt dich vielleicht auf andere Gedanken!- Mein Auftrag? \u2013 Das ist schnell erz\u00e4hlt. Ich habe in alten Aufzeichnungen und Legenden Hinweise darauf gefunden, dass es einmal ein Volk der Meisterwandler gegeben haben muss. Sie sollen auf einem Planeten in unserem Sonnensystem gelebt haben, den es heute nicht mehr gibt. Ich hatte gehofft, auf unserem Nachbarplaneten \u2013 Herdescher \u2013 mehr In\u00acformationen \u00fcber sie zu finden. Das Wissen der Meisterwandler k\u00f6nnte uns vielleicht helfen zu verstehen, warum sich das Klima unseres Planeten ver\u00e4ndert. Unser Rat der Weisen bef\u00fcrchtet n\u00e4mlich, dass es sich rapide verschlechtern wird! - Du meinst, ihr steuert auf so etwas wie eine Eiszeit zu?- Ich denke ja! Deshalb wurden wir Lernenden angewiesen, unsere ganze Energie in die L\u00f6sung dieses Problems zu setzen. - Du sagtest, dein Auftrag sei bereits beendet gewesen; hattest du denn Erfolg, hast du die Informationen be-kommen? - Ja und nein \u2026 Die Bewohner von Herdescher sind recht \u2013 eigenwillig. Sie haben noch viel mehr mit Klimaver\u00e4nderungen zu k\u00e4mpfen als wir, vielleicht liegt es daran. Auf ihrem Planeten ist es viel zu trocken. Einige von ihnen sind schon zu uns \u00fcbergesiedelt, irgendwann werden wohl alle kommen m\u00fcssen. Wie auch immer, anstatt mir Informationen zu geben, gab mir die Hohe Priesterin von Herdescher ein R\u00e4tsel. Nahima lachte freudlos auf. - Sie sagte, wenn ich das R\u00e4tsel l\u00f6se, l\u00f6se ich die Probleme unseres Planeten! - Was f\u00fcr ein R\u00e4tsel?Sie richtete sich auf und begann zu rezitieren:Finde, was verloren gingEine, was zusammenhingLerne aus den Fehlern derer Die da waren keine weisen LehrerSantuan, den f\u00fcnften, wollten sie errettenDoch stattdessen gab es nur noch Leidensketten \u2026Dann gab sie mir ein Amulett. Und meine Audienz war beendet! Resigniert zog Nahima ein Schmuckst\u00fcck in Form eines Medaillons hervor, welches an einer Kette um ihren Hals hing. Jan wagte einen kurzen Seitenblick. - Wow, das sollten wir unbedingt auch Professor Ramanow zeigen!",
            "wordcount": "13.779",
            "chapter_release": "04.09.2013",
            "chapter_number": "1"
        }
    },
    "title": "Santuan - Der Fehler der Meisterwandler",
    "topic": "unspecified",
    "release": "\n04.09.2013\n\t\t\t\t\t\t",
    "author": "Santuan"
}