{
    "tags": [],
    "chapcount": "13",
    "wordcount": "13.395",
    "chapters": {
        "1": {
            "text": "Das ist die erste Version meiner neu aufgelegten Geschichte \"Suenos - Im Land der Tackel\", welche ich paralell hochladen werde :D Der Link dazu: http://\u0001 \u0002.de/s/574dab170005e3431f8d9a7b/1/Suenos-2016-Im-Land-der-TackelKurzbeschreibung: Bei der ersten Version geht es um die 16-J\u00e4hrige Alli, welche mit ihren Freunden auf mysteri\u00f6se Weise in Suenos landet - der Welt, der Hunde! Leider treibt der b\u00f6se Donner sein Unwesen und hat dazu noch Allis Lieblingslehrerin entf\u00fchrt! Alli bleibt nur eine Wahl; sie muss sich wieder erinnern, auch wenn es bedeuten m\u00fcsste ein Opfer zu bringen...Karte von Suenos: http://\u0001 \u0002-\u0001 \u0002/uploads/\u0001 \u0002",
            "wordcount": "110",
            "chapter_release": "31.05.2016",
            "chapter_number": "1"
        },
        "10": {
            "text": "Immer diese Frage-Antworten-Kapitel xD Meine Herren!Das Dalmatiner-Paar: http://\u0001 \u0002-\u0001 \u0002/\u0001 \u0002, der Neufundl\u00e4nder: http://\u0001 \u0002-\u0001 \u0002/Bilder/\u0001 \u0002 9Karen:\u201cSo. Hier ist der Laden meiner Eltern. Wir sehen uns dann zu Hause wieder. Aber tr\u00f6dele nicht. Wir haben heute noch viel zu tun.\u201c Alli:\u201cGeht klar. Bis gleich dann also.\u201c Karen hob zum Abschied kurz die Pfote, bevor sie im Gesch\u00e4ft verschwand. Alli musterte die Hundeklappe aus - echt kein Witz - Glas. Reinem Glas. Ihre Miene verfinsterte sich, bei dem Gedanken, da durch zu kriechen. Das Risiko, das Glas geistesgegenw\u00e4rtig zu zerbrechen, war \u00e4u\u00dferst peinlich. Die vertraute Stimme von Planpira lie\u00df sie aufsehen. An seiner Seite, drei weitere Chibie. Ein gelb, wei\u00dfes mit Brille, ein lila, wei\u00dfes Weibchen und einen relativ kleinen im Bund in dunkelgr\u00fcn, wei\u00df Alli:\u201cHe, Planpira!\u201c Planpira:\u201cAlli! Hallo. Darf ich vorstellen? Meine Freunde, Plimbrian, Aqua und Gold... Gelb, lila und gr\u00fcn.\u201c Alli:\u201cSehr erfreut.\u201c Plimbrian:\u201cGeht mir auch so, hehe.\u201c Planpira:\u201cWillst du mit uns gehen, oder hast du noch was vor? Wir wollen gleich zu Karen ihrem Hof.\u201c Alli:\u201cTut mir Leid, doch Karen hat mir aufgetragen das Zeckenschutzmittel f\u00fcr zwei F\u00fcchse zu besorgen. Wie waren noch gleich ihre Namen...?\u201c Aqua:\u201cDu redest hoffentlich nicht von Run und Gallen, oder!?\u201c Alli:\u201cD-Doch?\u201c Planpira:\u201cBist du bescheuert!?!?\u201c Alli:\u201cWarum den!?\u201c Aqua:\u201cRun und Gallen sind Waffenexperten. Sie dr\u00fccken dir ihre Knarre an Kopf, pusten dich aus, bevor du Chibie sagen kannst! Man muss sich vor Ihnen in acht nehmen! Zum einen, hassen sie die Bewohner der Stadt, was dir also keine Pluspunkte bringt.\u201c Gold:\u201cWarum sollte jemand in so einem Moment Chibie sagen?\u201c Aqua:\u201cDu wei\u00dft, wie ich das gemeint hab.\u201c Gold:Echt?\u201c Plimbrian:\u201cGold, halt einfach die Klappe!\u201c Gold:\u201cOkay.\u201c Planpira:\u201cD\u00fcrfen wir dich begleiten?\u201c Aqua:\u201cWAS!? Ich hoffe das war ein Scherz, den dann wer er dir ziemlich gut gelungen!\u201c Planpira:\u201cSehe ich aus, als w\u00fcrde ich scherzen?\u201c Gold:\u201cNein?\u201c Planpira:\u201cSeht ihr. Ihr k\u00f6nnt ja liebend gerne schon mal zur Schule vorgehen. Ihr unterst\u00fctzt die Menschenkinder bei ihrer Arbeit. Lasst euch von Karen Anweisungen geben.\u201c Gold:\u201cGeht in Ordnung.\u201c Gru\u00dflos zogen die drei Chibie\u00b4s an ihnen vorbei. Planpira krabbelte durch die Hundeklappe. Alli gab sich einen Ruck und rutschte vorsichtig hinein ins Krankenhaus. Alli rappelte sich auf und schlenderte m\u00e4\u00dfig zur Rezeption. Eine braune Labrador H\u00fcndin, l\u00e4chelnd, \u00fcber einem Hochzeitskatalog geb\u00e4ugt, registrierte sie nicht. Alli r\u00e4usperte sich. Elisa:\u201cAh, Kundschaft! Sch\u00f6nen guten Morgen, ich bin Krankenschwester Elisa. Wie kann ich Ihnen behilflich sein?\u201c Alli:\u201cWir ben\u00f6tigen das Zeckenschutzmittel f\u00fcr die F\u00fcchse.\u201c Elisa:\u201cF\u00fcr Run und Gallen, richtig?\u201c Planpira:\u201cAls wenn es so viele F\u00fcchse in der N\u00e4he g\u00e4be.\u201c Elisa:\u201cWarten sie, ich bring es Ihnen gleich. Setzten sie sich doch f\u00fcr eine Weile. Es k\u00f6nnte noch etwas dauern.\u201c Alli:\"Och, wir haben Zeit.\" Was zwar nicht ganz stimmte, doch wollte das M\u00e4dchen nicht unh\u00f6flich sein und unn\u00f6tigen Druck machen. Sie pflanzte sich hin und harrte solange auf ihrem Platz aus. Schweigend begann sie nerv\u00f6s auf- und ab zu wippen. Planpira besch\u00e4ftigte sich mit einer Zeitung. Das Rascheln der Zeitung kam einem so verdammt laut vor, wenn es so still war. Der Doktor, ein schm\u00e4chtiger, dunkler Norwegische Elchhund im wei\u00dfen Kittel, brach das Schweigen und \u00fcberreichte ihr das Mittel. Der R\u00fcde kratzte sich verlegen am Kopf. Doktor:\u201cEs tut mir ausgesprochen Leid. Elisa und ich heiraten bald. Seid Tagen bl\u00e4ttert sie lieber in Hochzeitskatalogen, statt das sie arbeitet. Das macht mich fertig.\u201c Planpira:\u201cMan heiratet schlie\u00dflich nur einmal im Leben.\u201c Alli:\u201cOder auch nicht.\u201c Doktor:\u201cWie jetzt?\u201c Alli:\u201cSchon gut, ich hab nur laut gedacht, hihi!\u201c Doktor:\u201cDie Jugend heutzutage. Wollen nicht mal mehr den Bund der Ehe eingehen. Wie sich die Zeiten doch \u00e4ndern. Wie dem auch sei, noch viel Spa\u00df mit dem Zeckenschutz.\u201c Alli:\u201cDanke, aber seid wann kann man mit Zeckenschutzmittel Spa\u00df haben?\u201c Doktor:Geht alles...\u201c Planpira:\u201cJetzt aber schnell. Sicher warten sie schon!\u201c Alli:\u201cDie warten schon seid Gestern drauf.\u201c Planpira:\u201cOh... Na dann, ich kenne eine prima Abk\u00fcrzung. Die Abk\u00fcrzung f\u00fchrt am Gasthof vorbei, durch den Park und dann den schmalen Weg zwischen der Schule von Barry und dem Kindergarten von Lila Dann an Greg seinem Haus vorbei und wir sind im Mystikwald.\u201c Alli:\u201cKlingt ja nicht gerade nach einer Abk\u00fcrzung...\u201c Planpira:\u201cIst es aber. Komm, ich kann dir Unterwegs ein paar interessante Dinge erz\u00e4hlen!\u201c Alli:\u201cDanke, aber das Meiste hat Brutus uns schon Gestern erz\u00e4hlt und erkl\u00e4rt. Doch eine Frage hab ich!\u201c Planpira:\u201cWelche?\u201c Alli:\u201cWarum gibt es zwei Schulen?\u201c Planpira:\u201cBarry sein Gut und Karen ihr Hof konkurrieren schon seid Generationen. Einmal im Jahr, im Herbstmonat, gibt es einen gro\u00dfen Wettkampf. In allen M\u00f6glichen Kategorien.\u201c Alli:\u201cDas ist bestimmt voll spannend.\u201c Planpira:\u201cDas ist es auch.\u201c Ihr Weg f\u00fchrte sie an einer bescheidenen Holzh\u00fctte vorbei. Es war, als flammte der Hauptsch\u00fclerin ihr Herz auf, bei dem Anblick einer so sch\u00f6nen H\u00fctte im Wald. Sie war einfach gebaut und doch besa\u00df sie etwas v\u00f6llig Einzigartiges und Modernes. Man sah River Hill schon in der Ferne. Planpira:\u201cHier wohnen Greg und sein Adoptivsohn. Greg ist ein Neufundl\u00e4nder. Ein ziemlich haariger, schwerer Hund. Stell dir vor, sein Adoptivsohn Turbo ist ein waschechter Censis Garou.\u201c Alli:\u201cEin Was?\u201c Planpira:\u201cEin Werwolf-Hund. Er ist ein Mischling.\u201c Alli:\u201cIst ja fett! So ein Werwolf, der sich bei Vollmond zu einer Bestie verwandelt?\u201c Planpira:\u201cNein, doch nicht so was. Das sind ganz andere Werw\u00f6lfe, bei denen man von einem Fluch spricht. Bei Censis Garous hei\u00dft es, sei es ein Segen. Sie k\u00f6nnen jeder Zeit die Gestalt eines Wolfshundes annehmen, au\u00dfer bei Vollmond.\u201c Alli:\u201cAlso umgekehrt. Mit dem muss ich mich mal unterhalten.\u201c Planpira:\u201cVersuch dein Gl\u00fcck, doch Turbo spricht nicht. Eines Tages, einfach so, von Heute auf Morgen, fing er an, nicht mehr zu sprechen. Tribun und Vivendi m\u00fcssen f\u00fcr ihn sprechen.\u201c Alli:\u201cWer sind die schon wieder?\u201c Planpira:\u201cDuke und Hannah, ein Dalmatiner Paar, dass in der Stadt ein Weingut besitzt, adoptierten Tribun und Vivendi, als niemand sie haben wollte. Selber konnten die gepunkteten Hunde keine Welpen bekommen.\u201c Alli:\u201cWas sind Tribun und Vivendi? Auch Werw\u00f6lfe?\u201c Planpira:\u201cTribun ist ein Vampir. Ein harmloser Vampir. Nur nichtsprechende Wesen und wilde vorallem stehen auf seiner Speisekarte. Und Vivendi... ist ein Zauberschwein... wie....\u201c Alli:\u201c...Donner. Oh. Wie kommen die Bewohner damit klar?\u201c Planpira:\u201cWenn er auf die Stra\u00dfe geht, dann nur mit seinem Mantel, mit hohen Kragen und Spitzhut, damit die Leute nicht sehen, was er ist. Das wissen die Meisten ja gar nicht. Man k\u00f6nnte sagen, die Bewohner im Dorf kennen nur seine gelben leuchtenden Augen, die wie scheinwerfer in der Nacht strahlen.\u201c Alli:\u201cDer Arme...!\" Planpira:\"Oh! Wir sind ja schon da!\u201c",
            "wordcount": "1.120",
            "chapter_release": "25.06.2016",
            "chapter_number": "10"
        },
        "11": {
            "text": "Kapitel 10Planpira lotete Alli auf den Berg der Zeit. Keuchend lie\u00df die Hauptsch\u00fclerin sich auf den harten Boden nieder. heimlich warf ein schwarzer, manngro\u00dfer Fuchs ihnen einen strafenden Blick zu. Sein Bruder, ein kleiner, dicker, rote Fuchs, polierte schweigend seine Killer-Ninja-Waffen. Ihm waren die G\u00e4ste v\u00f6llig gleich. Beide sa\u00dfen auf ihren Motorr\u00e4dern (der Auspuff war so gro\u00df, dass man h\u00e4tte mit grillen k\u00f6nnen, so drei, vier Steaks) und h\u00f6rten mit ihrer Arbeit brummte auf. Erwartungvoll sahen die ungleichen Zwillinge auf. Alli:\u201cGuten... Tag. Sind sie... Run und Gallen?\u201c Gallen:\u201cDie sind wir. Wieso, was willst du?\u201c Alli:\u201cWir bringen von Popkorn das Zeckenschutzmittel. Bitte.\u201c Run:\u201cKann die faule Sau nicht selber kommen? Dem Pl\u00fcschohr zieh ich die Beine Meter weit lang! Wie hei\u00dft du eigentlich? Sollte man sich nicht erstmal vorstellen? Unerh\u00f6rt...\u201c Run, der schwarze Fuchs, musterte sie argw\u00f6hnisch. Verbl\u00fcfft von seiner sp\u00f6ttischen Tonart und seinem musternden Blick, war sie unf\u00e4hig etwas zu antworten. Planpira plusterte sich auf, machte sich gro\u00df und ging mit geschwelter Brust auf ihn zu. Planpira:\u201cNa h\u00f6r mal! Sie hat euch das Zeckenschutzmittel gebracht! Da erwartet man ein Mindestma\u00df an H\u00f6flichkeit oder zu mindestens ein einfaches Dankesch\u00f6n!\u201c Ruckartig holte Run aus. Der Chibie stolperte R\u00fcckwerts nach hinten. Daraufhin dr\u00fcckte er den Pinguin zu Boden, dr\u00fcckte ihm die Knarre an die Schl\u00e4fe mit entbl\u00f6\u00dften Z\u00e4hnen und aus seiner Kehle dran ein gr\u00e4ssliches Knurren. Aufgebracht schnappte Alli nach Luft. Gallen war hingegen zu seinem Bruder die Ruhe in Person. Dieser sah zu und schwieg ohne eine Mimik zu verziehen. Planpira:\u201cAHHH! Meine Federn, du Vollidiot!\u201c Run:\u201cH\u00f6r mir mal gut zu, Zwerg! Mir ist es egal was du, sie oder ihr Beide von mir erwartet! Ob ein Danke oder ein Tritt in Hintern, das ist mir Gleich! Solange wie ihr in meinem Revier seid, habe nur ich Fragen und Forderungen zustellen! Haben wir uns verstanden, Zwerg oder muss ich dir es erst...\u201c Alli:\u201c...Lass ihn in Ruhe, sonst...\u201c Run:\u201cSonst was?\u201c Alli:\u201cSonst DAS!\u201c Mit einem gezielten Schlag (den sie oft in der Klasse bei Edu und Gian an wandte) ins Gesicht, bewegte sie den Fuchs dazu von Planpira los zulassen. Der Chibie sprang auf, schmiegte sich an das M\u00e4dchen, als sei er ihr Partner. Taumelnd erhob sich Run, f\u00fchlte seine Wange. Blut bedeckte seine Handfl\u00e4che. Gallen staunte nicht schlecht. Gallen:\u201cVoll gegeben!\u201c Run:\u201cHalt die Fresse, Fettsack!\u201c Gallen:\u201cAlso ich mag sie jetzt schon. Die macht dich schlimmer fertig, als Leoparadina dich so manchmal.\u201c Run:\u201cHalt einfach dein Maul, kapiert!?\u201c Gallen:\"Sie hat das Temprament eines Fuchses, wie...\" Run:\"...Jetzt HALTS MAUL!\" Gallen:\u201cMeine Herren, jetzt darf man dem Goldkind nicht mal an die Windel packen. Vergesse nur nie, dass Mama mich lieber hatte als dich!\u201c Run:\u201cWeil du `ne fette Heulsuse warst! Genug davon. Du scheinst dich mit mir anlegen zu wollen, M\u00e4dchen. Versprochen, das kommt dir nicht gut. Du l\u00e4sst zwar die F\u00e4uste sprechen, willst mir aber deinen bezaubernden Namen nicht mal verraten.\u201c Alli:\u201cMein Name ist Alli. Kein toller Name. Jetzt zufrieden?\u201c Dieses Schnippische und Herausfordernde war nicht gerade ihr Element, dessen ungeachtet, schien sie Run zum staunen gebracht zu haben. Mit angelegten Ohren stand, auch wenn immer noch viel zu stolz, leckte er sich verlegen \u00fcber die Brust, wie eine Katze. Run:\u201cD-Du bist... Ich m-m-meine, wie... Das ist...\u201c Alli:\u201cHab ich was falsches Gesagt?\u201c Planpira:\u201cDer Typ hat `ne Schraube locker. Eindeutig.\u201c Gallen:\u201cBist du... das Hundi?\u201c Alli:\u201cDas Hundi?...! Nat\u00fcrlich! Das war mein Spitzname im Kindergarten und in der Grundschule!\u201c Gallen:\u201cWas!? Sie lebt!? Kneift mich mal einer!?!?\u201c Planpira:\u201cWOW!!! Und wir dachten, du wehrst tot!\u201c Alli:\u201cH\u00e4h?\u201c Planpira:\u201cDraghi erz\u00e4hlte uns, du seist gestorben mit Dirty!\u201c Alli:\u201cI-Ich bin damals weggezogen...\u201c Run:\u201cDann war das also alles L\u00fcge!? Warum hast du uns nicht sofort erz\u00e4hlt, wer du bist!? M\u00e4dchen, du hast dich sooo ver\u00e4ndert! Du bist gr\u00f6\u00dfer und erwachsener! Und viel ruhiger!\u201c Sichtlich peinlich ber\u00fchrt schaute sie zwischen den Tieren hin und her. In der Situation sehnte Alli sich die Katzenaugen herbei, blo\u00df an diesem Morgen erschienen die lila Augen keineswegs. Es war als w\u00fcrden die Augen noch schlafen. Noch tief und fest. Alli:\u201cLeute, ich bin `n bisschen \u00fcberfordert... Es ist so, ich habe alles Vergessen. Alles! Nur meine lila Katzenaugen k\u00f6nnen mir ein wenig helfen. Ich bin mit der Sache v\u00f6llig \u00fcberfordert.\u201c Planpira:\u201cWie, du wei\u00dft nichts Mehr von Fr\u00fcher? Kein Funken?\u201c Gallen:\u201cIrre! Komplett Irre!\u201c Run:\u201cAch, wie gerne w\u00fcrde ich dich jetzt dr\u00fccken!\u201c Alli:\u201cNein danke. Ich steh nicht so auf kuscheln.\u201c Gallen:\u201cWohoho! Du kannst nicht von er fast erwachsenen Frau erwarten, dass sie einen ungehobelten Flegel wie dich dr\u00fccken soll, hohoho!\u201c Run:\u201cLach du nur, Fetti!\u201c Gallen:\u201cMama hat gesagt, du sollst mich nicht \u00e4rgern!\u201c Run:\u201cMama ist aber nicht hier, Idiot!\u201c Planpira:\u201cOh Gott, sind die peinlich.\u201c Alli:\u201cSagt mal, gibt es eine Person die mich in Kristallstadt wirklich gut kannte und von mir sehr viel wei\u00df?\u201c Run:\u201cHmm... Gute Frage...\u201c Planpira:\u201cIch wei\u00df es. Entweder Der Baron, Draghi, Turbo, Karen oder...\u201c Alli:\u201cOder wer?\u201c Planpira:\u201c\u00c4h, es ist nicht ganz so leicht... also...\u201c Run:\u201cpack aus, Blaufu\u00df, oder Blei steckt in deinem Kopf!\u201c Planpira:\u201cURGH! Also sch\u00f6n! Ich rede von Donner!\u201c Alli:\u201cDonner!? Dieses Wildschwein-Dings?\u201c Planpira:\u201cJa, der Donner. Das ist aber eine ziemlich lange Geschichte... Draghi k\u00f6nnte dir alles erz\u00e4hlen, was er wei\u00df. Und er wei\u00df noch sehr viel von damals. Wenn es dir beliebt.\u201c Alli:\u201cOje... Ich will mit der Sache, dass ich das Hundi bin, kein Aufsehen erregen. Ich w\u00fcrde ganz gerne noch hinter dem Berg bleiben mit...\u201c Run:\u201cMachst du Witze!? Draghi kann man alles anvertrauen und er plaudert es nicht aus!\u201c Planpira:\u201cEr kommt eh niemals nach Kristallstadt, au\u00dfer vielleicht ganz sp\u00e4t abends, wenn alle schlafen. Also so schnell w\u00fcrde die Sache nicht an die \u00d6ffentlichkeit geraten.\u201c Gallen:\u201cJa, au\u00dfer einer verplappert sich.\u201c Run:\u201cDas stimmt.\u201c Planpira:\u201cAber k\u00f6nnen auch deine Freunde verschwiegen sein?\u201c Alli:\u201cWieso?\u201c Jessica, Lukas und Nathali:\u201cHallo Alli. Oder sollten wir besser sagen, dass Hundi?\u201c Plimbrian und Aqua:\u201cHihihi!\u201c Alli:\u201cAhhh!!! Was macht ihr den hier!?!?\u201c",
            "wordcount": "1.017",
            "chapter_release": "25.06.2016",
            "chapter_number": "11"
        },
        "12": {
            "text": "Kapitel 11Jessica:\u201c...Und genau das hab ich in der Nacht mitbekommen.\u201c Alli:\u201cDeswegen war mir so komisch beim Aufstehen.\u201c Tief im Mystikwald gab es einen kleinen See. Hinter ihm gab es eine H\u00f6hle, die man nur im Winter betreten konnte, wenn eine dicke Eissicht das Wasser bedeckte. Dies war der Bau eines dunkelgr\u00fcnenfarbenden Drachen. Draghi. Die F\u00fcchse, die Chibies und die Kinder beschlossen den Drachen ihre kleines Geheimnis anzuvertrauen. Am knisterten Lagerfeuer berichtete Jessica von dem Vorfall in der Nacht. Gef\u00e4llig lauschte der Drache ihrer Rede. Seine Krallen scharrten steif am Boden bei der blo\u00dfen erw\u00e4hnung Donner seines Namen. Spannung lag in der Luft. Draghi:\u201cSo, so... Dirty ist also nun dein Schutzgeist, liebe Hundi. Wer h\u00e4tte so was voraus sagen k\u00f6nnen? Nicht mal die gro\u00dfen Geister pers\u00f6nlich. Zwischen euch muss eine tiefe Freundschaft bestehen.\u201c Alli:\u201cDabei habe ich kein Plan, wer oder wie Dirty ist.\u201c Draghi:\u201cGeduld. Es gibt einen Weg, damit dein Ged\u00e4chtnis zu dir zur\u00fcck kehrt. Aber glaub mir, ihr wart die aller, aller besten Freunde.\u201c Run:\u201cHa! Das kann Erna von allen am Besten best\u00e4tigen!\u201c Lukas:\u201cUnd wer ist das wieder jetzt?\u201c Gallen:\u201cSie ist eine \u0001 \u0002-jahre alte Riesenschildkr\u00f6te. Kommt jeder Sommer zu Besuch. Meist ist sie mit ihrer Familie hier. Die fliegenden Killerwale Paris und deren Tochter Karla und Simon. Ein Meermensch. Das ist eine ganz lustige...\u201c Jessica:\u201c...Uuund was ist mit Erna?\u201c Gallen:\u201cT\u00fcrlich. Mich sch\u00f6n unterbrechen, wenn ich mittendrin bin... Merk ich mir...\u201c Jessica:\u201cHehehe, Sorry.\u201c Draghi:\u201cSie ist Schamanin. Sie kann dir helfen dein Ged\u00e4chtnis wieder zu erlangen. Vorhausgesetz, Dirty erlaubt es. Die Entscheidung liegt bei deinem Schutzgeist.\u201c Gallen:\u201cDu sagst das so einfach Draghi. Sie ist alt. Vermutlich wird sie an Zauberkraft nicht mehr viel tun k\u00f6nnen.\u201c Run:\u201cPah! Alt! Alter ist nur eine Zahl. Sie ist noch Topfit und steckt noch voll Leben. Was beutet schon Alt, wenn das Herz jung ist.\u201c Aqua:\u201cOhne Erna sind wir sowieso aufgeschmissen. Immerhin geht es auch dabei um Donner und Night. Wir ben\u00f6tigen ihre Hilfe dringend, ansonsten k\u00f6nnen wir einpacken.\u201c Plimbrian:\u201cDeshalb sollten wir Erna mal einen Besuch abstatten.\u201c Draghi:\u201cGute Idee!\u201c Alli:\u201cApropo Donner. Was habt ihr mit gemeint, Donner w\u00fcrde mich angeblich gut kennen? Wisst ihr mehr?\u201c Planpira:\u201cUngl\u00fccklicherweise, ja.\u201c Nathali:\u201cWie jetzt?\u201c Draghi:\u201cVor sechs Jahren... da war das Hundi praktisch jeden Tag in unserer Welt, als sie einst aus dem Nichts auftauchte. Durch den Zauberstein war es ihr M\u00f6glich von einer Welt zur anderen zu flippen. Jeder Zeit.\u201c Nathali:\u201cHa! Wusste ich es doch!\u201c Lukas:\u201cWas?\u201c Nathali:\u201cNa das man mit dem Stein Teleportieren kann!\u201c Jessica:\u201cSchlau, soweit waren wir auch schon!\u201c Aqua:\u201cFahrfort!\u201c Draghi:\u201cJedenfalls, Hundi war in ganz Suneos bekannt. Meist mit Dirty unterwegs. Ihr wart ein g\u00f6ttliches Paar. Dirty studierte die Kunst des Schamanismus und du, Hundi, du erlerntest die Kunst der der Verwandlung, die Metamorphose, bei den Chibies und teilweise beim Baron.\u201c Alli:\u201cEcht jetzt?\u201c Planpira:\u201cDas stimmt. Wir sind bekannt f\u00fcr unsere F\u00e4higkeit.\u201c Jessica:\u201cVoll fett! Alli, ich meine Hundi, dein Leben war ja echt beneidenswert. Bestimmt gab es jeden Tag ein Abenteuer!\u201c Run:\u201cAb und zu schon, nur ist unsere Welt im wesentlichen nicht anders als alle anderen.\u201c Draghi:\u201cEines Tages fand sie im Mystikwald ein kleines, schwache Frischling, wessen Mutter von Run get\u00f6tet wurde.\u201c Lukas:\u201cOh mein Gott! Wie konntest du nur!?!?\u201c Run:\u201cD-Das war ein Unfall!!!\u201c Draghi:\u201cUnterbrecht mich doch nicht!\u201c Alli:\u201cEcht mal. Wie ging es weiter?\u201c Draghi:\u201cIm Haus von Karen zogst du es auf. Es lernte schnell den aufrechten Gang, das sprechen und sogar das Zaubern.\u201c Lukas:\u201cVon Alli?\u201c Draghi:\u201cOh nein. Von Paskal. Er lebt mit deinem Sohn Cody am Strand und der beste Freund von Erna. Ein hervorragender schwarzer Magier. Einer der Besten. Dieser Leonberger (das musste Lukas gleich wieder nachschlagen und kramte sein Hundebuch aus der Tasche), brachte ihm alles bei, was er wusste. Erna beobachtete dies den ganzen Sommer lang. Die Arbeit des alten Moloserhundes war zwar gut, nur schon bei der ersten Begegnung, erkannte Erna in ihm ein b\u00f6sartiges Wesen. War ja auch schlie\u00dflich Donner. Gold:\u201cGrrr, Donner!\u201c Draghi:\u201cErna redete energisch auf Paskal, so wie auf Hundi ein, jedoch glaubtet ihr ihr kein Wort und ignorierten ihre Wahrung.\u201c Gallen:\u201cZur der Zeit gab es einen Schrein unten im Tal den KEINER betreten durfte zur der Zeit. Trotz des Verbotes, betrat er den Schrein. In diesem Schrein war ein dunkler Zepter, den Donner nun sein Eigen nennt. Dieses Teufelswerkzeug zog ihn magisch an. Laut Legende, wer er einst die Waffe des Drachen Natrium, mit dem er so viele Welten ausl\u00f6schte.\u201c Run:\u201cDein Zorn war damals so enorm, Hundi, dass dir die Hand ausrutschte, was Donner zu tiefst verletzte...\u201c Lukas:\u201cWar das der Grund, warum Donner b\u00f6sartig wurde?\u201c Run:\u201cNicht ganz. Darf ich weiter erz\u00e4hlen, Draghi?\u201c Draghi:\u201cNur zu.\u201c Run:\u201cGut. Donner wusste, wie sehr du Dirty liebtest. Er tat alles f\u00fcr dich, wollte dir ein guter Partner sein. Bald verstand auch er. Da war nichts mehr zu r\u00fctteln, dein Herz geh\u00f6rte Dirty der Ratte. Aus Verzweiflung wurde Hass. Nicht auf dich. Auf Dirty. In dem Haus, indem sie damals lebten, was nun ein Schulgeb\u00e4ude von Karen ihrem Hof ist, brannte ab \u00fcber Nacht. Mit sich die Familie von Dirty. Sie erwischten ihn, wie er seine Tat gerade beendete und verbannten ihn aus Kristallstadt. Dies jedoch war Dirty nicht genug. Er schwor Rache, die er auch bekam... Wobei er sein Leben lie\u00df...\u201c Jessica:\u201cNathali, heulst du?\u201c Nathali:\u201cDas ist doch alles total traurig!\u201c Draghi:\u201cHundi verfiel in eine tiefe Trauer und Depression. Dann kam auch noch der Umzug in eine neue Stadt dazu. Mit dem Zauberstein alles kein Problem, doch... doch wolltest du von unserer Welt nichts mehr wissen. Du warfst den Zauberstein in den See von River Hill und batest mich, allen zu erz\u00e4hlen, du seist mit Dirty im Kampf gegen Donner gestorben. Nur widerwillig konnte ich der Bitte nachgehen.\u201c Planpira:\u201cDa warst du fort. F\u00fcr sechs lange Jahre.\u201c Lukas:\u201cWie genau starb Dirty den?\u201c Run:\u201cIch hab keine...? Huch? Hundi, deine Augen!\u201c Lukas:\u201cDer lila Katzenblick!!!\u201c Das Hundi:\u201cDirty starb, als er Donner mit einem Fluch in einen Tiefschlaf versetzte! Es gelang ihm, doch musste er ein Opfer bringen, indem er dabei sein Leben lie\u00df und... hm?\u201c Lukas:\u201cAch man! Du hattest schon wieder die Katzenaugen!\u201c Run:\u201cDu hast von Dirty seinem Tod berichtet.\u201c Alli:\u201cOh...\u201c Planpira:\u201cLasst uns f\u00fcr heute Feierabend machen.\u201c Plimbrian:\u201cPuh, gut! Mein Fu\u00df ist eingeschlafen!\u201c",
            "wordcount": "1.073",
            "chapter_release": "31.07.2016",
            "chapter_number": "12"
        },
        "13": {
            "text": "Kapitel 12Beim Abendessen verlief alles still. Alli ihr L\u00f6ffel kratzte leise auf dem leeren Teller umher. So viele spannende Geheimnise, die ans Licht kamen. Lautlos erhob sich Brutus von seinem Sitz, um aus dem h\u00f6lzernen Schrank ein eingewickeltes P\u00e4ckchen zu entnehmen. Noch nie zuvor gesehene gr\u00fcne Bl\u00e4tter. Lukas mussterte das Gr\u00fcnzeug, welches sich Brutus gen\u00fcsslich in die Schnauze schob. Brutus:\u201cDas sind Panbl\u00e4tter. Sie machen den Kopf frei.\u201c Karen:\u201cHast du noch nie welche probiert?\u201c Lukas:\u201cN-Nein. Ich bin mir nicht mal sicher, ob es die in unserer Welt gibt.\u201c Karen:\u201cTja, dann wird es Zeit.\u201c Behutsam schob sie ihm ein Blatt in den Mund. Lukas kaute, verzog das Gesicht. Er dachte, den wiederlichen Geschmack von Gras auf der Zunge zu sp\u00fcren. Er kaute weiter. Der furchtbare Geschmack verzog sich und ein v\u00f6llig anderers Aroma breitete sich im Mund aus. So erfrischend wie Minze. Brutus:\u201cAber nicht runter schlucken! Die Zerkaut man nur.\u201c Alli:\u201cDarf ich auch mal?\u201c Karen:\u201cHier.\u201c Jessica:\u201cIch auch, ich auch!\u201c Brutus:\u201cHe, das sind immer noch meine! Nimmt nicht so viele!\u201c Karen:\u201cWir haben doch noch genug, also kein Aufstand. \u00dcbrigens, Brutus vergiss nicht das wir heute Abend in Gasthof wollen. Zieh dir also was an.\u201c Brutus:\u201cOh, stimmt. Kinder, k\u00f6nnt ihr euch um Rainbow k\u00fcmmern? Nur kurz Striegel und etwas Fleisch geben. Seine Steaks sind im K\u00fchlschrank.\u201c Karen:\u201cWAS!? Ich dachte wir nehmen sie mit!? Fast meine ganzen Freunde sind da und ich wollte ihnen ein paar Leute vorstellen!\u201c Alli:\u201cKein Problem. Wir k\u00f6nnen ja nachkommen.\u201c Karen:\u201cSicher? Das wer sehr lieb von euch.\u201c Lukas:\u201cUnd wenn es uns bei\u00dfen will?\u201c Brutus:\u201cDann aus Hunger oder Langeweile.\u201c Jessica:\u201cNa super...\u201c Nathali:\u201cK-K\u00f6nnt ihr das nicht a-a-alleine machen?\u201c Jessica:\u201cTzzz, kannst du gleich vergessen! Du kommst mit!\u201c Dankbar steckte die Belgische Sch\u00e4ferh\u00fcndin den Kindern heimlich noch ein paar Panbl\u00e4tter zu und \u00fcbernahm den l\u00e4stige Abwasch. Die Kinder verlie\u00dfen das Haus. Die kleine Scheune, mit dem Dach aus Schilf, war der Stall des Dinosaurier. Alli knipste das Licht an. Vertr\u00e4umte blickte der fast zwei Meter gro\u00dfe Raptor-Mischling Rainbow auf. Seine bunte Echsenhaut klitzerte im Schein der Lampe. Sein interesse gegen\u00fcbern den Menschen war nicht sonderlich gro\u00df. Wie ein Hund, drehte er sich ein paar mal im Heu, bis er sich schwer auf die Seite falle lie\u00df und weiter d\u00f6ste. Trotz der friedlichen Erscheinung, hielt Nathalie respektvoll abstand. Nathali:\u201cI-Ich will nicht!\u201c Alli:\u201cAm Arsch du machst sch\u00f6n mit. Hier. Striegel ihn!\u201c Nathali:\u201cWieso ich?\u201c Lukas:\u201cOder willst du ihn f\u00fcttern?\u201c Nathali:\u201cKann ich e-euch nicht aus der Ferne bewundern?\u201c Jessica:\u201cNein, aber aus der N\u00e4he. Jetzt mach!\u201c Das M\u00e4dchen schob sich an der Wand entlang zu ihm hin\u00fcber. Sein Schweif peitschte bedrohlich. Seine Krallen zuckten. Mit M\u00fche und Not unterdr\u00fcckte sie ihre Angst, griff nach der B\u00fcrste und striegelte ihn den Dreck aus jeder Rille. Der Saurier schnurrte zufrieden. Jessica hielt ihm ein Steak hin. Gierig schlang er die Bissen runter. Zufrieden leckte er ihr die Hand ab. Alli lachte am\u00fcsiert. Lukas hingegen wusste nicht genau, ob er das Ablecken niedlich oder eher abartig finden sollte. Lukas:\u201cOb Rainbow Panbl\u00e4tter mag?\u201c Alli:\u201cLass das!\u201c Lukas:\u201cNur Eines. Bitte!\u201c Jessica:\u201cVergiss es!\u201c Trotz allem Widerspruch, hielt Lukas ihm ein paar Panbl\u00e4tter hin. Rainbow schnupperte wissbegirieg daran. Seine gelben Augen blitzten auf. Schnell zog Lukas die Hand weg und grinste. Beleidigt gab Rainbow ein bedrohliches Zischen von sich. Alli:\u201cIch warne dich, wenn Rainbow auch nur ein klitzekleines St\u00fcckchen in die Schnauze nimmt, dann reise ich DIR den Kopf ab! Wer wei\u00df, wie Dinosaurier auf Panbl\u00e4tter reagieren.\u201c Lukas:\u201cAch...!\u201c Krallen schlugen hart gegen die Schulter des Jungen. Blut lief \u00fcber seinen Arm. Erschrocken stolperte Lukas r\u00fcckwerts ins Heu\u00b4 Nathalie schrie entsetzt auf. Rainbow k\u00fcmmerte sich nicht darum, sondern presste seine breite Schnauze ins Heu und suchte schnuppernd nach den Bl\u00e4ttern. Binnen fand er sie. Alli verpasste ihren Klassenkameraden einen Hieb. Verdutzt starrte Lukas sie an. Lukas:\"Autsch! Wof\u00fcr war das den jetzt!? ich bin doch hier das Opfer!\" Alli:\u201cDas war daf\u00fcr, dass du meine Warnung ignoriert hat. Das hast du jetzt davon, Idiot!\u201c Lukas:\"S-Sorry...\u201c Jessica:\u201cUnd jetzt?\u201c Nathali:\u201cVielleicht Magen auspumpen?\u201c Alli:\u201cUnd wie stellst du dir das vor?\u201c Nathali:\u201cKeine Ahnung?\u201c Jessica:\u201cSchlau!\u201c Wie eine Kuh auf der Weide, malmte der Raptor sinnlich auf den Bl\u00e4ttern umher. Sein Blick wurde sanft und er sah beruhig drein. Nathalie presste sich steifer an die Wand. Rainbow wirkte wie auf Droge. Lukas:\u201cIch finde, es scheint ihn ganz gut zu gehen.\u201c Jessica:\u201cWer wei\u00df, wie lange noch.\u201c Wie aufs Stichwort, riss der Mischling die Augen auf, keuchte aufgebracht und nahm reisaus. Jessica wollte nach seinen Z\u00fcgeln greifen. Erwischte jedoch nur noch seine Schwanzspitze und stolperte durch die T\u00fcr auf den Hof. Er schnellte zur Br\u00fccke, die in den Mystik Wald f\u00fchrte. Jessica:\u201cSchei\u00dfe, der will in den Wald!!!\u201c Lukas:\u201cOh, oh...\u201c Jessica:\u201cDas ist alles nur deine Schuld!\u201c Lukas:\u201cIst es nicht!\u201c Jessica:\u201cDoooch!\u201c Lukas:\u201cNeiiin! Du bl\u00f6de alte...! H-Hey Alli!\u201c Nathali:\u201cDie lila Katzenaugen!\u201c Jessica:\u201cAlli, \u00e4hm, Hundi, schnappe dir Rainbow!\u201c Alli:\"Nichts leichter als das!\" Jessica feixte gro\u00dfspurig Nathalie an. Diese verdrehte genervt die Augen. Erregt feuerte sie lautstark ihre Freundin an, die nach einem Seil griff und ein Knoten zusammeband, wie ein Lasso. Mit Jessica ging die Fantasie durch. Doch statt einer spannenden Jagdt wie im wilden Westen keine Spur. Indes stimmte Alli nur eine Lied an und sang drauf los. Jessica staunte. Noch nie zuvor hatte sie ihre Freunden singen geh\u00f6rt. Nie. Rainbow wirbelte um und starrte sie wie versteinert an. Mit leisen Sohlen schlich sie auf ihn zu. Nah genug warf sie ihm das Seil um den Hals und fl\u00fcsterte ihm beruhigen Worte zu. Das M\u00e4dchen erfasste schusselig die Z\u00fcgel des Rauptiere und dirigierte ihn heimwerts in sein Stall. Lukas und Nathalie machten ehrf\u00fcrtig platz. Jessica:\u201cSuper gemacht!\u201c Lukas:\u201cWahnsinn!\u201c Alli:\u201cJa, fr\u00fcher bin ich immer auf Rainbow geritten. Wisst ihr, wenn Brutus Panbl\u00e4tter dabei hatte, dann wollte er sie immer haben. Rainbow war schon immer verr\u00fcckt. Fast Schade, dass ich gleich alles wieder vergessen werde.\u201c Lukas:\u201cWie jetzt!? Du bist bei vollem Bewusstsein, wenn du lila Katzenaugen bekommst? Ich dachte, du ratterst das ohne zu \u00fcberlegen einfach herunter.\u201c Alli:\u201cNein. Ich bin bei vollem Bewusstsein! Aber wo wir dabei sind, ich wei\u00df wo das Versteck von Donner ist, wo er vielleicht Frau Gleiniger gefangen hat und wir vielleicht Night finden w\u00fcrden! Es ist ganz einfach, wir...\u201c Jessica:\u201cJa, ja, ja!?!? Sag schon!\u201c Alli:\u201cW-Was?\u201c Lukas:\u201cARGH!!! Nein, nein, NEIN!!! Das kann es doch nicht geben! Diese Katzenaugen machen einen noch Wahnsinnig!\u201c Alli:\u201cWas hab ich gesagt!?\u201c Nathali:\u201cDu wei\u00dft wo Donner sein Versteck sein soll.\u201c Alli:\u201cOh ha!\u201c Jessica:\u201cSo ein Jammer... Kann man nichts machen.\u201c Lukas:\u201cKommt, wir sind mit Rainbow fertig. Auf zum Gasthof.\u201c Alli:\"Hm, gut. Ich bringe ihn schnell rein.\" Nathalie:\"Ja, aber binde ihn bitte super fest an.\" Entr\u00fcstet schnappte der Saurier nach Nathalie ihr Schirt und rupfte ihr ein St\u00fcck ab. Eiskalt lief es ihr den R\u00fccken runter, bei der f\u00fcrchterlichen Vorstellung, es sei ein K\u00f6rperteil von ihr. Benommen gaffte sie das Tier, wie einen kranken M\u00f6rder an. Ein verlegendes Grinsen huschte \u00fcber Alli ihr Gesicht. Nathalie erwiederte dieses mit einer versteinerten Miene. Schnatternd stie\u00df Rainbow ihr unsanft in die Rippen. Um einen schweren Mast knotete sie das Lasso. Sch\u00f6n stramm. Alli war schon klar, dass er sp\u00fcrte das Alli das Hundi war und wollte nicht mehr von ihrer Seite weichen. Nur musste sie los. Um keinen Preis wollte sie das Fest im Gasthof verseumen auf welches sie sich schon sehns\u00fcchtig freute auf eine eigenartiege Weise.",
            "wordcount": "1.281",
            "chapter_release": "31.07.2016",
            "chapter_number": "13"
        },
        "2": {
            "text": "Kapitel 1Gedankenverloren schaute das M\u00e4dchen Alli in die Ferne. Sie seufzte. Lukas schien zu ahnen was ihr fehlte. Auch Jessica und Nathali konnten es sich denken. Michel schaute verdutzt hin und her zwischen den Kindern die besorgt drein schauten. Michi:\u201cW-Was ist den los?\u201c Lukas:\u201cDie Sache mit Frau Gleiniger macht dir Sorgen, ne?\u201c Alli:\u201cSchon... Aber da ist noch was, was mir Sorgen macht...\u201c Jessica:\u201cUnd was?\u201c Alli:\u201cA-Ach lass das mal meine Sorge sein...\u201c Jenny:\u201cPssst! Seid doch mal leise!\u201c Wie ein Lied ging ihr noch was v\u00f6llig anderes durch den Kopf. Ihre Kindheit. Im Alter von Zehnjahren, lebte sie an einen v\u00f6llig anderen Ort. Da kannte sie Jessica und die anderen noch gar nicht. Das war vor sechs Jahren. Eine ziemlich lange Zeit. Nur ein paar gl\u00fcckliche Tage, der Geruch nach Sommerwind und Wald, nach Wasser und Sand und ein Lebensgef\u00fchl das nicht zu beschreiben war, war ihre winzigste Erinnerung an Fr\u00fcher. Der ein zigste Beweis, dass es diese Zeit \u0001 \u0002 andere Problem war ihre Lieblingsenglischlehrerin Frau Gleiniger. Vor einigen Tagen verschwand sie spurlos. Niemand wusste, was mit ihr war. Nicht einmal die Lehrer. Michel:\u201cDas wird schon, mach dir keine Sorgen.\u201c Es klingelte. Das hei\u00df ersehnte Wochenende lief an. Das letzte Wochenende vor den gro\u00dfen Sommerferien. Wie schnell doch ein Schuljahr verging. M\u00fcde rafften sich die Hauptsch\u00fcler mit steifen Knochen auf, streckten sich, g\u00e4hnten lautstark und kramten ihr Zeug zusammen. Jessica und Alli waren die Letzten die gingen. Jessica:\u201cWenn wir den Bus verpassen, ich schw\u00f6re, dann darfst du mich bis zum Stadtschloss tragen!\u201c Alli:\u201cNein Danke, aber Laufen w\u00fcrde dir ganz gut tun, da...! Oh! Und weg ist er...\u201c Jessica:\u201cWas!?!? NEEEIN! WARTE!!!\u201c Hysterisch rannte die Streberin dem Bus hinterher. Alli blieb auf der Stelle stehen. Wusste, der w\u00fcrde nicht mehr Anhalten. Bis der n\u00e4chste Bus k\u00e4me, h\u00e4tte man locker drei, vier mal zum Stadtschloss runter laufen konnten. Jessica, tobte, fluchte, war jedoch nicht ernsthaft w\u00fctend, sondern grinste noch. Sie knirschte mit den Z\u00e4hnen. Alli grinste. Jessica:\u201cDieser Idiot! Fuhr einfach weiter, dabei habe ich sogar gewunken, dieser bl\u00f6de \u2026!\u201c Lukas:\u201cEy wartet mal auf mich!\u201c Nathali:\u201cAuf mich auch!\u201c Alli:\u201cNa, auch Bus verpasst?\u201c Lukas:\u201cJipp. Mein Vater wollte mich eigentlich abholen, hat aber eben abgesagt, als ich ihn anrief. Jetzt muss ich laufen. Darf ich mit euch gehen?\u201c Jessica:\u201cVon mir aus... Und was ist mit Nathali?\u201c Nathali:\u201cJenny und Jennifer haben mich aufgehalten. Und ich wollte auf euch eigentlich warten.\u201c Jessica:\u201cNa klasse. Will die jetzt mit uns laufen!? Oh man...\u201c Nathali war sehr eigenartig, weshalb Jessica nicht viel von ihr hielt. Leicht verbl\u00f6det war sie. Fand Jessica. Manchmal tat sie Sachen oder sagte Dinge, die man im selben Momente lieber wieder vergessen sollte. An diesem hei\u00dfen Sommertag gab sich das M\u00e4dchen dann doch noch einen Ruck. Zu viert schlenderten sie durch die hei\u00dfen Stra\u00dfen. Der Asphalt schimmerte wie ein Hitzemeer. Schwei\u00df tropfte den ersch\u00f6pften Kindern \u00fcber die Stirn. Und selbst ersch\u00f6pft ging es Jessica nicht schnell genug. Sie mutierte zur einer richtigen Sklaventreiberin. Lukas st\u00f6hnte genervt. Jessica:\u201cBeeilt euch, ich fange langsam an zu schwitzen und ich will nicht verklebt sein, wenn ich zu Hause ankomme.\u201c Alli:\u201cDann stopfe dir Toastbrot unter die Arme. Das Brot saugt alles auf.\u201c Jessica:\u201cHaha, voll witzig. Schei\u00df Hauptsch\u00fcler...\u201c Lukas:\u201cM\u00e4del, nur zu deiner Information: du bist ebenfalls ein Hauptsch\u00fcler! Und h\u00f6re doch endlich auf zu nerven! Genies doch das sch\u00f6n Wetter!\u201c Jessica:\u201cDu geniest gleich meine Faust, wenn wir nicht bald da sind! Kennt keiner eine Abk\u00fcrzung?\u201c Lukas:\u201cDoch, nur...\u201c Jessica:\u201cDoch was?\u201c Nathali:\u201cHihi, ich glaub ich wei\u00df was Lukas meint.\u201c Jessica:\u201cEnte, lach nicht, sondern sag mir lieber was Sache ist!!!\u201c Nathali:\u201cNa, der alte verlassene Park, vor dem du so viel Angst hast, hihi!\u201c Jessica:\u201cIst das ein Wunder!? Da laufen Penner und Asoziale herum, ein M\u00e4dchen wurde dort vor vielen Jahren vergewaltigt! Und vor allem, soll es dort spucken!\u201c Alli:\u201cDa gibt es aber jede Menge Schatten.\u201c Jessica:\u201cSchatten!? Worauf warten wir dann noch? F\u00fcr ein wenig Schatten w\u00fcrde ich alles geben.\u201c Alli:\u201cAch, auf einmal? Was hast du es \u00fcberhaupt so eilig?\u201c Jessica:\u201cMeine bl\u00f6de Cousine kommt heute zu Besuch und ich will nicht, dass sie wieder an meine Vampir-Poster geht! Die sind mir heilig! Einmal nahm sie mir ein Bild von der Wand und klatschte voll das kitschige Etwas zwischen meinen Vampiren hin, meinte drauf, ich brauch was Farbenfrohes, sonst mutiere ich noch zu einem Emo! Ach, die hat keine Ahnung! Am Arsch, ich werde kein bescheuerter Emo! Und das schlimmste ist ja...!\u201c Beim zuh\u00f6ren, wie sie doch ihre Cousine \u201eliebte\u201c, vertrieben sich Lukas und Nathali die Zeit damit, durch die B\u00fcsche zu springen, die fast kahl in den grau wirkenden Park dastanden, ohne Leben. Von den beiden Spielkindern mal abgesehen, war alles ruhig. Nicht mal ein Vogel sang fr\u00f6hlich seine Lieder. Die schwere Hitze verwandelte sich in einen kalten Schauer. Der Wind wirbelte alte Herbstbl\u00e4tter vom vorigen Jahre auf. Die sonst so lebensfrohe Jessica f\u00fchle sich matt durch die graue Gegend, was Alli schnell ansteckte und sie dazu brachte, schweigend weiter zugehen. Beide wollten nur noch nach Hause. Lukas und Nathali hingegen lie\u00dfen sich von dem Wetterwechsel nicht abbringen, weiter zu spielen und lauthals los zu bl\u00f6ken! Jessica ballte die Faust. Jessica:\u201cH\u00f6rt auf, ihr macht mich ganz Nerv\u00f6s!\u201c Alli:\u201cDu Spielverderber, wo ist deine gute Laune hin?\u201c Jessica:\u201cSchau nach Oben, dann weist du es. Es gibt Regen. Wir sollten schneller gehen.\u201c Lukas:\u201cTja, ich will dich ja nicht beunruhigen, aber ich habe eben eine Tropfen gesp\u00fcrt.\u201c Alli:\u201cEy, ich eben auch...! Und noch einen!\u201c Aus den Tropfen wurden Mehr und Mehr, bis es anfing zu Donnern und zu Blitzen. Ein richtiger Sturm zog auf. Die Wolken f\u00e4rbten sich ungew\u00f6hnlich schwarz und Nathali schrie bei jedem Blitz! In einem Langen Tunnel (und damit meine ich wirklich, wirklich lang!), der Park mit dem ZOB verband, machten sie rast. Vom ZOB aus, h\u00e4tten die Kinder locker die sechs nehmen und bis zum Stadtschloss fahren \u0001 \u0002 Zeit war nicht mehr! Jessica und Alli wrangen sich ihre langen Haare aus, Lukas sch\u00fcttelte seine kurzen Zotteln wie ein Hund und Nathali zog ein Kamm hervor, fuhr sich durch ihre blonden Haare, bis sie sie wieder zu einem Dutt zusammen knotete. Alli:\u201cBeeilt euch, dann schaffen wir noch die Sechs!\u201c Lukas:\u201cNa dann, auf, auf!\u201c Jessica:\u201cWer zuerst da ist!\u201c Nathali:\u201cW-Wartet doch! Blindlinks sprangen sie durch die Dunkelheit des Tunnels. Komisch. Der Tunnel wirkte irgendwie l\u00e4nger als sonst und auch der Geruch von Wald und Wasser schlug Alli heftig entgegen. Das M\u00e4dchen verdoppelte ihr Tempo, bis sie das Licht der Sonne erblickte und \u00fcber ein Loch im Boden auf weiches Gras stolperte, statt auf die harten grauen Stra\u00dfen der Altstadt. Ungl\u00e4ubig rieben sie sich die Augen. Alli:\u201cNaja, wenigstens scheint hier die Sonne\u201c",
            "wordcount": "1.139",
            "chapter_release": "31.05.2016",
            "chapter_number": "2"
        },
        "3": {
            "text": "Kapitel 2Lukas:\u201cWei\u00df einer, wo wir sin...! Hoppla und wo ist der Tunnel hin!?!?\u201c Alli:\u201cOkay, das ist seltsam! \u00c4u\u00dferst seltsam!\u201c Lukas:\u201cB-Bestimmt gibt es daf\u00fcr eine Wissenschaftliche Erkl\u00e4rung!\u201c Jessica:\u201cLabber kein Mist, ich will nach Hause!\u201c Nathali:\u201chat einer Geld auf dem Handy? Wir k\u00f6nnten jemanden anrufen.\u201c Jessica zog ihr Handy mit Touchscreen aus der Hosentasche, auf das sie so super stolz war und tippte die Nummer ihres Vaters ein. Alli schaute sich um. Nur der Geruch von gem\u00e4hten Gras und das Rauschen eines Wasserfalles in der Ferne, bewies ihr, sie schlief nicht und sie tr\u00e4umte nicht. Die Truppe befand sich im tiefsten Wald. Oder doch Urwald? Es wirkte, wie eine Mischung aus beiden Ebenen. Erneut wurde Alli brutal aus ihren Gedanken gezerrt, als Jessica w\u00fctend ihr Handy zu Boden warf. Nathali zuckte zusammen. Jessica:\u201cSo eine G\u00fclle! Kein Empfang! Was nun?\u201c Alli:\u201cHm... Wir k\u00f6nnten entweder warten bis uns einer sucht und findet oder wir nehmen die Sache selbst in die Hand und suchen jemanden, der uns aufkl\u00e4ren k\u00f6nne, was hier los ist.\u201c Lukas:\u201cKlinkt vern\u00fcnftig. Schaut, ein Weg. Vielleicht f\u00fchrt uns der in eine Stadt oder so.\u201c Nathali:\u201cWow, Alli, ich frage mich, wie man dabei so ruhig bleiben kann, als w\u00fcrde dir so was \u00f6fter passieren.\u201c Alli:\u201cUff, frag mich so was nicht...\u201c Ein steiniger schmaler Weg zeigte ihnen den Weg durch den Urwald Wald. Etwas war \u00e4u\u00dferst seltsam. Alli sp\u00fcrte eine Gelassenheit, die sie sich nicht erkl\u00e4ren konnte. Alles kam der 16-j\u00e4hrigen vertraut, aber auch so neu vor. Vorsichtig warf sie ihren Freunden ein fl\u00fcchtigen Blick zu. Auch ihnen schien die Gegend zu beruhigen. Jessica:\u201cIch hab Durst. Hat jemand was zu Trinken dabei?\u201c Lukas:\u201cTut mir Leid, Nein. Hat einer von euch was mit?\u201c Nathali:\u201cNee.\u201c Alli:\u201cAuf River Hill gibt es einen Wasserfall und eine hei\u00dfe Quelle. Au\u00dferdem gibt es auch Bambusspro\u00dfen zu essen. Hinter dem Wasserfall ist eine Mine, dort k\u00f6nnten wir uns im Schatten ausruhen und vor der Sonne sch\u00fctzen. Ich...?\u201c Lukas:\u201cWie?\u201c Jessica:\u201cWoher kannst du das alles wissen?\u201c Alli:\u201cWas wissen?\u201c Abrupt hielten die Kinder an und musterten Alli argw\u00f6hnisch. Erwartungsvoll zog das M\u00e4dchen eine Augenbraue hoch. Heftig sch\u00fcttelte Jessica den Kopf. Jessica:\u201cMoment mal! Wasserfall? Bambusspro\u00dfen!? Eine Mine!? Hast du gekifft, M\u00e4del?\u201c Alli:\u201cW-Was ist los?\u201c Lukas:\u201cAuszeit! Du warst schon mal hier!?\u201c Alli:\u201cSpinnt ihr oder so? Von was redet ihr?!\u201c Nathali:\u201cVerarscht du uns?\u201c Alli:\u201cMir scheint es eher, ihr verarscht mich! Kl\u00e4rt mich doch mal auf!\u201c Jessica:\u201cHallo, du erz\u00e4hltest was von einem See, einer Mine und so`n Zeug? Du musst doch wissen, was du da vor dir hin gemurmelt hast!\u201c Alli:\u201c\u00c4h...n\u00f6?\u201c Sie waren komplett verbl\u00fcfft. Verbl\u00fcffter jedoch, als sie tats\u00e4chlich den Berg River Hill entdeckten! Der alte Weg hinauf war mit Moos bedeckt. Alles stimmte. Von der hei\u00dfen Quelle bis zur \u0001 \u0002 aufgekratzt sprang Jessica, mit samt den Kleidern, ins eiskalte Nass unter den Wasserfall. Heftig prasselte das klare Wasser auf ihren R\u00fccken nieder. Nathali und Lukas setzten sich ins Gras und packten ihre Schulbrote aus. Alli suchte solange nach den vorausgesagten Bambusspro\u00dfen. Sie waren gro\u00df wie Schwarzbrote. Gigantische Schwarzbrote! Mutig biss sie in die gelbe Sprosse. Auch der Geschmack war der selbe. Hungrig verschlang sie es. Lukas:\u201cSo, jetzt mal ehrlich und Hand aufs Herz, Alli. Warst du schon mal an diesem Ort? Vielleicht als kleines Kind oder im Urlaub. Du musst doch was wissen!\u201c Alli:\u201cHm...!\u201c Sie setzte sich zu Lukas, biss in die nach Brot schmeckende Bambusspro\u00dfe. Ihre gr\u00fcn gelben Augen nahmen ein seltsames helles lila an, ihre Pupillen wurden zu Schlitze, wie bei einer Katze. Lukas und Nathali rissen die Augen auf. Alli:\u201cJa klar! \u00d6fters, als kleines M\u00e4dchen! Ich habe nicht direkt hier gelebt, doch bin ich jederzeit durch dank einem Stein, dem Zauberstein, hier her gekommen. Ich warf ihn weg, kurz bevor ich umgezogen bin! Er besitzt magische Kr\u00e4fte!\u201c Lukas:\u201c\u00c4hm... Und wo ist er jetzt?\u201c Alli:\u201cMan kann ihn im Wasser leuchten sehen, da dr\u00fcben im...? Was ist los?\u201c Erneut geschah es! Blitzartig verschwanden auch wieder der Katzenblick. Ihre Augen nahm ihre alte Gestalt an und sie schaute, als habe sie nichts Gesagt. Ruhig verdr\u00fcckte sie auch die letzten Bissen der Sprosse in sin hinein. Zufrieden legte sie sich Gras. Von den verwirrten Blicken ihrer Freunde nahm sie keine Kenntnis. Lukas:\u201cOkay... Langsam wird es gruselig...\u201c Alli:\u201cH\u00e4h, wieso? Hab ich schon wieder was gesagt?\u201c Lukas:\u201cNa, deine Augen waren lila Katzenaugen! Du hast mal wieder drauflos geplappert, wie eine Verr\u00fcckte! Brauchst du einen Exorzisten vielleicht?\u201c Nathali:\u201cHihi!\u201c Alli:\u201cN-Nein, danke. Aber...\u201c Jessica:\u201c...Boa, Freunde hat das gut getan. Schaut mal, ich habe was tolles entdeckt im See! Ich schw\u00f6re, so was Sch\u00f6nes habt ihr noch nicht gesehen!\u201c Ein gr\u00fcner Smaragd funkelte und glitzerte in Jessica ihrer Hand von atemberaubender Sch\u00f6nheit. Alli ihre Augen strahlten und durch ihren K\u00f6rper fuhr intensiv das Gef\u00fchl von Gl\u00fcckseligkeit. Die Hauptsch\u00fclerin band sich den Stein um den Hals. Das braune Band passte gerade noch mit M\u00fche und Not \u00fcber ihren kleinen Kopf. Nathali:\u201cWundersch\u00f6n!\u201c Alli:\u201cIst ja geil!\u201c Jessica:\u201cWelcher Idiot ihn auch immer verloren hat, jetzt ist er mein. Ha!\u201c Nathali:\u201cHat Alli nicht eben was von einem Zauberstein erz\u00e4hlt, den sie weggeschmissen haben soll? Welch Ironie, vielleicht ist er das?\u201c Jessica:\u201cWas, wie, wo?\u201c Alli:\u201cDas habe ich?\u201c Lukas:\u201cJa stimmt! Alli? Erinnerst du dich an Etwas?\u201c Der Junge harrte darauf, den Katzenblick in ihren Augen erfassen zu k\u00f6nnen. Eintreten tat dies nicht. Hilflos stand sie da, statt wie ein Wasserfall daherreden. Alli:\u201cNein. Das Ding sagt mir gar nichts.\u201c Lukas:\u201cWie Schade. Naja, vielleicht kriegst du bald wieder so einen Anfall. Nathali:\u201cVielleicht.\u201c Lukas:\u201cWollen wir es mal hoffen!\u201c Jessica:\u201cDarf ich es trotzdem behalten?\u201c Alli und Lukas:\u201cMach doch.\u201c Nathali:\u201cUnd wenn das doch nicht der Zauberstein ist?\u201c Lukas:\u201cDann ist er es halt nicht. Aber so wie ich es verstanden hab, soll es einen Teleportieren k\u00f6nnen. Wundern w\u00fcrde mich das gar nicht mehr...\u201c Jessica:\u201cAlso brauchen wir das Ding in unserem Fall. Nur dann bleibt die Frage offen, wie man ihn benutzt?\u201c Nathali:\u201cAch, wenn Alli ihre lila Katzenaugen sich doch nur melden w\u00fcrden!\u201c Alli:\u201cVielleicht funktioniert das nicht unter Druck.\u201c Jessica:\u201cDann entspann dich, verdammt! Alli:\u201ckein Grund mich an zu br\u00fcllen! Dann mach du doch, wenn du schon so gro\u00dfe T\u00f6ne spuckst!\u201c Schallentengel\u00e4chter, das wie ein Grunzen klang, erhob sich aus der tiefe des Waldes eine Stimme. Es raschelte heftig in den B\u00fcschen. \u00c4ngstlich r\u00fcckten sie alle zusammen. Kampfbereit baute Alli sich auf.",
            "wordcount": "1.088",
            "chapter_release": "01.06.2016",
            "chapter_number": "3"
        },
        "4": {
            "text": "Kapitel 3Nathali schrie laut auf, worauf ihr die Brille von der Nase rutschte. Mit einem gezielten Tritt brach Jessica sie zum schweigen. Der kleine Lukas griff vorsichtig nach einem Bambusstock. Seine Finger zitterten. Nichtsdestotrotz zeigte er keine Angst! Lukas:\u201cKomm raus und zeig dich!\u201c Nathali:\u201cP-Pass lieber auf. Mit Wildschweine sollte man nicht Spa\u00dfen. Wenn die W\u00fctend werden oder auch noch Tollwut haben, haben wir e-echt ein Problem!\u201c Jessica:\u201cJetzt macht dir mal nicht ein. Pussy...\u201c Alli:\u201cPssst!\u201c Stimme:\u201cTzahahahahahaaa!\u201c Nathali:\u201cAhhh!!!\u201c Jessica und Alli:\u201cHals Maul!\u201c Stimme:\u201cIhr habt also den Stein! Den Zauberstein. Stimmt`s?\u201c Lukas:\u201cUnd wer will das wissen? Zeig dich, du Affe!\u201c Nathali:\u201cLukas nicht so laut! Spinnst du!?!?\u201c Stimme:\u201cIch bevorzuge den Ausdruck Zauberwildschwein!\u201c Jessica:\u201cHat die ganze Welt nur mit Zauber zu tun, oder was?\u201c Stimme:\u201cDen gr\u00f6\u00dften Teil, aber warum stelle ich mich nicht erstmal vor?\u201c Ein Wildschwein (ja, ein echtes Wildschwein. Dann auch noch mit so einer kr\u00e4tzigen Stimme, was echt gruselig war) trat hervor ins Licht. Dieses schwarze, zerzauste Frischling mit schon recht gef\u00e4hrlichen Hauern stand wie ein Mensch aufrecht, auf den Hinterbeinen. Den Kindern konnte schon l\u00e4ngst nichts mehr \u00fcberraschen, weshalb sie sich nicht sonderlich wunderten. Alli musterte das wilde S\u00e4ugetier skeptisch, das so mutig dastand. Es trug ein nachtschwarzer Pullover in \u00dcbergr\u00f6\u00dfe mit mit goldenen Verzierungen. Arme und Beine waren nicht mehr zu sehen unter dem langem Ding. Mit seinem Zepter in der Hand stand er Kampfbereit da, sein kalter Blick stechend. Obgleich es klein war, machte es doch den Eindruck wie ausgewachsen. Respektvoll machte er eine tiefe Verbeugung. Donner:\u201cIch bin Donner!\u201c Alli:\u201cDonner? ...! N-Nein!\u201c Lukas:\u201cDa! Der Katzenblick!\u201c Jessica und Nathali:\u201cVersch\u00e4rft!\u201c Alli:\u201cWie ist das M\u00f6glich!? Du d\u00fcrftest erst gar nicht hier sein! Mein Partner und ich haben dich doch verflucht! Das ist doch v\u00f6llig unm\u00f6glich!!!\u201c Donner:\u201cWas!? Aber woher...?\u201c Jessica:\u201cWovon redest du Alli?\u201c Alli:\u201cDonner ist ein V...? W-Was?\u201c Lukas:\u201cVerdammt! Katzenaugen weg! Immer wenn es spannend wird. Wir h\u00e4tten sie nach dem Stein fragen sollen. Ach man.\u201c Alli:\u201cWas war...! Oh, schon wieder?\u201c Nathali:\u201cBingo.\u201c Donner:\u201cDie Stimme, das war doch gerade... nein, Unsinn. Au\u00dfer sie ist... ach was...\u201c Jessica:\u201cNa was den jetzt?\u201c Donner:\u201cSeid wann treten die lila Katzenaugen bei ihr auf?\u201c Lukas:\u201cSeid wir hier sind. Seid eben.\u201c Donner:\u201cDas ist nur am ersten Tag so heftig.\u201c Nathali:\u201cDu scheinst dich ja gut aus zu kennen damit.\u201c Donner:\u201cNat\u00fcrlich. Ein schwarzer Magier muss das k\u00f6nnen. Dieses M\u00e4dchen war schon mal hier. Soviel steht fest. Doch sie muss ihre Erinnerungen abrupt vergessen haben. Die lila Katzenaugen treten jedes mal f\u00fcr wenige Sekunden auf und das Ged\u00e4chtnis kehrt zur\u00fcck, doch nur f\u00fcr einen kurzen Moment, bevor man wieder alles vergisst, was man sagte. Mal eine Amnesie erlitten?\u201c Alli:\u201cAmnesie? Hmm...! Ja, nat\u00fcrlich! In der Grundschule, als ich diesen krassen Unfall hatte! Meine G\u00fcte, erst wusste ich gar nichts mehr, dann kam alles nach und nach zur\u00fcck.\u201c Lukas:\u201cWohl nicht ganz alles.\u201c Donner:\u201cHoch interessant. Ich behalte dich im Auge, Mensch. So und jetzt \u00fcberreicht mir den Zauberstein.\u201c Jessica:\u201cWarum sollten wir? Hast ja nicht mal bitte gesagt.\u201c Nathali:\u201cJessica, hast du nicht zugeh\u00f6rt? Er ist ein schwarzer Magier! Die sind bestimmt nicht friedlich wie kleine Kaninchen.\u201c Jessica:\u201cSchlau, ohne das Ding kommen wir nicht nach Hause!\u201c Alli:\u201cAlso ist es nicht schlimm, wenn ich nein sage?\u201c Lukas:\u201cN\u00f6.\u201c Donner:\u201cTzahaha, dann mach ich eben DAS hier!\u201c So blitzschnell er auch verschwand, so schnell kreuzte er auch wieder hinter Nathali auf. Wie erstarrt stand sie da. Unf\u00e4hig sich zu bewegen. Sein Zepter grub sich in das Fleisch des M\u00e4dchen. Nicht zu fest, doch auch nicht sanft. Jessica riss den Mund auf um laut los zu schreien. Nathali lief rot an und stand kurz vor einer Panikattacke. Alli schluckte h\u00f6rbar. Donner:\u201cIhr wollt doch eure liebe Freundin nicht verlieren?\u201c Alli:\u201cLass sie in Ruhe, sonst...\u201c Jessica:\u201c...Nein! Lass es gut sein, Alli. Soll er es doch haben. Bestimmt gibt es noch einen Weg nach Hause zu kommen, dabei hab ich es wirklich eilig!\u201c Donner:\u201cNa es geht doch. Vielen lieben dank.\u201c Lukas:\u201cD\u00fcrfen wir auch erfahren, was du damit vor hast?\u201c Donner:\u201cEs ist Sinnlos euch einzuweisen. Warum sollte ich?\u201c Lukas:\u201cNa, in allen Filmen machen die B\u00f6sewichte das.\u201c Alli:\u201cPoa, wir sind aber in keinem schwulen Aktionsfilm!\u201c Donner:\u201cIhr m\u00fcsst nur wissen, ich suche jemanden. Und dazu ben\u00f6tige ich den Smaragd. Genug Informationen? Erwarte nicht, dass ich sing wie ein Vogel.\u201c Lukas:\u201cFast. Und wer ist diese Person?\u201c Donner:\u201cDer Name sagt euch bestimmt Nichts. Doch vermutlich werdet ihr noch viel von h\u00f6ren, sofern ihr in Kristallstadt seid. Genug geredet. Ich habe schon viel zu viel Zeit mit euch Kindern verplempert.\u201c Er l\u00f6ste sich auf. Erleichtert fing Nathali an zu schluchzen und zu zittern. Sie ging auf die Knie und weinte hemmungslos los. Jessica beugte sich zu ihr runter. Sie blutete nicht oder wurde auch sonst nicht \u201egekennzeichnet\u201c von ihm. Jessica tr\u00f6stete sie mit ruhigen Worten. Jessica:\u201cErz\u00e4hlt das aber Keinem, sonst hau ich euch!\u201c Alli:\u201cIst klar. Wir wollen deinen schlechten Ruf nicht noch mehr in verrucht bringen.\u201c Nathali:\u201cIch hatte Angst, er bringt mich um! Danke Jessica!\u201c Jessica:\u201cIst doch kein Grund zum heulen. Alles wird gut.\u201c Lukas:\u201cIch frage mich, was f\u00fcr eine Menschen er meinte. Wer sollte die Person sein?\u201c Jessica:\u201cIch h\u00e4tte da eine Idee. Vielleicht Frau Gleiniger?\u201c Lukas:\u201cGut m\u00f6glich. Ihr Verschwinden k\u00f6nnte damit zusammenh\u00e4ngen. Vermutlich versteckt sie sich vor ihm.\u201c Jessica:\u201cSicher? Obwohl, versteckt h\u00e4tte sich wohl jeder. Aber nein. Das glaub ich nicht.\u201c Lukas:\u201cVielleicht ist es Alli?\u201c Alli:\u201cWie? Warum ich?\u201c Lukas:\u201cNa, weil du schon hier gewesen sein musst. Wegen den lila Katzenaugen. Ich frage mich, ob man lernen kann, sie zu kontrollieren?\u201c Alli:\u201cVielleicht. Vielleicht aber auch nicht.\u201c Jessica:\u201cDie Katzenaugen sind bestimmt auch nur ein Zauber. Hier hat ja eh jeder Schei\u00df mit Zauber zu tun.\u201c Nathali:\u201cHihi, stimmt.\u201c Jessica:\u201cNa also! Kannst ja wieder lachen! Geht`s wieder?\u201c Nathali:\u201cEtwas. Aber ich hab immer noch panische Angst.\u201c Die 16-j\u00e4hrige Hauptsch\u00fclerin kroch auf Knien zu einer Brot-Bambusspro\u00dfe und reichte sie Nathali. Dankbar riss sie sich ein St\u00fcck ab und steckte es langsam in den Mund. Die vier Achtkl\u00e4ssler hockten sich ins k\u00fchle Gras und gr\u00fcbelten ernsthaft, wie sie diesen schrecklichen Ort wieder verlassen konnten. Alli blickte gedankenverloren (mal wieder) in die Baumkronen. Alli:\u201cSag mal, Lukas, was hab ich unter den Einfluss der Katzenaugen erz\u00e4hlt?\u201c Lukas:\u201cDu sagtest was von einem Partner. Du hast nicht zuf\u00e4llig eine Vermutung wer oder was damit gemeint sein k\u00f6nnte? Nur so eine grobe Vermutung?\u201c Alli:\u201cuff, Partner?... Kein Plan.\u201c Lukas:\u201cHab ich mir schon gedacht...\u201c Jessica:\u201cRum sitzen und dar\u00fcber sich den Keks da oben weich zu klopfen, bringt uns Nichts. Wir sollten weiter ziehen. Unsere Eltern machen sich bestimmt schon Sorgen.\u201c Nathali:\u201cHast Recht, nur kommen wir bestimmt so schnell aus dieser Welt nicht fort.\u201c Jessica:\u201cja... Leider.\u201c",
            "wordcount": "1.151",
            "chapter_release": "02.06.2016",
            "chapter_number": "4"
        },
        "5": {
            "text": "Da ich ja damals viel mit Hunderassen gearbeitet hab in der Geschichte; Hier mal ein Bild von der belgischen Sch\u00e4ferh\u00fcndin Karen: http://\u0001 \u0002.de/data/picture/detail/\u0001 \u0002 4 Lukas:\u201cSeid ihr zum Abmarsch bereit?\u201c Alle nickten. Bepackt mit ihren Sachen trotteten sie den glatten und steinigen Weg von River Hill hinab, auf das vertraute schmalen Pflaster, alsbald ein gigantischer Schatten \u00fcber River Hill hinweg zog. Die Truppe schaute auf. DIES war durchaus keine Wolke! Jessica:\u201cOh meine Gott, ich schw\u00f6re!\u201c Alli:\u201cIst das...?\u201c Lukas:\u201cEin Drache? Sieht so aus. Ziemlich gro\u00df.\u201c Alli:\u201cS\u00fc\u00df.\u201c Nathali:\u201cS\u00fc\u00df!? Das sind Feuer spuckende Reptilien! Der will bestimmt nicht mit uns spielen!\u201c Das zornige Br\u00fcllen des gigantischen dunkelgr\u00fcnen Reptil, schallte durch den Wald. Sogar V\u00f6gel schreckten in den dichten B\u00e4umen auf. Die rauschenden Fl\u00fcgel wirbelten Staub auf, so das Alli husten musste. Wie ein Bussard auf der Jagd nach Beute, kreiste der Drache um die Kinder. Nathali:\u201cSeht ihr? Das haben wir jetzt davon! Der will uns doch auffressen.\u201c Lukas:\u201cEhrlich gesagt, bin ich nun auch etwas skeptisch.\u201c Jessica:\u201cGehen wir jetzt also weiter?\u201c Alli:\u201cNoch nicht! Ich glaube der mein gar nicht uns!\u201c Lukas:\u201cWie jetzt?\u201c Stimme:\u201cKinder, verschwindet von hier!\u201c Ein schwarzer Panther von gewaltigem Ausma\u00df, st\u00fcrzte mit gespreizten Krallen fauchend ohne M\u00fche sich auf den Giganten in den Wolken. Aus dem Rachen des Drachen entz\u00fcndete sich eine auf glimmenden Flamme. Exaltiert zog Alli ihre Kamera aus der Hosentasche hervor Jessica:\u201cNa, hast Spa\u00df?\u201c Alli:\u201cNat\u00fcrlich! Man sieht ja wohl nicht jeden Tag wie sich eine riesengro\u00df gefl\u00fcgelte Eidechse mit einem Leoparden pr\u00fcgelt! Oder ist das ein Puma?\u201c Lukas:\u201cEr ist jedenfalls schwarz.\u201c Stimme:\u201cPssst!\u201c Nathali:\u201cWas?\u201c Jessica:\u201cHm? Hast du gerade was gesagt, Nathali?\u201c Nathali:\u201cDa! Der Busch mach Pssst!\u201c Stimme:\u201cPssst! Menschen, kommt her!\u201c Lukas:\u201cJetzt hab ich es auch geh\u00f6rt!\u201c Stimme:\u201cJetzt kommt doch her!!!\u201c Alli:\u201cDa!\u201c Aus einem Gestr\u00fcpp winkte ihnen eine kleine Flosse zu. Eine kleine Pinguin Flosse. Auf Knien robbten sie durch die Dornenhecke. Ein kleiner blau, wei\u00dfer Adeli-Pinguin gab ihnen das Zeichen leise zu sein. Die beiden Krieger besetzten ganz River Hill zum Kampfplatz. Planpira:\u201cIhr seid neu hier, was? Ich bin Planpira.\u201c Jessica:\u201cCool. Ich bin Jessica, das Lukas, Nathali und Alli.\u201c Planpira:\u201cFreut mich eure Bekanntschaft zu machen.\u201c Alli:\u201cSag mal, was ist den in die beiden Spa\u00dfv\u00f6gel da gefahren?\u201c Planpira:\u201cAch, das ist halb so wild. Der Drache da ist Draghi. Unser Chibie Besch\u00fctzer.\u201c Lukas:\u201cChibie? Was ist das?\u201c Planpira:\u201cNa so was wie ich, Dummerchen. In Kristallstadt leben neun von uns hinter der Kirche. Urspr\u00fcnglich stammen wir von der Vulkaninsel, aber das ist schon sehr lange her.\u201c Nathali:\u201cIn unserer Welt w\u00fcrde man dich ein Pinguin nennen.\u201c Planpira:\u201cMag sein, doch ich bin ein Chibie. Punkt!\u201c Alli:\u201cUnd wer ist der andere?\u201c Planpira:\u201cDas ist der Baron. Ein edler Leopard. Eigentlich. L\u00e4sst sich jedoch ab und zu reizen zu einem Kampf. Wisst ihr, Draghi und der Baron k\u00f6nnen sich nicht ausstehen. Sie streiten sich \u00f6fters am River Hill. Da fliegt hier und da mal ein b\u00f6ses Wort, was den Wortschatz erheblich steigert. Sonst wer ich jetzt wohl nicht hier.\u201c Jessica:\u201cNaja, alles ist relativ.\u201c Planpira:\u201cDas sind eh blo\u00df harmlose Machtk\u00e4mpfe.\u201c Lukas:\u201cUnd was ist der Grund, ihres Wort, Tritt und Krallen Austausches?\u201c Planpira:\u201cEin ziemlich lustiger. Jeder der beiden denkt, der andere arbeitet f\u00fcr Donner. Ihr wisst wer Donner ist?\u201c Nathali:\u201cJ-Ja. Zu gut.\u201c Lukas:\u201cDie machen vielleicht einen Krach, ey. K\u00f6nnen wir uns nicht an einem ruhigen Ort unterhalten!?\u201c Planpira:\u201cOch, dabei haben die nicht mal zu Fluchen angefangen! Ich will aber mal nicht so sein. Karen ihr Hof ist gleich in der N\u00e4he.\u201c Stift und Block verstaute der Planpira in seiner kleinen Umh\u00e4ngetasche. betr\u00e4chtlich flink auf den kurzen Beinen f\u00fchrte er sie zu einem gro\u00dfen Gut. Auf einer kleinen Br\u00fccke blieben sie stehen. Das Wasser, welches unter ihnen in einen kleinen Bach floss, glitzerte im Licht der sich langsam neigenden Sonne. Abendrot bedeckte den Himmel. Planpira gab ein eigenartigen Laut von sich. Eine Belgische Sch\u00e4ferh\u00fcndin (eine Deutsche konnte es nicht seien, aufgrund der langen Haare) tapste auf sie gelassen zu. Distinguiert (f\u00fcr Hunde wohl gemerkt) beschnupperte sie den Chibie. Planpira:\u201cHey Karen.\u201c Karen:\u201cUnd? Konntest du den Baron finden?\u201c Planpira:\u201cDer wird wieder von Draghi verpr\u00fcgelt. Dabei habe ich diese Menschen hier entdeckt im Mystikwald. Wer ich nicht gewesen, w\u00e4ren sie vermutlich schon l\u00e4ngst Hundefutter!\u201c Karen:\u201cHer je, Kerle. Der darf sich dann erstmal was anh\u00f6ren heute Abend von mir.\u201c Planpira:\u201cWird bestimmt lustig. Wo ist Henry?\u201c Karen:\u201cGensternabend mit seinem Team zur Weltmeisterschaft im Hindernis Parcours abgereist. Und ich bleib mit allem hier alleine. Na sch\u00f6nen Dank auch...\u201c Alli:\u201cIch hab `ne Idee! Wenn sie so dringend Hilfe ben\u00f6tigen, k\u00f6nnten nicht wir f\u00fcr sie arbeiten? Sie m\u00fcssten uns nichts bezahlen, solange wie wir bei ihnen eine Bleibe bekommen k\u00f6nnten.\u201c Lukas:\u201cW-Was? Werden wir hier gar nicht mehr gefragt?\u201c Jessica:\u201cDas kommt jetzt etwas pl\u00f6tzlich, doch warum nicht? Wo sollten wir sonst hin? Was sollten wir sonst machen?\u201c Karen:\u201cDas w\u00fcrdet ihr wirklich tun!? Ihr m\u00fcsstet mir nur ein wenig zur Pfote gehen. Es ist auch nicht viel an Arbeit. Ansonsten k\u00f6nnt ihr Fernsehen, spielen, schlafen, durch Kristallstadt bummeln und, und, und.\u201c Nathali:\u201cDas klinkt ja super!\u201c Lukas:\u201cWas soll`s. Na gut.\u201c Karen:\u201cPrima. Ich zeig euch gleich mal mein Haus. Folgt mir.\u201c Mit leisen Sohlen schritt sie durch die Hundeklappe. Aus dem Grunde, dass die Hundeklappe, den ein zigsten Durchgang darstellte, taten die Kindern es ihr gleich und schoben sich unachtsam hinein. Karen schnaubte verachten. Die rotbraune H\u00fcndin setzten sich in ein Ledersessel vor den Kamin. Die Jugendlichen staunten. Nach so eine sch\u00f6ne Wohnung sehnte sich wohl jeder. Der Geruch von Zimt und minimal nach feuchtem Sand stieg Alli in die Nase. Wehm\u00fctig seufzte sie und setzte sich. Nathali:\u201cSind sie reich, Karen?\u201c Alli:\u201cNathali! Das fragt man nicht!\u201c Karen:\u201cIst schon gut. Nein, reich sind wir nicht wirklich. Wir verdienen nur viel durch unsere Hundeschule. Wir unterrichten Welpen und Jungtiere in allem M\u00f6glichen f\u00fcr offizielle Wettbewerbe. Von Hindernis Parcours bis sogar Schafh\u00fctten, zu Schlittenhunde. Sogar Sch\u00f6nheitswettbewerbe!\u201c Bei der Erw\u00e4hnung des \u201ef\u00fcrchterlichen\u201c Wortes Sch\u00f6nheitswettbewerbe, verzog Lukas das Gesicht. Verst\u00e4ndnislos sch\u00fcttelte er den Kopf. Jessica stupste ihn freundschaftlich an. Die F\u00e4he erhob sich aus dem Sessel und f\u00fchrte sie ins G\u00e4stezimmer. Karen:\u201cDa ihr vier Leute seid, kommt es ganz passend, denn ich hab ein G\u00e4stezimmer mit zwei Hochbetten. Dort k\u00f6nnt ihr schlafen. Wir haben n\u00e4mlich \u00f6fters mal Besuch. Das Badezimmer ist Menschngerecht eingerichtet.\u201c Jessica:\u201cDa k\u00f6nnte man fast meinen, sie haben uns bereits erwartet. Was dagegen, wenn ich die Badewanne einweihe?\u201c Karen:\u201cNur zu. Okay, Planpira, kannst du Morgen noch mal vorbei kommen? Nur den Kindern ein wenig zur Hand gehen, falls sie was nicht k\u00f6nnen oder verstehen.\u201c Planpira:\u201cDann bring ich aber Verst\u00e4rkung mit. Bis Morgen.\u201c Karen:\u201cSo, wer hat Hunger auf ein St\u00fcck Kuchen?\u201c",
            "wordcount": "1.148",
            "chapter_release": "04.06.2016",
            "chapter_number": "5"
        },
        "6": {
            "text": "Brutus, der West Highland White Terrier: http://animalia-\u0001 \u0002/data_images/west-highland-white-terrier/west-highland-white-\u0001 \u0002 5Jessica:\u201cIch krieg`s Obere, ich krieg`s Obere!\u201c Alli:\u201cVergiss es, ich bekomme das Bett!\u201c Die J\u00fcngere hechte aufs gemachte Bett. Zugleich klammerte Jessica sich an der Holzkante fest, um nicht abzurutschen, da Alli sich an ihr Bein heftete und dran zog. Lukas sprang vom Fensterbrett und zerrte heimt\u00fcckisch an dem anderen. Jessica flehte lachend um Gnade. Nathali beobachtete die Drei misstrauisch. Jessica:\u201cZwei gegen Einen ist unfair! Und ich verliere gleich meine Socken! Lukas, ich kill dich!\u201c Lukas:\u201cDas bin nicht ich! Alli hat das linke Bein! Aber he, das Leben ist nie fair. Ich bin klein, schmal, hab gro\u00dfe Ohren und trotzdem mach ich das Beste drau\u00df!\u201c Jessica:\u201cTrotzdem unfair! Und wenn nicht bald wer meine Socken in ruhe l\u00e4sst, gibt`s haue!\u201c Alli:\u201cNa sch\u00f6n...\u201c Mit einem lauten poltern haute Jessica sich die Nase an. Nathali machte ihren Hals lang und schaute. Gleichwohl sich Jessica weh tat, heulte sie nicht. Vielmehr fing sie an laut zu lachen und rieb sich die schmerzende Nase. Nathali:\u201cWir haben hier zwei Hochbetten. Warum nimmt Alli nicht einfach das Zweite?\u201c Alli:\u201cOh. Da ist was dran.\u201c Jessica:\u201cNein, jetzt will ich es!\u201c Alli:\u201cNein mein!\u201c Lukas:\u201cWie die Kleinkinder. Fast schade, dass Michel, Jenny und die anderen nicht dabei sind. Das glaubt uns keine Sau, wo wir gerade sind.\u201c Alli:\u201cJa klar, aber ehrlich gesagt, bin ich froh, dass es nur wir sind. Na, stellt euch mal vor, unsere bescheuerten Hopper Hauptsch\u00fcler und M\u00f6chtegern Gangster w\u00e4ren dabei.\u201c Nathali:\u201cAlso mit denen w\u00fcrde ich nicht das Zimmer teilen.\u201c Alli:\u201cOder noch schlimmer, die Idioten vom Dienst, wie Daniel, Kelvin, Gian und Edu oder so.\u201c Lukas:\u201cIch hatte ja auch nicht von Denen gesprochen, sondern von unseren Freunden.\u201c Alli:\u201cNe, ne, lass mal. So ist schon sch\u00f6n...\u201c Jessica:\u201cNoch sch\u00f6ner wer ja, wenn wir zu Hause sitzen k\u00f6nnten und unser Wochenende genie\u00dfen. Aber nein, wir d\u00fcrfen Arbeiten. Dann auch noch f\u00fcr Hunde!\u201c Lukas:\u201cWohl wahr. Sag mal, darf ich mir die Bilder rein ziehen von dem Kampf?\u201c Alli:\u201cWarte, ich hole meine Kamera.\u201c Der Ranzen wurde im Schrank deponiert. Alli riss die T\u00fcr auf. Der Holzschrank war \u00fcberf\u00fcllt mit unn\u00fctzen Plunder, die Keiner ben\u00f6tigte. Kisten, Schachteln, Schuhe sogar Nerzm\u00e4ntel f\u00fcllten den edlen Schrank. Unachtsam griff das M\u00e4dchen nach den Ranzen. Ungl\u00fccklicherweise, rutschte eine blaue Schatulle, mit Fotos gef\u00fcllt ins Freie und schlug auf das M\u00e4dchen ein. Schmerzend rieb sie sich den Kopf. Ein Bild weckte ihr Interesse. Alli:\u201cLeute, schaut euch das an! Dieses M\u00e4dchen! Ich wei\u00df es nicht genau, aber ich glaube, das bin ich! Ich auf einem Dinosaurier?\u201c Jessica:\u201cDas ist ein Velociraptor. Ob der echt ist?\u201c Lukas:\u201cNach dem Pokal zu Urteilen, ist der Echt.\u201c Nathali:\u201cUh, bei Vollmond. Hat Karen oder die kleine Alli Gewonnen? Oder Beide?\u201c Lukas:\u201cVermutlich wei\u00df das Alli gar nicht, oder?\u201c Alli:\u201cKein St\u00fcck, doch warum fragen wir Karen nicht mal?\u201c Lukas:\u201cWarum nicht. Will mal wissen, ob das Vieh noch lebt!\u201c Nathali:\u201cBestimmt. So was stirbt doch nicht von Heute auf Morgen. Ob wohl ich nicht drauf scharf bin, dem Dinosaurier zu begegnen.\u201c Jessica:\u201cMuhaha, wir werden sehen!\u201c Mit Krawall und Tamtam brachen sie die friedliche stille im Wohnzimmer. Gebeugt \u00fcber ein massigen Stapel an Unterlagen und Dokumenten. Lukas r\u00e4usperte sich. Karen schob sich die ungewohnte Lesebrille auf die Nase zurecht und schaute auf. Zugleich schlug die T\u00fcr der Hundeklappe auf. Ein \u00e4lterer Herr an Hund weckte das Interesse der H\u00fcndin. Hinter dem wei\u00dfen Terrier, der die Wohnung mit lauten Schritten betrat (lauter als ein schiefer B\u00e4r auf Hasenjagd), schlich lautlos der Baron. Zynisch warf Lukas dem Leopard ein Blick zu, der viel sagte. Karen:\u201cBrutus! Du hast den Baron gefunden. Ein Gl\u00fcck. Danke.\u201c Brutus:\u201cOch, kein Problem gewesen. Hast du die Arbeiten f\u00fcr Montag schon fertig kontrolliert? Wenn nicht, nehme ich dir gerne Etwas an Arbeit ab.\u201c Karen:\u201cDas wer super lieb von dir. Ich muss mit dem Baron erstmal ein fettes H\u00e4hnchen rupfen!\u201c Baron:\u201cWeib, wo hast du den deine Erziehung? Willst du mich nicht erstmal den G\u00e4sten vorstellen, bevor du mich seelisch fertig machst?\u201c Die schwarze Gro\u00dfkatze, die im wei\u00dfen Anzug frappant auffiel und ganz Gentleman wirkte, gr\u00fc\u00dfte die Kinder mit einer ehrf\u00fcrchtigen Verbeugung. Seine Schnurrhaare zuckten am\u00fcsiert. Nathali kicherte verlegen. Peinlich ber\u00fchrt, sah die Belgische Sch\u00e4ferh\u00fcndin anderswo hin. Sie verdrehte \u00fcberreizt die Augen. Brutus:\u201cWillkommen, Neulinge. Ich bin Brutus. Mein Schnurrbart mag mich etwas \u00c4lter aussehen lassen, als ich wirklich bin, jedoch bin ich noch jung und knackig f\u00fcr mein Alter. Erst wenn mein Fell grau wird, k\u00f6nnt ihr von Alt sprechen.\u201c Alli:\u201cHm... Sie sind ein West Highland White Terrier, oder?\u201c Brutus:\u201cJipp. Ein Grund, weshalb ich \u00e4lter aussehe.\u201c Jessica:\u201cWas hast du blo\u00df mit dem Alter?\u201c Karen:\u201cIhr m\u00fcsst Brutus entschuldigen. Er wert sich mit Beine und Pfoten gegen das \u00c4lter werden. Deswegen schl\u00e4ft er im Sommer in dem alten Baumhaus, der bei uns hinter dem Haus steht. Er meint, er macht das, damit er sich lange jung f\u00fchlt und so`n Mist.\u201c Nathali:\u201cHihihi!\u201c Baron:\u201cEs scheint, als erwecke dieses Haus, so wie fr\u00fcher, mit Kindern zum Leben. Heute ist Vollmond. Wisst ihr, dass Besucher, wenn sie die erste Nacht als Gast und bei Vollmond in einem Haus schlafen, dass das Gl\u00fcck bringt?\u201c Lukas:\u201cOh, sch\u00f6n. Aber Karen, wir wollten dich was fragen!\u201c Karen:\u201cSchlimm, wenn ich erstmal den Baron seelenruhig fertig machen?\u201c Jessica:\u201cNur zu. Ist ihr Haus. Vielleicht kann Brutus uns auch helfen.\u201c Karen fuhr mit ihrer Pfote durch Lukas seine kurzen Stoppeln an Haare. Schlagartig verfinsterte sich die Miene der Sch\u00e4ferh\u00fcndin und funkelte den Baron an. Ihre Rute schnippte in Richtung Schlafzimmer. Seufzend betrat er den Raum. Mit einem heftigen Knall warf sie die T\u00fcr hinter sich zu. Brutus zuckte belustigt mit den Ohren. Er wandte sich ernsthaft den Freunden zu. Brutus:\u201cWas gibt es den?\u201c Wortlos schob Lukas ihm das Bild zu. Brutus schwieg. Nur sein Blick verriet seine Trauer. Gedankenverloren starrte der wei\u00dfe Fellball das Bild an. Die 16-J\u00e4hrige begann zu zweifeln. Vielleicht war sie ja gar nicht das M\u00e4dchen auf dem Bild. Vielleicht glaubte sie nur schon mal hier gewesen. Doch was hatte es dann mit dem lila Katzenblick auf sich? Alles drehte sich in ihrem verwirrten Kopf. Brutus:\u201cJa, dieses Bild kenne ich zu gut. Das Bild habe ich gemacht, beim Wettrennen, beim letzten Wettrennen, kurz bevor uns unser Menschenkind verlie\u00df. Der f\u00fcnfte Sieg in Folge. Dann war sie fort. Die Dorfbewohner erz\u00e4hlen sich sie ist... gestorben.\u201c Lukas:\u201cOh. Das wussten wir nicht...\u201c Jessica:\u201cWir wollten sie damit nicht verletzen! Tut uns Leid.\u201c Brutus:\u201cKopfhoch! Das muss es nicht. Nicht so schlimm. Versprecht mir, mich nie nach dem Kind zu fragen. Und vor allem sprecht blo\u00df nicht von Donner. Besonders wenn der Baron dabei ist. Sonst tobt er.\u201c Jessica:\u201cVersprochen. Wir wollten auch nur was von dem Saurier wissen? Lebt der noch?\u201c Brutus:\u201cAch, das ist Rainbow unser Hofraptor. Der Gute hat sein Stall gleich hier an unserem Hof. Wenn ihr Lust habt k\u00f6nnt ihr ihn besuchen. Ihr solltet nur wissen, Dinosaurier sind nicht besonders intelligent, weshalb sie nicht sprechen. Vermutlich werdet ihr ihn noch oft sehen.\u201c Jessica:\u201cCool. Wir br\u00e4uchten auch mal ein Dinosaurier an der Schule. Was meint ihr, was die Alten f\u00fcr einen Herzinfarkt bekommen werden!\u201c Lukas und Alli:\u201cVerlockender Gedanke...\u201c",
            "wordcount": "1.226",
            "chapter_release": "05.06.2016",
            "chapter_number": "6"
        },
        "7": {
            "text": "Zu viele Fragen... ein unn\u00f6tiges Kapitel eigentlich und sollte nur Frage beantworten...Henry, der Do Khyi: http://\u0001 \u0002-\u0001 \u0002/tl_files/hunde-zone/images/rassen/pinscher-schnauzer-molosser/\u0001 \u0002 6Bis in den mittern\u00e4chtlichen Frieden hinein, sa\u00dfen sie an dem Tisch. Schweigend a\u00dfen sie. Lukas warf distanziert einen Blick auf die Uhr und fragte sich, wann Brutus sich in sein Baumhaus zur\u00fcckziehen w\u00fcrde, obgleich ihn reichlich Fragen qu\u00e4lten. Angelegenheiten die nicht nur aus gro\u00dfer Interesse und reiner Neugier eine Antwort \u0001 \u0002:\u201cBrutus? Lukas hat ein paar Fragen an dich.\u201c Lukas:\u201cA-Aber Alli, ich kann nicht einfach... Oder kann ich doch?\u201cBrutus:\u201cNat\u00fcrlich kannst du. Ich bin ganz Ohr. Also, was gibt es?\u201cLukas:\u201cWas ist der Henry f\u00fcr ein Hund? Habt ihr ein Hunderassenbuch, dass ich mir vielleicht ausleihen kann so \u00fcber die Tage, damit ich wei\u00df, wer was f\u00fcr ein Hundi ist? Wie ist der Name eurer Welt und wie kam er dazu? Hat bei euch alles wirklich mit Magie zu tun!? UND was wei\u00dft du...\u201c\u201cNathali:\u201c...Sachte, Sachte! Boa Lukas, nicht so schnell!\u201cBrutus:\u201cWas lehrt man euch den in den Schulen, dass ihr das alles zum ersten mal h\u00f6rt! Viel scheint es ja nicht zu sein! So und jetzt langsam, nach f\u00fcr nach deine Fragen...\u201cLukas:\u201cWie sieht Henry aus?\u201c Jessica:\u201cAls wenn diese Frage dringend eine Antwort ben\u00f6tigte, ich schw\u00f6re!\u201c Nathali:\u201cAch lass ihn doch. Wir haben ja alle Zeit der Welt.\u201cJessica murrte. Aus einer kleinen Vitrine entnahm der R\u00fcde ein dickes Buch \u00fcber Hunderassen. Seine Pfote bl\u00e4tterte bis D, worauf er schnell f\u00fcndig \u0001 \u0002:\u201cHenry ist ein Do Kyhi.\u201cLukas:\u201c`N was!?\u201cAlli:\u201cTibetanischer Mastiff.\u201cLukas:\u201cAch so...\u201cBrutus:\u201cDer gro\u00dfe Moloserhund (also ein schwere Hund, wie ein Bernhardiner) Do Khyi ist extrem selten. Man erkennt ihn an den gro\u00dfen Knochen und dem Breiten Kopf.\u201cLukas:\u201cSieht fett aus? Der ist bestimmt voll gro\u00df!\u201cBrutus:\u201cVon du vor ihm stehst, wirst du sehen, dass er f\u00fcr sein Art viel zu d\u00fcnn ist. Und viel zu gro\u00df kann er nicht sein. Obwohl hier jeder Hund dieser Welt anders ist, sind sie doch, wenn sie aufrecht stehen, alle gleich. Gr\u00f6\u00dfer als ihr.\u201cAlli:\u201cJa stimmt! Im stehen bist du so gro\u00df wie Karen!\u201cJessica:\u201cHier steht: Aristoteles sagte, der Do Kyhi sei eine Kreuzung zwischen Tiger und Hund. Marco Polo schrieb, er sei so gro\u00df wie Esel. Boa, voll \u00fcbertrieben, ich schw\u00f6re!\u201cLukas:\u201cKann ich mir das Buch \u00fcber einen gewissen Zeitraum ausleihen? Mein Wissen \u00fcber Hunde ist fast Null!\u201cBrutus:\u201cNat\u00fcrlich darfst du, doch mit den Bewohnern von Kristallstadt werdet ihr noch oft konfrontiert werden. Deine N\u00e4chste Frage, bitte?\u201cLukas:\u201cWie ist der Name eurer Welt und wie kam er dazu?\u201cBrutus:\u201cOch, das ist ganz simpel. Suenos. Ein kleiner Mops (worauf Lukas schnell nach bl\u00e4tterte, dabei war der Mops keine unbekannte Rasse) namens Suenos soll der erste Hund gewesen sein \u00fcberhaupt. Der Urvater aller Hunde. Seine Partnerin war Dream, eine Verwandlerin, genannt Metamorphose, und Uhrmutter aller anderen Wesen dieses Landes.\u201cAlli:\u201cEin Mops?\u201cBrutus:\u201cJa ein Mops. Hier fangen die Dinge nicht gro\u00df an, sondern gaaanz klein. Man sagt, wenn er geht, klinkt das wie, als w\u00fcrde jemand auf dem Klavier spielen.\u201cJessica:\u201cAber ein Mops?\u201cBrutus:\u201cSo ist halt unsere Welt. Auch wenn sie voll mit Magie ist, ist die Welt nicht anders, als eure Erde.\u201cJessica:\u201cAlles ist relativ...\u201cBrutus:\u201cSo, kommen wir zum Schluss. Wir m\u00fcssen alle Morgen fr\u00fch raus. Ich hoffe ihr seid keine Langschl\u00e4fer.\u201cLukas:\u201cWarte! Nur noch die letzte Frage! Was wei\u00dft du \u00fcber lila Katzenaugen!?\u201cVor Schreck lie\u00df der Terrier die Teller klirrend zu Boden donnern. Alli sprang auf und half die Scherben einzusammeln. Zitternd setzte er sich wieder. Eine Weile hielt er Inne. Alli:\u201cHat Lukas was falsches gefragt?\u201cBrutus:\u201cN-Nein, nur auf dieses Thema sprach mich schon seid zwanzig Jahren keiner mehr an. Doch \u00fcber die lila Katzenaugen wei\u00df ich jede Menge. Was ist den mit den Augen, weswegen sie euch so besch\u00e4ftigen?\u201cLukas:\u201cUnsere Freundin Alli hat sie. Aber erst seid wir hier sind. Ist es m\u00f6glich die lila Katzenaugen zu kontrollieren oder wie gro\u00df ist die Chance sich an alles zu erinnern?\u201cBrutus:\u201cKontrollieren kann man sie nicht oder steuern, aber die Chance, sich wieder an alles zu erinnern ist gro\u00df. Jemand, der sie kennt, k\u00f6nnte ihr dabei helfen.\u201cNathali:\u201cWenn Alli wirklich schon mal hier war, dann m\u00fcsste es doch jemanden geben, der sie kennt von fr\u00fcher.\u201cBrutus:\u201cOder kann es sein, dass... Ach nein. Unm\u00f6glich. Ich denke schon wieder zu viel. Ich w\u00fcrde sagen, langsam machen ihr euch Bett fertig. Ich k\u00fcmmere mich noch um die Streith\u00e4hne Karen und Baron. K\u00f6nnte vielleicht ein Wenig laut werden...\u201cSie nickten und erhoben sich von ihren Pl\u00e4tzen. Alli g\u00e4hnte laut. Diese viele Frageei machte einen m\u00fcde. Erleichtert vergrub Alli ihr Gesicht ins weiche Kopfkissen, das angenehm nach Pitaya (oder auch Drachenfrucht genannt) duftete. Schwer fielen ihre Augenlider zu.",
            "wordcount": "823",
            "chapter_release": "05.06.2016",
            "chapter_number": "7"
        },
        "8": {
            "text": "Kapitel 7Noch wach lag Jessica im Bett und gr\u00fcbelte \u00fcber den verr\u00fcckten Tag. Sie fand in dieser unruhigen Nacht kein Schlaf. Das w\u00fcrden ihre Eltern ihr nie glauben! Und bestimmt riefen sie schon die Polizei, worauf Jessica das Gesicht verzog bei dem Gedanken. Den dann w\u00fcrden man ihr so peinliche Fragen stellen, wie im Fernsehen. Ein Moment lang schloss sie seelenruhig die Augen. Stimme:\u201cTzahaha!\u201c Das M\u00e4dchen zuckte zusammen. Angestrengt musste sie ein Schrei unterdr\u00fccken. Ihr Herzschlag war schneller, als der einer Maus, als sie erkannte, wem die kr\u00e4chzende Stimme geh\u00f6rte! Donner\u201c...na, dann schauen wir doch mal, ob du es wirklich bist, Hundi. Tzahaha, in Tr\u00e4ume eindringen ist doch f\u00fcr mich ein Kinderspiel. Vielleicht bist du ja wirklich die Person, auf die ich schon so unendlich lange warte. Okay, los, das k\u00f6nnte jetzt etwas wehtun, doch solange wie ich keine Schmerzen davon trage.\u201c Das Wildschwein griff nach ihrem Arm und reimte etwas vor sich hin, was nicht wie eine Sprach klang, sondern mehr nach einer finstere Melodie. Seine bernsteinfarbenden Augen f\u00e4rbten sich blutrot. Alli w\u00e4lzte sich im Schlaf, wie von einem Alptraum geplagt. Jessica krallte sich erregt in die Bettw\u00e4sche, als sie sah, wie man ihrer Freundin schmerzhaft die Luft abklemmte und Donner heimlich ihre Lebensgeschichte absuchte. Donner:\u201cTzaha! Das ist ja sehr beeindruckend...! Was!? Nein!\u201c Wie an die Kontakte einer Steckdose gepackt, durchstr\u00f6mte Donner einen gewaltigen Stromschlag. Unf\u00e4hig sich zu bewegen, rang nun er nach Luft. Mit zitternden Pfoten griff das Wildschwein sich an die Brust. Schummrig erkannt Jessica die Silhouette einer Ratte. Rapide gew\u00f6hnten sich ihre braunen Augen an die Finsternis im Zimmer. Beruhigend fuhr das Nagetier mit friedlichen Pfoten ihr durch die Haare. Sein Blick fiel auf Donner, worauf sein Fell zu prickeln begann und knurrte. Donner:\u201cD-Dirty? Ich dachte du und deine Sippschaft seid tot!?\u201c Dirty:\u201cStell dir vor, dass sind wir auch! Sie alle! Meine Familie, meine Freunde, meine Verwandten, nur mich nicht! Mich konntest du nicht besiegen!\u201c Donner:\u201cBist du etwa ihr...?\u201c Dirty:\u201cSchutzgeist? Ja, das bin ich. Und ja, sie ist das M\u00e4dchen was du suchst. Sie war zu Lebzeiten meine Partnerin Hundi. Wir sind halt ein g\u00f6ttliches Paar. Nach all der langen Zeit noch. Du kann uns nicht trennen.\u201c Donner:\u201cDirty, die Ratte. Der treue Partner. Ich h\u00e4tte nicht gedacht, dass du ihr Schutzgeist wurdest.\u201c Dirty:\u201cDadurch wache ich \u00fcber ihren Schlaf. Was f\u00fcr dich bedeutet, ich kann deine schwarze Magie, wenn sie schl\u00e4ft, unterbinden und verhindern, dich in ihre Tr\u00e4ume eindringen zu lassen.\u201c Donner:\u201cAch mein Lieber, das brauch ich ja jetzt nicht mehr. Ich wei\u00df, was ich wissen wollte. Nur zu dumm, dass ihre Erinnerungen an Suenos ausgel\u00f6scht wurde. Du steckst doch bestimmt dahinter, oder?\u201c Dirty:\u201cDas musste leider sein. In der neuen Schule erlebte sie einen Unfall, den ich nutzte, um sie alles von Kristallstadt und seine Bewohner vergessen zulassen. Um jeden Preis wollte ich, dass sie nicht noch einmal in dieses Land kommt, nur h\u00e4tte ich nicht gedacht, dass ich sie noch mal brauche, also brachte ich sie und ihre Freunde, hier her, damit wir dich endg\u00fcltig beseitigen k\u00f6nnen, da unser Fluch ja gebrochen wurde!\u201c Donner:\u201cDanke, danke, kein Applaus. Nun fragst du dich bestimmt, wie hat der gro\u00dfe schwarze Magier Donner es geschafft sich aus seinem Tiefschlaf zu befreien, wie? Tzahaha, mein dicker Albinofreund, was wei\u00dft du noch \u00fcber Night, den dunklen Geist?\u201c Dirty:\u201cWAS!? Unm\u00f6glich!!!\u201c Donner:\u201cUnm\u00f6glich aber wahr. Er braucht schlie\u00dflich meine Hilfe. Und die von Hundi.\u201c Dirty:\u201cHundi? Warum sollte sie euch helfen wollen?\u201c Donner:\u201cWeil ich etwas habe, das ihr viel bedeutet.\u201c Dirty:\u201cDann hast du etwa...!\u201c Donner:\u201cJa... Ich habe Frau Gleiniger entf\u00fchrt!\u201c Jessica weitete vor Schreck die Augen! Das war also mit ihr geschehen! Deshalb kam die Englischlehrerin nicht in die Schule! Das M\u00e4dchen malte sich die schlimmsten Dinge aus. Ihr Gesicht wurde hei\u00df. Dirty:\u201cWoher wusstest du von dieser Frau?\u201c Donner:\u201cVersucht mich zu Informieren. Das war leider das Einzige, was ich in sechs Jahren raus finden konnte!\u201c Dirty:\u201cIch werde dich umbringen, wenn du ihr auch nur ein Haar kr\u00fcmmst!\u201c Donner:\u201cTzahaha, noch lebt sie ja. Noch. Ihr k\u00f6nnt sie aber gerne wieder haben. Hundi muss uns nur helfen Natrium, den afrikanischen Drachen, zum Leben zu erwecken. Night und meine Energie wird nicht reichen, also ben\u00f6tigen wir die von deiner lieben Partnerin.\u201c Dirty:Das werde ich zu verhindern wissen! Doch warum ausgerechnet Hundi?\u201c Donner:\u201cAuch wenn sie nichts mehr wei\u00df und Kunst der Verwandlung nicht mehr beherrscht, steckt in ihr dennoch die Kraft der Metamorphose tief in ihr drin. Der Uhrmutter Dream macht sie noch \u00fcbel Konkurrenz.\u201c Dirty:\u201cPass nur auf! Wir werden dich finden. Dich und Night, noch bevor ihr den Wyver zum Leben erweckt habt! Ganz sachte und langsam, werden die Kinder dir auf die Schliche kommen!\u201c Donner:\u201cWie k\u00f6stlich. Nimm dir nicht zu viel vor, Ratte.\u201c Dirty:\u201cKeine Angst, das werde ich nicht. Sei nur gewarnt.\u201c Donner:\u201cTze, Angst. Ich und Angst. Tr\u00e4um weiter...\u201c Dirty:\u201cSchon klar, neben Night f\u00fchlst du dich besonders m\u00e4chtig.\u201c Donner:\u201cAch nein. Ich war schon davor m\u00e4chtig, tzahahaha! Night hat eine Schwachstelle, die reicht schon um ihn zu t\u00f6ten, wie erb\u00e4rmlich. Doch ich bin allm\u00e4chtig!\u201c Dirty:\u201cDoch ohne den Starb bist du ein wehrloses Jungtier.\u201c Donner:\u201cIch gebe zu, ohne dieses Werkzeug wer ich vielleicht Machtlos. Ja, aber ich habe Macht! Das ist es was z\u00e4hlt. Es war das Beste, was mir passieren konnte, den Starb zu finden!\u201c Dirty:\u201cIch w\u00fcnschte, Hundi h\u00e4tte dich einfach bei deiner toten Mutter gelassen und dich deinem Schicksal \u00fcberlassen. Es war ein Fehler dich aufzuziehen und dir auch noch schwarze Magie beizubringen! Erna hatte von Anfang an recht!\u201c Donner:\u201cAch nein wie s\u00fc\u00df, soll ich jetzt weinen? Ich muss mir das Gens\u00fclze nicht anh\u00f6ren! Ich bin immerhin Donner!\u201c Dirty:\u201cVerr\u00e4ter!!! Sie hat all ihr Wissen, all ihr K\u00f6nnen, als ihre Liebe in dich gesteckt und DU hast uns verraten und gemordet! Wei\u00dft du, was du uns angetan hast!?\u201c Donner:\u201cWei\u00dft du, was DU MIR angetan hast!? Ach, vergiss es! Ich wei\u00df ja jetzt was ich wissen wollte, Tzahahahaha!!!\u201c Donner verschwand. Tiefsinnig schweifte sein Blick zur aufgehenden Sonne. Morgenrot brach an. Am\u00fcsiert fing Dirty an zu l\u00e4cheln. Seine roten Augen wanderten zu dem M\u00e4dchen, das den ganzen Vorfall verfolgte. Ihr Gesicht gl\u00fchte noch mehr. Dirty:\u201cSchlaf weiter, ja?\u201c Ungest\u00fcm nickte sie dem Geist zu. Sein kleiner K\u00f6rper l\u00f6ste sich in Goldstaub auf. Der Geruch von Medizin und Kopfsteinpflaster erf\u00fcllte den Raum. Erleichtert setzte sie sich auf und fuhr sich mit der Hand durch die langen Haare. Binnen kurzum \u00fcbermannte auch sie der Schlaf.",
            "wordcount": "1.091",
            "chapter_release": "07.06.2016",
            "chapter_number": "8"
        },
        "9": {
            "text": "Lilo, die M\u00fcnsterl\u00e4nderin: http://\u0001 \u0002.de/cache/com_zoo/images/grosser-\u0001 \u0002 8Wie ger\u00e4dert erwachte Alli aus der Nachtruhe. Alles drehte sich in ihrem Kopf, der Sch\u00e4del brummte. Mit nackten F\u00fc\u00dfen schlich sie ins Badezimmer, wo die kalten Flie\u00dfen ihre F\u00fc\u00dfe kitzelten. Sie klatschte sich zwei, drei H\u00e4nde Wasser ins Gesicht und setzte sich ins Wohnzimmer an den Esstisch. Ein lautes G\u00e4hnen erweckte ihre Aufmerksamkeit. Karen:\u201cWow, schon so fr\u00fch auf? Gar nicht m\u00fcde?\u201c Alli:\u201cEtwas. Hab schlecht geschlafen.\u201c Karen:\u201cDann sind wir ja schon zwei. Mir ist morgens immer ein wenig schlecht. Hab mich schon dran gew\u00f6hnt. Hunger?\u201c Alli:\u201cWie ein B\u00e4r! Karen:\u201cBegleitest du mich beim Einkaufen?\u201c Alli:\u201cWarum nicht.\u201c Karen:\u201cSch\u00f6n. Dann zieh dir schnell was an. Ich will dir unbedingt meine begabteste Sch\u00fclerin vorstellen!\u201c Streckend taumelte sie ins Badezimmer. Ihre Kleider, die sie am Vorabend einfach lieblos auf den Boden warf, zog sie sich frierend \u00fcber. Eine B\u00fcrste lag im Schrank. Alli griff nach ihr und fuhr sich ein paar mal durch ihr zerzaustes Haar. Das Deo von Jessica, das so herrlich nach Kokosnuss roch, stand am Rand der Badewanne. Kurzerhand roch das ganze Badezimmer danach. Schnell schl\u00fcpfte sie in ihre Sportschuhe, da Karen schon ungeduldig nach ihr rief. Die Sch\u00e4ferh\u00fcndin trug dieses mal kein Kleid. Auch ging sie auf allen Vieren, statt auf zwei. Alli:\u201cIch wer dann soweit. K\u00f6nnen wir?\u201c Karen:\u201cNat\u00fcrlich. Lugte man durch die Hundeklappe, knallte die Hitze einem ins Gesicht. Auch die Sonne strahlte so gelb und so klar, wie es in ihrer grauen Welt niemals m\u00f6glich war. Man musste blinzeln, um was zu sehen. Der Himmel versprach einen sch\u00f6nen \u0001 \u0002 mit den zwitschern der V\u00f6gel und den Glocken der Kirchen, die zum Gottesdienst einluden, erf\u00fcllten sie die mit Musik. Stimme:\u201cHuhu, Karen! Hier oben im Baum!\u201c Karen:\u201cHallo Harros Darf ich vorstellen, das ist Alli. Alli, das ist Harros Unser Postbote. Er ist ein Katzenb\u00e4r oder auch roter Panda genannt, falls du schon mal einen gesehen hast.\u201c Alli:\u201cIn freier Wildbahn habe ich noch Keinen gesehen. Nur in B\u00fcchern gelesen oder im Internet. Katzenb\u00e4ren haben viel gemeinsam mit Waschb\u00e4ren vom Aussehen her.\u201c Harros:\u201cGrrr! Waschb\u00e4ren sind Diebe! Kleine, gemeine Gauner!\u201c Karen:\u201cJetzt geht das wieder los...\u201c Alli:\u201cWas?\u201c Karen:\u201cEs gibt da diesen Waschb\u00e4ren Ron, der von Haus zu Haus schleicht. Er klaut Dinge und verkauft sie teuer weiter. Doch das ist noch harmlos. Harros und Ron vertragen sich wie Draghi und der Baron. Nur noch viel Schlimmer!\u201c Harros:\u201cFalls du ihm begegnest, sag mir sofort Bescheid.\u201c Alli:\u201c\u00c4hm, mach ich.\u201c Harros:\u201cGut, dann zieh ich mal weiter. Die Briefe tragen sich schlie\u00dflich nicht von selbst aus. Hier sind deine Briefe. Mal wieder alles Rechnungen, sch\u00e4me dich!\u201c Karen:\u201cDas geht dich ja wohl Nichts an!\u201c Harros:\u201chehe, war`n Witz. Man sieht sich.\u201c Karen:\u201cBl\u00f6dian...\u201c Behaglich, als g\u00e4be es keine Zeit, erklimmte Harros den st\u00e4mmigen Apfelbaum nahe dem Haus. Sein Reittier, ein ziemlich gro\u00dfer Pelikan, \u00fcberseht mit Briefmarken am >Schnabelsack<, wartete gesattelt auf seinen Herren. Der rote Panda zog das Zaumzeug zur Sicherheit noch einmal straf nach. Er nickte. Sein Vogel schlug heftig mit den gro\u00dfen Fl\u00fcgeln und erhob sich - f\u00fcr ein Pelikan - anmutig in die Luft. Ein ausgefallener und eigenartiger Anblick. Karen:\u201cAch ja, Harros. Wer ich als Nagetier zur Welt gekommen, h\u00e4tte ich ihn vermutlich geheiratet, statt Henry\u201c Alli:\u201cUhhh!\u201c Karen:\u201cErz\u00e4hl`s blo\u00df keiner Seele im Dorf! Das spricht sich dann wieder breit, wie ein Kaugummi!\u201c Alli:\u201cBei mir sind Geheimnisse gut aufgehoben!\u201c In der kleinen Stadt kehrte langsam Leben ein. Ladenbesitzer \u00f6ffneten ihre Gesch\u00e4fte, Welpen machten sich zuvorkommend f\u00fcr die allt\u00e4gliche Schule. Es waren nicht die Geb\u00e4ude, Einwohner oder H\u00fctten f\u00fcr die sich die Hauptsch\u00fclerin so hingabevoll interesierte, sondern die gewaltigen Kristalle. Tief aus der Erde ragten die dursichtigen Kalten vor den Stra\u00dfen und Geb\u00e4uden empor. Karen:\u201cDie Kristalle leuchten im Dunkeln.\u201c Alli:\u201cEhrlich? Das ist ja cool!\u201c Inmitten der H\u00fctten und Gesch\u00e4fte, stand eine steinalte Windm\u00fchle Die H\u00fcndin und das M\u00e4dchen betraten den Laden. Es roch gut nach frischem Brot. Eine wohlige W\u00e4rme belebte Alli ihren K\u00f6rper mit neuer Energie, die sie im ersten moment frieren lie\u00df. Die Treppen hinauf polterte es heftig. Karen dr\u00fcckte auf die Ladenklingel an der Theke. Stimme:\u201cAutsch! \u00c4hm, bin gleich da!\u201c Karen:\u201cWei\u00dft du, der Pfarrer Pate lebt hier mit seiner Nichte Lilo und dem deren Partner Popkorn, ein Teddyb\u00e4r.\u201c Alli:\u201cTeddyb\u00e4r?\u201c Karen:\u201cJa, ein lebender. Starr ihn nur nicht an.\u201c Alli:\u201cWarum sollte ich?\u201c Karen:\u201cMan sieht nicht jeden Tag einen Teddyb\u00e4ren, der auch noch lebt. Seine Augen sind auch echten Diamanten und seine langen Klauen sind gef\u00e4hrlich scharf, also reiz ihn nie.\u201c Alli:Ich doch nicht.\u201c Lilo:\u201cSo, bin da. Leider ist Onkel schon in der Kirche, weswegen ich das heute \u00fcbernehmen muss. Was w\u00fcnscht ihr?\u201c Lilo, eine gro\u00dfe M\u00fcnsterl\u00e4nder. Ein Jungtier. Kleiner als Karen. Ihre Augen waren lieb und so voller w\u00e4rme. Sie war schwarz, wei\u00df mit dunklen Punkten und wei\u00dfen Pfoten, wie Socken. Um es knapp zu beschreiben: Ein Rassehund! Karen:\u201cZehn Br\u00f6tchen, ein gro\u00dfes Schwarzbrot und ein Kaffee zum mitnehmen.\u201c Lilo:\u201cKommt sofort. Und Sie?\u201c Alli:\u201cOh, ich m\u00f6chte Nichts, vielen Dank. Lediglich helfe ich Karen blo\u00df beim Einkaufen.\u201c Karen:\u201cAch was! Und noch eine Brezel f\u00fcr meine Freundin.\u201c Lilo:\u201cVerstanden... Mensch, Popkorn, beeile dich!\u201c Pokorn:\u201cLilo, wir haben ein Problem!\u201c Lilo:\u201cWas den nun schon wieder? Junge, komm runter, wir haben Kundschaft!\u201c Popkorn:\u201cBin ja schon da. Also, ich hab was ganz Wichtiges vergessen Gestern! Furchtbar Wichtiges!\u201c Lilo:\u201cWas ist nun schon wieder kaputt?\u201c Popkorn:\u201cDie Fuchszwillinge Run und Gallen baten mich doch beim Doktor das Zeckenschutzmittel abzuholen! Das hab ich mal wieder total verpennt!!!\u201c Lilo:\u201cDu verpennst aber auch alles! Und jetzt?\u201c Karen:\u201cIhr habt doch noch Zeit. Und selbst wenn ihr erst sp\u00e4ter kommen w\u00fcrdet, wer auch kein Problem.\u201c Lilo:\u201cDas ist es ja! Heute finden die Wettk\u00e4mpfe statt, f\u00fcr den Hindernisparcours. Ich hatte mich so darauf gefreut und du wei\u00dft wie Baron sein kann! Wer zu sp\u00e4t ist, egal aus welchem Grund, ist automatisch ausgeschieden!\u201c Karen:\u201cOh. Das ist nat\u00fcrlich ein Problem. Mist!\u201c Alli:\u201cSoll ich schnell gehen? Ich hab Zeit. Ich hab doch Zeit, oder Karen?\u201c Karen:\u201cDas wer sehr nett von dir, Alli. Ich begleite dich noch ein St\u00fcck. Der Arzt ist gleich neben dem Supermarkt, den meine Eltern betreiben.\u201c Lilo:\u201cIch wer dir ewig Dankbar f\u00fcr! Sag dem Doktor einfach, oder Krankenschwester Elisa, du willst das Zeckenschutzmittel f\u00fcr die F\u00fcchse haben. Dann gehst du am River Hill vorbei, rauf in den Mystik Wald, bis zum Berg der Zeit, denn dort ist ihr Revier und dort werden sie sein. Blo\u00df vorsichtig sie sind etwas... wild.\u201c Popkorn:\u201cDu meinst gef\u00e4hrlich!\u201c Lilo:\u201cKlappe, Popkorn! Du wirst das schon schaffen. Sie bringen dich ja nicht gleich um, sie sind nur etwas... Forsch.\u201c",
            "wordcount": "1.128",
            "chapter_release": "16.06.2016",
            "chapter_number": "9"
        }
    },
    "title": "Suenos (2009) - Die Macht der Katzenaugen (Alte Verfassung)",
    "topic": "unspecified",
    "release": "\n31.05.2016\n\t\t\t\t\t\t",
    "author": "DieSchreibblockade"
}