{
    "tags": [],
    "chapcount": "12",
    "wordcount": "10.230",
    "chapters": {
        "1": {
            "text": "Personen:Caterina ist 17 Jahre alt. Sie hat Spanische Wurzeln ist aber in Deutschland geboren und aufgewachsen. Sie ist Einzelkind bezeichnet ihre beste Freundin, Leah (15), aber als ihre kleine \u0001 \u0002 hat mittellange, schwarze Haare mit pinken Spitzen. Ihre blauen Augen stechen sehr hervor genau wie ihr Drachen Tattoo an der linken Schulter. Und ein paar Piercings in den \u0001 \u0002 16 hat sie den Motorradf\u00fchrerschein gemacht und besitzt auch \u0001 \u0002 der Schule ist sie nicht besonders \u0001 \u0002 gibt es oft Stress mit ihren Eltern, da sie vor drei Wochen rausgeschmissen \u0001 \u0002 hat das Leben satt, jeden Tag das gleiche und dann kam die Idee abzuhauen. Anja ist 17 Jahre alt. Ihre Familie ist deutsch. Sie hat einen j\u00fcngeren Bruder mit dem sie st\u00e4ndig streitet. Mit ihrer besten Freundin Anna (18) hat sie nur noch wenig Kontakt da sie Studiert und deswegen keine Zeit mehr hat. Anja hat kurze Haare die dunkelrot gef\u00e4rbt sind. Ihre Augen sind blau-grau. Sie raucht seit dem sie 13 ist und hat am Ohr mehrere Piercings und Snakebites. An ihrer Seite hat sie ein Tattoo. Bis zur Mittleren Reife war sie in der Schule gut aber in der FOS wurde sie dann schlecht. Genau wie Caterina hat sie in den Sommerferien gearbeitet. Mit ihren Eltern streitet sie nur noch. Sie hat einen Freund den sie aber nicht mehr so liebt aber nicht Schluss macht. Sie f\u00e4hrt viel Motorrad. Dean und Steve sind Zwillingsbr\u00fcder. Sie sehen sich jedoch nicht \u00e4hnlich. Sie sind 22 und \u0001 \u0002 gro\u00df. Dean hat schwarze kurze Haare, braune Augen und einige Tattoos & Piercings. Er spielt Gitarre in einer Heavy-Metal-Band. Dean hat eine Freundin der er aber nicht lange treu bleibt. Er ist zwar ein Badboy aber nicht ganz so krass wie sein Bruder. Er raucht und s\u00e4uft auch aber nicht jeden Tag. Au\u00dferdem hat er einen Chevrolet Impala 62 und ein Motorrad. Steve hat dunkelblonde Haare und braune Augen. Der gr\u00f6\u00dfte Teil seines Oberk\u00f6rpers ist voller Tattoos. Er hat Tunnels und mehrere Piercings. Er spielt Schlagzeug in der selben Band wie sein Bruder. Steve hat zwar eine Freundin macht aber st\u00e4ndig mit anderen rum. Er raucht und kifft hin und wieder. Die meiste Zeit ist er dicht. Er wohnt mit Dean in einer WG und feiert viele Partys. Er ist Mitglied in einer Gang und hat eine Narbe von einem Schuss an der Schulter den er bei einem Bandenkrieg bekam. Obwohl im der F\u00fchrerschein abgenommen wurde f\u00e4hrt er immer noch Auto (eine Corvette C1) und Motorrad.",
            "wordcount": "424",
            "chapter_release": "29.09.2013",
            "chapter_number": "1"
        },
        "10": {
            "text": "Dienstag \u2013 \u0001 \u0002.13Syn und Anja sa\u00dfen am Fenster. Drau\u00dfen schneite es! Das hatte es hier noch nie gegeben und jetzt hatte es -5\u00b0C und Schnee. Die Beiden waren mittlerweile fast 3 Monate zusammen. Anja hatte Steve bereits vergessen. Sie war sogar froh, dass er tot war, sonst w\u00e4re sie jetzt nicht mit Syn zusammen. Dass er mit 32 Jahren 14 Jahre \u00e4lter war als sie interessierte die Beiden nicht. Sie konnten ohne einander nicht mehr. Syn schaute Anja an.\u201eWie feiert ihr in Deutschland eigentlich Weihnachten?\u201c\u201eWei\u00df nicht... Wir sitzen abends zusammen und dann gibt\u2019s Geschenke. Ihr?\u201c\u201eBei uns gibt\u2019s die Geschenke erst am n\u00e4chsten Tag.\u201c\u201eIst ja bl\u00f6d.\u201c\u201eWieso ist das bl\u00f6d?\u201c\u201eDann muss man ja noch l\u00e4nger warten.\u201c\u201eStimmt. Wollen wir Fr\u00fchst\u00fccken? Ich hab Hunger.\u201c\u201eJa.\u201cDie Beiden gingen in die K\u00fcche. Cat und Dean lagen noch im Bett. Cat kuschelte ihn langsam wach.\u201eHey. Deeean? Wollen wir nachher Schlittschuh laufen gehen?\u201cEr \u00fcberlegte kurz und:\u201eNa gut, aber nur wenn wir danach Geschenke kaufen.\u201c\u201eHmm... Okay.\u201c\u201eGut und jetzt aufstehen! Es gibt Fr\u00fchst\u00fcck.\u201c\u201eIch mag nicht raus.\u201cDean z\u00f6gerte kurz und kitzelte sie dann so lange bis sie endlich \u0001 \u0002 Beiden gingen in die K\u00fcche. Anja lag in Unterw\u00e4sche auf dem Fr\u00fchst\u00fcckstisch. Ihr K\u00f6rper war mit Sahne voll gespr\u00fcht. Syn sa\u00df auf ihr drauf und leckte die Sahne von ihrem Bauch. Syn wollte gerade ihren BH \u00f6ffnen, da kamen Dean und Cat rein. Ein paar Sekunden standen sie starr da. Dean und Cat wollten sich gegenseitig die Augen zu halten. Dean schaffte es doch Cat hielt ihm aus versehen den Mund zu, da sie kleiner war als Dean. Syn bemerkte die Beiden erst jetzt.\u201eFuck! Warum seid ihr schon so fr\u00fch wach?!\u201cDean zog ein sp\u00f6ttisches Gesicht.\u201e\u00c4h, wir hatten Hunger, aber ich glaube wir fr\u00fchst\u00fccken wo anders.\u201cAnja, die vor Schreck vom Tisch gefallen war, kriegte sich nicht mehr ein vor lachen.\u201eSo ein geiles Fr\u00fchst\u00fcck haben die sicher nicht!\u201c\u201eWie denn auch? Die sind ja nicht so geil wie wir!\u201cSyn setzte sich wieder auf Anja als die anderen verschwunden waren und zog sie ganz aus. Er schleckte die restliche Sahne ab und \u2026So gegen 4Uhr waren Cat und Dean bei dem Eisplatz. Sie liehen sich Schlittschuhe und fuhren ein wenig herum. Es fiel immer noch Schnee und es wurde langsam dunkel. Dean \u00fcberlegte kurz, dann lie\u00df er sich fallen. Cat drehte sich um und fuhr zu ihm zur\u00fcck.\u201eIst alles in Ordnung bei dir?\u201cEr antwortete nicht sondern nahm ihre Hand und zog sie vorsichtig zu sich hinab und fl\u00fcsterte ihr ins Ohr:\u201eWillst du mich heiraten?\u201cCat war perplex.\u201eJA!\u201c sagte sie \u00fcbergl\u00fccklich und k\u00fcsste \u0001 \u0002 zog sie noch n\u00e4her an sich ran. Und strich ihr \u00fcber den R\u00fccken immer tiefer.\u201eKomm lass uns schnell heim gehen, ich bin so geil auf dich.\u201c, fl\u00fcsterte Caterina.\u201eWarum denn so lange warten? Da hinten ist ein Laden mit Umkleiden.\u201c, meinte er ganz \u0001 \u0002 rannten r\u00fcber und ab in die Umkleide. Sie rissen sich die Kleider vom Leib. Dean wollte gerade ein Kondom aus der Tasche holen.\u201eWarum? Wir wollen doch heiraten.\u201c\u201eHast recht.\u201cEr packte sie und hob sie hoch...Am Nachmittag verabschiedetet Syn sich von Anja.\u201eIch muss dann los.\u201c\u201eWohin?\u201c\u201eNoch was wichtiges besorgen.\u201c\u201eOkay, dann bis sp\u00e4ter.\u201c\u201eBis sp\u00e4ter Schatz.\u201cEr dr\u00fcckte ihr einen Schmatzer auf die Stirn, noch einen auf den Mund und ging zur T\u00fcr hinaus. Anja und Syn hatten beschlossen, deutsche Weihnachten zu feiern, deshalb musste Syn noch schnell die Geschenke abholen, die er anfertigen lassen hat. Als er zur\u00fcck kam waren Cat und Dean schon zu Hause und tranken mit Anja Gl\u00fchwein. Syn ging sofort zu seinem Schrank um die Sachen zu verstecken. Dann ging er in die K\u00fcche, die Anja mittlerweile aufger\u00e4umt hatte, nahm sich Gl\u00fchwein und setzte sich zu Anja aufs Sofa. Er k\u00fcsste sie zur Begr\u00fc\u00dfung. Anja schaute ihn besorgt an.\u201eMagst du Kinder?\u201c\u201e\u00c4h, ja?\u201c\u201eIch mein, magst du mal Kinder haben?\u201c\u201e Ja.. klar, sogar bald, aber ich sch\u00e4tze dir ist es noch zu \u0001 \u0002?\u201c\u201eWei\u00df nicht.\u201c\u201eWie kommst du da jetzt \u00fcberhaupt drauf?\u201c\u201eAch, keine Ahnung, nur so.\u201c\u201e\u00c4h, ok.\u201c\u201eAch vbevor ichs vergesse, cat und Dean wollten uns noch was sagen.\u201c\u201eWir werden am \u0001 \u0002.13 Heiraten!\u201c, quiekte Cat w\u00e4hrend Dean grinste. \u201eUnd Anja geht morgen mit mir Brautkleid shoppen.\u201c, bestimmte Cat.\u201eIch?\u201c\u201eJa, du!\u201c\u201eWow! Ich kanns nicht fassen! Cat heiratet!\u201cAnja sprang auf und umarmte Cat und Dean.\u201eHerzlichen Gl\u00fcckwunsch!\u201cDie verlobten strahlten. Auch Syn stand auf und gratulierte ihnen. Cat stand auf und ging in die K\u00fcche um die selbstgebackenen Pl\u00e4tzchen zu holen. W\u00e4hrend dessen holte Dean den Ring. Als Cat wieder kam stand eine Raffaelo-Weihnachts-Schachtel auf ihrem Platz. Sie stellte die Pl\u00e4tzchen auf den Tisch.\u201eKomm mach auf.\u201c,dr\u00e4ngte Dean und zeigte auf die \u0001 \u0002 sch\u00fcchtern \u00f6ffnete sie es. Es war ein kleiner Ring mit drei Diamanten in Herzform darin. Ein schwarzes, ein wei\u00dfes und ein rotes in der Mitte. Er war wundersch\u00f6n. Dean nahm ihn heraus und steckte ihn ihr an. Er funkelte im Licht in fast allen Farben dieser Welt. Caterina war \u00fcbergl\u00fccklich und zerrte Dean erst mal wieder ins Schlafzimmer. Anja br\u00fcllte nur hinterher:\u201eSeid nicht so laut!\u201c\u201eWenigstens treiben wir es nicht auf dem K\u00fcchentisch!\u201c kam dann von Dean.\u201eIm Bett ist doch langweilig!\u201c, scherzte \u0001 \u0002 ging er in sein Zimmer. Anja richtete alles zum Kochen her und wartete 10 Minuten. Dann kam Cat mit zerzausten Haaren in die K\u00fcche.\u201eIhr wart aber schnell.\u201c\u201eIch musste mich ja auch beeilen.\u201cCat streckte Anja die Zunge raus. Die Beiden fingen an das Essen zu kochen. W\u00e4hrenddessen richteten die Jungs das Wohnzimmer her und holten die Geschenke f\u00fcr die M\u00e4dels, die sie unter den Baum legten. Danach gingen sie in die K\u00fcche um den Tisch zu decken. Dean stellte sich zwischen die M\u00e4dels.\u201eWow riecht das geil!\u201c\u201eDanke!\u201c,antworteten Beide.\u201eIhr k\u00f6nnt euch fertig machen. Syn und ich \u00fcbernehmen den Rest.\u201c\u201eOkay.\u201c, sagte Anja und zog Cat \u0001 \u0002 M\u00e4dels machten sich fertig. Anja zog ein dunkelrotes Kleid an, das mit vielen kleinen Diamanten besetzt war und ihr bis zum Knie ging. Cat streifte das kleine schwarze Kleid mit silber Sternen \u00fcber und schminkte sich ganz in schwarz -silber. Anja war bereits geschminkt und schminkte nur nochmal mit den passenden Farben nach. Sie brachten noch schnell ihre Geschenke ins Wohnzimmer, dann gingen sie wieder in die K\u00fcche. Syn ging zu Anja.\u201eWow, wundersch\u00f6n!\u201cEr knutschte sie \u0001 \u0002 Dean war schon bei Cat. Sie wurde von ihm hochgehoben und durch die Gegend gewirbelt. Dann boten die Jungs ihnen ihre Pl\u00e4tze an und es wurde \u0001 \u0002 sie fertig waren gingen sie ins Wohnzimmer. Syn z\u00fcndete Kerzen an. Dean schaute die M\u00e4dels an.\u201eIch w\u00fcrde sagen ihr f\u00e4ngt an mit auspacken.\u201cCat und Anja \u0001 \u0002 sah eine kleine Schachtel, auf der ihr Name stand. Sie packte es aus. Darin war eine Kette mit einem Herzanh\u00e4nger, der mit vielen Diamanten besetzt war. Auf der R\u00fcckseite war Syn und ihr Name eingraviert. Sie stand auf und fiel ihm um den Hals.\u201eDanke Schatz! Die ist wundersch\u00f6n!\u201c\u201eBitte! Da ist noch mehr f\u00fcr dich.\u201cDie T\u00fcr ging auf und die Bandmitglieder kamen rein. Mike dr\u00fcckte Syn einen Korb in die Hand. Syn gab ihn Anja. Sie nahm die Decke von dem Korb. Da drin lag eine Katze. Eine kleine schwarz-grau getigerte Babykatze.\u201eOh mein Gott, ist die s\u00fc\u00df!\u201cDie Katze hatte einen Schl\u00fcssel um ihren Hals h\u00e4ngen.\u201eWozu ist denn der Sch\u00fcssel?\u201cSyn f\u00fchrte sie auf die Terrasse und zeigte auf die sch\u00f6ne Villa, die auf der anderen Stra\u00dfenseite stand. Jetzt sagte sie nichts mehr. Sie drehte sich zu Syn und k\u00fcsste ihn. Auch Cat hatte schon ein Geschenk ausgepackt. In dem P\u00e4ckchen war haufenweise Unterw\u00e4sche. Dean grinste sie an.\u201eIch konnte nicht anders.\u201cDann hielt er ihr einen Schl\u00fcssel hin.\u201eUnd da konnte ich auch nicht anders. Er steht in der Garage.\u201cCat sprang auf um zu schauen was dort stand. Sie \u00f6ffnete die T\u00fcr und schaltete das Licht an. Sie traute ihren Augen nicht. Dort stand ein nagelneuer Porsche Carrera. Er war schwarz mit zwei dunkelblauen Streifen. Cat drehte sich zu Dean um, der hinter ihr stand. Sie rannte auf ihn zu und sprang ihm in die Arme.\u201eOh mein Gott, Dean, der ist Hammer! Du bist der Beste! Danke Danke Danke!\u201c\u201eDu bist ja auch meine zuk\u00fcnftige Frau! Die beste hat das Beste verdient!\u201cEr k\u00fcsste \u0001 \u0002 begann sein Geschenk aus zupacken. Das Paket war ziemlich gro\u00df. Als er das Geschenkpapier entfernt hatte traute er seinen Augen nicht. Es war eine Synyster Gates Custom-S Gitarre. Er hatte diese schon einmal f\u00fcr sich anfertigen lassen, aber diese war schwarz mit dunkelroten Streifen und auf dem Gitarrenhals stand Syn & Anja. Er stand auf und hob sie hoch.( http://\u0001 \u0002.\u0001 \u0002/Data/Product_Images/\u0001 \u0002 )\u201eAb sofort Spiel ich nur noch mit der!\u201cEr k\u00fcsste sie. Dann ging Anja schnell in ihr Zimmer. Als sie zur\u00fcck kam hatte sie noch ein kleines P\u00e4ckchen in der Hand. Dean und Cat waren wieder im Wohnzimmer und bestaunten Syns neue Gitarre. Anja gab Syn das kleine P\u00e4ckchen. Er packte es aus und schaute etwas verwirrt.\u201eEin Schwangerschaftstest?\u201c\u201eSchau drauf.\u201c\u201eDer ist positiv?\u201c\u201eSyn, ich bin Schwanger.\u201c\u201eVon wem?\u201c\u201eVon dir du Doofi.\u201c\u201eFuck, das tut mir leid.\u201c\u201eWarum tut dir das leid? Freust du dich nicht?\u201cEr schaute sie besorgt an.\u201eDoch, doch schon. Aber freust du dich denn?\u201c\u201eIch war am Anfang ziemlich geschockt. Aber mittlerweile freu ich mich richtig.\u201cSyn fing wieder an zu grinsen. Er nahm sie in seine Arme und dr\u00fcckte sie.\u201eWow, wir kriegen ein Kind. Ich kanns nicht glauben! Das sind die geilsten Weihnachten die es je gab!\u201c\u201eJa!\u201c\u201eWie lang bist du schon Schwanger?\u201c\u201eIch bin in der 11. Woche.\u201cEr war sprachlos und lies sie gar nicht mehr los. Cat wusste bereits dass Anja schwanger war aber Dean bekam es erst jetzt mit. Er ging zu Syn.\u201eDer Alte Sack hier wird Vater! Gl\u00fcckwunsch Bro.\u201c\u201eDanke.\u201c, lachte er.\u201eNa dann, pack ich mal meine Geschenke aus.\u201cDean \u00f6ffnete erst ein kleines P\u00e4ckchen. Darin war ein Parf\u00fcm. Er roch daran.\u201eWow, das riecht gut. Danke Schatz.\u201cDann \u00f6ffnete er das gro\u00dfe Paket. Es war ziemlich lang. Und auch er bekam was f\u00fcr die Band: Ein neues Mikrofon, auf dem Dean&Cat drauf \u0001 \u0002 wirbelte Cat durch die Luft und rannte mit ihr wieder ins \u0001 \u0002 und Syn unterhielten sich noch mit den anderen Jungs. Nach einer Stunde gingen sie dann auch ins Bett. Anja kuschelte sich an Syn.\u201eIch liebe dich.\u201c\u201eIch dich auch. Ich werde dich f\u00fcr immer Lieben.\u201cEr strich ihr eine Haarstr\u00e4hne aus dem Gesicht hinters Ohr, fuhr mit seinem Finger \u00fcber ihre Lippen und k\u00fcsste sie z\u00e4rtlich...Cat und Dean lagen v\u00f6llig fertig im Bett aneinander gekuschelt.\u201eWow, ich heirate meine absolute Traumfrau.\u201c\u201eUnd ich meinen Traummann.\u201cUnd als ob sie nicht schon fertig genug waren trieben sie es das vierte Mal an diesem Tag...",
            "wordcount": "1.848",
            "chapter_release": "29.09.2013",
            "chapter_number": "10"
        },
        "11": {
            "text": "Samstag \u2013 \u0001 \u0002.13Anja schnappte sich schnell Cats Handy als diese gerade in der K\u00fcche war. Sie suchte die Nummer des Unbekannten. Im ersten Moment fand sie sie nicht. Doch als sie nochmal alles durchging dann doch. Schnell rief sie ihn an. Er meldete sich.\u201eHey Cat was gibts denn?\u201d\u201e\u00c4h, hier ist Anja.\u201d\u201eOh was machst du mit dem Handy?\u201c\u201eIch wollte dich was fragen.\u201c\u201eNa klar. Das erkl\u00e4rt auch alles.\u201c\u201eHey, Schnauze! Ich mach das f\u00fcr Cat.\u201c\u201eMeinetwegen. Was willst du fragen?\u201c\u201eOb du heute Abend um 8Uhr hier sein kannst um den Jungesellinnenabschied von Cat zu feiern.\u201c\u201eWTF! Sie heiratet?!\u201c es entstand eine ziemlich lange Pause.\u201eJa ich komme. Aber nur wenn ich euch in einen Club entf\u00fchren darf.\u201c\u201eNein!\u201c\u201eDann komm ich auch nicht!\u201c\u201eOk, ok, ok, ist ja gut du Erpresser.\u201c\u201eN\u00f6. Ich setze nur meinen Willen durch.\u201c\u201eIst das gleiche. Bis sp\u00e4ter.\u201cTut Tut Tut. Anja hatte \u0001 \u0002 Punkt 8 Uhr war er da und die beiden fertig. Sie fuhren ca. eine halbe Stunde bis sie bei dem Club waren. Es stand eine sehr lange Schlange an.\u201eWollen wir nicht wo anders hin?\u201c\u201eNein. Keine Sorge wir m\u00fcssen nicht warten. Du wei\u00dft doch \u2013 Ich habe so meine Kontakte!\u201cSie kamen ohne Probleme rein und konnten sich sogar noch Pl\u00e4tze an einer Strip-bar aussuchen. Die drei lie\u00dfen es richtig krachen. Sie tranken und tanzten wie schon lange nicht mehr. Nur f\u00fcr Anja fiel das Trinken aus. Nach paar Stunden waren Cat und der Fremde dicht. Sie fingen an ein wenig rum zu machen. Er nahm sie an der Hand, schaute ihr in die Augen und lallte:\u201eWillst du mit mir verschwinden?\u201c\u201eJaaa.\u201c kam eine noch besoffenere \u0001 \u0002 merkte erst nach 10 Minuten dass die beiden nicht mehr im Raum waren. Sie machte sich ein wenig Sorgen da sie genau wusste wie dicht die zwei sind. Schnell rannte Anja zum Klo und rief nach Cat. Es kam keine Antwort. Jedenfalls nicht von Cat. Sie \u00fcberlegte kurz und ging dann in die Garderobe. Sie h\u00f6rte nur ein St\u00f6hnen. Es h\u00e4tte ein fickendes P\u00e4rchen oder eine verletzte Person sein k\u00f6nnen. Sie ging langsam, Schritt f\u00fcr Schritt weiter hinter. Das \u00e4chzen wurde leiser. Als Anja beim letzten Gang abbog sah sie Cat und den Fremden, die sich gerade wieder anzogen. Anja dachte sie sieht nicht richtig. Sie ging erst auf Cat zu.\u201eDu besoffene Schlampe!\u201cAnja schmierte Cat eine. Dann ging sie auf den Fremden los.\u201eAlter, was f\u00e4llt dir eigentlich ein?! Ich hab dich eingeladen damit du mit Cat den Junggesellenabschied feierst und nicht damit du sie flachlegst du Hurensohn!!! Wie hei\u00dft du \u00fcberhaupt?\u201cEr grinste sie bl\u00f6d an.\u201eMein Name ist Bond. James Bond.\u201cAnja konnte sich nicht zur\u00fcckhalten. Sie schlug ihm erst auf die Lippe die sofort aufplatzte und dann trat sie ihm in die Eier. Er sackte zu Boden.\u201eOkay, okay, ich sags ja! Ich hei\u00dfe Sam Salvatore.\u201c\u201eWas? Salvatore?! Das ist jetzt kein Zufall, oder?\u201c\u201eNein ich bin Deans Bruder.\u201c\u201eDas ist nicht dein ernst oder?\u201c\u201eDoch.\u201cJetzt wurde ihr einiges klar. Deswegen sagte er Cat seinen Name nicht. Und deswegen hielt Dean nichts von der Freundschaft zwischen Cat und Sam. Wahrscheinlich hatte Sam Dean schon einmal eine Freundin ausgespannt.\u201eSo, jetzt h\u00f6r mir genau zu, Freundchen! Du l\u00e4sst ab sofort die Finger von Cat. Das hier bleibt unter uns aber wenn ich dich noch einmal dabei erwische, dann mach ich dich fertig! Ich will nicht, dass du das zwischen Dean und Cat kaputt machst. Und jetzt verpiss dich!!\u201cSam haute ab. Anja ging zu Cat, die auf einer Bank lag, riss sie weg von der Bank und ging mit ihr zum Auto. Cat schlief fast sofort ein. Sie meckerte vorher nur ein wenig.\u201eWarum denn nach Hause? Dean war doch grad so geil. Ich will noch nicht...\u201cAm n\u00e4chsten Tag wachte Cat erst um 3 Uhr auf und hatte den schlimmsten Kater ever. Langsam stand sie auf und ging runter. Alle anderen waren schon wach. Anja schaute besorgt zu ihr r\u00fcber. Sie hoffte dass sich Cat an nichts erinnerte, denn es w\u00e4re besser wenn sie und ganz besonders Dean, dass nie erfahren.\u201eSag mal, hat jemand Aspirin?\u201cDean gab ihr zwei St\u00fcck.\u201eUnd k\u00f6nntest du mir ein Glas Wasser geben?\u201cDean brachte ihr eins.\u201eUnd bitte ein Sandwich?\u201cDean machte ihr eins. Mittlerweile mussten alle lachen.\u201eUnd k\u00f6nnte mir bitte jemand sagen was gestern passiert ist?\u201c\u201cFuck\u201c, dachte Anja.\u201e\u00c4h du warst ziemlich besoffen. Und du bist gegen eine T\u00fcr gelaufen. Danach hab ich dich nach Hause gezerrt.\u201cDas war gelogen aber irgendwie auch nicht. Au\u00dferdem wusste es ja keiner.\u201eAchso.\u201c war alles was sie antwortete",
            "wordcount": "777",
            "chapter_release": "29.09.2013",
            "chapter_number": "11"
        },
        "12": {
            "text": "Montag \u2013 \u0001 \u0002.13Cat ging in ihrem wei\u00dfen Kleid vor zum Altar. Ein kleines M\u00e4dchen streute rote und wei\u00dfe Rosen. Als sie ganz vorne bei Dean war, war sie so gl\u00fccklich wie schon sehr lange nicht mehr. Der Pfarrer laberte und laberte bis er zu der Stelle mit dem Einspruch kam. Er konnte nicht einmal ganz ausreden als ein junger Mann aufsprang und rief:\u201cSTOP! Anja ich wei\u00df wir wollten es ihnen nicht sagen aber ich kann das nicht l\u00e4nger.\u201d\u201eNein, wage es ja nicht.\u201c, fauchte Dean.\u201eDoch Dean. Ich habe nur Zeit mit ihr verbracht weil ich sie liebe, nicht weil ich dich ver\u00e4rgern will. Es war nie meine Absicht etwas mit ihr anzufangen.\u201c\u201eHaben wir auch nicht.\u201c\u201eDoch Cat.\u201c\u201eNEIN!!!\u201c\u201eJunggesellenabschied!\u201c\u201eAnjaaa?!\u201c\u201eJa...erwischt.\u201c\u201eWir haben es in der Garderobe getrieben.\u201c\u201eWas?!\u201c, kam es von Dean und Cat.\u201eJa. Du warst so besoffen, dass du mich sogar Dean genannt hast aber...\u201c\u201eDu mieses Schwein! Wir kennen dich nicht, wissen nicht wie du hei\u00dft und du nutzt mich sogar noch aus wenn ich besoffen bin. Verschwinde. Und lass dich nie, nie mehr hier sehen!\u201cCat liefen die Tr\u00e4nen runter. Dean konnte sie aber nicht anschauen und Sam r\u00fchrte sich auch nicht vom Fleck.\u201eDu bist mein Bruder! Warum tust du mir das schon wieder an? Deine erste, sie war meine. Deine Ex-Verlobte war auch mit mir vorher zusammen und jetzt DAS. Ich will dich nie wieder sehen du Wixxer! Komisch, dass wir die gleiche Mom haben. Aber dein Vater hat sich eh nur umgebracht weil du da bist.\u201cDean holte noch mal Luft.\u201eDu bist die Missgeburt der Familie, so eine Arschgeburt. Vermutlich sogar noch die Nachgeburt du Schwanzlutscher!\u201cEr ging langsam auf ihn zu. Sam sagte nichts. Er stand einfach nur betreten da.\u201eDas ist meine Hochzeit also verpiss dich endlich! Motherfucker!\u201c\u201eNein!\u201cDean schlug ihm mit voller Wucht ins Gesicht, so dass der Kiefer krachte.\u201eDoch!\u201c\u201eNein\u201c, nuschelte \u0001 \u0002 holte wieder aus und schlug ihm in den Magen und mit seinem Knie in die Eier. Sam st\u00f6hnte auf und spuckte Blut. Dann sackte er auf dem Kirchenboden zusammen.\u201eUnd jetzt verschwinde endlich sonst kannst du nie wieder gehen.\u201cSam raffte sich auf, schaute ihn noch ein letztes mal vorwurfsvoll und verletzt an und schleppte sich aus der \u0001 \u0002 ging auf Cat zu. Syn ging hinter ihr her. Sie blieb einen Meter vor Cat stehen.\u201eEs tut mir leid Cat!\u201c\u201eVerpiss dich, du hinterfotziges Mistst\u00fcck!\u201c\u201eMan es tut mir leid! Ich habe gehofft, dass es nie raus kommt! Ich wollte deine Beziehung nicht in Gefahr bringen!\u201c\u201eTja, falsch gedacht! Du hast alles kaputt gemacht! Alles! Und jetzt hau ab! Ich will dich nie wieder sehen!\u201cAnja wusste, dass es keinen Sinn machte sich bei Cat zu entschuldigen. Syn nahm sie an der Hand und ging mit ihr zum Auto. Sie fing an zu weinen. Syn nahm sie in den Arm.\u201eWarum weinst du denn?\u201c\u201eIch bin so eine miese Schlampe!\u201c\u201eNein, h\u00f6r auf. Das bist du nicht!\u201c\u201eDoch, ich hab alles kaputt gemacht! Die Hochzeit, die Beziehung von Cat und Dean, Sams Leben und die Freundschaft von Cat und mir!\u201c\u201eAber es war nicht mit Absicht. Du wolltest sie besch\u00fctzen. Dass dieses Arschloch alles verraten hat ist nicht deine Schuld!\u201c\u201eDoch. Ich h\u00e4tte es ihr sagen sollen.\u201c\u201eH\u00f6r auf dich fertig zu machen!\u201cEr streichelte ihren R\u00fccken. Eine Stunde standen sie einfach nur so da. Cat und Dean waren wohl noch in der Kirche, denn ihr Auto stand noch da. Syn und Anja stiegen ins Auto und fuhren nach Hause. Sie waren mittlerweile schon in ihre Villa gezogen. Anja schmiss sich aufs Sofa. Syn ging in die K\u00fcche.\u201eWillst du auch einen Tee haben?\u201c rief er.\u201eNe Flasche Wodka w\u00e4r mir grad lieber.\u201c\u201eNichts da. Wir wollen kein Alkoholiker als Kind bekommen, oder?\u201cEr kochte den Tee und kam mit zwei Tassen zur\u00fcck ans Sofa. Anja weinte immer noch. Ihre ganze Schminke war Verlaufen. Syn stellte die Tassen ab.\u201eAch Anja.\u201c sagte er \u0001 \u0002 stand auf holte Taschent\u00fccher und ein Abschminktuch aus dem Bad und gab es ihr.\u201eDanke.\u201c\u201eH\u00f6r auf zu weinen. Das wird schon wieder.\u201c\u201eGlaub ich nicht.\u201c\u201eDoch bestimmt.\u201cEr kuschelte sich neben sie und deckte Anja und sich \u0001 \u0002 und Cat waren noch einmal kurz raus gegangen. Cat war noch immer recht verst\u00f6rt und fragte deshalb unter Tr\u00e4nen:\u201eKannst du mir verzeihen?\u201c\u201eDu hast doch nichts getan. Er hat dich nur ausgenutzt.\u201c\u201eWenn du es sagst. Willst du mich jetzt heiraten?\u201c\u201eJa, selbstverst\u00e4ndlich!\u201c\u201eDann ist ja gut.\u201cAlso gingen die Beiden zur\u00fcck um endlich zu Heiraten.",
            "wordcount": "769",
            "chapter_release": "29.09.2013",
            "chapter_number": "12"
        },
        "2": {
            "text": "Sonntag, \u0001 \u0002.13Anja dr\u00fcckte ihre Kippe aus. Sie atmete noch einmal tief durch bevor sie die Wohnung betrat, denn sie wusste was ihr bevorstand. Gleich w\u00fcrde sich ihre Mum wieder aufregen, denn sie h\u00e4tte um 9Uhr zu Hause sein m\u00fcssen. Jetzt war es halb 12. Sie zog ihre Schuhe aus und \u00f6ffnete die T\u00fcr.\u201eWer ist da?\u201c,fragte ihre Mom mit m\u00fcder genervter \u0001 \u0002 antwortete nicht. Sie ging in ihr Zimmer, zog ein weites T-Shirt und eine Boxershort aus dem Schrank und zog sich um. Jetzt h\u00f6rte sie Schritte und ihre Zimmert\u00fcr \u00f6ffnete sich. \u201eSag mal hast du eigentlich auf die Uhr geschaut?\u201c\u201eJa.\u201c, antwortete Anja \u0001 \u0002 ob sie das nicht w\u00fcsste...\u201eIch hab gesagt 9Uhr, ja?! 9Uhr!\u201c\u201eHallo, ich bin fast 18. In einem Monat darf ich sowieso...!\u201c\u201eJa, in einem Monat! Davor hab ich hier das Sagen!\u201c\u201eAber die anderen...\u201c\u201eNichts aber!\u201c\u201eMan ich darf doch nie was machen! Ich muss in die Schule gehen, ich muss arbeiten, ich muss lernen und wenn ich 18 bin soll ich auch noch Geld zur Miete zahlen. Wann darf ich mal Zeit f\u00fcr mich haben?!\u201c\u201eDu hast genug Zeit f\u00fcr dich!\u201c\u201eNein!\u201c\u201eWei\u00dft du was, du hast Hausarrest! Jetzt hast du genug Zeit f\u00fcr dich!\u201cAnjas Mom ging aus dem Zimmer und knallte die T\u00fcr zu. Anja setzte sich beleidigt auf ihr Bett. Sie wollte das nicht mehr l\u00e4nger mitmachen. Sie musste hier weg Aber dar\u00fcber musste sie erst noch eine Nacht \u0001 \u0002 bei Caterina:Caterina sa\u00df auf ihrem Balkon mit einem Bier in der Hand. Sie h\u00f6rte lautstark AX7. Es war zwar schon fast 12 und sie musste morgen in die Schule aber wie \u00fcblich war es ihr egal. Ihr Handy leuchtete auf. Sie hatte eine SMS von Anja bekommen:\u201eAlter, meine Mom stresst so krass. Nur weil ich jetzt erst heimgekommen bin hab ich Hausarrest. Ich will hier weg!!!\u201cDas erinnerte sie an vorhin. Als sie von der Runde mit ihren Hunden heim kam, war Leah dabei. Das war nichts ungew\u00f6hnliches. Sie verbrachten viel Zeit miteinander.\u201eOh man, ich bin echt \u0001 \u0002..\u201c\u201eJa ich auch.\u201cDie Beiden unterhielten sich nicht gerade leise w\u00e4hrend sie ihre Schuhe und Jacken auszogen. Da kam Caterinas Vater und fing an rumzumeckern.\u201eSeid ihr noch ganz bei Trost? Was br\u00fcllt ihr hier so rum? Seid endlich still und Leah, du kannst gleich wieder gehen.\u201c\u201eWas? Warum? Sie hat nichts gemach!\u201c\u201eJa aber das ist mir jetzt egal. Caterina du r\u00e4umst endlich dein Zimmer auf und Alk ist erst mal gestrichen.\u201c\u201eAlter was soll...\u201c\u201eNein kein wenn und aber. Schluss, Aus, Ende und Tsch\u00fcss!\u201cDamit war die Diskussion beendet. Nat\u00fcrlich machte sie das Nicht. Daf\u00fcr wurden ihr Laptop und Fernseher genommen. Jetzt kamen ihr wieder die Wut-tr\u00e4nen. Sie hatte die Schnauze voll. St\u00e4ndig meckerten ihre Eltern rum:\u201eWarum lernst du nicht?\u201c\u201eSchon wieder eine 4? Was machst du denn im Unterricht?\u201c \u201eSuch dir gef\u00e4lligste einen Job.\u201c\u2026......",
            "wordcount": "490",
            "chapter_release": "29.09.2013",
            "chapter_number": "2"
        },
        "3": {
            "text": "Montag, \u0001 \u0002.13 (Schule)Die Beiden trafen sich schon in der Fr\u00fch noch vor Schulbeginn am Raucherplatz. Sie redeten sich alles von der Seele und waren beide der Meinung: \u201eWir m\u00fcssen hier weg!\u201c\u201eWir k\u00f6nnten doch nach Amerika fliegen\u201c, meinte Anja grinsend.\u201e\u0001 \u0002.?\u201c\u201eWenn du \u0001 \u0002.\u201c\u201eUnd wie kommen wir da hin?\u201c\u201eMit nem Flugzeug, mit was denn sonst?!\u201c\u201eJa, das ist mir schon klar, aber wie willst du da jetzt noch nen Flug kriegen?\u201c\u201eSchon mal was von \u201clast minute\u201c Fl\u00fcgen geh\u00f6rt?\u201c\u201eJa, ok, Und wie willst du buchen?\u201c\u201eMit meinem Handy.\u201c\u201eMeinetwegen und wann?\u201c\u201eJetzt!\u201cGesagt, getan. Anja buchte noch vor Schulbeginn zwei Fl\u00fcge nach \u0001 \u0002.. Der Flieger w\u00fcrde schon heute um 21Uhr gehen. Im Unterricht waren die Beiden schon sehr \u0001 \u0002 der zweiten Pause bekamen sie mit wie ihre Geschwister sich stritten. Basti, Anjas Bruder, keifte.\u201eGib mir meine Cap wieder!\u201c\u201eDann h\u00f6r auf so nen Schei\u00df zu labern!\u201c\u201eIch sag doch nur die Wahrheit du Bitch!\u201c\u201eWie kannst du es wagen du miese Kr\u00f6te!Mistkerl wixer schlampe hurensohn idiot vollpfosten dumpfbacke arschloch mutters\u00f6hnchen schlappschwanz schuchtel .....\u201cMit diesen Worten ging Leah auf Basti los. Sie schlug und kratzte ihn. Er wehrte sich selbstverst\u00e4ndlich. Gerade als wir dazwischen gehen wollten kam Lukas. Er war in Anjas Klasse und mischte sich \u00fcberall ein.\u201eHey, Schluss! Geht auseinander.\u201c , versuchte er es \u0001 \u0002 brachte jedoch nichts. Anstatt, dass sie aufh\u00f6rten gingen sie nun auf Lukas los, denn sie konnten ihn auch nicht leiden. Leah trat ihm erst mal kr\u00e4ftig in die Eier. Daraufhin brach er zusammen und wurde gestiefelt. Kurz danach gingen die Zwei aber wieder aufeinander los. Und zwar so lange, bis nun alle drei, heulend vor Schmerzen Caterina und Anja \u0001 \u0002 Beiden wollten mit dem Streit aber nichts zu tun haben, also packte Anja Caterina am Arm und zerrte sie von den drei weg.\u201eWei\u00df Leah von unseren Pl\u00e4nen?\u201c\u201eNein.\u201c\u201eWirst du's ihr erz\u00e4hlen?\u201c\u201eJa, aber sp\u00e4ter.\u201c\u201eAlso ich werde hier echt nichts \u0001 \u0002?\u201c\u201eBis auf meine Schwester? Bestimmt nichts!\u201c\u201eAlso wie machen wir's dann sp\u00e4ter?\u201c\u201eIch w\u00fcrde sagen, wir fahren jeder zu sich nach Hause, dann packt jeder sein Zeug, ich sag meinen Eltern das ich zur Feuerwehr gehe und dann treffen wir uns um 5Uhr am \u0001 \u0002?\u201c\u201eOk, dann sag ich, dass ich zum Tanzen fahr.\u201c\u201eGut, dann bis sp\u00e4ter.\u201cDer Pausengong l\u00e4utete, die Beiden verabschiedeten sich und gingen zur\u00fcck in den Unterricht.",
            "wordcount": "411",
            "chapter_release": "29.09.2013",
            "chapter_number": "3"
        },
        "4": {
            "text": "Montag \u0001 \u0002.13 (Nachmittag\u2026.)Nachdem Caterina ihre Sachen gepackt hatte, machte sie sich daran den Abschiedsbrief f\u00fcr ihre Eltern zu schreiben. Das ging schnell. Doch dann ging es an den f\u00fcr Leah.\u201eLeah, ich wei\u00df du wirst mich vermissen...\u201c\u201eHey Schwesterchen, es tut mir sehr leid aber...\u201c\u201eIch wei\u00df nicht, wie ich es sagen soll. Ich muss hier \u0001 \u0002 ohne dich.\u201cSo ging das ein paar mal. Caterina wusste einfach nicht, wie sie es sagen sollte. Also entschloss sie sich es ihr pers\u00f6nlich zu sagen. F\u00fcnf Minuten sp\u00e4ter stand sie vor ihrer T\u00fcr.*Ding Dang Dong *Leah machte auf. Sie sah furchtbar aus. Blaue Flecken, Kratzer und zerzauste Haare. Caterina fragte sich ernsthaft ob sie es Leah sagen konnte. F\u00fcrs erste nahm sie sie in den Arm und k\u00fcmmerte sich um ihre Schwester. Als Caterina nach einiger Zeit auf die Uhr schaute stellte sie fest, dass es schon halb 5 war.\u201eSchei\u00dfe, ich muss los!\u201c fluchte sie.\u201eWarum?\u201c\u201eIch werde mit Anja...\u201c, sie stockte und \u00fcberlegte \u201csoll ich es ihr wirklich sagen? Nein ich kann nicht.\u201c \u201e...Motorrad fahren.\u201c Schnell verabschiedete sie sich und fuhr zum \u0001 \u0002 schrieb auch Anja ihre Abschiedsbriefe. Den an ihre Eltern und den an ihren Freund:\u201eHey \u0001 \u0002 wei\u00dft wie sehr ich dich \u0001 \u0002 in letzter Zeit klappt es einfach nicht \u0001 \u0002 wei\u00df, dass ich dein Leben damit zerst\u00f6re aber ich verlasse \u0001 \u0002 verlasse alle. Bitte sucht nicht nach \u0001 \u0002 \u0001 \u0002 Anja10 mal las sie sich den Brief noch durch, bis sie sicher war, dass er passte. Dann faltete sie ihn und steckte ihn in einen Briefumschlag, auf dem bereits seine Adresse stand. Danach ging sie in das Zimmer ihrer Eltern und \u00f6ffnete die Sparb\u00fcchse ihrer Mom. Sie holte alle Scheine und ein paar M\u00fcnzen raus. Ungef\u00e4hr 450\u20ac. Dann zog sie ihre Schuhe an, steckte das Geld ein und nahm ihren Koffer, den sie bereits nach der Schule gepackt hatte, um sich auf den Weg zum Hauptbahnhof zu machen. Caterina stand schon da und wartete ungeduldig.\u201eBist du sicher, dass wir das tun sollen?\u201c\u201eJa. Wir haben doch eh nichts mehr zu verlieren.\u201c\u201eDa hast du Recht.\u201c\u201eNa dann!\u201c\u201eAlso gehen wir los.\u201cDie Beiden machten sich auf den Weg zur S-Bahn. Beide rauchten noch einmal eine Zigarette bevor die S1, die zum Flughafen f\u00e4hrt einfuhr. Nach einer Stunde kamen sie an und stiegen aus. Sie sahen das riesige Geb\u00e4ude vor sich und wussten im ersten Moment gar nicht wo sie hin gehen sollten. Durch eines der Eingangstore gingen sie hinein. Da sie aber trotzdem nicht wussten wo hin, fragten sie einen jungen Angestellten. Sie sahen ihn nur von hinten.\u201eVerzeihung k\u00f6nnten sie uns sagen wo es zum Check in nach LA geht?\"Der Junge drehte sich um. Vor ihnen stand Coco. Ein Mitsch\u00fcler.\u201e\u00c4h ja, ihr m\u00fcsst gerade aus und dann den Schildern folgen. Oder soll ich euch begleiten?\"Anja \u00fcberlegte und antwortete :\u201eDanke. Nein wir werden es schon alleine finden.\u201cNach 2 Stunden sa\u00dfen die Beiden dann im Flugzeug. Anja schaute Caterina an.\u201eJetzt gibt es kein zur\u00fcck mehr.\u201c\u201eJa. Man ich kann gar nicht fassen, dass wir das hier wirklich durchziehen.\u201c\u201eIch auch nicht.\u201c\u201eIch wusste gar nicht, dass Coco hier jobbt.\u201c\u201eIch auch nicht. Aber anscheinend hat er uns gar nicht erkannt.\u201c\u201eJa, irgendwie komisch. Aber ist glaub ich ganz gut. Vielleicht h\u00e4tte er uns noch verraten.\u201c Nach 13 Stunden kam das Flugzeug in Los Angeles an. Die Freundinnen stiegen aus und machten sich auf den weg zum Luxe City Center Hotel in dem sie ein Zimmer gebucht hatten. Als sie ankamen checkten sie ein, gingen auf ihr Zimmer und lie\u00dfen sich erst mal aufs Bett fallen. Sie hatten es geschafft. Sie waren ohne Probleme nach \u0001 \u0002 gereist.",
            "wordcount": "637",
            "chapter_release": "29.09.2013",
            "chapter_number": "4"
        },
        "5": {
            "text": "Am n\u00e4chsten Morgen wachte Caterina auf und wusste im ersten Moment nicht mehr wo sie war. Panisch rannte sie umher und knallte mit voller Wucht gegen den Wandschrank. Verwirrt machte sie die T\u00fcr auf und wollte rausgehen, was aber nicht ging da es ja der Schrank war. Mittlerweile etwas klarer im Kopf stolperte Caterina die Stufe zum Balkon runter, fing sich gerade noch und \u00f6ffnete die Balkont\u00fcr um eine zu rauchen. Anja stand auch dort. Zwar hatte jeder sein eigenes Bett und Bad aber der Rest war ein Raum.\u201eMorgen, wie sp\u00e4t ist es denn eigentlich?\u201c \u201eWei\u00df ich nicht aber sp\u00e4t, ich hab schon voll den Entzug.\u201c \u201eVon was? Vom Shopping? Oder Fr\u00fchst\u00fcck?\u201c \u201eNe ich h\u00e4tte schon vor mindestens drei Stunden eine rauchen m\u00fcssen und ich brauch dringend einen Kaffen.\u201c \u201eOk, ich mach mich eben fertig, dann k\u00f6nnen wir was trinken gehen. Und ich brauch dringend neue Klamotten.\u201c \u201eOk, ich auch.\u201c Als die Beiden endlich fertig waren, fuhren sie mit dem Bus zum Shoppingcenter. Da keine zwei Sitze nebeneinander frei waren mussten sie sich trennen. Anja erwischte einen Platz neben einer netten alten Dame und Caterina neben einem s\u00fc\u00dfen Typ. Doch schon nach zwei Sekunden war ihr kotz \u00fcbel. Der Kerl hatte tonnenweise Deo drauf das nach Schoko-Minze-Zimt oder so roch. Nach einer Minute konnte sie nicht mehr und beschimpfte ihn.\u201eSag mal kannst du mal aufh\u00f6ren so zu stinken? Das ist ja mal echt widerlich. Kannst du dich nicht waschen?\u201c \u201e\u00c4h, ich, also h\u00f6r mal geht\u2019s noch?\u201c \u201eJa, prima sogar, bis du zu viel Deo aufgetragen hast!\u201c Er war sprachlos und zum Gl\u00fcck mussten Caterina und Anja jetzt aussteigen.\u201eAlso, wo gehen wir jetzt hin?\u201c \u201eDer Laden da vorne schaut ganz cool aus.\u201c \u201eWolltest du nicht erst einen Kaffee trinken?\u201c \u201eOh, ja, stimmt.\u201c Die Beiden gingen in ein Starbucks Kaffee und kauften sich einen gro\u00dfen Cappuccino. Danach gingen sie in den Laden. Nachdem sie haufenweise Klamotten eingekauft hatten machten sie sich auf den Weg zur\u00fcck zum Hotel. \u201eAchtung! Auf die Seite!\u201c Caterina und Anja wollten sich umdrehen um zu schauen woher der Schrei kam. Zu sp\u00e4t! Die zwei Typen die gerufen hatten rannten sie um. Die T\u00fcten flogen im hohen Bogen auf die Stra\u00dfe. \u201eHey, geht\u2019s noch?! Ihr Arschl\u00f6cher!\u201cEiner der Typen richtete sich auf und streckte Anja die Hand entgegen um ihr auf zu helfen.\u201eNein danke! Ich kann selbst aufstehen.\u201c Er schaute sie entschuldigend an. \u201eSorry, ich wollte das nicht. Tut mir leid. Ehrlich!\u201c \u201eJaja, erz\u00e4hl das deiner Oma.\u201c Er hob ihre T\u00fcten auf und hielt sie ihr hin. \u201eNein wirklich! Ich will\u2019s wieder gut machen.\u201c \u201eOk, du machst es gut indem du dich jetzt verpisst!\u201c \u201eBitte! Kann ich dich auf einen Kaffee einladen?\u201c \u201eDu l\u00e4sst nicht locker oder?\u201c \u201eNa gut! Du kannst mir helfen die T\u00fcten ins Hotel zu tragen.\u201c \u201eUnd dann Kaffee?\u201c \u201eWenn\u2019s sein muss.\u201c Erst jetzt schaute sie ihn an. Er sah echt total s\u00fc\u00df aus. \u201eIch hei\u00dfe Steve und du?\u201c \u201eIch nicht.\u201c Sie streckte ihm die Zunge raus. \u201eH\u00e4?\u201c \u201eIch nihiicht!\u201c \u201eH\u00e4, wie?\u201c \u201eIch hei\u00df nicht Steve!\u201c \u201eAchso! Wie hei\u00dft du?\u201c \u201eRate.\u201c \u201eIch bin schlecht im Raten.\u201c \u201eIch hei\u00dfe Anja.\u201c W\u00e4hrenddessen bei Caterina: Sie lag am Boden und der Typ auf ihr. Sie schnappte nach Luft und japste: \u201eGeh runter du Wixxer ich verreck gleich!\u201c \u201eOh das tut mir aber leid.\u201c Zickte er stand aber nicht auf. \u201eMememe runter jetzt. Ab! Na los!\u201c Er lachte, ging aber endlich von ihr runter und hielt ihr gentlemanlike die Hand hin. Endlich schaute sie ihn mal richtig an. Sie schaute ihm in die wundersch\u00f6nen braunen Augen. Langsam nahm sie seine Hand. Er zog sie hoch. \u201eDu, \u00e4h, hast da was.\u201c, sagte er und machte die Wassertropfen, die Caterina im Gesicht hatte vorsichtig weg. \u201eDanke.\u201c L\u00e4chelnd sagte er: \u201eKein Problem. Ich bin Dean.\u201c \u201eCooler Name. Ich bin Caterina.\u201c \u201eSpanierin?\u201c \u201eProblem damit?\u201c \u201eNein gar nicht.\u201c \u201eDann ist\u2019s ja gut.\u201c sie wollte sich b\u00fccken um ihre Sachen einzusammeln. \u201eWarte ich mach das schon.\u201c \u201eOh, danke. Willst du noch mit hoch?\u201c \u201eJa gern.\u201c Die Beiden gingen zur Suite. Caterina \u00f6ffnete die T\u00fcr. Anja und Steve sa\u00dfen auf Couch und unterhielten sich. Caterina ging zu Anja. \u201eWas macht ihr?\u201c \u201eWir planen was wir heute Abend machen. Wir alle.\u201c \u201eWas machen wir?\u201c \u201eSaufen. Party!\u201c \u201eAkzeptiert! Caterina lachte. Steve schaute Dean an. \u201eWir holen Alk und so und die M\u00e4dels schauen ob im Hotel noch mehrere sind die Bock auf Party haben.\u201c \u201eOk.\u201c W\u00e4hrend die M\u00e4dels nach \u201eParty G\u00e4sten\u201c suchten machten sich Steve und Dean auf den Weg, Alk zu kaufen. Nach einer halben Stunde waren sie wieder im Hotel. Dean hielt die T\u00fcte auf und stellte einige Flaschen auf den Tisch. Vier Flaschen Wodka, zwei Flaschen Malibu, zwei Flaschen Jack Daniels, drei Flaschen Bellini und eine Flasche Erdbeerlimes. \u201eIch hab noch was.\u201c Steve holte ein kleines T\u00fctchen aus seiner Jackentasche. \u201eWas soll das?\u201c Dean schaute ihn b\u00f6se an. \u201eIst doch geil!\u201c \u201eDaran ist nichts geil!\u201c Oder willst du die M\u00e4dels mit in den Schei\u00df ziehen?\u201c \u201eNein.\u201c Anja und Caterina schauten ihn verwundert an. \u201eWas f\u00fcr ein Schei\u00df?\u201c kam es von Beiden wie aus der Pistole geschossen. \u201eAch nichts.\u201c Dean setzte wieder sein L\u00e4cheln auf. Langsam waren sich die Freundinnen nicht mehr sicher ob das alles so gut war. Nat\u00fcrlich hatten sie keinen Bock mehr auf den verdammten Schei\u00df aber hier mit lauter Fremden zu saufen und irgendwelche Drogen zu nehmen? Ach schei\u00df drauf dachten sie. YOLO",
            "wordcount": "901",
            "chapter_release": "29.09.2013",
            "chapter_number": "5"
        },
        "6": {
            "text": "Um 19Uhr ging die Party endlich los. Caterina \u00f6ffnete die T\u00fcr. Die G\u00e4ste waren da. Alice, Rebecca und Claire standen mit ihren Freunden Max, Mike und Hugo da. Sie lie\u00df sie rein. Anja klopfte ihr auf die Schulter. \u201eHey, ich hab eine Idee.\u201c \u201eDie w\u00e4re?\u201c \u201eIch hol uns eine Shisha.\u201c \u201eUnd was f\u00fcr einen Tabak?\u201c \u201eWelchen willst du?\u201c \u201eKirsche.\u201c \u201eOkay, dann bis gleich.\u201c Anja ging aus der T\u00fcr und verlie\u00df das Hotel. Gleich gegen\u00fcber auf der anderen Stra\u00dfenseite gab es einen Tabakladen. Sie \u00fcberquerte die Stra\u00dfe und ging hinein. Sie kaufte drei Shishas und drei Sorten Tabak \u2013 Kirsche, Multivitamin und Doppelapfel. Dann verlie\u00df sie den Laden wieder. Vor ihr rannte eine schwarze Katze vorbei und \u00fcber die Stra\u00dfe. Noch ehe sie sich versah war es passiert. Die Katze kam unter das Hinterrad eines Autos und wurde durch den Radkasten geschleudert. Anja rannte sofort zu ihr. Die Katze zappelte wild rum, wie ein Fisch, der zur\u00fcck ins Wasser wollte. Dann lag sie nur noch und zappelte mit ihren Hinterbeinen. Anja ging neben ihr in die Hocke. Jetzt sah sie, dass das Auge der Katze aus dem Kopf gedr\u00fcckt wurde und \u00fcberall am Kopf Blut rauslief. Anja brach in Tr\u00e4nen aus. Die Autos hupten sie an weil die auf der Stra\u00dfe sa\u00df aber das war ihr egal. Tr\u00e4nen liefen ihre Wangen runter. Sie strich der Katze durch das verblutete Fell. Sie zappelte immer noch. \u201eBitte stirb. Du sollst die grausamen Schmerzen nicht ertragen.\u201c Fl\u00fcsterte sie. Dann wurde die Katze ruhig. Sie zuckte noch einmal. Jetzt war sie tot. Eine junge Frau, die alles aus dem \u0001 \u0002 beobachtet hatte kam nun mit einer Schneeschaufel auf Anja zu. Anja stand auf. Die Frau gab ihr die Schaufel. \u201eHier. Damit k\u00f6nnen sie sie Katze wegr\u00e4umen.\u201c Anja schob die Katze auf die Schaufel und legte sie an einen Baum auf dem Gehweg. Die Frau schaute sie bemitleidend an. \u201eEs ist sch\u00f6n, dass es noch Menschen gibt die so etwas r\u00fchrt. Die meisten fahren weiter und ignorieren es.\u201c Anja schluchzte. Die Frau legte ihre Hand auf Anjas Schulter. \u201eIhr geht es jetzt gut. Sie ist im Katzenhimmel.\u201c \u201eGibt es da M\u00e4use und kuschlige Wolken?\u201c \u201eGanz viele sogar.\u201c Anjas Mundwinkel gingen leicht nach oben. \u201eDanke.\u201c \u201eKein Problem.\u201c Sie gab der Frau die Schaufel, die v\u00f6llig verblutet war pfl\u00fcckte eine rote Rose die am Garten des Hauses wuchs, legte sie auf den Bauch der Katze und ging zum Hotel. Steve stand an der Eingangst\u00fcr und hatte es wohl beobachtet. Er ging auf sie zu. Jetzt kamen ihr wieder die Tr\u00e4nen. Er nahm sie in seine Arme. Sie schluchzte. \u201eEs tut mir leid.\u201c \u201eWas denn?\u201c \u201eDass ich weine.\u201c \u201eNein, ist okay. Ich verstehe dich. Es ist schrecklich wenn so was passiert. Es ist v\u00f6llig normal, dass man weint. Und es war echt toll von dir, dass du dich darum gek\u00fcmmert hast.\u201c Sie schaute ihm in die Augen. Sie gl\u00e4nzten und sahen traurig aus. \u201eKomm, wasch dir das Blut von den H\u00e4nden und dann gehen wir hoch.\u201c Die anderen feierten schon. Steve ging mit Anja zur Couch. Sie setzten sich. Anjas Blick war leer. Sie r\u00fchrte sich nicht. Steve stand auf und kam mit einem Becker Jacky Cola zur\u00fcck. \u201eTrink. Das lenkt dich ab.\u201c W\u00e4hrend sie den Becher austrank drehte er sich einen Joint. Er z\u00fcndete ihn an und zog. \u201eWillst du auch?\u201c Er hielt ihn ihr hin. Sie hatte noch nie gekifft aber sie wollte alles tun um das ganze aus dem Kopf zu kriegen. Sie nahm ihn und zog dran. Ihr wurde schwindlig und sie f\u00fchlte sich irgendwie leicht. Ihr Mund wurde ganz trocken. Sie zog noch einmal. Es half. Sie stand auf, f\u00fcllte ihren Becher nach und gesellte sich zu den anderen die um die Shisha rumhockten. Caterina hatte alles beobachtet. Sie verstand nicht warum Anja auf einmal Drogen nahm, denn den Unfall hatte sie nicht gesehen. Sie ging stinksauer zu Steve. \u201eWas f\u00e4llt dir eigentlich ein du Perverser Dealer? Du kommst hier her, darfst hier bei uns sein und dir f\u00e4llt nichts Besseres ein als Drogen zu verteilen?!\u201c Steve verteidigte sich nicht, da er wie alle schon einiges getrunken hatte. Er ging auf Caterina los und schlug sie. Caterina trat ihm aus Reflex in die Eier und als er sich kr\u00fcmmte gab sie ihm mit dem Knie noch einen Kinnhaken. Der Pr\u00fcgel den Steve einstecken musste war alles was Anja sah. Sie ging leicht schwankend zu den Beiden r\u00fcber und wollte dazwischen gehen, doch Dean kam ihr zuvor. Er schlug seinem Bruder nochmal ordentlich eine rein, sodass er zusammenbrach. \u201eIch habe dich gewarnt, du sollst sie da nicht mit hinein ziehen. Mach das noch einmal und ich schmei\u00df dich raus!\u201c Dann drehte er sich um und sah Caterina an. \u201eH\u00e4tte nicht gedacht, dass du dich so wehren kannst.\u201c \u201eH\u00e4tte nicht gedacht, dass ich mich so wehren muss!\u201c Er nahm sie vorsichtig in den Arm. Caterina war so fertig, dass auch sie zusammenbrach. Dean hob sie hoch und trug sie in ihr Bett. Er machte ihre Kratzer sauber und kuschelte sich dann zu ihr. Ganz leise fl\u00fcsterte er: \u201eIch werde auf dich aufpassen, das verspreche ich dir.\u201c \u201eUnd wenn ich das nicht will?\u201c \u201eDann mach ich es trotzdem.\u201c Sagte er mit einem kleinen l\u00e4cheln. Die Party ging noch lang weiter. W\u00e4hrenddessen setzten Steve und Anja sich wieder auf die Couch. \u201eWas ist passiert?\u201c \u201eDie bl\u00f6de Schlampe, \u201c er lallte total, \u201edie hat mich beschimpft!\u201c \u201eHey, Caterina ist keine Schlampe!\u201c fuhr Anja ihn an. \u201eUnd dann hab ich sie geschlagen weil sie\u2018s verdient hat.\u201c \u201eGeht\u2019s noch?! Man schl\u00e4gt keine M\u00e4dchen!\u201c sie schaute ihn b\u00f6se an. \u201eDoch man..!\u201c \u201eNein!!\u201c br\u00fcllte sie. Er holte aus und schlug ihr ins Gesicht. Ihre Lippe fing sofort an zu bluten. Ihr kamen wieder die Tr\u00e4nen. Sie zeigte auf die T\u00fcr. \u201eHau ab!!! Ich will dich nie mehr sehen!\u201c \u201eSchei\u00dfe! Verdammt! Es tut mir leid! Ich wollte das nicht!\u201c \u201eDas glaub ich ihr nicht!\u201c Dann stand er auf und ging hinaus ohne die T\u00fcr zu schlie\u00dfen. Anja ging hinterher und knallte die T\u00fcr zu. Sie lie\u00df sich auf die Couch fallen. Caterina und Dean, die es geh\u00f6rt hatten kamen aus dem Schlafzimmer gerannt und fragten Anja was passiert war. \u201eEr hat mich geschlagen.\u201c Dean fluchte. \u201eSchei\u00dfe ihr m\u00fcsst euch von Steve fernhalten. Das macht er immer wenn er besoffen ist.\u201c \u201eSo ein Arsch. Er war doch so nett vorher.\u201c \u201eNett? Mein Bruder hat dir Drogen gegeben!\u201c \u201eJa um mich zu beruhigen.\u201c \u201eWie?\u201c Anja erz\u00e4hlte den Beiden von der Katze. \u201eOh Fuck! Trotzdem tut es mir nicht leid, dass ich ihn beleidigt und verpr\u00fcgelt habe.\u201c \u201eJa. Du hattest ja auch Recht.\u201c Anja wischte die Tr\u00e4nen weg. Dean drehte sich zu Caterina. \u201eIch muss jetzt los.\u201c Er schaute zu Anja. \u201eIch muss mit Steve noch was kl\u00e4ren.\u201c Er schaute Caterina wieder an. Dann gab er ihr einen Kuss. \u201eBis dann.\u201c \u201eBis dann.\u201c",
            "wordcount": "1.138",
            "chapter_release": "29.09.2013",
            "chapter_number": "6"
        },
        "7": {
            "text": "Donnerstag \u2013 \u0001 \u0002.13Am n\u00e4chsten Morgen wachten die Beiden v\u00f6llig verkatert auf. Anjas Hals war von dem Joint noch v\u00f6llig vertrocknet.\u201eMein Hals f\u00fchlt sich an als h\u00e4tte ich Salzwasser getrunken.\u201c\u201eSelbst Schuld wenn du so bl\u00f6d bist und kiffst.\u201c\u201eBlablabla, ach halt doch den Mund, du h\u00e4ttest es doch auch gemacht!\u201c\u201eAch komisch, deswegen hab ich's ja auch nicht oder?\u201c kam sarkastisch die Antwort.\u201eMhm. Man er war doch so s\u00fc\u00df und lieb und dann wurde er auf einmal so aggressiv.\u201c Anja zog einen Schmollmund.\u201eUno, dos, tres Ohhh.\u201cAnja stand auf und ging zum Spiegel.\u201eWhat the fuck?! Ich schau ja end bekifft aus.\u201c\u201eF\u00e4llt dir aber fr\u00fch auf.\u201c\u201eHaha! Wie h\u00e4tte ich mich denn sehen sollen?\u201c\u201eSchon mal was vom Spiegel geh\u00f6rt, S\u00fc\u00dfe?!\u201c\u201e\u00c4h, ich bin gerade erst aufgewacht?!\u201c\u201eHast du gegen\u00fcber des Bettes keinen?\u201c\u201eNe nur am Schrank und da seh ich nicht hin.\u201c\u201eGut, dann geh ich jetzt rauchen.\u201c\u201eIch auch. Warum haben wir jetzt eigentlich \u00fcber den Schei\u00df diskutiert?\u201c\u201eDiskutiert? Ich wollt dich nur necken.\u201cAnja zeigte ihr den Mittelfinger und lachte. Sie gingen auf den Balkon und z\u00fcndeten sich ihre Zigaretten an. Caterina schaute Anja an.\u201eUnd, Fat Lip? Was machen wir heute?\u201c\u201eH\u00e4tte Lust auf nen Wellness Tag. Mir tut alles weh.\u201c\u201eKlingt nicht schlecht. Auf geht\u2019s.\u201cCaterina und Anja zogen sich um und fuhren mit dem Aufzug nach oben zum Pool. Es gab ein gro\u00dfes warmes Becken, drei Whirlpools, eine Sauna und Massagen. 6 Stunden verbrachten sie dort und lie\u00dfen sich verw\u00f6hnen um 4Uhr gingen sie wieder ins Starbucks. Caterina kaufte einen Cappuccino und Anja einen Latte Macchiato mit Karamell. Sie setzten sich an einen Tisch in der Ecke. Vorne standen drei M\u00e4dels und bestellten gerade. Caterina und Anja beobachteten sie.\u201eDie kommen mir irgendwie bekannt vor.\u201c Anja schaute verwundert.\u201eJa verdammt bekannt.\u201cDie drei M\u00e4dels drehten sich um.\u201eSchei\u00dfe, das sind Sarah, Jenny und Eileen.\u201c\u201eFuck! Runter!\u201cDie Beiden rutschten unter den Tisch um sich zu verstecken.\u201eWenn die uns entdecken dann sind wir am Arsch! Die sagen zu Hause sicher Bescheid wo wir sind!\u201c\u201eWas machen die \u00fcberhaupt in \u0001 \u0002.?! Anja schaute verwirrt.\u201eWei\u00dft du noch, die Preise von der NFTE Pr\u00e4sentation? Die drei haben doch gewonnen und Tickets zur Hauptpr\u00e4sentation nach \u0001 \u0002. bekommen.\u201c\u201eSchei\u00dfe! Stimmt. Die ist ja morgen.\u201c\u201eSchau! Sie gehen raus. Wir k\u00f6nnen unterm Tisch raus.\u201c\u201ePuh! Gl\u00fcck gehabt!\u201cNachdem Sie den Kaffee ausgetrunken hatten, gingen sie zur\u00fcck zum Hotel. In der Lobby stand Steve. Anja versuchte ihn zu ignorieren und so schnell wie m\u00f6glich mit Caterina zur Suite zu gehen aber Steve ging ihr hinterher.\u201eHey, Anja!\u201c\u201eWas?!\u201c maulte Anja ihn an.\u201eEs tut mir leid! Bitte lass uns reden. Bitte!\u201cCaterina schaute Anja an.\u201eIst okay, du kannst schon hoch gehen.\u201c, sagte Anja \u0001 \u0002 ging sie mit Steve mit. Sie gingen in den Garten vom Hotel und setzten sich auf eine Bank.\u201eEs tut mir so verdammt leid. Das passiert andauernd wenn ich dicht bin.\u201c\u201eUnd warum?\u201c\u201eIch wei\u00df nicht. Ich hab mich einfach nicht mehr unter Kontrolle.\u201c\u201eWarum trinkst du dann?\u201c\u201eWei\u00df ich auch nicht. Ich bin irgendwie s\u00fcchtig danach.\u201c\u201eOkay.\u201c\u201eKannst du mir verzeihen?\u201c\u201eOkay, ausnahmsweise.\u201c\u201eDanke.\u201c\u201eWarum bist du \u00fcberhaupt zur\u00fcck gekommen? Du h\u00e4ttest doch auch einfach wegbleiben k\u00f6nnen.\u201c\u201eIch wollte dich wieder sehn.\u201c\u201eWarum?\u201c Anja l\u00e4chelte ihn endlich wieder an.\u201eIch find dich s\u00fc\u00df und du bist nett. Ich konnte die ganze Nacht nicht schlafen. Ich musste immer an dich denken.\u201c\u201eIch an dich auch. Allerdings im negativen Sinne.\u201c\u201eOh, okay. Naja, du hattest ja auch allen Grund daf\u00fcr.\u201c\u201eJa, K\u00f6nntest du dich bei Caterina auch noch entschuldigen?\u201c\u201eJa, hatte ich sowieso vor.\u201c\u201eDann komm.\u201cAnja stand auf. Steve legte seinen Arm um sie und ging mit ihr \u0001 \u0002 machte die Zimmert\u00fcr auf als ihr ein Strau\u00df Rosen vor die Nase gehalten wurde. Von Dean. Sie schloss die T\u00fcr und sagte:\u201eOh ist das s\u00fc\u00df. Vielen Dank.\u201cDean zog Caterina n\u00e4her zu sich, legte die eine Hand in ihren Nacken und die andere rutschte von den Schultern langsam bis zu ihrem Po. Dann k\u00fcsste er sie. Z\u00e4rtlich und wild gleichzeitig. Es klopfte gerade als Dean ihr T-Shirt hochzog.\u201eIch dachte Anja h\u00e4tte auch einen Schl\u00fcssel.\u201cAls sie die T\u00fcr \u00f6ffnete stand nicht Anja sondern der Hotelmanager vor ihr.\u201eVerlassen sie bitte unser Hotel.\u201c\u201eWtf? Was ist denn bitte ihr Problem? Wir haben bezahlt also was soll der schei\u00df?\u201c\u201eGestern Abend war es hier ein wenig laut. Viele G\u00e4ste hatten sich beschwert. Wir dulden so etwas nicht, deshalb bitte ich sie nochmals h\u00f6flich, ihre Sachen zu packen. Falls sie dies nicht tun, muss ich leider die Security holen. Alles klar soweit?\u201c, leierte \u0001 \u0002 kamen Anja und Steve um die Ecke.\u201eWir haben auch schon drei G\u00e4ste f\u00fcr hier. Sie haben 5 Minuten.\u201cEigentlich war Caterina so drauf, dass sie ausgeflippt w\u00e4re, wenn sie nicht so verkatert w\u00e4re. Anja ging es wohl genauso. Sie sagte nichts dazu.\u201eK\u00f6nntet ihr mal unsere Koffer runter tragen?\u201c, fragte Caterina die Jungs.\u201eNa klar mein Schatz.\u201c meinte \u0001 \u0002 waren schon fast zur T\u00fcr raus als Anja und Caterina altbekannte Stimmen h\u00f6rten.\u201eAh ihr seid wohl die Vorbesitzer.\u201c\u201e\u00c4hm nein nur die Freunde.\u201c\u201eNaja, schade, dass ihr schon vergeben seid.\u201c\u201eF\u00fcr uns nicht.\u201cAnja und Caterina schauten sich an. Vorsichtig blickten sie um die Ecke. Sie behielten recht. Es waren wieder Sarah, Jenny und Eileen.\u201eFuck, was machen wir jetzt?\u201c, fl\u00fcsterte Caterina.\u201eHm, wir m\u00fcssen wohl \u00fcber die Feuerleiter abhauen.\u201c\u201eOk, aber leise.\u201cVorsichtig zogen sie sich zur\u00fcck. Das Problem war, die Feuerleiter war am anderen Ende des Zimmers. Sie mussten durch den Raum, an ihnen vorbei.\u201eAuf drei. Eins, zwei, los!\u201cSo schnell wie noch nie rannten die beiden in Anja's altes Zimmer rissen das Fenster auf und gingen raus. Anja zuerst. Caterina bekam noch mit wie Eileen meinte:\u201e Die sahen aus wie Anja und Caterina.\u201cVorsichtig aber in Eile kletterten sie die Leiter runter. Au\u00dfer Atem und mit Adrenalin Schub standen sie wieder vor dem Hotel und warteten auf die \u0001 \u0002 f\u00fcnf Minuten wurde Caterina nerv\u00f6s.\u201eAlter wo bleiben die denn? Ist es so schwer die Koffer hier runter zu bringen?\u201c",
            "wordcount": "1.031",
            "chapter_release": "29.09.2013",
            "chapter_number": "7"
        },
        "8": {
            "text": "Jetzt standen Caterina und Anja schon eine viertel Stunde vor dem Hotel und warteten auf die Jungs aber die kamen nicht. Caterina schaute auf ihr Handy.\u201eMan, wir haben nicht mal die Nummer von einem der Beiden.\u201c\u201eIhr seid doch so gut wie zusammen. Warum habt ihr die Nummern nicht getauscht?\u201c\u201eEr hat meine ja aber wir haben noch nie telefoniert. Bis jetzt haben wir uns ja immer so gesehen.\u201c\u201eSchei\u00dfe!\u201c\u201eNicht so laut.\u201c\u201eHab ich geschrien?\u201c\u201eNein.\u201c, kam es \u0001 \u0002 zuckte zusammen als ihr Handy auf einmal vibrierte. Sie fasste in ihre Hose und holte es raus.\u201eNa endlich meldet sich mal jemand.\u201cSie nahm den Anruf an. Vom anderen Ende der Leitung drang ein Schluchzen durch.\u201eWas ist los? Wo bleibt ihr denn?\u201c\u201eEr ist liegt im Koma.\u201c\u201eWer liegt im Koma.\u201c\u201eEr wird sterben.\u201c\u201eWer, verdammt?!\u201c\u201eSteve.\u201c\u201eWo seid ihr.\u201c\u201eIm Krankenhaus.\u201c\u201eJa in welchem denn? Ich kenn mich hier nicht aus!\u201c\u201eIch hol euch, bin in 10 Minuten da.\u201cBevor Caterina noch antworten konnte hatte er schon aufgelegt. Sie schaute jetzt zu Anja, die total geschockt ins leere starrte.\u201eWas ist los? Wer liegt im Koma?\u201c, fragte sie mit zitternder Stimme.\u201eSteve.\u201c, fl\u00fcsterte Caterina entsetzt.\u201eWarum?!\u201c, fragte Anja jetzt laut.\u201eWeil er gekokst hat.\u201c\u201eVerarsch mich nicht. \u201e\u201eIch meins ernst.\u201cAnja fing an zu weinen. Als sie aufschaute hielt ihr jemand eine Packung Taschent\u00fccher entgegen. Hinter ihm stand ein Typ. Anja sah ihn nur verschwommen. Sie rieb sich die Tr\u00e4nen aus den Augen und schaute ihn wieder an. Er kam ihr irgendwie bekannt vor. Sie schaute ihm in die Augen und konnte den Blick nicht mehr abwenden. Die Augen hatten etwas geheimnisvolles. Sie merkte wie ihre Knie weich wurden und sie langsam zu Boden sank. Der Unbekannte reagierte sofort und hielt sie fest. Sie schaute ihm immer noch in die braunen Augen. Er hielt sie immer noch fest, ging mit ihr zum Auto und stieg mit ihr hinten ein. Anja legte ihren Kopf auf seine Schulter. Cat schaute Dean an. Ihm liefen immer noch Tr\u00e4nen \u00fcber die Wange. \u201eSoll ich nicht lieber fahren?\u201c Er nickte nur Stumm und stieg ein. Sie fuhren los. Als sie im Krankenhaus ankamen, standen die anderen Bandmitglieder schon da.\u201eWie geht es ihm?\u201c fragte Dean besorgt.\u201eEs sieht nicht gut aus.\u201c, antwortete ein Arzt.\u201eWird er es \u00fcberleben?\u201c\u201eEr liegt immer noch im Koma. Er h\u00e4tte schon l\u00e4ngst aufwachen sollen. Er wird es nicht schaffen.\u201c\u201eNein!!!\u201c, schrie \u0001 \u0002 packte den Arzt am Hemdkragen und sch\u00fcttelte ihn durch w\u00e4hrend er immer noch \u201eNein\u201c schrie und ihm Tr\u00e4nen \u00fcber die Wange liefen. Cat versuchte ihn zu beruhigen. Und Anja war unter schluchzen zusammengebrochen w\u00e4hrend die anderen Bandmitglieder nur stumm in der Gegend rumstanden. Deans Kumpel, der sich immer noch nicht vorgestellt hatte hob Anja hoch und trug sie zum Auto. Mittlerweile konnte Cat Dean etwas beruhigen. Er lie\u00df den Arzt \u0001 \u0002 die anderen noch im Krankenhaus waren, versuchte Deans Kumpel Anja zu beruhigen. Er nahm sie in seine Arme und strich ihr \u00fcber den Kopf. Aber Anja konnte einfach nicht aufh\u00f6ren zu weinen und er wusste nicht was er sagen sollte. Er kannte sie ja noch nicht mal.\u201eWie hei\u00dft du eigentlich?\u201cSie schaute ihm ins Gesicht.\u201eAnja.\u201c, nuschelte sie.\u201eWie? Anja?\u201c\u201eJa.\u201c\u201eOkay, ich bin Syn.\u201cSie schaute ihn verwirrt an.\u201eWas ist Syn bitte f\u00fcr ein Name?\u201c\u201e\u00c4h, mein Spitzname.\u201c\u201eDer ist schei\u00dfe.\u201c\u201eHm. Ja.\u201c\u201eWieso?\u201c\u201eWas wieso?\u201c\u201eWieso ist er tot?\u201c\u201eEr hat Schlaftabletten genommen. Mit Alkohol.\u201c\u201eWarum?\u201c\u201eGute Mischung.\u201c Er grinste \u0001 \u0002 hatte Anja aufgeh\u00f6rt zu weinen. Mit einem Messerscharfen t\u00f6dlichen Blick schaute sie ihn an, dann riss sie sich los, schrie ihn an und ging auf ihn los.\u201eDu Arschloch! Du Arschgefickter Hurensohn! Das ist nicht lustig!\u201cDann schlug sie ihm auf die Nase, die sofort zum Bluten anfing. Anja rannte wieder ins Krankenhaus zur\u00fcck um Cat zu suchen. Sie fand sie sofort. Cat sah auch etwas fertig aus aber das war kein Vergleich zu Anja. Cat nahm sie in den Arm, doch sie wurde weggesto\u00dfen.\u201eSyn ist so ein Arschloch!\u201c\u201eWer ist Syn?\u201c\u201eDer geilste Arsch der Welt.\u201c\u201eGeilster Arsch?\u201c\u201eDer ist abartig geil aber ein riesen Arschloch!\u201c\u201eWarum?\u201c\u201eEr macht sich \u00fcber Steve lustig.\u201cSie brach wieder in Tr\u00e4nen aus. Der Arzt kam auf Dean zu.\u201eEs tut mir furchtbar leid aber \u2026 ihr Bruder \u2026 hat es nicht geschafft.\u201cDieses mal blieb Dean ganz ruhig. Er sch\u00fcttelte einfach nur den Kopf, drehte sich um und verlie\u00df das Krankenhaus. Cat schaute ihm kurz nach ging zwei Schritte, drehte sich um und fragte Anja:\u201eSoll ich ihm nach?\u201c\u201eLass ihn, er muss sich beruhigen.\u201c\u201eOkay.\u201c\u201eKomm wir gehen zum Auto.\u201c\u201eJa.\u201cDie Beiden gingen langsam raus. Sie sahen, dass Syn noch immer in der offenen Autot\u00fcr mit blutender Nase sa\u00df. Cat schaute Anja an.\u201eWillst du nicht mit ihm reden? Ich brauch nen Kaffee.\u201c\u201eJa, na gut. Aber...\u201c\u201eKein aber! Du musst das mit ihm kl\u00e4ren. Kein aber mehr.\u201cAnja trottete zu Syn hin\u00fcber entschied sich dann aber dagegen und ging zu einer Mauer w\u00e4hrend Cat nach einem Caf\u00e9 suchte. Schnell fand sie eines. Leider war eine ziemlich lange Schlange im Caf\u00e9. Aber sie wollte nicht in ein anderes. Also stellte sie sich an. Sie beobachtete die Menschen, dabei bemerkte sie einen jungen Mann mit zwei, drei Tattoos und die Ohren waren gepierct. Er hatte blaue Augen und war recht muskul\u00f6s. Er sah im gleichen Moment zu ihr. Es war etwas zwischen ihnen, das merkte sie. ( Aber vielleicht keine Liebe.) Er kam zu ihr r\u00fcber und fragte:\u201eM\u00f6chtest du einen Cappuccino mit mir trinken?\u201c\u201eJa, das w\u00fcrde ich gerne.\u201c\u201eWarte kurz.\u201cEr ging zur\u00fcck, redete kurz mit jemandem und kam nach einer Minute mit zwei Bechern in der Hand zur\u00fcck.\u201eWie hast du das denn jetzt geschafft?\u201c\u201eGute Beziehungen.\u201c, entgegnete er mit verschmitztem \u0001 \u0002 Cat und der gut aussehende Mann zusammen Kaffee tranken, sa\u00df Anja auf der Mauer, die den Krankenhausparkplatz von der Stra\u00dfe abgrenzte. Sie schaute r\u00fcber zu Syn, der noch immer im Auto sa\u00df. Irgendwie musste sie ihn die ganze Zeit anschauen. Syn hatte sie noch nicht bemerkt. Erst als Anja von der Mauer sprang schaute er zu ihr. Sie ging auf das Auto zu. Syn stand auf und ging ihr entgegen. Als er bei ihr war blieb er stehen. Sie schauten sich in die Augen. Syns braune Augen waren freundlich aber hatten etwas geheimnisvolles. Er ging noch einen Schritt n\u00e4her und legte seine H\u00e4nde auf Anjas Schultern. Ihr lief wieder eine tr\u00e4ne \u00fcber die Wange. Er zog sie ganz an sich ran und nahm sie in seine Arme.\u201eEs tut mir so leid.\u201c\u201eWas tut dir leid?\u201c\u201eAlles. Dass er tot ist. Dass ich so nen schei\u00df gesagt habe.\u201c\u201eDaf\u00fcr, dass er tot ist kannst du nichts aber wieso hast du dich dr\u00fcber lustig gemacht?\u201c\u201eIch war sauer.\u201c\u201eWieso?\u201c\u201eDean hat mir erz\u00e4hlt, dass er dich und Cat geschlagen hat. Au\u00dferdem hat er dich angelogen.\u201c\u201eWie angelogen?\u201c\u201eEr hat eine Freundin. Und er geht eigentlich mit jeder ins Bett.\u201c\u201eWas redest du f\u00fcr nen Schei\u00df?\u201cDean kam auf die Beiden zu.\u201eSyn hat Recht! Er hat dich angelogen.\u201cAnja schaute Dean an.\u201eIst das wirklich wahr?\u201c\u201eJa.\u201c\u201eOh man, wie konnte ich mich in das Arschloch verlieben?!\u201c\u201eDu warst verliebt in ihn?\u201c\u201eNaja, also nicht verliebt... aber schon ziemlich verknallt.\u201c\u201eOk. Naja. Auch wenns schei\u00dfe ist, es ist vielleicht besser f\u00fcr dich.\u201c\u201eKann schon sein.\u201c\u201eSyn passt sowieso viel besser zu dir.\u201c Syn wurde rot und boxte Dean auf die Schulter. Dieser lachte nur. Anja stand da und dachte nach. Syn und sie? Er sah tausend mal besser aus als Steve, er war netter und ging mit M\u00e4dchen sicher besser um. Au\u00dferdem musste sie ihn die ganze Zeit anschauen.\u201eKommt ihr Beiden? Wir fahren Heim.\u201cSyn nahm Anjas Hand.\u201eKomm wir gehen.\u201cDie Beiden gingen zum Auto und stiegen \u0001 \u0002 stand immer noch bei dem netten Typen. Die beiden hatten viel Spa\u00df. F\u00fcr Cat war er eine gute Ablenkung. Sie fand den Fremden echt cool. Da rutschte ihr ihr Handy aus der Tasche und ihm vor die F\u00fc\u00dfe. Er hob es auf, entsperrte es, tippte seine Nummer ein und gab es ihr zur\u00fcck. Sie wollte eigentlich nachsehen wie er hei\u00dft aber da hielt ein Auto mit quietschenden Reifen. Die T\u00fcr ging auf und Dean sprang raus.\u201eDa bist du ja.\u201c\u201eJa. Ich hab wohl die Zeit vergessen.\u201c\u201eUnd wer ist das?\u201c, fragte er leicht eifers\u00fcchtig und angefressen.\u201e\u00c4h, das ist ein netter Kerl der mir gerade einen Kaffee spendiert hat.\u201c\u201eAchso\u201c er fand es noch immer nicht toll.\u201eNaja ich muss dann mal.\u201cCat stieg langsam ein und Dean knurrte den Fremden an als ob er sein Revier verteidigen m\u00fcsste. Das fanden alle ein wenig \u0001 \u0002 stieg wieder ein. W\u00e4hrenddessen schaute er Cat b\u00f6se an.\u201eWas ist los?\u201c\u201eDas fragst du? Du bist mit mir zusammen also las die Finger von anderen Typen!\u201c\u201eAlter, du wei\u00dft genau wie sehr ich dich mag. Also krieg du dich wieder ein. Und der hat mir nur nen Kaffee spendiert.\u201c\u201eEr hat dich angemacht!\u201c\u201eUnd wenn schon...Hat er au\u00dferdem nicht!\u201c\u201eNeeee, \u00fcberhaupt nicht! Lass es einfach okay?!\u201c\u201eZick mich nicht an. Hat er nicht und du hast nicht \u00fcber mich zu bestimmen \u201eSchatzi\u201c!\u201cJetzt sagte er nichts mehr. Nur ein w\u00fctendes Schnaufen gab er von sich. Er startete das Auto und fuhr los. Nachdem sie eine halbe Stunde geschwiegen hatten, brach Dean das Schweigen.\u201eCat es tut mir leid. Ich..\u201c\u201eIst schon gut. Ich versteh dich, mir geht es genauso.\u201c\u201eSicher?\u201c\u201eJa.\u201c\u201eOkay.\u201cDean bog in eine riesige Einfahrt auf der links und rechts davon Palmen wuchsen. Am Ende der Einfahrt blieb er an einer riesigen Villa stehen.\u201eWir sind da!\u201cAnja und Cat brachten kein Wort mehr raus. So ein riesiges sch\u00f6nes Haus hatten sie noch nie gesehen. Sie stiegen aus dem Auto, gingen eine Treppe hinauf und folgte Dean zur Haust\u00fcr. Er nahm einen Schl\u00fcssel aus der Hosentasche und \u00f6ffnete sie, nachdem er an einem Sicherheitssystem ein Passwort eingegeben hatte. \u201eWillkommen bei den Salvatores!\u201c",
            "wordcount": "1.675",
            "chapter_release": "29.09.2013",
            "chapter_number": "8"
        },
        "9": {
            "text": "Was in der Zwischenzeit geschah:Cat trifft sich jeden Morgen mit dem Fremden zum Joggen. Doch sie wei\u00df noch immer nicht wie er hei\u00dft. Dean findet die \u201eFreundschaft\u201c der Beiden schei\u00dfe, vertraut Cat aber. Hin und wieder geht er auch mit zum \u0001 \u0002 und Anja haben noch am selben Tag wie Steve gestorben ist gemerkt, dass sie voll aufeinander stehen und wohnen jetzt zusammen in einem Zimmer der Villa, genau so wie Dean und \u0001 \u0002 Rest der Band (Travis, Mike und Scott), der in den Bungalows wohnen, die hinter der Villa im Garten stehen, ist nicht so ganz gl\u00fccklich \u00fcber die Neuzug\u00e4nge der WG, tolerieren die Beiden aber. Au\u00dferdem haben sie einen neuen Schlagzeuger(Travis) und Steve schon fast vergessen. Zus\u00e4tzlich haben sie einen Plattenvertrag bekommen.",
            "wordcount": "129",
            "chapter_release": "29.09.2013",
            "chapter_number": "9"
        }
    },
    "title": "Trampen nach L.A.",
    "topic": "unspecified",
    "release": "\n29.09.2013\n\t\t\t\t\t\t",
    "author": "Dragonlove"
}