{
    "tags": [],
    "chapcount": "1",
    "wordcount": "12.487",
    "chapters": {
        "1": {
            "text": "TURN BACK THE CLOCK\u201ePilot\u201cCreated by Emmy FuchsPrologGegenwart, KairoDie Sonne brannte hei\u00df auf die triste W\u00fcste hinunter. Am Horizont flimmerte bereits die Luft, obwohl es erst halb zehn am Morgen war und am Himmel war keine einzige Wolke zu entdecken. Gelbe Sandk\u00f6rner bildeten sanfte H\u00fcgel und T\u00e4ler, auf denen keine einzige Pflanze wuchs, nur ab und zu erhoben sich ehemals kantige Felsen aus dem Meer aus Staub. Durch die nicht un\u00fcblichen Sandst\u00fcrme waren ihre Ecken abgeschmirgelt worden und so formten sie sich in tausenden von Jahren allm\u00e4hlich zu abgerundeten Gebilden unterschiedlicher Formen. Wenn man Gl\u00fcck und Geduld hatte konnte man in den Schatten dieser Felsen einige wenige der W\u00fcstenbewohner finden; gerade gegen die fr\u00fchen Morgenstunden fand man Echsen, Schlangen und Skorpione\u2026fast schon in Massen. Eine einzelne Echse huschte \u00fcber den festgefahrenen Sand. Ein Weg, der dem Begriff \u201eStra\u00dfe\u201c nicht unbedingt gerecht wurde, aber mehr konnte man hier drau\u00dfen nicht erwarten. Kurz verharrte das Reptil, reckte leicht den Kopf, drehte ihn nach links und dann wieder nach rechts, bevor es weiter hastete. Sein Tastsinn hatte ihm herannahende Gefahr vermittelt. Von dem Boden gingen heftige Vibrationen eines herannahenden Monsters aus. Aber \u201aMonster\u2018 war f\u00fcr das kleine Tier ein dehnbarer \u0001 \u0002 Horizont, dort wo die Luft in Wellen aufstieg, zeichnete sich ein gro\u00dfes Auto ab. Durch die sandfarbene Lackierung w\u00fcrde der Jeep fast in der Umgebung untergehen, wenn da nicht das schwarze Symbol von HammerIndustie auf den T\u00fcren gewesen w\u00e4re. Die gro\u00dfen Reifen wirbelten Unmengen an Sand auf und trugen das Fahrzeug mit \u00fcber 70 Stundenkilometer durch die W\u00fcste. Der Jeep folgte best\u00e4ndig der Sandpiste zwischen den H\u00fcgeln hindurch bis hinunter in ein Talkessel, das etwa 200 Meter unter dem Meeresspiegel lag und lediglich durch eine einzige nat\u00fcrliche Rampe zu erreichen war. Es fiel schon in kilometerweiter Entfernung durch die \u00fcppige Bewachsung auf. Etwa ein Dutzend haushohe Palmen schm\u00fcckten den Zugang zu einem dreist\u00f6ckigen Herrenhaus mit ausladender Veranda und gro\u00dfz\u00fcgig angelegtem Garten. \u00dcberall sprie\u00dften saftig gr\u00fcne Pflanzen mit gigantischen Bl\u00fcten aus dem Boden und entfachten einen Farbrausch, wie man ihn sogar in der Stadt Kairo nur selten antraf. Eingeschlossen wurde das Anwesen von einem vier Meter hohen Zaun mit einem schmiedeeisernen Tor. Davor stand ein kleines Wachh\u00e4uschen, in dem sich ein gelangweilter Soldat \u00fcber eine Zeitschrift beugte und nur von Zeit zu Zeit einen Blick nach drau\u00dfen warf. Seine Kollegen, die das Tor flankierten, waren deutlich aufmerksamer und erkannten den heranrasenden Jeep bereits, als er sich am oberen Rand der flachen Sandrampe auftauchte zeitig \u00f6ffneten die beiden Soldaten das Tor, damit das Auto ohne abbremsen zu m\u00fcssen, hindurch fahren und direkt vor dem Eingang halten \u0001 \u0002 Beifahrert\u00fcr wurde eilig aufgerissen und ein junger Mann mit eindeutig arabischem Einschlag sprang heraus. Er trug trotz der hohen Temperaturen einen dreiteiligen grauen Anzug, aber die ersten zwei Kn\u00f6pfe des Hemdes standen offen und die Krawatte war nachl\u00e4ssig gebunden. Er hatte einen d\u00fcnnen Aktenkoffer dabei, den er fest umklammerte und sich mit eiligen Schritten Richtung Eingangst\u00fcr aufmachte. Er musste nicht mal klingeln oder klopfen. Der diensthabende Butler \u00f6ffnete ihm, kaum hatte er die wenigen Treppenstufen zur Veranda hinter sich gebracht. \u201eMr Shaheen. Sie k\u00f6nnen jetzt nicht zu Mr Franklin\u2026\u201c, versuchte der Butler den gestressten jungen Mann noch aufzuhalten, doch der h\u00f6rte ihn nicht mal, sondern sprintete schon die ausladende Treppe in den ersten Stock hinauf. Oben angekommen wandte Atif Tarek Latif bin Shaheen sich nach rechts und eilte den langen Gang hinunter. Der dickte Teppich federte seinen Schritte soweit, dass sein rasselnder Atem in der beinah Stille noch lauter erschien. M\u00fchsam zwang er sich dazu tief und gleichm\u00e4\u00dfig Luft zu holen, um nicht komplett kurzatmig in dem B\u00fcro von Mr Franklin stehen zu m\u00fcssen. Gedanklich machte er sich eine Notiz, vielleicht doch wieder regelm\u00e4\u00dfiger das Fitnessstudio aufzusuchen. Daf\u00fcr hatte er nach seiner Bef\u00f6rderung zum Berater des bekannten Unternehmers keine Zeit gehabt. Die Massen an Arbeit hatten ihn genug eingenommen. Oft schrieb er noch bis tief in die Nacht Berichte oder telefonierte mit dem Hauptsitz von Franklins Unternehmen in New \u0001 \u0002 der dunklen Holzt\u00fcr am Ende des Ganges machte Shaheen noch kurz Halt, strich sich einmal durch die Haare und wischte den Schwei\u00df fort, bevor er sachte klopfte und \u0001 \u0002 Franklin sa\u00df in seinem ausladendem Sessel, hatte den Telefonh\u00f6rer zwischen Ohr und Schulter eingeklemmt und tippte offenbar etwas in seinen Computer. Als er die T\u00fcr aufschwingen h\u00f6rte, hob er seinen Kopf und sah den Eintretenden mit einem verkniffenen Ausdruck in den Augen an. Shaheen formte mit den Lippen ein: \u201eEs ist wichtig!\u201c Franklin st\u00fcrzte die Lippen, nickte aber und deutete mit einer schwammigen Bewegung auf einen der St\u00fchle vor ihm. Dann sprach er in den Telefonh\u00f6rer: \u201eEs tut mir wirklich unglaublich Leid Mr Jones, aber hier scheint sich gerade ein Notfall abzuzeichnen. Aber wir hatten eigendlich auch schon alles besprochen, nicht wahr?\u201c Franklin schwieg kurz, nickte dann: \u201eJa genau. Wir sprechen uns dann noch\u2026auf Wiedersehen.\u201c Er legte auf. Sein Blick glitt zu seinem j\u00fcngsten Berater, der gerade nerv\u00f6s auf seiner Unterlippe herumkaute, dies aber unterlie\u00df, als er sich bewusst wurde, dass er die gesamte Aufmerksamkeit seines Bosses hatte.\u201eIhnen ist bewusst, dass man mich nicht bei einem Telefonat st\u00f6ren sollte, oder?\u201c, fuhr Franklin ihn r\u00fcde an. \u201eEs tut mir wirklich Leid, Sir.\u201c; Shaheens arabischer Akzent kam durch die Nervosit\u00e4t wieder stark durch. Er r\u00e4usperte sich: \u201eEs ist nur wirklich, wirklich wichtig.\u201c Er \u00f6ffnete seinen Aktenkoffer und zog eine d\u00fcnne Pappakte hervor, die er mit leicht zitternden H\u00e4nden \u0001 \u0002 \u00fcberflog den Text auf der ersten Seite, bl\u00e4tterte dann um und dann wieder zur\u00fcck. wortlos starrte er seinen Berater an. \u201eDas kam \u00fcberraschend.\u201c, meinte er dann: \u201eSie haben sie selbst gesehen?\u201c Shaheen nickte eilig. \u201eNun dann\u2026es ist gut, dass Sie mir das sofort mitgeteilt haben\u2026\u201c, kurz verfiel er in Schweigen, fuhr dann aber fort: \u201eGlauben Sie, Sie bekommen das mit einem kleinen Angebot wieder hin?\u201c Er nickte ausschweifend: \u201eGarantiert\u2026und wenn nicht, dann lasse ich mir etwa anderes einfallen.\u201c \u201eHat bei den letzten schlie\u00dflich auch funktioniert.\u201c, f\u00fcgte Franklin mit einem k\u00fchlen L\u00e4cheln noch hinzu\u2026Kapitel 148 Stunden zuvor, BostonIch wuselte trotz der fr\u00fchen Morgenstunde schon vergleichsweise gut gelaunt durch die K\u00fcche meines Loft. Auf der K\u00fccheninsel gegen\u00fcber dem Cerankochfeld stand eine Plastikflasche mit 700ml F\u00fcllvolumen und daneben ein Mixer, den ich gerade mit allerlei Zeugs best\u00fcckte, um mir ein Proteinshake zu mixen, bevor ich zum Sport gehen wollte. Mein Handy, das ebenfalls auf der Insel lag, begann genau in dem Moment zu klingeln, als ich das Eiwei\u00dfpulver abwiegen wollte. Ich erschreckte mich vor dem lauten Klingelton so derma\u00dfen, dass mir der L\u00f6ffel entglitt und auf den kleinen wei\u00dfen Pulverberg fiel, das sich augenblicklich in alle Richtungen ausbreitete und die Arbeitsplatte sowie den Fu\u00dfboden einsaute. \u201eShit.\u201c, fluchte ich leise, kehrte mit der einen Hand das Puder von der Absturzkante weg, w\u00e4hrend ich mit der anderen nach dem Handy griff. Ohne auf den Bildschirm zu sehen, nahm ich das Gespr\u00e4ch an: \u201eEvie Duncan hier, wer st\u00f6rt?\u201c\u201eIst mein Anruf zeitlich ung\u00fcnstig, Evie?\u201c, scholl mir die Stimme meines Chefs entgegen. Augenblicklich versteifte ich mich ein wenig\u2026Mist. \u201eNein, nein, passt perfekt. Tut mir Leid.\u201c, versuchte ich ihn mit m\u00f6glichst freundlicher Stimme zu bes\u00e4nftigen: \u201eAlles gut.\u201c Im n\u00e4chsten Moment erreichte mich ein leises Lachen, das mir ein wenig von dem besch\u00e4mten Gef\u00fchl nahm: \u201eSie m\u00fcssen sich nicht erkl\u00e4ren\u2026ich bin mir durchaus bewusst, dass ich vermutlich wirklich gest\u00f6rt habe.\u201c Dann wurde seine Stimme wieder ernster: \u201eIch brauche Ihre Hilfe.\u201c\u201eDas ist ja nichts Neues.\u201c, seufzend lehnte ich mich gegen die K\u00fcchenzeile und kramte in einer der Schubladen schon mal nach einem Notizblock und einem Stift: \u201eSchie\u00dfen Sie los.\u201c\u201eWie Sie ja wissen, finden in Heliopolis aktuell wieder Ausgrabungen statt\u2026\u201c\u201eYeah.\u201c, unterbrach ich ihn: \u201eMan fand Teile einer Ramses II Statue, einer weiteren Psammetrich-Statue und auch eine Kralle einer Sphinx.\u201c \u201eUnteranderem ja.\u201c, fuhr Dr. Barnes fort: \u201eEs sind noch nicht alle Funde an die Presse weitergetragen worden, aber das ist jetzt auch egal. Wichtig ist, dass Sie sich noch daran erinnern sollten, dass wir beinah die Zusage bei der Mitarbeit bekommen h\u00e4tten, sich dann aber die Deutschen den Job gekrallt haben. Deren leitender Arch\u00e4ologe und ein Gro\u00dfteil des Teams mussten gestern mit einer schweren Lebensmittelvergiftung in ein Krankenhaus gebracht werden\u2026jetzt hat sich das \u00e4gyptische Antikenministerium an uns gewandt. Die haben wohl einen straffen Zeitplan und ziemlich viel Druck und brauchen jetzt schnellstm\u00f6glich einen neuen leitenden Arch\u00e4ologen\u2026samt Team.\u201c\u201eUnd da wir die Nummer zwei auf der Liste waren, wenden die sich jetzt an uns\u2026\u201c, schloss ich daraus: \u201eUnd Sie wenden sich an mich, weil Sie Spa\u00df daran haben, mir meine Pl\u00e4ne durcheinander zu werfen!\u201c Barnes \u00e4chzte leicht und ich h\u00f6rte ein leises Knarren, er lehnte sich wohl gerade in seinem Schreibtischstuhl zur\u00fcck. Das tat er immer, wenn er anfing zu verzweifeln. \u201eNat\u00fcrlich nicht.\u201c, murmelte er: \u201eBitte, ich brauche Ihre Hilfe.\u201c\u201eDr., Ich sollte erst in drei Wochen da r\u00fcber fliegen, um Klassifizierung der Funde zu \u00fcbernehme. Ich bin nicht \u00fcber die organisatorischen Dinge informiert und hab auch keine Unterlagen zu Genehmigungen oder Bescheinigungen\u2026das war Aufgabe der Deutschen!\u201c, das war ein halbherziges Argument, und das war mir auch klar.\u201eDas l\u00e4sst sich schnell regeln, Sie m\u00fcssen sich da nur einlesen. Ich bitte Sie: Sie sind des \u00d6fteren schon in \u00c4gypten gewesen, die Beh\u00f6rden dort kennen Sie und Sie sind international als Expertin f\u00fcr fr\u00fche Hochkulturen und Antike anerkannt. Sie sind eine der besten des ganzen Institutes, ich weiss nicht, an wen ich mich sonst wenden soll, wenn sie ablehnen, die wenigen anderen sind selber mit Projekten eingespannt!\u201c\u201eReden Sie nur weiter\u2026das geht runter wie \u00d6l.\u201c, feixte ich, aber mir war in diesem Moment schon klar, dass ich zusagen werde. Nat\u00fcrlich w\u00fcrde ich. Kairo hatte, gef\u00fchlt wie kein anderes Land auf der Welt, Probleme damit die Relikte aus der Vorzeit zu finden und zu erhalten. Das Antikministerium musste sich st\u00e4ndig einen Wettlauf mit Unternehmen liefern, die die freien Gebiete bebauen wollten, obwohl dort unter der Oberfl\u00e4che Sch\u00e4tze und Erkenntnisse mit unvorstellbarem Wert lagern k\u00f6nnten. Aber h\u00e4ufig fehlten die Geldmittel und Mitarbeiter, um die baldigen Baustellen rechtzeitig zu untersuchen und die Funde auszugraben, sodass die Teams schon h\u00e4ufig das Feld f\u00fcr Baggerfahrzeuge r\u00e4umen mussten, bevor sie mit ihrer Arbeit fertig waren, und manche Erkenntnisse so auf immer verloren \u0001 \u0002 kann ich das nicht zulassen\u2026man k\u00f6nnte schon fast sagen, dass ich das nicht mit meiner Vorstellung von Moral vereinbaren kann. Zu wissen, dass man helfen k\u00f6nnte und es dann unterlassen; nein, das geht nicht.\u201eIch mach\u2019s.\u201c, sagte ich: \u201eHaben wir schon einen Flug?\u201c\u201eHeute Abend um 23:15. Um 21Uhr werden Sie am Institut abgeholt und in Kairo wird einer vom Ministerium sich um Sie k\u00fcmmern. Der Antrag f\u00fcr den Transport der Ausr\u00fcstung habe ich auch schon gestellt.\u201c\u201eOh Sie...\u201c, ich konnte mir ein Schimpfwort gerade noch verkneifen: \u201eSie wussten, dass ich zusagen w\u00fcrde!\u201c\u201eNat\u00fcrlich wusste ich es nicht, aber ich habe es gehofft\u2026und Sie haben mich nicht entt\u00e4uscht.\u201cIch atmete tief durch: \u201eWeiss es schon das Team?\u201c\u201eNein, ich hatte noch keine Zeit sie anzurufen. Ich weiss selber erst seit etwa 20 Minuten von all dem. Rufen Sie sie an?\u201c\u201eKann ich machen. Wir sprechen uns dann\u2026\u201c, ich sah auf meine Armbanduhr: \u201e\u2026in ungef\u00e4hr einer Stunde im B\u00fcro. Ich brauch bis dahin alle Unterlagen.\u201c\u201eIch werde Sie haben. Bis dann.\u201c, damit verabschiedete er sich und legte \u0001 \u0002 einer Hand fuhr ich mir \u00fcber das Gesicht; das war absolut nicht geplant gewesen und kam auch reichlich ung\u00fcnstig. Ich hatte in den n\u00e4chsten Wochen bis zum eigentlichen Abreisetermin noch vier Seminare zur Althebr\u00e4ischen Sprache und zwei weitere zu den Demokratiekonzepten im Alten Griechenland. Dazu kamen dann noch die regul\u00e4ren Vorlesungen, die ich im Namen meines Arbeitgebers dem Archaeological Institute of America (AIA) an der Boston University hielt. Da musste ich mich um eine Vertretung k\u00fcmmern, dann noch im B\u00fcro anrufen, um meine Telefonanbindung an einen Kollegen umzuleiten und auch daf\u00fcr zu sorgen, dass jemand mein Postfach leerte und wichtige E-Mails direkt beantwortet werden. Ganz zu schweigen von dem Zeitungszusteller und dem Heizungsmonteur, der in zwei Tagen kommen wollte und der Arzttermin, den ich in einer Woche \u0001 \u0002 seufzte. Der Zeitpunkt h\u00e4tte nicht ung\u00fcnstiger sein k\u00f6nnen\u2026eilig notierte ich mir unter den Stichpunkten des Telefonats diese Anrufe, die ich zu erledigen \u0001 \u0002 aber musste ich mein Team informieren: Mit Chris, der ebenso wie ich ein Absolvent des Studienganges \u201eArch\u00e4ologie\u201c mit dem Spezialgebiet \u201eKlassische Arch\u00e4ologie\u201c war, arbeite ich schon zusammen, seit er vor sieben Jahren zum AIA kam. Ich hatte im Jahr zuvor angefangen und war mehr als \u00fcberrascht gewesen, als man mir mit ihm die M\u00f6glichkeit gegeben hat, ein festes Team zu begr\u00fcnden. Unsere Zusammenarbeit verlief von Anfang an recht harmonisch und inzwischen sind wir schon sehr gute Freunde geworden. Nach und nach hatte sich mit anderen Angestellten eine Konstellation ergeben, die ich immer dann zusammenrief, wenn es um Ausgrabungsprojekte ging. Dazu geh\u00f6rte noch Sandra, die sich zumeist vor dem Beginn einer Ausgrabung mit mir zusammen um Planung k\u00fcmmerte und vor Ort auch f\u00fcr die Buchf\u00fchrung und allem organisatorischen Kram zust\u00e4ndig war. Nina war seit Jahren als Ausgrabungshelferin bei AIA angestellt, \u00fcbernahm in meinem Team aber durchaus die F\u00fchrung aller Helfer vor Ort und koordinierte dort alles. Max war das neuste Mitglied. Er hat bis vor zwei Jahren am MIT studiert und wollte danach ein Praktikum bei einer gro\u00dfen Firma machen, war aber bei der Bewerbung etwas zu sp\u00e4t dran gewesen und landete schlussendlich bei uns. Zuerst war er damit echt ungl\u00fccklich gewesen, aber als wir ihm klar gemacht hatten, dass wir nach all den alten Sch\u00e4tzen mit neuster Technik suchen, war er mit Feuer und Flamme dabei und bekam nach den acht Wochen Praktikum ein Angebot zur Festanstellung, das er auch annahm. Und damit war nicht nur er extrem gl\u00fccklich\u2026er hatte sich mit seinem Engagement schnell in die Herzen aller anderen gearbeitet und \u00fcbernahm inzwischen eine tragende Rolle bei \u0001 \u0002 w\u00e4hlte als erstes Chris Nummer, der auch nach zweimal Klingeln direkt dranging. \u201eMorgen Evie.\u201c, begr\u00fc\u00dfte er mich leicht au\u00dfer Atem. Im Hintergrund h\u00f6rte ich das Hupen eines Autos. \u201eMoin. Du bist gerade joggen, richtig?\u201c \u201eJetzt gerade stehe ich.\u201c, erwiderte er: \u201eWenn ich noch laufen w\u00fcrde, k\u00f6nntest du nur noch meinen rasselnden Atem h\u00f6ren und nicht mal mehr deine eigenen Worte verstehen.\u201c \u201eGlaub\u2018 ich nicht.\u201c, bemerkte ich: \u201eAber du kannst dich jetzt schnellstm\u00f6glich wieder auf dem Weg nach Hause machen, deine Sachen packen und um acht Uhr im Institut auftauchen\u2026wir fliegen etwas verfr\u00fcht nach \u00c4gypten.\u201c\u201eWie bitte\u2026was?\u201c\u201eYeah, ich weiss. Ich hab\u2019s auch erst vor zwei Minuten erfahren\u2026und weiss h\u00f6chstwahrscheinlich auch nur die H\u00e4lfte, obwohl Barnes schon echt viel erz\u00e4hlt hat. Gleich bekommen wir vermutlich alle weiteren Infos und d\u00fcrfen ihm L\u00f6cher in den Bauch fragen.\u201c\u201eVerdammt\u2026okay.\u201c, ich h\u00f6rte das Knirschen von Kies und dann wurden die Ger\u00e4usche der Stra\u00dfe etwas lauter: \u201eIch mach mich auf den Weg nach Hause, wir sehen uns dann dort.\u201c\u201eBis gleich.\u201c, ich dr\u00fcckte den roten \u0001 \u0002 etwa zwanzig Minuten hatte ich alle wichtigen Telefonate gef\u00fchrt und machte mich endlich daran die Sauerei in meiner K\u00fcche wegzumachen. Gl\u00fccklicherweise hatte ich bisher nichts weiter als das Obst in den Mixer geschnibbelt, da konnte ich jetzt also statt einem Proteinshake einen Smoothie zu mir nehmen\u2026auch gut. Nachdem ich die Theke abgewischt hatte nahm ich den Orangensaft aus dem K\u00fchlschrank und kippte ihn zusammen mit dem durchgemixten Obst in den \u0001 \u0002 inspizierte ich den K\u00fchlschrank: Ungl\u00fccklicherweise hatte ich erst vorgestern eingekauft und besa\u00df jetzt Wurst, K\u00e4se, Milch, Jogurt, und Obst im \u00dcberfluss. Darum werde ich mich sp\u00e4ter k\u00fcmmern. Erstmal stellte ich den Shaker auch in den K\u00fchlschrank, um dann die Treppe hoch im Schlafzimmer zu verschwinden, damit ich damit beginnen konnte alle wichtigen Sachen zusammenzusuchen. Die AIA stellte logischerweise viele Dinge: R\u00f6ntgenapparate, Zelte, Schlafs\u00e4cke, Kochutensilien, Nahrung, Ausgrabungswerkzeuge, Fahrzeuge und so weiter, aber f\u00fcr Kleidung mussten wir dann doch selber \u0001 \u0002 meinem Schrank zerrte ich eine gro\u00dfe Reisetasche und meinen Rucksack hervor. In der unteren Schublade meiner Nachtischschublade lagerte eine kleine Metallbox mit etwa 20x20cm Kantenl\u00e4nge. Ich klappte sie auf und nahm meinen Pass, Impfausweis und mein, noch aktuelles, Visum f\u00fcr \u00c4gypten, heraus. Aus meinem Portmonee holte ich noch meine Krankenkassenkarte und die Kreditkarte. Alles bis auf den Reisepass und das Visum packte ich in ein d\u00fcnnes \u201eReiseportmonee\u201c, das andere in einen Bauchg\u00fcrtel. Dann suchte ich alles Wichtige an Kleidung und Sanit\u00e4rzubeh\u00f6r zusammen. Gerade gegen Moskitos und s\u00e4mtliche anderen Insekten musste man sich sch\u00fctzen, also nahmen Insektenschutzmittel etwa die H\u00e4lfte meines Kulturbeutels ein. In dem linken Drittel des Kleiderschranks fand ich alles, was wichtig war: feste Stiefel, stabile Hosen mit gro\u00dfen Taschen an den Knien, einfarbige Langarmshirts, sowie Tops und Hemden zum dr\u00fcberziehen und extrem UV-best\u00e4ndige T\u00fccher, die man sich so um den Kopf wickeln konnte, dass der \u00fcbriggebliebene Stoff zugleich noch die Schultern und Nacken abdeckte\u2026das meiste besa\u00df schon hartn\u00e4ckige Verf\u00e4rbungen von Schmutz und Staub, die man nicht mehr rauswaschen konnte. Ich verstaute alles zusammen mit Unterw\u00e4sche, Socken und den Sanit\u00e4rartikeln, sowie weiteren Kleinigkeiten in meiner Reisetasche beziehungsweise im Rucksack. Dazu kamen auch noch mein Handy und das Microsoft Surface Book \u0001 \u0002 kurz vor halb acht klopfte ich bei meinen Nachbarn, die in dem einzigen anderen Loft gegen\u00fcber lebten. Ein altes Rentnerp\u00e4rchen, die mich mit einer faszinierenden Regelm\u00e4\u00dfigkeit sonntags zum Kaffeetrinken einluden, sich dann alles M\u00f6gliche aus meinem Leben anh\u00f6rten und selber vieles erz\u00e4hlten. Anne \u00f6ffnete die T\u00fcr, sie war meistens schon vor ihrem Mann wach und kochte das Fr\u00fchst\u00fcck, wenn ich f\u00fcr gew\u00f6hnlich das Haus um kurz nach sieben verlie\u00df. Auch jetzt trug sie eine altmodische Sch\u00fcrze und aus dem Loft drang der Geruch nach Spiegeleiern und Speck. \u201eMorgen Anne.\u201c, gr\u00fc\u00dfte ich sie und hielt die zwei T\u00fcten mit meinen Lebensmitteln hoch: \u201eIch muss \u00fcberraschend weg und wollte die Sachen hier bei dir abladen. Milch, Aufstrich, Jogurt\u2026du wei\u00dft schon.\u201c Erfreut schlug die r\u00fcstige alte Dame die H\u00e4nde zusammen: \u201eDann kann ich mir ja heute das Einkaufen sparen\u2026das ist ja wunderbar.\u201c Sie bat mich mit einer Handbewegung hinein. Die zwei T\u00fcten stellte ich in der K\u00fcche auf den Tisch und konnte mir einige lobende Worte \u00fcber das vor sich hin brutzelnde Fr\u00fchst\u00fcck nicht verkneifen. \u201eAch das ist doch nichts.\u201c, rechtfertigte sie sich: \u201eWenn du wieder da bist kommst du mal zum Mittagessen vorbei und dann musst du uns alles ganz genau erz\u00e4hlen. Wo soll\u2019s denn eigendlich hingehen?\u201c \u201eKairo.\u201c, erwiderte ich: \u201eDrei Wochen fr\u00fcher, als geplant. Das alte Team ist krankheitsbedingt ausgefallen.\u201eDann pass gut auf dich auf! \u00c4gypten ist ja so oder so nicht ganz ungef\u00e4hrlich\u2026\u201c\u201eMir wird schon nichts passieren.\u201c, beruhigte ich sie mit einem schwachen \u0001 \u0002 begleitete mich noch bis zur T\u00fcr. Gerade als ich die Wohnung verlassen wollte, fiel mir noch was ein: \u201eK\u00f6nnt ihr mal ab und zu nach dem Rechten sehen und auch die Post entgegennehmen?\u201cSie nickte: \u201eNat\u00fcrlich machen wir das. Gute Reise!\u201c\u201eDanke.\u201c, ich dr\u00fcckte zum Abschied ihre Hand und verschwand mit meinem Gep\u00e4ck, das zuvor ich im Flur abgestellt hatte, nach unten. In einem kleinen Innenhof parkte mein Auto. Ein schwarzer Chevrolet Camaro SS Baujahr 2016. Ich hatte nicht vieles im Leben, wof\u00fcr ich massig Geld ausgeben k\u00f6nnte, aber dieses Auto war schon immer ein Traum gewesen\u2026 ich verstaute die Taschen im Kofferraum, aber nicht ohne noch zweimal zu kontrollieren, ob ich auch wirklich alle Reisedokumente hatte und mein Haust\u00fcrschl\u00fcssel sicher in der Innentasche des Rucksackes verstaut war. Dann fuhr ich \u0001 \u0002 f\u00fcnf vor acht lenkte ich mein Auto auf den Mitarbeiterparkplatz der AIA. Im hinteren Bereich gab es noch einen kleineren Bereich, der nochmal durch einen Zaun und einem Tor samt Wachh\u00e4uschen abgeriegelt war; unser Langzeitparkplatz. Ich meldete mich am H\u00e4uschen an, stellte mein Auto ab und gab den Schl\u00fcssel wieder am H\u00e4uschen ab. Jo, der diensthabende Wachmann sah mich verwundert an: \u201eSollten Sie nicht erst in drei Wochen fliegen?!\u201c \u201eSch\u00f6n, dass mich da jeder dran erinnert\u2026\u201c, gab ich nur zur\u00fcck und machte mich auf den Weg zum Hauptgeb\u00e4ude. Ein anderer Wachmann, der hinter dem, auf hochglanzpoliertem aus hellem Holz gefertigtem, Empfangstresen sa\u00df, sah mich mit einer hochgezogenen Augenbrauen an, als ich mich mitsamt Gep\u00e4ck durch die Eingangst\u00fcr schob. Ich kannte ihn nicht, er mich wohl auch nicht. Als ich im n\u00e4chsten Moment meine Schl\u00fcsselkarte durch das Leseger\u00e4t am Eingang zog und dem System so mitteilte, dass ich jetzt hier bin und arbeite, entspannte sich sein Gesichtsausdruck merklich. Die Aufz\u00fcge im linken Teil des Eingangsbereiches brachten mich ohne Umschweife in die sechste Etage, wo ich erstmal mehrere verwinkelte G\u00e4nge entlanglaufen durfte, um zu meinem B\u00fcro auf der S\u00fcdseite des Geb\u00e4udes zu kommen. Unterwegs klopfte ich bei Sandra, Nina, Chris und Max an, doch von denen war noch keiner da. Ich stellte meine Taschen in meinem B\u00fcro ab, das inzwischen schon mehr einer \u00fcberf\u00fcllten Abstellkammer \u00e4hnelte. Das neue Geb\u00e4ude der AIA war erst vor zwei Jahren auf dem Campus der Boston University gebaut und er\u00f6ffnet worden, enthielt die neusten Technologien in den Laboren und auch super modern eingerichtete B\u00fcros, aber das konnte meiner Unordnung nicht entgegenkommen. Es hat nach dem Einzug nur drei Monate gedauert und in jeder Ecke stapelten sich B\u00fccher und Akten. Mein Schreibtisch glich grunds\u00e4tzlich einem Schlachtfeld und die zwei Besucherst\u00fchle dienten als Ablageort f\u00fcr alles, was nicht mehr in den Schrank (oder die Ecken) passte. Zuerst klaubte ich einige Berichte zusammen, die ich schon gelesen und unterzeichnet hatte, bevor ich meinen Shaker auf dem Schreibtisch abstellte und mein Surface aufstellte und hochfuhr. Zuhause hatte ich bereits meinen Terminkalender angepasst, sodass er mir prompt mitteilte, dass um halb zehn mein Doktorand auftauchen w\u00fcrde, um die Unterlagen f\u00fcr die Seminare abzuholen. Er hatte sich gl\u00fccklicherweise dazu bereiterkl\u00e4rt meine Vorlesungen zu \u00fcbernehmen. Und dann war da nat\u00fcrlich noch der Termin um acht Uhr, in dem Konferenzraum. Mein Blick fiel auf die Uhr: 8:03Uhr. Es war nicht typisch f\u00fcr Barnes, dass er sich versp\u00e4tete\u2026nun gut. Ich klickte mich weiter durch meine E-Mails und fand eine von Barnes (wenn man vom Teufel spricht), die im Anhang alle Dokumente und Genehmigungen enthielt, die das deutsche Team bisher gestellt hatten. Dabei waren auch ungenaue Karte der Grabungsst\u00e4tte, Ausr\u00fcstungslisten, Rechnungen, diverse Ausdrucke von E-Mails und Berichte. Meine Augen tr\u00e4nten schon bei dem Gedanken daran, das alles am Computer lesen zu m\u00fcssen. Ich dr\u00fcckte auf den Knopf \u201aDrucken\u2018 und verlie\u00df mein B\u00fcro, um den Stapel Papiere vom Drucker im Flur abzuholen. Dort traf ich auch endlich auf Chris, der zusammen mit Sandra den Flur hinunterkam. Beide begr\u00fc\u00dften mich mit einem kurzen Schulterklopfen. Chris verschwand direkt in seinem B\u00fcro, Sandra hielt ich noch zur\u00fcck: \u201eIch ben\u00f6tige detaillierte Daten von Heliopolis und der n\u00e4heren Umgebung\u2026historische und geologische Karten, sowie Informationen \u00fcber Gesteinsdichte, Hohlr\u00e4ume, Grundwasserwerte und so weiter. Au\u00dferdem will ich wissen, ob da Abwassertunnel oder \u00e4hnliches verlaufen und ob der Boden schon mal ger\u00f6ntgt wurde.\u201c\u201eAlso ein komplettes Profil?\u201c, versicherte sie sich. Ich nickte, woraufhin sie eine Leidensmiene zog: \u201eDas wird \u2018ne schei\u00df Arbeit das alles in 13 Stunden zu besorgen.\u201c Ich grinste: \u201eDann fang am besten schon mal an.\u201c\u201eNicht sofort, wir haben zuerst noch eine Konferenz hinter uns zu bringen.\u201c, unterbrach Barnes uns mit einem leicht gehetzten Ausdruck in den Augen. Er trug eine nicht gerade schmale Akte bei sich und rauschte an uns vorbei in den Konferenzraum. \u201eMan sollte meinen, ihm hat man seine Pl\u00e4ne f\u00fcr die n\u00e4chste Woche ruiniert.\u201c, murmelte Sandra leicht verstimmt: \u201eIch wollte mit Jake vier Tage in die Berge, das durfte ich jetzt canceln.\u201c Ich t\u00e4tschelte ihr leicht die Schulter: \u201eIch hatte zwar keine gro\u00dfen Pl\u00e4ne, aber schade ist es trotzdem. Da waren zwei Filme, die ich im Kino sehen wollte.\u201c Sandra streckte mir die Zunge raus und schlug nicht ernst gemeint gegen meine Seite. Lachend dr\u00fcckte ich ihre Hand weg. Mit einem leisen Piepen k\u00fcndigte der Drucker an, dass er fertig war, sodass ich die siebzig Seiten Papier endlich an mich nehmen konnte. Ich heftete sie in vier verschiedene d\u00fcnne Ordner ab und gesellte mich dann mit Papier und Stift bewaffnet zu den anderen in den \u0001 \u0002 zeitnah trudelten dann auch Nina und Max ein. Letzterer sah am schrecklichsten aus. Seine Haare waren noch vom Duschen feucht und dunkle Augenringe zierten sein Gesicht. \u201eHimmel, was ist denn mit dir passiert?\u201c, begr\u00fc\u00dfte ich ihn verdutzt. \u201eMeine Nachbarn.\u201c, er musste G\u00e4hnen: \u201eDie haben jetzt ein Baby und so hellh\u00f6rig wie das ganze Wohnhaus ist\u2026\u201c Er betrachtete mich mit einem bedeutungsvollen Blick. \u201eMein Beileid.\u201c, ich reichte ihm meine gut gef\u00fcllte Kaffeetasse, bevor ich mich neben Barnes niederlie\u00df. Der Konferenzraum war ziemlich klein und bot so gerade mal Platz f\u00fcr zwanzig Personen. Damit wir in unserer sechsk\u00f6pfigen Runde aber dennoch zusammensitzen konnten, hatte Chris drei der Tische auf die Schnelle zusammen geschoben. W\u00e4hrend Nina sich ebenfalls noch einen Kaffee aus der angrenzenden K\u00fcche holte, sortierte ich die Unterlagen vor und verteilte die Flugtickets, die Barnes mir bereits \u00fcbergeben \u0001 \u0002 endlich sa\u00dfen wir alle beisammen und unser Chef konnte mit seinem Vortrag beginnen. Er erz\u00e4hlte eigendlich genau das, was er mir bereits am Telefon erz\u00e4hlt hatte und betonte nochmal, dass es ihm Leid t\u00e4te, unsere Reise so kurzfristig nach vorne zu verlegen. Und auch wenn das Team etwas murrte, konnte ihm das keiner \u00fcbel nehmen. Wir alle sahen es als unsere Pflicht an, Dokumente und Funde aus l\u00e4ngst vergangenen Epochen zu retten. Und wenn ich ehrlich war, ich hatte nichts gegen ein bisschen mehr Arbeit. Im Gegenteil, ich begr\u00fc\u00dfte sie! Aktuell war es sehr still bei uns geworden und ich langweilte mich schon fast\u2026Zwei Stunden sp\u00e4ter verlie\u00dfen wir den Konferenzsaal wieder mit rauchenden K\u00f6pfen. Wir durften uns einiges dazu anh\u00f6ren, wie wichtig die Befunde sein k\u00f6nnten und das die Deutschen auf uns vertrauen und bla bla \u0001 \u0002 ich mich auf den Weg zu meinem B\u00fcro machte, rauschte Nina mit einem bitterb\u00f6sen Blick an mir vorbei und murmelte: \u201e11 Stunden!\u201c Seufzend schloss ich meine B\u00fcrot\u00fcr wieder hinter mir und lie\u00df mich auf meinen Sessel fallen. Mein Blick glitt \u00fcber den \u00fcberf\u00fcllten Schreibtisch und blieb schlussendlich an dem neuen Papierstapel kleben\u2026\u00e4chzend richtete ich mich wieder auf. Es gab noch einiges zu tun, bis wir heuten Abend r\u00fcber nach \u00c4gypten fliegen \u0001 \u0002 gegen halb acht abends musste sich das Team im Erdgeschoss des Instituts zusammen finden. Anders als private Reisende mussten wir wegen unserer Ausr\u00fcstung drei Stunden vor Abflug am Flughafen sein und so holte uns ein Transit bereits um 19:30Uhr ab. Um kurz vor sechs hatte mir Nina eine Zentimeter dicke Akte vorbei gebracht, in der ich alles fand, was sich auf die Schnelle \u00fcber das Gebiet auftreiben lie\u00df. Eilig \u00fcberflog ich den Inhalt; es war wenig \u00fcberraschendes dabei. Die Gegend bestand haupts\u00e4chlich aus bekannten Gesteinsformen und Sand. Die Gegend um Heliopolis, die mich besonders interessierte, wies ebenso wenig untypische Merkmale auf, wie alles andere auch. Es gab auch keine Hohlr\u00e4ume, oder sichtbare Verdichtungen im Boden. Allerdings wurde er auch nie ger\u00f6ntgt. Ich st\u00fctzte mein Kinn auf meiner Hand auf und markierte den Textabschnitt mit einem neongelben Textmarker. Anschlie\u00dfend griff ich nach meiner Notizmappe und schrieb auf das obere Collegeblockblatt ebenfalls eine kurze \u0001 \u0002 ich die Unterlagen durchgearbeitet hatte, machte ich mich mit dem Notizblatt auf in das Kellergeschoss, in dem s\u00e4mtliche Ausr\u00fcstungsgegenst\u00e4nde unseres Instituts lagerten. Ich kl\u00e4rte kurz mit den zwei Mitarbeitern alle zus\u00e4tzlichen Punkte auf der Liste ab. Danach musste ich nochmals \u00fcberpr\u00fcfen, ob ich alles eingepackt hatte und so war die Abreisezeit eher erreicht, als mir lieb \u0001 \u0002 mit den vier anderen machten wir uns in dem Aufzug auf den Weg ins Erdgeschoss. Vor der Eingangst\u00fcr wartete bereits zwei Transit, in den bereits gro\u00dfe Metallkisten eingeladen wurden. \u201eHey Paul.\u201c, begr\u00fc\u00dfte ich den Fahrer, der mir freundlich zuzwinkerte und direkt meine Reisetasche an sich nahm und gerade noch in das Fahrzeug quetschen konnte. Das Team und ich stiegen in den zweiten Bus ein\u202629 Stunden sp\u00e4ter landeten wir in Kairo. Das Flugzeug mussten wir mitten auf dem Rollfeld \u00fcber eine Treppe verlassen und so schlug uns die trockene, aber sehr hei\u00dfe Luft entgegen. \u201eVerdammt.\u201c, \u00e4chzte Max neben mir und fuhr sich mit einer Hand \u00fcber die Stirn: \u201eIch weiss schon, warum ich lieber in k\u00e4ltere Gebiete fahre.\u201c \u201eDann lass dich versetzten.\u201c, schmunzelte Chris, als er ich zwischen uns vorbeidr\u00e4ngelte: \u201eBeeilt euch, ihr haltet den ganzen Verkehr auf.\u201cMit geschulterten Rucks\u00e4cken machten wir uns zusammen auf, um unsere Ausr\u00fcstung samt pers\u00f6nlichem Gep\u00e4ck abzuholen. Ein Angestellter von dem Flughafen empfing uns, als wir unsere pers\u00f6nlichen Gep\u00e4ckst\u00fccke abgeholt hatten, und f\u00fchrte uns zu der Ausgabe f\u00fcr Sondergep\u00e4ckst\u00fccke. Als wir dort endlich alles zusammen gesucht haben, verlie\u00dfen wir das Geb\u00e4ude. Vor dem Flughafengeb\u00e4ude warteten ein weiteres Mal ein Van und ein kleiner LKW, in den wir unsere Sachen einladen konnten. Gerade als das letzte Gep\u00e4ckst\u00fcck verstaut war und sich der Rest des Teams sich in den Van quetschte, bemerkte ich einen jungen Mann, der neben der Ausgangst\u00fcr lehnte und uns unverbl\u00fcmt anstarrte. Ich hob fragend eine Augenbraue, doch er wandte sich ab und verschwand Richtung \u0001 \u0002 Horizont ging gerade die Sonne auf, als wir \u0001 \u0002 Weg zur Ausgrabungsst\u00e4tte war nicht lang. Die Stra\u00dfe f\u00fchrte an zun\u00e4chst an modernen Wolkenkratzern vorbei, die teilweise B\u00fcros und auch Wohnungen beinhaltete. Lins und rechts von den Stra\u00dfen, die von vielen modernen und teuren Autos befahren wurden, tummelten sich viele Menschen. Je weiter wir uns allerdings vom Stadtzentrum entfernten, desto kleiner wurden die H\u00e4user und l\u00f6chriger die Stra\u00dfen. Die breiten Autos wichen klapprigen alten Modellen und die Kleidungsmarken wichen no-name Klamotten. Junge M\u00e4nner waren nicht l\u00e4nger in Anzug und mit Aktenkoffern unterwegs, sondern schlossen sich zu Kleingruppen zusammen und zogen mit verbissenen Minen durch die schmalen Gassen. Ihre Gesichter zeugten von traurigen Geschichten, von verlorenen Seelen und ausgetr\u00e4umten Tr\u00e4umen\u2026ihre Lebensgeschichte war ebenso dunkle, wie die Welt, in der sie gefangen waren und nicht mehr \u0001 \u0002 wandte ich mich von dem Fenster ab; so Viertel, wie das, das wir gerade durchquerten, hatte ich leider schon viel zu oft gesehen. Direkt neben mir sa\u00df Max und starrte mit einem best\u00fcrzten Gesichtsausdruck durch die Frontscheibe des \u0001 \u0002 Mann, der sich als Melih Habib vorgestellt hatte, sa\u00df neben dem Fahrer auf dem Beifahrersitz und war gerade damit besch\u00e4ftigt etwas in seinen Laptop einzutippen. Nachdenklich betrachtete ich ihn von der Seite; er schien noch recht jung zu sein, vielleicht Anfang drei\u00dfig, aber es hatten sich schon tiefe Sorgenfalten in seine Stirn gegraben und die Haare an seinen Schl\u00e4fen und am Kinn fingen an sich aufzuhellen\u2026 Er hob seinen Blick, als w\u00fcrde er sp\u00fcren, dass ich ihn beobachtete. In beinahe perfektem Englisch sprach er mich an: \u201eWaren Sie schon mal in \u00c4gypten?\u201c Ich nickte: \u201eEin paar Mal schon\u2026zuletzt vor einem Jahren in Luxor, im Tal der K\u00f6nige.\u201c\u201eIch habe geh\u00f6rt, Sie sind Expertin f\u00fcr die Antike und Fr\u00fche Hochkulturen.\u201cIch nickte abermals. Er schenkte mir den Ansatz eines L\u00e4chelns: \u201eHoffentlich haben wir mit Ihnen mehr Gl\u00fcck, als mit dem deutschen Arch\u00e4ologen.\u201c\u201eDer, der wegen einer Lebensmittelvergiftung ins Krankenhaus musste?!\u201c\u201eGenau der.\u201c, Habib atmete tief durch: \u201eDas war ein ungl\u00fccklicher\u2026Unfall.\u201c Er schenkte mir einen schwerwiegenden Blick. Unfall. Seine Zweifel daran hingen ungesagt zwischen uns in der Luft\u2026 ein mulmiges Gef\u00fchl breitete sich in meiner Magengegend aus. Ich schluckte den Klos in meinem Hals herunter und erwiderte seinen stechenden Blick, der sich verh\u00e4rtet hatte. \u201eWas soll das hei\u00dfen? Wollen sie mir drohen?\u201c\u201eSicher nicht\u2026ich darf mich dazu nicht weiter \u00e4u\u00dfern, aber lassen Sie mich so viel sagen. Es w\u00e4re ungew\u00f6hnlich, wenn hier seitens des Bauherrn keine handfesten Beschwerden auftreten w\u00fcrden\u2026\u201cSchlagartig musste ich wieder an eine Ausgrabung vor einigen Jahren in S\u00fcdamerika denken, bei der uns der Grundst\u00fcckseigent\u00fcmer fast umgebracht h\u00e4tte. Ich drehte mich leicht, um Chris ansehen zu k\u00f6nnen, der mir wissend zunickte. Wir erinnerten uns beide noch an diesen Vorfall\u2026Kapitel 2Mitten in der Metropole befand sich unsere Ausgrabungsstelle. Das Areal war mit 500x2000m auch recht gro\u00df und wurde von zwanzig Meter hohen Geb\u00e4uden eingekesselt. Als wir \u00fcber die einzige Stra\u00dfe, die auch eher einer Schotterpiste glich, auf das Gel\u00e4nde fuhren, bemerkte ich als erstes, das fast nichts zu sehen war\u2026 Kaum Bagger oder Container. Das einzige Zeichen, dass hier irgendetwas vor sich ging, war ein gro\u00dfer wei\u00dfer Pavillon, vor dem ich einige Personen erkennen \u0001 \u0002 Fahrer stellte den Van unweit von dem Zelt entfernt ab. Ich stieg als erste aus und sah schon eine rothaarige Frau auf mich zu kommen.\u201eLuisa Hoffner, sehr erfreut.\u201c, sie reichte mir die Hand.\u201eEvie Duncan, ebenso.\u201c\u201eIch bin ja sehr froh, dass Sie jetzt schon herkommen konnten.\u201c, fing sie direkt an: \u201eWir sind hier aktuell etwas hilflos.\u201c Ich lie\u00df meinen Blick ein wenig schweifen und konnte ihr nur zustimmen. Der, f\u00fcr die Ausgrabung vorgesehene, Bereich war mit Flatterband abgesperrt worden, und etwas f\u00fcnfzig Meter davon entfernt stand der schmutzig-wei\u00dfe Pavillon, den man schon von der Auffahrt aus gesehen hatte. Ein Strandbuggy stand direkt dahinter und man hatte sechs mobile Toiletten aufgestellt. Ansonsten wirkte alles aber noch recht unbenutzt. Aus den Berichten wusste ich, dass in einiger Entfernung ein weiteres Gebiet an unsere Stelle anschloss, in dem man die bisherigen Funde ausgegraben hat\u2026aber der neue Abschnitt sah noch g\u00e4nzlich unbenutzt \u0001 \u0002 das restliche Team die Ausr\u00fcstung auslud, machte ich mich mit der jungen Arch\u00e4ologin auf den Weg zu dem Pavillon. \u201eWie viele seid ihr noch?\u201c\u201e\u00c4h\u2026\u201c, Luisa runzelte kurz die Stirn: \u201eMit mir noch drei Arch\u00e4ologen, vier deutsche Grabungstechniker und noch elf \u00c4gyptische.\u201c \u201eDas sind aber nicht besonders viele.\u201c, murmelte ich in meinen nicht vorhandenen Bart. Luisa lachte freudelos auf: \u201eWo Sie Recht haben, haben Sie Recht.\u201c Sie schlug die Plane des Pavillons zur Seite und lie\u00df mir den \u0001 \u0002 erstes fielen mir die zwei Stellw\u00e4nde auf gegen\u00fcberliegenden Seite des Einganges auf, an denen zum einem eine Satellitenaufnahme der Grabungsstelle hing und zum anderen auch weitere Zettel mit vermutlich organisatorischem Kram. Zwei M\u00e4nner beugten sich gerade \u00fcber den gro\u00dfen Tisch in der Mitte und besprachen mit gesenkter Stimme etwas auf Deutsch. Einer von ihnen gestikulierte dabei wild mit einem Bleistift herum und fuhr des \u00d6fteren Linien auf dem Blatt vor ihm nach. In den hinteren Ecken stapelten sich \u00e4hnliche Kisten, wie die, die Max und Chris gerade hineinschleppten. Luisa zeigte auf die andere H\u00e4lfte des Pavillons, die noch g\u00e4nzlich leer stand: \u201eDas k\u00f6nnen Sie dort hinstellen\u2026\u201c \u00c4chzend luden die beiden die erste Kiste ab.\u201eWas haben Sie bisher schon gemacht?\u201c, fragte ich sie. Er stie\u00df ein leises Schnauben aus: \u201eNichts\u2026und das ist das Problem.\u201cIrritiert blinzelte ich mehrmals: \u201eWie lange seid ihr schon hier?\u201c \u201eZwei Wochen\u2026eigentlich h\u00e4tten wir schon ab dem ersten Tag graben k\u00f6nnen, aber wir sind nicht mal dazu gekommen die Raster f\u00fcr den R\u00f6ntgenroboter aufzustellen, da stand ein Vertreter von HammerIndustries schon vor der T\u00fcr und hielten uns ein weiteres Formular unter die Nase, das wir angeblich noch ben\u00f6tigen\u2026dann kam noch eins und dann noch eins. Vorgestern fiel ihnen dann wohl nichts mehr ein und\u2026\u201c Sie verstummte. Ich runzelte die Stirn und dann fiel mir schlagartig meine kurze Unterhaltung mit Habib auf der Hinfahrt \u0001 \u0002.\u201eSie scheinen sich da aber sehr einig zu sein.\u201c\u201eWenn Sie die aus dem Antikenministerium meinen, dann ja!\u201c, der Mann, der zuvor noch mit der Planung besch\u00e4ftigt war, gesellte sich zu uns: \u201eDeren Probleme h\u00e4ngen doch absolut immer mit uns zusammen!\u201c Luisa deutete auf ihn: \u201eDas ist Lukas und der Mann an dem Tisch ist John. Die beiden Arch\u00e4ologen, die noch \u00fcbrig geblieben sind.\u201cIch reichte beiden zur Begr\u00fc\u00dfung die Hand. \u201eWir sind echt froh, dass Sie da sind!\u201c, betonte Lukas, woraufhin ich leicht schmunzeln musste. So etwas \u00c4hnliches hatte seine Kollegin auch schon \u0001 \u0002 schlug die H\u00e4nde enthusiastisch zusammen: \u201eDann lasst uns jetzt mal keine Zeit verschwenden. Wir laden unsere Ausr\u00fcstung ab, richten uns hier ein und dann besprechen wir unser weiteres Vorgehen!\u201c Der Vorschlag traf auf allgemeine Zustimmung und wenig sp\u00e4ter packten wir allesamt an, um den LKW zu \u0001 \u0002 dem Pavillon war ein kleiner Bereich frei gemacht worden, auf dem wir unsere Zelte aufstellen konnten, was wir auch direkt erledigten. Danach wurden die Schlafs\u00e4cke, Matten und die pers\u00f6nlichen Gep\u00e4ckst\u00fccke verteilt und in dem Pavillon wurde ein weiterer Tisch mit Campingst\u00fchlen aufgestellt und Sandra machte sich daran, etwas Ordnung in das vorhandene Chaos zu bringen, wor\u00fcber alle anderen ziemlich gl\u00fccklich zu sein schienen. \u201eNina.\u201c, wies ich die geb\u00fcrtige Russin an: \u201eKn\u00f6pf dir mal die anderen Grabungstechniker vor und guck, was die so drauf haben und schick mir Max und Chris hier hin\u2026wir m\u00fcssen den Roboter aufbauen und endlich mal mit was anfangen.\u201c Nina nickte l\u00e4chelnd und verschwand mit gro\u00dfen Schritten nach \u0001 \u0002 atmete tief durch. Die stickige Luft unter der Zeltplane machte mir in der ersten Zeit immer etwas zu schaffen. Der Schwei\u00df lief nur in Str\u00f6men an einem herab, aber kurze Sachen zu tragen w\u00e4re eine idiotische Idee. Moskitos sind hier ebenso beheimatet, wie andere Insekten und keine Sonnenmilch der Welt konnte einen vor der Kraft der Sonne sch\u00fctzen. \u00dcbrig blieb also nur lange Kleidung.\u201eWie lange habt ihr jetzt Zeit?\u201c, wollte ich von Luisa wissen, w\u00e4hrend ich Max mit einer eindeutigen Handbewegung dazu aufforderte seinen Computer aufzubauen und damit anzufangen den R\u00f6ntgenroboter zusammen zu bauen, da man den nur in Einzelteilen transportiert bekommt. Er bedeutete mir mit einem hochgestrecktem Daumen, dass er verstanden hat. Luisa hatte bisher noch nicht geantwortete. Ich sah sie beunruhigt an.\u201eNaja, also ich weiss nicht, inwieweit Sie mit den Reglungen hier in \u00c4gypten vertraut sind, aber die \u00fcbliche Grabungszeit f\u00fcr Gebiete, die bereits an Bauherrn verkauft sind, betr\u00e4gt acht Wochen.\u201cMir wurde fast schlecht. \u201eAcht Wochen?!\u201c, kr\u00e4chzte ich: \u201eVerdammte Schei\u00dfe.\u201c Luisa knirschte zustimmend mit den Z\u00e4hnen: \u201eIch weiss\u2026das ist fast nicht zu schaffen, aber das gute ist, sobald wir wirklich gro\u00dfe Funde gemacht haben, kann die Zeit verl\u00e4ngert werden\u2026bei dem Grabungsgebiet 1 liegt der Antrag gerade vor Gericht.\u201c \u201eDas entwickelt sich hier gerade immer mehr zu einem Horrortrip.\u201c, schimpfte ich leise mit mir selbst: \u201eWieso nur habe ich dem ganzen hier zugestimmt\u2026\u201c Offenbar verstand Luisa, dass das eine rhetorische Frage war und verkniff sich eine \u0001 \u0002 der folgenden Stunde unterteilte ich zusammen mit den restlichen Helfern das gro\u00dfe Gebiet in einzelne Raster, die auf der L\u00e4ngsseite mit Buchstaben und auf der k\u00fcrzeren mit Zahlen gekennzeichnet wurden, \u00e4hnlich wie auf einem Stadtplan. Ich spazierte gerade mit den einzelnen K\u00e4rtchen \u00fcber den W\u00fcstenboden, um an den B\u00e4ndern, die 50cm \u00fcber dem Boden schwebten, die Bezeichnungen des jeweiligen Vierecks anzubringen, als sich Max zu mir gesellte: \u201eWir haben den Roboter jetzt bei A1 angesetzt und k\u00f6nnen beginnen.\u201c\u201eSehr gut. Ich bin hier gleich fertig, aber fangt schon mal an, ich vertraue euch, dass ihr das hinbekommt.\u201cMax trollte sich \u0001 \u0002 Roboter war eigentlich nur ein l\u00e4nglicher Kasten, der sich auf zwei Streben an den Seiten der Quadranten entlangbewegte und durch Sand und Steine bis in eine Tiefe von vier Meter r\u00f6ntgen konnte. Max bediente ihn \u00fcber seinen \u0001 \u0002 zehn Minuten sp\u00e4ter gesellte ich mich zu dem Rest der Arch\u00e4ologen, die sich gerade alle um einen separaten Tisch versammelt hatten und Max \u00fcber die Schulter schauten, wie er etwas in die Tastatur h\u00e4mmerte. Habib, der in der letzten Stunde etwas untergegangen war, hielt sich auch etwas zur\u00fcck und betrachtete gerade eingehend die Stellw\u00e4nde mit den angepinnten Zetteln. \u201eSo, der n\u00e4chste Abschnitt ist dran.\u201c, er bet\u00e4tigte eine gr\u00fcne Taste links oben. Die andere H\u00e4lfte des Bildschirms wurde von einem grau schattierten Bild eingenommen, das sich sekundensp\u00e4ter versch\u00e4rfte und dunklere Farben und Konturen annahm. Das kieselige Bild kl\u00e4rte sich auf und entbl\u00f6\u00dften Gesteinskonturen. Ich beugte mich etwas nach vorne und betrachtete den Ausschnitt etwas genauer: \u201eWelcher Quadrant ist das?\u201c\u201eA5\u2026und ein Meter Tiefe.\u201c\u201eMhm...okay. Bis in welche Tiefe seid ihr bei den anderen gegangen?\u201c\u201eDrei Meter.\u201c\u201eAlso wie die tiefsten Funde in dem Gebiet 1?\u201c\u201eGenau.\u201c\u201eOkay, macht weiter so.\u201cKonzentriert arbeitete Max sich durch die einzelnen Quadranten und Schichten, bis etwa kurz nach neun, als er pl\u00f6tzlich einen heiseren Schrei ausstie\u00df. Augenblicklich st\u00fcrzten Chris und ich zu ihm.\u201eHast du was gefunden?\u201c, fragte Chris in dem gleichen Moment, in dem ich rief: \u201eUnd wie sieht\u2019s aus?\u201c\u201eBleibt ruhig, Leute.\u201c, Max r\u00fcckt etwas zur Seite, damit wir eine bessere Sicht auf den Bildschirm haben und vergr\u00f6\u00dferte das Bild sogar noch. Auf dem Bild waren normale Gesteinsformen in einem hellgrau zu erkennen und daneben zeichneten sich fast tiefschwarze Brocken ab. \u201eWow\u2026\u201c, keuchte Chris leise: \u201eDas kann wirklich etwas sein!\u201cIch warf einen Blick auf den eingeblendeten Text in der unteren Ecke. Quadrant E4, in \u0001 \u0002 Tiefe. Dann sah ich mir nochmal genauer die eventuellen Funde und deren Position an: \u201eOkay Max. Alle anderen Quadranten werden erstmal nur im Bereich von \u0001 \u0002 bis \u0001 \u0002 ger\u00f6ntgt\u2026ich vermute hier ein Tr\u00fcmmerfeld und ich will wissen, wie gro\u00df das ist.\u201c\u201eWird gemacht, aber zuerst drucke ich das aus.\u201c, im selben Moment spuckte der kleine mobile Drucker neben ihm ein Blatt Papier aus, das ich sofort an die Pinnwand \u0001 \u0002 halbe Stunde sp\u00e4ter hatten wir die Antwort: Das Feld war an die 50x150m gro\u00df und befand sich nur zwischen \u0001 \u0002 und \u0001 \u0002 Tiefe\u2026meine Vermutung von einem Tr\u00fcmmerfeld wurde immer mehr best\u00e4tigt.\u201eWo ist Nina?\u201c, rief ich in den Raum, ohne von den Papieren aufzublicken.\u201eAnwesend.\u201c, antwortete die junge Frau rechts neben mir.\u201eSieh dir das mal an.\u201cNina beugte sich mit einem konzentrierten Ausdruck auf dem Gesicht nach vorne. Einige Zeit schwieg sie, bis sie schlie\u00dflich meinte: \u201eEin Tr\u00fcmmerfeld, vermute ich jetzt mal. Soll ich den Bauarbeitern Bescheid sagen, dass sie schon mal zwei Meter Boden abtragen sollen?\u201c \u201eJo, mach mal.\u201c, forderte ich sie auf: \u201eDann passiert hier wenigstens etwas.\u201cNina hatte gerade den Pavillon verlassen, als Sandra wieder hinein kam. \u201eEvie, da ist ein Mann, der mit dir reden will.\u201c Verwirrt sah ich sie an: \u201eWas f\u00fcr ein Mann?\u201c Sie zuckte mit den Schultern: \u201eKeine Ahnung; arabischer Abstammung, edler Anzug und arroganter Blick.\u201cLuisa hob eine Augenbraue und rollte mit den Augen: Offenbar war das einer von den HammerIndsutries Leuten. Ich klopfte mir den imagin\u00e4ren Staub von den Schultern, richtete meine Kleidung und verlie\u00df das Zelt. Sandra deutete auf einen Mann, der in einiger Entfernung an einen Jeep lehnte und mich aufmerksam musterte, als ich auf ihn zukam. Das war der Mann vom Flughafen\u2026\u201eWas kann ich f\u00fcr Sie tun?\u201c, fragte ich ihn.\u201eSehr freundlich sind Sie aber nicht\u2026\u201c, erkl\u00e4rte er: \u201eStellt man sich nicht zun\u00e4chst vor?\u201c\u201eDa Sie uns schon am Flughafen beobachten haben, nehme ich mal an, dass Sie wissen, wer wir sind. Aber da Sie das schon mal angesprochen haben, wer sind Sie?\u201cEr grinste sch\u00e4lmisch und \u00fcberheblich: \u201eMein Name ist Atif Tarek Latif bin Shaheen\u2026Berater von Samuel Franklin, Inhaber von HammerIndustries. Ich bin hier, um Ihnen ein Angebot zu machen.\u201cIch kniff fragend die Augen zusammen: \u201eAngebot?! Welcher Art?\u201cEinige Sekunden verstrichen, bis er mir antwortete: \u201eVielleicht gehen wir ein St\u00fcck?\u201c \u201eIch habe noch einiges zu erledigen, also entweder erkl\u00e4ren Sie mir jetzt und hier, was Sie wollen, oder ich verschwinde wieder.\u201c, fuhr ich ihn an. Shaheen seufzte und sch\u00fcttelte leicht den Kopf, als w\u00fcrde er mit einem ungezogenem Hund reden: \u201eDiese Ausgrabung hier wird doch nichts bringen, da sind wir uns beide doch garantiert einig\u2026und es ist absolute Zeitverschwendung, dass Sie hier versuchen etwas zu finden. Die Steinbrocken, die man bisher ausgebuddelt hat, waren doch nur ein Zufall. Was halten Sie also von einer Aufwandsentsch\u00e4digung f\u00fcr die vergeudete Zeit?\u201c\u201eDas ist doch nicht Ihr Ernst?!\u201c, knurrte ich ihn w\u00fctend an: \u201eIch nehme doch kein Schmiergeld an!\u201c Shaheens Grinsen fror ihm auf dem Gesicht an: \u201eBitte?\u201c Ich trat einen Schritt auf ihn zu und fixierte ihn mit einem, hoffentlich, eisigen Ausdruck in den Augen: \u201eIch denke, Sie haben mich verstanden! Ich werde nicht von hier verschwinden, ohne dass diese Ausgrabung staatliche Unterst\u00fctzung erh\u00e4lt und solange bestehen bleibt, bis alle \u00dcberreste gefunden und gerettet wurden. Richten Sie das ihrem Boss aus.\u201c Damit drehte ich mich um und verschwand mit eiligen \u0001 \u0002 ich wieder unten am Pavillon ankam, nahm ich Luisa kurz beiseite. \u201eWas ist das f\u00fcr ein Mann?\u201c, stie\u00df ich hervor. Sie zuckte mit den Schultern: \u201eEr hat dir auch ein Angebot gemacht, oder?\u201c\u201eDir auch schon, oder was?\u201c\u201eJedem, der irgendetwas zu sagen hat!\u201c\u201eUnd da kann man vermutlich nichts gegen machen, oder?\u201c\u201eDie meisten hier sind korrupt\u2026es wundert mich schon, dass das Antikenministerium noch nicht betroffen ist. Oder sie sind es und wir haben davon bisher wirklich noch nichts mitbekommen.\u201c\u201eKatastrophe, sag ich doch.\u201c, brummte ich. Luisa klopfte mir aufmunternd auf die Schultern: \u201eDaf\u00fcr haben wir wenigstens schon etwas gefunden...\u201c\u201eEs aber noch nicht mal ausgegraben!\u201c, ich fuhr mir mit einer Hand durchs Gesicht. Dann sch\u00fcttelte ich die negativen Gedanken ab: \u201eAber das schaffen wir schon, irgendwie.\u201c \u201eEben deswegen.\u201c, Luisa verabschiedete sich mit einem knappen Nicken. Sie machte sich auf den Weg zu den Bauarbeitern, die sich bereits drauf und dran waren, die Grube \u0001 \u0002 sp\u00e4ten Nachmittag war der restliche Bereich ger\u00f6ntgt, die Grube beinah fertig ausgegraben und Nina hatte angefangen in einem Topf einen Eintopf f\u00fcr all die Arbeiter zu kochen. Die elf \u00e4gyptischen Arbeiter fuhren ab 17 Uhr zur\u00fcck nach Hause und so blieben zum Abendessen nur mein Team und das Deutsche, insgesamt also zw\u00f6lf Personen, die in einem gro\u00dfen Kreis zusammen sa\u00dfen. Wir unterhielten uns allesamt sehr gut, lachten viel und konnten trotzdem besprechen, wie wir aus der verzwickten Lage heraus kommen k\u00f6nnten, ohne die gute Stimmung zu \u0001 \u0002 sechs Wochen genug \u00dcberreste zu finden, um das Antikenministerium davon zu \u00fcberzeugen, den Grabungszeitraum zu vergr\u00f6\u00dfern und uns noch mehr Zeit zu geben, herausragenden Entdeckungen zu machen, ist eine schwierige Aufgabe. Die Cheops-Pyramide werden auch schon seit \u00fcber 150 Jahren erforscht und man hat noch nicht alle Geheimnisse gekl\u00e4rt, da sollte man meinen, es w\u00e4re einfach interessante Funde zu entdecken, aber leider ist oftmals genau das Gegenteil der Fall. Scherben von Vasen aus Ton sind oftmals die einzigen Dinge, die man findet. Grundmauern von kleinen St\u00e4dten eventuell auch noch, aber gut erhaltene Relikte sind eine Seltenheit, dessen Funde dann nat\u00fcrlich umso wertvoller f\u00fcr die Nachwelt sind. Projekte, die mehr \u00fcber eine Epoche verraten, werden eher gef\u00f6rdert\u2026und F\u00f6rdermittel sind etwas, worauf niemand verzichten kann. Nicht in diesem Berufsspektrum! Die Arch\u00e4ologie verliert immer mehr an \u00f6ffentlicher Anerkennung und Interesse und dementsprechend an staatlichen Zusch\u00fcssen. Aber wenn man, so wie wir, versuchen m\u00f6chte, so viel wie m\u00f6glich aus den l\u00e4ngst vergangenen Epochen zu retten, musste man sich diese F\u00f6rderungsmittel unter den Nagel rei\u00dfen und so clever einsetzten, wie m\u00f6glich. Das war auch der Grund, weswegen so Institute wie das AIA gegr\u00fcndet werden und man versucht private Investoren und Spenden an Land zu \u0001 \u0002 lehnte mich in meinem Campingstuhl zur\u00fcck, pustete die Suppe auf meinem L\u00f6ffel kalt und a\u00df sie dann. Max neben mir r\u00fchrte gedankenverloren in seinem Aluminiumbecher herum. Seine Augen waren etwas glasig und er schien weit entfernt zu sein. \u201eHey.\u201c, ich stie\u00df ihm leicht gegen die Schulter: \u201eAlles klar bei dir?\u201c Max zuckte leicht zusammen und sah mich wie ein Reh im Scheinwerferlicht an. \u201eJa\u2026doch.\u201c, nuschelte er dann. Er wich meinem Blick aus, sodass ich mir tats\u00e4chlich echte Sorgen machte. Obwohl das vermutlich g\u00e4nzlich unbegr\u00fcndet war. Das hier war der erste Au\u00dfeneinsatz von Max, verst\u00e4ndlicherweise war er da aufgeregt und nerv\u00f6s. \u201eMach dir nicht ins Hemd.\u201c, wies ich ihn schmunzelnd an: \u201eDu kriegst das schon hin.\u201c Er zuckte mit den Schultern: \u201eIst halt was neues, aber ich bin \u00fcberrascht, dass wir in einem Zelt unter dem freien Himmel pennen.\u201c Ich musste wohl oder \u00fcbel lachen. Das sagten alle Neuen als erstes. \u201eWir haben kein Geld f\u00fcr Hotelzimmer.\u201c, erkl\u00e4rte ich ihm: \u201eAlso genau genommen m\u00fcssen wir sparen, und eine Nacht im Zelt mit Verpflegung f\u00fcr einen Tag kostet dem AIA ungef\u00e4hr 90 Dollar weniger, als eine Nacht mit Halbpension in einem halbwegs guten Hotel\u2026und bei f\u00fcnf Personen und \u00fcber sechs Wochen kommt da schon eine Menge Geld zusammen.\u201c Max riss etwas \u00fcberrascht die Augen auf: \u201eAch echt? Oh\u2026wusste ich gar nicht.\u201c\u201eWissen die wenigstens, aber deswegen sage ich es dir.\u201c, kurz schwieg ich. Ich musste mich an eine Ausgrabung vor Jahren im Iran zwischen den St\u00e4dten Arjenan und Ardakan erinnern; gef\u00fchlt weit ab von jeglicher Zivilisation hatte ich ein Team von Anthropologen bei der Bergung von etwa drei\u00dfig Skeletten geholfen. In der letzten Nacht war ich mit einem irischen Kollegen auf den nahe gelegenen Berg gestiegen und wir hatten den illegal eingef\u00fchrten Alkohol aus einer Papiert\u00fcte getrunken. Wir sa\u00dfen auf dem warmen Fels, schauten in den klaren Sternenhimmel hinauf und k\u00fcssten uns unter einer Sternschnuppe\u2026okay nein, wir haben uns nicht gek\u00fcsst, aber der Rest ist wirklich so passiert. Im Nachhinein konnte ich \u00fcber diesen Kitsch schon fast nur noch weinen, aber diese Nacht war einmalig und besonders gewesen, und war nur zustande gekommen, weil wir in der W\u00fcste \u00fcbernachtet haben.\u201eAn was denkst du?\u201c, fragte mich Max mit einem unn\u00f6tig zweideutigem Ton in der Stimme: \u201eDu bist rot geworden.\u201c \u201eHalt die Klapp.\u201c, brummte ich nur, woraufhin er in schallendes Gel\u00e4chter ausbrach. Chris drehte sich zu uns um und hatte einen Gesichtsausdruck drauf, der aussagte, dass die Zahnr\u00e4der in seinem Kopf ordentlich am Arbeiten waren. Ich formte mit meinem Mund die Worte: \u201eZelten in der W\u00fcste.\u201c Und er nickte verstehend. Seine Lippen verzogen sich dabei zu einem erheiterten L\u00e4cheln. Im selben Moment stand einer der Grabungstechniker auf, bedankte sich f\u00fcr das Abendessen und w\u00fcnschte uns allen eine gute Nacht, bevor er sich auf den Weg in sein Zelt machte. John und Lukas folgten wenig sp\u00e4ter. Allm\u00e4hlich l\u00f6ste sich die Runde auf, bis nur noch ich da sa\u00df und auf die Stelle im Sand starrte, wo kurz zuvor noch die Campingkocher gestanden haben. Sandra hatte sie in den Pavillon gebracht, bevor sie sich schlafen legte.\u201eKommst du auch?\u201c, Chris tauchte neben mir auf. Er musste sich seine schulterlangen Haare aus dem Gesicht streichen, um mich ansehen zu k\u00f6nnen. Seufzend richtete ich mich auf, klappte meinen Stuhl zusammen und nahm mein benutztes Geschirr an mich: \u201eYeah, lass uns schlafen gehen.\u201c Ich sp\u00fclte im Pavillon noch kurz mein Geschirr ab und stellte meinem Stuhl vor einem der Tische wieder auf. Chris teilte sich seinen Zelt mit Max, ich hatte eins f\u00fcr mich alleine, da Nina und Sandra zusammen in einem schliefen. \u201eGute Nacht.\u201c, w\u00fcnschte er mir mit einem sanften L\u00e4cheln. Dann verschwand er in seinem Zelt und lie\u00df mich drau\u00dfen in der Dunkelheit \u0001 \u0002 n\u00e4chsten drei Tage zogen sich elendig lang. Aber am Vormittag des vierten Tages konnten wir das schwere Arbeitsger\u00e4t au\u00dfen vor lassen und endlich mit den weiteren Aufbauarbeiten beginnen. Leitern mussten in die Grube hinabgelassen und eine Zeltplane aufgestellt werden, um die Grube vor direkter Sonneneinstrahlung zu sch\u00fctzen. Sandra hatte die Zeit genutzt, um in einem separaten Zelt alles f\u00fcr die Katalogisierung der Funde vorzubereiten. Um 15 Uhr stiegen Luisa, John, Lukas, Chris und ich als erste mit kleinen Schaufeln und Pinseln (und allerlei anderem Zeug) in die Grube hinab und er\u00f6ffneten so zeremoniell die tats\u00e4chliche \u0001 \u0002 teilten wir uns die hei\u00dfe Zone, also der Bereich in dem der Computer uns die meisten Funde angezeigt hat, auf und fingen von dort aus an. Der restliche Bereich, den wir abgesteckt hatten, sollte Funde auf unterschiedlichen H\u00f6hen beinhalten und auch einige faszinierende Anomalien aufweisen, um die wir uns aber erst dann k\u00fcmmern k\u00f6nnen, wenn die gro\u00dfen Baustellenfahzeuge den unn\u00f6tigen Teil des Bodens abgetragen \u0001 \u0002 dann noch Lukas das erste Teilst\u00fcck fand, dachte ich, dass mir nichts mehr diesen Tag vermiesen kann. Ohne weitere St\u00fccke oder genauere Untersuchungen konnte ich schon beim ersten Anblick vermuten, dass e sich um ein Bauteil eines Tempels handelte.\u201eOh man.\u201c, Chris neben mir erweckte beinah den Eindruck, als w\u00fcrde er gleich auf die Knie fallen vor Freude. Ganz vorsichtig fuhr er mit den Fingerspitzen \u00fcber die verschmutzte und raue Oberfl\u00e4che des beinah quadratischen Fundst\u00fcckes. \u201eSchau dir das mal an.\u201c, fl\u00fcsterte er leise und wischte mit einem Tuch vorsichtig den Schmutz fort: \u201eHier sind Hieroglyphen in den Stein gemei\u00dfelt!\u201c interessiert beugte ich mich \u00fcber seine Schulter: \u201eTats\u00e4chlich\u2026wow. Das ist gro\u00dfartig.\u201c Im selben Moment kam John angelaufen: \u201eDort hinten habe ich vier so \u00e4hnliche St\u00fccke gefunden\u2026ich glaube, die geh\u00f6ren zusammen.\u201c Erfreut stie\u00df ich eine Faust in die Luft und konnte einen Freudenschrei nur schwer unterdr\u00fccken. \u201eDoch nicht so Horror hier, hm?\u201c, witzelte Chris. \u201eGanz vielleicht nicht, nein. Jetzt haben wir die M\u00f6glichkeit einer Chance.\u201c, antwortete \u0001 \u0002 den Nachmittag fanden wir zwanzig gr\u00f6\u00dfere und kleinere Teile, die wir feins\u00e4uberlich fotografierten und katalogisieren. Am Abend verlie\u00dfen wir die Grube erst, als die Sonne schon am Zenit stand und nur noch Generatorbetriebene Lampen uns gen\u00fcgend Licht liefern konnte, um weiterzuarbeiten. Mit den Gedanken noch g\u00e4nzlich woanders legte ich den Multifunktionsg\u00fcrtel ab, klopfte mir den gr\u00f6bsten Schmutz ab und wollte mir gerade mit einem Handtuch den Schwei\u00df von der Stirn und Nacken wischen, als mir eine Silhouette am Rande der Baustelle auffiel. \u201eIst das wieder dieser Shaheen?\u201c, fragte ich Nina mit einem s\u00e4uerlichen Unterton in der Stimme. Sie verzog angeekelt das Gesicht, sch\u00fcttelte dann blo\u00df den Kopf und stapfte an mir vorbei zu den Campingduschen. Ich beschloss ihn einfach zu \u0001 \u0002 Mann auf der leichten Erh\u00f6hung betrachtete das rege Treiben unter ihm. Er presste seinen Kiefer zusammen, als er sehen konnte, wie mehrere halbdurchsichtige Plastikkisten aus der Grube gehoben wurden. Das w\u00fcrde seinem Chef ganz bestimmt nicht gefallen\u2026Kapitel 3Am n\u00e4chsten Morgen erwachte wir voller Tatendrang, a\u00dfen schnell und wollten schon anfangen zu arbeiten, bevor die \u00e4gyptischen Grabungsarbeiter \u00fcberhaupt aufgetaucht waren. In der W\u00fcste nutzt man liebend gerne die k\u00fchlen Morgenstunden, um es dann gegen Mittag etwas ruhiger angehen lassen zu k\u00f6nnen. John war der erste, der \u00fcber die Leiter in die Tiefe klettern wollte. Kaum hatte er drei Sprossen hinter sich gebracht, ert\u00f6nte ein lautes Knacken gefolgt von einem erschreckenden Aufschrei und er fiel mit strauchelnden Armen in die Tiefe. \u201eSchei\u00dfe.\u201c, schrie Luisa und wollte schon zu der Leiter st\u00fcrzen, um ihrem Kollegen zur Hilfe zu eilen, doch Chris hielt sie gerade noch rechtzeitig zur\u00fcck. \u201eVerdammt, was soll das?\u201c, fuhr die Frau ihn ungehalten an: \u201eWir m\u00fcssen ihm helfen.\u201c \u201eUnd wenn die anderen Sprossen auch besch\u00e4digt sind?\u201c, gab Chris zur\u00fcck. \u201eNoch einen Absturz brauchen wir nicht.\u201c Mit weit aufgerissenen Augen starrte Luisa ihn an, bis sie sich mit einem leisen R\u00e4uspern aus seinen Armen wandt. \u201eJohn, geht\u2019s dir gut?\u201c, fragte sie ihren Kollegen, der auf dem R\u00fccken in zwei Meter Tiefe lag und sichtlich schwer atmete. Sein rechter Unterschenkel stand in einem unnat\u00fcrlichen Winkel vom K\u00f6rper ab, aber ansonsten schien es ihm ganz gut zu gehen. Er starrte mit ge\u00f6ffneten Augen zu uns hinauf und signalisierte mit zittriger Hand, dass es \u0001 \u0002 mein Blick auf Luisa fiel, die mindestens genauso unter Schock zu stehen schien, wie ihr verletzter Kollege, riss ich reflexartig das Ruder an mich. \u201eMax, ruf den Krankenwagen. Sag denen, hier ist jemand in die Tiefe gest\u00fcrzt.\u201c Der junge Mann nickte hektisch und verschwand. Ich wandte mich an Lukas: \u201eK\u00fcmmere dich um Luisa, sie hilft hier nicht.\u201c Auch Lukas tat wie ihm \u0001 \u0002 n\u00e4chstes packte ich die Leiter an der Oberseite und zog sie aus dem Loch. Auch wenn ich mich damit nicht besonders gut auskannte, konnte man deutlich sehen, dass alle Sprossen ab der vierten links und rechts anges\u00e4gt waren, sodass sie unter Belastung brechen mussten. Mit einem entsetzten Gesichtsausdruck drehte ich mich zu den beiden restlichen um: \u201eIch glaub, das war kein Unfall.\u201c Nina und Chris sahen mich so an, als w\u00fcrden sie mich am liebsten in die n\u00e4chste Klapse stecken.\u201eIst jetzt auch egal.\u201c, murmelte ich. Hektisch sah ich mich nach einer M\u00f6glichkeit um in die Grube hinunter zu kommen, ohne die Leiter zu nutzen. Dabei fiel mein Blick auf den Lastenzug. Es war nur ein einfacher Krahn, mit einer gro\u00dfen Platte am unteren Ende, um darauf Kisten mit den Fundst\u00fccken zu stapeln und sie nach oben zu fahren, um sie aus der Grube zu heben. \u201eChris, Chris.\u201c, ich deutete auf den Krahn: \u201eBediene das bitte.\u201c Ich hielt mich an den Ketten fest, setzte beide F\u00fc\u00dfe auf die Platte und wartete auf Chris, der mich Augenblicke sp\u00e4ter hinunterlie\u00df. Die Platte landete etwa vier Meter neben dem Verletzten. Ich sprintete zu ihm hin\u00fcber und ging neben ihm auf die Knie.\u201eWie gehts Ihnen?\u201c, ich griff nach Johns Hand und tastete nach dem Puls, der unter der Haut raste. \u201eNicht so gut.\u201c; st\u00f6hnte er schmerzerf\u00fcllt. Er legte den Kopf in den Nacken, versuchte tief durchzuatmen. \u201eSieh mich an.\u201c, forderte ich ihn auf: \u201eKonzentrieren Sie sich auf mich. Nur auf mich.\u201c Langsam klappte er seine Augen auf und verzog seinen Mund zu einer gr\u00e4sslichen Grimasse. \u201eIch k\u00f6nnte Sie gerade so daf\u00fcr umbringen.\u201c, stie\u00df er hervor. Schmunzelnd fuhr ich ihm durch die Haare und f\u00fchlte den kalten Schwei\u00df auf seiner Stirn: \u201eK\u00f6nnen Sie Ihre Beine sp\u00fcren oder bewegen?\u201c Tief atmete John durch, als w\u00fcrde er sich auf eine extrem anstrengende Tat vorbereite\u2026aber es passierte nichts. \u201eSchei\u00dfe.\u201c, schrie John frustriert auf: \u201eNein, Nein, Nein!\u201c Er versuchte seinen Oberk\u00f6rper aufzurichten, doch ich hielt ihn zur\u00fcck. \u201eBleiben Sie liegen.\u201c, wies ich ihn hart an: \u201eUnd bewegen Sie sich kein St\u00fcck.\u201c Frustriert lie\u00df er seinen Kopf wieder nach hinten \u0001 \u0002 regulierte sich sein Puls nach unten und durch zwei zus\u00e4tzliche Decken hielt ich seinen K\u00f6rper auch warm. Als der Krankenwagen endlich auftauchte, fuhren die Not\u00e4rzte auch mit dem Lastenzug nach unten, schienten sein Bein und verluden ihn auf eine Trage. Dann wurde er wieder nach oben gebracht und mit dem Krankenwagen nach Kairo City \u0001 \u0002 stand mit verschr\u00e4nkten Armen vor dem wei\u00dfen Pavillon und starrte dem Krankenwagen hinterherr. Der Rest des Teams war bei mir. Zus\u00e4tzlich noch mehrere Polizisten, die sich gerade die Unfallstelle genauer anschauten. Sie hatten die Leiter halbherzig untersucht, redeten nur halb ernst gemeint mit den anderen Beteiligten, die dabei waren.\u201eWissen Sie, was jetzt passieren wird?\u201c, wollte ich von Luisa wissen. Die zuckte mit den Schultern: \u201eSie sprechen es zwar nicht aus, aber wir sind uns einig, dass das Sabotage war.\u201c Sie unterbrach sich selbst und drehte sich zu mir um: \u201eIch hab vor einigen Jahren mal in Belize einige alte Ruinen der Maya ausgebuddelt. Damals hatten wir auch ziemliche Komplikationen\u2026es gab viele Nachfahren, die brannten f\u00f6rmlich darauf, etwas \u00fcber ihre Vorfahren herauszufinden\u2026andere hingehen wollten auf gar keinen Fall, dass der geweihte Boden betreten und gesch\u00e4ndet wird. Und sie haben es gar nicht erst vor Gericht versucht\u2026sie haben alles sabotiert: Kletterausr\u00fcstung, Fahrzeuge, Dokumente und Fotos und auch Leitern. Das sah fast genauso aus. Nur, dass da ein mittelamerikanischer Buschf\u00fchrer 15 Meter in die Tiefe st\u00fcrzte, er brach sich das Genick.\u201c \u201eWenn wir Pech haben, hat John sich auch die Wirbel gebrochen und das R\u00fcckenmark verletzt. Mit ganz viel Gl\u00fcck wird er wieder laufen k\u00f6nnen.\u201c, erwiderte ich mit leiser Stimme. Seufzend kaute ich auf meiner Unterlippe herum und wollte mich schon abwenden, als Luisa mich am Unterarm zur\u00fcck hielt. \u201eIch kenne Sie noch nicht besonders lange.\u201c, offenbarte Luisa mir: \u201eAber irgendwas sagt mir gerade, dass Sie anfangen werden sich die Schuld f\u00fcr diesen Unfall zu geben.\u201c Schweigend betrachtete ich sie, bis mir ihr wissender Blick zu viel wurde und ich den Kopf abwenden musste. Normalerweise konnte ich mich gut durch alle Konfrontationen hindurchbei\u00dfen, aber dieses Wissen, dass in Ihren Augen glitzerte, war etwas zu viel. Vielleicht etwas zu ruppig entwandte ich ihr meinen Arm und stapfte in Richtung Zelte \u0001 \u0002 h\u00e4tte ich mir selber ins Gesicht schlagen k\u00f6nnen, f\u00fcr mein unprofessionelles Verhalten. Ich h\u00e4tte mich in der Situation durchsetzen m\u00fcssen und mir nicht die Bl\u00f6\u00dfe geben sollen, dass eine andere Person einfach so auf den Grund meiner Seele blicken konnte. Ich stie\u00df ein w\u00fctendes Knurren aus, fuchtelte, in einem Anfall von Hoffnungslosigkeit, wild mit den Armen herum und lie\u00df mich anschlie\u00dfend auf die Knie fallen. Wut auf mich selbst durchfuhr meine Nerven und Bauch. Alles in mir gl\u00fchte vor hell strahlender Unruhe, die sich immer weiter in meine Organe und schlie\u00dflich auch in Arme und Beine ausbreitete. Ich lie\u00df meinen Kopf in den Nacken fallen und starrte in den hellblauen Himmel hinauf. Die Sonne schien auf mein Gesicht nieder. Beinahe hatte ich schon das Gef\u00fchl mein Fleisch w\u00fcrde auf meine Knochen gebrannt werden, als ich meinen Kopf wieder nach vorne klappte und mein Kopftuch wieder zurechtzupfte, um meine Schultern und Sch\u00e4deldecke zu sch\u00fctzen. Meine Knochen knackten etwas, als ich aufstand, mich einmal streckte und dann mit einem m\u00f6glichst unbeteiligten Gesicht Richtung Pavillon ging. Daf\u00fcr musste ich an allen anderen vorbei, dessen fragende Blicke ich nur zu gut auf mich sp\u00fcren konnte. Stillschweigend werden sie aber akzeptieren, dass ich ihnen auf keine Frage eine Antwort geben \u0001 \u0002 f\u00fchrst dich auf wie ein pubertierendes M\u00e4dchen, schoss es mir durch den \u0001 \u0002 schob die Plane am Eingang zur Seite, um mich durch den schmalen Eingang zu schieben, als ich auch schon die Person im Inneren des Pavillons erblickte, die ich hier am wenigstens erwartet h\u00e4tte. Habib sa\u00df auf meinem Campingstuhl und starrte unbeteiligt die Plane auf dem Boden vor sich an. Damit die technischen Ger\u00e4te und Dokumente nicht durch den Sand zerst\u00f6rt wurden, war der Pavillon noch mit einer Bodenplane ausgestattet und die \u00dcberg\u00e4nge zwischen W\u00e4nde und Boden fast luftdicht versiegelt worden. Jeder achtete beim Betreten des Pavillons darauf, den Eingang nur kurz zu \u00f6ffnen und die Versieglung wieder halbwegs hinzubekommen. Unter dem Zeltstoff, das ungehindert der Sonneneinstrahlung ausgesetzt war, staute sich so ziemlich effektiv die Luft und es herrschte garantiert an die 50\u00b0C. Habib schwitzte sichtlich in seinem Dreiteiler, hatte aber weder die Krawatte gel\u00f6st, noch das Jackett ausgezogen. \u201eSie sollten sich \u00fcberlegen, ob Sie die Etikette sein lassen.\u201c, mit einer schwammigen Handbewegung wies ich ihn auf die Schwei\u00dfflecken unter seinem Arm und am Kragen hin. Er stie\u00df ein m\u00fcrrisches Schnauben aus: \u201eVielleicht ist es eh egal. Wom\u00f6glich feuern die mich, wer weiss das schon.\u201c Ich lehnte mich mit einem frischen Kaffee in der Hand an den Tisch, auf dem die Kaffeemaschine und das mobile Waschbecken standen. \u201eErnsthaft?!\u201c, vergewisserte ich mich: \u201eMan wird Sie daf\u00fcr verantwortlich machen, dass John abgest\u00fcrzt ist?\u201c\u201eIch bin auch f\u00fcr die Sicherheit aller Beteiligter verantwortlich, und das ist ein Arbeitsunfall.\u201c\u201eMit Sabotage!\u201c, warf ich ein: \u201eUnd wenn wir das HammerIndustries nachweisen k\u00f6nnen, ist doch alles gut.\u201c \u201eVersuchen Sie das mal.\u201c, jetzt griff er sich doch nach der Krawatte, l\u00f6ste den Knoten und \u00f6ffnete zwei Kn\u00f6pfe. Ich griff neben mich, zog eine \u0001 \u0002 Flasche Wasser aus einem Karton und warf sie ihm zu: \u201eIch hab Sie noch nie etwas trinken sehen, das sollten Sie \u00e4ndern.\u201c\u201eIhre Sorge ist schon fast r\u00fchrend\u2026resultiert aber wohl nicht aus ihren Schuldgef\u00fchlen, oder?\u201c, er grinste mich etwas angespannt an. Dar\u00fcber konnte ich jetzt nur noch den Kopf sch\u00fctteln: \u201eWieso glaubt das jeder?\u201c\u201eAuf mich machen Sie den Eindruck, als seien Sie eine sehr emphatische Person.\u201cEr richtete sich wieder auf, verstaute die Krawatte in seiner Aktentasche und lie\u00df die nicht angebrochene Wasserflasche einfach auf dem Tisch stehen. An dem Eingang machte er nochmal Halt und drehte sich zu mir um: \u201eAllerdings glaube ich auch, dass Sie charakterstark sind\u2026jedenfalls erwecken Sie den Eindruck. Aber beachten Sie, dass die Fische, mit denen Sie sich hier anlegen, sogar f\u00fcr manche erfahrene Fischer zu gro\u00df sind. St\u00fcrzen Sie nicht ins Wasser, da k\u00f6nnten sie ertrinken.\u201c Er zog sich nach drau\u00dfen \u0001 \u0002 Minuten sp\u00e4ter folgte ich seinem Beispiel und fand eine fast g\u00e4nzlich verlassene Grabungsst\u00e4tte vor. Die Polizei war schon wieder verschwunden und das Team stand in kleinen Gruppen neben der Grube zusammen. Gl\u00fccklicherweise flatterte wenigstens kein gelbes Absperrband hier herum, die Grube war also nicht abgesperrt, aber die Leiter fehlte. Ich sah mich nach Chris um, der mir eventuell weiter helfen k\u00f6nnte, als Sandra zu mir kam. \u201eChris ist mit Max in die Stadt gefahren.\u201c, teilte sie mir mit: \u201eSie holen eine neue Leiter.\u201c \u201eWir haben nur eine?\u201c, wollte ich irritiert wissen, woraufhin sie schulterzuckend nickte.\u201eNah gut. Haben die Polizisten noch irgendetwas gesagt?\u201c\u201eNur, dass sie gucken werden, was sie tun k\u00f6nnen, aber Luisa hat mir noch aufgetragen, dir etwas auszurichten; John hat wohl eine Versicherung abgeschlossen, dass er bei Verletzungen und Krankheit direkt zur\u00fcck nach Deutschland gebracht wird. Die Sanis fahren ihn zu einem UN St\u00fctzpunkt mit deutschen Sanit\u00e4tern. Dort wird er behandelt und schnellstm\u00f6glich in eine Milit\u00e4rmaschine nach Deutschland verladen. Sp\u00e4testens heute Nacht ist er wieder zuhause.\u201c\u201eUnd wir einer weniger\u2026\u201c\u201eWas machen wir jetzt?\u201c\u201eErstmal so weiter, aber vorsichtiger. Auch wenn ich das miese Gef\u00fchl habe, dass das noch nicht alles war, werden wir garantiert nicht weichen...\u201cSandra r\u00e4usperte sich leise: \u201eDann werden wir aber ein Problem mit den \u00e4gyptischen Arbeitern bekommen. Die haben ziemliche Angst und wenn noch etwas passieren sollte, schmei\u00dfen die garantiert.\u201c \u201eDas darf doch nicht wahr sein.\u201c, grummelte ich: \u201eAlles sah so aus, als w\u00fcrde es sich zum Besseren wenden. Nun gut, wo sind die \u00c4gypter? Ich rede mit ihnen.\u201cSandra deutete wortlos auf die Ansammlung von den Baustellentoiletten, hinter denen sie sich meistens zum Rauchen \u0001 \u0002 ich zu ihnen stie\u00df, erwarteten sie mich schon mit einem ablehnen Ausdruck in den Augen. \u201eMorgen Jungs.\u201c; begr\u00fc\u00dfte ich sie, da sie erst vor wenigen Minuten aufgetaucht waren. Sie erwiderten meinen Gru\u00df mit leichtem Kopfnicken, schwiegen aber. \u201eH\u00f6rt mal.\u201c, fing ich an: \u201eMir schmeckt das alles auch nicht, aber ihr wohnt hier und kennt die Probleme zwischen dem Antikenministerium und den ans\u00e4ssigen Firmen garantiert. Wenn wir die Relikte retten und HammerIndsustries eine auswischen wollen, d\u00fcrfen wir jetzt nicht aufgeben. Ich kann nat\u00fcrlich niemanden verbieten zu gehen und ich kann auch verstehen, wenn ihr es tut, aber ich bitte euch eindringlich, bleibt und helft uns. Denkt an all das Wissen, dass dort unten auf uns warten k\u00f6nnte...hier k\u00f6nnten die entscheidenden St\u00fccke liegen, um alles zu verstehen!\u201c Nacheinander musterte ich jeden einzelnen mit einem bittenden Blick, doch sie antworteten nicht. Stattdessen tauschten sie untereinander Blicke, die man nicht interpretieren konnte, bis schlie\u00dflich einer von ihnen mit gest\u00fcrzten Lippen \u0001 \u0002 einziger von ihnen verschwand an diesem Tag, oder an den folgenden. Luisa hielt sich \u00fcberraschenderweise von mir fern, arbeitete aber ganz professionell weiter. Die Folgen des Unfalls schwebten noch lange wie eine dunkle Wolke \u00fcber der Ausgrabungsst\u00e4tte, aber nach und nach zeichneten sich kleine und gro\u00dfe Erfolge ab, die die Stimmung betr\u00e4chtlich hob. Wir gruben uns immer mehr in die Tiefe, fanden weitere Puzzleteile, die sich allm\u00e4hlich zu einem Bild zusammensetzten. Vier S\u00e4ulen und ein Dach, die auf einem massiven Fundament standen, von dem wir gerade anfingen die Ecke auszugraben. In den anderen Bereich stellten sich die Anomalien im Untergrund ebenfalls als Kanten von einem Geb\u00e4ude heraus\u2026mit ziemlich sicherer Wahrscheinlichkeit lagerte unter unseren F\u00fc\u00dfen ein weit verzweicktes System von Geb\u00e4uden und G\u00e4ngen. In dem Moment, in dem das klar war kontaktierte Luisa Habib, der sich direkt mit einem Anwalt zu uns auf machte Nach nur vier Wochen hatten wir die Best\u00e4tigung; der Fund war herausragend genug, um die Ausgrabungen auf unbestimmte Zeit zu verl\u00e4ngern. Habib brachte mir das Schreiben pers\u00f6nlich vorbei. Als er den Pavillon betrat, in dem ich gerade mit Chris \u00fcber den Transportplan und das neue Personal br\u00fctete, wirkte er deutlich besser gelaunt, als das letzte Mal, als wir uns getroffen hatte.\u201eIch habe gute Neuigkeiten.\u201c, fing er direkt an: \u201eDas Gericht hat unserem Antrag zugestimmt. Wir d\u00fcrfen weiter graben.\u201c Chris stie\u00df ein lauter Freudeschrei aus und ich fiel ihm im n\u00e4chsten Moment um den Hals. Lachend zog er mich n\u00e4her an sich. \u201eIch hatte ja schon etwas Angst, dass es nicht klappt.\u201c, offenbarte er. Ich legte einen Finger auf seine Lippen: \u201eSag nichts weiter, es ist ja alles gut geworden.\u201c Er lie\u00df mich wieder los und musste sich \u2013tats\u00e4chlich- einmal \u00fcber die Augen wischen. Derweil nahm ich Habib den Briefumschlag ab und erkl\u00e4rte mit feierlicher Stimme: \u201eUnd ich hab weitere gute Nachrichten. Vielleicht haben wir die M\u00f6glichkeit, HammerIndustries eine auszuwischen\u2026oder wenn m\u00f6glich sogar noch mehr.\u201c Chris betrachtete mich ziemlich perplex. Vielsagend zwinkerte ich ihm zu: \u201eAls John damals in die Grube gest\u00fcrzt war, hatte mich am Abend ein Oberstleutnant der deutschen Armee kontaktiert. Er ist der rangh\u00f6chste Soldat der Deutschen hier in Kairo und war f\u00fcr den Abtransport von John zust\u00e4ndig gewesen. Die beiden kannten sich wohl noch von fr\u00fcher und John hat ihm erz\u00e4hlt, was hier alles passiert ist\u2026zum Gl\u00fcck. Dabei kam n\u00e4mlich raus, dass die International Labour Organisation, also die ILO, schon lange ein Auge auf HammerIndustries geworfen hat, da sie bef\u00fcrchtet, dass die Firma in den Entwicklungsl\u00e4ndern die Rechte der Arbeiter verletzt, obwohl sie vertraglich daran gebunden sind, sie zu achten, zu sch\u00fctzen und zu unterst\u00fctzen. Auch wenn noch nichts davon an die Presse gedrungen ist, will die ILO wohl schon bald vor den Internationen Gerichtshof in Den Haag ziehen. Und ich denke mal, wenn wir denen noch ein paar mehr Beweise liefern, sind sie nicht b\u00f6se drum.\u201cSp\u00e4ter, genau genommen am Nachmittag, wartete ich frisch geduscht und in schwarzer Jeans und Bluse gekleidet am Ausgang des Ausgrabungsgebiets. Das Taxi, das ich mir zuvor gerufen hatte, kam auf die Minute p\u00fcnktlich und brachte mich innerhalb einer Viertelstunde nach Kairo City, wo HammerIndustries ein B\u00fcrogeb\u00e4ude hatte. Ich zahlte den Fahrer, stieg aus und meldete mich bei der Secuity vor der Eingangst\u00fcr. Er bestand darauf, meine Tasche kurz zu durchsuchen und ich musste durch einen Metalldetektor gehen. Anschlie\u00dfend erwartete mich im Foyer eine adrette junge Frau mit hochgesteckten blonden Haaren, die mich mit einem h\u00f6flich distanzierten L\u00e4cheln begr\u00fc\u00dfte. Sie deutete auf den linken Bereich des Foyers, in dem sich eine breit angelegte Treppe in die H\u00f6he schraubte. Im ersten Stock konnten wir in einen Fahrstuhl einsteigen, der uns innerhalb von wenigen Augenblicken in die oberste Etage brachte. Die Frau f\u00fchrte mich dann zu dem B\u00fcro von Shaheen, das auf der Nordseite des Geb\u00e4udes lag. Die rechte Seite des Korridors war komplett mit Glas verkleidet und bot so einen guten Blick auf die Stadt. Der Boden war mit hellem Paket ausgelegt und an den W\u00e4nden hingen viele halbwegs bekannte Gem\u00e4lde, die gesch\u00e4tzt zusammen etwa \u0001 \u0002 Dollar gekostet haben. In einer Sitzecke, an der wir vorbeikamen stand ein, mir sehr bekanntes \u0001 \u0002 passend dachte ich bei mir.\u201eHier ist.\u201c, sagte die Frau in dem Moment und deutete auf eine breite Fl\u00fcgelt\u00fcr aus hellem Holz: \u201eDer Herr erwartet sie.\u201c Damit verschwand sie auch schon wieder. Ich konnte mich nicht sofort dazu durchringen, gegen die T\u00fcr zu klopfen\u2026ich wusste, wo ich mich befand; gewisserma\u00dfen in der H\u00f6hle der L\u00f6wen, der bereits bewiesen hat, dass er gef\u00e4hrlich werden kann. Sachte hob ich meine Hand und klopfte zaghaft mit den Fingerkn\u00f6cheln auf das T\u00fcrblatt. \u201eHerein.\u201c, erklang sogleich die Stimme des Mannes, den ich eigendlich nicht mehr zu Gesicht bekommen wollte. Die massive T\u00fcr schwang leicht auf, sobald ich die T\u00fcrklinke hinunterdr\u00fcckte. Das B\u00fcro, das sich dahinter erstreckte, war weitl\u00e4ufig und geschmackvoll eingerichtet. Wie das meiste in diesem Geb\u00e4ude waren die Schr\u00e4nke und der gro\u00dfe Schreibtisch cremewei\u00df, nur der dicke Teppich und die hellbraunen Ledersessel auf der linken Seite brachten dem Raum etwas Farbe. \u00c4hnlich schon wie der Flur war eine Wand durch eine Fensterfront ersetzt und man f\u00fchlte sich garantiert wie ein junger Gott, wenn man dort stehen und die Stadt von oben herab betrachten konnte. \u201eMs Duncan\u2026ich freue mich, dass Sie hier sind.\u201c Er tauchte von rechts auf. Mit einem gewieften L\u00e4cheln reichte er mir die Hand und bedeutete mir, mich auf dem Stuhl vor dem Schreibtisch niederzulassen. \u201eAber es \u00fcberrascht mich auch, dass Sie nach ihrer klaren Abfuhr mir gegen\u00fcber \u00fcberhaupt noch hier auftauchen.\u201c Er lie\u00df sich mir gegen\u00fcber auf seinen Schreibtischstuhl sinken, \u00fcberschlug seine Beine und lehnte sich etwas zur\u00fcck. Sein stechender Blick schien mich zu durchbohren. Ich stellte meine Tasche auf meinen Knien ab und holte einen versiegelten Briefumschlag hervor. Ich hielt sie ihm entgegen, aber als er danach greifen wollte, zog ich meine Hand wieder zur\u00fcck. \u201eDieses Schreiben d\u00fcrfte sehr interessant f\u00fcr Sie sein.\u201c, erl\u00e4uterte ich: \u201eEs erlaubt dem Antikenministerium die Verl\u00e4ngerung der Ausgrabungszeit \u00fcber die acht Wochen hinaus\u2026\u201c Shaheens Kiefermuskulatur verh\u00e4rtete sich. \u201eAus meinem Team weiss noch keiner, dass der Brief \u00fcberhaupt existiert und wenn ich ihnen sage, dass der Antrag abgelehnt wurde, werden sie schneller die Zelte abbrechen, als Sie Aufwandsentsch\u00e4digung aussprechen k\u00f6nnen.\u201c\u201eJetzt bieten Sie mir also einen Deal an?\u201c\u201eSo ungef\u00e4hr\u2026\u201c, ich legte den Umschlag auf der Tischkannte ab und stellte meine Tasche wieder auf dem Boden ab. Shaheen stie\u00df ein Seufzen aus: \u201eAn was haben Sie da so gedacht?\u201c\u201eWas sind Sie bereit zu geben?\u201c\u201eDarf ich Ihnen etwas erz\u00e4hlen?\u201c, wechselte er ganz unvermittelt das Thema. Mit einer Handbewegung forderte ich ihn dazu auf. Der Berater fuhr sich \u00fcber die ergrauten Haare, erhob sich dann und trat an die Fensterfront heran. \u201eIch weiss nicht, ob Sie schon mal in Kontakt mit einem reichen Unternehmer standen, aber eins kann ich Ihnen sagen; es ist nicht sch\u00f6n. Die meisten sind kalte Arschl\u00f6cher, ohne Gef\u00fchle oder Gewissen. Sie haben viel und wollen noch weiter hinauf, dabei ist Ihnen jedes Mittel Recht. Und als ihr Berater muss man Dinge tun, die man nie wollte\u2026und allem voran muss man lernen Menschen zu lesen\u201c W\u00e4hrend er erz\u00e4hlte hatte er sich in Bewegung gesetzt und den Schreibtisch umrundet, um jetzt direkt vor mir stehen zu bleiben. Bevor ich \u00fcberhaupt reagieren konnte, hatten seine Finger den Weg an den Kragen meiner Bluse gefunden und griff hinein. Protestierend schrie ich auf, aber es war schon zu sp\u00e4t. Er zog das kleine Mikrophon mitsamt Kabel und Aufnahmeger\u00e4t hervor. Schwach l\u00e4chelte er mich an: \u201eIn dem Moment, indem Sie mein B\u00fcro betreten hatten, war klar, dass das eine Falle werden sollte. Wobei Sie echt gut geschauspielert haben\u2026nur kann man Ihnen die Rolle einfach nicht abkaufen, daf\u00fcr waren Sie zuvor zu deutlich. Sie sind ein Mensch, der f\u00fcr kein Geld auf der Welt seine Vorstellungen und moralischen Richtlinien aufgibt. Und das respektiere ich.\u201c Er f\u00fchrte das Mikrophon nah an seinen Mund und sprach laut und deutlich hinein: \u201eIch kann und werde der ILO alle belastenden Dokumente \u00fcber HammerIndustries \u00fcbergeben und mich vor dem Internationalen Gerichtshof verantworten, ebenso wie ich Franklin an Messer liefern kann.\u201cIch konnte nicht richtig reagieren, einfach nur dasitzen und etwas paralysiert zu Shaheen hinauf zu starren. Er st\u00f6pselte w\u00e4hrenddessen seelenruhig das Mikrophon aus und reichte mir dann das Aufnahmeger\u00e4t. \u201eBei dem, was ich hier sehen musste, kann einem schon schlecht werden.\u201c, er seufzte: \u201eManche kommen damit klar\u2026ich wohl nicht.\u201c \u201e\u00c4hm, okay. Das war ziemlich \u00fcberraschend.\u201c, merkte ich an. Dann stand ich auf, sammelte den Brief wieder ein und nahm das Ger\u00e4t entgegen. \u201eSie t\u00f6ten mich jetzt aber nicht, wenn ich das Geb\u00e4ude verlasse, oder?\u201c Er sch\u00fcttelte den Kopf: \u201eUnd ich werde mich auch nicht aus dem Staub machen.\u201c\u201eDann ist ja alles gut. Auf Wiedersehen.\u201c, inzwischen doch schon etwas gefasster konnte ich das B\u00fcro \u0001 \u0002 auf der Stra\u00dfe wartete eine schwarze Limousine, vor der Oberstleutnant Jones wartete. \u201eDas war eins sehr faszinierendes Treffen.\u201c, ich hielt ihm das Ger\u00e4t unter die Nase: \u201eAber ich glaube, Sie haben alles. Und ich hoffe, ich kann jetzt gehen\u2026\u201c Jones deutete auf die Stra\u00dfe: \u201eBitte, bitte.\u201c Ich schulterte meine Handtasche, nickte Jones zu und schlenderte mit einem L\u00e4cheln Richtung Innenstadt davon.",
            "wordcount": "12.487",
            "chapter_release": "24.03.2018",
            "chapter_number": "1"
        }
    },
    "title": "Turn back the clock (Staffel 1)",
    "topic": "unspecified",
    "release": "\n24.03.2018\n\t\t\t\t\t\t",
    "author": "EmmyFuchs"
}