{
    "tags": [],
    "chapcount": "14",
    "wordcount": "13.877",
    "chapters": {
        "1": {
            "text": "Sonne. Sand. Hitze. Weit und breit keine einzige Wolke zu sehen. Laurie musste \u0001 \u0002 einen Urlaub w\u00e4re es hier nahezu perfekt. Sie schaute sich ersch\u00f6pft um. So viele Menschen, die sie zur\u00fccklassen mussten. Zu viele Menschen mussten bereits sterben und es werden nicht die letzten \u0001 \u0002 war so warm, die Sonne prallte auf ihre Haut, der Schwei\u00df rann ihr an den Schl\u00e4fen hinunter und ihr schmerzendes Bein machte sich langsam wieder bemerkbar. Wie lange wird sie noch durchhalten? Schwindelnd setzte sie sich in den feinen Sand und vergrub ihre Finger darin. Sie musste trinken, doch das konnte sie nicht. Ihre Flasche war bald leer und viel w\u00fcrde sie nicht mehr bekommen. Pl\u00f6tzlich h\u00f6rte sie seine sanfte und doch dr\u00e4ngende Stimme hinter sich erklingen.\u201eLaurie, steh auf! Du musst weitergehen, wir haben keine Zeit zum Ausruhen, wir m\u00fcssen weiter. Schnell!\u201c",
            "wordcount": "142",
            "chapter_release": "12.09.2013",
            "chapter_number": "1"
        },
        "10": {
            "text": "Fragend blickte Laurie Shane an, doch eine Erkl\u00e4rung bekam sie erst einmal nicht. Shane zog Laurie einfach mit sich durch den Sand. Der Himmel war mit rosa Schleierw\u00f6lkchen bedeckt, da die Sonne gerade erst ihren Lauf zum Himmel hinauf begann, doch es war schon wieder fast unertr\u00e4glich warm. Bei diesem st\u00e4ndigen Temperaturenwechsel w\u00fcrden sie alle noch irgendwann einen Koller kriegen, dachte Laurie. Ben und die Freundin von Blondi standen ein paar Meter entfernt und warteten auf eine Ansage von Shane. Blondis bessere H\u00e4lfte schluchzte unaufh\u00f6rlich vor sich hin und konnte sich kaum noch auf den Beinen halten, sodass Ben sie st\u00fctzen musste. Laurie blickte noch einmal zu Shane, der jedoch nicht mehr neben ihr zu sehen war. Er gestikulierte wild mit seinen Armen, w\u00e4hrend er mit Ben sprach. Laurie humpelte langsam zu der kleinen Gruppe hin, um etwas davon mit zu bekommen, was geredet wurde und vor allem, um rauszufinden, was mit Blondi passiert ist. \u201eWir m\u00fcssen dringend etwas finden woran wir uns orientieren k\u00f6nnen, irgendwas\u201c, kam es von Shane. \u201eWie sollen wir sonst jemals hier raus finden? Vielleicht laufen wir auch die ganze Zeit im Kreis. So kommen wir einfach nicht weiter.\u201c Verzweifelt sch\u00fcttelte er den Kopf, w\u00e4hrend das M\u00e4dchen immer noch weinte. \u201eLasst uns doch einfach irgendwas in den Sand malen. Regnen tut es hier ja scheinbar sowieso nicht und Wind existiert wohl auch nicht\u201c, sagte Laurie. Jetzt erst bemerkten die anderen ihre Anwesenheit und schauten sie nachdenklich an. Ohne auf eine Antwort abzuwarten begann Laurie mit ihrem verletzten Bein den Sand so lange zu streifen, bis sich ein Symbol entwickelte. \u201eWas ist das?\u201c, fragte das M\u00e4dchen, w\u00e4hrend sie ihre Nase ger\u00e4uschvoll hochzog. \u201eDas Zeichen von dem Lieblingsbuch meines Vaters. Es ist das erste was mir eingefallen ist.\u201c Schulternzuckend wandte sich Laurie ab und lief schon einmal los, und zog somit die anderen mit sich. Shane trat sofort an ihre Seite, lie\u00df sie jedoch alleine versuchen zu laufen. \u201eVielleicht sollten wir das Symbol immer wieder in den Sand ziehen, damit wir mehrere Orientierungspunkte haben\u201c, sagte Shane an Laurie gewandt. Laurie nickte nur stumm. Ihre Gedanken waren l\u00e4ngst bei ihren Eltern angelangt. Wie sehr ihr Vater dieses Buch verg\u00f6ttert hatte, als w\u00e4re es ein wichtiger Teil seines Lebens, als w\u00fcrde darin seine Lebensphilosophie stehen und Antworten auf Fragen, die man sonst nirgendwo f\u00e4nde. Selbst ihre Mutter wusste nicht recht, was dort drin stand. Niemand au\u00dfer ihm durfte es auch nur wagen, daran zu denken, es anzufassen, geschweige denn es aufzuschlagen. Es war wie sein Baby, welchem niemand ein Haar kr\u00fcmmen durfte. Wo es wohl nach dem Unfall hingekommen war? Zu gerne w\u00fcrde sie es lesen, um einen Teil seines Lebens, das sie noch nicht kannte, erfahren zu k\u00f6nnen. Eine G\u00e4nsehaut \u00fcberkam sie, als ihr mal wieder bewusst wurde, dass sie manche Dinge wohl niemals mehr erfahren w\u00fcrde. Niemals mehr w\u00fcrde sie ihren Vater in dem Buch lesen sehen oder ihre Mutter dabei beobachten k\u00f6nnen, wie sie heimlich das Buch abstaubte, wenn es mal zu lange an ein und demselben Ort lag und Staubflocken abwarf. Das alles war Vergangenheit. Shane beobachte wie still Laurie geworden war, fragte jedoch nicht nach dem Grund ihres Schweigens. Nach einer Weile stellte er jedoch fest, wie ihr Tempo von Zeit zu Zeit immer gesunken war. \u201eLaurie?\u201c, sagte er leise, sodass sie nicht zu abrupt aus ihren Gedanken gezogen wurde. Langsam kehrte Laurie wieder in die Gegenwart zur\u00fcck und bemerkte schnell, was los war. N\u00e4mlich dass sie ganz und gar nicht schnell war. \u201eTut mir leid, ich kann einfach nicht mehr. Mein Bein f\u00fchlt sich an, als w\u00e4re es aus Blei.\u201c Schuldbewusst schaute sie zu ihm. Er schaute sie mit einem warmen Blick an und gab ihr mit einer Handbewegung zu verstehen, dass sie stehen bleiben sollte. Er stellte sich vor sie und b\u00fcckte sich etwas. \u201eKomm, steig auf\u201c, sagte er, wobei man das breite L\u00e4cheln an seiner Stimme h\u00f6ren konnte. Misstrauisch schaute sie auf seinen R\u00fccken. \u201eIst das dein Ernst?\u201c, fragte sie, wobei sich ein L\u00e4cheln auf ihr Gesicht stahl. \u201eStell dir einfach vor ich w\u00e4re ein Hippogreif oder wie der komische Vogel nochmal hie\u00df\u201c, erwiderte er blo\u00df. Lachend, \u00fcber seine Bemerkung, sprang sie auf seinen R\u00fccken. \u201eKannst du dann auch fliegen? Das w\u00e4re n\u00e4mlich echt cool, dann w\u00fcssten wir auch endlich, wie wir hier rauskommen.\u201c Shane schmunzelte. \u201eWer wei\u00df was noch kommt? Du glaubst doch an das Unm\u00f6gliche, wieso dann nicht auch daran, dass ich in den Himmel aufsteige und wir hier hinaus finden? Festhalten bitte!\u201c, sagte er wie ein Zugschaffner. \u201eWas ist mit Blondi passiert?\u201c, fragte Laurie nach einem langen Moment der Stille leise, damit Ben und das M\u00e4dchen sie nicht h\u00f6ren konnten. Shane schluckte kurz bevor er antwortete. \u201eDrakes Anh\u00e4nger m\u00fcssen sie geholt haben, w\u00e4hrend wir geschlafen haben. Wahrscheinlich findet er es lustig, uns verhungern und verdursten zu lassen, w\u00e4hrend wir dar\u00fcber gr\u00fcbeln, was er gerade mit Stacie, oder wie du sie nennst \u201aBlondi\u2018, anstellt.\u201c Sofort schlang Laurie ihre Arme fester um Shanes Hals, als k\u00f6nne sie durch diese Antwort herunter fallen. \u201eHey Laurie, so etwas wird nicht wieder vorkommen. In Null Komma nichts sind wir hier raus und in Sicherheit. Dir wird nichts passieren, Ben und Kate wird nichts passieren und mir auch nicht. Und dann kommen wir im Internat an und alles wird wieder normal.\u201c Laurie wusste dass er das nur sagte, damit sie keine Angst hatte, aber es war keine Tatsache. Anscheinend konnte Shane ja doch von etwas anderem sprechen, als Fakten. \u201eSeidenschnabel, bring uns hier heil wieder raus\u201c, fl\u00fcsterte sie. Shane drehte den Kopf ein wenig zur Seite. \u201eHast du was gesagt?\u201c \u201eSchon gut\u201c, sagte sie l\u00e4chelnd. \u201eIch hoffe einfach nur, dass wir rechtzeitig hier hinaus finden. Und normal wird schon gar nichts, ich komme auf eine neue Schule, schon vergessen?\u201c Damit legte sie ihr Kinn von hinten auf Shane\u2019s Schulter und blickte einfach ins Nichts. Der ganze Tag lief so vor sich hin. Reden, Schweigen, Trinken, Essen, Laufen, oder in Laurie\u2019s Fall sitzen, und wieder reden und wieder schweigen. Als es zu d\u00e4mmern begann erschien jedoch in der Ferne etwas ungew\u00f6hnliches f\u00fcr diese gleichbleibende Landschaft. Ein orangenes Licht. Laurie\u2019s Kopf schnellte von Shanes Schulter hoch. \u201eDa ist etwas! Ein Licht! Shane siehst du das?!\u201c Nerv\u00f6s und gespannt wackelten Lauries Beine in der Luft herum, w\u00e4hrend sie ungeduldig auf Shanes Reaktion wartete. \u201eMeinst du die Sonne, die langsam untergeht? Die ist schon die ganze Zeit da\u201c, witzelte er. Doch dann erblickte auch er, was Laurie sah und verstummte. Sie sprang von seinem R\u00fccken auf den Sand, wobei sie unsanft hinein plumpste. Sie rappelte sich direkt wieder hoch und wedelte mit den Armen zu den zwei anderen Jugendlichen. \u201eBen! Kate! Schaut doch!\u201c Ihr Arm streckte sich in die Richtung des Lichts, w\u00e4hrend Laurie die Beiden m\u00fcde schauenden Teenager erwartungsvoll anblickte. Ben zog seine Augenbraue hoch, als sei Laurie verr\u00fcckt geworden und Kate starrte einfach weiter auf den Boden. \u201eLeute, sagt mal begreift ihr nicht, dass da irgendwas ist, was nicht in eine einsame W\u00fcste geh\u00f6rt? Vielleicht ist das der Ausgang!\u201c, rief Laurie. Sie rannte einfach los, was sich als schwieriger erwies als sie dachte. Der Sand gab dauerhaft nach und ihre Wunde meldete sich nach wenigen Schritten sofort wieder. Schei\u00df Kugel, warum konnte die nicht einfach an ihrem Bein abprallen, so wie bei Superman? Shane holte sie mit Leichtigkeit ein. \u201e Laurie! Jetzt versuch doch nicht zu rennen, dann brauchst du nur noch l\u00e4nger.\u201c Er schmunzelte w\u00e4hrend er neben ihr herlief. \u201eDas mysteri\u00f6se Licht wird auch gleich noch da sein. Beruhig dich doch mal.\u201c Aber Laurie dachte gar nicht daran sich zu beruhigen. Dahinten war der Funken Hoffnung, den sie dringend brauchte und sie war kurz davor ihn zu erreichen. Die Hoffnung gab ihr Kraft. So ging sie weiter und weiter und das Licht kam n\u00e4her und n\u00e4her. Desto n\u00e4her sie kam, umso mehr erkannte sie auch, was dort hinten war. Ein Feuer. Irgendjemand musste ein Feuer gemacht haben. Das hie\u00df es gab noch mehr Menschen in diesem Labyrinth aus Sand. Vielleicht wussten sie, wie man hier rauskam oder hatten wenigstens etwas mehr Proviant als sie selbst und teilten es mit ihnen. Bald erkannte sie, dass zwei Leute zu den vier Teenagern gewandt standen und sie anstarrten. Instinktiv griff Laurie nach Shanes Hand. Er verschr\u00e4nkte seine Finger mit ihren und so gingen sie mit Ben und Kate hinter sich zu den Zweien, die sich als ein Mann und eine Frau mittleren Alters herausstellten. Mittlerweile winkten sie ihnen zu, um zu signalisieren, dass sie ihnen nichts B\u00f6ses wollten. \u201eWie viele seid ihr?\u201c, rief eine unbekannte Stimme den Jugendlichen zu. Ohne abzuwarten, welche Antwort sie erwartete, rannte die Frau ihnen entgegen. Sie hielt irgendwas in den H\u00e4nden, was noch nicht erkennbar war. Erkennbar war nun aber, dass rund um das Feuer ein Zelt aufgeschlagen war. Wieso um alles in der Welt wollte hier jemand zelten? Die Frau war jetzt nur noch wenige Meter entfernt und hielt eine Tafel Schokolade und eine Wasserflasche in die H\u00f6he. Shane dr\u00fcckte Lauries Hand fester. War das endlich ihre Rettung?",
            "wordcount": "1.499",
            "chapter_release": "12.09.2013",
            "chapter_number": "10"
        },
        "11": {
            "text": "\u201eWir hatten mit mehr von euch gerechnet\u201c, sagte die unbekannte Frau w\u00e4hrend sie den vier Jugendlichen etwas Brot hinhielt. Erst nachdem sie unmengen Wasser in sich hinein gekippt hatten, wurde ihnen bewusst wie ausgetrocknet sie eigentlich waren. Genauso wie die K\u00e4lte, die diesen Abend umgab, erst durch das warm knisternde Feuer deutlich wurde. Laurie hielt ihre H\u00e4nde ausgestreckt vor das Feuer w\u00e4hrend die anderen Drei ihre Brote hinunter schlangen. \u201eWieso haben Sie \u00fcberhaupt mit uns gerechnet? Was machen Sie hier? Wissen Sie wie man hier hinaus kommt?\u201c Shane hielt Laurie seine Hand vor den Mund. \u201eTief ein und ausatmen, bombadier die Frau doch nicht mit deinen Fragen. Iss lieber mal was.\u201c Er brach ihr etwas Brot ab und hielt es ihr hin. Z\u00f6gernd nahm sie das St\u00fcck Brot und knabberte darauf herum, w\u00e4hrend sie auf ihre Antworten wartete. Die Frau r\u00e4usperte sich, bevor sie sprach. \u201eErst einmal k\u00f6nnt ihr mich gern duzen, ich bin Rose und der, der gerade eure Zelte aufstellt hei\u00dft Rob und ist mein Mann.\u201c Sie l\u00e4chelte bei diesen Worten ihren Mann an und sprach dann weiter. \u201eZu deiner n\u00e4chsten Frage: mittlerweile hat es sich rumgesprochen, dass ein Rosenberg Express nicht sein Ziel erreicht hat. Wir wurden dazu beauftragt euch zu suchen, was sich in einer W\u00fcste als nicht besonders einfach erweist. Ihr habt uns echt eine Menge M\u00fchen erspart, in dem ihr zu uns gekommen seid.\u201c Sie lachte kurz. \u201eUnd somit zu deiner letzten Frage, bl\u00f6derweise ist unser Kompass abhandengekommen, jedoch hoffe ich dass unser Ged\u00e4chtnis gut genug ist, dass wir uns erinnern wie wir hier rauskommen.\u201c Laurie starrte sie fassungslos an. Da sind Leute geschickt worden, um uns hier rauszuholen und haben ihren verdammten Kompass verloren?! \u0001 \u0002.\u0001 \u0002.\u0001 \u0002.Leuten? Laurie stand auf und wandte sich ab. \u201eIch, \u00e4hm, gehe mir schon einmal das Zelt anschauen.\u201c Da muss ich ja anscheinend l\u00e4ngere Zeit drin verbringen als mir lieb ist, dachte sie ver\u00e4rgert. In dem einen Moment als Rose aufh\u00f6rte zu sprechen, hatte sich ihre ganze Hoffnung in Luft aufgel\u00f6st. Sie stapfte den Sand entlang zu einem der drei Zelte und kletterte hinein. Immerhin war es ganz gem\u00fctlich, der Untergrund war ja nicht der h\u00e4rteste. Sie machte es sich in dem ausreichend gro\u00dfen Zelt gem\u00fctlich und starrte an die Decke. Irgendwie w\u00e4re es ja sch\u00f6ner, wenn es gar keine Decke g\u00e4be. Unter offenem Sternenhimmel zu schlafen, hatte ihr gefallen, abgesehen von der eisigen K\u00e4lte, die jede Nacht umgab nat\u00fcrlich. Aber noch mehr w\u00fcrde es ihr gefallen, wenn sie endlich wieder Steinboden unter den F\u00fc\u00dfen sp\u00fcren k\u00f6nnte und sie nicht mehr das Gef\u00fchl haben musste nach ein paar Metern schon wieder eine Pause einlegen zu m\u00fcssen, weil jemand in ihr Bein geschossen hatte. Pl\u00f6tzlich h\u00f6rte sie ein Rascheln am Zelt. Rasch setzte sie sich auf und blickte zum Eingang des Zeltes. Ein Kopf streckte sich ins Innere des Zeltes. Ohne ein Wort zu sprechen betrat Shane das Zelt und setzte sich neben sie. Er sah sie kurze Zeit einfach nur an, bevor er etwas sagte. \u201eAlles wird wieder gut, okay? Wenn jemand die Beiden geschickt hat, wissen die auch ohne Kompass, wie sie uns hier hinaus bekommen. Wir haben was zu essen, k\u00f6nnen mit Decken und Kissen schlafen, naja obwohl es f\u00fcr mich kein Problem darstellte, unter dem Sternenhimmel neben dir einzuschlafen\u201c, er grinste sie an. \u201e\u00c4h wo war ich noch einmal? Ach ja, wir haben was zu trinken und du musst nicht mehr in der Mittagshitze durch die Gegend humpeln, obwohl ich dich auch gerne weiterhin getragen h\u00e4tte. Warte mal, so schlimm fand ich es gar nicht. Au\u00dfer nat\u00fcrlich dass wir auf der Flucht vor einem Verr\u00fcckten mit einer Waffe waren. Mit dir erschien mir das alles aber gar nicht so schlimm.\u201c Er entlockte ihr ein kleines, fl\u00fcchtiges L\u00e4cheln. \u201eVerlier die Hoffnung nicht. Rose und Rob f\u00fchren uns hier raus. Und wenn nicht, dann schaffen wir das halt alleine, bis zu ihnen haben wir auch gefunden, warum dann nicht zum Ausgang? Und solange du keine Hoffnung mehr hast, hoffe ich f\u00fcr uns beide zusammen.\u201c Er beugte sich vor und dr\u00fcckte Laurie fest an sich. Sie hielt sich einen Moment lang an ihm fest. Dann erklang Rose Stimme von drau\u00dfen. \u201eEs gibt jetzt richtiges Essen, ihr seht schon total abgemagert aus. Kommt hinaus, wir haben mit Campingfutter ausgesorgt.\u201c Shane gab ihr einen fl\u00fcchtigen Kuss auf die Stirn und \u00f6ffnete dann das Zelt, um hinaus zusteigen. \u201eShane?\u201c, erklang Lauries belegte Stimme hinter ihm. Er drehte sich noch einmal mit hochgezogenen Augenbrauen zu ihr um. Im Dunkeln leuchteten seine Augen, wie ein Licht an dem man sich orientieren konnte. Und genau als das, sah Laurie ihn momentan auch an. Jemand, an dem sie sich festhalten, sich orientieren konnte. \u201eDanke\u201c, brachte sie nur heraus und l\u00e4chelte ihm zaghaft zu. Er nickte ihr noch einmal zu und verschwand drau\u00dfen in der Dunkelheit. Nach dem Essen sa\u00dfen alle Sechs zusammen rund um ein neu entfachtes Feuer. Es f\u00fchlte sich fast wie auf einer Klassenfahrt am Lagerfeuer an, nur dass unter denen niemals ein Mensch sa\u00df, der ihr auch nur ann\u00e4hernd etwas bedeutete. \u201eIch hoffe euch geht es nun ein bisschen besser\u201c, sagte Rose mit einem schlichten L\u00e4cheln. \u201eMorgen werden wir uns auf den Weg zum Ausgang machen, bis dahin solltet ihr euch verhalten, als w\u00e4rt ihr auf einer sch\u00f6nen Reise. Rob und ich stehen euch den ganzen Abend zur Verf\u00fcgung, aber erst m\u00fcsst ihr uns mal etwas \u00fcber euch erz\u00e4hlen.\u201c Sie legte ihre H\u00e4nde in ihren Scho\u00df und wartete.\u201eOkay, also ich bin Ben und Laurie sagt, dass meine Stimme wie ein Kontrabass klingt. Wo wir gerade bei Laurie sind, sie sollte die Neue an unserer Schule sein. Au\u00dferdem sagt sie oft, was sie denkt und starrt dauert in der Gegend rum.\u201c Ben fing sich einen Schlag von Laurie auf dem Oberarm ein, w\u00e4hrend der vor sich hin grinste. \u201eVergiss nicht, dass sie auf einen zwei Jahre \u00e4lteren Typen steht, der sich auch an diesem Lagerfeuer befindet\u201c, kam es von Kate, die sich nun auch in das Gespr\u00e4ch einband. Lauries Wangen err\u00f6teten leicht. Shane lachte blo\u00df und legte seinen Arm um Lauries Schulter. Nun mischte er sich auch ins Gespr\u00e4ch. \u201eEs befinden sich auch noch andere Menschen am Lagerfeuer und ihr k\u00f6nnt nur ununterbrochen von Laurie reden, also ehrlich. Was ist mit dir und Rob? Wollt ihr nicht erz\u00e4hlen, was euch dazu verschlagen hat in einer W\u00fcste auf die Suche nach verschollenen Teenagern zu gehen?\u201c Rob machte schon den Mund auf um zu antworten, als die harmonische Stimmung am Feuer durch ein ohrenbet\u00e4ubendes Ger\u00e4usch gest\u00f6rt wurde. \u00dcber ihnen flog ein Hubschrauber. Eine Stimme erklang durch einen Lautsprecher: \u201eWenn ihr leben wollt, rennt.\u201c Danach ein schallendes Gel\u00e4chter als man h\u00f6rte wie der Hubschrauber n\u00e4her kam und ein Maschinengewehr zu ihnen hinunter schoss. Drake. \u201eAuf den Boden\u201c, fl\u00fcsterte Rob den anderen zu. \u201eMir nach.\u201c Er krabbelte im Sand auf Roses und sein Zelt zu, w\u00e4hrend die anderen ihm folgten. Kate schien gleich wieder einen Zusammenbruch zu erleiden als sie sich im Sand zusammenkauerte und dort wie eine zusammengerollte Kugel liegen blieb. Ben und Shane zogen sie mit in Richtung Zelt. Dort angekommen befahl Rob den anderen sich zu ihm ins Zelt zu quetschen. Er selbst nahm irgendeine Tasche, von der keiner wusste, was sich in dieser befand und krabbelte aus dem Zelt. \u201eWartet hier\u201c, sagte er bestimmt. Rose war mittlerweile bei ihnen im Zelt angekommen und blieb ruhig neben ihnen sitzen. Kurze Zeit sp\u00e4ter wurde irgendetwas in den Sand abgeworfen, man h\u00f6rte nur vereinzelt einen Knall, wie bei einem Chinab\u00f6ller. Dann breitete sich eine erdr\u00fcckende Stille aus. Keine Gewehre, kein Hubschrauber, kein Rob. Das Atmen der F\u00fcnf, wie sie auf etwas warteten, wovon keiner wusste auf was, war das einzige h\u00f6rbare Ger\u00e4usch. Laurie starrte Rose an, wartete auf irgendeine Reaktion, doch nichts geschah. Ein Rascheln vor dem Zelt. Ist Drake hier gelandet, fragte sich Laurie. Und wo war Rob? Was hatte er vorgehabt? Eine Bewegung am Zelt, das Zelt bewegte sich. Ein Keuchen. Der Verschluss des Zeltes wurde ge\u00f6ffnet. Ein Mann kam zum Vorschein. \u201eIhr k\u00f6nnt raus kommen, es ist doch viel zu eng da drin f\u00fcr so viele Leute. Das ist f\u00fcr zwei gedacht, nicht f\u00fcr f\u00fcnf.\u201c Ein angestrengtes L\u00e4cheln breitete sich auf dem Gesicht aus. Rob. Ein breites L\u00e4cheln erschien auf Roses Gesicht und sie fing tats\u00e4chlich an zu lachen. Sie ging auf allen Vieren zu ihm hin\u00fcber und gab ihm einen Kuss auf die Lippen. \u201eIch liebe dich so.\u201c Sie folgte ihm aus dem Zelt. Die Jugendlichen schauten sich verwirrt an. Was war hier eigentlich gerade passiert? Kate versuchte tief durch zu atmen und lies sich nach hinten fallen. \u201eDas ist doch alles total verr\u00fcckt! Wie ein durchgeknallter Traum, ein sehr durchgeknallter Traum!\u201c Dann fing auch sie anzulachen. Ben folgte ihrem Beispiel und so sa\u00dfen die Vier eine Zeit lang in einem Zwei-Mann-Zelt und lachten \u00fcber, naja \u00fcber alles. Es schien als h\u00e4tte Laurie, auf verr\u00fcckte Art und Weise ihre ersten Freunde an ihrer neuen Schule gefunden, ohne \u00fcberhaupt da gewesen zu sein. Als es sp\u00e4ter wurde streckte Rose den Kopf zu ihnen ins Zelt. \u201eIch will ja kein Spielverderber sein, aber es wird Zeit zum Schlafen. Morgen wird f\u00fcr uns alle ein langer und erfolgreicher Tag werden. Laurie, Kate, geht bitte langsam in euer Zelt.\u201c Ihre Mundwinkel zogen sich nach oben, bevor sie sich wieder zur\u00fcckzog. \u201eGut, dann bis morgen\u201c, sagte Kate und drehte den anderen den R\u00fccken zu. Als Laurie sich nicht zu r\u00fchren schien, nahm Kate ihren Arm und zog sie mit sich aus dem Zelt. \u201eGute Nacht\u201c, rief Laurie den beiden Jungs noch schnell zu, bevor sie von Kate mitgeschleift wurde. Drau\u00dfen sahen die beiden M\u00e4dchen, wie Rose und Rob zusammen am Lagerfeuer sa\u00dfen. Rob hatte eine klaffende Wunde an der Seite, die Rose gerade behandelte. Laurie interessierte es brennend was genau passiert war, doch sie stellte keine Fragen. Sie f\u00fchlte sich komischerweise pl\u00f6tzlich so, als w\u00e4re sie nie sicherer gewesen. Zusammen mit Kate legte sie sich ins Zelt und die beiden starrten gemeinsam zur Decke. \u201eIch hab extra den Sand versucht vor dem Zelt abklopfen und trotzdem sieht es im Zelt schon aus wie in einer W\u00fcstenlandschaft\u201c, \u00e4rgerte sich Kate. Laurie l\u00e4chelte. \u201eWenn wir hier raus sind, wollen wir bestimmt die n\u00e4chsten zehn Jahre keinen Sand mehr sehen\u201c, bemerkte Laurie. Kate \u00fcberlegte. \u201eNaja au\u00dfer nat\u00fcrlich am Strand im S\u00fcden, da ist es trotz Strand wundersch\u00f6n.\u201c \u201eIch war noch nie am Strand\u201c, sagte Laurie leise. Kate stie\u00df Luft aus. \u201eOkay, du musst wohl in Alaska aufgewachsen sein, das w\u00fcrde das nat\u00fcrlich erkl\u00e4ren. Und deine blasse Haut w\u00fcrde es auch erkl\u00e4ren. Ich nehm\u2018 dich in den n\u00e4chsten Ferien mit wenn du willst.\u201c Kate g\u00e4hnte. \u201eGute Nacht, Laurie.\u201c \u201eGute Nacht\u201c, fl\u00fcsterte Laurie ihr zu. \u201eDu magst zwar manchmal komisch sein, aber irgendwie mag ich dich. Vielleicht gerade weil du so komisch bist\u201c, sagte Kate leise. Ihr Atem wurde nach wenigen Sekunden ruhig. Kate konnte echt verdammt schnell einschlafen, dachte Laurie. Und sie war definitiv viel netter als Laurie gedacht hatte. Eine Weile w\u00e4lzte sie sich auf ihrer Matratze herum und wartete darauf endlich auch schlafen zu k\u00f6nnen, doch sie blieb hellwach. Ihre Gedanken drehten sich wie Kreisel in ihrem Kopf, zu schnell als dass sie einen davon n\u00e4her betrachten k\u00f6nnte. Leise setzte sie sich auf und schlich aus ihrem Zelt, zu dem der Jungs hin\u00fcber. Letztendlich w\u00fcrde es Rose und Rob nicht interessieren wo sie war, das war nur vorgespielte Strenge. Aus dem Zelt von Shane und Ben h\u00f6rte sie noch leises Gemurmel. Sie ging n\u00e4her zum Zelt heran und lie\u00df ihre Hand zum Rei\u00dfverschluss gleiten. Sie zog ihn auf und krabbelte ins Innere des Zeltes hinein. \u201eLange nicht gesehen\u201c, sagte Ben l\u00e4chelnd. Laurie setzte sich neben Shane auf die sandige Matratze. \u201eIch hab dich einfach zu sehr vermisst, Ben\u201c, witzelte sie. \u201eKate ist schon vor bestimmt einer Stunde eingeschlafen, mir war nicht bewusst dass Menschen so schnell einschlafen konnten\u201c, sagte Laurie. \u201eTja, es gibt wohl immer neues zu lernen. Ich hau\u2018 mich jetzt auch mal aufs Ohr Leute. Bitte macht keine unanst\u00e4ndigen Dinge w\u00e4hrend ich neben euch schlafe, das w\u00e4re wirklich uncool von euch\u201c, sagte Ben grinsend und legte sich unter seine Decke. Laurie warf Shanes Kissen nach ihm. \u201ePsssst, ich schlafe schon\u201c, fl\u00fcsterte Ben w\u00e4hrend er das Kissen zur\u00fcck in die Richtung der Beiden warf. Shane lachte und wandte sich von Ben ab. Laurie legte sich unter Shanes Decke auf seine Matratze und schloss die Augen. \u201eWei\u00dft du, wie bl\u00f6d auch immer das jetzt klingen mag, diese Reise hat auch positive Dinge mit sich gebracht. Ich h\u00e4tte nicht gedacht, dass ich jemals wieder Menschen finden werde, die ich an mich ranlasse.\u201c \u201eMach\u2018 mal ein bisschen Platz\u201c, unterbrach Shane sie und legte sich, den Arm um sie gelegt, neben Laurie. Er wartete darauf, dass Laurie weitersprach. \u201eIch hab immer nur versucht irgendwie den Kopf \u00fcber Wasser zu halten, nachdem, \u00e4hm, nachdem meine Eltern weg waren.\u201c Sie stockte und r\u00e4usperte sich. \u201eDoch seit ich hier in dieser W\u00fcste bin und Angst um mein Leben haben musste. Nachdem mir ins Bein geschossen wurde, ich vor K\u00e4lte geschlottert und vor Hitze geschwitzt habe, ist mir etwas klar geworden. Es geht im Leben nicht blo\u00df darum irgendwie zu \u00fcberleben. Auch wenn einem manchmal nichts anderes \u00fcbrig bleibt. Selbst wenn man manchmal das Gef\u00fchl hat, man w\u00e4re innerlich schon tot. Selbst wenn einem alles vollkommen sinnlos vorkommt, muss man k\u00e4mpfen um wieder etwas zu f\u00fchlen. Und irgendwann wird es besser und besser, denn im Leben geht es darum gl\u00fccklich zu sein und das zu tun, was man tun m\u00f6chte, was man tun muss und irgendwann wei\u00df man dann was der Sinn von alldem ist. Vom Existieren, vom \u00dcberleben und vor allem vom Leben.\u201c Laurie kuschelte sich an Shanes Brust und g\u00e4hnte. \u201eIch wei\u00df nicht, wann ich das letzte Mal so gl\u00fccklich gewesen bin.\u201c Mit einem L\u00e4cheln auf den Lippen fiel Laurie in einen tiefen und ruhigen Schlaf. Shane hielt sie fest und dachte \u00fcber alles nach, was Laurie gesagt hatte, doch w\u00e4hrend Shane Laurie beim Schlafen betrachtete, wurden auch seine Augenlider allm\u00e4hlich schwer. \u201eSelbst in den schlimmsten Zeiten, selbst wenn man das Gef\u00fchl hat jeden Moment sterben zu k\u00f6nnen, kann es ein Licht geben. Etwas was dir alles erhellt und pl\u00f6tzlich bist du gl\u00fccklich. Egal wie schwer die Situation ist, irgendwas wird kommen und alles wird gut werden. Egal ob warm, kalt oder alles dazwischen, ich werde auf dich Acht geben, sodass es vielleicht sogar besser als blo\u00df normal wird. Ich hab es versprochen, ich werde es halten. Hoffentlich f\u00fcr immer\u201c, fl\u00fcsterte Shane, dr\u00fcckte Laurie n\u00e4her an sich und schlief ein.",
            "wordcount": "2.426",
            "chapter_release": "12.09.2013",
            "chapter_number": "11"
        },
        "12": {
            "text": "\u201eHey Leute\u201c, sagte Ben und r\u00fcttelte an den Schultern der beiden, \u201ewacht auf, wir wollen bald aufbrechen!\u201c Shane antwortete mit einem einfachen G\u00e4hnen, wobei Laurie ihr Gesicht in Shanes Schulter bohrte und leise vor sich hin murmelte. \u201eMan, man, man, wie lange wart ihr denn wach?! Naja egal, wenn ihr gleich nicht aufsteht, muss ich euch unseren gesamten Getr\u00e4nkevorrat \u00fcber eure K\u00f6pfe sch\u00fctten. Dann seid ihr schuld, wenn wir verdursten, und ihr wisst, ich bluffe nicht.\u201c Man konnte sein diabolisches L\u00e4cheln bei dieser Ansage h\u00f6ren, als k\u00f6nne er sich schon bildlich vorstellen, was das f\u00fcr ein Spa\u00df f\u00fcr ihn werden w\u00fcrde. Shane machte seine Augen auf und blickte seinen Freund an. \u201eManchmal gehst du mir echt gewaltig auf die Nerven, wei\u00dft du das?\u201c Ben l\u00e4chelte. \u201eDaf\u00fcr sind Freunde doch da.\u201c Er warf zum Abschied noch ein Kissen nach Laurie und verlie\u00df das Zelt. Laurie machte blitzartig die Augen auf und schaute zu Shane. \u201eWir kommen heute zum Internat oder?\u201c Sie strahlte ihn an und war auf einmal hellwach. Sie konnte es pl\u00f6tzlich kaum noch erwarten das Zelt zu verlassen. Shane nickte l\u00e4chelnd und hielt ihr den Zelteingang auf. Sie schl\u00fcpfte hindurch in die pralle Sonne hinein. \u201eDieser Temperaturenwechsel ist aber im Internat nicht so oder? Das ist nur wegen dieser paranormalen W\u00fcste, die Spa\u00df daran hat mich zu verwirren, hab ich Recht?\u201c Sie schaute zu Shane hoch, der blo\u00df lachte und ging mit ihr zu Kate, Ben, Rob und Rose, die gerade alles zusammen packten. \u201eTag, ihr Schlafm\u00fctzen!\u201c, rief Rose ihnen zu. Als sie neben ihr angekommen waren f\u00fcgte sie noch hinzu: \u201eich tue jetzt mal so, als h\u00e4tte ich nicht gesehen, dass ihr aus demselben Zelt gekommen seid.\u201c Sie zwinkerte ihnen zu und widmete sich wieder den Rucks\u00e4cken. Zusammen packten sie noch die Zelte ein und das restliche Proviant. Laurie kribbelte es in den Beinen endlich loszulaufen, sie wollte so bald wie m\u00f6glich zur Zivilisation zur\u00fcck. So sch\u00f6n es auch war, neue Freunde zu finden, Leute mit denen man auch so etwas durchsteht, der Umweg zum Internat ging jetzt lang genug. Zusammen liefen die sechs los in der Hoffnung den Weg wieder hinaus zu finden, diesmal mit Leuten, die sich etwas besser auskannten als sie selbst. Stunden mussten vergangen sein als sie ihre erste Rast einlegten, um etwas zu essen damit sie wieder zu Kr\u00e4ften kommen konnten. \u201eMeinst du wir schaffen es ohne Kompass, ohne Karte?\u201c, fragte Laurie Kate, die sich neben ihr im Sand niedergelassen hatte. \u201eNaja, wenn irgendwer Rose und Rob zu uns geschickt hat, dann werden die das ja wohl auch so schaffen. Wenn nicht, m\u00fcssen wir die wohl verklagen.\u201c Sie l\u00e4chelte und biss in ihr Sandwich. \u201eAch ja, wenn ich gestern von irgendeinem Tier verschlungen worden w\u00e4re, weil du mich nicht gerettet hast sondern in einem anderen Zelt warst, ich h\u00e4tte es dir nie verzeiht.\u201c Sie schlug ihren Ellbogen gespielt in Lauries Rippen. Sie a\u00dfen noch eine Weile still im Sand, bevor sie beschlossen weiter zu gehen. \u201eRob? Hast du eine Ahnung wie lange es noch dauert bis wir da sind? Mein Bein tut langsam wieder weh. Und es ist heute mal wieder unertr\u00e4glich hei\u00df\u201c, rief Laurie ihm zu. Die Sonne prallte ununterbrochen zu ihnen hinunter, seit sie aus dem Zelt gekommen waren. Keine einzige Schleierwolke war in Sicht, nur leuchtend blauer Himmel und die goldscheinende Feuerkugel. \u201eIch hoffe, dass wir es bald geschafft haben. Bis zum Einbruch der Nacht m\u00fcssten wir wieder festen Boden unter den F\u00fc\u00dfen haben. Ich hab ein gutes Gef\u00fchl bei der Richtung, in die wir uns bewegen\u201c, bemerkte Rob, bevor er wieder ganz konzentriert in eine Richtung marschierte. \u201eKaum zu glauben, dass ich das jetzt wirklich sage\u201c, kam es von Ben. \u201eAber ein bisschen Regen w\u00fcrde uns allen bestimmt gut tun.\u201cShane ging zu Laurie und legte seinen Arm um ihre H\u00fcfte, um sie beim Gehen etwas zu st\u00fctzen. Mittlerweile war ihr Gang zu einem Humpeln mutiert und es viel ihr immer schwerer auf dem Sand zu laufen. \u201eDeine erste Hilfe Kenntnisse waren wohl nicht so gut wie die von Madam Pomfrey\u201c, sagte Laurie gespielt \u00e4rgerlich. Shane sah sie verwirrt von der Seite an. \u201eWer ist das denn jetzt schon wieder?\u201c, fragte er mit hochgezogenen Augenbrauen. Laurie verdrehte die Augen. \u201eDie, die im Krankenfl\u00fcge die Zauberer verarztet. Die wichtigen Dinge lernt ihr im Internat wohl nicht, was?\u201c Sie sch\u00fcttelte den Kopf, wobei Shanes Mundwinkel sich blo\u00df zu einem L\u00e4cheln verzogen. \u201eNein, so etwas Wichtiges haben sie uns verschwiegen!\u201c, sagte Shane ironisch bevor er sich wieder voll und ganz dem Laufen widmete. Schweigend liefen sie nebeneinander her und so langsam verschwand die Hoffnung, genauso wie die Sonne. Den ganzen Tag liefen sie nun, und alles sah noch genauso aus wie vor ein paar Stunden. Sand, Sand und noch mehr Sand. Selbst Rose wurde langsam ungeduldig, wahrscheinlich f\u00e4rbte die Stimmung von den Jugendlichen ab. Blo\u00df Rob war noch ganz konzentriert und ruhig. Wie schaffte er das nur? Mittlerweile war es kalt und bald w\u00fcrde alles wieder auf Gefriertemperatur kommen. Von wegen, wir kommen heute in die Zivilisation, im Moment sieht man \u00fcberhaupt nichts, au\u00dfer dem, was sie auch schon vor Tagen zu Gesicht bekommen hatten. Von der ganzen Anstrengung wurden ihr die Lider schwer und sie sehnte sich nach einer Auszeit. Ein bisschen Musik w\u00fcrde ihr jetzt gut tun. Schade aber auch, dass ihr Akku schon lange leer war. Sie lehnte sich mehr und mehr an Shane, bis sie so kaputt war, dass er sie wieder Huckepack nehmen musste. Sie legte ihren Kopf auf seine Schulter und schloss die Augen. Dieses Auf und Ab bei Shanes Gang machte sie unendlich m\u00fcde. Im Kopf sang sie einfach ein Lied, um ihren IPod zu simulieren. Das klappte besser als sie gedacht hatte. Nach wenigen Minuten war sie eingeschlafen. Shane hingegen war hellwach. Auch er hatte langsam genug von der Lauferei und diese K\u00e4lte wurde auch nicht ertr\u00e4glicher. Seine H\u00e4nde f\u00fchlten sich an als w\u00fcrden sie bald gefrieren und obwohl er sie nicht sah, wusste er, dass sie sich lilablau verf\u00e4rbten. Er wog sich aber immer noch in Hoffnung, irgendwann mussten sie ja schlie\u00dflich die W\u00fcste verlassen k\u00f6nnen, ansonsten w\u00e4ren ihnen hier ja sicherlich mehr Leute begegnet.. oder Skelette. Was wohl aus ihm und Laurie werden w\u00fcrde, wenn sie im Internat ank\u00e4men? Kurse konnten sie schlecht zusammen haben, wo er doch zwei Jahre \u00e4lter war als sie. Aber im Internat kriegt man sich doch trotzdem oft zu Gesicht. Oder verstanden sie sich m\u00f6glicherweise nur so gut, weil sie niemand anderen hatten? Er gr\u00fcbelte noch ein bisschen vor sich hin, bis ihm etwas auffiel. Ein Geb\u00e4ude. Weit weg, aber es war eine Ver\u00e4nderung. Nicht mehr das gleiche Bild, wie vor ein paar Stunden. Ben und Kate trotteten hinter Rose und Rob her und starrten auf den Sand unter ihren F\u00fc\u00dfen. Rose und Rob schienen so konzentriert, dass ihnen entweder das Geb\u00e4ude nicht auffiel, oder es ihnen egal war. \u201eBen! Kate! Schaut doch!\u201c, rief Shane ihnen aufgeregt zu. Die beiden blickten verwirrt zu ihm, seit Stunden hatte niemand mehr gesprochen, au\u00dfer dem Gemurmel von Rose und Rob ab und zu, die sich absprachen. Shane deutete mit dem Kinn nach vorn und h\u00f6rte nun auch Lauries Stimme, verschlafen und leise. \u201eWas ist los?\u201c Shane grinste vor sich hin. \u201eIch glaub du hast im Schlaf etwas hier hin gezaubert, Hermine 2.\u201c Verwirrt blinzelte Laurie und schaute nach vorn. Sofort sprang sie von Shanes R\u00fccken und purzelte in den Sand. Sie l\u00e4chelte ihn breit an, bevor sie sich wieder aufrappelte. Die anderen gingen weiter, ohne ihr Erwachen bemerkt zu haben. Sie nahm Shanes Hand und lief schnell zu den anderen, damit sie nicht den Anschluss verloren. \u201eNa? Glaubst du mir jetzt, dass Magie existiert?\u201c, fragte Laurie, jedoch ohne eine Antwort zu bekommen. Ben und Kates Hoffnung kehrte nun auch zur\u00fcck und das Geb\u00e4ude wurde nach und nach immer gr\u00f6\u00dfer und deutlicher. Es war grau und so hoch wie ein Wolkenkratzer. Was genau sich darin befand, wurde aber nicht erkennbar. Ihre Schritte wurden immer l\u00e4nger, immer schneller. Ihre Energie war mit diesem Geb\u00e4ude zur\u00fcckgekehrt. Laurie dr\u00fcckte Shanes Hand und l\u00e4chelte immer noch. \u201eJetzt fehlt noch der Regen und eine Stra\u00dfe und dann ist alles perfekt\u201c, sagte sie fr\u00f6stelnd. \u201eObwohl der Regen kann auch noch warten bis es wieder w\u00e4rmer ist, hier w\u00e4re das ja jetzt eher Schnee.\u201c Sie liefen und liefen und bald drehten Rob und Rose sich, mit einem breiten Grinsen auf den Lippen, zu ihnen um. \u201eJetzt ist es nicht mehr weit. Noch 500 Meter und der Ausgang liegt direkt vor uns. Haltet nach einem Tor Ausschau.\u201c Und auf einmal lag es vor ihnen. Worauf sie seit Tagen warteten. Die vier Jugendlichen strahlten. Noch nie hatte sich jemand so darauf gefreut ein Tor zu sehen wie an diesem Tag. Es war gro\u00df und silbern und am unteren Ende waren kleine Spitzen. Es war riesig, sodass Laurie das obere Ende nicht entdecken konnte, aber das war ihr auch vollkommen egal. Rose nahm ein paar Schl\u00fcssel aus ihrer Hosentasche und schloss das Tor auf. Dahinter befand sich das n\u00e4chste Tor. So \u00f6ffneten sich weitere Tore, so \u00e4hnlich wie bei Gringotts. Und dann sahen sie es. Die verregnete Stra\u00dfe, den dunklen, wolkenbedeckten Himmel, die feuchte und kalte Luft. Und Laurie wusste sie w\u00fcrde sich hier zu Hause f\u00fchlen. Es kamen Leute mit Decken und Tassen auf sie zu, wahrscheinlich hatte das Tor irgendeinen Alarm ausgel\u00f6st, als sie hinaus kamen, aber darauf achtete Laurie nicht. Sie rannte auf die Stra\u00dfe und lie\u00df sich von dem Regen durchn\u00e4ssen. Sie h\u00fcpfte, ihr Bein schien sie nicht mehr zu k\u00fcmmern, und tanzte herum. Shane kam lachend, mit einer Decke in der Hand, auf sie zu. Laurie rannte auf ihn zu und sprang ihn fast um. Er hielt sie ein bisschen fest und stellte sie dann wieder auf dem Boden ab. Beide lachten. Ihre Klamotten klebten an der Haut und ihre Haare tropften. Und dann beugte sich Shane zu ihr hinunter, legte seine H\u00e4nde an ihre Wangen und legte seine Lippen sanft auf ihre. Und auf einmal sp\u00fcrte sie den Regen nicht mehr und sie brauchte auch keine Decke oder etwas Warmes zu trinken. Alles in ihr f\u00fchlte sich warm an und nichts schien dagegen anzukommen. Denn egal ob warm, kalt oder alles dazwischen, sobald Shane da war, war die Temperatur, die Menschen, die Umst\u00e4nde, alles andere egal. Es gab nur Shane. Shane und Laurie.",
            "wordcount": "1.725",
            "chapter_release": "12.09.2013",
            "chapter_number": "12"
        },
        "13": {
            "text": "Es ist nie einfach irgendwo hinzukommen, wo alles neu ist. Daf\u00fcr fiel es Laurie ziemlich leicht, sich im Internat einzuleben. Der ganze Aufruhr hatte sich mittlerweile gelegt und sie f\u00fchlte sich schon wie zu Hause. Moritz wohnte nun mit ihr zusammen im Internat und auch er schien sich pudelwohl zu f\u00fchlen. Kate und Ben geh\u00f6rten trotz ihres Altersunterschiedes nun zu ihren besten Freunden. So eine Zeit in einer verlassenen W\u00fcste, schwei\u00dft nun einmal zusammen. Die Klingel l\u00e4utete und beendete den Schultag f\u00fcr Laurie und die anderen Internatssch\u00fcler. Sie packte schnell ihre Hefte in ihren Rucksack und warf ihn sich \u00fcber die Schulter. Ihr Bein lie\u00df ab und zu immer noch nach, aber das meiste schien abgeheilt zu sein und da sie nun auch keine Langstrecken mehr zur\u00fccklegen musste, fiel ihr misshandeltes Bein nicht mehr so auf. Sie ging aus dem Klassenzimmer heraus und sah ihn davor an der Wand lehnen. Shane. Er hob den Kopf, l\u00e4chelte sie an und ging auf sie zu. Und da war sie wieder. Diese W\u00e4rme in ihrem Bauch, jedes Mal wenn er N\u00e4her kam. Sie grinste ihn an und beugte sich zu ihm hoch um ihn umarmen zu k\u00f6nnen. \u201eNa sch\u00f6n gezaubert?\u201c ,fragte er und dr\u00fcckte sie fest an sich. Bei jeder Ber\u00fchrung merkte Shane, dass Laurie es geschafft hatte. Auch wenn er es nie zuvor f\u00fcr m\u00f6glich gehalten h\u00e4tte und es immer ein bisschen sp\u00f6ttisch betrachtet hatte. Es gibt Magie. Jeder kann sie sp\u00fcren, auf unterschiedliche Art und Weise. Das einzige, was man tun muss, ist an sie zu glauben.",
            "wordcount": "257",
            "chapter_release": "12.09.2013",
            "chapter_number": "13"
        },
        "14": {
            "text": "Ich bin jetzt am Ende meiner Geschichte angekommen und mir f\u00e4llt es jetzt schon schwer zu glauben, dass es f\u00fcrs erste vorbei ist. Zum Abschluss m\u00f6chte ich mich aber noch bei ein paar Menschen \u0001 \u0002 Anfang ein dickes Dankesch\u00f6n an Bekky, daf\u00fcr dass du mir Fanfiktion gezeigt hast. Ohne dich h\u00e4tte ich nicht entdeckt, wie viel Spa\u00df das Schreiben machen kann. Dann danke ich nat\u00fcrlich allen, die auf alle Kapitel gewartet und sie gelesen haben. Vielen Dank, f\u00fcr eure Geduld und ich hoffe es hat euch \u0001 \u0002 but not least ein ganz, ganz gro\u00dfes Dankesch\u00f6n an Jan. Ohne dich h\u00e4tte ich nicht die Motivation gehabt, die Geschichte bis zum Ende zu schreiben. Danke, dass du mich immer zum Schreiben ermutigt hast und f\u00fcr das ganze Lob, dass ich von dir f\u00fcr meine Kapitel bekommen hab. Danke, dass du mir \u00fcber meine Schreibblockaden hinweg geholfen hast und dass du auch so f\u00fcr mich da bist. Vielen Dank, dass es dich gibt. (Den gibt\u2019s \u00fcbrigens auch auf Fanfiktion unter LostSilence, lohnt sich da mal vorbei zu schauen!)Die Geschichte wird demn\u00e4chst noch einmal \u00fcberarbeitet und bis dahin hoffe ich, dass ihr viel Spa\u00df an Lauries und Shanes Weg durch die W\u00fcste hattet und bis dahin solltet ihr auf die Magie achten, die jeden von uns umgibt, auch wenn wir sie manchmal nicht bemerken, sie ist da. - Sina alias -Tagtraeumerin-",
            "wordcount": "231",
            "chapter_release": "12.09.2013",
            "chapter_number": "14"
        },
        "2": {
            "text": "\u201eAufstehen Laurie, es gibt Fr\u00fchst\u00fcck!\u201c Die Worte ihrer Gro\u00dfmutter hallten durch den Flur, bis in ihr enges Zimmer hinein. Sie zuckte aus ihrem Schlaf heraus. \u201eWie ich es hasse, wenn sie so rumschreit. Sie k\u00f6nnte mir auch einfach mal einen Wecker schenken, meinst du nicht?\u201c Sie kraulte Moritz am Bauch. Sein Schnurren war einfach so beruhigend. Er ist einfach der liebste und s\u00fc\u00dfeste Kater der ganzen Welt und vor allem, Lauries treuster, aber auch einziger Freund. Sie stand auf, zog ihren Bademantel \u00fcber und trippelte nerv\u00f6s in die K\u00fcche. Ob wohl schon ein Brief gekommen war? Hoffentlich war es endlich so weit, bitte. Im Kopf betete sie, dass endlich etwas kam, doch als sie die K\u00fcche betrat, sah sie nichts als ihre Oma, die gerade einen Teller mit dampfendem Spiegelei mit Toast auf den Tisch stellte. Die K\u00fcchenuhr zeigte gerade mal 7 Uhr an. Laurie st\u00f6hnte. Diese Seniorenzeiten waren echt nicht zum aushalten; ein Gl\u00fcck, dass sie bald hoffentlich hier weg war. Gedanken kreisten in ihrem Kopf w\u00e4hrend sie in ihrem Essen herum stocherte. Wo blieb ihr Brief? Kam \u00fcberhaupt noch einer? Vielleicht ist er verloren gegangen oder sie haben gar keinen geschickt. Seit ihrer Kindheit w\u00fcnschte sie sich nichts mehr als das und seit dem Tod ihrer Eltern versuchte sie endlich ihr Gl\u00fcck. Bei ihren Gro\u00dfeltern konnte sie nicht bleiben. Ihre Gro\u00dfmutter zog sie aus ihren Tagtr\u00e4umen. \u201eAch Laurie, hier ist \u00fcbrigens etwas f\u00fcr dich angekommen.\u201c Sie wedelte mit ihrer Hand mit einem schlichten, wei\u00dfen Briefumschlag herum. Laurie starrte sie an. Ihr Herz schlug ihr bis zum Hals und ihr Atem ging so ungleichm\u00e4\u00dfig, dass sie sofort Schluckauf bekam. Sie sprang auf und riss ihrer Gro\u00dfmutter den Brief aus der Hand. Sofort drehte sie den Briefumschlag um und schaute auf den Absender. Ihre Augen weiteten sich schlagartig, sodass sie aussahen wie gro\u00dfe Kugeln. Sie fl\u00fcsterte leise die Worte, die dort in geschwungener, schwarzer Schrift geschrieben standen. \u201eInternat Schloss Rosenberg\u201c",
            "wordcount": "322",
            "chapter_release": "12.09.2013",
            "chapter_number": "2"
        },
        "3": {
            "text": "Mit zitternden H\u00e4nden riss sie vorsichtig den Briefumschlag auf und zog ein ordentlich gefaltetes Schreiben heraus. \u201eSehr geehrte Frau Smith, ich freue mich sehr Ihnen mitteilen zu d\u00fcrfen, dass Sie am Internat Schloss Rosenberg aufgenommen wurden. Sie werden bis zum 26. August diesen Jahres erwartet, andernfalls vergeht Ihre Aufnahme. Ich m\u00f6chte Sie bitten bei auftretenden Problemen uns schleunigst eine Mitteilung zu hinterlassen. Vortr\u00e4glich schon einmal Herzlich Willkommen und gutes Gelingen im folgenden \u0001 \u0002 freundlichen \u0001 \u0002. Albert Prosberg\u201cLaurie lie\u00df das Blatt auf den Tisch sinken. Sie musste schlucken. War das ein Traum? Sie kniff sich in den Arm, doch das Bild vor ihren Augen blieb das selbe wie zuvor. Ihre Gro\u00dfmutter starrte sie an und wartete darauf, was Laurie zu sagen hatte. Sie schluckte noch einmal und dann musste sie Grinsen. Es f\u00fchlte sich gut an zu Lachen. Seit dem Tod ihrer Eltern vor einem halben Jahr, ist kein einziges Zucken ihrer Mundwinkel mehr zustande gekommen. Jetzt war es ein L\u00e4cheln, dass sogar ihre Augen erreichte. F\u00fcr einen Augenblick waren alle ihre Probleme und Sorgen wie weggeblasen. Sie schob ihren Stuhl zur\u00fcck, und ging mit einem langen Schritt auf ihre Oma zu. Die Gro\u00dfmutter ahnte schon, was wohl in dem Brief stand. Sie umarmten sich ganz fest. \u201eIch bin sehr stolz auf dich, Laurie Smith. Und deine Eltern w\u00e4ren es auch.\u201c In Laurie\u2019s Hals bildete sich ein Klo\u00df, als ihre Eltern erw\u00e4hnt wurden und sie musste ihre Tr\u00e4nen wegblinzeln. Kurze Zeit musste sie ihre Fassung wiedererlangen. Dann lie\u00df sie den warmen K\u00f6rper ihrer Oma los und schnappte sich den Zettel, rannte ins Wohnzimmer, wo ihr Gro\u00dfvater sa\u00df und Fern schaute. Wie konnte man blo\u00df am fr\u00fchen Morgen schon fernsehen? Das wird ihr immer eine offene Frage bleiben. Laurie schaltete im Vorbeigehen den Fernseher aus und sprang zu ihm auf das Sofa. Sie hielt ihm den Brief vor die Nase. Ihr Mund verzog sich zu einem breiten L\u00e4cheln, w\u00e4hrend Gro\u00dfvater seine Brille weiter hoch schob und das St\u00fcck Papier las. Er schmunzelte, als er sich dem Ende neigte. \u201eIch bin sehr stolz auf dich, Ms. Smith.\u201c Er dr\u00fcckte sie kurz an sich und schaltete daraufhin wieder den Fernseher ein. Zusammen mit ihrem Brief verzog sie sich in ihr Zimmer. Moritz sa\u00df auf ihrem Bett und trippelte vergn\u00fcgt zu ihr. Laurie las wieder und wieder die Worte auf dem Blatt Papier, bis ihr auffiel wann sie dort sein musste. Der 26. August war in einer Woche. Sie schnappte nach Luft. Das Internat liegt am anderen Ende des Landes. Sie rannte hinunter und erz\u00e4hlte ihren Gro\u00dfeltern, was sie entdeckt hatte. \u201eWenn das so ist, solltest du bald anfangen zu packen. Durch die vielen Baustellen und der Macht \u00dcbernahme dieses komischen Mannes musst du viele Umwege fahren, sowohl mit Bus als auch mit dem Zug. Sp\u00e4testens morgen Abend musst du los.\u201c Laurie \u00fcberlegte krampfhaft wie sie das alles in so kurzer Zeit schaffen sollte, als das Telefon sie zusammenfahren lie\u00df. \u201eLaurie Smith. Mit wem spreche ich?\u201c Sie hasste es ans Telefon zu gehen, die Tatsache, dass sie nicht wusste mit wem sie sprach, machte sie immer wieder aufs Neue nerv\u00f6s. \u201eHier spricht Frau Lornburry. Ich bin Sekret\u00e4rin am Internat Schloss Rosenberg. Darf ich Sie duzen oder ist es Ihnen anders lieber?\u201c Sie musste schmunzeln und unterdr\u00fcckte ein Lachen. Sie war 16 und jemand fragte sie ob sie geduzt werden d\u00fcrfe? So etwas hatte sie noch nie geh\u00f6rt. \u201e\u00c4hm, duzen ist okay.\u201c \u201eIn Ordnung. Laurie, im Interesse aller Sch\u00fcler, die von weit her kommen, haben wir einen Zug eingerichtet, der die Baustellen umgeht und dich und die Anderen direkt zum Internat bringen soll.\u201c Laurie\u2019s Augen wurden gro\u00df und ihr Mund blieb offen stehen. \u201eM-meinen Sie so wie ein Hogwarts Express von Harry Potter?\u201c Sie kam aus dem Staunen gar nicht mehr heraus, dieses Internat musste einfach wundervoll sein. Die Frau in der Leitung musste lachen. \u201eJa so \u00e4hnlich.\u201c Sie r\u00e4usperte sich kurz. \u201eFinde dich bitte an deinem Bahnhof ein. In 2 Tagen um 12 Uhr Mittags. Nimm dein ganzes Gep\u00e4ck mit, es kann dir aber auch noch nachgebracht werden, falls es zu viel ist. Auf dem Zug wird der Name deiner neuen Schule stehen, wenn du ihn verpasst, tut es mir leid, aber dann wirst du auf anderem Wege zu uns gelangen m\u00fcssen. Noch weitere Fragen?\u201c Laurie \u00fcberlegte kurz bevor sie sprach. \u201eNein, nein. Alles klar. Dann werde ich p\u00fcnktlich um 12 Uhr Mittags am Gleis 9 \u00be erscheinen. Mit Zauberstab und Eule.\u201c Sie grinste vor sich hin, obwohl diese Frau das nat\u00fcrlich nicht sehen konnte. Ein lachendes Ger\u00e4usch kam durch das Telefon, bevor sie sich selbst beim Lachen unterbrach. \u201eHerzlich Willkommen an unserer Schule. Auf Wiedersehen.\u201c Es erklangen die T\u00f6ne, wie jedes Mal wenn jemand auflegte und wie jedes Mal wartete Laurie bis es von selber aufh\u00f6rte, bevor sie das Telefon weglegte. Ihr Herz sprang unregelm\u00e4\u00dfig auf und ab. Sie konnte es immer noch kaum glauben. Bald war sie hier weg. Weg von allen Erinnerungen. Weg von all den Menschen. Von all ihren Problemen. Endlich.",
            "wordcount": "837",
            "chapter_release": "12.09.2013",
            "chapter_number": "3"
        },
        "4": {
            "text": "Die Regentropfen prasselten gegen die Fensterscheibe des kleinen Wagens indem sie sa\u00df. Laurie f\u00fchrte mit ihrem Zeigefinger jeden einzelnen Tropfen hinunter nach, bis sie ihn nicht mehr sehen konnte. Die letzten Tage vergingen wie im Flug: packen, \u00fcberlegen wie sie sich verhalten sollte, schlafen, packen, sich vorl\u00e4ufig von Moritz verabschieden, packen, schlafen.. Und nun war sie bald am Bahnhof. Sie fuhr sich mit der Hand durch ihre Haare. Gleich waren sie da, sie konnte schon leise einen Zug zischen h\u00f6ren. Pl\u00f6tzlich blieb die alte Kiste abrupt stehen und Laurie wurde nach vorne geschleudert. \u201eDieses Schrottteil! Wenn ich dich mal besuche, hast du den aber nicht mehr!\u201c Laurie sch\u00fcttelte den Kopf und lehnte sich kurz nach vorn um ihre Gro\u00dfeltern zu sehen. Dann stieg sie aus. Ihre H\u00e4nde zitterten, vor K\u00e4lte oder auch einfach nur vor lauter Aufregung. In kurzer Zeit wird sie schon unterwegs sein. Sie sprang von einem Fu\u00df auf den anderen, was ein platschendes Ger\u00e4usch ausl\u00f6ste, als sie bemerkte, dass ihre Sneakers direkt in eine Pf\u00fctze glitten. Ihre Gro\u00dfmutter starrte auf ihre Schuhe. Sie war noch nie begeistert davon gewesen, dass Laurie einfach keine Winterschuhe tragen wollte. Ihr Gro\u00dfvater brachte das Gep\u00e4ck und sie gingen im Regen zum Bahnsteig. Laurie liebte den Regen, wie er auf ihr Gesicht prasselt und ihr bis zum Kinn hinunterlief, ihre langen, dunkelblonden Haare durchn\u00e4sste und sie fern in eine andere Welt gleiten lie\u00df. Ihre kurzen Beine schlotterten als sie am Gleis ankamen. \u201eJetzt steh doch mal still!\u201c, mahnte ihre Oma, \u201esollen wir noch etwas zu Essen kaufen? Trinken? Irgendwas?\u201c Sie musterte Laurie besorgt. \u201eNein danke. Ich hab alles keine Sorge. Beim ersten Stopp werde ich mich sofort melden. Und sobald ich geregelt hab, dass Moritz kommen darf, sehen wir uns ja sowieso wieder.\u201c Sie l\u00e4chelte ihre Gro\u00dfeltern an und strich sich ihren Pony aus dem Gesicht, der ihr aber sofort wieder in die Augen fiel. Laurie schaute nach oben zu einer gro\u00dfen Uhr. Viel zu gro\u00df f\u00fcr diesen kleinen Bahnhof, dachte sie sich immer. Es war kurz vor 12. Da h\u00f6rte sie es. Das Pfeifen und Klingeln des Zuges hallte durch den Bahnhof, alle blickten auf und schauten, welche Bahn dort einf\u00e4hrt. In roter Schrift steht es oben auf einem kleinen Display des Zuges: \u201eInternat Schloss Rosenberg\u201c.Laurie nahm ihrem Gro\u00dfvater schnell das Gep\u00e4ck ab. Sie k\u00fcsste beide auf die Wange und grinste. \u201eLos geht\u2019s!\u201c Sie rannte mit ihrer Tasche \u00fcber der Schulter und ihrem Koffer, welcher fast genauso gro\u00df war, wie sie selbst, los. Hinter ihr h\u00f6rte sie noch die Worte ihrer Gro\u00dfeltern. \u201eWir sind stolz auf dich. Pass auf dich auf!\u201c Sie hievte ihren Koffer \u00fcber die Kante und ging in den n\u00e4chsten Gang. Ihr Mund verzog sich zu einem breiten L\u00e4cheln und durch ihre Adern floss pures Adrenalin. Nun war es endlich so weit, seit Jahre w\u00fcnschte sie sich nichts sehnlicher als das. Sie schlenderte zu jedem etlichen Abteil, jedes war voll. Am letzten blieb sie stehen. \u201eBitte lass es leer sein\u201c, fl\u00fcsterte sie sich selbst zu. Sie klopfte und schob langsam die T\u00fcr zum letzten Abteil des Ganges auf. Sie sp\u00e4hte sch\u00fcchtern zur T\u00fcr hinein. Es war nicht leer. Jedoch auch nicht voll. Nur ein Junge sa\u00df im Abteil, vielleicht 1 bis 2 Jahre \u00e4lter als sie. Dunkelblonde Haare fielen ihm ins Gesicht als er von seinem IPod zu ihr hinauf schaute, seine Kopfh\u00f6rer aus den Ohren nahm und sie anl\u00e4chelte. Laurie musste sich r\u00e4uspern und err\u00f6tete leicht. \u201e\u00c4hm..\", stammelte sie, \u201eIst hier noch frei?\u201c",
            "wordcount": "580",
            "chapter_release": "12.09.2013",
            "chapter_number": "4"
        },
        "5": {
            "text": "Der Junge nickte kurz, lie\u00df seine Mundwinkel etwas nach oben verziehen und zeigte mit einer kurzen Kopfbewegung auf den Platz ihm gegen\u00fcber. \u201eErstes Jahr hier?\u201c Er zog seine Augenbraue hoch und sah am\u00fcsiert zu Lauries Gesicht, welches schon von dem G\u00e4ngelauf sehr ersch\u00f6pft aussah. Sie f\u00fchlte wie sich das Blut in ihrem Kopf sammelte, was ihr nicht half, um wieder etwas zu Atem zu kommen. \u201e\u00c4hm ja\u201c, ihre Stimme stockte, \u201esieht man mir das so sehr an?\u201c Sie l\u00e4chelte etwas verlegen, stolperte auf einen der freien Pl\u00e4tze und lie\u00df ihren Rucksack neben sich sinken. Er schmunzelte und musterte sie von oben bis unten, gab einen kurzen Laut von sich und wandte sich dann wieder seiner Musik zu. Verunsichert holte sie ihr Buch hervor und begann zu lesen, um ihr Gedankenkarussel zum Stoppen zu bringen. Sie versank in ihre eigene Welt, ohne Leid, ohne Spott. Ihr eigenes, kleines Wunderland. Nach einer Weile wurden ihre Augen schwer und die Buchstaben verschwommen wie zu einer kleinen grauen Welle. So schlief sie ein, mit den letzten Worten im Kopf, die sie nicht nur in ihre Traumwelt geleiten sollten.\u201eFindest du mich nicht gleich, sei guten Mutes, verfehlst du mich an einem Ort, suche woanders. Irgendwo bleibe ich stehen und warte auf dich.\u201cMit einem Ruck schrak sie aus ihrem Schlaf. Mit vertr\u00e4umten Augen schaute sie verwirrt nach links und rechts. Der Junge sa\u00df immer noch am selben Ort, wie vor einer Stunde? Zwei Stunden? Wie lange sie wohl geschlafen hatte, fragte sie sich. Sie starrte ihren Nachbar verschlafen an, als er auch schon bemerkte, dass sie erwacht war und ihr ein schiefes L\u00e4cheln zuwarf. Als ob er ihre Gedanken lesen k\u00f6nnte, beantwortete er auch schon ihre nicht ausgesprochene Frage. \u201eKeine Sorge, waren nur 2 Stunden. Wenn du Hunger haben solltest, der Essenswagen m\u00fcsste in ein paar Minuten kommen.\u201c Laurie starrte ihn verst\u00e4ndnislos an. \u201eWarte.. was!? Gibt\u2019s da etwa Schokofr\u00f6sche und K\u00fcrbispastete?\u201c Erwartungsvoll schaute sie mit ihren gro\u00dfen Kugelaugen an. Er zog eine Augenbraue hoch und schaute mit neckischem Blick zu ihr. \u201eIch glaub du bist in den falschen Express eingestiegen Hermine \u0001 \u0002. Aber falls du nicht noch einmal zur\u00fcck m\u00f6chtest, die Lasagne ist hier ganz gut.\u201c Was hatte sie da gesagt? Schokofr\u00f6sche? Ihr Gedankengang \u00fcber ihr Gespr\u00e4ch lie\u00df sie sofort err\u00f6ten und ihr Blick sank zum Boden. Wie peinlich, dachte sie. \u201eAch ich bin \u00fcbrigens Shane. Mach\u2018 jetzt das 3. Jahr am Internat.\u201c. \u201e\u00c4hh, ich bin Laurie und anscheinend wohl die Neue hier.\u201c Ihre Augen wanderten in alle Richtungen und sie l\u00e4chelte mehr die Wand an, als ihn. \u201eNeu und sch\u00fcchtern, wirst\u2019s ganz sch\u00f6n schwer haben hier\u201c, murmelte er mit einem leichten L\u00e4cheln auf den Lippen, \u201eIch will nichts, falls die Lieferwagenfrau fragt\u201c, mit diesen Worten st\u00f6pselte er wieder seine Kopfh\u00f6rer ein und schaute aus dem Fenster. Warum muss man mir blo\u00df immer sofort meine Sch\u00fcchternheit anmerken!?, fragte sie sich verzweifelt und besch\u00e4mt \u00fcber ihre Reaktion. Nach kurzer Zeit kam auch schon der Essenswagen, wobei sich der Geruch sofort in ihre Nase schlich und ihren Magen beben lie\u00df. Laurie bestellte tats\u00e4chlich eine Lasagne, aber sicher nicht die Beste, die sie je gegessen hatte. Danach h\u00f6rte sie ebenfalls Musik, ihr Lieblingslied, rauf und runter. W\u00e4hrend des Refrains summte sie leise mit \u201ewe all wanna be somebody, we just need a taste of who we are..\u201c. Ihr Kopf bewegte sich zum Takt hin und her, die Musik floss durch ihre Adern in ihr Herz und erf\u00fcllte so ihren ganzen K\u00f6rper. Alles um sie herum war nicht mehr wichtig, nicht mehr wirklich, sie h\u00f6rte nur noch die Musik, bis jemand auf einmal auf ihren Arm tippte. Shane stand mit erschrockenem Gesicht vor ihr. Sie zuckte zusammen und riss mit einem Ruck sofort die Musik aus ihren Ohren.\u201eLaurie! Bist du schwerh\u00f6rig?! Irgendetwas stimmt hier nicht, die Scheiben sind zugefroren und der Zug ist stehen geblieben.\u201c Jetzt fiel es auch Laurie auf, wie unglaublich kalt es geworden war, sie war so vertieft, dass sie selbst dies nicht bemerkt hatte. \u201eW-was kann das denn sein? Vielleicht hat blo\u00df der Zug eine Panne oder sowas.\u201c Shane sch\u00fcttelte entschlossen den Kopf. \u201eNein, ich kann aus dem Fenster nicht einmal etwas sehen. Wir fahren nie durch kalte Gebiete, ich habe keine Ahnung wo wir sind oder was hier gerade passiert. Aber es stimmt etwas nicht, und zwar ganz gewaltig.\"",
            "wordcount": "723",
            "chapter_release": "12.09.2013",
            "chapter_number": "5"
        },
        "6": {
            "text": "Mit vereinten Kr\u00e4ften zogen sie an der Abteilt\u00fcr bis sie sich zur Seite schieben lie\u00df. Alles war leer, die Abteile bereits verlassen. Was war hier blo\u00df geschehen? \u201eWo sind denn alle hin?\u201c, fl\u00fcsterte Laurie. Ohne eine Antwort zu erhalten schlich sie hinter Shane her, welcher sich zur Vordert\u00fcr des Zuges bewegte. Von weitem fiel Laurie\u2019s Blick direkt auf die ein paar Meter weiter liegende Ausgangst\u00fcr. Mit einem schneller werdenden Gang eilten Beide dorthin. Laurie ging nah an diese und musterte sie genau. \u201eIst das Eis?\u201c Mit gerunzelter Stirn trat nun auch Shane n\u00e4her heran und r\u00fcttelte mit aller Kraft am eiskalten Griff. Wie ist das blo\u00df m\u00f6glich? Er sah aus dem kleinen, beschlagenen Fenster. Drau\u00dfen war nichts zu sehen. Nichts. Blo\u00df Dunkelheit, umrundet von dichtem Nebel. \u201eEs ist Sommer, das kann nicht sein, Laurie.\u201c Er l\u00e4chelte sie leicht an. \u201eWie erkl\u00e4rst du dir dann dieses Ereignis? Das 8. Weltwunder? Ein magisches Naturereignis? Wenn das kein Eis ist, was denn dann?\u201c Darauf wusste er auch keine genaue Antwort. \u201cAuf jeden Fall keine Magie\u201c, nuschelte er vor sich hin. Eine Weile standen sie da und betrachteten ihren Ausweg aus dem Zug. \u201eIst das die einzige T\u00fcr?\u201c Misstrauisch blickte sie noch einmal um sich. \u201eNein es gibt noch eine am anderen Ende des Zuges, aber mach dir keine M\u00fche, da wird es nicht anders aussehen. Die Anderen m\u00fcssen schnell ihre Pl\u00e4tze verlassen haben, als der Zug stehen blieb. Bevor es so \u00e4h.. kalt geworden ist. Obwohl das eigentlich unm\u00f6glich ist. So eine K\u00e4lte kann nicht im Sommer erzeugt werden.\u201c Laurie rollte mit ihren Augen. Was dachte er, wer er war? Der Herrscher \u00fcber Realit\u00e4t und Fantasie h\u00f6chst pers\u00f6nlich? \u201eNicht alles ergibt Sinn auf dieser Welt, ist dir das noch nie aufgefallen?\u201c \u201eLass uns bis morgen fr\u00fch hier bleiben, bis dahin m\u00fcsste alles wieder aufgetaut sein. Eine andere M\u00f6glichkeit haben wir eh nicht. Ich hol\u2018 unsere Sachen weiter nach vorne, bleib ruhig hier. Ich bin gleich wieder da\u201c, gab Shane zur\u00fcck. Er machte auf dem Absatz kehrt und ging davon. Komischer Typ, dachte sich Laurie. Ob wohl alle auf dieser Schule so sehr nach Logik bei allem auf dieser Welt suchen wie er? Sie setzte sich auf den Boden und lehnte sich an die st\u00e4hlerne Wand. Nach ein paar Minuten gesellte sich Shane wieder zu ihr. Gemeinsam gingen sie in das n\u00e4chst liegende Abteil. Die K\u00e4lte war bis dahin durch die Scheiben und die T\u00fcr bis in den Zug gelangt, sodass die Innentemperatur immer weiter zu sinken schien. Laurie begann langsam zu zittern. \u201eGibt es hier keine Heizung?\u201c Shane \u00fcberlegte kurz, sch\u00fcttelte dann aber den Kopf. Kurzerhand zog er seinen Koffer unter der Bank hervor und \u00f6ffnete ihn. Eine graue Wolldecke kam zum Vorschein. Er ging zu ihr und legte die Decke \u00fcber ihre Beine und ihren Scho\u00df. Laurie be\u00e4ugte ihn \u00fcberrascht, \u00fcber diese Geste. Sie kann sich nicht daran erinnern, dass jemals jemand auf irgendeine Art und Weise Nettigkeit ihr gegen\u00fcber hervorgebracht hatte. Er sa\u00df schon wieder auf seinem Platz, als Laurie ihm ein dankbares L\u00e4cheln zuwarf. Mittlerweile muss der Zeiger der Uhr die 12 schon \u00fcberschritten haben, aber Laurie war nicht m\u00fcde. Gedanken kreisten durch ihren Kopf, was blo\u00df da geschehen sein mag. Wie es jetzt wohl weiter ging. Ob sie doch noch einen anderen Menschen finden w\u00fcrden? Wahrscheinlich nicht.. G\u00e4nsehaut bildete sich auf ihren Armen, bei der Vorstellung, alleine zu sein, mitten im Nirgendwo. Sie wagte einen kurzen Blick zu Shane hin\u00fcber, der eingeschlafen war. Ob er etwas wusste, was ihr unbekannt war? Konnte sie ihm vertrauen oder nicht? F\u00fcr\u2019s Erste musste sie zumindest so tun als w\u00fcrde sie ihm vertrauen, bis sie wusste was hier los war. Ihr Kopf wurde immer lauter, die Panik breitete sich aus. Ihr ganzer K\u00f6rper war erf\u00fcllt von der Angst, die sie pl\u00f6tzlich umgab. Es f\u00fchlte sich an, als w\u00fcrde sie gleich explodieren, in kleine Teile zerbrechen und niemand, der diese aufsammeln und wieder zusammensetzen konnte, obwohl das f\u00fcr sie nichts Neues war. Sie legte Kopfh\u00f6rer in ihre Ohren, um der Welt einer Weile zu entfliehen. So brachte sie ihre Gedanken f\u00fcr einen Augenblick zum Schweigen. So stand up stand up just gotta keep on running.",
            "wordcount": "694",
            "chapter_release": "12.09.2013",
            "chapter_number": "6"
        },
        "7": {
            "text": "Lauries Hand lag auf dem Metallt\u00fcrgriff. Schnell dr\u00fcckte sie ihn hinunter und lie\u00df danach ihre Hand sofort wieder sinken, denn dieser war so warm, dass es schwer war sich nicht die Finger daran zu verbrennen. Wie war so schnell aus Eis, Hei\u00df geworden? Bevor sie auch nur die Zeit dazu gehabt h\u00e4tte dar\u00fcber nachzudenken, fiel die T\u00fcr zu Boden und die Sonne knallte in ihr Gesicht. Eine gl\u00fchende Hitze kam ihr entgegen, als h\u00e4tte sie pl\u00f6tzlich Fieber. Geblendet vom Sonnenlicht und somit mit gehinderter Sicht sprang sie vom Zuguntergrund auf den Boden. F\u00fcr einen Moment verlor sie das Gleichgewicht, fing sich jedoch schnell wieder. Das war definitiv keine Stra\u00dfe.. \u201eSand?\u201c, fl\u00fcsterte sie sich selbst zu. Sie bemerkte Shane kurz neben sich stehen, verga\u00df ihn jedoch schnell wieder als die schwarzen Punkte vor ihrem Auge sich aufzul\u00f6sen begannen und ihre Sicht wieder ohne Einschr\u00e4nkungen funktionierte. Laurie hielt ihren Atem an als sie sah was vor ihr abgebildet war. Sie stand kerzengerade, wie mit Sekundenkleber festgeklebt am Boden. \u00dcberall war trockener, goldgelber Sand. Kein Baum, keine Stra\u00dfe, nichts. Und als w\u00e4re das nicht schon genug blieb ihr Blick an etwas h\u00e4ngen, was sie niemals mehr sehen wollte. Ein paar K\u00f6rper lagen am Boden, reglos. Manche mit dem Kopf nach oben, der anderer nach unten. Schlagartig wurde ihr eiskalt. Sie war wie erstarrt, sodass sie nicht wahrnahm, dass Shane nicht mehr an ihrer Seite stand. Laurie konnte sich bildlich vorstellen wie bei diesen Menschen der letzte Lebensfunke erlosch. Das letzte Mal sah sie solch etwas vor 8 Jahren, beim Tod ihrer Eltern. Damals wartete sie ungeduldig auf ihre Eltern, die eine halbe Stunde nach ausgemachter Zeit immer noch nicht Zuhause waren. Allm\u00e4hlich wurde sie sauer, sie wollten doch noch einen Disney Film zusammen gucken, doch dieses Vorhaben erledigte sich, als ihr Telefon schellte. Sie hasste es ans Telefon zu gehen, denn sie wollte ohne hin nie jemand sprechen.. au\u00dfer an diesem Abend. Ein Polizist, der eine echt hohe Stimme hatte, meldete sich und sagte sie w\u00fcrde gleich von einem Kollegen abgeholt werden. Ahnungslos wurde sie in ein Geb\u00e4ude gebracht, was aussah wie ein wei\u00dfes Quadrat aus Papier. Sie wurde in einen Raum geschickt und was sie dort sah, war ein einziger Schock. Niemals wird sie dieses Bild vergessen, dieses unerkl\u00e4rliche Gef\u00fchl was sie versp\u00fcrte. Wie sie dort lagen.. mit geschlossenen Augen.. ohne das Heben und Senken in der Brust.. Sofort musste sie daran denken, zu wem wohl diese Menschen geh\u00f6rten, was hatten sie f\u00fcr ein Verh\u00e4ltnis zu ihrer Familie? Wer stand ihnen nahe? Wie werden all die mit so einem Schicksal klar kommen? Auf einmal legte jemand seinen Arm um ihre Taille und schob sie sanft mit sich vorw\u00e4rts; Shane. Es war als w\u00e4re sie eingeh\u00fcllt in eine Glaskugel, denn alles um sie herum empfand sie als irreal. Mit leerem Blick lie\u00df sie sich von ihm leicht auf den Boden dr\u00fccken. Er lie\u00df sich vor ihr nieder. Kaltes Wasser floss auf seine H\u00e4nde mit welchen er sanft \u00fcber Laurie\u2019s Wangen und ihre Stirn strich. \u201eLaurie?\u201c Er packte sie an den Armen und sch\u00fcttelte sie, bis sie benommen anfing mit ihren langen schwarzen Wimpern zu blinzeln. Etwas erleichtert atmete er aus, als ihre emotionslose Maske zu br\u00f6ckeln begann. Langsam nahm sie wieder wahr, dass sie nicht alleine war. Ihr Schock verwandelte sich in Panik. Hektisch sah sie sich um. Ein paar Meter entfernt sa\u00df ein \u00e4lterer Mann und ein paar Sch\u00fcler, die sich ebenfalls erschrocken in der Gegend umsahen. Ansonsten war nur noch Shane da, sonst niemand. Sie sah zu Shane, welcher sie musterte als w\u00e4re sie gerade vom Tod wieder auferstanden, doch darum k\u00fcmmerte sie sich nicht weiter. Mit zitternder Stimme brachte sie wenigstens eine Frage zu Stande, obwohl ihr weitaus mehr als dies im Kopf schwirrte. \u201eW-was ist hier passiert? Wer sind die da hinten?\u201c Ohne ein Wort von sich zu geben dr\u00fcckte er Laurie eine Wasserflasche in die Hand und deutete mit dem Kopf auf diese um ihr zu verdeutlichen, dass sie trinken sollte. Dann fing er mit fester und doch sanfter Stimme an zu reden. \u201eIch habe gerade mit dem Mann dahinten geredet, der dir anscheinend schon aufgefallen ist. Er steuerte den Zug und konnte sich mit den paar Leuten da dr\u00fcben verstecken.\u201c Er r\u00e4usperte sich, schwieg jedoch danach. \u201eWovor verstecken? Was gibt es hier wovor man sich verstecken m\u00fcsste? Wie sind wir \u00fcberhaupt hierhin gekommen? Und was ist mit den Menschen?\u201c, sie deutete mit ihrem schwankenden, kleinen Zeigefinger auf die Leblosen ohne sich zu ihnen zu wenden. Er ging mit seiner Zunge \u00fcber seine rosaroten Lippen ehe er anfing zu erz\u00e4hlen. \u201eVor ein paar Jahren war ein Junge auf dieser Schule. Er war ziemlich gut, ein echter \u00dcberflieger. Nur 1en, viele AGs und Projekte haben sein Zeugnis zu einem noch gr\u00f6\u00dferen Erfolg gezeichnet. Leider war sein Verstand nicht ganz so beeindruckend. Pr\u00fcgeleien, Erpressungen, all das war bei ihm Tagesordnung und nachdem er dies nicht mehr nur bei Sch\u00fclern sondern auch bei Lehrern anzuwenden versuchte, keine Ahnung wie er auf so eine Idee kam, war es dann auf dieser Schule mit ihm vorbei. Er wurde suspendiert, f\u00fcr immer.\u201c Er holte tief Luft und sah zu Laurie, die auf ihrer Lippe herumbiss, w\u00e4hrend ihr ein kalter Schauer \u00fcber den R\u00fccken lief. \u201eDu kannst dir wahrscheinlich vorstellen, dass damit seine Erfolgsstr\u00e4hne vorbei war. Und anscheinend nimmt er das nicht nur unserem Schulleiter \u00fcbel, sondern auch jedem anderen der auf diese Schule geht.\u201c Eine dicke G\u00e4nsehaut trat auf ihren Armen hervor, das Blut wich aus ihrem Gesicht und sie riss ihre dunkelblau schillernden Augen auf. \u201eDrake hat seine Tat lange geplant. Er will sich r\u00e4chen, an allen die jemals etwas mit diesem Internat zu tun hatten. Und so wie ich ihn kenne, ist es noch nicht vorbei.\u201c Laurie schluckte schwer und alles vor ihr verschwamm, bis sie nur noch pechschwarz sah. Sie legte ihren Kopf in die H\u00e4nde und versuchte alles auszublenden, ihr Augenlicht wiederzugewinnen, dr\u00fcckte ihre Handfl\u00e4chen gegen ihre Schl\u00e4fen, um den Kopf zusammenzuhalten, der zu explodieren drohte, sie wollte nicht den Verstand verlieren, doch sie merkte selbst, sie war ganz kurz davor. Alles drehte sich. Verzweifelt versuchte sie irgendwie einen klaren Gedanken zu fassen, ohne Erfolg. Wieder legte sich ein Arm um sie, diesmal fester als zuvor. \u201eIst okay. Wir denken uns was aus, wir schaffen das schon hier lebend rauszukommen keine Sorge.\u201c Sie schaute ihn kurz an, doch auch sein Gesicht, was nur wenige Zentimeter von ihrem entfernt war, sah sie alles andere als scharf. Ihr Kopf fing an zu dr\u00f6hnen und sie lie\u00df ihre inneres fallen, doch sie wusste; er w\u00fcrde sie fangen.",
            "wordcount": "1.097",
            "chapter_release": "12.09.2013",
            "chapter_number": "7"
        },
        "8": {
            "text": "Als Laurie die Augen \u00f6ffnete, schien noch immer oder schon wieder die Sonne. Ihr Kopf lag auf Shanes warmen Oberschenkeln. Sie befanden sich auf dem Zugboden an der T\u00fcr, welche sie nach drau\u00dfen und somit in die grauenvolle Realit\u00e4t gef\u00fchrt hatte. F\u00fcr einen Moment dachte sie, alles w\u00e4re blo\u00df ein Traum gewesen, was nun wohl jeden Tag der Fall sein w\u00fcrde, denn f\u00fcr sie wirkte nichts von all dem real. Als sie ihre Position bemerkte und auch zu realisieren schien, dass nichts was sie sah, fiktional war, setzte sie sich schlagartig kerzengerade auf und starrte Shane an, der gedankenverloren in die Ferne schaute. Er nahm sofort ihren Blick, der auf ihm ruhte, wahr und wendete sich zu ihr um. Bevor er auch nur den Mund \u00f6ffnen konnte, ergriff Laurie auch schon das Wort. \u201eWie lang habe ich geschlafen? Wie geht es jetzt weiter? Wo sind die Anderen? Gibt es \u00fcberhaupt eine M\u00f6glichkeit hier lebend herauszufinden?\u201c Sie holte tief Luft, um wieder zu Atem zu kommen. Er murmelte kurz vor sich hin.. \u201eWie kann man aufwachen und direkt so viel reden..\u201c F\u00fcr einen Augenblick erschien ein leicht sp\u00f6ttisches L\u00e4cheln auf seinen rosa Lippen, doch in Laurie\u2019s Augen spiegelte sich blanke Panik und Angst, Todesangst. Dies entging ihm nicht, sodass er sich bem\u00fchte ernst zu bleiben und sie etwas aufzumuntern. Hoffnung war nun das einzige was ihnen blieb, vorerst.\u201eHey, du warst doch diejenige, die von Magie geschwafelt hat. Haben Harry, Ron und \u00e4h Heroin jemals aufgeh\u00f6rt zu k\u00e4mpfen?\u201c Er hoffte innerlich, dass sie nicht am Ende gestorben sind oder sowas, denn er hatte wirklich keinen blassen Schimmer, jedoch konnte er sich nicht vorstellen, dass Laurie dann so sehr von diesen Filmen oder B\u00fcchern schw\u00e4rmen w\u00fcrde. So wie sie wirkte war sie eine totale Tr\u00e4umerin, dachte Shane, versteckte sich in ihren M\u00e4rchen \u00fcber Zauberei und \u00e4hnliches um der Realit\u00e4t zu entfliehen. Unter einem aufgeweckten Lachen brachte Laurie nur das Wort \u201eHeroin\u201c hervor und rollte sich anschlie\u00dfend im Zug auf und ab, bis sie sich wieder beruhigt hatte. Sie r\u00e4usperte sich. \u201eHarry Potter ist wohl nicht so ganz deins, oder?\u201c Sie grinste ihn aus ihrem liegenden Standpunkt an und biss sich auf die Lippe, konnte jedoch ein weiteres leises Gekicher nicht \u0001 \u0002 erschien sie Shane wie ein kleines Kind und doch strahlten ihre Augen so viel Ernst und Erfahrung aus. So eine widerspr\u00fcchliche Pers\u00f6nlichkeit hatte er noch nie erlebt. Schlicht und einfach gesagt, war sie f\u00fcr ihn wie ein einziges R\u00e4tsel, eine Wundert\u00fcte, ein verschlossenes Buch. Ein Fragezeichen, was er hoffte noch zu einem Ausrufezeichen umwandeln zu k\u00f6nnen.\u201eNicht so ganz\u201c, antwortete er dann l\u00e4chelnd, froh dar\u00fcber, dass er sie, auch wenn nicht wie geplant, beruhigen konnte. \u201eMein Vater war genau wie du. Besessen von Fakten der Realit\u00e4t und f\u00fcr keine Art der Magie bereit\u201c, sie verdrehte ihre dunklen Augen, ohne den Anflug eines L\u00e4chelns. \u201eNur die Realit\u00e4t kann dich auf das Leben vorbereiten, M\u00e4rchen machen dich schwach\u201c, imitierte sie seine Stimme und sch\u00fcttelte mit zuckenden Mundwinkeln den \u0001 \u0002 als er auf ihre Bemerkung etwas erwidern wollte erklang ein lauter Knall und beide zuckten erschrocken \u0001 \u0002 \u0001 \u0002 griff Shane nach Lauries Arm und zog sie von der Ausgangst\u00fcr weg. Sein starker Griff machte es m\u00f6glich, sie schnell zu sich zu ziehen. Er hielt seine gro\u00dfe Hand \u00fcber ihren Mund, damit sie nicht zu schreien beginnen konnte. Shane konnte ihren schnellen Atem sp\u00fcren, seiner war jedoch \u00fcberraschender Weise ruhig und gleichm\u00e4\u00dfig. Er schob sie vor sich her, als w\u00e4re sie seine Geisel und lenkte sie ein St\u00fcck den Gang entlang in ein Abteil. Seine Handfl\u00e4chen dr\u00fcckten sie sanft herunter, sodass sie durch das Fenster nicht zu sehen war, aber auch selbst nicht hinaus schauen konnte, um Panikattacken zu vermeiden. Mit einer einzelnen schnellen Handbewegung gab er ihr zu verstehen, dass sie unter die Sitzbank kriechen solle. Er selbst lugte aus dem Fenster um die Lage von drau\u00dfen zu betrachten. Er wusste, dass jemand hier war, der nicht hier hin geh\u00f6rte. Waren Drake und seine Anh\u00e4nger wiedergekehrt? Wollten sie m\u00f6glicherweise ihr Werk vollenden? Das n\u00e4chste Blutbad stand bevor und er wollte weder das Laurie, noch er selbst daran beteiligt sein mussten. Aus dem Fenster heraus nahm er ein paar Menschen wahr. Darunter der Zugf\u00fchrer und 5 Sch\u00fcler, aus unterschiedlichen Stufen. Allen konnte Shane einen Namen zu ordnen, manchen auch ein Verhalten und \u00fcbliche Ger\u00fcchte. Panisch rannten sie umher, ungewiss was zu tun war. Keine Spur von Drake, doch dann trat mit langsamen und sicheren Schritten ein d\u00fcnner, schlaksiger Mann, h\u00f6chstens Mitte 20 in Shane\u2019s Blickfeld, der sich mit seinen knochigen Fingern an eine Pumpgun klammerte. Shanes Augen blieben an dieser h\u00e4ngen. Sollte er auf sich Aufmerksam machen, um die Au\u00dfenstehenden zu retten oder Laurie\u2019s und sein Leben besch\u00fctzen? Keine der beiden M\u00f6glichkeiten schien ihm angemessen. Er duckte sich zu seiner Abteilsgenossin hinunter und schaute ihr in die Augen. \u201eSobald du den n\u00e4chsten Schuss h\u00f6rst, schl\u00e4ngelst du dich auf dem Boden entlang, ein paar Abteile weiter. Beeil dich, du hast nicht viel Zeit, okay?\u201c Seine tiefe Stimme war leise und bestimmt. Ohne auf ihre Reaktion zu achten wanderte sein Blick wieder zum Fenster, wo der Bewaffnete immer noch mit seinem Druckmittel umher wedelte. Er bewegte sich n\u00e4her zum Zugf\u00fchrer und einem Sch\u00fcler, der sich dicht hinter dem F\u00fchrer befand. Der Lauf der Waffe war nun nur noch wenige Meter von den beiden Opfern entfernt. Doch es ging zu schnell, als das Shane es h\u00e4tte verhindern k\u00f6nnen. Ein Knall und die Beiden fielen zu Boden, wie aufblasbare Weihnachtsm\u00e4nner denen die Luft entzogen wurde. Zitternd begann Laurie unter der Bank hervorzukommen, doch sein Plan war mit diesem Schuss nicht aufgegangen. \u201eWarte\u201c, zischte Shane. Leider etwas zu laut, denn schlagartig drehte der Mann mit anscheinend sehr guten Ohren sich in ihre Richtung. \u201eSchei\u00dfe\u201c, kam es aus den M\u00fcndern beider. Sie wechselten kurz einen Blick, doch als seine Augen sich wieder zum Fenster wandten, war niemand mehr zu sehen, bis auf zwei leblose K\u00f6rper und drei v\u00f6llig hysterisch umherwandernde Sch\u00fcler. Er muss schon im Zug sein. Ohne auch nur einen Moment nachzudenken, \u00f6ffnete er die T\u00fcr und blickte in den Gang. Niemand. Er drehte sich zu der Magiefanatikerin, welche versuchte nicht in eine Hysterie zu verfallen und z\u00e4hlte daher im Kopf immer wieder von 1 bis 10 um sich zu beruhigen. Sie \u00fcberlegte, was nun zu tun war, denn seinem Gesichtsausdruck nach zu urteilen hatte ausnahmsweise auch Shane keine Ahnung mehr. Es gab zwei M\u00f6glichkeiten. Entweder sie flohen, oder sie stellten sich einem Mann, der kein Problem damit hatte seine Waffenkenntnisse an ihnen auf die Probe zu stellen. Das Erste erschien ihr deutlich einfacher, denn weder Harry Potter noch sonst jemand mit magischen Kr\u00e4ften war nun zur Stelle um der Waffe zu trotzen und ihnen zu helfen. Immer noch auf dem Boden kniend, krabbelte sie neben Shane\u2019s Beine um ebenfalls aus der Abteilt\u00fcr schauen zu k\u00f6nnen. Keine Menschenseele in Sicht. Sie zog leicht an seinem Hosenbein um auf sich aufmerksam zu machen, machte sich dann aber ohne auf seine Zustimmung oder Erlaubnis zu warten auf den Weg durch den Gang zum Ausgang dieses Versteckes. Im nun so unendlich lang wirkenden Gang landete ihre rechte Hand in einem spitzen Gegenstand, doch f\u00fcr Schmerz hatte sie keine Zeit, sie musste schnell hier weg. \u201eWarum zur H\u00f6lle krabble ich eigentlich wie ein kleines Kind durch die Gegend?\u201c, fragte sie sich, sprang auf und rannte den Korridor entlang. Als sie sich umdrehte, konnte sie zwar Shane nicht entdecken, daf\u00fcr aber einen sehr grausam aussehenden jungen Mann mit schon grauen Haaren und einer Narbe \u00fcber der Augenbraue, dessen Gesichtsausdruck nicht danach aussah als w\u00fcrde er Gnade \u00fcber ein kleines hilfloses M\u00e4dchen walten lassen. Er starrte sie blutdurstig an und nahm Verfolgung auf. Sie rannte wortw\u00f6rtlich um ihr Leben, ihr Herzschlag lie\u00df den gesamten K\u00f6rper vibrieren und es kam ihr wie ein stundenlanger Weg vor, obwohl sie h\u00f6chstens 2 Sekunden unterwegs war. Als sie zur T\u00fcr kam stand der Mann nur wenige Meter hinter ihr seine Waffe auf sie gerichtet, konzentriert darauf, die Kugel nicht zu verschwenden. V\u00f6llig mit der Waffe verschmolzen bemerkte er nicht, dass er und das M\u00e4dchen nicht mehr alleine waren. Shane rammte mit aller Kraft seinen Ellbogen in die Seite des Schm\u00e4chtigen, dessen Finger erschreckt die Kugel abdr\u00fcckte. Ein weiterer Knall \u0001 \u0002 Shanes Sto\u00df verfehlte die Metallkugel jedoch das Ziel \u0001 \u0002 st\u00fcrzte unsanft in die feinen K\u00f6rner. Sofort sp\u00fcrte sie einen brennenden, fast unertr\u00e4glichen Schmerz in der Wade. Die Kugel musste sie getroffen haben. Sie bem\u00fchte sich die Fassung zu behalten, doch es tat zu sehr weh. Alles schien auf einmal viel hei\u00dfer, als w\u00fcrde die Sonne nur wenige Kilometer von ihnen entfernt sein. M\u00fcsste dieser Psychopath sie nicht schon l\u00e4ngst erschossen haben? Schwei\u00df rann \u00fcber ihr Gesicht, sie f\u00fchlte sich so schwer, als w\u00fcrden LKW\u2019s auf ihren Schultern lasten, dabei lag sie reglos im Sand. Sie h\u00f6rte Schritte, nun hatte ihre letzte Stunde geschlagen. Hoffentlich beeilt er sich, ich habe schon genug gelitten, \u00fcberlegte sie. In Gedanken versunken dachte sie an ihr bisheriges Leben, ihre Eltern. Immerhin w\u00e4ren sie nach ihrem Tod endlich wieder \u0001 \u0002 ihrem Erstaunen h\u00f6rte sie eine ihr bekannte Stimme. \u201eLaurie? Kannst du mich h\u00f6ren? Es wird alles gut, ich bin hier.\u201c Jemand legte sie auf den R\u00fccken, doch sie war zu schwach um die Augen zu \u00f6ffnen. Shane beugte sich \u00fcber sie und schob dabei seine Arme unter ihren R\u00fccken und ihre Beine. Mit einem Ruck zog er sie an sich und stand auf. Er gab den \u00fcberlebenden Sch\u00fclern ein Zeichen, dass sie ihm folgen sollten. Und so begann eine orientierungslose Wanderung durch die W\u00fcste. Mit 2 Rucks\u00e4cken, die Shane schnell gepackt hatte w\u00e4hrend Laurie\u2019s Versuch zu fliehen, 3 verschreckten und unbekannten Sch\u00fclern, einer geklauten Pumpgun, einem angeschossenen M\u00e4dchen und einem Jungen, der keinen blassen Schimmer hatte, was als n\u00e4chstes geschehen w\u00fcrde.",
            "wordcount": "1.639",
            "chapter_release": "12.09.2013",
            "chapter_number": "8"
        },
        "9": {
            "text": "Langsam \u00f6ffneten sich ihre Augen. Sie sp\u00fcrte das Brennen ihres Beines und ein stechendes Dr\u00f6hnen, welches sich durch den ganzen Kopf zog. Dieser lag auf Shane\u2018s Jacke und als sie sich auf eine Seite wandte, erblickte sie ihn an einen Rucksack lehnend nicht weit von ihr entfernt. Seine Augenlieder \u00fcberdeckten seine Augen. Wahrscheinlich schl\u00e4ft er, dachte sie. Laurie richtete sich behutsam auf und verzog bei der Erinnerung an die Verletzung das Gesicht. Einige Meter weiter sa\u00dfen ein paar Jugendliche, die sie anstarrten als w\u00e4re sie gerade von den Toten erwacht. Etwas verwirrt legte sich ihr Blick nun auf ihre Wade. Sie zog ihr Hosenbein hinauf, um die Wunde zu begutachten, doch bevor sie sich ein Bild machen konnte, h\u00f6rte sie auch schon seine raue, verschlafene Stimme \u00fcber ihr. \u201eIch hab\u2018 alles, so gut es mit den Mitteln die wir hatten halt m\u00f6glich war, versorgt. Wie geht es dir?\u201c Er hockte sich neben sie und hielt ihr eine Wasserflasche hin. Blinzelnd starrte Laurie zwischen der Flasche und Shane hin und her. Das leicht besorgte L\u00e4cheln auf seinen rosaroten Lippen und seine tiefe Stimme brachten sie noch um ihren Verstand, wodurch sie f\u00fcr einen Augenblick ihre Schmerzen verga\u00df. Z\u00f6gernd antwortete sie ihm. \u201eIch wurde angeschossen, bin auf der Flucht vor einem Verr\u00fcckten in einer W\u00fcste mit Menschen, die ich nicht kenne und mein Kopf tut weh. Aber mir geht es echt super, k\u00f6nnte nicht besser sein.\u201c Sie versuchte es wie einen Witz wirken zu lassen, doch er wusste, dass es ihr n\u00e4her ging, als sie zugeben w\u00fcrde. \u201eMuss ich dir das Wasser zuf\u00fchren oder schaffst du das noch selber?\u201c Er bewahrte sein leichtes L\u00e4cheln und schaute ihr durchdringend in ihre dunkelblau schimmernden Augen. \u201eDie da dr\u00fcben sind ganz okay, ich h\u00e4tte sie schlecht alleine da rumlungern lassen und dem Tod aussetzen k\u00f6nnen. Wir m\u00fcssen bald wieder weiter, wir wissen nicht wann der n\u00e4chste Handlanger von Drake uns aufsp\u00fcren wird.\u201c Er nahm die Wasserflasche wieder entgegen und kippte ein paar Tropfen auf ein Tuch, um dann Laurie\u2019s Hosenbein noch ein St\u00fcck nach oben zu schieben und das Tuch darum zu wickeln. \u201eIch hab\u2018 die Kugel rausgeschnitten, es muss also nur verheilen. Meinst du, du kannst laufen oder soll ich dich tragen?\u201c Laurie musterte ihn. \u201eNein danke, dass schaffe ich schon selber.\u201c Ein wenig ver\u00e4rgert \u00fcber seine Frage drehte sie sich in die Richtung um, aus der sie meinte, gekommen zu sein. Zu ihrer Verwunderung konnte sie nirgends auch nur eine Spur von dem erkennen, was sie vor ihrem Aussetzer zu Gesicht bekommen hatte. Pl\u00f6tzlich regte sich etwas weit in der Ferne. Shane, der immer noch neben ihr kniete schaute sie fragend an und folgte ihrem scharfen Blick. Ohne auch nur irgendetwas sehen zu k\u00f6nnen, traute er ihrem Instinkt und stand in gef\u00fchlter Lichtgeschwindigkeit auf den Beinen, als w\u00fcrde er sich erinnern, wieso er hier war. \u201e Ich hole alles, was wir noch besitzen und die Anderen. Wir m\u00fcssen weiter\u201c, brachte er mit zusammengekniffenen Lippen hervor. Sie versuchte sich aufzurichten und blieb einen Moment auf wackeligen Beinen stehen und schaute sich nun in neuer Sichtweise um, doch es \u00e4nderte nichts. Sie beugte sich hinunter um noch einen Schluck aus ihrer Flasche zu trinken, wobei sie ihr Gleichgewicht verlor und zur\u00fcck in den Sand sank. Wie sollte sie blo\u00df mit ihrem Bein noch lange Strecken laufen!? Die zwei M\u00e4dchen, eine davon mit strohblondem, langen Haar und die Andere mit genau dem gegenteiligen Aussehen, und der Junge mit einem kaffeefarbenen Teint und pechschwarzen Haaren, standen ein paar Meter von ihr entfernt und sahen aufgew\u00fchlt alle in die selbe Richtung. Als sie zwei halbmondf\u00f6rmige gr\u00fcngraue Augen anschauten, wendete sie sich zu ihm um. \u201eSicher, dass ich dir nicht helfen soll?\u201c, ein kleines L\u00e4cheln umspielte seine Lippen. Er streckte seine Arme zu ihr aus, welche sie mit gerunzelter Stirn be\u00e4ugte. Sie nahm z\u00f6gernd seine H\u00e4nde, damit er sie hoch ziehen konnte. \u201eGuck nicht so, als w\u00fcrdest du mich gleich t\u00f6ten wollen. Hilfe anzubieten, ist kein Verbrechen\u201c, er l\u00e4chelte ihr zu und legte einen Arm um sie und zog Laurie dann weiter. \u201eIch w\u00fcrde euch ja jetzt lang und breit alle vorstellen\u201c, sagte Shane laut zu den \u00fcbrigen Fl\u00fcchtlingen, \u201e\u2018ne Vorstellungsrunde oder so, aber daf\u00fcr haben wir leider keine Zeit, ist irgendwie nicht so kuschelig hier.\u201c Laurie musste grinsen. Er w\u00e4re ein tougher Pfadfinderanf\u00fchrer oder sowas in der Art.. und zum Gl\u00fcck hatten sie keine Zeit f\u00fcr lange Kennenlerngespr\u00e4che, auf sowas hatte sie ohne hin nie Lust und ehrlich gesagt sahen weder Blondi, noch ihr Gegenst\u00fcck sehr sympathisch aus. Sie waren total in ihre Selbstmitleidsschiene vertieft, weshalb sie sich auf keine Gespr\u00e4che gefasst machen musste. Shanes Griff verfestigte sich ab und zu etwas, wenn sie begann weiter in den Sand zu sinken, damit sie blo\u00df nicht fiel. So liefen sie Stunde um Stunde, bis der Himmel sich wieder in blutrote Streifen verwandelte und der Feuerball begann sich hinter dem Horizont im Sand zu verbergen. F\u00fcr sie war das ein Zeichen, mal Pause zu machen. Selbst wenn sie nicht mit ganzer Kraft laufen musste, gaben ihre Beine andauernd unter ihr nach und irgendwann konnte Shane sicher auch nicht mehr. \u201eHey, machen wir mal Pause oder wollen wir auch noch die ganze Nacht durch laufen? Wir haben doch schon ein ganzes St\u00fcck geschafft, so schnell finden die uns schon nicht.\u201c Alle 4 wandten den Blick auf Laurie, wobei sich ihre Wangen sofort leicht r\u00f6teten. Da meldeten sich auch schon die 2 M\u00e4dchen zu Wort, die ihre Mitleidsphase wohl immer noch nicht \u00fcberwunden hatten. \u201eJa, ich hab\u2018 schrecklichen Durst und mir tut jeder Muskel weh\u201c, meckerte Blondi. Ihre Freundin nickte nur mit ihrem gequ\u00e4lten Gesichtsausdruck mitf\u00fchlend. Wenn sie nicht bald mit ihrer Heulerei aufh\u00f6ren w\u00fcrden, musste sie dringend ihre Ohrst\u00f6psel suchen. Aber immerhin waren sie derselben Meinung wie sie. Shane \u00fcberlegte kurz, er schien kein bisschen m\u00fcde zu sein, willigte jedoch, mit einem Blick auf Laurie, ein. Sehe ich denn so mitleidserregend aus?, schmollte sie still vor sich hin und lie\u00df sich dann nach hinten in den Sand fallen. Shane und der Junge mit den schwarzen Haaren setzten sich neben sie. Laurie starrte den Jungen eine Weile an, den sie noch kein einziges Mal hatte sprechen h\u00f6ren. Ob seine Stimme wohl so dunkel klang, wie seine Haare waren?, fragte sie sich. Als k\u00f6nnte er Gedanken lesen, \u00f6ffnete er den Mund um etwas zu sagen. \u201eHab ich irgendetwas im Gesicht, Shane? Deine kleine Freundin guckt mich die ganze Zeit so komisch an.\u201c Laurie erwachte aus ihrer Gr\u00fcbelei, als sie seine Stimme h\u00f6rte, die \u00fcbrigens wirklich ziemlich tief war. Shane konnte sich ein kleines Lachen nicht verkneifen. \u201eSorry Ben, irgendwie starrt sie gerne in der Gegend rum.\u201c Er schnipste mit den Fingern vor Laurie herum. Diese schlug seine Hand schnell weg. \u201eHalt die Klappe. Deine Stimme klingt wie ein Kontrabass\u201c, sagte sie ohne dar\u00fcber nach zu denken. \u201eUnd ihre Gedanken direkt aussprechen kann sie auch ganz gut\u201c, f\u00fcgte Shane immer noch grinsend hinzu. Laurie stupste ihn fest an. \u201eUnd \u00e4h ihr kennt euch?\u201c \u201eShane und ich sind in derselben Stufe. Und du solltest wahrscheinlich die Neue werden, was?\u201c Ihre Lippen verzogen sich zu einem kleinen L\u00e4cheln. \u201eJa, das bin dann wohl ich. Du kannst mich aber auch Laurie nennen. Wenn es euch nichts ausmacht, w\u00fcrde ich jetzt aber gerne noch etwas schlafen, bis unser Diktator uns hier weiter scheucht\u201c, scherzte sie. Als es irgendwann stiller wurde, gr\u00fcbelte Laurie \u00fcber die letzten Tage nach. Ob sie jemals aus dieser Sandlandschaft herausfinden werden? Ihr Kopf war voll und ihre Gliedma\u00dfen v\u00f6llig ersch\u00f6pft. Zur Nacht hin waren die Temperaturen wieder in die Minusgrade gesunken. Was war blo\u00df los mit dieser W\u00fcste!? \u201eShane?\u201c, fl\u00fcsterte sie nach einer Weile, \u201ebist du wach?\u201c Sofort drehte er sich um und sah erst um sich und dann aufmerksam zu ihr. \u201eAlles okay?\u201c, er schaute sie sorgsam an. Ohne auf seine Frage zu antworten, schaute sie ihn etwas \u00e4ngstlich an. Nat\u00fcrlich hatte sie Angst, auch wenn sie das niemals zugeben w\u00fcrde. Au\u00dferdem hatte sie das Gef\u00fchl, dass ihr gleich s\u00e4mtliche K\u00f6rperteile abfrieren. Er r\u00fcckte etwas n\u00e4her zu ihr und legte einen Arm um sie. Ihren Kopf legte sie an seine warme Brust. Shane\u2019s Herzschlag hatte eine echt beruhigende Wirkung, stellte sie fest und l\u00e4chelte in sich hinein w\u00e4hrend sie dem Ger\u00e4usch in seinem Oberk\u00f6rper lauschte. Langsam verga\u00df sie alles um sich herum und widmete sich voll und ganz seinem pochenden Herzen. Kurz bevor Lauries zitternder Atem gleichm\u00e4\u00dfig wurde, fl\u00fcsterte Shane ihr noch etwas ins Ohr. \u201eWir schaffen das hier raus, egal ob warm, kalt und alles dazwischen. Uns h\u00e4lt nichts auf.\u201c Mit diesen Worten im Kopf schlief sie schlie\u00dflich ein. Als ein warmer Sonnenstrahl sie weckte, lag Shane nicht mehr dort, wo sie ihn zuletzt gesp\u00fcrt hatte. Ihr Mund war trocken, doch ihr Wasser war nahezu aufgebraucht. Als sie ihren Schlaf aus den Augen geblinzelt hatte, sprang sie schnell auf um nach den Anderen zu sehen. Die pl\u00f6tzliche Hitze stieg sofort in ihren Kopf und die M\u00fcdigkeit, die sie geglaubt hatte ausgeschlafen zu haben, kehrte langsam \u0001 \u0002. Sand. Hitze. Weit und breit keine einzige Wolke zu sehen. Laurie musste schmunzeln. F\u00fcr einen Urlaub w\u00e4re es hier nahezu perfekt. Sie schaute sich ersch\u00f6pft um. So viele Menschen, die sie zur\u00fccklassen mussten. Zu viele Menschen mussten bereits sterben und es werden nicht die letzten sein. Ihr war so warm, die Sonne prallte auf ihre Haut, der Schwei\u00df rann ihr an den Schl\u00e4fen hinunter und ihr schmerzendes Bein machte sich langsam wieder bemerkbar. Wie lange wird sie noch durchhalten? Schwindelnd setzte sie sich in den feinen Sand und vergrub ihre Finger darin. Sie musste trinken, doch das konnte sie nicht. Ihre Flasche war bald leer und viel w\u00fcrde sie nicht mehr bekommen. Pl\u00f6tzlich h\u00f6rte sie seine sanfte und doch dr\u00e4ngende Stimme hinter ihr erklingen.\u201eLaurie, steh auf! Du musst weitergehen, wir haben keine Zeit zum Ausruhen, wir m\u00fcssen weiter. Schnell!\u201cBevor sie auch nur sehen konnte wo er stand, sp\u00fcrte sie wie zwei H\u00e4nde unter ihre Arme griffen und sie hoch zogen. Sie schaute ihn verwirrt an. \u201eWas ist los? Warum guckst du mich so an?\u201c Bevor Shane auch nur etwas sagte, wusste sie was los war. Sie blickte noch einmal um sich, doch sie hatte richtig gesehen. Der meckernde Blondschopf war weg.",
            "wordcount": "1.705",
            "chapter_release": "12.09.2013",
            "chapter_number": "9"
        }
    },
    "title": "Warm, kalt und alles dazwischen.",
    "topic": "unspecified",
    "release": "\n12.09.2013\n\t\t\t\t\t\t",
    "author": "-Tagtraeumerin-"
}