{
    "tags": [],
    "chapcount": "10",
    "wordcount": "11.214",
    "chapters": {
        "1": {
            "text": "Hallo ihr \u0001 \u0002 f\u00fcr ein Haustier zu entscheiden, bedeutet nicht nur Spa\u00df und Vergn\u00fcgen. Diese Aufgabe bringt auch eine gro\u00dfe Verantwortung mit sich, denn das Tierchen soll es ja guthaben, sich wohlf\u00fchlen und artgerecht leben d\u00fcrfen. Gelegentliche Besuche beim Tierarzt geh\u00f6ren dazu und sind mitunter lebenswichtig. Ebenso wie ein Mikrochip f\u00fcr Katzen oder Hunde, in welchem die Daten des Tieres und seines Besitzers gespeichert werden, um eventuell entlaufene Tiere wiederzufinden. Der etwa reiskorngro\u00dfe Mikrochip wird von einem Tierarzt mithilfe einer Einwegspritze unter die Haut an der linken Nackenseite des Tieres gesetzt. Dies ist die international festgesetzte \u0001 \u0002 Verfahren erfolgt schnell und verursacht nicht mehr Schmerzen als eine normale Spritze. Das Tier sp\u00fcrt den Chip nicht, aber er bleibt ein Leben lang an Ort und \u0001 \u0002 ein spezielles Leseger\u00e4t kann die Daten aus dem Haustier-Chip herauslesen. Durch elektromagnetische Wellen, die von dem Leseger\u00e4t ausgehen, wird der Chip aktiviert und die Daten k\u00f6nnen \u00fcbertragen \u0001 \u0002 der Chip implantiert wurde, sollte die Identifikationsnummer zusammen mit Adresse, Namen und Telefonnummer des Tier-Besitzers in einer internationalen Datenbank registriert werden. Eine Registrierung ist nicht zwingend, aber durchaus empfehlenswert. Sie erh\u00f6ht die Chance, das Tier im Fall eines Verlusts schnell wiederzufinden. Eine solche, sehr empfehlenswerte Datenbank ist der Verein TASSO. Eine Organisation, die sich f\u00fcr Tiere in Not engagiert und sich bem\u00fcht, jedes entlaufene Tier so schnell wie m\u00f6glich wieder zu seinem Halter \u0001 \u0002 Tierbesitzer kann das Tier bei TASSO mit seinen Daten und der Chipnummer kostenlos registrieren. Wie wichtig so ein winziger Chip sein kann, habe ich selbst \u0001 \u0002 erz\u00e4hlt diese wahre Geschichte, die schon irgendwie an ein kleines Wunder \u0001 \u0002 Spa\u00df beim \u0001 \u0002 Jeany*********Einander wiederzufinden, wenn man sich bereits f\u00fcr immer verloren \u0001 \u0002 mit Sicherheit eines der sch\u00f6nsten Gef\u00fchle im \u0001 \u0002 GESCHEHEN*****1*****Ich bin Mali. An einem sonnigen Junitag kam ich im Tierheim zur Welt. W\u00e4hrend meine beiden Geschwister aussahen wie meine Mama, n\u00e4mlich schwarz mit wei\u00dfem L\u00e4tzchen, kam ich mit meiner farbenfrohen Fellzeichnung wohl eher nach meiner unbekannten Gro\u00dfmutter. Schildpatt nennt man die schwarz-braun-wei\u00dfe Farbgebung, die nur weibliche Tiere haben und von der man sagt, sie sei ein Gl\u00fccksbringer f\u00fcr jede Fellnase, die sie ihr Eigen \u0001 \u0002 tats\u00e4chlich hatte ich gro\u00dfes Gl\u00fcck, denn ich wurde gleich, nachdem ich die Pflegestation verlassen durfte, an eine sehr nette Familie \u0001 \u0002 gestaltete sich das jedoch gar nicht so einfach. In den ersten zwei Tagen nach unserem Umzug in ein eigenes Katzen-Familienzimmer kamen einige Leute, die sich f\u00fcr mich und meine Geschwister zu interessieren schienen. Doch meine Katzenmama war noch nicht bereit eines ihrer Kinder abzugeben. Sie fauchte jeden Neuank\u00f6mmling, der versuchte, sich uns zu n\u00e4hern, sofort warnend an und baute sich mit drohend gestr\u00e4ubtem Fell sch\u00fctzend vor ihrem Nachwuchs auf. Doch dann, am dritten Tag, erschien diese junge Frau. Als sie gemeinsam mit unserer Pflegerin das Katzenzimmer betrat, blieb Mama erstaunlicherweise ganz ruhig. Hatte sie die besondere Verbindung etwa auch gesp\u00fcrt? Wie dem auch sei, ich sp\u00fcrte es sofort, dieses warme Gef\u00fchl von Verbundenheit, denn ich wagte mich mutig hinter Mama hervor und tapste noch etwas unsicher auf die beiden H\u00e4nde zu, die sich mir vertrauensvoll \u0001 \u0002 Frau hob mich vorsichtig hoch und nahm mich z\u00e4rtlich in den Arm. Liebevoll begann sie mein Fell zu streicheln und mich zwischen den Ohren zu graulen, w\u00e4hrend sie mit wohlklingender leiser Stimme beruhigend auf mich einsprach. Ich wusste gar nicht wie mir geschah, als ein mir bislang unbekanntes, aber durchaus angenehmes Grummeln aus meinem Inneren in meiner Kehle emporstieg und sich in einem tiefen, zufriedenen Schnurren entlud.\u201eDa haben sich ja zwei gefunden!\u201c, lachte die Pflegerin, die uns immer das Futter brachte. \u201eDann werde ich schon mal die Papiere fertigmachen.\u201c\u201eNa, meine Kleine\u201c, fl\u00fcsterte meine neue Zweibeiner-Frau liebevoll. \u201eDu m\u00f6chtest dich bestimmt noch von deiner Familie verabschieden, bevor wir in dein neues Zuhause fahren.\u201c Sie hielt mich sicher im Arm, beugte sich hinunter zu meiner Mama und streichelte sie beruhigend. \u201eIch verspreche dir, dein kleines M\u00e4dchen wird es gut haben bei uns.\u201c Meine Mama lie\u00df sich die Ber\u00fchrung gefallen, ohne den Blick von mir zu wenden. Sicher fiel ihr der Abschied nicht leicht, aber sie sp\u00fcrte wohl, dass es so sein sollte. Meine Geschwister dr\u00fcckten sich sch\u00fcchtern an sie und verabschiedeten sich mit einem letzten stummen Blick von mir.\u201eMacht`s gut\u201c, sagten meine Augen. Dann kuschelte ich mich tief in den Arm meiner neuen Mama und wanderte erwartungsvoll mit ihr hinaus in mein spannendes zuk\u00fcnftiges Leben. ***Zu meiner neuen Familie geh\u00f6rten Mama, Papa und ihr vierj\u00e4hriger Sohn Jonas. Sie hie\u00dfen mich freudig willkommen und gaben mir den sch\u00f6nen Namen \u0001 \u0002 drei waren sehr lieb zu mir. Ich bekam das beste Futter, hatte einen richtig gro\u00dfen Kratzbaum, an dem ich mich herrlich austoben konnte, erhielt so viele Streicheleinheiten, wie ich zulie\u00df und konnte mich im ganzen Haus frei bewegen und herumtollen, soviel ich \u0001 \u0002 und auch oft tags\u00fcber schlief ich in meinem wunderbar weichen Katzenkissen oder auf dem Sofa in der Stube. Am allerliebsten jedoch kuschelte ich mich auf den Scho\u00df meiner neuen \u0001 \u0002 ein paar Wochen Eingew\u00f6hnung durfte ich dann auch in den Garten meiner Familie. Ich liebte es, herumzustreifen und die Gegend zu erkunden. Die Wildblumenwiese und das angrenzende Feld hinter unserem Grundst\u00fcck wurden zu meinem bevorzugten Revier. Ich sprang herum, kletterte Baumst\u00e4mme hinauf und erklomm in meinem \u00dcbermut irgendwann auch das hauseigene Garagendach, auf dem ich dann jedoch jammernd sitzenblieb, weil der Abstieg mir gef\u00e4hrlicher erschien als das Hinaufklettern. Mein kl\u00e4gliches Mauzen klang wohl, als k\u00e4me es tief aus der Schwanzspitze, woraufhin mein Zweibeiner-Papa sofort die Leiter holte und mich aus meiner misslichen Lage befreite. Auf dem Feld hinter dem Haus gab es jede Menge M\u00e4use. Diese schmackhaften kleinen H\u00e4ppchen zu jagen und zu fangen geh\u00f6rte bald zu meinen liebsten Hobbys. Ich fra\u00df sie nicht auf, sondern nahm sie mit und schenkte sie meinen Zweibeinern. Das war der h\u00f6chste Liebesbeweis, den ich ihnen erbringen konnte. Liebevoll legte ich ihnen meine erlegte Beute zuerst vor die T\u00fcr und sp\u00e4ter direkt auf den Boden in der Diele, wohin mich mein eigener Hauseingang namens \u201eKatzenklappe\u201c \u0001 \u0002 Zweibeiner-Mama sah zwar nicht begeistert aus, wenn sie die \u201eH\u00e4ppchen\u201c bemerkte, aber sie streichelte und lobte mich jedes Mal. Trotzdem konnte ich nicht verstehen, warum sie danach Besen und Schaufel holte und die m\u00fchsam erlegte Beute in der M\u00fclltonne \u0001 \u0002 Jonas schnell genug war und eines meiner \u201eMitbringsel\u201c sah, war er sofort interessiert und wollte es aufheben, doch die Mama verbot es mit strengen \u0001 \u0002 spazierte ich gem\u00fctlich durch die Anlage bis hin\u00fcber zu den netten Nachbarn. Sie hatten zwar einen gro\u00dfen Hund, doch der war anscheinend ein Katzenfreund, denn er lag meist friedlich in seiner H\u00fctte und knurrte mich nie an. War die Nachbarin drau\u00dfen im Garten, streichelte sie mich liebevoll und lobte mein weiches Fell. Dann holte sie jedes Mal ein Leckerli, das ich mit Wonne annahm. Einmal sah mich meine Mama aus dem Nachbargarten kommen und hob drohend den Zeigefinger. \u201eNein, Mali! Nein!\u201cWarum denn nicht? Es war doch dr\u00fcben ganz nett! Wahrscheinlich hatte Mama nur Angst vor dem \u0001 \u0002 Mama sagte selten \u201eNein\u201c, aber wenn, dann tat sie es mit so viel Bestimmtheit in der Stimme, die mich aufhorchen lie\u00df. Zum Beispiel, wenn ich mich mal wieder mitten auf der Stra\u00dfe niederlie\u00df um mich ausgiebig zu putzen. Klar, da kamen ab und zu Autos vorbei, aber die konnten doch anhalten! Ich fand es lustig, wenn der Fahrer hupte und schlie\u00dflich ausstieg, mich hochnahm und an den Stra\u00dfenrand setzte, um dann weiterzufahren. Ein herrliches Spiel!Meine Mama fand das gar nicht lustig. Als sie mich wieder einmal bei so einer Aktion erwischte, nahm sie mich mit ins Haus, schimpfte mit mir und schloss die T\u00fcr. \u201e\u00c4tsch, jetzt hast du Stubenarrest!\u201c fl\u00fcsterte Jonas und verzog drollig das \u0001 \u0002 zog ich mich auf meinen Kratzbaum zur\u00fcck und schmollte eine Weile. Aber nur so lange, bis ich etwas entdeckte, was interessanter war als Schmollen. Ja, das war mein neues Katzenleben. Es war toll, denn ich hatte alles, was mein Herz \u0001 \u0002 zu jenem verh\u00e4ngnisvollen Tag im August des folgenden Jahres\u2026",
            "wordcount": "1.359",
            "chapter_release": "16.01.2022",
            "chapter_number": "1"
        },
        "10": {
            "text": "Hallo ihr \u0001 \u0002 war diese Geschichte schon abgeschlossen. Aber einige von euch haben den Wunsch ge\u00e4u\u00dfert zu erfahren, wie das Wiedersehen von Mali mit ihrer Familie \u0001 \u0002 Wunsch wollte ich nat\u00fcrlich gern nachkommen. Deshalb habe ich die Geschichte noch einmal freischalten lassen und h\u00e4nge heute f\u00fcr euch ein Extra-Kapitel an, dass aus Malis Sicht das Wiedersehen \u0001 \u0002 hoffe, es gef\u00e4llt \u0001 \u0002 herzliches Dankesch\u00f6n meinerseits noch einmal an alle Leser und Reviewer f\u00fcr die tolle Resonanz auf Malis Abenteuer. Ihr seid echt super!!!Liebe Gr\u00fc\u00dfeeure Jeany***10***Ich war also ein bisschen krank. Zumindest hatte der Tierarzt, zu dem die fremde Frau mich gebracht hatte, etwas in der Art gesagt. Er meinte, ich h\u00e4tte mich erk\u00e4ltet. Deshalb hatte er mich gepiekt, um mir zu helfen. Und er hatte irgendetwas Wichtiges in meinem Fell entdeckt. Keinen Floh, etwas Anderes. Auf Grund von diesem Ding hatte die Frau, die mich an jenem schlimmen Regentag gefunden und bei sich aufgenommen hatte, pl\u00f6tzlich meinen Namen gesagt. Mali...Ich f\u00fchlte mich matt und m\u00fcde. Die Erk\u00e4ltung machte mir wohl mehr zu schaffen, als ich gedacht hatte. Oder war es die Medizin vom Tierarzt, die mich derart schl\u00e4frig machte? Aber immerhin wusste ich nun, dass ich in Sicherheit war. Die Familie der Frau war wirklich sehr nett zu mir. Und was ich am sch\u00f6nsten fand, war die Tatsache, dass sie mich fortan bei meinem Namen riefen, den ich schon so unendlich lange nicht mehr geh\u00f6rt hatte. Das klang wie Musik in meinen \u0001 \u0002 hatte es wirklich sehr gem\u00fctlich hier. Sie bereiteten mir gleich nach dem Besuch beim Tierarzt ein kuscheliges Lager aus weichen Decken, auf dem ich mich ausruhen konnte. Ich h\u00e4tte mich darauf fast wie zu Hause gef\u00fchlt. Aber eben nur fast\u2026 Ein gro\u00dfer Wermutstropfen blieb und lie\u00df mich einfach nicht los. Ich hatte Sehnsucht nach meiner eigenen Familie. Sehnsucht nach meiner Menschen-Mama, meinem Menschen-Papa und nat\u00fcrlich nach Jonas. Ich vermisste sie alle drei \u0001 \u0002 ich meine Lieblingsmenschen jemals wiedersehen? Ich hatte keine Ahnung. Ich konnte nichts sagen, nicht fragen, ich konnte nur abwarten. Und \u00fcber der ganzen Warterei schlief ich immer wieder ein.\u201eSchlaf dich gesund, meine kleine Mali\u201c, h\u00f6rte ich die Frau leise sagen und sp\u00fcrte, wie sie liebevoll mit der Hand mein K\u00f6pfchen streichelte. Und das tat \u0001 \u0002 schlief tief und fest. Und ich tr\u00e4umte\u2026Die Maus rannte blitzschnell \u00fcber die Wiese zum \u0001 \u0002 es war nicht die Wiese, in der ich in der letzten Zeit immer M\u00e4use gejagt hatte. Es war meine Wiese, gleich hinter dem Haus meiner Familie. Unser Haus! Ich blieb wie angewurzelt stehen. Die Maus verschwand im Getreidefeld. Aber das war mir egal. Ich drehte mich um und sah es in der Ferne vor mir liegen: Mein Zuhause. Die Farbe der Hausw\u00e4nde leuchtete in der Sonne. Voller Freude wollte ich loslaufen, aber pl\u00f6tzlich versperrten B\u00fcsche und dichtes Gestr\u00fcpp meinen Weg. Ich versuchte mich hindurchzuzw\u00e4ngen, doch schnell verlor ich die Richtung und wusste nicht mehr, wo ich war. Irritiert tappte ich eine Weile umher, als mit einem Mal ein kleiner Spatz auf dem Zweig \u00fcber meinem Kopf landete. Laut und eindringlich schilpend schlug er mit den Fl\u00fcgeln. Wollte er mir etwas sagen? Normalerweise jagte ich eifrig, wenn auch mehr oder weniger erfolglos, hinter solchen wuscheligen Appetitsh\u00e4ppchen hinterher, aber diesmal war es irgendwie anders. Ich versp\u00fcrte keinen Jagdtrieb, denn das Tschilpen des Spatzen klang gerade so, als w\u00fcrde er mir zurufen:\u201eKomm mit, Mali, komm mit! Hier entlang, Mali, hier entlang!\u201c Schlie\u00dflich flatterte er los und ich folgte ihm. Zu meiner \u00dcberraschung f\u00fchrte mich der gefiederte Geselle m\u00fchelos zwischen dem Gestr\u00fcpp hindurch. Blieb ich zur\u00fcck, setzte er sich auf den n\u00e4chstbesten Ast und pfiff wieder ungeduldig: \u201eNun komm schon, Mali, komm schon!\u201cAlso flitzte ich weiter, immer dem Sp\u00e4tzchen hinterher. Irgendwann gesellte sich ein bunter Schmetterling zu uns. Er flatterte mir st\u00e4ndig vor der Nase herum, schlug aufgeregt mit seinen zarten Fl\u00fcgeln und schien mir immer wieder aufmunternd zuzuzwinkern. Ich machte keinen Versuch ihn zu fangen, sondern folgte ihm aufmerksam \u0001 \u0002 waren der Spatz und der Schmetterling verschwunden. Es war dunkel, und direkt vor mir h\u00f6rte mit einem Mal die Wiese auf. Der Boden war hart und \u0001 \u0002 Stra\u00dfe!Bevor ich wusste, wie mir geschah, sauste mit lautem Get\u00f6se ein riesiges Ungeheuer dicht an mir vorbei. Und noch eins und noch eins\u2026Zu Tode erschrocken sprang ich zur\u00fcck, duckte mich flach ins Gras und legte panisch die Ohren an.\u201eHe, so kommst du hier nie hin\u00fcber!\u201c, h\u00f6rte ich eine mir vertraute Stimme und blickte mich erstaunt um. Einen Meter entfernt von mir sa\u00df die graue Mieze und betrachtete mich kopfsch\u00fcttelnd.\u201eKomm schon, du Angsthase. Du hast doch Ohren! Benutze sie. Wenn alles still ist, kannst du die Stra\u00dfe \u00fcberqueren.\u201c\u201eBist du sicher?\u201c, fragte ich vorsichtshalber und sie strich erhaben mit der Pfote \u00fcber ihren Schnurrbart.\u201eNat\u00fcrlich bin ich sicher. Jedes Auto, egal ob gro\u00df oder klein, macht L\u00e4rm. Also kannst du sie schon von weitem h\u00f6ren. Au\u00dferdem hast du ja auch noch deine Augen. Schau dich um, ob die Stra\u00dfe frei ist, bevor du losl\u00e4ufst.\u201c Sie blinzelte mir aufmunternd zu. \u201eDie Katze, die sich \u00fcberfahren l\u00e4sst, ist eine dumme Katze. Und das bist du doch nicht, oder?\u201c\u201eNein, nat\u00fcrlich nicht.\u201c\u201eDann komm jetzt, folge mir!\u201cSie lief los und ich hinterher, \u00fcber die Stra\u00dfe, hinein ins angrenzende Getreidefeld. Durch das Feld hindurch, hin zu den hohen H\u00e4usern. Pl\u00f6tzlich blieb ich wie angewurzelt stehen und sah mich entsetzt um.\u201eAber\u2026 das ist doch die Musikschule! Ich will nicht wieder hierher, ich will nach Hause!\u201c\u201eNat\u00fcrlich willst du das\u201c, nickte die graue Mieze best\u00e4tigend und sah mich mit wichtiger Miene an. \u201eAber vorher machen wir noch ein Abschiedskonzert f\u00fcr dich. Gleich danach bringe ich dich nach Hause, wenn du m\u00f6chtest.\u201c\u201eWo warst du eigentlich die ganze Zeit?\u201c, fragte ich sie, doch sie beachtete mich nicht weiter, sondern lief durch die offene Eingangst\u00fcr der Schule. Entschlossen folgte ich ihr \u00fcber die Treppe. Wir schlichen auf leisen Pfoten die langen Flure entlang. Alle T\u00fcren waren offen und ich h\u00f6rte viele Kinderstimmen. Entsetzt erinnerte ich mich an den rothaarigen Jungen und lief schneller. Die graue Mieze sprang auf ein Fensterbrett und kletterte von dort aus \u00fcber einen Mauervorsprung weiter hinauf. Nach kurzem Z\u00f6gern folgte ich ihr und fand mich kurz darauf hoch oben \u00fcber den D\u00e4chern wieder, wo der stattliche schwarze Kater wartete, mit dem sie einst so sch\u00f6n gesungen hatte.\u201eWas will denn dieses Fr\u00fcchtchen hier?\u201c, fragte dieser misstrauisch und fauchte mich an.\u201eLass sie in Ruhe, sie geh\u00f6rt zu mir!\u201c, erwiderte die graue Mieze und fauchte sehr eindrucksvoll zur\u00fcck, worauf der Schwarze sofort verstummte. Zufrieden lie\u00df ich mich neben meiner Freundin nieder und rieb mich dankbar an ihrem Fell.\u201eEs ist mir egal, ob ich mir einen Floh hole\u201c, sagte ich. \u201eEinen Floh?\u201c Sie lachte. \u201eIch habe doch keine Fl\u00f6he!\u201cGenau in dem Augenblick, als wir mit dem Gesang beginnen wollten, kam pl\u00f6tzlich der Spatz geflogen, der mich durch das Gestr\u00fcpp gef\u00fchrt hatte. Er flatterte aufgeregt vor meiner Nase herum und tschilpte abermals: \u201eKomm mit, Mali, komm mit!\u201c Ich bekam einen Riesenschreck, rutschte ab und rollte vom Dach. Ich fiel und fiel\u2026 und landete im weichen Gras. Erschrocken sah ich mich um. Es war auf einmal wieder hell, aber ich konnte weder die Schule, noch die graue Mieze entdecken. Auch der Spatz war \u0001 \u0002 h\u00f6rte ich von fern eine Stimme, die mir seltsam vertraut war:\u201eMali? Mali, meine Mali!\u201c Ich sah mich um, konnte jedoch nichts \u0001 \u0002 h\u00f6rte ich es pl\u00f6tzlich ganz deutlich:\u201eMali, wach auf!\u201cIch \u00f6ffnete die Augen und sah in ein lachendes \u0001 \u0002!!!Tr\u00e4umte ich etwa noch?Nein, die streichelnden H\u00e4nde und die vertraute Stimme, das war kein \u0001 \u0002 war da! Er nahm mich vorsichtig aus meinem K\u00f6rbchen und hielt mich freudestrahlend im Arm.\u201eMeine Mali!\u201cJetzt sah ich auch meine Mama und meinen Papa. Die Mama hatte Tr\u00e4nen in den Augen, aber sie lachte genauso gl\u00fccklich wie Jonas, und auch der Papa streichelte mir liebevoll \u00fcbers Fell.\u201eDu kleine Ausrei\u00dferin! Was machst du blo\u00df f\u00fcr Sachen!\u201cIch h\u00e4tte ihnen zu gern alles erz\u00e4hlt, was ich in den vergangenen Wochen erlebt hatte, doch au\u00dfer einem aufgeregten Mauzen und dem anschlie\u00dfenden gl\u00fccklichen Schnurren vermochte ich nichts von mir zu geben. Mein Herz schlug vor Freude ganz schnell und ich sp\u00fcrte, dass es mir wieder gut ging. Jetzt, wo meine Familie da war und mich gefunden hatte, war meine kleine Katzenwelt mit einem Schlag wieder v\u00f6llig in \u0001 \u0002 konnte nichts mehr geschehen.\u00a9JeanyEvans 2022",
            "wordcount": "1.422",
            "chapter_release": "16.02.2022",
            "chapter_number": "10"
        },
        "2": {
            "text": "Hallo ihr Lieben, 9 Sterne, 9 Favos und so liebe Kommentare, das ist toll!!! Vielen Dank euch allen!Ein besonderes Dankesch\u00f6n an die liebe Julirot f\u00fcr den niedlichen Buchr\u00fccken, den du Mali und mir gewidmet hast.\u2764 Auf meinem Profilfoto k\u00f6nnt ihr Mali sehen, wie sie heute aussieht. Eine stolze Gl\u00fcckskatze, die viel erlebt hat.*****2*****An diesem Tag hatte ich stundenlang vergeblich drau\u00dfen am Feldrand auf der Lauer gelegen und ohne nennenswerten Erfolg mein Jagdrevier durchstreift. Irgendwann in der Abendd\u00e4mmerung schlenderte ich missmutig und mit grummelndem Magen zur\u00fcck zu meiner Behausung, wo wie immer ein gut gef\u00fcllter Futternapf und mit etwas Gl\u00fcck auch einige Streicheleinheiten auf mich warten und meine Stimmung deutlich aufbessern \u0001 \u0002 ein kleines St\u00fcck\u2026 bis zum Ende der Stra\u00dfe und einmal um die Kurve, dann war ich \u0001 \u0002 Auto stand nur ein paar Pfoten weit von meinem Zuhause am Stra\u00dfenrand. Es war ziemlich lang und hinten offen, und als ich vorbeispazierte, str\u00f6mte aus dem Wageninneren ein k\u00f6stlicher Duft. H\u00fchnchen? Leckere Sheba-Pastete, die ich \u00fcber alles liebte? Bei dem Gedanken daran zog sich mein leerer Katzenmagen voller Begierde zusammen. Ich umrundete das fremde Gef\u00e4hrt neugierig und sah mich vorsichtig um. Weit und breit war kein Zweibeiner zu sehen. Aber dieser herrliche Duft war bet\u00f6rend und ich hatte doch so schrecklich gro\u00dfen Appetit!Kurz entschlossen sprang ich zwischen die T\u00fcten und Taschen, mit denen das Auto vollgestopft war. Nur mal schnell schauen, wo die Pastete zu finden war. Vielleicht kurz kosten und schnell wieder \u0001 \u0002 nahm ich die Witterung auf, folgte meinem feinen N\u00e4schen und schob mich zielstrebig zwischen den Gep\u00e4ckst\u00fccken hindurch weiter ins Innere des unbekannten Wagens. Da!Mir lief voller Vorfreude bereits das Wasser im M\u00e4ulchen zusammen. Hier hinten musste es sein\u2026Und tats\u00e4chlich! Es war eine einzelne, unscheinbare Papiertasche, aus der dieser k\u00f6stliche Duft str\u00f6mte. Ich kletterte auf die weiche Decke, die danebenlag und versuchte in die Tasche zu sp\u00e4hen, als ich hinter mir pl\u00f6tzlich Schritte h\u00f6rte. Ein fremder Zweibeiner?Oh, er durfte mich nicht entdecken, denn sicher w\u00fcrde er ganz schrecklich mit mir schimpfen, wenn er merkte, dass ich ihm seine Pastete wegfressen wollte. Schnell duckte ich mich zwischen die zahlreichen Gep\u00e4ckst\u00fccke und legte die Ohren an. Sekunden sp\u00e4ter gab es einen dumpfen Knall und es wurde deutlich dunkler um mich herum. Mein Herz machte vor Schreck einen entsetzten Hopser. Der Zweibeiner hatte die Autoklappe geschlossen, durch die ich hereingeschlichen war!Ich sa\u00df in der Falle. Oh nein, nein! Ich muss doch hier wieder raus! Panisch sah ich mich um und suchte nach einem Fluchtweg, als ich eine zweite T\u00fcr klappen h\u00f6rte. Sekunden sp\u00e4ter wurde der Motor gestartet und das Auto setzte sich in \u0001 \u0002 fuhr dieses Ding hin? Zu mir nach Hause? Einmal die Stra\u00dfe runter und wieder rauf? Unsicher tapste ich zur\u00fcck zu der duftenden T\u00fcte, an der ich jedoch nach diesem Schreck keinerlei Interesse mehr versp\u00fcrte. Stattdessen lie\u00df ich mich auf der danebenliegenden Decke nieder, um abzuwarten, wann das Gef\u00e4hrt endlich wieder anhalten w\u00fcrde und ich unbemerkt davonschleichen konnte, sobald sich eine der T\u00fcren \u0001 \u0002 das Auto hielt nicht \u0001 \u0002 fuhr und fuhr, brummte gleichm\u00e4\u00dfig und schaukelte beim Fahren leicht vor sich hin. Es machte mich m\u00fcde, sehr m\u00fcde, und irgendwann schlief ich ersch\u00f6pft ein\u2026***Als ich erwachte, war es \u0001 \u0002 war ich?Zu Hause? Nein, das hier war nicht mein Zuhause. Die Decke, auf der ich lag, war auch nicht \u0001 \u0002 war passiert?Langsam versuchte ich meine Gedanken zu ordnen und das monotone Brummen und Schaukeln um mich herum zu \u0001 \u0002 Auto?Autofahren kannte ich ja von meiner Zweibeiner-Familie. Aber wenn sie mit mir unterwegs waren, lag ich immer in einer Art Katzenkorb mit einem Gitter vor dem Ausgang. Hier war kein Korb, und auch kein Gitter. Und das war auch nicht das Auto meiner \u0001 \u0002 war\u2026 Ein fremdes Auto, in das ich gesprungen war, weil etwas gut gerochen und mich neugierig gemacht hatte! Ich sp\u00fcrte, wie sich meine Nackenhaare aufrichteten und mein Fell sich panisch str\u00e4ubte. Oh nein, nein! Ich war in einem fremden Auto eingeschlafen!Anhalten! Sofort anhalten!Ich wollte laut um Hilfe schreien, doch es kam kein einziger Ton aus meinem M\u00e4ulchen. Die Panik schn\u00fcrte mir die Kehle \u0001 \u0002 diesem Moment hielt das Auto an. Das Brummen h\u00f6rte auf und es wurde \u0001 \u0002 darauf klappte eine T\u00fcr. Schritte n\u00e4herten sich und hinter mir wurde die Klappe ge\u00f6ffnet, durch die ich hereingeschlichen war. Ich duckte mich tiefer zwischen die Taschen und T\u00fcten, um nicht entdeckt zu werden. Abwarten und bei der ersten sich bietenden Gelegenheit schnell die Flucht ergreifen! Heim zu meiner Familie, zu meinem Fressnapf und den geliebten Streicheleinheiten!\u201eDa bist du ja! Hattest du eine gute Fahrt?\u201c, h\u00f6rte ich pl\u00f6tzlich eine mir unbekannte helle Stimme sagen. Doch die Stimme galt nicht mir, sondern dem Zweibeiner, der soeben meine Fluchtt\u00fcr ge\u00f6ffnet hatte. \u201eHallo mein Schatz!\u201c, erwiderte er und umarmte die Person mit der hellen Stimme.\u201eIch hatte Gl\u00fcck, es war nicht viel los unterwegs. Hilfst du mir beim Ausladen?\u201cW\u00e4hrend die beiden Zweibeiner einige der Taschen und T\u00fcten ergriffen, duckte ich mich wieder tief in mein Versteck. Nur nicht entdeckt werden! Ich wollte jetzt wirklich ganz schnell nach Hause. Als die beiden Zweibeiner kurz darauf vom Auto weggingen, nutzte ich meine Chance, zw\u00e4ngte mich durch die Gep\u00e4ckst\u00fccke, sprang beherzt hinaus und rannte los, so schnell ich konnte. Geradeaus, bis zum Ende der Stra\u00dfe, um die Kurve und\u2026 Das war nicht mein Zuhause!Im fahlen Licht der Stra\u00dfenlaternen blieb ich stehen und sah mich irritiert \u0001 \u0002 sah fremd aus. Eine breite Stra\u00dfe, aber keine kleinen H\u00e4uschen, keine Hecken, nur gro\u00dfe B\u00e4ume und ein verwildertes wenig einladendes Geb\u00fcsch vor einem riesigen Geb\u00e4ude mit vielen \u0001 \u0002 war ich ???",
            "wordcount": "956",
            "chapter_release": "18.01.2022",
            "chapter_number": "2"
        },
        "3": {
            "text": "*****3*****Ich wei\u00df nicht mehr wie lange ich gelaufen und herumgeirrt war, ohne auch nur ein einziges Fleckchen zu finden, das mir irgendwie bekannt \u0001 \u0002 die Stra\u00dfe schien hier viel breiter als bei uns zu Hause. Ratlos setzte ich mich darauf nieder. Ich war hungrig, verwirrt, und mir war kalt. Au\u00dferdem hatte ich so furchtbare Sehnsucht nach meiner Mama und meinem sch\u00f6nen behaglichen Katzenkorb. Nicht einmal Jonas` gelegentliches lautes Geschrei w\u00fcrde mich jetzt st\u00f6ren. Ganz im Gegenteil! Wie froh w\u00e4re ich, ihn zu \u0001 \u0002 wollte gerade anfangen ein Klagelied zu singen, in dem ich meinen ganzen Herzschmerz heraus in die gro\u00dfe b\u00f6se Welt schreien konnte, als ich durch ein immer lauter werdendes bedrohlich klingendes Brummen gest\u00f6rt \u0001 \u0002 zum Teufel\u2026Ein gro\u00dfes, dunkles Etwas mit riesigen R\u00e4dern und zwei grellen Lichtern vorn dran bog pl\u00f6tzlich um die Kurve hinter mir und kam mit ohrenbet\u00e4ubendem Geknatter und Gebrumm direkt auf mich \u0001 \u0002 Himmels willen\u2026 Nein!!!Zu Tode erschrocken sprang ich auf und rettete mich in letzter Sekunde voller Panik ins naheliegende Geb\u00fcsch. Was war denn das f\u00fcr ein furchtbares Ding gewesen? Solche furchterregenden Unget\u00fcme fuhren bei uns zu Hause nie auf der Stra\u00dfe. Nur ab und zu rollte mal ein Auto vorbei. Und wenn ich dort sa\u00df, hielten sie an. Sie machten dann komische Ger\u00e4usche. Hupen nannte Jonas das. Unser Auto konnte das auch. Aber das gro\u00dfe dunkle Ding eben hatte nicht gehupt und h\u00e4tte ganz sicher auch nicht \u0001 \u0002 sah ich mich um, schlich \u00e4ngstlich geduckt weiter und erblickte schlie\u00dflich im Halbdunkel zwischen wildem Unkraut einen verwitterten Bretterverschlag. Vielleicht ein Versteck f\u00fcr mich, um mich etwas aufzuw\u00e4rmen? Zumindest so lange, bis ich wieder einigerma\u00dfen bei Kr\u00e4ften war? Ich lief hin, schnupperte und entdeckte tats\u00e4chlich eine Art Eingang zwischen den Brettern. Doch bevor ich auch nur eine Pfote hineingesetzt hatte, kam eine gro\u00dfe, graugetigerte Katze herausgeschossen, gab mir ohne Vorwarnung eine saftige Ohrfeige mit der Tatze und knurrte mich feindselig \u0001 \u0002 war derart erschrocken, dass ich fast r\u00fcckw\u00e4rts einen Purzelbaum schlug. Sie fauchte noch einmal und machte mir damit unmissverst\u00e4ndlich klar, dass ich hier nicht erw\u00fcnscht war.\u201eE-ent-schuldigung\u2026\u201c, miaute ich mit zitterndem Stimmchen, \u201eIch s-suche doch n-nur e-einen P-platz zum S-schlafen.\u201c\u201eDas hier ist aber mein Platz\u201c, lie\u00df mich die fremde Katze mit drohendem Unterton wissen. \u201eVerzieh dich, du halbe Portion!\u201c Also trat ich schleunigst den R\u00fcckzug an und gelangte zu meinem Leidwesen sehr schnell wieder an die Stra\u00dfe. Aber dort lauerten vielleicht noch mehr riesige schwarze Ungeheuer! Das wollte ich nicht noch einmal riskieren. Also schlug ich einen Bogen, um aus dem Gefahrenbereich zu kommen, denn von Ferne h\u00f6rte ich bereits wieder ein Brummen, das rasch n\u00e4herkam. Ich rannte ein St\u00fcck so schnell ich konnte. Blo\u00df weg von diesen Ungeheuern! Aber irgendwie musste ich dabei wohl im Kreis gelaufen sein, denn pl\u00f6tzlich sah ich im fahlen Licht der Laternen wieder jenes gro\u00dfe Haus mit den vielen Fenstern. Ob ich dort wohl einen Unterschlupf finden w\u00fcrde?Alles war still, also schlich ich mich vorsichtig n\u00e4her. Hinter dem Haus standen mehrere M\u00fclltonnen, wie ich sie auch von meinem Zuhause kannte. Und neben der einen Tonne stieg mir schon von weitem ein k\u00f6stlicher Duft in mein N\u00e4schen. Neugierig schnuppernd schlich ich n\u00e4her heran. Oh, welch ein Gl\u00fcck! Da lag ein Butterbrot mit Wurst, eins von der Sorte, wie meine Mama sie immer f\u00fcr Jonas zubereitete. Mein Magen zog sich vor Hunger und Vorfreude schmerzlich zusammen, und ohne weiter dar\u00fcber nachzudenken st\u00fcrzte ich mich auf den unvorhergesehenen Snack. Es schmeckte k\u00f6stlich!Ich fra\u00df alles auf und leckte noch die Kr\u00fcmel vom Boden. Etwas vers\u00f6hnter mit mir und der fremden Welt schlich ich weiter um das Haus. Eine gro\u00dfe Pf\u00fctze versperrte mir den Weg, und angesichts des Wassers versp\u00fcrte ich nun auch einen unb\u00e4ndigen Durst. Zu Hause gab es daf\u00fcr mein sauberes N\u00e4pfchen, das immer mit frischem klaren Wasser gef\u00fcllt war. Das Wasser hier war schmutzig und wenig einladend. Aber Durst ist schlimmer als Heimweh und ich begann gierig zu trinken, bis ich genug hatte und sich mein B\u00e4uchlein wieder voll und satt anf\u00fchlte. Jetzt noch ein Platz zum Schlafen und danach w\u00fcrde ich weiter nach meinem Zuhause und meinen Zweibeinern \u0001 \u0002 durch ein Wunder fand ich an dem gro\u00dfen Haus dicht \u00fcber dem Erdboden ein kleines Fenster, das ein St\u00fcck offenstand. Vorsichtiger als vorhin bei dem Bretterverschlag schlich ich n\u00e4her, jeden Moment darauf gefasst, dass mir wieder der Zutritt von einem ver\u00e4rgerten, angriffslustigen Artgenossen verwehrt w\u00fcrde. Aber nichts dergleichen geschah. Alles blieb ruhig, und ich schob mich langsam durch die \u00d6ffnung in einen dunklen Raum, in dem alte Tische und St\u00fchle, Kisten und anderes Ger\u00fcmpel verstaut waren. Erleichtert atmete ich \u0001 \u0002 einen Raum gab es bei uns zu Hause auch. Meine Zweibeiner nannten ihn Keller. Dort bewahrten sie alles auf, was sie in der Wohnung nicht brauchten. Ich war immer gern da unten gewesen, denn dort hatte ich meine Ruhe. Au\u00dferdem fand ich es interessant, zwischen den alten Sachen herumzust\u00f6bern und mir bei schlechtem Wetter gelegentlich auch mal ein unbeobachtetes Pl\u00e4tzchen zu suchen, wo ich in Frieden meinen Mittagsschlaf halten \u0001 \u0002 drehte eine Runde durch den Raum, schnupperte an Kisten und Papierstapeln und entschied mich dann f\u00fcr eine kleine offene Truhe, in der sich alte Decken und Kissen \u0001 \u0002! Wie f\u00fcr mich \u0001 \u0002 sprang hinein, rollte mich behaglich zusammen und war kurz danach fest eingeschlafen.***Ich erwachte durch fremde Stimmen. Helle Kinderstimmen, so wie die von meinem Jonas. Blinzelnd hob ich den Kopf. Wo war Jonas?Und was noch wichtiger war: Wo war ich? Alles um mich her sah fremd aus. Durch das winzige Fenster gegen\u00fcber meinem Schlafplatz drang helles \u0001 \u0002 sprang ich auf und sah mich \u0001 \u0002, St\u00fcck f\u00fcr St\u00fcck kam die Erinnerung zur\u00fcck und meine Nackenhaare stellten sich \u0001 \u0002 war nicht zu Hause. Ich war in diesem fremden Auto mitgefahren und dann war ich pl\u00f6tzlich woanders wieder ausgestiegen. Hier sah nichts mehr so aus wie zu Hause! Alles war fremd, dunkel, bedrohlich und \u0001 \u0002 gro\u00dfe graue Mieze hatte mich davongejagt und ich war in meiner Not bis zum n\u00e4chstbesten Haus gelaufen, wo ich endlich wie durch ein Wunder etwas zu fressen gefunden hatte. Und dann war da ein kleines Fenster offen gewesen und ich war in diesen Raum gelangt \u2013 in den \u0001 \u0002 wo kamen pl\u00f6tzlich die vielen Stimmen her?Vorsichtig pirschte ich mich an das Fenster und lugte hinaus. Da waren unz\u00e4hlige kleine F\u00fc\u00dfe, sie rannten hin und her, B\u00e4lle flogen und Reifen rollten, alles Dinge, die ich vom Spielen mit Jonas \u0001 \u0002 rollte ein Ball direkt auf mich zu. Erschrocken sprang ich zur\u00fcck in mein Versteck. Der Ball kullerte durch das Fenster, fiel auf den Boden und rollte hinter eine Kiste.\u201eVergiss es, der ist futsch!\u201c, rief eine helle Stimme. Kurz darauf erschien ein rundes Gesicht an dem kleinen Fenster. \u201eSo ein Mist, der war so sch\u00f6n! Vielleicht sollten wir den Hausmeister fragen, ob er ihn uns wieder herausholt.\u201cIch duckte mich mit wild klopfendem Herzen tief in mein Versteck, als ich im Hintergrund deutlich ein lautes Klingeln h\u00f6rte.\u201eWir fragen ihn sp\u00e4ter\u201c, rief eine andere Stimme im Hintergrund. \u201eLos, beeil dich, sonst verpassen wir den Unterricht!\u201cDas Gesicht war verschwunden und auch die Ger\u00e4usche drau\u00dfen verebbten. Dann war es \u0001 \u0002 schlich ich vorsichtig zum Fenster und machte einen langen Hals. Keine F\u00fc\u00dfe mehr, keine rollenden B\u00e4lle. Alles \u0001 \u0002 hatte \u0001 \u0002 sprang ich nach einer Weile beherzt aus dem Fenster nach drau\u00dfen und schlich zu den M\u00fclltonnen. Leider war dort nichts zu \u0001 \u0002 tut weh, und ich war nun mal daran gew\u00f6hnt, regelm\u00e4\u00dfig einen gut gef\u00fcllten Napf mit meinem Lieblingsfutter vors Schn\u00e4uzchen gesetzt zu \u0001 \u0002 dem Gedanken daran wurde mir das Herz pl\u00f6tzlich unsagbar schwer. Ich wusste einfach nicht wohin mit meinem ganzen Katzenschmerz, setzte mich nieder und fing an zu klagen. Laut, durchdringend und herzzerrei\u00dfend.\u201eWirst du wohl still sein, du T\u00f6lpel?\u201c, erklang ein bedrohliches Fauchen hinter mir, das mir vage bekannt vorkam. Entsetzt fuhr ich herum und duckte mich, denn was ich da sah, bedeutete mit Sicherheit nichts Gutes...",
            "wordcount": "1.350",
            "chapter_release": "20.01.2022",
            "chapter_number": "3"
        },
        "4": {
            "text": "*****4*****Die graue Mieze von gestern Abend sa\u00df knapp einen Meter von mir entfernt und blitzte mich mit ihren gr\u00fcnen Augen w\u00fctend an.\u201eWarum sitzt du hier herum und machst so einen H\u00f6llenspektakel? Hatte ich dir nicht gesagt, dass das mein Revier ist?\u201c\u201eN-nein\u201c, erwiderte ich sch\u00fcchtern und mit mindestens zwei Pfoten zur Flucht bereit. \u201eD-du hattest nur gesagt, d-dass es d-dein Schlafplatz ist.\u201cSie legte den Kopf etwas zur Seite und musterte mich mit unverhohlener Neugier.\u201eIst das etwa ein Grund, hier herumzupl\u00e4rren wie ein Baby, so dass einem das Fell zu Berge steht?\u201c\u201eIch h-habe Hunger!\u201c\u201eAls ob man vom Jammern satt wird!\u201c Missbilligend starrte sie mich an, aber es kam mir vor, als sei ihr Blick nicht mehr ganz so feindselig wie zu Anfang. \u201eWo kommst du her? Ich habe dich hier noch nie gesehen\u201c, fragte sie schlie\u00dflich \u0001 \u0002 anscheinend keine unmittelbare Gefahr von ihr auszugehen schien, setzte ich mich zun\u00e4chst abwartend auf meine Hinterpfoten.\u201eIch wohne zu Hause bei meinen Zweibeinern\u201c, gab ich bereitwillig Auskunft und f\u00fcgte traurig hinzu: \u201eLeider wei\u00df ich nicht mehr genau, wo das ist.\u201cDie graue Mieze knurrte ver\u00e4chtlich.\u201eHatten sie genug von dir und haben dich ausgesetzt?\u201c\u201eAusges\u2026oh n- nein! Das haben sie nicht. Ich bin in einem fremden Auto mitgefahren und dann\u2026\u201c\u201eBist du hier gelandet, verstehe. Dummkopf! Autos sind die Feinde aller Katzen. Die halten niemals wegen dir an. Denen darf man besser nicht zu nahekommen. Sie rei\u00dfen ihre M\u00e4uler auf, verschlucken dich und spucken dich woanders wieder aus. Und wenn du nicht schnell genug wegrennst und unter oder zwischen ihre R\u00e4der kommst, bist du so gut wie tot!\u201c Ich dachte sofort wieder an die riesigen R\u00e4der des bedrohlichen dunklen Monsters, dem ich gestern mit knapper Not entkommen war und senkte schuldbewusst den Kopf.\u201eNun gut\u201c, meinte die graue Mieze und blinzelte etwas vers\u00f6hnlicher. \u201eDu hast also Hunger.\u201c\u201eJa, sehr\u201c, mauzte ich kl\u00e4glich. \u201eGestern habe ich hier etwas zum Fressen gefunden, aber heute ist alles leer.\u201c\u201eDann komm mal mit. Wenn du schon einmal da bist, kann ich dir auch verraten, wo es genug Futter f\u00fcr uns beide gibt. Aber wir m\u00fcssen vorsichtig sein.\u201cAus einem Fenster \u00fcber uns ert\u00f6nte pl\u00f6tzlich ein lautes Gefiedel, Getrommel und mehrere helle Stimmen, die dazu sangen und \u0001 \u0002 sprang ich mit allen vier Pfoten in die Luft, str\u00e4ubte das Fell und starrte entsetzt nach oben. Die graue Mieze dagegen schien g\u00e4nzlich unbeeindruckt von dem merkw\u00fcrdigen L\u00e4rm. \u201eBeruhige dich. Das hier ist eine Musikschule\u201c, erkl\u00e4rte sie mir mit wichtiger Miene. \u201eVerstehst du, was ich meine? Hier lernen Kinder, wie man Menschenmusik macht. Es klingt gr\u00e4sslich und tut in den Ohren weh. Aber mit der Zeit gew\u00f6hnt man sich daran. Abends ist es dagegen sch\u00f6n ruhig, da sind sie alle weg. Und es gibt hier immer etwas zu fressen!\u201cFressen!!!Das war das Stichwort. Sofort grummelte wieder mein Magen.\u201eZeigst du mir jetzt, wo man etwas findet?\u201c, fragte ich nachdr\u00fccklich und rieb mich vertrauensvoll an ihrer Seite. Das schien ihr nicht zu gefallen.\u201eLass das, sonst holst du dir einen Floh\u201c, warnte sie knurrend, worauf ich sofort wieder auf Abstand ging, w\u00e4hrend ich ihr hungrig zu den M\u00fclltonnen \u0001 \u0002 tats\u00e4chlich, hinter einer der Tonnen stand ein Teller, gef\u00fcllt mit allerhand leckeren Sachen: Wurst, Schinken, sogar etwas Katzenfutter. Gierig machte sich die graue Mieze dar\u00fcber her. Ich lie\u00df ihr h\u00f6flich den Vortritt, obwohl mein Magen knurrte und ich mich kaum zur\u00fcckhalten konnte, aber die Ohrfeige von gestern hatte ich nicht \u0001 \u0002 einiger Zeit, die mir wie eine Ewigkeit vorkam, machte die graue Mieze den Platz frei. \u201eHier, friss!\u201c, forderte sie mich auf. \u201eUnd lass nichts \u00fcbrig, sonst legt sie morgen nicht so viel hin!\u201cSIE? Wer war SIE?Egal, ich machte mich \u00fcber das reichliche Futter her und verputze alles bis zum letzten \u0001 \u0002 sp\u00e4ter lag ich sattgefressen neben der grauen Mieze im Gras. Sie erz\u00e4hlte mir, dass sie fr\u00fcher auch bei einer eigenen Familie gelebt hatte. Eine Weile fand sie das toll, doch dann - so erinnerte sie sich - hatten der Mann und die Frau sich einen Hund angeschafft und da begann der \u00c4rger. \u201eHund und Katze, das ist wie Feuer und Wasser, das vertr\u00e4gt sich nicht\u201c, erkl\u00e4rte sie mir. Ich dachte an den Hund zu Hause in unserer Nachbarschaft. Wir beide hatten uns vertragen. Aber ich wollte meine neue Freundin nicht unterbrechen, denn ich war gespannt auf ihre weitere \u0001 \u0002 Streit zwischen ihr und dem Hund wurde immer schlimmer, berichtete sie, und ich h\u00f6rte deutlich die Traurigkeit in ihrer Stimme. Irgendwann war sie weggelaufen und lebte seitdem auf der Stra\u00dfe. \u201eDas ist doch schlimm, wenn man kein Zuhause hat\u201c, bedauerte ich sie voller Mitgef\u00fchl, weil ich mich ja momentan in genau der gleichen Lage befand.\u201eMan gew\u00f6hnt sich daran\u201c, erwiderte sie jedoch scheinbar unger\u00fchrt und putzte sich die Pfoten. \u201eImmer noch besser, als wenn man jeden Tag damit rechnen muss, von so einem verw\u00f6hnten K\u00f6ter in den Schwanz gebissen zu werden.\u201c\u201eHat er dich denn mal gebissen?\u201c\u201eEr hat es versucht. Ich habe ihm ordentlich eins mit der Kralle auf die Nase gegeben, dass er wie wild gejault hat. Daf\u00fcr habe ich dann allerdings gro\u00dfen \u00c4rger bekommen. Sie haben mich angeschrien und nach mir getreten, und ich durfte nicht mehr ins Haus. Drau\u00dfen lag Schnee, es war bitter kalt und ich dachte schon, ich muss erfrieren. Ich habe die ganze Nacht vor der T\u00fcr gesessen und gejammert, doch sie haben mich nicht wieder hineingelassen. Irgendwann hatte ich es satt. Ich bin einfach losgelaufen und habe mir eine eigene Bleibe gesucht. Habe mal hier und mal da \u00fcbernachtet, immer auf der Suche nach etwas Fressbarem. Oft habe ich M\u00e4use gefangen, um zu \u00fcberleben. Manchmal ist es mir auch gelungen, einen kleinen M\u00fcllk\u00fcbel umzuwerfen und nach Futter zu durchsuchen.\u201c\u201eDu Arme\u201c, mauzte ich, den Tr\u00e4nen nahe, doch sie schniefte nur ver\u00e4chtlich. \u201eHalb so wild. Ich habe meine Freiheit, kann tun und lassen, was ich will und muss mich nicht von jemandem herumkommandieren lassen.\u201cIch blinzelte nachdenklich, denn ich war alles andere als sicher, ob mir diese Art \u201eFreiheit\u201c wirklich gefallen w\u00fcrde. Doch momentan hatte ich keine Wahl. \u201eUnd nun wohnst du also hier\u201c, nahm ich unser Gespr\u00e4ch nach einer Weile wieder auf\u201eNa ja, zumindest so lange, wie es mir gef\u00e4llt und ich regelm\u00e4\u00dfig was zu Fressen bekomme.\u201c \u201eUnd wo kommt der Teller mit dem Futter her?\u201c\u201eDa ist eine Frau. Sie wohnt im Haus gegen\u00fcber und stellt mir jeden Tag etwas Futter hin. Manchmal sehe ich sie auch in der Musikschule, mit den Kindern. Einmal hat sie bei den M\u00fclltonnen auf mich gewartet und versucht mich zu streicheln, aber ich lasse mich von keinem Menschen mehr anfassen und habe sie ordentlich angefaucht. Seitdem bleibt sie auf Abstand.\u201c\u201eOkay.\u201c Nachdenklich legte ich das K\u00f6pfchen auf meine Pfoten. \u201eAlso ich w\u00fcrde gern wieder nach Hause gehen. Zu meinen Zweibeinern.\u201cDie graue Mieze blinzelte.\u201eVergiss es, Kleine. Die findest du nicht wieder. Und glaub mir, Menschen sind treulose Gesch\u00f6pfe. Sie werden ganz sicher nicht nach dir suchen.\u201cIch dachte lange \u00fcber ihre Worte nach, hielt es jedoch f\u00fcr besser, dar\u00fcber zu schweigen. Sie hatte mit ihren \u2013 wie hatte sie die doch gleich genannt? \u2013 Menschen nichts Gutes erlebt. Ich dagegen hatte bis vor Kurzem eine wirklich liebe \u0001 \u0002 dem Gedanken an sie erfasste mich eine weitere Welle der Sehnsucht und mein Katzenherz wurde erneut \u0001 \u0002 ich sie jemals wiedersehen?Die graue Mieze g\u00e4hnte und reckte sich.\u201eLass uns ein Schl\u00e4fchen machen. Sp\u00e4ter k\u00f6nnen wir uns am Teich einen Fisch zum Abendessen holen.\u201c\u201eIch habe noch nie einen Fisch gefangen\u201c, gestand ich etwas besch\u00e4mt. Wie auch, bei uns gab es weit und breit keinen Teich. Nur einen kleinen Bach, ohne Fische. Da war ich einmal versehentlich hineingeplumpst. Seitdem wusste ich, dass Wasser in gr\u00f6\u00dferen Mengen unangenehm nass war\u2026\u201eKannst du eigentlich \u00fcberhaupt etwas?\u201c, entr\u00fcstete sich meine Begleiterin. \u201eIch kann M\u00e4use fangen!\u201c, erkl\u00e4rte ich stolz.\u201eDas kann ja wohl jede Katze\u201c, erwiderte die graue Mieze unbeeindruckt und begann sich ausgiebig zu \u0001 \u0002 wandte ich mich ab und leckte ebenfalls meine \u0001 \u0002 hatte die graue Mieze ihre Katzenw\u00e4sche beendet und streckte sich wohlig im Gras aus.\u201eNa los, Kleine, ruh dich aus, dann sehen wir weiter.\u201cDie Sonne stand schon tief, als wir beide zum Fischfang \u0001 \u0002 graue Mieze vornweg und ich hinterher. Sie f\u00fchrte mich an den Rand eines Weizenfeldes. So ein Feld kannte ich von zu Hause. Mein Jagdrevier, gleich hinter der Wildblumenwiese. \u201eHier wimmelt es sicher von M\u00e4usen\u201c, sagte ich in der Hoffnung, sie umzustimmen und dadurch dem Wasser fernbleiben zu k\u00f6nnen, doch sie w\u00fcrdigte mich keines Blickes und marschierte unbeirrt \u0001 \u0002 dem Feld begann der Wald, und dort gab es, gut verborgen hinter hohem Schilfgras, einen kleinen Teich, in dem es von Fischen nur so wimmelte. \u201eDu hockst dich ins hohe Gras und bleibst ganz still sitzen. Geduld ist das Wichtigste. Fische sind dumm. Irgendwann f\u00fchlen sie sich sicher und kommen an die Oberfl\u00e4che. Dann musst du bereit sein. Ducken\u2026 Muskeln anspannen\u2026 im richtigen Moment mit der Pfote zuhauen und den Fisch aus dem Wasser werfen. Danach geh\u00f6rt er dir, denn ohne Wasser kann er nicht weg und zappelt nur noch wild umher.\u201cOkay, das klang relativ \u0001 \u0002 es aber nicht \u2026\u201eT\u00f6lpel!\u201c, fauchte die graue Mieze, nachdem mir bereits der dritte Fisch entwischt war und ich uns beide durch meine unkontrollierte Pantscherei ordentlich nass gespritzt hatte. \u201eWas f\u00fcr ein dummes, verw\u00f6hntes Kuschelk\u00e4tzchen!\u201cAn diesem Abend ging ich mit leerem Magen schlafen.",
            "wordcount": "1.583",
            "chapter_release": "22.01.2022",
            "chapter_number": "4"
        },
        "5": {
            "text": "****5****So vergingen ein paar Tage. Ich war tags\u00fcber die meiste Zeit mit der grauen Mieze zusammen. Ihre N\u00e4he tat mir gut, denn so hatte ich das Gef\u00fchl, nicht ganz allein auf der Welt zu ein. Au\u00dferdem lernte ich eine Menge Dinge von ihr, die man als \u201ealleinstehende\u201c Katze wissen \u0001 \u0002 einem der darauffolgenden Abende nahm mich die graue Mieze mit auf das gro\u00dfe Dach des Hauses, das sie \u201eMusikschule\u201c nannte.\u201eEs ist Vollmondnacht. Heute wirst du erleben, was es hei\u00dft, echte Musik zu machen\u201c, verriet sie mir, w\u00e4hrend wir durch mein offenes Kellerfenster in die Schule kletterten und, nachdem wir viele Treppen hinaufgestiegen waren, durch ein anderes Fenster ganz hinauf auf den Dachfirst \u0001 \u0002 f\u00fcr ein Ausblick!Der Vollmond hing honiggelb und kugelrund wie ein riesiger Spielball in den B\u00e4umen und die Sterne glitzerten wundersch\u00f6n am n\u00e4chtlichen Himmel, als wir uns im Schatten des dicken Schornsteins \u0001 \u0002 unter uns schl\u00e4ngelte sich die breite Stra\u00dfe durch die zahlreichen kleineren H\u00e4user. Dort fuhren zahlreiche Autos, und ab und zu tobte auch eines der furchterregenden Ungeheuer mit den riesigen R\u00e4dern da entlang. Aber hier oben f\u00fchlte ich mich sicher und hatte keine Angst vor ihnen. \u201eUnd wann singen wir?\u201c, fragte ich, nachdem wir eine Weile schweigend beieinandergesessen hatten.\u201eWir warten bis alle anderen da sind.\u201c\u201eWelche anderen?\u201c\u201eEs kommen noch mindestens zwei oder drei andere Katzen und der Kater Moritz. Er ist der Boss von unserem Gesangsverein. Wir beginnen erst, wenn er da ist\u201c, belehrte mich die graue Mieze. \u201eUnd vergiss nicht, die fremden Katzen mit einem h\u00f6flichen Fauchen zu begr\u00fc\u00dfen. Das geh\u00f6rt sich so. Ach ja, und fang blo\u00df nicht an zu singen, bevor der Boss dich dazu auffordert.\u201cIch hatte keine Ahnung, wie man andere Katzen richtig begr\u00fc\u00dfte. Bis auf einen fast verlorenen Ringkampf mit Nachbars Hanni hatte ich noch keinen nennenswerten Kontakt zu fremden Artgenossen gehabt. Der Kampf damals hatte mir ein ramponiertes Ohr, Hannis Respekt und eine Feindschaft f\u00fcrs Leben eingebracht. Trotzdem versuchte ich mir alles zu merken, was die graue Mieze mir geraten hatte und fauchte jedes Mal derart standesgem\u00e4\u00df zur Begr\u00fc\u00dfung, dass ich fast vom Dachfirst \u0001 \u0002 anderen fauchten zur\u00fcck und schienen meine Anwesenheit damit zu \u0001 \u0002 Weile darauf erschien Moritz, ein stattlicher schwarzer Kater. Keiner hatte gesehen, wo er so pl\u00f6tzlich herkam. Majest\u00e4tisch schritt er auf dem Dach entlang und lie\u00df sich mitten zwischen uns nieder. Sofort schienen alle in Ehrfurcht zu erstarren. Ich hielt es f\u00fcr ratsam, ihn nicht anzufauchen, denn er sah aus, als w\u00fcrde er keinen Spa\u00df \u0001 \u0002 blickte uns der Reihe nach pr\u00fcfend an und blinzelte dann einer der anwesenden Katzen zu.\u201eFang an!\u201cSie jaulte los als ginge es um ihr Leben.\u201eGut\u201c, kommentierte der Boss nach einer Weile und wandte sich an die n\u00e4chste S\u00e4ngerin. \u201eJetzt du!\u201cAls ich endlich an der Reihe war, sang ich so laut ich konnte.\u201eEin Schnurrbarthaar tiefer, Kleine, und wenn m\u00f6glich noch etwas lauter!\u201c, kommentierte Moritz meinen \u0001 \u0002, das konnte er haben. Ich sang so laut, dass ich die Augen schlie\u00dfen musste. Mein Lied erz\u00e4hlte von Abschied, von Sehnsucht und von meiner verlorenen Familie. Kurz, ich sang meinen ganzen Herzschmerz \u0001 \u0002 war es wohl in Ordnung, denn Kater Moritz unterbrach mich nicht. Mein Klagegesang schien nicht nur ihm zu gefallen, denn kurz darauf stimmten alle anderen mit ein. Unser mehrstimmiger Chor klang laut und wundersch\u00f6n. So sch\u00f6n, dass schr\u00e4g gegen\u00fcber pl\u00f6tzlich ein Fenster aufgerissen \u0001 \u0002 wir wussten, wie uns geschah, landete ein riesiger Pantoffel polternd und furchteinfl\u00f6\u00dfend mitten zwischen uns auf dem Dach. Zu Tode erschrocken stoben wir auseinander. Fast w\u00e4re ich vom Dach gerollt. Ich konnte mich gerade noch halten und plumpste linkisch durch das Dachfenster, durch das wir vorhin eingestiegen waren. Wie von wilden D\u00e4monen gejagt rannte ich die Treppen hinunter in mein Kellerversteck. Dort verharrte ich eine Weile, bis sich mein wild klopfendes Herz einigerma\u00dfen beruhigt hatte. Erst viel sp\u00e4ter wagte ich mich vorsichtig hinaus, um nach der grauen Mieze Ausschau zu halten. Sie war zwar nirgends zu sehen, daf\u00fcr aber deutlich zu \u0001 \u0002 lief \u00fcber den Schulhof und sp\u00e4hte nach oben zum Dach. Und da sah ich \u0001 \u0002 sa\u00df Kopf an Kopf mit Kater Moritz auf dem Dachfirst und sang mit ihm gemeinsam einen wundersch\u00f6nen zweistimmigen Kanon. Die beiden sahen aus wie ein verliebtes Paar und schienen die Welt um sich herum \u00fcber ihrem Gesang v\u00f6llig vergessen zu \u0001 \u0002 Bewunderung setzte mich nieder und lauschte \u0001 \u0002 ich sch\u00e4mte mich auch ein klein wenig, denn ich w\u00e4re wirklich gern so mutig gewesen wie die graue Mieze. Stattdessen war ich weggerannt und hatte mich versteckt. War ich wirklich so ein dummes, verw\u00f6hntes Kuschelk\u00e4tzchen?Na wennschon. Ich wollte gar nichts anderes sein. Ich wollte einfach nur nach Hause. Zur\u00fcck zu meiner \u0001 \u0002 \u00fcbermannte mich die M\u00fcdigkeit und ich trottete in mein Kellerst\u00fcbchen, wo ich mich allein und einsam im Herzen auf der alten Decke zusammenrollte und einschlief.",
            "wordcount": "822",
            "chapter_release": "26.01.2022",
            "chapter_number": "5"
        },
        "6": {
            "text": "*****6*****Am n\u00e4chsten Tag wartete ich vergebens auf die graue Mieze. Ich suchte sie \u00fcberall, doch ohne Erfolg. Ich lief sogar zu ihrem Bretterverschlag, bei dem ich sie zum ersten Mal getroffen hatte, doch die Behausung war \u0001 \u0002 mauzend schlich ich ums Haus, aber nirgends entdeckte ich eine Spur von meiner neuen \u0001 \u0002 setzte ich mich auf den Schulhof und wartete, doch sie tauchte nicht auf. Als die Pause begann und die Kinder l\u00e4rmend auf den Hof gest\u00fcrmt kamen, verzog ich mich schnell in mein \u0001 \u0002 konnte die graue Mieze nur geblieben sein?Ich wusste keine Antwort. Sp\u00e4ter schlich ich zu dem Teller hinter den M\u00fclltonnen. Er war gut gef\u00fcllt und ich fra\u00df mit gro\u00dfem Appetit, lie\u00df jedoch etwas f\u00fcr meine Freundin \u00fcbrig, falls sie doch noch auftauchen \u0001 \u0002 die graue Mieze blieb spurlos verschwunden. Auch am n\u00e4chsten und \u00fcbern\u00e4chsten Tag entdeckte ich kein Lebenszeichen von ihr. Traurig schlich ich ums Haus, lief mehrmals zum Feldrand und weiter bis zum Teich. Dort versuchte ich noch einmal einen Fisch zu fangen. So, wie sie es mir gezeigt hatte: Ducken\u2026 Muskeln anspannen\u2026 im richtigen Moment mit der Pfote zuhauen und den Fisch aus dem Wasser werfen \u2026Ich erschrak mich fast zu Tode, als ich pl\u00f6tzlich so einen Fisch erwischte! Er flog aus dem Teich und landete dicht am Ufer. Wow\u2026 ich hatte es geschafft! Ich hatte soeben meinen allerersten Fisch gefangen!Meine Freude und \u00dcberraschung war so gro\u00df, dass ich regungslos dasa\u00df und fasziniert den wild zappelnden Fisch beobachtete, wie er sich St\u00fcck f\u00fcr St\u00fcck zur\u00fcck zum Wasser wand, schlie\u00dflich wieder in den Teich eintauchte und blitzschnell davonschwamm. Na gut, die Beute war futsch, aber immerhin, ich hatte zum ersten Mal in meinem jungen Katzenleben einen richtigen Fisch gefangen und war megastolz auf meinen Erfolg. Hoch erhobenen Hauptes schritt ich zur\u00fcck zur Schule. Wie gern h\u00e4tte ich der grauen Mieze von meinem Jagdgl\u00fcck erz\u00e4hlt, doch noch immer fehlte von ihr jede Spur\u2026***So vergingen viele Tage und Wochen. Ich hatte keine Ahnung, wie viele es waren, denn ich fristete hier allein mein Dasein, schlief im Kellerversteck, \u00fcbte am Feldrand das M\u00e4usefangen und labte mich an dem Teller hinter den M\u00fclltonnen, den die unbekannte Frau jeden Tag bereitwillig f\u00fcr mich \u0001 \u0002 hatte ich jegliches Zeitgef\u00fchl \u0001 \u0002 lag ich abends in meinem Versteck und dachte an meine Familie, doch ich hatte das ungute Gef\u00fchl, als w\u00fcrde die Erinnerung an sie langsam in meinem Kopf \u0001 \u0002 Morgens wurde ich durch ein eigenartiges lautes Ger\u00e4usch \u0001 \u0002 war, als ob die Erde \u0001 \u0002 Tode erschrocken sprang ich auf und wollte durch mein Fenster ins Freie fl\u00fcchten, als mir klar wurde, dass das gr\u00e4ssliche Ger\u00e4usch genau von dort kam. Fremde M\u00e4nner in blauen Anz\u00fcgen h\u00e4mmerten und bohrten an der Wand meines Versteckes herum und veranstalteten diesen unertr\u00e4glichen \u0001 \u0002 verunsichert flitzte ich in die andere Richtung. Zum Gl\u00fcck erinnerte ich mich an jenen Abend, als ich mit der grauen Mieze durch den Kellergang zur Treppe gelaufen war, die zum Dach \u0001 \u0002 musste ich wohl den richtigen Aufgang verpasst haben, denn pl\u00f6tzlich befand ich mich in einem langen Gang mit vielen T\u00fcren. Im selben Augenblick erklang die Klingel, die ich unten in meinem Versteck schon so oft aus der Ferne geh\u00f6rt hatte. Diesmal schallte sie so laut, dass mir die Ohren \u0001 \u0002 sp\u00e4ter \u00f6ffneten sich die T\u00fcren. Unz\u00e4hlige Kinderf\u00fc\u00dfe rannten kreuz und quer \u00fcber den Flur. Ich duckte mich \u00e4ngstlich, als auch schon von irgendwo her ein lauter Schrei ert\u00f6nte:\u201eSchaut mal! Eine Katze!\u201cImnu war ich umzingelt. Panisch dr\u00fcckte ich mich in die Ecke, doch sie kamen immer n\u00e4her.\u201eIst die s\u00fc\u00df!\u201c\u201eWo kommt die denn her?\u201c\u201eDie hat sich verlaufen!\u201c\u201eKomm her, kleine Miez!\u201cUnd schon griffen H\u00e4nde nach mir und versuchten mich hochzuheben. Ein Junge mit feuerroten Haaren dr\u00e4ngte die anderen beiseite.\u201eLasst mich das machen, ich kenne mich mit Katzen aus\u201c, h\u00f6rte ich ihn sagen, und schon hatte er mich mit festem Griff im Genick gepackt. Ich versuchte verzweifelt mich zu wehren, fuhr die Krallen aus und strampelte wie wild mit den Hinterpfoten, doch ich hatte keine Chance. Der Rotkopf hob mich hoch und begutachtete mich ungeachtet meines lautstarken Protestes ungeniert von allen Seiten.\u201eEine Schildpatt-Katze\u201c, stellte er fachm\u00e4nnisch fest. \u201eDas sind Gl\u00fcckskatzen. Die nehme ich mit.\u201c\u201eDas wirst du sch\u00f6n sein lassen\u201c, erklang die energische Stimme einer fremden Frau, die pl\u00f6tzlich hinter der Kinderschar aufgetaucht war. \u201eHier werden keine Katzen mitgenommen.\u201c\u201eAber die hat sich verlaufen, die geh\u00f6rt niemandem\u201c, widersprach der Rotkopf und hielt mich immer noch am Genick. Ich schrie und zappelte wie am \u0001 \u0002 Frau griff nach mir und nahm mich besch\u00fctzend in den Arm.\u201eSchaut nur, sie zittert vor Angst\u201c sagte sie und streichelte mir liebevoll \u00fcbers Fell. \u201eVielleicht geh\u00f6rt sie ja doch jemandem. Wir sollten sie schnell hinausbringen, damit sie wieder nach Hause findet.\u201cSie trug mich die Treppe hinunter, \u00f6ffnete eine T\u00fcr und lie\u00df mich hinaus. Ich rannte los, ohne mich umzusehen. Nur weg, weit weg! Niemand sollte mich je wieder so grob im Genick packen!Erst am Feldrand hielt ich an. Ich verdr\u00fcckte mich ins hohe Gras und blieb dort hocken. Weder der freche Spatz, der st\u00e4ndig um mich herumflatterte und tschilpte, als s\u00e4\u00dfe ich ausgerechnet auf seinem Lieblingsplatz, noch der bunte Schmetterling, der auf einer Bl\u00fcte schaukelnd verweilte und zu mir her\u00fcbersah, konnten meinen Jagdtrieb anfachen. Ich war einfach erledigt und der Schreck sa\u00df mir noch immer in allen Gliedern. Erst nachdem es dunkel war, wagte ich mich langsam wieder vor. Inzwischen hatte es zu regnen \u0001 \u0002 lief schnurstracks zu meinem Versteck und wollte gerade zum Fenster hineinklettern, als mich der n\u00e4chste Schock erwartete:Das Fenster war neu, und was noch schlimmer war, es war zu!!!Hilflos lief ich auf und ab und wusste nicht, was ich tun sollte. Ganz sicher waren das die fremden M\u00e4nner gewesen, die sich heute Morgen mit viel Get\u00f6se an der Hauswand zu schaffen gemacht \u0001 \u0002 sollte ich jetzt in mein Versteck kommen?Mein Fell war bereits v\u00f6llig durchn\u00e4sst, als mir der alte Bretterverschlag von der grauen Mieze einfiel. Falls sie nicht da war, konnte ich dort vielleicht\u2026?So schnell mich meine Pfoten trugen rannte ich los.",
            "wordcount": "1.032",
            "chapter_release": "29.01.2022",
            "chapter_number": "6"
        },
        "7": {
            "text": "Hallo ihr \u0001 \u0002 Sternchen, zw\u00f6lf Favoriteneintr\u00e4ge, \u00fcber 500 Klicks und so viele supernette Reviews - ihr seid die Besten!Ich freue mich riesig, dass Malis Geschichte so gut ankommt!Ein ganz besonderes Dankesch\u00f6n an die liebe Julirot und Net Sparrow f\u00fcr die tollen Buchr\u00fccken, die ihr Mali und mir gewidmet habt. Herzlichen Dank!Eure Jeany*****7*****V\u00f6llig durchn\u00e4sst und am Ende meiner Kr\u00e4fte n\u00e4herte ich mich auf leisen Pfoten dem verwitterten Holzverschlag und sp\u00e4hte vorsichtig hinein. Er war leer. Die graue Mieze war nicht da. In meine Erleichterung dar\u00fcber, ein trockenes Nachtlager zu haben, mischte sich deutliche Entt\u00e4uschung, denn insgeheim hatte ich doch auf ein Wiedersehen mit ihr \u0001 \u0002 vor K\u00e4lte kroch ich in den Verschlag und begann mich ausgiebig zu putzen. Ich putzte so lange, bis mein Fell einigerma\u00dfen trocken war. Dann rollte ich mich ersch\u00f6pft zusammen, legte meinen Kopf auf die Pfoten und schloss die Augen. Was f\u00fcr ein furchtbarer Tag!Zu allem Ungl\u00fcck meldete sich nun auch lautstark mein hungriger Magen, denn ich hatte den ganzen Tag noch nichts gefressen. Gerne w\u00e4re ich noch einmal zu den M\u00fcllk\u00fcbeln geschlichen, hinter denen f\u00fcr gew\u00f6hnlich unser Teller mit dem Futter stand, doch ich war einfach zu schwach. Also versuchte ich den knurrenden Magen zu ignorieren und schlief irgendwann ersch\u00f6pft \u0001 \u0002 ich am n\u00e4chsten Morgen erwachte, regnete es immer noch. Der Regen trommelte auf den Verschlag und \u00fcberall waren Pf\u00fctzen. Aber ich fror nicht mehr. Im Gegenteil, mir war ungew\u00f6hnlich hei\u00df. Ich rappelte mich auf und tappte auf unsicheren, schweren Pfoten nach drau\u00dfen. Alles um mich herum schwankte und wackelte. Was war denn nur mit mir? Vielleicht sollte ich etwas fressen, damit ich wieder zu Kr\u00e4ften kam. Also wankte ich los, im str\u00f6menden Regen, in Richtung der M\u00fclltonnen. Imnu war mein Fell wieder v\u00f6llig durchn\u00e4sst, aber ich sp\u00fcrte es kaum. Ich hatte M\u00fche, meinen Weg zu finden, denn die Welt war heute irgendwie wackelig, und ich hatte gro\u00dfe M\u00fche, vorw\u00e4rts zu \u0001 \u0002 ich schlie\u00dflich bei den Tonnen ankam, stand da kein Teller. Fassungslos sah ich mich um. Das war einfach zu viel! Ich verzog mich unter einen winzigen Mauervorsprung, kauerte mich an die kalte Wand und begann kl\u00e4glich zu mauzen.\u201eNa, wen haben wir denn da?\u201c, h\u00f6rte ich pl\u00f6tzlich wie von Ferne eine helle Stimme. Zwei warme H\u00e4nde griffen nach mir und hoben mich hoch. Ich war zu schwach, um mich zu wehren, aber der Griff war auch nicht so fest wie gestern bei dem wilden Jungen. Nein, diese H\u00e4nde waren z\u00e4rtlich und vorsichtig, und eh ich mich versah, lag ich im Arm der Frau, die mich gestern vor der Kinderschar gerettet hatte. Pr\u00fcfend betrachtete sie mich. \u201eDu bist ja ganz nass, Kleines\u201c, stellte sie besorgt fest und legte f\u00fcrsorglich ihre warme Jacke um mich, bevor sie mit mir zu dem Haus gegen\u00fcber ging. Dort angekommen nahm sie mich mit in ein warmes Zimmer, wo es angenehm duftete. Sie setzte mich behutsam auf den Boden und stellte mir einen Teller mit leckerem Futter hin. Ich schnupperte daran, aber irgendwie versp\u00fcrte ich keinen Appetit mehr. Mir war so furchtbar hei\u00df. Trotzdem zitterte ich am ganzen K\u00f6rper und meine Pfoten waren schwer wie Blei und schienen mich gar nicht mehr tragen zu wollen.\u201eDu armes K\u00e4tzchen\u201c, sagte die Frau und streichelte meinen Kopf. \u201eIch f\u00fcrchte, du hast dich erk\u00e4ltet.\u201cWie dem auch sei, erk\u00e4ltet oder nicht, als sie mir eine Decke hinlegte, kletterte ich schwerf\u00e4llig darauf, legte mich nieder und schlief sofort ersch\u00f6pft ein. Als ich erwachte, befand ich mich in einem K\u00f6rbchen, das um mich herum vergittert war. Das K\u00f6rbchen stand auf der R\u00fcckbank eines Autos. Ich erinnerte mich vage daran, dass meine Familie mich auch manchmal mit so einem K\u00f6rbchen zum Tierarzt gefahren hatte. Diese Fahrten waren f\u00fcr mich nicht angenehm, denn ich wollte nicht zum Tierdoktor, weil dieser mich dann meistens mit irgendeiner spitzen Nadel \u0001 \u0002 dr\u00fcckte meine Nase an die Gitterst\u00e4be und begann jammernd zu protestieren, was jedoch auf Grund meiner Schw\u00e4che selbst in meinen Ohren nicht sehr \u00fcberzeugend klang.\u201eAlles gut, meine Kleine\u201c, klang die Stimme der fremden Frau an mein Ohr. \u201eWir machen dich ganz schnell wieder gesund.\u201cWIR ? Wer zum Katzengeier war WIR ? Au\u00dferdem war ich gar nicht krank. Oder doch? Na ja, wenn ich ehrlich war, f\u00fchlte ich mich wirklich ziemlich elend. Also ergab ich mich meinem Schicksal und harrte der Dinge, die da auf mich zukommen w\u00fcrden.",
            "wordcount": "730",
            "chapter_release": "01.02.2022",
            "chapter_number": "7"
        },
        "8": {
            "text": "Meine \u0001 \u0002 nun das letzte Kapitel meiner \u201eMali\u201c-Geschichte. Zumindest das letzte, das sie uns aus ihrer Sicht \u0001 \u0002 folgt morgen noch ein kleiner Epilog aus meiner Sicht, der einige Erkl\u00e4rungen liefern wird, wie Mali wieder nach Hause kam und wo es sie hin verschlagen \u0001 \u0002 dieser Stelle auch ein ganz herzliches Dankesch\u00f6n an die liebe Monama f\u00fcr den tollen Buchr\u00fccken! Ich freue mich wirklich \u0001 \u0002 nun viel Spa\u00df beim Lesen!*****8*****Die Fahrt dauerte nicht lange, und ehe ich mich versah, sa\u00df ich auf dem Behandlungstisch eines mir unbekannten, wei\u00dfgekleideten Herrn, der mir gut zuredete und mich streichelte, bevor er lange mit einem kleinen runden Metallding an mir herumtastete. Das andere Ende von dem Metallding steckte in seinem Ohr. Er lauschte, nickte, tastete an einer anderen Stelle meiner Brust und nickte dann erneut. Dann sahen wir uns beide lange in die Augen, bevor er mir zublinzelte, was mich einigerma\u00dfen beruhigte. Vielleicht musste ich ja doch noch nicht sterben?\u201eAlles halb so schlimm\u201c, meinte der vermeintliche fremde Tierdoktor, halb zu mir, halb zu meiner Begleiterin gewandt. \u201eEine kleine Erk\u00e4ltung. Das bekommen wir schnell wieder hin.\u201cErleichtert streckte ich mich auf dem Behandlungstisch aus, doch ich hatte mich zu fr\u00fch gefreut, denn bevor ich wusste, wie mir geschah, hatte der Mensch in Wei\u00df mich am Genick gepackt und mich doch tats\u00e4chlich in die Seite \u0001 \u0002! Ich fauchte ihn zutiefst emp\u00f6rt an, aber er lachte nur freundlich und streichelte mich vers\u00f6hnlich.\u201eAlles schon vorbei, junge Dame. Kein Grund, sich aufzuregen.\u201cNa, von wegen...W\u00e4hrend er mich nun liebevoll im Genick graulte, erz\u00e4hlte ihm die Frau, unter welchen Umst\u00e4nden sie mich gefunden hatte:\u201eIch wohne gleich gegen\u00fcber der Musikschule und arbeite dort als Lehrerin. Seit Wochen habe ich jeden Tag eine graue Katze auf dem Schulhof gesehen, doch sie war sehr misstrauisch und lie\u00df mich nicht an sich heran. Ich arbeite ehrenamtlich im Tierschutzverein und achte auf streunende Tiere. Also habe ich ihr regelm\u00e4\u00dfig Futter hingestellt, um ihr Vertrauen zu gewinnen. Seit einer ganzen Weile ist sie jedoch verschwunden, aber daf\u00fcr ist diese Kleine hier immer wieder aufgetaucht.\u201c\u201eVielleicht eine Katze aus der Nachbarschaft?\u201c, mutma\u00dfte der \u0001 \u0002 Frau sch\u00fcttelte den Kopf.\u201eDas w\u00fcrde ich wissen, wir Nachbarn kennen einander und ich habe auch diesbez\u00fcglich nachgefragt. Nein, keine Ahnung, wo die Katze pl\u00f6tzlich herkam. Ich w\u00fcrde sie ja behalten, aber vielleicht hat sie einen Chip und geh\u00f6rt jemandem, der sie vermisst.\u201cDer Tierdoktor nickte.\u201eDann schauen wir mal nach.\u201c Seine Finger, die gerade meinen Nacken so beruhigend graulten, verharrten einen Augenblick und suchten dann gezielt nach einer Stelle hinter meinem linken Ohr. \u201eSieh mal einer an! Was haben wir denn da?\u201cIch horchte \u0001 \u0002 meinte er damit? Hatte ich mir etwa einen Floh eingefangen?\u201eWir haben Gl\u00fcck, das K\u00e4tzchen hat tats\u00e4chlich einen Chip\u201c, best\u00e4tigte der Tierarzt die Vermutung der Frau. \u201eIch werde ihn auslesen, dann wissen wir mehr.\u201c Er nahm ein Ger\u00e4t vom Schreibtisch, das fast so aussah wie das Ding, das meine Familie immer zum \u00d6ffnen von Flaschen benutzte. Kaum gr\u00f6\u00dfer als meine Pfote und silbern gl\u00e4nzend. Der Doktor drehte kurz daran herum und hielt mir das Ger\u00e4t an besagte Stelle im Genick. Instinktiv zog ich den Kopf ein, aber nichts Schlimmes geschah. Nur ein leises Piepsen war zu h\u00f6ren, dann war der Spuk vorbei.\u201eNa also, da haben wir schon ein Ergebnis. Die junge Dame ist bei TASSO registriert\u201c, sagte der Doktor nach einem Blick auf das piepsende Ger\u00e4t. \u201eNun d\u00fcrfte es kein Problem mehr sein, den Besitzer zu ermitteln.\u201c Er streichelte mir noch einmal liebevoll \u00fcber den Kopf, worauf ich endg\u00fcltig beschloss, ihm den Pieks von vorhin nicht l\u00e4nger nachzutragen. \u201eM\u00f6chten Sie selbst bei TASSO anrufen, oder soll ich das f\u00fcr Sie tun?\u201c, wandte sich der Doktor noch einmal an meine Finderin.\u201eIch werde dort anrufen\u201c, entschied die Frau mit einem \u00fcberzeugten Nicken und setzte mich dann vorsichtig zur\u00fcck in den Korb. \u201eNun werden wir bald wissen, wo du zu Hause bist, meine Kleine.\u201cDie verabreichte Medizin schien inzwischen ihre Wirkung zu tun, denn ich f\u00fchlte mich schon sehr viel besser. Inzwischen war ich auch ganz sicher, dass von der Frau keine Gefahr f\u00fcr mich ausging. Sie war wirklich lieb zu mir. Entspannt rollte ich mich in dem K\u00f6rbchen zusammen und schlief noch w\u00e4hrend der Heimfahrt \u0001 \u0002 ich aufwachte, blickten mich mehrere Augenpaare neugierig an. Die Frau, ein fremder Mann und zwei halbw\u00fcchsige Kinder knieten vor dem K\u00f6rbchen, in welchem ich lag und fl\u00fcsterten aufgeregt miteinander.\u201eSie ist wach\u201c, sagte der Mann und streckte seine Hand nach mir aus. Entsetzt wich ich zur\u00fcck und fauchte ihn warnend an.\u201eVorsicht\u201c, mahnte die Frau mit sanfter Stimme und l\u00e4chelte mich an. \u201eLass ihr Zeit, sie kennt dich ja noch nicht.\u201cStimmt genau, lass mir Zeit! Die Frau durfte mich anfassen, schlie\u00dflich hatte sie mich gerettet, als es mir schlecht ging. Sie nahm mich aus dem Korb und begann liebevoll mein Fell zu streicheln. \u201eMali\u201c, sagte sie leise und sah mich dabei bedeutungsvoll \u0001 \u0002???Was bedeutete das? Warum kam mir das Wort so bekannt vor?Mali...Hatte mich meine Familie nicht immer so genannt? MALI !!! Nat\u00fcrlich! Das war mein Name!Ein wohliges Grummeln stieg in meinem Inneren empor und entlud sich in einem freudigen Schnurren.\u201eJa, meine Kleine, da freust du dich\u201c, sagte die Frau und sah mich dann etwas nachdenklich an. \u201eDein Zuhause ist ziemlich weit weg. Wie bist du blo\u00df bis hierhergekommen? Unfassbar!\u201cIch h\u00e4tte es ihr so gern erz\u00e4hlt, aber das war ja nicht m\u00f6glich. Und bei der Gelegenheit h\u00e4tte ich sie auch gern gebeten, weiter nach der grauen Mieze Ausschau zu halten, aber auch das war mir nicht verg\u00f6nnt. Die Zweibeiner\u2026 \u00e4hm, die Menschen verstehen eine Menge Dinge, aber die Katzensprache verstehen sie leider nicht.\u201eDann werde ich jetzt mal deine Familie anrufen, kleine Mali\u201c, sagte die Frau und griff nach dem Telefon. \u201eIch bin sicher, sie werden sich freuen, von dir zu h\u00f6ren\u2026\u201c**********Anmerkung:Liest ein Tierarzt einen Chip aus, so erf\u00e4hrt er dadurch nur, bei welchem Verein das Tier registriert wurde. Die Daten des Halters werden aus Gr\u00fcnden des Datenschutzes nicht genannt. Also kann sich entweder der Tierarzt oder derjenige, der das Tier gefunden hat, telefonisch beim Verein (in dem Fall TASSO) melden und erf\u00e4hrt dann, wie man weiterverfahren kann. Entweder hat der Halter des Tieres seine Daten freigegeben und kann dann pers\u00f6nlich vom Finder kontaktiert werden, oder die \u00dcbergabe des Tieres wird anonym \u00fcber den Verein abgewickelt. In unserem Fall bekam die Lehrerin von TASSO den Namen und die dort hinterlegten Daten Malis, sowie Adresse und Telefonnummer ihrer Katzenmama, worauf sie pers\u00f6nlich dort \u0001 \u0002 - wie schon erw\u00e4hnt - folgt morgen noch ein kleiner Epilog.",
            "wordcount": "1.109",
            "chapter_release": "03.02.2022",
            "chapter_number": "8"
        },
        "9": {
            "text": "***EPILOG***Jeany:\u201eSchau mal, die sieht aus wie unsere Mali.\u201c Gedankenverloren stand meine Tochter vor einem Plakat der Zoohandlung im Einkaufspark. Es war Anfang Dezember und wir waren beide unterwegs, um ein paar Weihnachtseink\u00e4ufe zu \u0001 \u0002 trat neben sie und legte ihr meine Hand auf die Schulter.\u201eDu hast recht, das ist auch so ein h\u00fcbsches dreifarbiges Gl\u00fccksk\u00e4tzchen.\u201c\u201eAber Malis Gesicht war besonders gezeichnet. Ich w\u00fcrde sie aus hundert anderen erkennen\u201c, erwiderte sie und ich sah, wie so oft in letzter Zeit, die Traurigkeit in ihren Augen. Mali, die einj\u00e4hrige Katze meiner Tochter und ihrer Familie war seit nunmehr fast zehn Wochen spurlos verschwunden. Sie hatten sie \u00fcberall gesucht, Flyer gedruckt und verteilt, bei allen Nachbarn nachgefragt und diese gebeten, in ihren Kellern und Garagen nachzuschauen. Und sie hatten immer wieder gehofft, ihr schmerzlich vermisstes K\u00e4tzchen w\u00fcrde eines Tages pl\u00f6tzlich wieder auftauchen. Allerdings wusste meine Tochter aus ihrer langj\u00e4hrigen Erfahrung als Tierarzt-Assistentin, dass verschwundene Katzen \u00e4u\u00dferst selten nach so langem Verschwinden wieder unversehrt zur\u00fcckkehrten. Trotzdem blieb die \u0001 \u0002 die Wochen vergingen und Mali kam nicht wieder. Inzwischen glaubten wir, ehrlich gesagt, nicht mehr daran, sie wiederzusehen. Wir waren alle unsagbar traurig dar\u00fcber, denn wir kannten und liebten Mali, seit meine Tochter die Kleine als Katzenbaby aus dem Tierheim geholt hatte. Mein Enkel Jonas hing sehr an seinem K\u00e4tzchen. Unz\u00e4hlige Male war er mit ihr im Arm eingeschlafen. Mali hatte ihn nie gekratzt oder angefaucht, sie war pflegeleicht und sehr gesellig gewesen. Er vermisste sie furchtbar und wollte auch langer Zeit des Wartens und Bangens nicht \u00fcber eine neue Fellnase nachdenken. Er wollte seine Mali. Aber leider gibt es nun einmal Dinge im Leben, die sind nicht zu \u00e4ndern, auch wenn sie noch so wehtun. Und so musste Jonas in den vergangenen Wochen lernen, dass weder Mama noch Papa Wunder vollbringen und Mali einfach wieder herzaubern konnten. Das war eine wirklich schmerzhafte Erfahrung f\u00fcr den \u0001 \u0002 einem Seufzen holte mich meine Tochter aus meinen Gedanken.\u201eIch bef\u00fcrchte, wir m\u00fcssen allm\u00e4hlich akzeptieren, dass sie nicht wiederkommt.\u201c, sagte sie und wandte sich von dem Plakat ab. \u201eNa komm, wir haben noch viel vor.\u201cIn diesem Augenblick klingelte ihr \u0001 \u0002 Blick aufs Display verzog sie das Gesicht. \u201eEine fremde Nummer. Da hat sich sicher nur jemand verw\u00e4hlt\u201c, meinte sie und wollte den unbekannten Anrufer schon wegdr\u00fccken, doch ich hielt sie zur\u00fcck. \u201eGeh ran, so viel Zeit haben wir noch.\u201c\u201eJa bitte?\u201c Meine Tochter hatte das Gespr\u00e4ch angenommen und lauschte angespannt. \u201eJa... richtig, die bin ich. Um was geht es denn?\u201cNach ein paar Sekunden wurden ihre Augen kugelrund, sie griff nach meinem Arm und starrte mich an, als habe sie einen Geist gesehen. Ich hielt unwillk\u00fcrlich die Luft an und wartete gespannt.\u201eWas? Sind Sie ganz sicher?\u201cPl\u00f6tzlich rollte eine Tr\u00e4ne \u00fcber ihr Gesicht.\u201eWas ist denn los?\u201c, fragte ich zutiefst beunruhigt.\u201eSie haben Mali gefunden\u2026\u201c, fl\u00fcsterte sie schluchzend und lauschte weiter gespannt in ihr Handy.\u201eTot\u2026\u201c, schoss mir die traurige Gewissheit durch den Kopf, \u201eOh Gott, sie ist tot.\u201c\u201eSie lebt\u201c, sagte meine Tochter mit vor Aufregung zitternder Stimme, als h\u00e4tte sie meine furchtbaren Gedanken geahnt. Hektisch begann sie mit der freien Hand in ihrer Tasche zu kramen. \u201eMoment, ich suche nur schnell etwas zum Schreiben\u2026\u201cEilig zerrte ich Kugelschreiber und Einkaufszettel aus meiner Umh\u00e4ngetasche und reichte ihr beides, so dass sie schreiben konnte. Sie kritzelte einen Namen und eine Telefonnummer auf den Zettel und nickte dann unter Tr\u00e4nen. \u201eDanke, haben Sie vielen lieben Dank. Ich melde mich bei ihnen, sobald ich wieder zu Hause bin, und dann verabreden wir alles.\u201cAls sie aufgelegt hatte, fiel sie mir um den Hals.\u201eMali lebt!\u201c, wiederholte sie unter \u0001 \u0002 schluckte, denn ich war nah dran, vor Freude mitzuheulen.\u201eErz\u00e4hl\u2026\u201c\u201eEine Frau hat mich angerufen, eine Lehrerin. Sie hat Mali gefunden\u2026 Und sie ist mit ihr zum Tierarzt gefahren, weil Mali sich eine Erk\u00e4ltung eingefangen hat. Der Tierarzt hat den Chip ausgelesen und die Frau hat bei TASSO angerufen. Von denen hat sie meine Telefonnummer bekommen.\u201c\u201eUnglaublich\u2026\u201c Sprachlos sch\u00fcttelte ich den Kopf. \u201eUnd wo ist Mali jetzt? Hier in der N\u00e4he von uns?\u201c\u201eNein. Das wirst du mir jetzt kaum glauben. Sie ist nicht in der N\u00e4he.\u201c Meine Tochter atmete tief durch und sah mich bedeutungsvoll an. \u201eMali ist rund einhundert Kilometer von hier in \u2026 gefunden worden.\u201c**ENDE** Das war meine (teilweise) wahre Geschichte \u00fcber Mali und einen jener seltenen gl\u00fccklichen Zuf\u00e4lle, die uns ab und zu an \u201ekleine Wunder\u201c glauben \u0001 \u0002 war der Teil, in dem ich \u00fcber Malis Abenteuer und \u00fcber die graue Mieze erz\u00e4hlt habe, frei erfunden, denn wir wissen ja nicht, was das K\u00e4tzchen im Einzelnen w\u00e4hrend der zehn Wochen erlebt \u0001 \u0002 wissen nur, was uns die nette Frau, die sie bei sich aufnahm und zum Tierarzt brachte, berichtet \u0001 \u0002 bedanke mich, dass ihr die ganze Zeit mitgefiebert, mitgelitten und manchmal auch \u00fcber Mali geschmunzelt \u0001 \u0002 f\u00fcr eure lieben Kommis, die Sternchen und euer reges \u0001 \u0002 Danke auch f\u00fcr das zehnte Sternchen, das rundet jetzt alles richtig ab! ;-)Ich w\u00fcnsche euch allen ein sch\u00f6nes Wochenende!Eure Jeany\u00a9JeanyEvans 2022",
            "wordcount": "851",
            "chapter_release": "04.02.2022",
            "chapter_number": "9"
        }
    },
    "title": "Wunder geschehen",
    "topic": "unspecified",
    "release": "\n16.01.2022\n\t\t\t\t\t\t",
    "author": "JeanyEvans"
}